language	form	display	sort_key	form_role	source_scope	source_ref	origin	status
oe	ærende	ærende	aerende	comparison_form	override	Germanic/docs/lexeme_reports/model_entries/2252-thousand-þūsend.model.md:47	override	override
oe	ærende	ærende	aerende	comparison_form	explicit_tag	Germanic/docs/lexeme_reports/model_entries/2252-thousand-þūsend.model.md:49	Germanic/docs/lexeme_reports/model_entries/2252-thousand-þūsend.model.md	auto
oe	ærende	ærende	aerende	comparison_form	override	Germanic/docs/lexeme_reports/model_entries/2252-thousand-þūsend.model.md:50	override	override
oe	āsceaf	āsceaf	asceaf	comparison_form	explicit_tag	Germanic/docs/lexeme_reports/model_entries/2184-shove-sċēaf.model.md:32	Germanic/docs/lexeme_reports/model_entries/2184-shove-sċēaf.model.md	auto
oe	bā	bā	ba	comparison_form	explicit_tag	Germanic/docs/lexeme_reports/model_entries/1958-both-bū.model.md:22	Germanic/docs/lexeme_reports/model_entries/1958-both-bū.model.md	auto
oe	bā	bā	ba	comparison_form	explicit_tag	Germanic/docs/lexeme_reports/model_entries/1958-both-bū.model.md:37	Germanic/docs/lexeme_reports/model_entries/1958-both-bū.model.md	auto
oe	bā	bā	ba	comparison_form	explicit_tag	Germanic/docs/lexeme_reports/model_entries/1958-both-bū.model.md:68	Germanic/docs/lexeme_reports/model_entries/1958-both-bū.model.md	auto
oe	bacan	bacan	bacan	evidence_form	explicit_tag	Germanic/docs/lexeme_reports/model_entries/1934-bake-bacan.model.md:21	Germanic/docs/lexeme_reports/model_entries/1934-bake-bacan.model.md	auto
oe	bacan	bacan	bacan	evidence_form	explicit_tag	Germanic/docs/lexeme_reports/model_entries/1934-bake-bacan.model.md:25	Germanic/docs/lexeme_reports/model_entries/1934-bake-bacan.model.md	auto
oe	bacan	bacan	bacan	evidence_form	explicit_tag	Germanic/docs/lexeme_reports/model_entries/1934-bake-bacan.model.md:29	Germanic/docs/lexeme_reports/model_entries/1934-bake-bacan.model.md	auto
oe	bacan	bacan	bacan	target_form	lexical_heading	bake — OE bacan	manifest	auto
oe	bǣm	bǣm	baem	comparison_form	explicit_tag	Germanic/docs/lexeme_reports/model_entries/1958-both-bū.model.md:40	Germanic/docs/lexeme_reports/model_entries/1958-both-bū.model.md	auto
oe	bær	bær	baer	evidence_form	explicit_tag	Germanic/docs/lexeme_reports/model_entries/1949-bier-bǣr.model.md:21	Germanic/docs/lexeme_reports/model_entries/1949-bier-bǣr.model.md	auto
oe	bær	bær	baer	evidence_form	explicit_tag	Germanic/docs/lexeme_reports/model_entries/1949-bier-bǣr.model.md:25	Germanic/docs/lexeme_reports/model_entries/1949-bier-bǣr.model.md	auto
oe	bær	bær	baer	evidence_form	explicit_tag	Germanic/docs/lexeme_reports/model_entries/1949-bier-bǣr.model.md:29	Germanic/docs/lexeme_reports/model_entries/1949-bier-bǣr.model.md	auto
oe	bǣr	bǣr	baer	evidence_form	explicit_tag	Germanic/docs/lexeme_reports/model_entries/1949-bier-bǣr.model.md:25	Germanic/docs/lexeme_reports/model_entries/1949-bier-bǣr.model.md	auto
oe	bǣr	bǣr	baer	evidence_form	explicit_tag	Germanic/docs/lexeme_reports/model_entries/1949-bier-bǣr.model.md:29	Germanic/docs/lexeme_reports/model_entries/1949-bier-bǣr.model.md	auto
oe	bǣr	bǣr	baer	evidence_form	explicit_tag	Germanic/docs/lexeme_reports/model_entries/1949-bier-bǣr.model.md:33	Germanic/docs/lexeme_reports/model_entries/1949-bier-bǣr.model.md	auto
oe	bǣr	bǣr	baer	target_form	lexical_heading	bier — OE bǣr	manifest	auto
oe	ban	ban	ban	comparison_form	explicit_tag	Germanic/docs/lexeme_reports/model_entries/1936-ban-bannes.model.md:42	Germanic/docs/lexeme_reports/model_entries/1936-ban-bannes.model.md	auto
oe	bān	bān	ban	evidence_form	explicit_tag	Germanic/docs/lexeme_reports/model_entries/1954-bone-bān.model.md:21	Germanic/docs/lexeme_reports/model_entries/1954-bone-bān.model.md	auto
oe	bān	bān	ban	evidence_form	explicit_tag	Germanic/docs/lexeme_reports/model_entries/1954-bone-bān.model.md:25	Germanic/docs/lexeme_reports/model_entries/1954-bone-bān.model.md	auto
oe	bān	bān	ban	evidence_form	explicit_tag	Germanic/docs/lexeme_reports/model_entries/1954-bone-bān.model.md:33	Germanic/docs/lexeme_reports/model_entries/1954-bone-bān.model.md	auto
oe	bān	bān	ban	target_form	lexical_heading	bone — OE bān	manifest	auto
oe	bāne	bāne	bane	evidence_form	explicit_tag	Germanic/docs/lexeme_reports/model_entries/1954-bone-bān.model.md:25	Germanic/docs/lexeme_reports/model_entries/1954-bone-bān.model.md	auto
oe	bannes	bannes	bannes	target_form	explicit_tag	Germanic/docs/lexeme_reports/model_entries/1936-ban-bannes.model.md:34	Germanic/docs/lexeme_reports/model_entries/1936-ban-bannes.model.md	auto
oe	bannes	bannes	bannes	target_form	explicit_tag	Germanic/docs/lexeme_reports/model_entries/1936-ban-bannes.model.md:41	Germanic/docs/lexeme_reports/model_entries/1936-ban-bannes.model.md	auto
oe	bannes	bannes	bannes	target_form	explicit_tag	Germanic/docs/lexeme_reports/model_entries/1936-ban-bannes.model.md:53	Germanic/docs/lexeme_reports/model_entries/1936-ban-bannes.model.md	auto
oe	bannes	bannes	bannes	target_form	lexical_heading	ban — OE bannes	manifest	auto
oe	bar	bar	bar	evidence_form	explicit_tag	Germanic/docs/lexeme_reports/model_entries/1949-bier-bǣr.model.md:21	Germanic/docs/lexeme_reports/model_entries/1949-bier-bǣr.model.md	auto
oe	bar	bar	bar	evidence_form	explicit_tag	Germanic/docs/lexeme_reports/model_entries/1949-bier-bǣr.model.md:25	Germanic/docs/lexeme_reports/model_entries/1949-bier-bǣr.model.md	auto
oe	bar	bar	bar	evidence_form	explicit_tag	Germanic/docs/lexeme_reports/model_entries/1949-bier-bǣr.model.md:29	Germanic/docs/lexeme_reports/model_entries/1949-bier-bǣr.model.md	auto
oe	bēag	bēag	beag	evidence_form	explicit_tag	Germanic/docs/lexeme_reports/model_entries/1962-bow-bēag.model.md:30	Germanic/docs/lexeme_reports/model_entries/1962-bow-bēag.model.md	auto
oe	bēag	bēag	beag	evidence_form	explicit_tag	Germanic/docs/lexeme_reports/model_entries/1962-bow-bēag.model.md:36	Germanic/docs/lexeme_reports/model_entries/1962-bow-bēag.model.md	auto
oe	bēag	bēag	beag	evidence_form	explicit_tag	Germanic/docs/lexeme_reports/model_entries/1962-bow-bēag.model.md:42	Germanic/docs/lexeme_reports/model_entries/1962-bow-bēag.model.md	auto
oe	bēag	bēag	beag	evidence_form	explicit_tag	Germanic/docs/lexeme_reports/model_entries/1962-bow-bēag.model.md:48	Germanic/docs/lexeme_reports/model_entries/1962-bow-bēag.model.md	auto
oe	bēag	bēag	beag	evidence_form	explicit_tag	Germanic/docs/lexeme_reports/model_entries/1962-bow-bēag.model.md:65	Germanic/docs/lexeme_reports/model_entries/1962-bow-bēag.model.md	auto
oe	bēag	bēag	beag	evidence_form	explicit_tag	Germanic/docs/lexeme_reports/model_entries/1962-bow-bēag.model.md:69	Germanic/docs/lexeme_reports/model_entries/1962-bow-bēag.model.md	auto
oe	bēag	bēag	beag	target_form	lexical_heading	bow — OE bēag	manifest	auto
oe	bēce	bēce	bece	evidence_form	explicit_tag	Germanic/docs/lexeme_reports/model_entries/1942-beech-bōc.model.md:21	Germanic/docs/lexeme_reports/model_entries/1942-beech-bōc.model.md	auto
oe	bēce	bēce	bece	evidence_form	explicit_tag	Germanic/docs/lexeme_reports/model_entries/1942-beech-bōc.model.md:25	Germanic/docs/lexeme_reports/model_entries/1942-beech-bōc.model.md	auto
oe	bēċe	bēċe	bece	evidence_form	explicit_tag	Germanic/docs/lexeme_reports/model_entries/1942-beech-bōc.model.md:25	Germanic/docs/lexeme_reports/model_entries/1942-beech-bōc.model.md	auto
oe	bēġen	bēġen	begen	comparison_form	explicit_tag	Germanic/docs/lexeme_reports/model_entries/1958-both-bū.model.md:22	Germanic/docs/lexeme_reports/model_entries/1958-both-bū.model.md	auto
oe	bēġen	bēġen	begen	comparison_form	explicit_tag	Germanic/docs/lexeme_reports/model_entries/1958-both-bū.model.md:26	Germanic/docs/lexeme_reports/model_entries/1958-both-bū.model.md	auto
oe	bēġen	bēġen	begen	comparison_form	explicit_tag	Germanic/docs/lexeme_reports/model_entries/1958-both-bū.model.md:30	Germanic/docs/lexeme_reports/model_entries/1958-both-bū.model.md	auto
oe	bēġen	bēġen	begen	comparison_form	explicit_tag	Germanic/docs/lexeme_reports/model_entries/1958-both-bū.model.md:37	Germanic/docs/lexeme_reports/model_entries/1958-both-bū.model.md	auto
oe	bēġen	bēġen	begen	comparison_form	explicit_tag	Germanic/docs/lexeme_reports/model_entries/1958-both-bū.model.md:39	Germanic/docs/lexeme_reports/model_entries/1958-both-bū.model.md	auto
oe	bēġen	bēġen	begen	comparison_form	explicit_tag	Germanic/docs/lexeme_reports/model_entries/1958-both-bū.model.md:44	Germanic/docs/lexeme_reports/model_entries/1958-both-bū.model.md	auto
oe	bēġen	bēġen	begen	comparison_form	explicit_tag	Germanic/docs/lexeme_reports/model_entries/1958-both-bū.model.md:67	Germanic/docs/lexeme_reports/model_entries/1958-both-bū.model.md	auto
oe	be-ginnan	be-ginnan	beginnan	evidence_form	explicit_tag	Germanic/docs/lexeme_reports/model_entries/1943-begin-beġinnan.model.md:25	Germanic/docs/lexeme_reports/model_entries/1943-begin-beġinnan.model.md	auto
oe	beginnan	beginnan	beginnan	evidence_form	explicit_tag	Germanic/docs/lexeme_reports/model_entries/1943-begin-beġinnan.model.md:25	Germanic/docs/lexeme_reports/model_entries/1943-begin-beġinnan.model.md	auto
oe	beġinnan	beġinnan	beginnan	evidence_form	explicit_tag	Germanic/docs/lexeme_reports/model_entries/1943-begin-beġinnan.model.md:25	Germanic/docs/lexeme_reports/model_entries/1943-begin-beġinnan.model.md	auto
oe	beġinnan	beġinnan	beginnan	evidence_form	explicit_tag	Germanic/docs/lexeme_reports/model_entries/1943-begin-beġinnan.model.md:33	Germanic/docs/lexeme_reports/model_entries/1943-begin-beġinnan.model.md	auto
oe	beġinnan	beġinnan	beginnan	target_form	lexical_heading	begin — OE beġinnan	manifest	auto
oe	berġe	berġe	berge	comparison_form	explicit_tag	Germanic/docs/lexeme_reports/model_entries/1946-berry-berġes.model.md:51	Germanic/docs/lexeme_reports/model_entries/1946-berry-berġes.model.md	auto
oe	berġes	berġes	berges	target_form	explicit_tag	Germanic/docs/lexeme_reports/model_entries/1946-berry-berġes.model.md:33	Germanic/docs/lexeme_reports/model_entries/1946-berry-berġes.model.md	auto
oe	berġes	berġes	berges	target_form	explicit_tag	Germanic/docs/lexeme_reports/model_entries/1946-berry-berġes.model.md:40	Germanic/docs/lexeme_reports/model_entries/1946-berry-berġes.model.md	auto
oe	berġes	berġes	berges	target_form	explicit_tag	Germanic/docs/lexeme_reports/model_entries/1946-berry-berġes.model.md:52	Germanic/docs/lexeme_reports/model_entries/1946-berry-berġes.model.md	auto
oe	berġes	berġes	berges	target_form	lexical_heading	berry — OE berġes	manifest	auto
oe	berige	berige	berige	comparison_form	explicit_tag	Germanic/docs/lexeme_reports/model_entries/1946-berry-berġes.model.md:31	Germanic/docs/lexeme_reports/model_entries/1946-berry-berġes.model.md	auto
oe	berige	berige	berige	comparison_form	explicit_tag	Germanic/docs/lexeme_reports/model_entries/1946-berry-berġes.model.md:51	Germanic/docs/lexeme_reports/model_entries/1946-berry-berġes.model.md	auto
oe	bezen	bezen	bezen	comparison_form	explicit_tag	Germanic/docs/lexeme_reports/model_entries/1958-both-bū.model.md:27	Germanic/docs/lexeme_reports/model_entries/1958-both-bū.model.md	auto
oe	biegan	biegan	biegan	comparison_form	explicit_tag	Germanic/docs/lexeme_reports/model_entries/1961-bow-bīeġan.model.md:21	Germanic/docs/lexeme_reports/model_entries/1961-bow-bīeġan.model.md	auto
oe	bīeġan	bīeġan	biegan	target_form	lexical_heading	bow — OE bīeġan	manifest	auto
oe	bigan	bigan	bigan	comparison_form	broad_prose_decision	Germanic/docs/lexeme_reports/model_entries/1961-bow-bīeġan.model.md:25	broad_prose_curated	override
oe	boc	boc	boc	comparison_form	broad_prose_decision	Germanic/docs/lexeme_reports/model_entries/1942-beech-bōc.model.md:21	broad_prose_curated	override
oe	boc	boc	boc	comparison_form	broad_prose_decision	Germanic/docs/lexeme_reports/model_entries/1942-beech-bōc.model.md:25	broad_prose_curated	override
oe	bōc	bōc	boc	target_form	lexical_heading	beech — OE bōc	manifest	auto
oe	bodan	bodan	bodan	comparison_form	explicit_tag	Germanic/docs/lexeme_reports/model_entries/1959-bottom-botm.model.md:34	Germanic/docs/lexeme_reports/model_entries/1959-bottom-botm.model.md	auto
oe	bolt	bolt	bolt	evidence_form	broad_prose_decision	Germanic/docs/lexeme_reports/model_entries/2298-wolf-wulf.model.md:30	broad_prose_curated	override
oe	bora	bora	bora	target_form	explicit_tag	Germanic/docs/lexeme_reports/model_entries/2311-bore-(iptv.2sg)-bora.model.md:58	Germanic/docs/lexeme_reports/model_entries/2311-bore-(iptv.2sg)-bora.model.md	auto
oe	bora	bora	bora	comparison_form	explicit_tag	Germanic/docs/lexeme_reports/model_entries/2312-bore-(3sg)-boraþ.model.md:59	Germanic/docs/lexeme_reports/model_entries/2312-bore-(3sg)-boraþ.model.md	auto
oe	bora	bora	bora	target_form	lexical_heading	bore (iptv.2sg) — OE bora	manifest	auto
oe	Boraþ	Boraþ	borath	comparison_form	explicit_tag	Germanic/docs/lexeme_reports/model_entries/2312-bore-(3sg)-boraþ.model.md:43	Germanic/docs/lexeme_reports/model_entries/2312-bore-(3sg)-boraþ.model.md	auto
oe	boraþ	boraþ	borath	comparison_form	explicit_tag	Germanic/docs/lexeme_reports/model_entries/2311-bore-(iptv.2sg)-bora.model.md:59	Germanic/docs/lexeme_reports/model_entries/2311-bore-(iptv.2sg)-bora.model.md	auto
oe	boraþ	boraþ	borath	comparison_form	explicit_tag	Germanic/docs/lexeme_reports/model_entries/2312-bore-(3sg)-boraþ.model.md:32	Germanic/docs/lexeme_reports/model_entries/2312-bore-(3sg)-boraþ.model.md	auto
oe	boraþ	boraþ	borath	comparison_form	explicit_tag	Germanic/docs/lexeme_reports/model_entries/2312-bore-(3sg)-boraþ.model.md:37	Germanic/docs/lexeme_reports/model_entries/2312-bore-(3sg)-boraþ.model.md	auto
oe	boraþ	boraþ	borath	target_form	explicit_tag	Germanic/docs/lexeme_reports/model_entries/2312-bore-(3sg)-boraþ.model.md:58	Germanic/docs/lexeme_reports/model_entries/2312-bore-(3sg)-boraþ.model.md	auto
oe	boraþ	boraþ	borath	target_form	lexical_heading	bore (3sg) — OE boraþ	manifest	auto
oe	borian	borian	borian	comparison_form	explicit_tag	Germanic/docs/lexeme_reports/model_entries/2311-bore-(iptv.2sg)-bora.model.md:22	Germanic/docs/lexeme_reports/model_entries/2311-bore-(iptv.2sg)-bora.model.md	auto
oe	borian	borian	borian	comparison_form	explicit_tag	Germanic/docs/lexeme_reports/model_entries/2311-bore-(iptv.2sg)-bora.model.md:31	Germanic/docs/lexeme_reports/model_entries/2311-bore-(iptv.2sg)-bora.model.md	auto
oe	borian	borian	borian	comparison_form	explicit_tag	Germanic/docs/lexeme_reports/model_entries/2311-bore-(iptv.2sg)-bora.model.md:57	Germanic/docs/lexeme_reports/model_entries/2311-bore-(iptv.2sg)-bora.model.md	auto
oe	borian	borian	borian	comparison_form	explicit_tag	Germanic/docs/lexeme_reports/model_entries/2312-bore-(3sg)-boraþ.model.md:22	Germanic/docs/lexeme_reports/model_entries/2312-bore-(3sg)-boraþ.model.md	auto
oe	borian	borian	borian	comparison_form	explicit_tag	Germanic/docs/lexeme_reports/model_entries/2312-bore-(3sg)-boraþ.model.md:31	Germanic/docs/lexeme_reports/model_entries/2312-bore-(3sg)-boraþ.model.md	auto
oe	borian	borian	borian	comparison_form	explicit_tag	Germanic/docs/lexeme_reports/model_entries/2312-bore-(3sg)-boraþ.model.md:57	Germanic/docs/lexeme_reports/model_entries/2312-bore-(3sg)-boraþ.model.md	auto
oe	botm	botm	botm	comparison_form	explicit_tag	Germanic/docs/lexeme_reports/model_entries/1959-bottom-botm.model.md:22	Germanic/docs/lexeme_reports/model_entries/1959-bottom-botm.model.md	auto
oe	botm	botm	botm	comparison_form	explicit_tag	Germanic/docs/lexeme_reports/model_entries/1959-bottom-botm.model.md:33	Germanic/docs/lexeme_reports/model_entries/1959-bottom-botm.model.md	auto
oe	botm	botm	botm	comparison_form	explicit_tag	Germanic/docs/lexeme_reports/model_entries/1959-bottom-botm.model.md:34	Germanic/docs/lexeme_reports/model_entries/1959-bottom-botm.model.md	auto
oe	botm	botm	botm	comparison_form	explicit_tag	Germanic/docs/lexeme_reports/model_entries/1959-bottom-botm.model.md:41	Germanic/docs/lexeme_reports/model_entries/1959-bottom-botm.model.md	auto
oe	botm	botm	botm	comparison_form	explicit_tag	Germanic/docs/lexeme_reports/model_entries/2250-thistle-þistles.model.md:37	Germanic/docs/lexeme_reports/model_entries/2250-thistle-þistles.model.md	auto
oe	botm	botm	botm	target_form	lexical_heading	bottom — OE botm	manifest	auto
oe	brand	brand	brand	evidence_form	explicit_tag	Germanic/docs/lexeme_reports/model_entries/1965-brand-brandes.model.md:22	Germanic/docs/lexeme_reports/model_entries/1965-brand-brandes.model.md	auto
oe	brand	brand	brand	evidence_form	explicit_tag	Germanic/docs/lexeme_reports/model_entries/1965-brand-brandes.model.md:31	Germanic/docs/lexeme_reports/model_entries/1965-brand-brandes.model.md	auto
oe	brand	brand	brand	evidence_form	explicit_tag	Germanic/docs/lexeme_reports/model_entries/1965-brand-brandes.model.md:44	Germanic/docs/lexeme_reports/model_entries/1965-brand-brandes.model.md	auto
oe	brand	brand	brand	evidence_form	explicit_tag	Germanic/docs/lexeme_reports/model_entries/1965-brand-brandes.model.md:57	Germanic/docs/lexeme_reports/model_entries/1965-brand-brandes.model.md	auto
oe	brand	brand	brand	evidence_form	explicit_tag	Germanic/docs/lexeme_reports/model_entries/1965-brand-brandes.model.md:61	Germanic/docs/lexeme_reports/model_entries/1965-brand-brandes.model.md	auto
oe	branda	branda	branda	evidence_form	explicit_tag	Germanic/docs/lexeme_reports/model_entries/1965-brand-brandes.model.md:33	Germanic/docs/lexeme_reports/model_entries/1965-brand-brandes.model.md	auto
oe	brandas	brandas	brandas	evidence_form	explicit_tag	Germanic/docs/lexeme_reports/model_entries/1965-brand-brandes.model.md:33	Germanic/docs/lexeme_reports/model_entries/1965-brand-brandes.model.md	auto
oe	brandes	brandes	brandes	evidence_form	explicit_tag	Germanic/docs/lexeme_reports/model_entries/1965-brand-brandes.model.md:35	Germanic/docs/lexeme_reports/model_entries/1965-brand-brandes.model.md	auto
oe	brandes	brandes	brandes	evidence_form	explicit_tag	Germanic/docs/lexeme_reports/model_entries/1965-brand-brandes.model.md:42	Germanic/docs/lexeme_reports/model_entries/1965-brand-brandes.model.md	auto
oe	brandes	brandes	brandes	evidence_form	explicit_tag	Germanic/docs/lexeme_reports/model_entries/1965-brand-brandes.model.md:58	Germanic/docs/lexeme_reports/model_entries/1965-brand-brandes.model.md	auto
oe	brandes	brandes	brandes	evidence_form	explicit_tag	Germanic/docs/lexeme_reports/model_entries/1965-brand-brandes.model.md:61	Germanic/docs/lexeme_reports/model_entries/1965-brand-brandes.model.md	auto
oe	brandes	brandes	brandes	target_form	lexical_heading	brand — OE brandes	manifest	auto
oe	brandum	brandum	brandum	evidence_form	explicit_tag	Germanic/docs/lexeme_reports/model_entries/1965-brand-brandes.model.md:33	Germanic/docs/lexeme_reports/model_entries/1965-brand-brandes.model.md	auto
oe	bréc	bréc	brec	comparison_form	broad_prose_decision	Germanic/docs/lexeme_reports/model_entries/1969-breeches-brēċ.model.md:21	broad_prose_curated	override
oe	brēc	brēc	brec	comparison_form	broad_prose_decision	Germanic/docs/lexeme_reports/model_entries/1969-breeches-brēċ.model.md:25	broad_prose_curated	override
oe	brēċ	brēċ	brec	target_form	lexical_heading	breeches — OE brēċ	manifest	auto
oe	breóst	breóst	breost	comparison_form	explicit_tag	Germanic/docs/lexeme_reports/model_entries/1968-breast-brēost.model.md:34	Germanic/docs/lexeme_reports/model_entries/1968-breast-brēost.model.md	auto
oe	brēost	brēost	breost	target_form	explicit_tag	Germanic/docs/lexeme_reports/model_entries/1968-breast-brēost.model.md:23	Germanic/docs/lexeme_reports/model_entries/1968-breast-brēost.model.md	auto
oe	brēost	brēost	breost	target_form	explicit_tag	Germanic/docs/lexeme_reports/model_entries/1968-breast-brēost.model.md:34	Germanic/docs/lexeme_reports/model_entries/1968-breast-brēost.model.md	auto
oe	brēost	brēost	breost	target_form	explicit_tag	Germanic/docs/lexeme_reports/model_entries/1968-breast-brēost.model.md:40	Germanic/docs/lexeme_reports/model_entries/1968-breast-brēost.model.md	auto
oe	brēost	brēost	breost	target_form	explicit_tag	Germanic/docs/lexeme_reports/model_entries/1968-breast-brēost.model.md:44	Germanic/docs/lexeme_reports/model_entries/1968-breast-brēost.model.md	auto
oe	brēost	brēost	breost	target_form	explicit_tag	Germanic/docs/lexeme_reports/model_entries/1968-breast-brēost.model.md:59	Germanic/docs/lexeme_reports/model_entries/1968-breast-brēost.model.md	auto
oe	brēost	brēost	breost	target_form	explicit_tag	Germanic/docs/lexeme_reports/model_entries/1968-breast-brēost.model.md:61	Germanic/docs/lexeme_reports/model_entries/1968-breast-brēost.model.md	auto
oe	brēost	brēost	breost	target_form	lexical_heading	breast — OE brēost	manifest	auto
oe	broc	broc	broc	comparison_form	broad_prose_decision	Germanic/docs/lexeme_reports/model_entries/1969-breeches-brēċ.model.md:25	broad_prose_curated	override
oe	brōc	brōc	broc	comparison_form	broad_prose_decision	Germanic/docs/lexeme_reports/model_entries/1969-breeches-brēċ.model.md:21	broad_prose_curated	override
oe	brōc	brōc	broc	comparison_form	broad_prose_decision	Germanic/docs/lexeme_reports/model_entries/1969-breeches-brēċ.model.md:25	broad_prose_curated	override
oe	bū	bū	bu	target_form	explicit_tag	Germanic/docs/lexeme_reports/model_entries/1958-both-bū.model.md:23	Germanic/docs/lexeme_reports/model_entries/1958-both-bū.model.md	auto
oe	bū	bū	bu	target_form	explicit_tag	Germanic/docs/lexeme_reports/model_entries/1958-both-bū.model.md:32	Germanic/docs/lexeme_reports/model_entries/1958-both-bū.model.md	auto
oe	bū	bū	bu	target_form	explicit_tag	Germanic/docs/lexeme_reports/model_entries/1958-both-bū.model.md:37	Germanic/docs/lexeme_reports/model_entries/1958-both-bū.model.md	auto
oe	bū	bū	bu	target_form	explicit_tag	Germanic/docs/lexeme_reports/model_entries/1958-both-bū.model.md:43	Germanic/docs/lexeme_reports/model_entries/1958-both-bū.model.md	auto
oe	bū	bū	bu	target_form	explicit_tag	Germanic/docs/lexeme_reports/model_entries/1958-both-bū.model.md:52	Germanic/docs/lexeme_reports/model_entries/1958-both-bū.model.md	auto
oe	bū	bū	bu	target_form	explicit_tag	Germanic/docs/lexeme_reports/model_entries/1958-both-bū.model.md:57	Germanic/docs/lexeme_reports/model_entries/1958-both-bū.model.md	auto
oe	bū	bū	bu	target_form	explicit_tag	Germanic/docs/lexeme_reports/model_entries/1958-both-bū.model.md:66	Germanic/docs/lexeme_reports/model_entries/1958-both-bū.model.md	auto
oe	bū	bū	bu	target_form	lexical_heading	both — OE bū	manifest	auto
oe	bucc	bucc	bucc	target_form	explicit_tag	Germanic/docs/lexeme_reports/model_entries/1973-buck-bucc.model.md:31	Germanic/docs/lexeme_reports/model_entries/1973-buck-bucc.model.md	auto
oe	bucc	bucc	bucc	target_form	explicit_tag	Germanic/docs/lexeme_reports/model_entries/1973-buck-bucc.model.md:32	Germanic/docs/lexeme_reports/model_entries/1973-buck-bucc.model.md	auto
oe	bucc	bucc	bucc	target_form	explicit_tag	Germanic/docs/lexeme_reports/model_entries/1973-buck-bucc.model.md:39	Germanic/docs/lexeme_reports/model_entries/1973-buck-bucc.model.md	auto
oe	bucc	bucc	bucc	target_form	explicit_tag	Germanic/docs/lexeme_reports/model_entries/1973-buck-bucc.model.md:44	Germanic/docs/lexeme_reports/model_entries/1973-buck-bucc.model.md	auto
oe	bucc	bucc	bucc	target_form	explicit_tag	Germanic/docs/lexeme_reports/model_entries/1973-buck-bucc.model.md:52	Germanic/docs/lexeme_reports/model_entries/1973-buck-bucc.model.md	auto
oe	bucc	bucc	bucc	target_form	lexical_heading	buck — OE bucc	manifest	auto
oe	bucca	bucca	bucca	comparison_form	explicit_tag	Germanic/docs/lexeme_reports/model_entries/1973-buck-bucc.model.md:23	Germanic/docs/lexeme_reports/model_entries/1973-buck-bucc.model.md	auto
oe	bucca	bucca	bucca	comparison_form	explicit_tag	Germanic/docs/lexeme_reports/model_entries/1973-buck-bucc.model.md:29	Germanic/docs/lexeme_reports/model_entries/1973-buck-bucc.model.md	auto
oe	bucca	bucca	bucca	comparison_form	explicit_tag	Germanic/docs/lexeme_reports/model_entries/1973-buck-bucc.model.md:31	Germanic/docs/lexeme_reports/model_entries/1973-buck-bucc.model.md	auto
oe	bucca	bucca	bucca	comparison_form	explicit_tag	Germanic/docs/lexeme_reports/model_entries/1973-buck-bucc.model.md:33	Germanic/docs/lexeme_reports/model_entries/1973-buck-bucc.model.md	auto
oe	bucca	bucca	bucca	comparison_form	explicit_tag	Germanic/docs/lexeme_reports/model_entries/1973-buck-bucc.model.md:53	Germanic/docs/lexeme_reports/model_entries/1973-buck-bucc.model.md	auto
oe	būgan	būgan	bugan	evidence_form	explicit_tag	Germanic/docs/lexeme_reports/model_entries/1962-bow-bēag.model.md:31	Germanic/docs/lexeme_reports/model_entries/1962-bow-bēag.model.md	auto
oe	būgan	būgan	bugan	evidence_form	explicit_tag	Germanic/docs/lexeme_reports/model_entries/1962-bow-bēag.model.md:37	Germanic/docs/lexeme_reports/model_entries/1962-bow-bēag.model.md	auto
oe	būgan	būgan	bugan	evidence_form	explicit_tag	Germanic/docs/lexeme_reports/model_entries/1962-bow-bēag.model.md:41	Germanic/docs/lexeme_reports/model_entries/1962-bow-bēag.model.md	auto
oe	būgan	būgan	bugan	evidence_form	explicit_tag	Germanic/docs/lexeme_reports/model_entries/1962-bow-bēag.model.md:53	Germanic/docs/lexeme_reports/model_entries/1962-bow-bēag.model.md	auto
oe	būgan	būgan	bugan	evidence_form	explicit_tag	Germanic/docs/lexeme_reports/model_entries/1962-bow-bēag.model.md:64	Germanic/docs/lexeme_reports/model_entries/1962-bow-bēag.model.md	auto
oe	būgan	būgan	bugan	evidence_form	explicit_tag	Germanic/docs/lexeme_reports/model_entries/1962-bow-bēag.model.md:69	Germanic/docs/lexeme_reports/model_entries/1962-bow-bēag.model.md	auto
oe	byċċ	byċċ	bycc	comparison_form	explicit_tag	Germanic/docs/lexeme_reports/model_entries/1973-buck-bucc.model.md:43	Germanic/docs/lexeme_reports/model_entries/1973-buck-bucc.model.md	auto
oe	byrd	byrd	byrd	comparison_form	explicit_tag	Germanic/docs/lexeme_reports/model_entries/1951-birth-byrd.model.md:25	Germanic/docs/lexeme_reports/model_entries/1951-birth-byrd.model.md	auto
oe	byrd	byrd	byrd	target_form	lexical_heading	birth — OE byrd	manifest	auto
oe	cā	cā	ca	comparison_form	explicit_tag	Germanic/docs/lexeme_reports/model_entries/1980-cow-cȳ.model.md:36	Germanic/docs/lexeme_reports/model_entries/1980-cow-cȳ.model.md	auto
oe	cā	cā	ca	comparison_form	explicit_tag	Germanic/docs/lexeme_reports/model_entries/1980-cow-cȳ.model.md:42	Germanic/docs/lexeme_reports/model_entries/1980-cow-cȳ.model.md	auto
oe	cā	cā	ca	comparison_form	explicit_tag	Germanic/docs/lexeme_reports/model_entries/1980-cow-cȳ.model.md:67	Germanic/docs/lexeme_reports/model_entries/1980-cow-cȳ.model.md	auto
oe	calfur	calfur	calfur	comparison_form	broad_prose_decision	Germanic/docs/lexeme_reports/model_entries/1975-calf-ċealf.model.md:25	broad_prose_curated	override
oe	cealf	cealf	cealf	evidence_form	explicit_tag	Germanic/docs/lexeme_reports/model_entries/1975-calf-ċealf.model.md:25	Germanic/docs/lexeme_reports/model_entries/1975-calf-ċealf.model.md	auto
oe	ċealf	ċealf	cealf	target_form	lexical_heading	calf — OE ċealf	manifest	auto
oe	cealfru	cealfru	cealfru	evidence_form	explicit_tag	Germanic/docs/lexeme_reports/model_entries/1975-calf-ċealf.model.md:25	Germanic/docs/lexeme_reports/model_entries/1975-calf-ċealf.model.md	auto
oe	ciezan	ciezan	ciezan	comparison_form	explicit_tag	Germanic/docs/lexeme_reports/model_entries/2227-strew-strīeġan.model.md:32	Germanic/docs/lexeme_reports/model_entries/2227-strew-strīeġan.model.md	auto
oe	cnæp	cnæp	cnaep	evidence_form	explicit_tag	Germanic/docs/lexeme_reports/model_entries/2087-knob-cnobba.model.md:58	Germanic/docs/lexeme_reports/model_entries/2087-knob-cnobba.model.md	auto
oe	cneohtas	cneohtas	cneohtas	comparison_form	explicit_tag	Germanic/docs/lexeme_reports/model_entries/2086-knight-cniht.model.md:34	Germanic/docs/lexeme_reports/model_entries/2086-knight-cniht.model.md	auto
oe	cneohtas	cneohtas	cneohtas	comparison_form	explicit_tag	Germanic/docs/lexeme_reports/model_entries/2086-knight-cniht.model.md:45	Germanic/docs/lexeme_reports/model_entries/2086-knight-cniht.model.md	auto
oe	cneohtas	cneohtas	cneohtas	comparison_form	explicit_tag	Germanic/docs/lexeme_reports/model_entries/2086-knight-cniht.model.md:59	Germanic/docs/lexeme_reports/model_entries/2086-knight-cniht.model.md	auto
oe	cniht	cniht	cniht	target_form	explicit_tag	Germanic/docs/lexeme_reports/model_entries/2086-knight-cniht.model.md:33	Germanic/docs/lexeme_reports/model_entries/2086-knight-cniht.model.md	auto
oe	cniht	cniht	cniht	target_form	explicit_tag	Germanic/docs/lexeme_reports/model_entries/2086-knight-cniht.model.md:44	Germanic/docs/lexeme_reports/model_entries/2086-knight-cniht.model.md	auto
oe	cniht	cniht	cniht	target_form	explicit_tag	Germanic/docs/lexeme_reports/model_entries/2086-knight-cniht.model.md:45	Germanic/docs/lexeme_reports/model_entries/2086-knight-cniht.model.md	auto
oe	cniht	cniht	cniht	target_form	explicit_tag	Germanic/docs/lexeme_reports/model_entries/2086-knight-cniht.model.md:58	Germanic/docs/lexeme_reports/model_entries/2086-knight-cniht.model.md	auto
oe	cniht	cniht	cniht	target_form	lexical_heading	knight — OE cniht	manifest	auto
oe	cnobba	*cnobba	cnobba	target_form	lexical_heading	knob — OE *cnobba	manifest	auto
oe	cnopp	cnopp	cnopp	evidence_form	explicit_tag	Germanic/docs/lexeme_reports/model_entries/2087-knob-cnobba.model.md:57	Germanic/docs/lexeme_reports/model_entries/2087-knob-cnobba.model.md	auto
oe	cnoppa	cnoppa	cnoppa	comparison_form	explicit_tag	Germanic/docs/lexeme_reports/model_entries/2087-knob-cnobba.model.md:34	Germanic/docs/lexeme_reports/model_entries/2087-knob-cnobba.model.md	auto
oe	cnoppa	cnoppa	cnoppa	comparison_form	explicit_tag	Germanic/docs/lexeme_reports/model_entries/2087-knob-cnobba.model.md:39	Germanic/docs/lexeme_reports/model_entries/2087-knob-cnobba.model.md	auto
oe	cnoppa	cnoppa	cnoppa	evidence_form	explicit_tag	Germanic/docs/lexeme_reports/model_entries/2087-knob-cnobba.model.md:57	Germanic/docs/lexeme_reports/model_entries/2087-knob-cnobba.model.md	auto
oe	cnoppa	cnoppa	cnoppa	comparison_form	explicit_tag	Germanic/docs/lexeme_reports/model_entries/2087-knob-cnobba.model.md:61	Germanic/docs/lexeme_reports/model_entries/2087-knob-cnobba.model.md	auto
oe	corn	corn	corn	comparison_form	explicit_tag	Germanic/docs/lexeme_reports/model_entries/1979-corn-corn.model.md:21	Germanic/docs/lexeme_reports/model_entries/1979-corn-corn.model.md	auto
oe	corn	corn	corn	comparison_form	explicit_tag	Germanic/docs/lexeme_reports/model_entries/1979-corn-corn.model.md:25	Germanic/docs/lexeme_reports/model_entries/1979-corn-corn.model.md	auto
oe	corn	corn	corn	comparison_form	explicit_tag	Germanic/docs/lexeme_reports/model_entries/1979-corn-corn.model.md:29	Germanic/docs/lexeme_reports/model_entries/1979-corn-corn.model.md	auto
oe	corn	corn	corn	target_form	lexical_heading	corn — OE corn	manifest	auto
oe	cornes	cornes	cornes	comparison_form	broad_prose_decision	Germanic/docs/lexeme_reports/model_entries/1979-corn-corn.model.md:25	broad_prose_curated	override
oe	cræft	cræft	craeft	target_form	table_semantic_auto	Germanic/docs/lexeme_reports/model_entries/1981-craft-cræft.model.md:50	table_semantic_rule	auto
oe	cræft	cræft	craeft	target_form	lexical_heading	craft — OE cræft	manifest	auto
oe	craft	craft	craft	comparison_form	table_semantic_decision	Germanic/docs/lexeme_reports/model_entries/1981-craft-cræft.model.md:49	table_semantic_decision	override
oe	creft	creft	creft	comparison_form	table_semantic_decision	Germanic/docs/lexeme_reports/model_entries/1981-craft-cræft.model.md:48	table_semantic_decision	override
oe	cū	cū	cu	evidence_form	broad_prose_decision	Germanic/docs/lexeme_reports/model_entries/1958-both-bū.model.md:51	broad_prose_curated	override
oe	cū	cū	cu	comparison_form	explicit_tag	Germanic/docs/lexeme_reports/model_entries/1980-cow-cȳ.model.md:27	Germanic/docs/lexeme_reports/model_entries/1980-cow-cȳ.model.md	auto
oe	cū	cū	cu	comparison_form	explicit_tag	Germanic/docs/lexeme_reports/model_entries/1980-cow-cȳ.model.md:33	Germanic/docs/lexeme_reports/model_entries/1980-cow-cȳ.model.md	auto
oe	cū	cū	cu	comparison_form	explicit_tag	Germanic/docs/lexeme_reports/model_entries/1980-cow-cȳ.model.md:35	Germanic/docs/lexeme_reports/model_entries/1980-cow-cȳ.model.md	auto
oe	cū	cū	cu	comparison_form	explicit_tag	Germanic/docs/lexeme_reports/model_entries/1980-cow-cȳ.model.md:39	Germanic/docs/lexeme_reports/model_entries/1980-cow-cȳ.model.md	auto
oe	cū	cū	cu	comparison_form	explicit_tag	Germanic/docs/lexeme_reports/model_entries/1980-cow-cȳ.model.md:54	Germanic/docs/lexeme_reports/model_entries/1980-cow-cȳ.model.md	auto
oe	cū	cū	cu	comparison_form	explicit_tag	Germanic/docs/lexeme_reports/model_entries/1980-cow-cȳ.model.md:64	Germanic/docs/lexeme_reports/model_entries/1980-cow-cȳ.model.md	auto
oe	cū	cū	cu	comparison_form	explicit_tag	Germanic/docs/lexeme_reports/model_entries/1980-cow-cȳ.model.md:65	Germanic/docs/lexeme_reports/model_entries/1980-cow-cȳ.model.md	auto
oe	cudu	cudu	cudu	comparison_form	explicit_tag	Germanic/docs/lexeme_reports/model_entries/1983-cud-cwedu.model.md:31	Germanic/docs/lexeme_reports/model_entries/1983-cud-cwedu.model.md	auto
oe	cudu	cudu	cudu	comparison_form	explicit_tag	Germanic/docs/lexeme_reports/model_entries/1983-cud-cwedu.model.md:32	Germanic/docs/lexeme_reports/model_entries/1983-cud-cwedu.model.md	auto
oe	cudu	cudu	cudu	comparison_form	explicit_tag	Germanic/docs/lexeme_reports/model_entries/1983-cud-cwedu.model.md:52	Germanic/docs/lexeme_reports/model_entries/1983-cud-cwedu.model.md	auto
oe	cū(e	cū(e	cue	comparison_form	explicit_tag	Germanic/docs/lexeme_reports/model_entries/1980-cow-cȳ.model.md:33	Germanic/docs/lexeme_reports/model_entries/1980-cow-cȳ.model.md	auto
oe	cūm	cūm	cum	comparison_form	broad_prose_decision	Germanic/docs/lexeme_reports/model_entries/1980-cow-cȳ.model.md:34	broad_prose_curated	override
oe	cūs	cūs	cus	comparison_form	explicit_tag	Germanic/docs/lexeme_reports/model_entries/1980-cow-cȳ.model.md:33	Germanic/docs/lexeme_reports/model_entries/1980-cow-cȳ.model.md	auto
oe	cūs	cūs	cus	comparison_form	explicit_tag	Germanic/docs/lexeme_reports/model_entries/1980-cow-cȳ.model.md:42	Germanic/docs/lexeme_reports/model_entries/1980-cow-cȳ.model.md	auto
oe	cwedu	cwedu	cwedu	target_form	explicit_tag	Germanic/docs/lexeme_reports/model_entries/1983-cud-cwedu.model.md:26	Germanic/docs/lexeme_reports/model_entries/1983-cud-cwedu.model.md	auto
oe	cwedu	cwedu	cwedu	target_form	explicit_tag	Germanic/docs/lexeme_reports/model_entries/1983-cud-cwedu.model.md:40	Germanic/docs/lexeme_reports/model_entries/1983-cud-cwedu.model.md	auto
oe	cwedu	cwedu	cwedu	target_form	explicit_tag	Germanic/docs/lexeme_reports/model_entries/1983-cud-cwedu.model.md:49	Germanic/docs/lexeme_reports/model_entries/1983-cud-cwedu.model.md	auto
oe	cwedu	cwedu	cwedu	target_form	lexical_heading	cud — OE cwedu	manifest	auto
oe	cweodu	cweodu	cweodu	comparison_form	explicit_tag	Germanic/docs/lexeme_reports/model_entries/1983-cud-cwedu.model.md:22	Germanic/docs/lexeme_reports/model_entries/1983-cud-cwedu.model.md	auto
oe	cweodu	cweodu	cweodu	comparison_form	explicit_tag	Germanic/docs/lexeme_reports/model_entries/1983-cud-cwedu.model.md:32	Germanic/docs/lexeme_reports/model_entries/1983-cud-cwedu.model.md	auto
oe	cweodu	cweodu	cweodu	comparison_form	explicit_tag	Germanic/docs/lexeme_reports/model_entries/1983-cud-cwedu.model.md:51	Germanic/docs/lexeme_reports/model_entries/1983-cud-cwedu.model.md	auto
oe	cwidu	cwidu	cwidu	comparison_form	explicit_tag	Germanic/docs/lexeme_reports/model_entries/1983-cud-cwedu.model.md:22	Germanic/docs/lexeme_reports/model_entries/1983-cud-cwedu.model.md	auto
oe	cwidu	cwidu	cwidu	comparison_form	explicit_tag	Germanic/docs/lexeme_reports/model_entries/1983-cud-cwedu.model.md:23	Germanic/docs/lexeme_reports/model_entries/1983-cud-cwedu.model.md	auto
oe	cwidu	cwidu	cwidu	comparison_form	explicit_tag	Germanic/docs/lexeme_reports/model_entries/1983-cud-cwedu.model.md:31	Germanic/docs/lexeme_reports/model_entries/1983-cud-cwedu.model.md	auto
oe	cwidu	cwidu	cwidu	comparison_form	explicit_tag	Germanic/docs/lexeme_reports/model_entries/1983-cud-cwedu.model.md:50	Germanic/docs/lexeme_reports/model_entries/1983-cud-cwedu.model.md	auto
oe	c(w)udu	c(w)udu	cwudu	comparison_form	explicit_tag	Germanic/docs/lexeme_reports/model_entries/1983-cud-cwedu.model.md:22	Germanic/docs/lexeme_reports/model_entries/1983-cud-cwedu.model.md	auto
oe	cwudu	cwudu	cwudu	comparison_form	explicit_tag	Germanic/docs/lexeme_reports/model_entries/1983-cud-cwedu.model.md:31	Germanic/docs/lexeme_reports/model_entries/1983-cud-cwedu.model.md	auto
oe	cwudu	cwudu	cwudu	comparison_form	explicit_tag	Germanic/docs/lexeme_reports/model_entries/1983-cud-cwedu.model.md:32	Germanic/docs/lexeme_reports/model_entries/1983-cud-cwedu.model.md	auto
oe	cwudu	cwudu	cwudu	comparison_form	explicit_tag	Germanic/docs/lexeme_reports/model_entries/1983-cud-cwedu.model.md:51	Germanic/docs/lexeme_reports/model_entries/1983-cud-cwedu.model.md	auto
oe	cȳ	cȳ	cy	comparison_form	explicit_tag	Germanic/docs/lexeme_reports/model_entries/1980-cow-cȳ.model.md:33	Germanic/docs/lexeme_reports/model_entries/1980-cow-cȳ.model.md	auto
oe	cȳ	cȳ	cy	comparison_form	explicit_tag	Germanic/docs/lexeme_reports/model_entries/1980-cow-cȳ.model.md:34	Germanic/docs/lexeme_reports/model_entries/1980-cow-cȳ.model.md	auto
oe	cȳ	cȳ	cy	comparison_form	explicit_tag	Germanic/docs/lexeme_reports/model_entries/1980-cow-cȳ.model.md:36	Germanic/docs/lexeme_reports/model_entries/1980-cow-cȳ.model.md	auto
oe	cȳ	cȳ	cy	comparison_form	explicit_tag	Germanic/docs/lexeme_reports/model_entries/1980-cow-cȳ.model.md:39	Germanic/docs/lexeme_reports/model_entries/1980-cow-cȳ.model.md	auto
oe	cȳ	cȳ	cy	comparison_form	explicit_tag	Germanic/docs/lexeme_reports/model_entries/1980-cow-cȳ.model.md:42	Germanic/docs/lexeme_reports/model_entries/1980-cow-cȳ.model.md	auto
oe	cȳ	cȳ	cy	comparison_form	explicit_tag	Germanic/docs/lexeme_reports/model_entries/1980-cow-cȳ.model.md:49	Germanic/docs/lexeme_reports/model_entries/1980-cow-cȳ.model.md	auto
oe	cȳ	cȳ	cy	comparison_form	explicit_tag	Germanic/docs/lexeme_reports/model_entries/1980-cow-cȳ.model.md:52	Germanic/docs/lexeme_reports/model_entries/1980-cow-cȳ.model.md	auto
oe	cȳ	cȳ	cy	comparison_form	explicit_tag	Germanic/docs/lexeme_reports/model_entries/1980-cow-cȳ.model.md:64	Germanic/docs/lexeme_reports/model_entries/1980-cow-cȳ.model.md	auto
oe	cȳ	cȳ	cy	comparison_form	explicit_tag	Germanic/docs/lexeme_reports/model_entries/1980-cow-cȳ.model.md:66	Germanic/docs/lexeme_reports/model_entries/1980-cow-cȳ.model.md	auto
oe	cȳ	cȳ	cy	comparison_form	explicit_tag	Germanic/docs/lexeme_reports/model_entries/1980-cow-cȳ.model.md:70	Germanic/docs/lexeme_reports/model_entries/1980-cow-cȳ.model.md	auto
oe	cȳ	cȳ	cy	target_form	lexical_heading	cow — OE cȳ	manifest	auto
oe	dæd	dæd	daed	comparison_form	broad_prose_decision	Germanic/docs/lexeme_reports/model_entries/1987-deed-dǣd.model.md:25	broad_prose_curated	override
oe	dǣd	dǣd	daed	target_form	lexical_heading	deed — OE dǣd	manifest	auto
oe	dæg	dæg	daeg	comparison_form	explicit_tag	Germanic/docs/lexeme_reports/model_entries/2140-night-niht.model.md:27	Germanic/docs/lexeme_reports/model_entries/2140-night-niht.model.md	auto
oe	dēd	dēd	ded	comparison_form	broad_prose_decision	Germanic/docs/lexeme_reports/model_entries/1987-deed-dǣd.model.md:25	broad_prose_curated	override
oe	dile	dile	dile	target_form	explicit_tag	Germanic/docs/lexeme_reports/model_entries/1990-dill-dile.model.md:22	Germanic/docs/lexeme_reports/model_entries/1990-dill-dile.model.md	auto
oe	dile	dile	dile	target_form	explicit_tag	Germanic/docs/lexeme_reports/model_entries/1990-dill-dile.model.md:35	Germanic/docs/lexeme_reports/model_entries/1990-dill-dile.model.md	auto
oe	dile	dile	dile	target_form	explicit_tag	Germanic/docs/lexeme_reports/model_entries/1990-dill-dile.model.md:41	Germanic/docs/lexeme_reports/model_entries/1990-dill-dile.model.md	auto
oe	dile	dile	dile	target_form	explicit_tag	Germanic/docs/lexeme_reports/model_entries/1990-dill-dile.model.md:46	Germanic/docs/lexeme_reports/model_entries/1990-dill-dile.model.md	auto
oe	dile	dile	dile	target_form	explicit_tag	Germanic/docs/lexeme_reports/model_entries/1990-dill-dile.model.md:60	Germanic/docs/lexeme_reports/model_entries/1990-dill-dile.model.md	auto
oe	dile	dile	dile	target_form	explicit_tag	Germanic/docs/lexeme_reports/model_entries/1990-dill-dile.model.md:62	Germanic/docs/lexeme_reports/model_entries/1990-dill-dile.model.md	auto
oe	dile	dile	dile	target_form	lexical_heading	dill — OE dile	manifest	auto
oe	dili	dili	dili	comparison_form	explicit_tag	Germanic/docs/lexeme_reports/model_entries/1990-dill-dile.model.md:36	Germanic/docs/lexeme_reports/model_entries/1990-dill-dile.model.md	auto
oe	dill	dill	dill	comparison_form	explicit_tag	Germanic/docs/lexeme_reports/model_entries/1990-dill-dile.model.md:41	Germanic/docs/lexeme_reports/model_entries/1990-dill-dile.model.md	auto
oe	dill	dill	dill	comparison_form	explicit_tag	Germanic/docs/lexeme_reports/model_entries/1990-dill-dile.model.md:59	Germanic/docs/lexeme_reports/model_entries/1990-dill-dile.model.md	auto
oe	dor	dor	dor	comparison_form	explicit_tag	Germanic/docs/lexeme_reports/model_entries/1992-door-dor.model.md:21	Germanic/docs/lexeme_reports/model_entries/1992-door-dor.model.md	auto
oe	dor	dor	dor	comparison_form	explicit_tag	Germanic/docs/lexeme_reports/model_entries/1992-door-dor.model.md:25	Germanic/docs/lexeme_reports/model_entries/1992-door-dor.model.md	auto
oe	dor	dor	dor	comparison_form	explicit_tag	Germanic/docs/lexeme_reports/model_entries/1992-door-dor.model.md:29	Germanic/docs/lexeme_reports/model_entries/1992-door-dor.model.md	auto
oe	dor	dor	dor	target_form	lexical_heading	door — OE dor	manifest	auto
oe	duguþ	duguþ	duguth	comparison_form	explicit_tag	Germanic/docs/lexeme_reports/model_entries/2308-youth-ġeoguþ.model.md:52	Germanic/docs/lexeme_reports/model_entries/2308-youth-ġeoguþ.model.md	auto
oe	duru	duru	duru	comparison_form	explicit_tag	Germanic/docs/lexeme_reports/model_entries/1992-door-dor.model.md:21	Germanic/docs/lexeme_reports/model_entries/1992-door-dor.model.md	auto
oe	duru	duru	duru	comparison_form	explicit_tag	Germanic/docs/lexeme_reports/model_entries/1992-door-dor.model.md:25	Germanic/docs/lexeme_reports/model_entries/1992-door-dor.model.md	auto
oe	duru	duru	duru	comparison_form	explicit_tag	Germanic/docs/lexeme_reports/model_entries/1992-door-dor.model.md:29	Germanic/docs/lexeme_reports/model_entries/1992-door-dor.model.md	auto
oe	færan	færan	faeran	comparison_form	broad_prose_decision	Germanic/docs/lexeme_reports/model_entries/2003-fare-faran.model.md:25	broad_prose_curated	override
oe	færð	færð	faerd	evidence_form	explicit_tag	Germanic/docs/lexeme_reports/model_entries/2003-fare-faran.model.md:25	Germanic/docs/lexeme_reports/model_entries/2003-fare-faran.model.md	auto
oe	fære	fære	faere	evidence_form	explicit_tag	Germanic/docs/lexeme_reports/model_entries/2003-fare-faran.model.md:25	Germanic/docs/lexeme_reports/model_entries/2003-fare-faran.model.md	auto
oe	færst	færst	faerst	evidence_form	explicit_tag	Germanic/docs/lexeme_reports/model_entries/2003-fare-faran.model.md:25	Germanic/docs/lexeme_reports/model_entries/2003-fare-faran.model.md	auto
oe	fæst	fæst	faest	comparison_form	explicit_tag	Germanic/docs/lexeme_reports/model_entries/2004-fast-festan.model.md:39	Germanic/docs/lexeme_reports/model_entries/2004-fast-festan.model.md	auto
oe	fæst	fæst	faest	comparison_form	explicit_tag	Germanic/docs/lexeme_reports/model_entries/2004-fast-festan.model.md:61	Germanic/docs/lexeme_reports/model_entries/2004-fast-festan.model.md	auto
oe	fæstan	fæstan	faestan	comparison_form	explicit_tag	Germanic/docs/lexeme_reports/model_entries/2004-fast-festan.model.md:34	Germanic/docs/lexeme_reports/model_entries/2004-fast-festan.model.md	auto
oe	fæstan	fæstan	faestan	comparison_form	explicit_tag	Germanic/docs/lexeme_reports/model_entries/2004-fast-festan.model.md:61	Germanic/docs/lexeme_reports/model_entries/2004-fast-festan.model.md	auto
oe	fǣstan	fǣstan	faestan	comparison_form	explicit_tag	Germanic/docs/lexeme_reports/model_entries/2004-fast-festan.model.md:34	Germanic/docs/lexeme_reports/model_entries/2004-fast-festan.model.md	auto
oe	fǣstan	fǣstan	faestan	comparison_form	explicit_tag	Germanic/docs/lexeme_reports/model_entries/2004-fast-festan.model.md:61	Germanic/docs/lexeme_reports/model_entries/2004-fast-festan.model.md	auto
oe	faran	faran	faran	target_form	lexical_heading	fare — OE faran	manifest	auto
oe	fearn	fearn	fearn	comparison_form	explicit_tag	Germanic/docs/lexeme_reports/model_entries/2008-fern-fearn.model.md:21	Germanic/docs/lexeme_reports/model_entries/2008-fern-fearn.model.md	auto
oe	fearn	fearn	fearn	comparison_form	explicit_tag	Germanic/docs/lexeme_reports/model_entries/2008-fern-fearn.model.md:25	Germanic/docs/lexeme_reports/model_entries/2008-fern-fearn.model.md	auto
oe	fearn	fearn	fearn	comparison_form	explicit_tag	Germanic/docs/lexeme_reports/model_entries/2008-fern-fearn.model.md:29	Germanic/docs/lexeme_reports/model_entries/2008-fern-fearn.model.md	auto
oe	fearn	fearn	fearn	target_form	lexical_heading	fern — OE fearn	manifest	auto
oe	fearna	fearna	fearna	comparison_form	broad_prose_decision	Germanic/docs/lexeme_reports/model_entries/2008-fern-fearn.model.md:25	broad_prose_curated	override
oe	fearne	fearne	fearne	comparison_form	broad_prose_decision	Germanic/docs/lexeme_reports/model_entries/2008-fern-fearn.model.md:25	broad_prose_curated	override
oe	fearnes	fearnes	fearnes	comparison_form	broad_prose_decision	Germanic/docs/lexeme_reports/model_entries/2008-fern-fearn.model.md:25	broad_prose_curated	override
oe	fel	fel	fel	comparison_form	broad_prose_decision	Germanic/docs/lexeme_reports/model_entries/2007-fell-fell.model.md:25	broad_prose_curated	override
oe	feld	feld	feld	comparison_form	explicit_tag	Germanic/docs/lexeme_reports/model_entries/2009-field-feld.model.md:21	Germanic/docs/lexeme_reports/model_entries/2009-field-feld.model.md	auto
oe	feld	feld	feld	comparison_form	explicit_tag	Germanic/docs/lexeme_reports/model_entries/2009-field-feld.model.md:25	Germanic/docs/lexeme_reports/model_entries/2009-field-feld.model.md	auto
oe	feld	feld	feld	comparison_form	explicit_tag	Germanic/docs/lexeme_reports/model_entries/2009-field-feld.model.md:29	Germanic/docs/lexeme_reports/model_entries/2009-field-feld.model.md	auto
oe	feld	feld	feld	target_form	lexical_heading	field — OE feld	manifest	auto
oe	felda	felda	felda	comparison_form	broad_prose_decision	Germanic/docs/lexeme_reports/model_entries/2009-field-feld.model.md:25	broad_prose_curated	override
oe	felde	felde	felde	comparison_form	broad_prose_decision	Germanic/docs/lexeme_reports/model_entries/2009-field-feld.model.md:25	broad_prose_curated	override
oe	fell	fell	fell	comparison_form	explicit_tag	Germanic/docs/lexeme_reports/model_entries/2007-fell-fell.model.md:21	Germanic/docs/lexeme_reports/model_entries/2007-fell-fell.model.md	auto
oe	fell	fell	fell	comparison_form	explicit_tag	Germanic/docs/lexeme_reports/model_entries/2007-fell-fell.model.md:25	Germanic/docs/lexeme_reports/model_entries/2007-fell-fell.model.md	auto
oe	fell	fell	fell	comparison_form	explicit_tag	Germanic/docs/lexeme_reports/model_entries/2007-fell-fell.model.md:29	Germanic/docs/lexeme_reports/model_entries/2007-fell-fell.model.md	auto
oe	fell	fell	fell	target_form	lexical_heading	fell — OE fell	manifest	auto
oe	fellan	fellan	fellan	comparison_form	broad_prose_decision	Germanic/docs/lexeme_reports/model_entries/2007-fell-fell.model.md:25	broad_prose_curated	override
oe	fellum	fellum	fellum	comparison_form	broad_prose_decision	Germanic/docs/lexeme_reports/model_entries/2007-fell-fell.model.md:25	broad_prose_curated	override
oe	feoll	feoll	feoll	comparison_form	broad_prose_decision	Germanic/docs/lexeme_reports/model_entries/2007-fell-fell.model.md:25	broad_prose_curated	override
oe	fern	fern	fern	comparison_form	explicit_tag	Germanic/docs/lexeme_reports/model_entries/2008-fern-fearn.model.md:25	Germanic/docs/lexeme_reports/model_entries/2008-fern-fearn.model.md	auto
oe	festan	festan	festan	target_form	explicit_tag	Germanic/docs/lexeme_reports/model_entries/2004-fast-festan.model.md:33	Germanic/docs/lexeme_reports/model_entries/2004-fast-festan.model.md	auto
oe	festan	festan	festan	target_form	explicit_tag	Germanic/docs/lexeme_reports/model_entries/2004-fast-festan.model.md:34	Germanic/docs/lexeme_reports/model_entries/2004-fast-festan.model.md	auto
oe	festan	festan	festan	target_form	explicit_tag	Germanic/docs/lexeme_reports/model_entries/2004-fast-festan.model.md:39	Germanic/docs/lexeme_reports/model_entries/2004-fast-festan.model.md	auto
oe	festan	festan	festan	target_form	explicit_tag	Germanic/docs/lexeme_reports/model_entries/2004-fast-festan.model.md:45	Germanic/docs/lexeme_reports/model_entries/2004-fast-festan.model.md	auto
oe	festan	festan	festan	target_form	explicit_tag	Germanic/docs/lexeme_reports/model_entries/2004-fast-festan.model.md:48	Germanic/docs/lexeme_reports/model_entries/2004-fast-festan.model.md	auto
oe	festan	festan	festan	target_form	explicit_tag	Germanic/docs/lexeme_reports/model_entries/2004-fast-festan.model.md:59	Germanic/docs/lexeme_reports/model_entries/2004-fast-festan.model.md	auto
oe	festan	festan	festan	target_form	explicit_tag	Germanic/docs/lexeme_reports/model_entries/2004-fast-festan.model.md:60	Germanic/docs/lexeme_reports/model_entries/2004-fast-festan.model.md	auto
oe	festan	festan	festan	target_form	explicit_tag	Germanic/docs/lexeme_reports/model_entries/2004-fast-festan.model.md:63	Germanic/docs/lexeme_reports/model_entries/2004-fast-festan.model.md	auto
oe	festan	festan	festan	target_form	lexical_heading	fast — OE festan	manifest	auto
oe	findan	findan	findan	comparison_form	explicit_tag	Germanic/docs/lexeme_reports/model_entries/2011-find-fundene.model.md:22	Germanic/docs/lexeme_reports/model_entries/2011-find-fundene.model.md	auto
oe	findan	findan	findan	comparison_form	explicit_tag	Germanic/docs/lexeme_reports/model_entries/2011-find-fundene.model.md:34	Germanic/docs/lexeme_reports/model_entries/2011-find-fundene.model.md	auto
oe	findan	findan	findan	comparison_form	explicit_tag	Germanic/docs/lexeme_reports/model_entries/2011-find-fundene.model.md:61	Germanic/docs/lexeme_reports/model_entries/2011-find-fundene.model.md	auto
oe	flascan	flascan	flascan	comparison_form	explicit_tag	Germanic/docs/lexeme_reports/model_entries/2016-flask-flasce.model.md:28	Germanic/docs/lexeme_reports/model_entries/2016-flask-flasce.model.md	auto
oe	flascan	flascan	flascan	comparison_form	explicit_tag	Germanic/docs/lexeme_reports/model_entries/2016-flask-flasce.model.md:33	Germanic/docs/lexeme_reports/model_entries/2016-flask-flasce.model.md	auto
oe	flascan	flascan	flascan	comparison_form	explicit_tag	Germanic/docs/lexeme_reports/model_entries/2016-flask-flasce.model.md:45	Germanic/docs/lexeme_reports/model_entries/2016-flask-flasce.model.md	auto
oe	flasce	flasce	flasce	target_form	explicit_tag	Germanic/docs/lexeme_reports/model_entries/2016-flask-flasce.model.md:27	Germanic/docs/lexeme_reports/model_entries/2016-flask-flasce.model.md	auto
oe	flasce	flasce	flasce	target_form	explicit_tag	Germanic/docs/lexeme_reports/model_entries/2016-flask-flasce.model.md:32	Germanic/docs/lexeme_reports/model_entries/2016-flask-flasce.model.md	auto
oe	flasce	flasce	flasce	target_form	explicit_tag	Germanic/docs/lexeme_reports/model_entries/2016-flask-flasce.model.md:36	Germanic/docs/lexeme_reports/model_entries/2016-flask-flasce.model.md	auto
oe	flasce	flasce	flasce	target_form	explicit_tag	Germanic/docs/lexeme_reports/model_entries/2016-flask-flasce.model.md:43	Germanic/docs/lexeme_reports/model_entries/2016-flask-flasce.model.md	auto
oe	flasce	flasce	flasce	target_form	explicit_tag	Germanic/docs/lexeme_reports/model_entries/2016-flask-flasce.model.md:44	Germanic/docs/lexeme_reports/model_entries/2016-flask-flasce.model.md	auto
oe	flasce	flasce	flasce	target_form	explicit_tag	Germanic/docs/lexeme_reports/model_entries/2016-flask-flasce.model.md:60	Germanic/docs/lexeme_reports/model_entries/2016-flask-flasce.model.md	auto
oe	flasce	flasce	flasce	target_form	explicit_tag	Germanic/docs/lexeme_reports/model_entries/2016-flask-flasce.model.md:63	Germanic/docs/lexeme_reports/model_entries/2016-flask-flasce.model.md	auto
oe	flasce	flasce	flasce	target_form	lexical_heading	flask — OE flasce	manifest	auto
oe	flaxe	flaxe	flaxe	comparison_form	explicit_tag	Germanic/docs/lexeme_reports/model_entries/2016-flask-flasce.model.md:33	Germanic/docs/lexeme_reports/model_entries/2016-flask-flasce.model.md	auto
oe	flégan	flégan	flegan	comparison_form	broad_prose_decision	Germanic/docs/lexeme_reports/model_entries/2022-fly-flēogan.model.md:29	broad_prose_curated	override
oe	fléogan	fléogan	fleogan	comparison_form	broad_prose_decision	Germanic/docs/lexeme_reports/model_entries/2022-fly-flēogan.model.md:21	broad_prose_curated	override
oe	flēogan	flēogan	fleogan	target_form	lexical_heading	fly — OE flēogan	manifest	auto
oe	fleogeð	fleogeð	fleoged	comparison_form	broad_prose_decision	Germanic/docs/lexeme_reports/model_entries/2022-fly-flēogan.model.md:25	broad_prose_curated	override
oe	folgian	folgian	folgian	comparison_form	explicit_tag	Germanic/docs/lexeme_reports/model_entries/2027-follow-fylġan.model.md:21	Germanic/docs/lexeme_reports/model_entries/2027-follow-fylġan.model.md	auto
oe	folgian	folgian	folgian	comparison_form	explicit_tag	Germanic/docs/lexeme_reports/model_entries/2027-follow-fylġan.model.md:26	Germanic/docs/lexeme_reports/model_entries/2027-follow-fylġan.model.md	auto
oe	folgian	folgian	folgian	comparison_form	explicit_tag	Germanic/docs/lexeme_reports/model_entries/2027-follow-fylġan.model.md:30	Germanic/docs/lexeme_reports/model_entries/2027-follow-fylġan.model.md	auto
oe	folgian	folgian	folgian	comparison_form	explicit_tag	Germanic/docs/lexeme_reports/model_entries/2027-follow-fylġan.model.md:40	Germanic/docs/lexeme_reports/model_entries/2027-follow-fylġan.model.md	auto
oe	folgian	folgian	folgian	comparison_form	explicit_tag	Germanic/docs/lexeme_reports/model_entries/2027-follow-fylġan.model.md:57	Germanic/docs/lexeme_reports/model_entries/2027-follow-fylġan.model.md	auto
oe	folgian	folgian	folgian	comparison_form	explicit_tag	Germanic/docs/lexeme_reports/model_entries/2027-follow-fylġan.model.md:68	Germanic/docs/lexeme_reports/model_entries/2027-follow-fylġan.model.md	auto
oe	folgian	folgian	folgian	comparison_form	explicit_tag	Germanic/docs/lexeme_reports/model_entries/2027-follow-fylġan.model.md:69	Germanic/docs/lexeme_reports/model_entries/2027-follow-fylġan.model.md	auto
oe	folgian	folgian	folgian	comparison_form	explicit_tag	Germanic/docs/lexeme_reports/model_entries/2027-follow-fylġan.model.md:73	Germanic/docs/lexeme_reports/model_entries/2027-follow-fylġan.model.md	auto
oe	for-geofan	for-geofan	forgeofan	comparison_form	broad_prose_decision	Germanic/docs/lexeme_reports/model_entries/2041-give-ġiefan.model.md:21	broad_prose_curated	override
oe	for-geofan	for-geofan	forgeofan	comparison_form	broad_prose_decision	Germanic/docs/lexeme_reports/model_entries/2041-give-ġiefan.model.md:29	broad_prose_curated	override
oe	for-leósan	for-leósan	forleosan	comparison_form	broad_prose_decision	Germanic/docs/lexeme_reports/model_entries/2028-forlorn-lēosan.model.md:21	broad_prose_curated	override
oe	for-lēosan	for-lēosan	forleosan	comparison_form	broad_prose_decision	Germanic/docs/lexeme_reports/model_entries/2028-forlorn-lēosan.model.md:21	broad_prose_curated	override
oe	forlēosan	forlēosan	forleosan	comparison_form	broad_prose_decision	Germanic/docs/lexeme_reports/model_entries/2028-forlorn-lēosan.model.md:25	broad_prose_curated	override
oe	forloren	forloren	forloren	comparison_form	broad_prose_decision	Germanic/docs/lexeme_reports/model_entries/2028-forlorn-lēosan.model.md:25	broad_prose_curated	override
oe	forlorn	forlorn	forlorn	comparison_form	broad_prose_decision	Germanic/docs/lexeme_reports/model_entries/2028-forlorn-lēosan.model.md:25	broad_prose_curated	override
oe	fugel	fugel	fugel	comparison_form	broad_prose_decision	Germanic/docs/lexeme_reports/model_entries/2030-fowl-fugol.model.md:35	broad_prose_curated	override
oe	fugol	fugol	fugol	target_form	lexical_heading	fowl — OE fugol	manifest	auto
oe	full	full	full	evidence_form	broad_prose_decision	Germanic/docs/lexeme_reports/model_entries/2300-wool-wull.model.md:24	broad_prose_curated	override
oe	funden	funden	funden	comparison_form	explicit_tag	Germanic/docs/lexeme_reports/model_entries/2011-find-fundene.model.md:26	Germanic/docs/lexeme_reports/model_entries/2011-find-fundene.model.md	auto
oe	funden	funden	funden	comparison_form	explicit_tag	Germanic/docs/lexeme_reports/model_entries/2011-find-fundene.model.md:36	Germanic/docs/lexeme_reports/model_entries/2011-find-fundene.model.md	auto
oe	funden	funden	funden	comparison_form	explicit_tag	Germanic/docs/lexeme_reports/model_entries/2011-find-fundene.model.md:39	Germanic/docs/lexeme_reports/model_entries/2011-find-fundene.model.md	auto
oe	funden	funden	funden	comparison_form	explicit_tag	Germanic/docs/lexeme_reports/model_entries/2011-find-fundene.model.md:50	Germanic/docs/lexeme_reports/model_entries/2011-find-fundene.model.md	auto
oe	funden	funden	funden	comparison_form	explicit_tag	Germanic/docs/lexeme_reports/model_entries/2011-find-fundene.model.md:62	Germanic/docs/lexeme_reports/model_entries/2011-find-fundene.model.md	auto
oe	fundene	fundene	fundene	target_form	explicit_tag	Germanic/docs/lexeme_reports/model_entries/2011-find-fundene.model.md:29	Germanic/docs/lexeme_reports/model_entries/2011-find-fundene.model.md	auto
oe	fundene	fundene	fundene	target_form	explicit_tag	Germanic/docs/lexeme_reports/model_entries/2011-find-fundene.model.md:34	Germanic/docs/lexeme_reports/model_entries/2011-find-fundene.model.md	auto
oe	fundene	fundene	fundene	target_form	explicit_tag	Germanic/docs/lexeme_reports/model_entries/2011-find-fundene.model.md:40	Germanic/docs/lexeme_reports/model_entries/2011-find-fundene.model.md	auto
oe	fundene	fundene	fundene	target_form	explicit_tag	Germanic/docs/lexeme_reports/model_entries/2011-find-fundene.model.md:46	Germanic/docs/lexeme_reports/model_entries/2011-find-fundene.model.md	auto
oe	fundene	fundene	fundene	target_form	explicit_tag	Germanic/docs/lexeme_reports/model_entries/2011-find-fundene.model.md:51	Germanic/docs/lexeme_reports/model_entries/2011-find-fundene.model.md	auto
oe	fundene	fundene	fundene	target_form	explicit_tag	Germanic/docs/lexeme_reports/model_entries/2011-find-fundene.model.md:63	Germanic/docs/lexeme_reports/model_entries/2011-find-fundene.model.md	auto
oe	fundene	fundene	fundene	target_form	lexical_heading	find — OE fundene	manifest	auto
oe	fylgan	fylgan	fylgan	comparison_form	explicit_tag	Germanic/docs/lexeme_reports/model_entries/2027-follow-fylġan.model.md:21	Germanic/docs/lexeme_reports/model_entries/2027-follow-fylġan.model.md	auto
oe	fylgan	fylgan	fylgan	comparison_form	explicit_tag	Germanic/docs/lexeme_reports/model_entries/2027-follow-fylġan.model.md:26	Germanic/docs/lexeme_reports/model_entries/2027-follow-fylġan.model.md	auto
oe	fylgan	fylgan	fylgan	comparison_form	explicit_tag	Germanic/docs/lexeme_reports/model_entries/2027-follow-fylġan.model.md:34	Germanic/docs/lexeme_reports/model_entries/2027-follow-fylġan.model.md	auto
oe	fylgan	fylgan	fylgan	comparison_form	explicit_tag	Germanic/docs/lexeme_reports/model_entries/2027-follow-fylġan.model.md:42	Germanic/docs/lexeme_reports/model_entries/2027-follow-fylġan.model.md	auto
oe	fylgan	fylgan	fylgan	comparison_form	explicit_tag	Germanic/docs/lexeme_reports/model_entries/2027-follow-fylġan.model.md:70	Germanic/docs/lexeme_reports/model_entries/2027-follow-fylġan.model.md	auto
oe	fylġan	fylġan	fylgan	target_form	explicit_tag	Germanic/docs/lexeme_reports/model_entries/2027-follow-fylġan.model.md:42	Germanic/docs/lexeme_reports/model_entries/2027-follow-fylġan.model.md	auto
oe	fylġan	fylġan	fylgan	target_form	explicit_tag	Germanic/docs/lexeme_reports/model_entries/2027-follow-fylġan.model.md:56	Germanic/docs/lexeme_reports/model_entries/2027-follow-fylġan.model.md	auto
oe	fylġan	fylġan	fylgan	target_form	explicit_tag	Germanic/docs/lexeme_reports/model_entries/2027-follow-fylġan.model.md:70	Germanic/docs/lexeme_reports/model_entries/2027-follow-fylġan.model.md	auto
oe	fylġan	fylġan	fylgan	target_form	explicit_tag	Germanic/docs/lexeme_reports/model_entries/2027-follow-fylġan.model.md:72	Germanic/docs/lexeme_reports/model_entries/2027-follow-fylġan.model.md	auto
oe	fylġan	fylġan	fylgan	target_form	lexical_heading	follow — OE fylġan	manifest	auto
oe	fylg(e)an	fylg(e)an	fylgean	comparison_form	explicit_tag	Germanic/docs/lexeme_reports/model_entries/2027-follow-fylġan.model.md:22	Germanic/docs/lexeme_reports/model_entries/2027-follow-fylġan.model.md	auto
oe	fylg(e)an	fylg(e)an	fylgean	comparison_form	explicit_tag	Germanic/docs/lexeme_reports/model_entries/2027-follow-fylġan.model.md:39	Germanic/docs/lexeme_reports/model_entries/2027-follow-fylġan.model.md	auto
oe	fylgean	fylgean	fylgean	comparison_form	explicit_tag	Germanic/docs/lexeme_reports/model_entries/2027-follow-fylġan.model.md:36	Germanic/docs/lexeme_reports/model_entries/2027-follow-fylġan.model.md	auto
oe	fylgean	fylgean	fylgean	comparison_form	explicit_tag	Germanic/docs/lexeme_reports/model_entries/2027-follow-fylġan.model.md:40	Germanic/docs/lexeme_reports/model_entries/2027-follow-fylġan.model.md	auto
oe	fylgean	fylgean	fylgean	comparison_form	explicit_tag	Germanic/docs/lexeme_reports/model_entries/2027-follow-fylġan.model.md:42	Germanic/docs/lexeme_reports/model_entries/2027-follow-fylġan.model.md	auto
oe	fylgian	fylgian	fylgian	comparison_form	explicit_tag	Germanic/docs/lexeme_reports/model_entries/2027-follow-fylġan.model.md:35	Germanic/docs/lexeme_reports/model_entries/2027-follow-fylġan.model.md	auto
oe	fyligan	fyligan	fyligan	comparison_form	explicit_tag	Germanic/docs/lexeme_reports/model_entries/2027-follow-fylġan.model.md:35	Germanic/docs/lexeme_reports/model_entries/2027-follow-fylġan.model.md	auto
oe	fyr	fyr	fyr	comparison_form	explicit_tag	Germanic/docs/lexeme_reports/model_entries/2013-fire-fȳre.model.md:32	Germanic/docs/lexeme_reports/model_entries/2013-fire-fȳre.model.md	auto
oe	fȳr	fȳr	fyr	comparison_form	explicit_tag	Germanic/docs/lexeme_reports/model_entries/2013-fire-fȳre.model.md:28	Germanic/docs/lexeme_reports/model_entries/2013-fire-fȳre.model.md	auto
oe	fȳr	fȳr	fyr	comparison_form	explicit_tag	Germanic/docs/lexeme_reports/model_entries/2013-fire-fȳre.model.md:63	Germanic/docs/lexeme_reports/model_entries/2013-fire-fȳre.model.md	auto
oe	fyre	fyre	fyre	target_form	explicit_tag	Germanic/docs/lexeme_reports/model_entries/2013-fire-fȳre.model.md:33	Germanic/docs/lexeme_reports/model_entries/2013-fire-fȳre.model.md	auto
oe	fȳre	fȳre	fyre	target_form	explicit_tag	Germanic/docs/lexeme_reports/model_entries/2013-fire-fȳre.model.md:28	Germanic/docs/lexeme_reports/model_entries/2013-fire-fȳre.model.md	auto
oe	fȳre	fȳre	fyre	target_form	explicit_tag	Germanic/docs/lexeme_reports/model_entries/2013-fire-fȳre.model.md:48	Germanic/docs/lexeme_reports/model_entries/2013-fire-fȳre.model.md	auto
oe	fȳre	fȳre	fyre	target_form	explicit_tag	Germanic/docs/lexeme_reports/model_entries/2013-fire-fȳre.model.md:64	Germanic/docs/lexeme_reports/model_entries/2013-fire-fȳre.model.md	auto
oe	fȳre	fȳre	fyre	target_form	lexical_heading	fire — OE fȳre	manifest	auto
oe	fyrhte	fyrhte	fyrhte	target_form	explicit_tag	Germanic/docs/lexeme_reports/model_entries/2034-fright-fyrhte.model.md:32	Germanic/docs/lexeme_reports/model_entries/2034-fright-fyrhte.model.md	auto
oe	fyrhte	fyrhte	fyrhte	target_form	explicit_tag	Germanic/docs/lexeme_reports/model_entries/2034-fright-fyrhte.model.md:37	Germanic/docs/lexeme_reports/model_entries/2034-fright-fyrhte.model.md	auto
oe	fyrhte	fyrhte	fyrhte	target_form	explicit_tag	Germanic/docs/lexeme_reports/model_entries/2034-fright-fyrhte.model.md:44	Germanic/docs/lexeme_reports/model_entries/2034-fright-fyrhte.model.md	auto
oe	fyrhte	fyrhte	fyrhte	target_form	explicit_tag	Germanic/docs/lexeme_reports/model_entries/2034-fright-fyrhte.model.md:62	Germanic/docs/lexeme_reports/model_entries/2034-fright-fyrhte.model.md	auto
oe	fyrhte	fyrhte	fyrhte	target_form	explicit_tag	Germanic/docs/lexeme_reports/model_entries/2034-fright-fyrhte.model.md:65	Germanic/docs/lexeme_reports/model_entries/2034-fright-fyrhte.model.md	auto
oe	fyrhte	fyrhte	fyrhte	target_form	lexical_heading	fright — OE fyrhte	manifest	auto
oe	fyrhto	fyrhto	fyrhto	comparison_form	explicit_tag	Germanic/docs/lexeme_reports/model_entries/2034-fright-fyrhte.model.md:33	Germanic/docs/lexeme_reports/model_entries/2034-fright-fyrhte.model.md	auto
oe	fyrhto	fyrhto	fyrhto	comparison_form	explicit_tag	Germanic/docs/lexeme_reports/model_entries/2034-fright-fyrhte.model.md:61	Germanic/docs/lexeme_reports/model_entries/2034-fright-fyrhte.model.md	auto
oe	fyrhtu	fyrhtu	fyrhtu	comparison_form	explicit_tag	Germanic/docs/lexeme_reports/model_entries/2034-fright-fyrhte.model.md:33	Germanic/docs/lexeme_reports/model_entries/2034-fright-fyrhte.model.md	auto
oe	fyrhtu	fyrhtu	fyrhtu	comparison_form	explicit_tag	Germanic/docs/lexeme_reports/model_entries/2034-fright-fyrhte.model.md:61	Germanic/docs/lexeme_reports/model_entries/2034-fright-fyrhte.model.md	auto
oe	galla	galla	galla	comparison_form	explicit_tag	Germanic/docs/lexeme_reports/model_entries/2037-gall-ġealla.model.md:38	Germanic/docs/lexeme_reports/model_entries/2037-gall-ġealla.model.md	auto
oe	galla	galla	galla	comparison_form	explicit_tag	Germanic/docs/lexeme_reports/model_entries/2037-gall-ġealla.model.md:61	Germanic/docs/lexeme_reports/model_entries/2037-gall-ġealla.model.md	auto
oe	gang	gang	gang	comparison_form	explicit_tag	Germanic/docs/lexeme_reports/model_entries/2038-gang-gang.model.md:21	Germanic/docs/lexeme_reports/model_entries/2038-gang-gang.model.md	auto
oe	gang	gang	gang	comparison_form	explicit_tag	Germanic/docs/lexeme_reports/model_entries/2038-gang-gang.model.md:25	Germanic/docs/lexeme_reports/model_entries/2038-gang-gang.model.md	auto
oe	gang	gang	gang	comparison_form	explicit_tag	Germanic/docs/lexeme_reports/model_entries/2038-gang-gang.model.md:29	Germanic/docs/lexeme_reports/model_entries/2038-gang-gang.model.md	auto
oe	gang	gang	gang	comparison_form	explicit_tag	Germanic/docs/lexeme_reports/model_entries/2038-gang-gang.model.md:33	Germanic/docs/lexeme_reports/model_entries/2038-gang-gang.model.md	auto
oe	gang	gang	gang	target_form	lexical_heading	gang — OE gang	manifest	auto
oe	gangan	gangan	gangan	comparison_form	broad_prose_decision	Germanic/docs/lexeme_reports/model_entries/2038-gang-gang.model.md:29	broad_prose_curated	override
oe	geafa	geafa	geafa	comparison_form	broad_prose_decision	Germanic/docs/lexeme_reports/model_entries/2041-give-ġiefan.model.md:21	broad_prose_curated	override
oe	geafa	geafa	geafa	comparison_form	broad_prose_decision	Germanic/docs/lexeme_reports/model_entries/2041-give-ġiefan.model.md:29	broad_prose_curated	override
oe	gealla	gealla	gealla	target_form	explicit_tag	Germanic/docs/lexeme_reports/model_entries/2037-gall-ġealla.model.md:32	Germanic/docs/lexeme_reports/model_entries/2037-gall-ġealla.model.md	auto
oe	gealla	gealla	gealla	target_form	explicit_tag	Germanic/docs/lexeme_reports/model_entries/2037-gall-ġealla.model.md:38	Germanic/docs/lexeme_reports/model_entries/2037-gall-ġealla.model.md	auto
oe	ġealla	ġealla	gealla	target_form	explicit_tag	Germanic/docs/lexeme_reports/model_entries/2037-gall-ġealla.model.md:35	Germanic/docs/lexeme_reports/model_entries/2037-gall-ġealla.model.md	auto
oe	ġealla	ġealla	gealla	target_form	explicit_tag	Germanic/docs/lexeme_reports/model_entries/2037-gall-ġealla.model.md:39	Germanic/docs/lexeme_reports/model_entries/2037-gall-ġealla.model.md	auto
oe	ġealla	ġealla	gealla	target_form	explicit_tag	Germanic/docs/lexeme_reports/model_entries/2037-gall-ġealla.model.md:60	Germanic/docs/lexeme_reports/model_entries/2037-gall-ġealla.model.md	auto
oe	ġealla	ġealla	gealla	target_form	lexical_heading	gall — OE ġealla	manifest	auto
oe	geallan	geallan	geallan	comparison_form	explicit_tag	Germanic/docs/lexeme_reports/model_entries/2037-gall-ġealla.model.md:33	Germanic/docs/lexeme_reports/model_entries/2037-gall-ġealla.model.md	auto
oe	gearn	gearn	gearn	comparison_form	explicit_tag	Germanic/docs/lexeme_reports/model_entries/2305-yarn-ġearn.model.md:21	Germanic/docs/lexeme_reports/model_entries/2305-yarn-ġearn.model.md	auto
oe	gearn	gearn	gearn	comparison_form	explicit_tag	Germanic/docs/lexeme_reports/model_entries/2305-yarn-ġearn.model.md:25	Germanic/docs/lexeme_reports/model_entries/2305-yarn-ġearn.model.md	auto
oe	ġearn	ġearn	gearn	target_form	lexical_heading	yarn — OE ġearn	manifest	auto
oe	ge-bann	ge-bann	gebann	comparison_form	explicit_tag	Germanic/docs/lexeme_reports/model_entries/1936-ban-bannes.model.md:32	Germanic/docs/lexeme_reports/model_entries/1936-ban-bannes.model.md	auto
oe	gebann	gebann	gebann	comparison_form	explicit_tag	Germanic/docs/lexeme_reports/model_entries/1936-ban-bannes.model.md:22	Germanic/docs/lexeme_reports/model_entries/1936-ban-bannes.model.md	auto
oe	gebanne	gebanne	gebanne	comparison_form	explicit_tag	Germanic/docs/lexeme_reports/model_entries/1936-ban-bannes.model.md:33	Germanic/docs/lexeme_reports/model_entries/1936-ban-bannes.model.md	auto
oe	ge-byrd	ge-byrd	gebyrd	comparison_form	broad_prose_decision	Germanic/docs/lexeme_reports/model_entries/1951-birth-byrd.model.md:25	broad_prose_curated	override
oe	gebyrd	gebyrd	gebyrd	comparison_form	broad_prose_decision	Germanic/docs/lexeme_reports/model_entries/1951-birth-byrd.model.md:25	broad_prose_curated	override
oe	gebyrdu	gebyrdu	gebyrdu	comparison_form	broad_prose_decision	Germanic/docs/lexeme_reports/model_entries/1951-birth-byrd.model.md:25	broad_prose_curated	override
oe	geoguþ	geoguþ	geoguth	target_form	explicit_tag	Germanic/docs/lexeme_reports/model_entries/2308-youth-ġeoguþ.model.md:35	Germanic/docs/lexeme_reports/model_entries/2308-youth-ġeoguþ.model.md	auto
oe	ġeoguþ	ġeoguþ	geoguth	target_form	explicit_tag	Germanic/docs/lexeme_reports/model_entries/2308-youth-ġeoguþ.model.md:36	Germanic/docs/lexeme_reports/model_entries/2308-youth-ġeoguþ.model.md	auto
oe	ġeoguþ	ġeoguþ	geoguth	target_form	explicit_tag	Germanic/docs/lexeme_reports/model_entries/2308-youth-ġeoguþ.model.md:40	Germanic/docs/lexeme_reports/model_entries/2308-youth-ġeoguþ.model.md	auto
oe	ġeoguþ	ġeoguþ	geoguth	target_form	lexical_heading	youth — OE ġeoguþ	manifest	auto
oe	gesundrian	gesundrian	gesundrian	comparison_form	explicit_tag	Germanic/docs/lexeme_reports/model_entries/2232-sunder-sundrian.model.md:23	Germanic/docs/lexeme_reports/model_entries/2232-sunder-sundrian.model.md	auto
oe	giefan	giefan	giefan	comparison_form	explicit_tag	Germanic/docs/lexeme_reports/model_entries/2041-give-ġiefan.model.md:21	Germanic/docs/lexeme_reports/model_entries/2041-give-ġiefan.model.md	auto
oe	giefan	giefan	giefan	comparison_form	explicit_tag	Germanic/docs/lexeme_reports/model_entries/2041-give-ġiefan.model.md:33	Germanic/docs/lexeme_reports/model_entries/2041-give-ġiefan.model.md	auto
oe	ġiefan	ġiefan	giefan	target_form	lexical_heading	give — OE ġiefan	manifest	auto
oe	ġiest	ġiest	giest	target_form	lexical_heading	guest — OE ġiest	manifest	auto
oe	ginnan	ginnan	ginnan	evidence_form	explicit_tag	Germanic/docs/lexeme_reports/model_entries/1943-begin-beġinnan.model.md:21	Germanic/docs/lexeme_reports/model_entries/1943-begin-beġinnan.model.md	auto
oe	gold	gold	gold	target_form	lexical_heading	gold — OE gold	manifest	auto
oe	græf	græf	graef	comparison_form	broad_prose_decision	Germanic/docs/lexeme_reports/model_entries/2046-grave-grafan.model.md:25	broad_prose_curated	override
oe	græf	græf	graef	comparison_form	broad_prose_decision	Germanic/docs/lexeme_reports/model_entries/2046-grave-grafan.model.md:33	broad_prose_curated	override
oe	græfð	græfð	graefd	comparison_form	broad_prose_decision	Germanic/docs/lexeme_reports/model_entries/2046-grave-grafan.model.md:33	broad_prose_curated	override
oe	græfen	græfen	graefen	comparison_form	broad_prose_decision	Germanic/docs/lexeme_reports/model_entries/2046-grave-grafan.model.md:33	broad_prose_curated	override
oe	grafan	grafan	grafan	comparison_form	explicit_tag	Germanic/docs/lexeme_reports/model_entries/2046-grave-grafan.model.md:21	Germanic/docs/lexeme_reports/model_entries/2046-grave-grafan.model.md	auto
oe	grafan	grafan	grafan	comparison_form	explicit_tag	Germanic/docs/lexeme_reports/model_entries/2046-grave-grafan.model.md:25	Germanic/docs/lexeme_reports/model_entries/2046-grave-grafan.model.md	auto
oe	grafan	grafan	grafan	comparison_form	explicit_tag	Germanic/docs/lexeme_reports/model_entries/2046-grave-grafan.model.md:29	Germanic/docs/lexeme_reports/model_entries/2046-grave-grafan.model.md	auto
oe	grafan	grafan	grafan	target_form	lexical_heading	grave — OE grafan	manifest	auto
oe	habban	habban	habban	comparison_form	explicit_tag	Germanic/docs/lexeme_reports/model_entries/2058-have-hæfeþ.model.md:22	Germanic/docs/lexeme_reports/model_entries/2058-have-hæfeþ.model.md	auto
oe	habban	habban	habban	comparison_form	explicit_tag	Germanic/docs/lexeme_reports/model_entries/2058-have-hæfeþ.model.md:34	Germanic/docs/lexeme_reports/model_entries/2058-have-hæfeþ.model.md	auto
oe	habban	habban	habban	comparison_form	explicit_tag	Germanic/docs/lexeme_reports/model_entries/2058-have-hæfeþ.model.md:41	Germanic/docs/lexeme_reports/model_entries/2058-have-hæfeþ.model.md	auto
oe	habban	habban	habban	comparison_form	explicit_tag	Germanic/docs/lexeme_reports/model_entries/2058-have-hæfeþ.model.md:46	Germanic/docs/lexeme_reports/model_entries/2058-have-hæfeþ.model.md	auto
oe	habban	habban	habban	comparison_form	explicit_tag	Germanic/docs/lexeme_reports/model_entries/2058-have-hæfeþ.model.md:50	Germanic/docs/lexeme_reports/model_entries/2058-have-hæfeþ.model.md	auto
oe	habban	habban	habban	comparison_form	explicit_tag	Germanic/docs/lexeme_reports/model_entries/2058-have-hæfeþ.model.md:61	Germanic/docs/lexeme_reports/model_entries/2058-have-hæfeþ.model.md	auto
oe	hæfed	hæfed	haefed	comparison_form	explicit_tag	Germanic/docs/lexeme_reports/model_entries/2058-have-hæfeþ.model.md:35	Germanic/docs/lexeme_reports/model_entries/2058-have-hæfeþ.model.md	auto
oe	hæfed	hæfed	haefed	comparison_form	explicit_tag	Germanic/docs/lexeme_reports/model_entries/2058-have-hæfeþ.model.md:48	Germanic/docs/lexeme_reports/model_entries/2058-have-hæfeþ.model.md	auto
oe	hæfeþ	hæfeþ	haefeth	target_form	explicit_tag	Germanic/docs/lexeme_reports/model_entries/2058-have-hæfeþ.model.md:37	Germanic/docs/lexeme_reports/model_entries/2058-have-hæfeþ.model.md	auto
oe	hæfeþ	hæfeþ	haefeth	target_form	explicit_tag	Germanic/docs/lexeme_reports/model_entries/2058-have-hæfeþ.model.md:45	Germanic/docs/lexeme_reports/model_entries/2058-have-hæfeþ.model.md	auto
oe	hæfeþ	hæfeþ	haefeth	target_form	explicit_tag	Germanic/docs/lexeme_reports/model_entries/2058-have-hæfeþ.model.md:48	Germanic/docs/lexeme_reports/model_entries/2058-have-hæfeþ.model.md	auto
oe	hæfeþ	hæfeþ	haefeth	target_form	explicit_tag	Germanic/docs/lexeme_reports/model_entries/2058-have-hæfeþ.model.md:62	Germanic/docs/lexeme_reports/model_entries/2058-have-hæfeþ.model.md	auto
oe	hæfeþ	hæfeþ	haefeth	target_form	lexical_heading	have — OE hæfeþ	manifest	auto
oe	hæfþ	hæfþ	haefth	comparison_form	explicit_tag	Germanic/docs/lexeme_reports/model_entries/2058-have-hæfeþ.model.md:63	Germanic/docs/lexeme_reports/model_entries/2058-have-hæfeþ.model.md	auto
oe	hǣr	hǣr	haer	target_form	lexical_heading	hair — OE hǣr	manifest	auto
oe	haldan	haldan	haldan	comparison_form	explicit_tag	Germanic/docs/lexeme_reports/model_entries/2077-hold-healdan.model.md:21	Germanic/docs/lexeme_reports/model_entries/2077-hold-healdan.model.md	auto
oe	haldan	haldan	haldan	comparison_form	explicit_tag	Germanic/docs/lexeme_reports/model_entries/2077-hold-healdan.model.md:33	Germanic/docs/lexeme_reports/model_entries/2077-hold-healdan.model.md	auto
oe	hamer	hamer	hamer	comparison_form	explicit_tag	Germanic/docs/lexeme_reports/model_entries/2053-hammer-hameres.model.md:22	Germanic/docs/lexeme_reports/model_entries/2053-hammer-hameres.model.md	auto
oe	hamer	hamer	hamer	comparison_form	explicit_tag	Germanic/docs/lexeme_reports/model_entries/2053-hammer-hameres.model.md:34	Germanic/docs/lexeme_reports/model_entries/2053-hammer-hameres.model.md	auto
oe	hamer	hamer	hamer	comparison_form	explicit_tag	Germanic/docs/lexeme_reports/model_entries/2053-hammer-hameres.model.md:46	Germanic/docs/lexeme_reports/model_entries/2053-hammer-hameres.model.md	auto
oe	hamer	hamer	hamer	comparison_form	explicit_tag	Germanic/docs/lexeme_reports/model_entries/2053-hammer-hameres.model.md:57	Germanic/docs/lexeme_reports/model_entries/2053-hammer-hameres.model.md	auto
oe	hameres	hameres	hameres	target_form	explicit_tag	Germanic/docs/lexeme_reports/model_entries/2053-hammer-hameres.model.md:32	Germanic/docs/lexeme_reports/model_entries/2053-hammer-hameres.model.md	auto
oe	hameres	hameres	hameres	target_form	explicit_tag	Germanic/docs/lexeme_reports/model_entries/2053-hammer-hameres.model.md:38	Germanic/docs/lexeme_reports/model_entries/2053-hammer-hameres.model.md	auto
oe	hameres	hameres	hameres	target_form	explicit_tag	Germanic/docs/lexeme_reports/model_entries/2053-hammer-hameres.model.md:43	Germanic/docs/lexeme_reports/model_entries/2053-hammer-hameres.model.md	auto
oe	hameres	hameres	hameres	target_form	explicit_tag	Germanic/docs/lexeme_reports/model_entries/2053-hammer-hameres.model.md:58	Germanic/docs/lexeme_reports/model_entries/2053-hammer-hameres.model.md	auto
oe	hameres	hameres	hameres	target_form	lexical_heading	hammer — OE hameres	manifest	auto
oe	hamor	hamor	hamor	comparison_form	explicit_tag	Germanic/docs/lexeme_reports/model_entries/2053-hammer-hameres.model.md:22	Germanic/docs/lexeme_reports/model_entries/2053-hammer-hameres.model.md	auto
oe	hamor	hamor	hamor	comparison_form	explicit_tag	Germanic/docs/lexeme_reports/model_entries/2053-hammer-hameres.model.md:34	Germanic/docs/lexeme_reports/model_entries/2053-hammer-hameres.model.md	auto
oe	hamor	hamor	hamor	comparison_form	explicit_tag	Germanic/docs/lexeme_reports/model_entries/2053-hammer-hameres.model.md:36	Germanic/docs/lexeme_reports/model_entries/2053-hammer-hameres.model.md	auto
oe	hamor	hamor	hamor	comparison_form	explicit_tag	Germanic/docs/lexeme_reports/model_entries/2053-hammer-hameres.model.md:46	Germanic/docs/lexeme_reports/model_entries/2053-hammer-hameres.model.md	auto
oe	hamor	hamor	hamor	comparison_form	explicit_tag	Germanic/docs/lexeme_reports/model_entries/2053-hammer-hameres.model.md:57	Germanic/docs/lexeme_reports/model_entries/2053-hammer-hameres.model.md	auto
oe	hamores	hamores	hamores	comparison_form	explicit_tag	Germanic/docs/lexeme_reports/model_entries/2053-hammer-hameres.model.md:36	Germanic/docs/lexeme_reports/model_entries/2053-hammer-hameres.model.md	auto
oe	hamores	hamores	hamores	comparison_form	explicit_tag	Germanic/docs/lexeme_reports/model_entries/2053-hammer-hameres.model.md:59	Germanic/docs/lexeme_reports/model_entries/2053-hammer-hameres.model.md	auto
oe	healdan	healdan	healdan	comparison_form	explicit_tag	Germanic/docs/lexeme_reports/model_entries/2077-hold-healdan.model.md:21	Germanic/docs/lexeme_reports/model_entries/2077-hold-healdan.model.md	auto
oe	healdan	healdan	healdan	comparison_form	explicit_tag	Germanic/docs/lexeme_reports/model_entries/2077-hold-healdan.model.md:29	Germanic/docs/lexeme_reports/model_entries/2077-hold-healdan.model.md	auto
oe	healdan	healdan	healdan	comparison_form	explicit_tag	Germanic/docs/lexeme_reports/model_entries/2077-hold-healdan.model.md:33	Germanic/docs/lexeme_reports/model_entries/2077-hold-healdan.model.md	auto
oe	healdan	healdan	healdan	target_form	lexical_heading	hold — OE healdan	manifest	auto
oe	hefen	hefen	hefen	evidence_form	explicit_tag	Germanic/docs/lexeme_reports/model_entries/2068-heaven-heofon.model.md:29	Germanic/docs/lexeme_reports/model_entries/2068-heaven-heofon.model.md	auto
oe	hefen	hefen	hefen	evidence_form	explicit_tag	Germanic/docs/lexeme_reports/model_entries/2068-heaven-heofon.model.md:34	Germanic/docs/lexeme_reports/model_entries/2068-heaven-heofon.model.md	auto
oe	hefen	hefen	hefen	evidence_form	explicit_tag	Germanic/docs/lexeme_reports/model_entries/2068-heaven-heofon.model.md:46	Germanic/docs/lexeme_reports/model_entries/2068-heaven-heofon.model.md	auto
oe	hefen	hefen	hefen	evidence_form	explicit_tag	Germanic/docs/lexeme_reports/model_entries/2068-heaven-heofon.model.md:50	Germanic/docs/lexeme_reports/model_entries/2068-heaven-heofon.model.md	auto
oe	hefen	hefen	hefen	evidence_form	explicit_tag	Germanic/docs/lexeme_reports/model_entries/2068-heaven-heofon.model.md:61	Germanic/docs/lexeme_reports/model_entries/2068-heaven-heofon.model.md	auto
oe	hefzen	hefzen	hefzen	evidence_form	explicit_tag	Germanic/docs/lexeme_reports/model_entries/2068-heaven-heofon.model.md:35	Germanic/docs/lexeme_reports/model_entries/2068-heaven-heofon.model.md	auto
oe	hefzen	hefzen	hefzen	evidence_form	explicit_tag	Germanic/docs/lexeme_reports/model_entries/2068-heaven-heofon.model.md:46	Germanic/docs/lexeme_reports/model_entries/2068-heaven-heofon.model.md	auto
oe	hefzen	hefzen	hefzen	evidence_form	explicit_tag	Germanic/docs/lexeme_reports/model_entries/2068-heaven-heofon.model.md:63	Germanic/docs/lexeme_reports/model_entries/2068-heaven-heofon.model.md	auto
oe	heġġ	heġġ	hegg	target_form	lexical_heading	hedge — OE heġġ	manifest	auto
oe	helm	helm	helm	comparison_form	explicit_tag	Germanic/docs/lexeme_reports/model_entries/2070-helm-helm.model.md:25	Germanic/docs/lexeme_reports/model_entries/2070-helm-helm.model.md	auto
oe	helm	helm	helm	comparison_form	explicit_tag	Germanic/docs/lexeme_reports/model_entries/2070-helm-helm.model.md:29	Germanic/docs/lexeme_reports/model_entries/2070-helm-helm.model.md	auto
oe	helm	helm	helm	target_form	lexical_heading	helm — OE helm	manifest	auto
oe	helma	helma	helma	comparison_form	explicit_tag	Germanic/docs/lexeme_reports/model_entries/2070-helm-helm.model.md:25	Germanic/docs/lexeme_reports/model_entries/2070-helm-helm.model.md	auto
oe	helma	helma	helma	comparison_form	explicit_tag	Germanic/docs/lexeme_reports/model_entries/2070-helm-helm.model.md:33	Germanic/docs/lexeme_reports/model_entries/2070-helm-helm.model.md	auto
oe	help	help	help	comparison_form	explicit_tag	Germanic/docs/lexeme_reports/model_entries/2071-help-helpan.model.md:21	Germanic/docs/lexeme_reports/model_entries/2071-help-helpan.model.md	auto
oe	help	help	help	comparison_form	explicit_tag	Germanic/docs/lexeme_reports/model_entries/2071-help-helpan.model.md:33	Germanic/docs/lexeme_reports/model_entries/2071-help-helpan.model.md	auto
oe	helpan	helpan	helpan	comparison_form	explicit_tag	Germanic/docs/lexeme_reports/model_entries/2071-help-helpan.model.md:25	Germanic/docs/lexeme_reports/model_entries/2071-help-helpan.model.md	auto
oe	helpan	helpan	helpan	comparison_form	explicit_tag	Germanic/docs/lexeme_reports/model_entries/2071-help-helpan.model.md:29	Germanic/docs/lexeme_reports/model_entries/2071-help-helpan.model.md	auto
oe	helpan	helpan	helpan	comparison_form	explicit_tag	Germanic/docs/lexeme_reports/model_entries/2071-help-helpan.model.md:33	Germanic/docs/lexeme_reports/model_entries/2071-help-helpan.model.md	auto
oe	helpan	helpan	helpan	target_form	lexical_heading	help — OE helpan	manifest	auto
oe	heofen	heofen	heofen	evidence_form	explicit_tag	Germanic/docs/lexeme_reports/model_entries/2068-heaven-heofon.model.md:28	Germanic/docs/lexeme_reports/model_entries/2068-heaven-heofon.model.md	auto
oe	heofen	heofen	heofen	evidence_form	explicit_tag	Germanic/docs/lexeme_reports/model_entries/2068-heaven-heofon.model.md:61	Germanic/docs/lexeme_reports/model_entries/2068-heaven-heofon.model.md	auto
oe	heofon	heofon	heofon	evidence_form	explicit_tag	Germanic/docs/lexeme_reports/model_entries/2068-heaven-heofon.model.md:27	Germanic/docs/lexeme_reports/model_entries/2068-heaven-heofon.model.md	auto
oe	heofon	heofon	heofon	evidence_form	explicit_tag	Germanic/docs/lexeme_reports/model_entries/2068-heaven-heofon.model.md:28	Germanic/docs/lexeme_reports/model_entries/2068-heaven-heofon.model.md	auto
oe	heofon	heofon	heofon	evidence_form	explicit_tag	Germanic/docs/lexeme_reports/model_entries/2068-heaven-heofon.model.md:33	Germanic/docs/lexeme_reports/model_entries/2068-heaven-heofon.model.md	auto
oe	heofon	heofon	heofon	evidence_form	explicit_tag	Germanic/docs/lexeme_reports/model_entries/2068-heaven-heofon.model.md:38	Germanic/docs/lexeme_reports/model_entries/2068-heaven-heofon.model.md	auto
oe	heofon	heofon	heofon	evidence_form	explicit_tag	Germanic/docs/lexeme_reports/model_entries/2068-heaven-heofon.model.md:46	Germanic/docs/lexeme_reports/model_entries/2068-heaven-heofon.model.md	auto
oe	heofon	heofon	heofon	evidence_form	explicit_tag	Germanic/docs/lexeme_reports/model_entries/2068-heaven-heofon.model.md:47	Germanic/docs/lexeme_reports/model_entries/2068-heaven-heofon.model.md	auto
oe	heofon	heofon	heofon	evidence_form	explicit_tag	Germanic/docs/lexeme_reports/model_entries/2068-heaven-heofon.model.md:51	Germanic/docs/lexeme_reports/model_entries/2068-heaven-heofon.model.md	auto
oe	heofon	heofon	heofon	comparison_form	explicit_tag	Germanic/docs/lexeme_reports/model_entries/2068-heaven-heofon.model.md:57	Germanic/docs/lexeme_reports/model_entries/2068-heaven-heofon.model.md	auto
oe	heofon	heofon	heofon	evidence_form	explicit_tag	Germanic/docs/lexeme_reports/model_entries/2068-heaven-heofon.model.md:62	Germanic/docs/lexeme_reports/model_entries/2068-heaven-heofon.model.md	auto
oe	heofon	heofon	heofon	comparison_form	explicit_tag	Germanic/docs/lexeme_reports/model_entries/2216-stem-stefn.model.md:69	Germanic/docs/lexeme_reports/model_entries/2216-stem-stefn.model.md	auto
oe	heofon	heofon	heofon	target_form	lexical_heading	heaven — OE heofon	manifest	auto
oe	here	here	here	comparison_form	explicit_tag	Germanic/docs/lexeme_reports/model_entries/1946-berry-berġes.model.md:26	Germanic/docs/lexeme_reports/model_entries/1946-berry-berġes.model.md	auto
oe	here	here	here	comparison_form	explicit_tag	Germanic/docs/lexeme_reports/model_entries/1946-berry-berġes.model.md:41	Germanic/docs/lexeme_reports/model_entries/1946-berry-berġes.model.md	auto
oe	herges	herges	herges	comparison_form	explicit_tag	Germanic/docs/lexeme_reports/model_entries/1946-berry-berġes.model.md:26	Germanic/docs/lexeme_reports/model_entries/1946-berry-berġes.model.md	auto
oe	herges	herges	herges	comparison_form	explicit_tag	Germanic/docs/lexeme_reports/model_entries/1946-berry-berġes.model.md:41	Germanic/docs/lexeme_reports/model_entries/1946-berry-berġes.model.md	auto
oe	hierfest	hierfest	hierfest	target_form	lexical_heading	harvest — OE hierfest	manifest	auto
oe	hīez	hīez	hiez	comparison_form	explicit_tag	Germanic/docs/lexeme_reports/model_entries/2227-strew-strīeġan.model.md:32	Germanic/docs/lexeme_reports/model_entries/2227-strew-strīeġan.model.md	auto
oe	hind	hind	hind	comparison_form	explicit_tag	Germanic/docs/lexeme_reports/model_entries/2075-hind-hind.model.md:25	Germanic/docs/lexeme_reports/model_entries/2075-hind-hind.model.md	auto
oe	hind	hind	hind	target_form	lexical_heading	hind — OE hind	manifest	auto
oe	hladan	hladan	hladan	comparison_form	explicit_tag	Germanic/docs/lexeme_reports/model_entries/2088-lade-hladan.model.md:21	Germanic/docs/lexeme_reports/model_entries/2088-lade-hladan.model.md	auto
oe	hladan	hladan	hladan	target_form	table_semantic_auto	Germanic/docs/lexeme_reports/model_entries/2088-lade-hladan.model.md:56	table_semantic_rule	auto
oe	hladan	hladan	hladan	target_form	lexical_heading	lade — OE hladan	manifest	auto
oe	hlæhhan	hlæhhan	hlaehhan	comparison_form	table_semantic_decision	Germanic/docs/lexeme_reports/model_entries/2092-laugh-hliehhan.model.md:58	table_semantic_decision	override
oe	hleahtor	hleahtor	hleahtor	comparison_form	broad_prose_decision	Germanic/docs/lexeme_reports/model_entries/2092-laugh-hliehhan.model.md:46	broad_prose_curated	override
oe	hlehhan	hlehhan	hlehhan	comparison_form	table_semantic_decision	Germanic/docs/lexeme_reports/model_entries/2092-laugh-hliehhan.model.md:58	table_semantic_decision	override
oe	hlid	hlid	hlid	comparison_form	explicit_tag	Germanic/docs/lexeme_reports/model_entries/2100-lid-hlid.model.md:21	Germanic/docs/lexeme_reports/model_entries/2100-lid-hlid.model.md	auto
oe	hlid	hlid	hlid	comparison_form	explicit_tag	Germanic/docs/lexeme_reports/model_entries/2100-lid-hlid.model.md:25	Germanic/docs/lexeme_reports/model_entries/2100-lid-hlid.model.md	auto
oe	hlid	hlid	hlid	target_form	lexical_heading	lid — OE hlid	manifest	auto
oe	hliehhan	hliehhan	hliehhan	comparison_form	explicit_tag	Germanic/docs/lexeme_reports/model_entries/2092-laugh-hliehhan.model.md:23	Germanic/docs/lexeme_reports/model_entries/2092-laugh-hliehhan.model.md	auto
oe	hliehhan	hliehhan	hliehhan	comparison_form	explicit_tag	Germanic/docs/lexeme_reports/model_entries/2092-laugh-hliehhan.model.md:33	Germanic/docs/lexeme_reports/model_entries/2092-laugh-hliehhan.model.md	auto
oe	hliehhan	hliehhan	hliehhan	comparison_form	explicit_tag	Germanic/docs/lexeme_reports/model_entries/2092-laugh-hliehhan.model.md:36	Germanic/docs/lexeme_reports/model_entries/2092-laugh-hliehhan.model.md	auto
oe	hliehhan	hliehhan	hliehhan	comparison_form	explicit_tag	Germanic/docs/lexeme_reports/model_entries/2092-laugh-hliehhan.model.md:38	Germanic/docs/lexeme_reports/model_entries/2092-laugh-hliehhan.model.md	auto
oe	hliehhan	hliehhan	hliehhan	comparison_form	explicit_tag	Germanic/docs/lexeme_reports/model_entries/2092-laugh-hliehhan.model.md:44	Germanic/docs/lexeme_reports/model_entries/2092-laugh-hliehhan.model.md	auto
oe	hliehhan	hliehhan	hliehhan	target_form	table_semantic_auto	Germanic/docs/lexeme_reports/model_entries/2092-laugh-hliehhan.model.md:57	table_semantic_rule	auto
oe	hliehhan	hliehhan	hliehhan	target_form	lexical_heading	laugh — OE hliehhan	manifest	auto
oe	hlihhan	hlihhan	hlihhan	comparison_form	explicit_tag	Germanic/docs/lexeme_reports/model_entries/2092-laugh-hliehhan.model.md:31	Germanic/docs/lexeme_reports/model_entries/2092-laugh-hliehhan.model.md	auto
oe	hnacca	hnacca	hnacca	comparison_form	explicit_tag	Germanic/docs/lexeme_reports/model_entries/2134-neck-hnecca.model.md:57	Germanic/docs/lexeme_reports/model_entries/2134-neck-hnecca.model.md	auto
oe	hnecca	hnecca	hnecca	comparison_form	explicit_tag	Germanic/docs/lexeme_reports/model_entries/2134-neck-hnecca.model.md:23	Germanic/docs/lexeme_reports/model_entries/2134-neck-hnecca.model.md	auto
oe	hnecca	hnecca	hnecca	comparison_form	explicit_tag	Germanic/docs/lexeme_reports/model_entries/2134-neck-hnecca.model.md:33	Germanic/docs/lexeme_reports/model_entries/2134-neck-hnecca.model.md	auto
oe	hnecca	hnecca	hnecca	comparison_form	explicit_tag	Germanic/docs/lexeme_reports/model_entries/2134-neck-hnecca.model.md:34	Germanic/docs/lexeme_reports/model_entries/2134-neck-hnecca.model.md	auto
oe	hnecca	hnecca	hnecca	target_form	explicit_tag	Germanic/docs/lexeme_reports/model_entries/2134-neck-hnecca.model.md:44	Germanic/docs/lexeme_reports/model_entries/2134-neck-hnecca.model.md	auto
oe	hnecca	hnecca	hnecca	target_form	explicit_tag	Germanic/docs/lexeme_reports/model_entries/2134-neck-hnecca.model.md:58	Germanic/docs/lexeme_reports/model_entries/2134-neck-hnecca.model.md	auto
oe	hnecca	hnecca	hnecca	target_form	lexical_heading	neck — OE hnecca	manifest	auto
oe	horn	horn	horn	target_form	lexical_heading	horn — OE horn	manifest	auto
oe	hrefn	hrefn	hrefn	evidence_form	broad_prose_decision	Germanic/docs/lexeme_reports/model_entries/2250-thistle-þistles.model.md:36	broad_prose_curated	override
oe	hū	hū	hu	evidence_form	broad_prose_decision	Germanic/docs/lexeme_reports/model_entries/1958-both-bū.model.md:51	broad_prose_curated	override
oe	hunig	hunig	hunig	evidence_form	broad_prose_decision	Germanic/docs/lexeme_reports/model_entries/2296-withy-wīþiġ.model.md:27	broad_prose_curated	override
oe	hwæl	hwæl	hwael	target_form	explicit_tag	Germanic/docs/lexeme_reports/model_entries/2284-whale-hwæl.model.md:36	Germanic/docs/lexeme_reports/model_entries/2284-whale-hwæl.model.md	auto
oe	hwæl	hwæl	hwael	target_form	explicit_tag	Germanic/docs/lexeme_reports/model_entries/2284-whale-hwæl.model.md:41	Germanic/docs/lexeme_reports/model_entries/2284-whale-hwæl.model.md	auto
oe	hwæl	hwæl	hwael	comparison_form	explicit_tag	Germanic/docs/lexeme_reports/model_entries/2284-whale-hwæl.model.md:47	Germanic/docs/lexeme_reports/model_entries/2284-whale-hwæl.model.md	auto
oe	hwæl	hwæl	hwael	target_form	explicit_tag	Germanic/docs/lexeme_reports/model_entries/2284-whale-hwæl.model.md:59	Germanic/docs/lexeme_reports/model_entries/2284-whale-hwæl.model.md	auto
oe	hwæl	hwæl	hwael	target_form	lexical_heading	whale — OE hwæl	manifest	auto
oe	hwal	hwal	hwal	comparison_form	explicit_tag	Germanic/docs/lexeme_reports/model_entries/2284-whale-hwæl.model.md:33	Germanic/docs/lexeme_reports/model_entries/2284-whale-hwæl.model.md	auto
oe	hwalas	hwalas	hwalas	comparison_form	explicit_tag	Germanic/docs/lexeme_reports/model_entries/2284-whale-hwæl.model.md:34	Germanic/docs/lexeme_reports/model_entries/2284-whale-hwæl.model.md	auto
oe	hwalas	hwalas	hwalas	comparison_form	explicit_tag	Germanic/docs/lexeme_reports/model_entries/2284-whale-hwæl.model.md:39	Germanic/docs/lexeme_reports/model_entries/2284-whale-hwæl.model.md	auto
oe	hwalas	hwalas	hwalas	comparison_form	explicit_tag	Germanic/docs/lexeme_reports/model_entries/2284-whale-hwæl.model.md:59	Germanic/docs/lexeme_reports/model_entries/2284-whale-hwæl.model.md	auto
oe	hwinan	hwinan	hwinan	comparison_form	explicit_tag	Germanic/docs/lexeme_reports/model_entries/2286-whine-hwīnan.model.md:26	Germanic/docs/lexeme_reports/model_entries/2286-whine-hwīnan.model.md	auto
oe	hwinan	hwinan	hwinan	comparison_form	explicit_tag	Germanic/docs/lexeme_reports/model_entries/2286-whine-hwīnan.model.md:37	Germanic/docs/lexeme_reports/model_entries/2286-whine-hwīnan.model.md	auto
oe	hwinan	hwinan	hwinan	comparison_form	explicit_tag	Germanic/docs/lexeme_reports/model_entries/2286-whine-hwīnan.model.md:42	Germanic/docs/lexeme_reports/model_entries/2286-whine-hwīnan.model.md	auto
oe	hwinan	hwinan	hwinan	comparison_form	explicit_tag	Germanic/docs/lexeme_reports/model_entries/2286-whine-hwīnan.model.md:65	Germanic/docs/lexeme_reports/model_entries/2286-whine-hwīnan.model.md	auto
oe	hwīnan	hwīnan	hwinan	target_form	explicit_tag	Germanic/docs/lexeme_reports/model_entries/2286-whine-hwīnan.model.md:23	Germanic/docs/lexeme_reports/model_entries/2286-whine-hwīnan.model.md	auto
oe	hwīnan	hwīnan	hwinan	target_form	explicit_tag	Germanic/docs/lexeme_reports/model_entries/2286-whine-hwīnan.model.md:41	Germanic/docs/lexeme_reports/model_entries/2286-whine-hwīnan.model.md	auto
oe	hwīnan	hwīnan	hwinan	target_form	explicit_tag	Germanic/docs/lexeme_reports/model_entries/2286-whine-hwīnan.model.md:50	Germanic/docs/lexeme_reports/model_entries/2286-whine-hwīnan.model.md	auto
oe	hwīnan	hwīnan	hwinan	target_form	explicit_tag	Germanic/docs/lexeme_reports/model_entries/2286-whine-hwīnan.model.md:64	Germanic/docs/lexeme_reports/model_entries/2286-whine-hwīnan.model.md	auto
oe	hwīnan	hwīnan	hwinan	target_form	explicit_tag	Germanic/docs/lexeme_reports/model_entries/2286-whine-hwīnan.model.md:65	Germanic/docs/lexeme_reports/model_entries/2286-whine-hwīnan.model.md	auto
oe	hwīnan	hwīnan	hwinan	target_form	lexical_heading	whine — OE hwīnan	manifest	auto
oe	hycgan	hycgan	hycgan	comparison_form	broad_prose_decision	Germanic/docs/lexeme_reports/model_entries/2248-think-þenċan.model.md:33	broad_prose_curated	override
oe	iuguþ	iuguþ	iuguth	comparison_form	explicit_tag	Germanic/docs/lexeme_reports/model_entries/2308-youth-ġeoguþ.model.md:35	Germanic/docs/lexeme_reports/model_entries/2308-youth-ġeoguþ.model.md	auto
oe	iuzuð	iuzuð	iuzuth	comparison_form	explicit_tag	Germanic/docs/lexeme_reports/model_entries/2308-youth-ġeoguþ.model.md:53	Germanic/docs/lexeme_reports/model_entries/2308-youth-ġeoguþ.model.md	auto
oe	lǣdan	lǣdan	laedan	target_form	lexical_heading	lead — OE lǣdan	manifest	auto
oe	lām	lām	lam	target_form	table_semantic_auto	Germanic/docs/lexeme_reports/model_entries/2109-loam-lām.model.md:53	table_semantic_rule	auto
oe	lām	lām	lam	target_form	lexical_heading	loam — OE lām	manifest	auto
oe	lapian	lapian	lapian	evidence_form	broad_prose_decision	Germanic/docs/lexeme_reports/model_entries/2309-make-(iptv.2sg)-maca.model.md:22	broad_prose_curated	override
oe	lappa	lappa	lappa	target_form	table_semantic_auto	Germanic/docs/lexeme_reports/model_entries/2090-lap-lappa.model.md:58	table_semantic_rule	auto
oe	lappa	lappa	lappa	target_form	lexical_heading	lap — OE lappa	manifest	auto
oe	leornian	leornian	leornian	comparison_form	table_semantic_decision	Germanic/docs/lexeme_reports/model_entries/2095-learn-liornian.model.md:59	table_semantic_decision	override
oe	leornian	leornian	leornian	comparison_form	explicit_tag	Germanic/docs/lexeme_reports/model_entries/2313-learn-(iptv.2sg)-liorna.model.md:22	Germanic/docs/lexeme_reports/model_entries/2313-learn-(iptv.2sg)-liorna.model.md	auto
oe	leornian	leornian	leornian	comparison_form	explicit_tag	Germanic/docs/lexeme_reports/model_entries/2313-learn-(iptv.2sg)-liorna.model.md:38	Germanic/docs/lexeme_reports/model_entries/2313-learn-(iptv.2sg)-liorna.model.md	auto
oe	leornian	leornian	leornian	comparison_form	explicit_tag	Germanic/docs/lexeme_reports/model_entries/2313-learn-(iptv.2sg)-liorna.model.md:60	Germanic/docs/lexeme_reports/model_entries/2313-learn-(iptv.2sg)-liorna.model.md	auto
oe	leornian	leornian	leornian	comparison_form	explicit_tag	Germanic/docs/lexeme_reports/model_entries/2314-learn-(3sg)-liornaþ.model.md:22	Germanic/docs/lexeme_reports/model_entries/2314-learn-(3sg)-liornaþ.model.md	auto
oe	leornian	leornian	leornian	comparison_form	explicit_tag	Germanic/docs/lexeme_reports/model_entries/2314-learn-(3sg)-liornaþ.model.md:35	Germanic/docs/lexeme_reports/model_entries/2314-learn-(3sg)-liornaþ.model.md	auto
oe	leornian	leornian	leornian	comparison_form	explicit_tag	Germanic/docs/lexeme_reports/model_entries/2314-learn-(3sg)-liornaþ.model.md:39	Germanic/docs/lexeme_reports/model_entries/2314-learn-(3sg)-liornaþ.model.md	auto
oe	leornian	leornian	leornian	comparison_form	explicit_tag	Germanic/docs/lexeme_reports/model_entries/2314-learn-(3sg)-liornaþ.model.md:67	Germanic/docs/lexeme_reports/model_entries/2314-learn-(3sg)-liornaþ.model.md	auto
oe	lēosan	lēosan	leosan	target_form	lexical_heading	forlorn — OE lēosan	manifest	auto
oe	libban	libban	libban	comparison_form	explicit_tag	Germanic/docs/lexeme_reports/model_entries/2107-live-lifeþ.model.md:22	Germanic/docs/lexeme_reports/model_entries/2107-live-lifeþ.model.md	auto
oe	libban	libban	libban	comparison_form	explicit_tag	Germanic/docs/lexeme_reports/model_entries/2107-live-lifeþ.model.md:33	Germanic/docs/lexeme_reports/model_entries/2107-live-lifeþ.model.md	auto
oe	libban	libban	libban	comparison_form	explicit_tag	Germanic/docs/lexeme_reports/model_entries/2107-live-lifeþ.model.md:56	Germanic/docs/lexeme_reports/model_entries/2107-live-lifeþ.model.md	auto
oe	licca	licca	licca	target_form	explicit_tag	Germanic/docs/lexeme_reports/model_entries/2315-lick-(iptv.2sg)-licca.model.md:30	Germanic/docs/lexeme_reports/model_entries/2315-lick-(iptv.2sg)-licca.model.md	auto
oe	licca	licca	licca	target_form	explicit_tag	Germanic/docs/lexeme_reports/model_entries/2315-lick-(iptv.2sg)-licca.model.md:43	Germanic/docs/lexeme_reports/model_entries/2315-lick-(iptv.2sg)-licca.model.md	auto
oe	licca	licca	licca	comparison_form	explicit_tag	Germanic/docs/lexeme_reports/model_entries/2316-lick-(3sg)-liccaþ.model.md:30	Germanic/docs/lexeme_reports/model_entries/2316-lick-(3sg)-liccaþ.model.md	auto
oe	licca	licca	licca	comparison_form	explicit_tag	Germanic/docs/lexeme_reports/model_entries/2316-lick-(3sg)-liccaþ.model.md:43	Germanic/docs/lexeme_reports/model_entries/2316-lick-(3sg)-liccaþ.model.md	auto
oe	licca	licca	licca	target_form	lexical_heading	lick (iptv.2sg) — OE licca	manifest	auto
oe	liccaþ	liccaþ	liccath	comparison_form	explicit_tag	Germanic/docs/lexeme_reports/model_entries/2315-lick-(iptv.2sg)-licca.model.md:30	Germanic/docs/lexeme_reports/model_entries/2315-lick-(iptv.2sg)-licca.model.md	auto
oe	liccaþ	liccaþ	liccath	comparison_form	explicit_tag	Germanic/docs/lexeme_reports/model_entries/2315-lick-(iptv.2sg)-licca.model.md:44	Germanic/docs/lexeme_reports/model_entries/2315-lick-(iptv.2sg)-licca.model.md	auto
oe	liccaþ	liccaþ	liccath	target_form	explicit_tag	Germanic/docs/lexeme_reports/model_entries/2316-lick-(3sg)-liccaþ.model.md:30	Germanic/docs/lexeme_reports/model_entries/2316-lick-(3sg)-liccaþ.model.md	auto
oe	liccaþ	liccaþ	liccath	target_form	explicit_tag	Germanic/docs/lexeme_reports/model_entries/2316-lick-(3sg)-liccaþ.model.md:44	Germanic/docs/lexeme_reports/model_entries/2316-lick-(3sg)-liccaþ.model.md	auto
oe	liccaþ	liccaþ	liccath	target_form	lexical_heading	lick (3sg) — OE liccaþ	manifest	auto
oe	liccian	liccian	liccian	comparison_form	explicit_tag	Germanic/docs/lexeme_reports/model_entries/2315-lick-(iptv.2sg)-licca.model.md:22	Germanic/docs/lexeme_reports/model_entries/2315-lick-(iptv.2sg)-licca.model.md	auto
oe	liccian	liccian	liccian	comparison_form	explicit_tag	Germanic/docs/lexeme_reports/model_entries/2315-lick-(iptv.2sg)-licca.model.md:30	Germanic/docs/lexeme_reports/model_entries/2315-lick-(iptv.2sg)-licca.model.md	auto
oe	liccian	liccian	liccian	comparison_form	explicit_tag	Germanic/docs/lexeme_reports/model_entries/2315-lick-(iptv.2sg)-licca.model.md:42	Germanic/docs/lexeme_reports/model_entries/2315-lick-(iptv.2sg)-licca.model.md	auto
oe	liccian	liccian	liccian	comparison_form	explicit_tag	Germanic/docs/lexeme_reports/model_entries/2316-lick-(3sg)-liccaþ.model.md:22	Germanic/docs/lexeme_reports/model_entries/2316-lick-(3sg)-liccaþ.model.md	auto
oe	liccian	liccian	liccian	comparison_form	explicit_tag	Germanic/docs/lexeme_reports/model_entries/2316-lick-(3sg)-liccaþ.model.md:30	Germanic/docs/lexeme_reports/model_entries/2316-lick-(3sg)-liccaþ.model.md	auto
oe	liccian	liccian	liccian	comparison_form	explicit_tag	Germanic/docs/lexeme_reports/model_entries/2316-lick-(3sg)-liccaþ.model.md:42	Germanic/docs/lexeme_reports/model_entries/2316-lick-(3sg)-liccaþ.model.md	auto
oe	liehtan	liehtan	liehtan	comparison_form	explicit_tag	Germanic/docs/lexeme_reports/model_entries/2102-light-līehtan.model.md:21	Germanic/docs/lexeme_reports/model_entries/2102-light-līehtan.model.md	auto
oe	liehtan	liehtan	liehtan	comparison_form	explicit_tag	Germanic/docs/lexeme_reports/model_entries/2102-light-līehtan.model.md:33	Germanic/docs/lexeme_reports/model_entries/2102-light-līehtan.model.md	auto
oe	līehtan	līehtan	liehtan	target_form	lexical_heading	light — OE līehtan	manifest	auto
oe	lifed	lifed	lifed	comparison_form	explicit_tag	Germanic/docs/lexeme_reports/model_entries/2107-live-lifeþ.model.md:24	Germanic/docs/lexeme_reports/model_entries/2107-live-lifeþ.model.md	auto
oe	lifed	lifed	lifed	comparison_form	explicit_tag	Germanic/docs/lexeme_reports/model_entries/2107-live-lifeþ.model.md:35	Germanic/docs/lexeme_reports/model_entries/2107-live-lifeþ.model.md	auto
oe	lifed	lifed	lifed	comparison_form	explicit_tag	Germanic/docs/lexeme_reports/model_entries/2107-live-lifeþ.model.md:45	Germanic/docs/lexeme_reports/model_entries/2107-live-lifeþ.model.md	auto
oe	lifed	lifed	lifed	comparison_form	explicit_tag	Germanic/docs/lexeme_reports/model_entries/2107-live-lifeþ.model.md:57	Germanic/docs/lexeme_reports/model_entries/2107-live-lifeþ.model.md	auto
oe	lifeþ	lifeþ	lifeth	target_form	explicit_tag	Germanic/docs/lexeme_reports/model_entries/2107-live-lifeþ.model.md:36	Germanic/docs/lexeme_reports/model_entries/2107-live-lifeþ.model.md	auto
oe	lifeþ	lifeþ	lifeth	target_form	explicit_tag	Germanic/docs/lexeme_reports/model_entries/2107-live-lifeþ.model.md:57	Germanic/docs/lexeme_reports/model_entries/2107-live-lifeþ.model.md	auto
oe	lifeþ	lifeþ	lifeth	target_form	lexical_heading	live — OE lifeþ	manifest	auto
oe	lifian	lifian	lifian	comparison_form	explicit_tag	Germanic/docs/lexeme_reports/model_entries/2107-live-lifeþ.model.md:29	Germanic/docs/lexeme_reports/model_entries/2107-live-lifeþ.model.md	auto
oe	lifian	lifian	lifian	comparison_form	explicit_tag	Germanic/docs/lexeme_reports/model_entries/2107-live-lifeþ.model.md:34	Germanic/docs/lexeme_reports/model_entries/2107-live-lifeþ.model.md	auto
oe	lifian	lifian	lifian	comparison_form	explicit_tag	Germanic/docs/lexeme_reports/model_entries/2107-live-lifeþ.model.md:58	Germanic/docs/lexeme_reports/model_entries/2107-live-lifeþ.model.md	auto
oe	lihtan	lihtan	lihtan	comparison_form	explicit_tag	Germanic/docs/lexeme_reports/model_entries/2102-light-līehtan.model.md:25	Germanic/docs/lexeme_reports/model_entries/2102-light-līehtan.model.md	auto
oe	lihtan	lihtan	lihtan	comparison_form	explicit_tag	Germanic/docs/lexeme_reports/model_entries/2102-light-līehtan.model.md:33	Germanic/docs/lexeme_reports/model_entries/2102-light-līehtan.model.md	auto
oe	lind	lind	lind	comparison_form	explicit_tag	Germanic/docs/lexeme_reports/model_entries/2104-linden-lind.model.md:21	Germanic/docs/lexeme_reports/model_entries/2104-linden-lind.model.md	auto
oe	lind	lind	lind	comparison_form	explicit_tag	Germanic/docs/lexeme_reports/model_entries/2104-linden-lind.model.md:25	Germanic/docs/lexeme_reports/model_entries/2104-linden-lind.model.md	auto
oe	lind	lind	lind	comparison_form	explicit_tag	Germanic/docs/lexeme_reports/model_entries/2104-linden-lind.model.md:29	Germanic/docs/lexeme_reports/model_entries/2104-linden-lind.model.md	auto
oe	lind	lind	lind	comparison_form	explicit_tag	Germanic/docs/lexeme_reports/model_entries/2104-linden-lind.model.md:33	Germanic/docs/lexeme_reports/model_entries/2104-linden-lind.model.md	auto
oe	lind	lind	lind	target_form	lexical_heading	linden — OE lind	manifest	auto
oe	Liorna	Liorna	liorna	target_form	explicit_tag	Germanic/docs/lexeme_reports/model_entries/2313-learn-(iptv.2sg)-liorna.model.md:37	Germanic/docs/lexeme_reports/model_entries/2313-learn-(iptv.2sg)-liorna.model.md	auto
oe	liorna	liorna	liorna	target_form	explicit_tag	Germanic/docs/lexeme_reports/model_entries/2313-learn-(iptv.2sg)-liorna.model.md:61	Germanic/docs/lexeme_reports/model_entries/2313-learn-(iptv.2sg)-liorna.model.md	auto
oe	liorna	liorna	liorna	comparison_form	explicit_tag	Germanic/docs/lexeme_reports/model_entries/2314-learn-(3sg)-liornaþ.model.md:37	Germanic/docs/lexeme_reports/model_entries/2314-learn-(3sg)-liornaþ.model.md	auto
oe	liorna	liorna	liorna	comparison_form	explicit_tag	Germanic/docs/lexeme_reports/model_entries/2314-learn-(3sg)-liornaþ.model.md:69	Germanic/docs/lexeme_reports/model_entries/2314-learn-(3sg)-liornaþ.model.md	auto
oe	liorna	liorna	liorna	target_form	lexical_heading	learn (iptv.2sg) — OE liorna	manifest	auto
oe	liornaþ	liornaþ	liornath	comparison_form	explicit_tag	Germanic/docs/lexeme_reports/model_entries/2313-learn-(iptv.2sg)-liorna.model.md:62	Germanic/docs/lexeme_reports/model_entries/2313-learn-(iptv.2sg)-liorna.model.md	auto
oe	liornaþ	liornaþ	liornath	target_form	explicit_tag	Germanic/docs/lexeme_reports/model_entries/2314-learn-(3sg)-liornaþ.model.md:44	Germanic/docs/lexeme_reports/model_entries/2314-learn-(3sg)-liornaþ.model.md	auto
oe	liornaþ	liornaþ	liornath	comparison_form	explicit_tag	Germanic/docs/lexeme_reports/model_entries/2314-learn-(3sg)-liornaþ.model.md:53	Germanic/docs/lexeme_reports/model_entries/2314-learn-(3sg)-liornaþ.model.md	auto
oe	liornaþ	liornaþ	liornath	target_form	explicit_tag	Germanic/docs/lexeme_reports/model_entries/2314-learn-(3sg)-liornaþ.model.md:68	Germanic/docs/lexeme_reports/model_entries/2314-learn-(3sg)-liornaþ.model.md	auto
oe	liornaþ	liornaþ	liornath	target_form	lexical_heading	learn (3sg) — OE liornaþ	manifest	auto
oe	liornes	liornes	liornes	comparison_form	explicit_tag	Germanic/docs/lexeme_reports/model_entries/2314-learn-(3sg)-liornaþ.model.md:38	Germanic/docs/lexeme_reports/model_entries/2314-learn-(3sg)-liornaþ.model.md	auto
oe	liornian	liornian	liornian	comparison_form	explicit_tag	Germanic/docs/lexeme_reports/model_entries/2313-learn-(iptv.2sg)-liorna.model.md:21	Germanic/docs/lexeme_reports/model_entries/2313-learn-(iptv.2sg)-liorna.model.md	auto
oe	liornian	liornian	liornian	comparison_form	explicit_tag	Germanic/docs/lexeme_reports/model_entries/2313-learn-(iptv.2sg)-liorna.model.md:60	Germanic/docs/lexeme_reports/model_entries/2313-learn-(iptv.2sg)-liorna.model.md	auto
oe	liornian	liornian	liornian	comparison_form	explicit_tag	Germanic/docs/lexeme_reports/model_entries/2314-learn-(3sg)-liornaþ.model.md:21	Germanic/docs/lexeme_reports/model_entries/2314-learn-(3sg)-liornaþ.model.md	auto
oe	liornian	liornian	liornian	comparison_form	explicit_tag	Germanic/docs/lexeme_reports/model_entries/2314-learn-(3sg)-liornaþ.model.md:67	Germanic/docs/lexeme_reports/model_entries/2314-learn-(3sg)-liornaþ.model.md	auto
oe	liornian	liornian	liornian	target_form	lexical_heading	learn — OE liornian	manifest	auto
oe	lungen	lungen	lungen	comparison_form	explicit_tag	Germanic/docs/lexeme_reports/model_entries/2114-lung-lungen.model.md:22	Germanic/docs/lexeme_reports/model_entries/2114-lung-lungen.model.md	auto
oe	lungen	lungen	lungen	comparison_form	explicit_tag	Germanic/docs/lexeme_reports/model_entries/2114-lung-lungen.model.md:29	Germanic/docs/lexeme_reports/model_entries/2114-lung-lungen.model.md	auto
oe	lungen	lungen	lungen	comparison_form	explicit_tag	Germanic/docs/lexeme_reports/model_entries/2114-lung-lungen.model.md:34	Germanic/docs/lexeme_reports/model_entries/2114-lung-lungen.model.md	auto
oe	lungen	lungen	lungen	comparison_form	explicit_tag	Germanic/docs/lexeme_reports/model_entries/2114-lung-lungen.model.md:45	Germanic/docs/lexeme_reports/model_entries/2114-lung-lungen.model.md	auto
oe	lungen	lungen	lungen	target_form	table_semantic_auto	Germanic/docs/lexeme_reports/model_entries/2114-lung-lungen.model.md:56	table_semantic_rule	auto
oe	lungen	lungen	lungen	target_form	lexical_heading	lung — OE lungen	manifest	auto
oe	lyhtan	lyhtan	lyhtan	comparison_form	explicit_tag	Germanic/docs/lexeme_reports/model_entries/2102-light-līehtan.model.md:33	Germanic/docs/lexeme_reports/model_entries/2102-light-līehtan.model.md	auto
oe	maca	maca	maca	target_form	explicit_tag	Germanic/docs/lexeme_reports/model_entries/2309-make-(iptv.2sg)-maca.model.md:35	Germanic/docs/lexeme_reports/model_entries/2309-make-(iptv.2sg)-maca.model.md	auto
oe	maca	maca	maca	target_form	explicit_tag	Germanic/docs/lexeme_reports/model_entries/2309-make-(iptv.2sg)-maca.model.md:61	Germanic/docs/lexeme_reports/model_entries/2309-make-(iptv.2sg)-maca.model.md	auto
oe	maca	maca	maca	comparison_form	explicit_tag	Germanic/docs/lexeme_reports/model_entries/2310-make-(3sg)-macaþ.model.md:36	Germanic/docs/lexeme_reports/model_entries/2310-make-(3sg)-macaþ.model.md	auto
oe	maca	maca	maca	comparison_form	explicit_tag	Germanic/docs/lexeme_reports/model_entries/2310-make-(3sg)-macaþ.model.md:64	Germanic/docs/lexeme_reports/model_entries/2310-make-(3sg)-macaþ.model.md	auto
oe	maca	maca	maca	target_form	lexical_heading	make (iptv.2sg) — OE maca	manifest	auto
oe	Macaþ	Macaþ	macath	comparison_form	explicit_tag	Germanic/docs/lexeme_reports/model_entries/2310-make-(3sg)-macaþ.model.md:40	Germanic/docs/lexeme_reports/model_entries/2310-make-(3sg)-macaþ.model.md	auto
oe	macaþ	macaþ	macath	comparison_form	explicit_tag	Germanic/docs/lexeme_reports/model_entries/2309-make-(iptv.2sg)-maca.model.md:36	Germanic/docs/lexeme_reports/model_entries/2309-make-(iptv.2sg)-maca.model.md	auto
oe	macaþ	macaþ	macath	comparison_form	explicit_tag	Germanic/docs/lexeme_reports/model_entries/2309-make-(iptv.2sg)-maca.model.md:62	Germanic/docs/lexeme_reports/model_entries/2309-make-(iptv.2sg)-maca.model.md	auto
oe	macaþ	macaþ	macath	target_form	explicit_tag	Germanic/docs/lexeme_reports/model_entries/2310-make-(3sg)-macaþ.model.md:34	Germanic/docs/lexeme_reports/model_entries/2310-make-(3sg)-macaþ.model.md	auto
oe	macaþ	macaþ	macath	target_form	explicit_tag	Germanic/docs/lexeme_reports/model_entries/2310-make-(3sg)-macaþ.model.md:63	Germanic/docs/lexeme_reports/model_entries/2310-make-(3sg)-macaþ.model.md	auto
oe	macaþ	macaþ	macath	target_form	lexical_heading	make (3sg) — OE macaþ	manifest	auto
oe	macian	macian	macian	comparison_form	explicit_tag	Germanic/docs/lexeme_reports/model_entries/2309-make-(iptv.2sg)-maca.model.md:22	Germanic/docs/lexeme_reports/model_entries/2309-make-(iptv.2sg)-maca.model.md	auto
oe	macian	macian	macian	comparison_form	explicit_tag	Germanic/docs/lexeme_reports/model_entries/2309-make-(iptv.2sg)-maca.model.md:34	Germanic/docs/lexeme_reports/model_entries/2309-make-(iptv.2sg)-maca.model.md	auto
oe	macian	macian	macian	comparison_form	explicit_tag	Germanic/docs/lexeme_reports/model_entries/2309-make-(iptv.2sg)-maca.model.md:36	Germanic/docs/lexeme_reports/model_entries/2309-make-(iptv.2sg)-maca.model.md	auto
oe	macian	macian	macian	comparison_form	explicit_tag	Germanic/docs/lexeme_reports/model_entries/2309-make-(iptv.2sg)-maca.model.md:60	Germanic/docs/lexeme_reports/model_entries/2309-make-(iptv.2sg)-maca.model.md	auto
oe	macian	macian	macian	comparison_form	explicit_tag	Germanic/docs/lexeme_reports/model_entries/2310-make-(3sg)-macaþ.model.md:24	Germanic/docs/lexeme_reports/model_entries/2310-make-(3sg)-macaþ.model.md	auto
oe	macian	macian	macian	comparison_form	explicit_tag	Germanic/docs/lexeme_reports/model_entries/2310-make-(3sg)-macaþ.model.md:33	Germanic/docs/lexeme_reports/model_entries/2310-make-(3sg)-macaþ.model.md	auto
oe	macian	macian	macian	comparison_form	explicit_tag	Germanic/docs/lexeme_reports/model_entries/2310-make-(3sg)-macaþ.model.md:47	Germanic/docs/lexeme_reports/model_entries/2310-make-(3sg)-macaþ.model.md	auto
oe	macian	macian	macian	comparison_form	explicit_tag	Germanic/docs/lexeme_reports/model_entries/2310-make-(3sg)-macaþ.model.md:62	Germanic/docs/lexeme_reports/model_entries/2310-make-(3sg)-macaþ.model.md	auto
oe	man	man	man	comparison_form	explicit_tag	Germanic/docs/lexeme_reports/model_entries/2119-man-mannes.model.md:31	Germanic/docs/lexeme_reports/model_entries/2119-man-mannes.model.md	auto
oe	man	man	man	comparison_form	explicit_tag	Germanic/docs/lexeme_reports/model_entries/2119-man-mannes.model.md:33	Germanic/docs/lexeme_reports/model_entries/2119-man-mannes.model.md	auto
oe	man	man	man	comparison_form	explicit_tag	Germanic/docs/lexeme_reports/model_entries/2119-man-mannes.model.md:34	Germanic/docs/lexeme_reports/model_entries/2119-man-mannes.model.md	auto
oe	man	man	man	comparison_form	explicit_tag	Germanic/docs/lexeme_reports/model_entries/2119-man-mannes.model.md:58	Germanic/docs/lexeme_reports/model_entries/2119-man-mannes.model.md	auto
oe	mann	mann	mann	comparison_form	explicit_tag	Germanic/docs/lexeme_reports/model_entries/2119-man-mannes.model.md:31	Germanic/docs/lexeme_reports/model_entries/2119-man-mannes.model.md	auto
oe	mann	mann	mann	comparison_form	explicit_tag	Germanic/docs/lexeme_reports/model_entries/2119-man-mannes.model.md:35	Germanic/docs/lexeme_reports/model_entries/2119-man-mannes.model.md	auto
oe	mann	mann	mann	comparison_form	explicit_tag	Germanic/docs/lexeme_reports/model_entries/2119-man-mannes.model.md:39	Germanic/docs/lexeme_reports/model_entries/2119-man-mannes.model.md	auto
oe	mann	mann	mann	comparison_form	explicit_tag	Germanic/docs/lexeme_reports/model_entries/2119-man-mannes.model.md:57	Germanic/docs/lexeme_reports/model_entries/2119-man-mannes.model.md	auto
oe	manne	manne	manne	comparison_form	explicit_tag	Germanic/docs/lexeme_reports/model_entries/2119-man-mannes.model.md:59	Germanic/docs/lexeme_reports/model_entries/2119-man-mannes.model.md	auto
oe	mannes	mannes	mannes	target_form	explicit_tag	Germanic/docs/lexeme_reports/model_entries/2119-man-mannes.model.md:31	Germanic/docs/lexeme_reports/model_entries/2119-man-mannes.model.md	auto
oe	mannes	mannes	mannes	target_form	explicit_tag	Germanic/docs/lexeme_reports/model_entries/2119-man-mannes.model.md:33	Germanic/docs/lexeme_reports/model_entries/2119-man-mannes.model.md	auto
oe	mannes	mannes	mannes	target_form	explicit_tag	Germanic/docs/lexeme_reports/model_entries/2119-man-mannes.model.md:39	Germanic/docs/lexeme_reports/model_entries/2119-man-mannes.model.md	auto
oe	mannes	mannes	mannes	target_form	explicit_tag	Germanic/docs/lexeme_reports/model_entries/2119-man-mannes.model.md:60	Germanic/docs/lexeme_reports/model_entries/2119-man-mannes.model.md	auto
oe	mannes	mannes	mannes	target_form	lexical_heading	man — OE mannes	manifest	auto
oe	mare	mare	mare	target_form	lexical_heading	nightmare — OE mare	manifest	auto
oe	mēd	mēd	med	comparison_form	explicit_tag	Germanic/docs/lexeme_reports/model_entries/2124-meed-meorde.model.md:25	Germanic/docs/lexeme_reports/model_entries/2124-meed-meorde.model.md	auto
oe	mēd	mēd	med	comparison_form	explicit_tag	Germanic/docs/lexeme_reports/model_entries/2124-meed-meorde.model.md:53	Germanic/docs/lexeme_reports/model_entries/2124-meed-meorde.model.md	auto
oe	menn	menn	menn	comparison_form	explicit_tag	Germanic/docs/lexeme_reports/model_entries/2119-man-mannes.model.md:31	Germanic/docs/lexeme_reports/model_entries/2119-man-mannes.model.md	auto
oe	menn	menn	menn	comparison_form	explicit_tag	Germanic/docs/lexeme_reports/model_entries/2119-man-mannes.model.md:43	Germanic/docs/lexeme_reports/model_entries/2119-man-mannes.model.md	auto
oe	meoloc	meoloc	meoloc	comparison_form	explicit_tag	Germanic/docs/lexeme_reports/model_entries/2126-milk-meoloc.model.md:25	Germanic/docs/lexeme_reports/model_entries/2126-milk-meoloc.model.md	auto
oe	meoloc	meoloc	meoloc	comparison_form	explicit_tag	Germanic/docs/lexeme_reports/model_entries/2126-milk-meoloc.model.md:29	Germanic/docs/lexeme_reports/model_entries/2126-milk-meoloc.model.md	auto
oe	meoloc	meoloc	meoloc	target_form	lexical_heading	milk — OE meoloc	manifest	auto
oe	meord	meord	meord	comparison_form	explicit_tag	Germanic/docs/lexeme_reports/model_entries/2124-meed-meorde.model.md:23	Germanic/docs/lexeme_reports/model_entries/2124-meed-meorde.model.md	auto
oe	meord	meord	meord	comparison_form	explicit_tag	Germanic/docs/lexeme_reports/model_entries/2124-meed-meorde.model.md:35	Germanic/docs/lexeme_reports/model_entries/2124-meed-meorde.model.md	auto
oe	meord	meord	meord	comparison_form	explicit_tag	Germanic/docs/lexeme_reports/model_entries/2124-meed-meorde.model.md:40	Germanic/docs/lexeme_reports/model_entries/2124-meed-meorde.model.md	auto
oe	meord	meord	meord	comparison_form	explicit_tag	Germanic/docs/lexeme_reports/model_entries/2124-meed-meorde.model.md:62	Germanic/docs/lexeme_reports/model_entries/2124-meed-meorde.model.md	auto
oe	meorda	meorda	meorda	comparison_form	explicit_tag	Germanic/docs/lexeme_reports/model_entries/2124-meed-meorde.model.md:34	Germanic/docs/lexeme_reports/model_entries/2124-meed-meorde.model.md	auto
oe	meorda	meorda	meorda	comparison_form	explicit_tag	Germanic/docs/lexeme_reports/model_entries/2124-meed-meorde.model.md:65	Germanic/docs/lexeme_reports/model_entries/2124-meed-meorde.model.md	auto
oe	meorde	meorde	meorde	target_form	explicit_tag	Germanic/docs/lexeme_reports/model_entries/2124-meed-meorde.model.md:33	Germanic/docs/lexeme_reports/model_entries/2124-meed-meorde.model.md	auto
oe	meorde	meorde	meorde	target_form	explicit_tag	Germanic/docs/lexeme_reports/model_entries/2124-meed-meorde.model.md:39	Germanic/docs/lexeme_reports/model_entries/2124-meed-meorde.model.md	auto
oe	meorde	meorde	meorde	target_form	explicit_tag	Germanic/docs/lexeme_reports/model_entries/2124-meed-meorde.model.md:63	Germanic/docs/lexeme_reports/model_entries/2124-meed-meorde.model.md	auto
oe	meorde	meorde	meorde	target_form	explicit_tag	Germanic/docs/lexeme_reports/model_entries/2124-meed-meorde.model.md:64	Germanic/docs/lexeme_reports/model_entries/2124-meed-meorde.model.md	auto
oe	meorde	meorde	meorde	target_form	lexical_heading	meed — OE meorde	manifest	auto
oe	mōder	mōder	moder	target_form	lexical_heading	mother — OE mōder	manifest	auto
oe	monn	monn	monn	comparison_form	explicit_tag	Germanic/docs/lexeme_reports/model_entries/2119-man-mannes.model.md:57	Germanic/docs/lexeme_reports/model_entries/2119-man-mannes.model.md	auto
oe	monnes	monnes	monnes	comparison_form	explicit_tag	Germanic/docs/lexeme_reports/model_entries/2119-man-mannes.model.md:35	Germanic/docs/lexeme_reports/model_entries/2119-man-mannes.model.md	auto
oe	munuc	munuc	munuc	comparison_form	explicit_tag	Germanic/docs/lexeme_reports/model_entries/2308-youth-ġeoguþ.model.md:52	Germanic/docs/lexeme_reports/model_entries/2308-youth-ġeoguþ.model.md	auto
oe	munuc	munuc	munuc	comparison_form	explicit_tag	Germanic/docs/lexeme_reports/model_entries/2308-youth-ġeoguþ.model.md:53	Germanic/docs/lexeme_reports/model_entries/2308-youth-ġeoguþ.model.md	auto
oe	nabula	nabula	nabula	comparison_form	explicit_tag	Germanic/docs/lexeme_reports/model_entries/2133-navel-nafola.model.md:35	Germanic/docs/lexeme_reports/model_entries/2133-navel-nafola.model.md	auto
oe	nabula	nabula	nabula	comparison_form	explicit_tag	Germanic/docs/lexeme_reports/model_entries/2133-navel-nafola.model.md:39	Germanic/docs/lexeme_reports/model_entries/2133-navel-nafola.model.md	auto
oe	nabula	nabula	nabula	comparison_form	explicit_tag	Germanic/docs/lexeme_reports/model_entries/2133-navel-nafola.model.md:62	Germanic/docs/lexeme_reports/model_entries/2133-navel-nafola.model.md	auto
oe	næddre	næddre	naeddre	evidence_form	explicit_tag	Germanic/docs/lexeme_reports/model_entries/1933-adder-nǣdre.model.md:22	Germanic/docs/lexeme_reports/model_entries/1933-adder-nǣdre.model.md	auto
oe	næddre	næddre	naeddre	evidence_form	explicit_tag	Germanic/docs/lexeme_reports/model_entries/1933-adder-nǣdre.model.md:31	Germanic/docs/lexeme_reports/model_entries/1933-adder-nǣdre.model.md	auto
oe	næddre	næddre	naeddre	evidence_form	explicit_tag	Germanic/docs/lexeme_reports/model_entries/1933-adder-nǣdre.model.md:32	Germanic/docs/lexeme_reports/model_entries/1933-adder-nǣdre.model.md	auto
oe	næddre	næddre	naeddre	evidence_form	explicit_tag	Germanic/docs/lexeme_reports/model_entries/1933-adder-nǣdre.model.md:33	Germanic/docs/lexeme_reports/model_entries/1933-adder-nǣdre.model.md	auto
oe	næddre	næddre	naeddre	evidence_form	explicit_tag	Germanic/docs/lexeme_reports/model_entries/1933-adder-nǣdre.model.md:40	Germanic/docs/lexeme_reports/model_entries/1933-adder-nǣdre.model.md	auto
oe	nǣdl	nǣdl	naedl	target_form	explicit_tag	Germanic/docs/lexeme_reports/model_entries/2136-needle-nǣdl.model.md:58	Germanic/docs/lexeme_reports/model_entries/2136-needle-nǣdl.model.md	auto
oe	nǣdl	nǣdl	naedl	target_form	lexical_heading	needle — OE nǣdl	manifest	auto
oe	nædre	nædre	naedre	evidence_form	explicit_tag	Germanic/docs/lexeme_reports/model_entries/1933-adder-nǣdre.model.md:32	Germanic/docs/lexeme_reports/model_entries/1933-adder-nǣdre.model.md	auto
oe	nǣdre	nǣdre	naedre	evidence_form	explicit_tag	Germanic/docs/lexeme_reports/model_entries/1933-adder-nǣdre.model.md:22	Germanic/docs/lexeme_reports/model_entries/1933-adder-nǣdre.model.md	auto
oe	nǣdre	nǣdre	naedre	evidence_form	explicit_tag	Germanic/docs/lexeme_reports/model_entries/1933-adder-nǣdre.model.md:31	Germanic/docs/lexeme_reports/model_entries/1933-adder-nǣdre.model.md	auto
oe	nǣdre	nǣdre	naedre	evidence_form	explicit_tag	Germanic/docs/lexeme_reports/model_entries/1933-adder-nǣdre.model.md:38	Germanic/docs/lexeme_reports/model_entries/1933-adder-nǣdre.model.md	auto
oe	nǣdre	nǣdre	naedre	evidence_form	explicit_tag	Germanic/docs/lexeme_reports/model_entries/1933-adder-nǣdre.model.md:39	Germanic/docs/lexeme_reports/model_entries/1933-adder-nǣdre.model.md	auto
oe	nǣdre	nǣdre	naedre	target_form	lexical_heading	adder — OE nǣdre	manifest	auto
oe	næfla	næfla	naefla	comparison_form	table_semantic_decision	Germanic/docs/lexeme_reports/model_entries/2133-navel-nafola.model.md:60	table_semantic_decision	override
oe	nafela	nafela	nafela	comparison_form	explicit_tag	Germanic/docs/lexeme_reports/model_entries/2133-navel-nafola.model.md:21	Germanic/docs/lexeme_reports/model_entries/2133-navel-nafola.model.md	auto
oe	nafela	nafela	nafela	comparison_form	explicit_tag	Germanic/docs/lexeme_reports/model_entries/2133-navel-nafola.model.md:33	Germanic/docs/lexeme_reports/model_entries/2133-navel-nafola.model.md	auto
oe	nafela	nafela	nafela	comparison_form	explicit_tag	Germanic/docs/lexeme_reports/model_entries/2133-navel-nafola.model.md:39	Germanic/docs/lexeme_reports/model_entries/2133-navel-nafola.model.md	auto
oe	nafela	nafela	nafela	comparison_form	explicit_tag	Germanic/docs/lexeme_reports/model_entries/2133-navel-nafola.model.md:62	Germanic/docs/lexeme_reports/model_entries/2133-navel-nafola.model.md	auto
oe	nafola	nafola	nafola	target_form	explicit_tag	Germanic/docs/lexeme_reports/model_entries/2133-navel-nafola.model.md:33	Germanic/docs/lexeme_reports/model_entries/2133-navel-nafola.model.md	auto
oe	nafola	nafola	nafola	target_form	explicit_tag	Germanic/docs/lexeme_reports/model_entries/2133-navel-nafola.model.md:36	Germanic/docs/lexeme_reports/model_entries/2133-navel-nafola.model.md	auto
oe	nafola	nafola	nafola	target_form	explicit_tag	Germanic/docs/lexeme_reports/model_entries/2133-navel-nafola.model.md:41	Germanic/docs/lexeme_reports/model_entries/2133-navel-nafola.model.md	auto
oe	nafola	nafola	nafola	target_form	explicit_tag	Germanic/docs/lexeme_reports/model_entries/2133-navel-nafola.model.md:60	Germanic/docs/lexeme_reports/model_entries/2133-navel-nafola.model.md	auto
oe	nafola	nafola	nafola	target_form	explicit_tag	Germanic/docs/lexeme_reports/model_entries/2133-navel-nafola.model.md:61	Germanic/docs/lexeme_reports/model_entries/2133-navel-nafola.model.md	auto
oe	nafola	nafola	nafola	target_form	lexical_heading	navel — OE nafola	manifest	auto
oe	nasu	nasu	nasu	comparison_form	explicit_tag	Germanic/docs/lexeme_reports/model_entries/2143-nose-nosu.model.md:37	Germanic/docs/lexeme_reports/model_entries/2143-nose-nosu.model.md	auto
oe	nasu	nasu	nasu	comparison_form	explicit_tag	Germanic/docs/lexeme_reports/model_entries/2143-nose-nosu.model.md:40	Germanic/docs/lexeme_reports/model_entries/2143-nose-nosu.model.md	auto
oe	nasu	nasu	nasu	comparison_form	explicit_tag	Germanic/docs/lexeme_reports/model_entries/2143-nose-nosu.model.md:50	Germanic/docs/lexeme_reports/model_entries/2143-nose-nosu.model.md	auto
oe	nasu	nasu	nasu	comparison_form	table_semantic_decision	Germanic/docs/lexeme_reports/model_entries/2143-nose-nosu.model.md:59	table_semantic_decision	override
oe	neaht	neaht	neaht	comparison_form	explicit_tag	Germanic/docs/lexeme_reports/model_entries/2140-night-niht.model.md:32	Germanic/docs/lexeme_reports/model_entries/2140-night-niht.model.md	auto
oe	neaht	neaht	neaht	comparison_form	explicit_tag	Germanic/docs/lexeme_reports/model_entries/2140-night-niht.model.md:34	Germanic/docs/lexeme_reports/model_entries/2140-night-niht.model.md	auto
oe	neaht	neaht	neaht	comparison_form	explicit_tag	Germanic/docs/lexeme_reports/model_entries/2140-night-niht.model.md:40	Germanic/docs/lexeme_reports/model_entries/2140-night-niht.model.md	auto
oe	neaht	neaht	neaht	comparison_form	explicit_tag	Germanic/docs/lexeme_reports/model_entries/2140-night-niht.model.md:46	Germanic/docs/lexeme_reports/model_entries/2140-night-niht.model.md	auto
oe	neaht	neaht	neaht	comparison_form	explicit_tag	Germanic/docs/lexeme_reports/model_entries/2140-night-niht.model.md:58	Germanic/docs/lexeme_reports/model_entries/2140-night-niht.model.md	auto
oe	neahtas	neahtas	neahtas	comparison_form	explicit_tag	Germanic/docs/lexeme_reports/model_entries/2140-night-niht.model.md:36	Germanic/docs/lexeme_reports/model_entries/2140-night-niht.model.md	auto
oe	neht	neht	neht	comparison_form	explicit_tag	Germanic/docs/lexeme_reports/model_entries/2140-night-niht.model.md:33	Germanic/docs/lexeme_reports/model_entries/2140-night-niht.model.md	auto
oe	nett	nett	nett	comparison_form	explicit_tag	Germanic/docs/lexeme_reports/model_entries/2138-net-nett.model.md:21	Germanic/docs/lexeme_reports/model_entries/2138-net-nett.model.md	auto
oe	nett	nett	nett	comparison_form	explicit_tag	Germanic/docs/lexeme_reports/model_entries/2138-net-nett.model.md:25	Germanic/docs/lexeme_reports/model_entries/2138-net-nett.model.md	auto
oe	nett	nett	nett	comparison_form	explicit_tag	Germanic/docs/lexeme_reports/model_entries/2138-net-nett.model.md:29	Germanic/docs/lexeme_reports/model_entries/2138-net-nett.model.md	auto
oe	nett	nett	nett	comparison_form	explicit_tag	Germanic/docs/lexeme_reports/model_entries/2138-net-nett.model.md:33	Germanic/docs/lexeme_reports/model_entries/2138-net-nett.model.md	auto
oe	nett	nett	nett	target_form	lexical_heading	net — OE nett	manifest	auto
oe	nieht	nieht	nieht	comparison_form	explicit_tag	Germanic/docs/lexeme_reports/model_entries/2140-night-niht.model.md:33	Germanic/docs/lexeme_reports/model_entries/2140-night-niht.model.md	auto
oe	niht	niht	niht	target_form	explicit_tag	Germanic/docs/lexeme_reports/model_entries/2140-night-niht.model.md:21	Germanic/docs/lexeme_reports/model_entries/2140-night-niht.model.md	auto
oe	niht	niht	niht	target_form	explicit_tag	Germanic/docs/lexeme_reports/model_entries/2140-night-niht.model.md:32	Germanic/docs/lexeme_reports/model_entries/2140-night-niht.model.md	auto
oe	niht	niht	niht	target_form	explicit_tag	Germanic/docs/lexeme_reports/model_entries/2140-night-niht.model.md:34	Germanic/docs/lexeme_reports/model_entries/2140-night-niht.model.md	auto
oe	niht	niht	niht	target_form	explicit_tag	Germanic/docs/lexeme_reports/model_entries/2140-night-niht.model.md:59	Germanic/docs/lexeme_reports/model_entries/2140-night-niht.model.md	auto
oe	niht	niht	niht	target_form	lexical_heading	night — OE niht	manifest	auto
oe	nosu	nosu	nosu	target_form	table_semantic_auto	Germanic/docs/lexeme_reports/model_entries/2143-nose-nosu.model.md:60	table_semantic_rule	auto
oe	nosu	nosu	nosu	target_form	lexical_heading	nose — OE nosu	manifest	auto
oe	ræst	ræst	raest	comparison_form	explicit_tag	Germanic/docs/lexeme_reports/model_entries/2152-rest-ræste.model.md:22	Germanic/docs/lexeme_reports/model_entries/2152-rest-ræste.model.md	auto
oe	ræst	ræst	raest	comparison_form	explicit_tag	Germanic/docs/lexeme_reports/model_entries/2152-rest-ræste.model.md:33	Germanic/docs/lexeme_reports/model_entries/2152-rest-ræste.model.md	auto
oe	ræst	ræst	raest	comparison_form	explicit_tag	Germanic/docs/lexeme_reports/model_entries/2152-rest-ræste.model.md:34	Germanic/docs/lexeme_reports/model_entries/2152-rest-ræste.model.md	auto
oe	ræst	ræst	raest	comparison_form	explicit_tag	Germanic/docs/lexeme_reports/model_entries/2152-rest-ræste.model.md:38	Germanic/docs/lexeme_reports/model_entries/2152-rest-ræste.model.md	auto
oe	ræst	ræst	raest	comparison_form	explicit_tag	Germanic/docs/lexeme_reports/model_entries/2152-rest-ræste.model.md:59	Germanic/docs/lexeme_reports/model_entries/2152-rest-ræste.model.md	auto
oe	ræste	ræste	raeste	target_form	explicit_tag	Germanic/docs/lexeme_reports/model_entries/2152-rest-ræste.model.md:34	Germanic/docs/lexeme_reports/model_entries/2152-rest-ræste.model.md	auto
oe	ræste	ræste	raeste	target_form	explicit_tag	Germanic/docs/lexeme_reports/model_entries/2152-rest-ræste.model.md:37	Germanic/docs/lexeme_reports/model_entries/2152-rest-ræste.model.md	auto
oe	ræste	ræste	raeste	target_form	explicit_tag	Germanic/docs/lexeme_reports/model_entries/2152-rest-ræste.model.md:60	Germanic/docs/lexeme_reports/model_entries/2152-rest-ræste.model.md	auto
oe	ræste	ræste	raeste	target_form	lexical_heading	rest — OE ræste	manifest	auto
oe	rast	rast	rast	comparison_form	table_semantic_decision	Germanic/docs/lexeme_reports/model_entries/2152-rest-ræste.model.md:59	table_semantic_decision	override
oe	rēac	*rēac	reac	target_form	explicit_tag	Germanic/docs/lexeme_reports/model_entries/2151-reek-rēac.model.md:28	Germanic/docs/lexeme_reports/model_entries/2151-reek-rēac.model.md	auto
oe	rēac	*rēac	reac	target_form	explicit_tag	Germanic/docs/lexeme_reports/model_entries/2151-reek-rēac.model.md:35	Germanic/docs/lexeme_reports/model_entries/2151-reek-rēac.model.md	auto
oe	rēac	*rēac	reac	target_form	explicit_tag	Germanic/docs/lexeme_reports/model_entries/2151-reek-rēac.model.md:40	Germanic/docs/lexeme_reports/model_entries/2151-reek-rēac.model.md	auto
oe	rēac	*rēac	reac	target_form	explicit_tag	Germanic/docs/lexeme_reports/model_entries/2151-reek-rēac.model.md:47	Germanic/docs/lexeme_reports/model_entries/2151-reek-rēac.model.md	auto
oe	rēac	*rēac	reac	target_form	lexical_heading	reek — OE *rēac	manifest	auto
oe	rēac	rēac	reac	comparison_form	explicit_tag	Germanic/docs/lexeme_reports/model_entries/2151-reek-rēac.model.md:31	Germanic/docs/lexeme_reports/model_entries/2151-reek-rēac.model.md	auto
oe	rēc	rēc	rec	comparison_form	explicit_tag	Germanic/docs/lexeme_reports/model_entries/2151-reek-rēac.model.md:22	Germanic/docs/lexeme_reports/model_entries/2151-reek-rēac.model.md	auto
oe	rēc	rēc	rec	comparison_form	explicit_tag	Germanic/docs/lexeme_reports/model_entries/2151-reek-rēac.model.md:28	Germanic/docs/lexeme_reports/model_entries/2151-reek-rēac.model.md	auto
oe	rēc	rēc	rec	comparison_form	explicit_tag	Germanic/docs/lexeme_reports/model_entries/2151-reek-rēac.model.md:30	Germanic/docs/lexeme_reports/model_entries/2151-reek-rēac.model.md	auto
oe	rēc	rēc	rec	comparison_form	explicit_tag	Germanic/docs/lexeme_reports/model_entries/2151-reek-rēac.model.md:41	Germanic/docs/lexeme_reports/model_entries/2151-reek-rēac.model.md	auto
oe	rēc	rēc	rec	comparison_form	explicit_tag	Germanic/docs/lexeme_reports/model_entries/2151-reek-rēac.model.md:46	Germanic/docs/lexeme_reports/model_entries/2151-reek-rēac.model.md	auto
oe	rēcels	rēcels	recels	comparison_form	explicit_tag	Germanic/docs/lexeme_reports/model_entries/2151-reek-rēac.model.md:29	Germanic/docs/lexeme_reports/model_entries/2151-reek-rēac.model.md	auto
oe	rēocan	rēocan	reocan	comparison_form	explicit_tag	Germanic/docs/lexeme_reports/model_entries/2151-reek-rēac.model.md:31	Germanic/docs/lexeme_reports/model_entries/2151-reek-rēac.model.md	auto
oe	rocc	rocc	rocc	target_form	lexical_heading	coat — OE rocc	manifest	auto
oe	rust	rust	rust	comparison_form	explicit_tag	Germanic/docs/lexeme_reports/model_entries/2162-rust-rust.model.md:22	Germanic/docs/lexeme_reports/model_entries/2162-rust-rust.model.md	auto
oe	rust	rust	rust	comparison_form	explicit_tag	Germanic/docs/lexeme_reports/model_entries/2162-rust-rust.model.md:35	Germanic/docs/lexeme_reports/model_entries/2162-rust-rust.model.md	auto
oe	rust	rust	rust	comparison_form	explicit_tag	Germanic/docs/lexeme_reports/model_entries/2162-rust-rust.model.md:45	Germanic/docs/lexeme_reports/model_entries/2162-rust-rust.model.md	auto
oe	rust	rust	rust	comparison_form	explicit_tag	Germanic/docs/lexeme_reports/model_entries/2162-rust-rust.model.md:49	Germanic/docs/lexeme_reports/model_entries/2162-rust-rust.model.md	auto
oe	rust	rust	rust	comparison_form	explicit_tag	Germanic/docs/lexeme_reports/model_entries/2162-rust-rust.model.md:51	Germanic/docs/lexeme_reports/model_entries/2162-rust-rust.model.md	auto
oe	rust	rust	rust	target_form	lexical_heading	rust — OE rust	manifest	auto
oe	rūst	rūst	rust	comparison_form	explicit_tag	Germanic/docs/lexeme_reports/model_entries/2162-rust-rust.model.md:33	Germanic/docs/lexeme_reports/model_entries/2162-rust-rust.model.md	auto
oe	rúst	rúst	rúst	comparison_form	explicit_tag	Germanic/docs/lexeme_reports/model_entries/2162-rust-rust.model.md:34	Germanic/docs/lexeme_reports/model_entries/2162-rust-rust.model.md	auto
oe	sæ	sæ	sae	comparison_form	explicit_tag	Germanic/docs/lexeme_reports/model_entries/2169-sea-sǣ.model.md:22	Germanic/docs/lexeme_reports/model_entries/2169-sea-sǣ.model.md	auto
oe	sæ	sæ	sae	comparison_form	explicit_tag	Germanic/docs/lexeme_reports/model_entries/2169-sea-sǣ.model.md:31	Germanic/docs/lexeme_reports/model_entries/2169-sea-sǣ.model.md	auto
oe	sǣ	sǣ	sae	target_form	explicit_tag	Germanic/docs/lexeme_reports/model_entries/2169-sea-sǣ.model.md:32	Germanic/docs/lexeme_reports/model_entries/2169-sea-sǣ.model.md	auto
oe	sǣ	sǣ	sae	target_form	explicit_tag	Germanic/docs/lexeme_reports/model_entries/2169-sea-sǣ.model.md:52	Germanic/docs/lexeme_reports/model_entries/2169-sea-sǣ.model.md	auto
oe	sǣ	sǣ	sae	target_form	explicit_tag	Germanic/docs/lexeme_reports/model_entries/2169-sea-sǣ.model.md:53	Germanic/docs/lexeme_reports/model_entries/2169-sea-sǣ.model.md	auto
oe	sǣ	sǣ	sae	target_form	lexical_heading	sea — OE sǣ	manifest	auto
oe	sæp	sæp	saep	target_form	explicit_tag	Germanic/docs/lexeme_reports/model_entries/2168-sap-sæp.model.md:33	Germanic/docs/lexeme_reports/model_entries/2168-sap-sæp.model.md	auto
oe	sæp	sæp	saep	target_form	explicit_tag	Germanic/docs/lexeme_reports/model_entries/2168-sap-sæp.model.md:46	Germanic/docs/lexeme_reports/model_entries/2168-sap-sæp.model.md	auto
oe	sæp	sæp	saep	target_form	explicit_tag	Germanic/docs/lexeme_reports/model_entries/2168-sap-sæp.model.md:59	Germanic/docs/lexeme_reports/model_entries/2168-sap-sæp.model.md	auto
oe	sæp	sæp	saep	target_form	lexical_heading	sap — OE sæp	manifest	auto
oe	sap	sap	sap	comparison_form	explicit_tag	Germanic/docs/lexeme_reports/model_entries/2168-sap-sæp.model.md:34	Germanic/docs/lexeme_reports/model_entries/2168-sap-sæp.model.md	auto
oe	sape	sape	sape	comparison_form	explicit_tag	Germanic/docs/lexeme_reports/model_entries/2168-sap-sæp.model.md:45	Germanic/docs/lexeme_reports/model_entries/2168-sap-sæp.model.md	auto
oe	sape	sape	sape	comparison_form	explicit_tag	Germanic/docs/lexeme_reports/model_entries/2168-sap-sæp.model.md:57	Germanic/docs/lexeme_reports/model_entries/2168-sap-sæp.model.md	auto
oe	scāwian	scāwian	scawian	comparison_form	explicit_tag	Germanic/docs/lexeme_reports/model_entries/2186-show-sċēawian.model.md:21	Germanic/docs/lexeme_reports/model_entries/2186-show-sċēawian.model.md	auto
oe	sceaf	sceaf	sceaf	comparison_form	explicit_tag	Germanic/docs/lexeme_reports/model_entries/2184-shove-sċēaf.model.md:29	Germanic/docs/lexeme_reports/model_entries/2184-shove-sċēaf.model.md	auto
oe	sceaf	sceaf	sceaf	comparison_form	explicit_tag	Germanic/docs/lexeme_reports/model_entries/2184-shove-sċēaf.model.md:32	Germanic/docs/lexeme_reports/model_entries/2184-shove-sċēaf.model.md	auto
oe	sċēaf	sċēaf	sceaf	target_form	explicit_tag	Germanic/docs/lexeme_reports/model_entries/2184-shove-sċēaf.model.md:31	Germanic/docs/lexeme_reports/model_entries/2184-shove-sċēaf.model.md	auto
oe	sċēaf	sċēaf	sceaf	comparison_form	explicit_tag	Germanic/docs/lexeme_reports/model_entries/2184-shove-sċēaf.model.md:39	Germanic/docs/lexeme_reports/model_entries/2184-shove-sċēaf.model.md	auto
oe	sċēaf	sċēaf	sceaf	comparison_form	explicit_tag	Germanic/docs/lexeme_reports/model_entries/2184-shove-sċēaf.model.md:44	Germanic/docs/lexeme_reports/model_entries/2184-shove-sċēaf.model.md	auto
oe	sċēaf	sċēaf	sceaf	comparison_form	explicit_tag	Germanic/docs/lexeme_reports/model_entries/2184-shove-sċēaf.model.md:49	Germanic/docs/lexeme_reports/model_entries/2184-shove-sċēaf.model.md	auto
oe	sċēaf	sċēaf	sceaf	target_form	explicit_tag	Germanic/docs/lexeme_reports/model_entries/2184-shove-sċēaf.model.md:50	Germanic/docs/lexeme_reports/model_entries/2184-shove-sċēaf.model.md	auto
oe	sċēaf	sċēaf	sceaf	target_form	lexical_heading	shove — OE sċēaf	manifest	auto
oe	sċēap	sċēap	sceap	target_form	lexical_heading	sheep — OE sċēap	manifest	auto
oe	scēawa	scēawa	sceawa	comparison_form	explicit_tag	Germanic/docs/lexeme_reports/model_entries/2186-show-sċēawian.model.md:25	Germanic/docs/lexeme_reports/model_entries/2186-show-sċēawian.model.md	auto
oe	scēawa	scēawa	sceawa	evidence_form	explicit_tag	Germanic/docs/lexeme_reports/model_entries/2317-show-(iptv.2sg)-sċēawa.model.md:43	Germanic/docs/lexeme_reports/model_entries/2317-show-(iptv.2sg)-sċēawa.model.md	auto
oe	scēawa	scēawa	sceawa	comparison_form	explicit_tag	Germanic/docs/lexeme_reports/model_entries/2318-show-(3sg)-sċēawaþ.model.md:28	Germanic/docs/lexeme_reports/model_entries/2318-show-(3sg)-sċēawaþ.model.md	auto
oe	scēawa	scēawa	sceawa	comparison_form	explicit_tag	Germanic/docs/lexeme_reports/model_entries/2318-show-(3sg)-sċēawaþ.model.md:43	Germanic/docs/lexeme_reports/model_entries/2318-show-(3sg)-sċēawaþ.model.md	auto
oe	sċēawa	sċēawa	sceawa	evidence_form	explicit_tag	Germanic/docs/lexeme_reports/model_entries/2317-show-(iptv.2sg)-sċēawa.model.md:43	Germanic/docs/lexeme_reports/model_entries/2317-show-(iptv.2sg)-sċēawa.model.md	auto
oe	sċēawa	sċēawa	sceawa	target_form	lexical_heading	show (iptv.2sg) — OE sċēawa	manifest	auto
oe	sceawað	sceawað	sceawad	comparison_form	table_semantic_auto	Germanic/docs/lexeme_reports/model_entries/2318-show-(3sg)-sċēawaþ.model.md:44	table_semantic_rule	auto
oe	sċēawaþ	sċēawaþ	sceawath	evidence_form	explicit_tag	Germanic/docs/lexeme_reports/model_entries/2317-show-(iptv.2sg)-sċēawa.model.md:44	Germanic/docs/lexeme_reports/model_entries/2317-show-(iptv.2sg)-sċēawa.model.md	auto
oe	sċēawaþ	sċēawaþ	sceawath	target_form	explicit_tag	Germanic/docs/lexeme_reports/model_entries/2318-show-(3sg)-sċēawaþ.model.md:30	Germanic/docs/lexeme_reports/model_entries/2318-show-(3sg)-sċēawaþ.model.md	auto
oe	sċēawaþ	sċēawaþ	sceawath	target_form	explicit_tag	Germanic/docs/lexeme_reports/model_entries/2318-show-(3sg)-sċēawaþ.model.md:44	Germanic/docs/lexeme_reports/model_entries/2318-show-(3sg)-sċēawaþ.model.md	auto
oe	sċēawaþ	sċēawaþ	sceawath	target_form	lexical_heading	show (3sg) — OE sċēawaþ	manifest	auto
oe	sceáwian	sceáwian	sceawian	comparison_form	explicit_tag	Germanic/docs/lexeme_reports/model_entries/2318-show-(3sg)-sċēawaþ.model.md:22	Germanic/docs/lexeme_reports/model_entries/2318-show-(3sg)-sċēawaþ.model.md	auto
oe	scéawian	scéawian	sceawian	comparison_form	explicit_tag	Germanic/docs/lexeme_reports/model_entries/2318-show-(3sg)-sċēawaþ.model.md:34	Germanic/docs/lexeme_reports/model_entries/2318-show-(3sg)-sċēawaþ.model.md	auto
oe	scēawian	scēawian	sceawian	comparison_form	explicit_tag	Germanic/docs/lexeme_reports/model_entries/2186-show-sċēawian.model.md:21	Germanic/docs/lexeme_reports/model_entries/2186-show-sċēawian.model.md	auto
oe	scēawian	scēawian	sceawian	comparison_form	explicit_tag	Germanic/docs/lexeme_reports/model_entries/2186-show-sċēawian.model.md:25	Germanic/docs/lexeme_reports/model_entries/2186-show-sċēawian.model.md	auto
oe	scēawian	scēawian	sceawian	comparison_form	explicit_tag	Germanic/docs/lexeme_reports/model_entries/2186-show-sċēawian.model.md:33	Germanic/docs/lexeme_reports/model_entries/2186-show-sċēawian.model.md	auto
oe	scēawian	scēawian	sceawian	evidence_form	explicit_tag	Germanic/docs/lexeme_reports/model_entries/2317-show-(iptv.2sg)-sċēawa.model.md:42	Germanic/docs/lexeme_reports/model_entries/2317-show-(iptv.2sg)-sċēawa.model.md	auto
oe	scēawian	scēawian	sceawian	comparison_form	explicit_tag	Germanic/docs/lexeme_reports/model_entries/2318-show-(3sg)-sċēawaþ.model.md:28	Germanic/docs/lexeme_reports/model_entries/2318-show-(3sg)-sċēawaþ.model.md	auto
oe	scēawian	scēawian	sceawian	comparison_form	explicit_tag	Germanic/docs/lexeme_reports/model_entries/2318-show-(3sg)-sċēawaþ.model.md:42	Germanic/docs/lexeme_reports/model_entries/2318-show-(3sg)-sċēawaþ.model.md	auto
oe	sċēawian	sċēawian	sceawian	target_form	explicit_tag	Germanic/docs/lexeme_reports/model_entries/2186-show-sċēawian.model.md:25	Germanic/docs/lexeme_reports/model_entries/2186-show-sċēawian.model.md	auto
oe	sċēawian	sċēawian	sceawian	target_form	explicit_tag	Germanic/docs/lexeme_reports/model_entries/2186-show-sċēawian.model.md:29	Germanic/docs/lexeme_reports/model_entries/2186-show-sċēawian.model.md	auto
oe	sċēawian	sċēawian	sceawian	target_form	explicit_tag	Germanic/docs/lexeme_reports/model_entries/2186-show-sċēawian.model.md:33	Germanic/docs/lexeme_reports/model_entries/2186-show-sċēawian.model.md	auto
oe	sċēawian	sċēawian	sceawian	evidence_form	explicit_tag	Germanic/docs/lexeme_reports/model_entries/2317-show-(iptv.2sg)-sċēawa.model.md:42	Germanic/docs/lexeme_reports/model_entries/2317-show-(iptv.2sg)-sċēawa.model.md	auto
oe	sċēawian	sċēawian	sceawian	target_form	lexical_heading	show — OE sċēawian	manifest	auto
oe	scēofan	scēofan	sceofan	comparison_form	explicit_tag	Germanic/docs/lexeme_reports/model_entries/2184-shove-sċēaf.model.md:22	Germanic/docs/lexeme_reports/model_entries/2184-shove-sċēaf.model.md	auto
oe	scēofan	scēofan	sceofan	comparison_form	explicit_tag	Germanic/docs/lexeme_reports/model_entries/2184-shove-sċēaf.model.md:28	Germanic/docs/lexeme_reports/model_entries/2184-shove-sċēaf.model.md	auto
oe	scēofan	scēofan	sceofan	comparison_form	explicit_tag	Germanic/docs/lexeme_reports/model_entries/2184-shove-sċēaf.model.md:49	Germanic/docs/lexeme_reports/model_entries/2184-shove-sċēaf.model.md	auto
oe	sċēofan	sċēofan	sceofan	comparison_form	explicit_tag	Germanic/docs/lexeme_reports/model_entries/2184-shove-sċēaf.model.md:49	Germanic/docs/lexeme_reports/model_entries/2184-shove-sċēaf.model.md	auto
oe	sceoldor	sceoldor	sceoldor	comparison_form	explicit_tag	Germanic/docs/lexeme_reports/model_entries/2183-shoulder-sċuldrum.model.md:31	Germanic/docs/lexeme_reports/model_entries/2183-shoulder-sċuldrum.model.md	auto
oe	scilling	scilling	scilling	comparison_form	explicit_tag	Germanic/docs/lexeme_reports/model_entries/2181-shilling-sċilling.model.md:21	Germanic/docs/lexeme_reports/model_entries/2181-shilling-sċilling.model.md	auto
oe	sċilling	sċilling	scilling	target_form	lexical_heading	shilling — OE sċilling	manifest	auto
oe	scofen	scofen	scofen	comparison_form	explicit_tag	Germanic/docs/lexeme_reports/model_entries/2184-shove-sċēaf.model.md:29	Germanic/docs/lexeme_reports/model_entries/2184-shove-sċēaf.model.md	auto
oe	scofen	scofen	scofen	comparison_form	explicit_tag	Germanic/docs/lexeme_reports/model_entries/2184-shove-sċēaf.model.md:52	Germanic/docs/lexeme_reports/model_entries/2184-shove-sċēaf.model.md	auto
oe	scufan	scufan	scufan	comparison_form	explicit_tag	Germanic/docs/lexeme_reports/model_entries/2184-shove-sċēaf.model.md:29	Germanic/docs/lexeme_reports/model_entries/2184-shove-sċēaf.model.md	auto
oe	scūfan	scūfan	scufan	comparison_form	explicit_tag	Germanic/docs/lexeme_reports/model_entries/2184-shove-sċēaf.model.md:22	Germanic/docs/lexeme_reports/model_entries/2184-shove-sċēaf.model.md	auto
oe	scūfan	scūfan	scufan	comparison_form	explicit_tag	Germanic/docs/lexeme_reports/model_entries/2184-shove-sċēaf.model.md:28	Germanic/docs/lexeme_reports/model_entries/2184-shove-sċēaf.model.md	auto
oe	scūfan	scūfan	scufan	comparison_form	explicit_tag	Germanic/docs/lexeme_reports/model_entries/2184-shove-sċēaf.model.md:49	Germanic/docs/lexeme_reports/model_entries/2184-shove-sċēaf.model.md	auto
oe	scufon	scufon	scufon	comparison_form	explicit_tag	Germanic/docs/lexeme_reports/model_entries/2184-shove-sċēaf.model.md:29	Germanic/docs/lexeme_reports/model_entries/2184-shove-sċēaf.model.md	auto
oe	scufon	scufon	scufon	comparison_form	explicit_tag	Germanic/docs/lexeme_reports/model_entries/2184-shove-sċēaf.model.md:51	Germanic/docs/lexeme_reports/model_entries/2184-shove-sċēaf.model.md	auto
oe	sċufun	sċufun	scufun	comparison_form	explicit_tag	Germanic/docs/lexeme_reports/model_entries/2184-shove-sċēaf.model.md:51	Germanic/docs/lexeme_reports/model_entries/2184-shove-sċēaf.model.md	auto
oe	sculdor	sculdor	sculdor	comparison_form	explicit_tag	Germanic/docs/lexeme_reports/model_entries/2183-shoulder-sċuldrum.model.md:21	Germanic/docs/lexeme_reports/model_entries/2183-shoulder-sċuldrum.model.md	auto
oe	sculdor	sculdor	sculdor	comparison_form	explicit_tag	Germanic/docs/lexeme_reports/model_entries/2183-shoulder-sċuldrum.model.md:29	Germanic/docs/lexeme_reports/model_entries/2183-shoulder-sċuldrum.model.md	auto
oe	sculdor	sculdor	sculdor	comparison_form	explicit_tag	Germanic/docs/lexeme_reports/model_entries/2183-shoulder-sċuldrum.model.md:31	Germanic/docs/lexeme_reports/model_entries/2183-shoulder-sċuldrum.model.md	auto
oe	sculdor	sculdor	sculdor	comparison_form	explicit_tag	Germanic/docs/lexeme_reports/model_entries/2183-shoulder-sċuldrum.model.md:47	Germanic/docs/lexeme_reports/model_entries/2183-shoulder-sċuldrum.model.md	auto
oe	sculdor	sculdor	sculdor	comparison_form	explicit_tag	Germanic/docs/lexeme_reports/model_entries/2183-shoulder-sċuldrum.model.md:48	Germanic/docs/lexeme_reports/model_entries/2183-shoulder-sċuldrum.model.md	auto
oe	sculdra	sculdra	sculdra	comparison_form	explicit_tag	Germanic/docs/lexeme_reports/model_entries/2183-shoulder-sċuldrum.model.md:31	Germanic/docs/lexeme_reports/model_entries/2183-shoulder-sċuldrum.model.md	auto
oe	sculdra	sculdra	sculdra	comparison_form	explicit_tag	Germanic/docs/lexeme_reports/model_entries/2183-shoulder-sċuldrum.model.md:50	Germanic/docs/lexeme_reports/model_entries/2183-shoulder-sċuldrum.model.md	auto
oe	sculdrum	sculdrum	sculdrum	comparison_form	explicit_tag	Germanic/docs/lexeme_reports/model_entries/2183-shoulder-sċuldrum.model.md:29	Germanic/docs/lexeme_reports/model_entries/2183-shoulder-sċuldrum.model.md	auto
oe	sculdrum	sculdrum	sculdrum	comparison_form	explicit_tag	Germanic/docs/lexeme_reports/model_entries/2183-shoulder-sċuldrum.model.md:49	Germanic/docs/lexeme_reports/model_entries/2183-shoulder-sċuldrum.model.md	auto
oe	sculdrum	sculdrum	sculdrum	comparison_form	explicit_tag	Germanic/docs/lexeme_reports/model_entries/2183-shoulder-sċuldrum.model.md:52	Germanic/docs/lexeme_reports/model_entries/2183-shoulder-sċuldrum.model.md	auto
oe	sċuldrum	sċuldrum	sculdrum	evidence_form	explicit_tag	Germanic/docs/assembly/capr_book_intro_alpha_01.md:33	Germanic/docs/assembly/capr_book_intro_alpha_01.md	auto
oe	sċuldrum	sċuldrum	sculdrum	target_form	explicit_tag	Germanic/docs/lexeme_reports/model_entries/2183-shoulder-sċuldrum.model.md:33	Germanic/docs/lexeme_reports/model_entries/2183-shoulder-sċuldrum.model.md	auto
oe	sċuldrum	sċuldrum	sculdrum	comparison_form	explicit_tag	Germanic/docs/lexeme_reports/model_entries/2183-shoulder-sċuldrum.model.md:39	Germanic/docs/lexeme_reports/model_entries/2183-shoulder-sċuldrum.model.md	auto
oe	sċuldrum	sċuldrum	sculdrum	target_form	explicit_tag	Germanic/docs/lexeme_reports/model_entries/2183-shoulder-sċuldrum.model.md:49	Germanic/docs/lexeme_reports/model_entries/2183-shoulder-sċuldrum.model.md	auto
oe	sċuldrum	sċuldrum	sculdrum	target_form	lexical_heading	shoulder — OE sċuldrum	manifest	auto
oe	scyldrum	scyldrum	scyldrum	comparison_form	explicit_tag	Germanic/docs/lexeme_reports/model_entries/2183-shoulder-sċuldrum.model.md:31	Germanic/docs/lexeme_reports/model_entries/2183-shoulder-sċuldrum.model.md	auto
oe	sep	sep	sep	comparison_form	explicit_tag	Germanic/docs/lexeme_reports/model_entries/2168-sap-sæp.model.md:46	Germanic/docs/lexeme_reports/model_entries/2168-sap-sæp.model.md	auto
oe	sepe	sepe	sepe	comparison_form	explicit_tag	Germanic/docs/lexeme_reports/model_entries/2168-sap-sæp.model.md:46	Germanic/docs/lexeme_reports/model_entries/2168-sap-sæp.model.md	auto
oe	sepe	sepe	sepe	comparison_form	explicit_tag	Germanic/docs/lexeme_reports/model_entries/2168-sap-sæp.model.md:58	Germanic/docs/lexeme_reports/model_entries/2168-sap-sæp.model.md	auto
oe	sibb	sibb	sibb	comparison_form	explicit_tag	Germanic/docs/lexeme_reports/model_entries/2189-sieve-sife.model.md:27	Germanic/docs/lexeme_reports/model_entries/2189-sieve-sife.model.md	auto
oe	sibb	sibb	sibb	comparison_form	explicit_tag	Germanic/docs/lexeme_reports/model_entries/2189-sieve-sife.model.md:53	Germanic/docs/lexeme_reports/model_entries/2189-sieve-sife.model.md	auto
oe	sibi	sibi	sibi	comparison_form	explicit_tag	Germanic/docs/lexeme_reports/model_entries/2189-sieve-sife.model.md:33	Germanic/docs/lexeme_reports/model_entries/2189-sieve-sife.model.md	auto
oe	sibi	sibi	sibi	comparison_form	explicit_tag	Germanic/docs/lexeme_reports/model_entries/2189-sieve-sife.model.md:55	Germanic/docs/lexeme_reports/model_entries/2189-sieve-sife.model.md	auto
oe	sif	sif	sif	comparison_form	explicit_tag	Germanic/docs/lexeme_reports/model_entries/2189-sieve-sife.model.md:54	Germanic/docs/lexeme_reports/model_entries/2189-sieve-sife.model.md	auto
oe	sife	sife	sife	target_form	explicit_tag	Germanic/docs/lexeme_reports/model_entries/2189-sieve-sife.model.md:21	Germanic/docs/lexeme_reports/model_entries/2189-sieve-sife.model.md	auto
oe	sife	sife	sife	target_form	explicit_tag	Germanic/docs/lexeme_reports/model_entries/2189-sieve-sife.model.md:27	Germanic/docs/lexeme_reports/model_entries/2189-sieve-sife.model.md	auto
oe	sife	sife	sife	target_form	explicit_tag	Germanic/docs/lexeme_reports/model_entries/2189-sieve-sife.model.md:33	Germanic/docs/lexeme_reports/model_entries/2189-sieve-sife.model.md	auto
oe	sife	sife	sife	target_form	explicit_tag	Germanic/docs/lexeme_reports/model_entries/2189-sieve-sife.model.md:55	Germanic/docs/lexeme_reports/model_entries/2189-sieve-sife.model.md	auto
oe	sife	sife	sife	target_form	lexical_heading	sieve — OE sife	manifest	auto
oe	slæpan	slæpan	slaepan	comparison_form	explicit_tag	Germanic/docs/lexeme_reports/model_entries/2196-sleep-slǣpan.model.md:25	Germanic/docs/lexeme_reports/model_entries/2196-sleep-slǣpan.model.md	auto
oe	slæpan	slæpan	slaepan	comparison_form	explicit_tag	Germanic/docs/lexeme_reports/model_entries/2196-sleep-slǣpan.model.md:29	Germanic/docs/lexeme_reports/model_entries/2196-sleep-slǣpan.model.md	auto
oe	slǣpan	slǣpan	slaepan	comparison_form	explicit_tag	Germanic/docs/lexeme_reports/model_entries/2196-sleep-slǣpan.model.md:29	Germanic/docs/lexeme_reports/model_entries/2196-sleep-slǣpan.model.md	auto
oe	slǣpan	slǣpan	slaepan	target_form	lexical_heading	sleep — OE slǣpan	manifest	auto
oe	slāpan	slāpan	slapan	comparison_form	explicit_tag	Germanic/docs/lexeme_reports/model_entries/2196-sleep-slǣpan.model.md:25	Germanic/docs/lexeme_reports/model_entries/2196-sleep-slǣpan.model.md	auto
oe	slāpan	slāpan	slapan	comparison_form	explicit_tag	Germanic/docs/lexeme_reports/model_entries/2196-sleep-slǣpan.model.md:29	Germanic/docs/lexeme_reports/model_entries/2196-sleep-slǣpan.model.md	auto
oe	slēpan	slēpan	slepan	comparison_form	explicit_tag	Germanic/docs/lexeme_reports/model_entries/2196-sleep-slǣpan.model.md:29	Germanic/docs/lexeme_reports/model_entries/2196-sleep-slǣpan.model.md	auto
oe	smierwan	smierwan	smierwan	comparison_form	explicit_tag	Germanic/docs/lexeme_reports/model_entries/2198-smear-smierwan.model.md:21	Germanic/docs/lexeme_reports/model_entries/2198-smear-smierwan.model.md	auto
oe	smierwan	smierwan	smierwan	comparison_form	explicit_tag	Germanic/docs/lexeme_reports/model_entries/2198-smear-smierwan.model.md:25	Germanic/docs/lexeme_reports/model_entries/2198-smear-smierwan.model.md	auto
oe	smierwan	smierwan	smierwan	comparison_form	explicit_tag	Germanic/docs/lexeme_reports/model_entries/2198-smear-smierwan.model.md:29	Germanic/docs/lexeme_reports/model_entries/2198-smear-smierwan.model.md	auto
oe	smierwan	smierwan	smierwan	comparison_form	explicit_tag	Germanic/docs/lexeme_reports/model_entries/2198-smear-smierwan.model.md:33	Germanic/docs/lexeme_reports/model_entries/2198-smear-smierwan.model.md	auto
oe	smierwan	smierwan	smierwan	target_form	lexical_heading	smear — OE smierwan	manifest	auto
oe	smirwan	smirwan	smirwan	comparison_form	explicit_tag	Germanic/docs/lexeme_reports/model_entries/2198-smear-smierwan.model.md:21	Germanic/docs/lexeme_reports/model_entries/2198-smear-smierwan.model.md	auto
oe	smirwan	smirwan	smirwan	comparison_form	explicit_tag	Germanic/docs/lexeme_reports/model_entries/2198-smear-smierwan.model.md:25	Germanic/docs/lexeme_reports/model_entries/2198-smear-smierwan.model.md	auto
oe	smirwan	smirwan	smirwan	comparison_form	explicit_tag	Germanic/docs/lexeme_reports/model_entries/2198-smear-smierwan.model.md:29	Germanic/docs/lexeme_reports/model_entries/2198-smear-smierwan.model.md	auto
oe	smirwan	smirwan	smirwan	comparison_form	explicit_tag	Germanic/docs/lexeme_reports/model_entries/2198-smear-smierwan.model.md:33	Germanic/docs/lexeme_reports/model_entries/2198-smear-smierwan.model.md	auto
oe	spær	spær	spaer	evidence_form	explicit_tag	Germanic/docs/lexeme_reports/model_entries/2205-spare-sparian.model.md:32	Germanic/docs/lexeme_reports/model_entries/2205-spare-sparian.model.md	auto
oe	spær	spær	spaer	evidence_form	explicit_tag	Germanic/docs/lexeme_reports/model_entries/2205-spare-sparian.model.md:46	Germanic/docs/lexeme_reports/model_entries/2205-spare-sparian.model.md	auto
oe	spær	spær	spaer	evidence_form	explicit_tag	Germanic/docs/lexeme_reports/model_entries/2205-spare-sparian.model.md:57	Germanic/docs/lexeme_reports/model_entries/2205-spare-sparian.model.md	auto
oe	spære	spære	spaere	evidence_form	explicit_tag	Germanic/docs/lexeme_reports/model_entries/2205-spare-sparian.model.md:57	Germanic/docs/lexeme_reports/model_entries/2205-spare-sparian.model.md	auto
oe	spærede	spærede	spaerede	evidence_form	explicit_tag	Germanic/docs/lexeme_reports/model_entries/2205-spare-sparian.model.md:33	Germanic/docs/lexeme_reports/model_entries/2205-spare-sparian.model.md	auto
oe	spærede	spærede	spaerede	evidence_form	explicit_tag	Germanic/docs/lexeme_reports/model_entries/2205-spare-sparian.model.md:35	Germanic/docs/lexeme_reports/model_entries/2205-spare-sparian.model.md	auto
oe	spæreþ	spæreþ	spaereth	evidence_form	explicit_tag	Germanic/docs/lexeme_reports/model_entries/2205-spare-sparian.model.md:58	Germanic/docs/lexeme_reports/model_entries/2205-spare-sparian.model.md	auto
oe	spæria	spæria	spaeria	evidence_form	explicit_tag	Germanic/docs/lexeme_reports/model_entries/2205-spare-sparian.model.md:32	Germanic/docs/lexeme_reports/model_entries/2205-spare-sparian.model.md	auto
oe	spæria	spæria	spaeria	evidence_form	explicit_tag	Germanic/docs/lexeme_reports/model_entries/2205-spare-sparian.model.md:35	Germanic/docs/lexeme_reports/model_entries/2205-spare-sparian.model.md	auto
oe	spann	spann	spann	comparison_form	explicit_tag	Germanic/docs/lexeme_reports/model_entries/2203-span-spanne.model.md:21	Germanic/docs/lexeme_reports/model_entries/2203-span-spanne.model.md	auto
oe	spann	spann	spann	comparison_form	explicit_tag	Germanic/docs/lexeme_reports/model_entries/2203-span-spanne.model.md:29	Germanic/docs/lexeme_reports/model_entries/2203-span-spanne.model.md	auto
oe	spann	spann	spann	comparison_form	explicit_tag	Germanic/docs/lexeme_reports/model_entries/2203-span-spanne.model.md:46	Germanic/docs/lexeme_reports/model_entries/2203-span-spanne.model.md	auto
oe	spannan	spannan	spannan	comparison_form	explicit_tag	Germanic/docs/lexeme_reports/model_entries/2202-span-spannan.model.md:21	Germanic/docs/lexeme_reports/model_entries/2202-span-spannan.model.md	auto
oe	spannan	spannan	spannan	comparison_form	explicit_tag	Germanic/docs/lexeme_reports/model_entries/2202-span-spannan.model.md:25	Germanic/docs/lexeme_reports/model_entries/2202-span-spannan.model.md	auto
oe	spannan	spannan	spannan	comparison_form	explicit_tag	Germanic/docs/lexeme_reports/model_entries/2202-span-spannan.model.md:29	Germanic/docs/lexeme_reports/model_entries/2202-span-spannan.model.md	auto
oe	spannan	spannan	spannan	comparison_form	explicit_tag	Germanic/docs/lexeme_reports/model_entries/2202-span-spannan.model.md:33	Germanic/docs/lexeme_reports/model_entries/2202-span-spannan.model.md	auto
oe	spannan	spannan	spannan	target_form	lexical_heading	span — OE spannan	manifest	auto
oe	spanne	spanne	spanne	target_form	explicit_tag	Germanic/docs/lexeme_reports/model_entries/2203-span-spanne.model.md:29	Germanic/docs/lexeme_reports/model_entries/2203-span-spanne.model.md	auto
oe	spanne	spanne	spanne	target_form	explicit_tag	Germanic/docs/lexeme_reports/model_entries/2203-span-spanne.model.md:30	Germanic/docs/lexeme_reports/model_entries/2203-span-spanne.model.md	auto
oe	spanne	spanne	spanne	target_form	explicit_tag	Germanic/docs/lexeme_reports/model_entries/2203-span-spanne.model.md:37	Germanic/docs/lexeme_reports/model_entries/2203-span-spanne.model.md	auto
oe	spanne	spanne	spanne	target_form	explicit_tag	Germanic/docs/lexeme_reports/model_entries/2203-span-spanne.model.md:47	Germanic/docs/lexeme_reports/model_entries/2203-span-spanne.model.md	auto
oe	spanne	spanne	spanne	target_form	lexical_heading	span — OE spanne	manifest	auto
oe	sparen	sparen	sparen	evidence_form	explicit_tag	Germanic/docs/lexeme_reports/model_entries/2205-spare-sparian.model.md:56	Germanic/docs/lexeme_reports/model_entries/2205-spare-sparian.model.md	auto
oe	sparian	sparian	sparian	evidence_form	explicit_tag	Germanic/docs/lexeme_reports/model_entries/2205-spare-sparian.model.md:26	Germanic/docs/lexeme_reports/model_entries/2205-spare-sparian.model.md	auto
oe	sparian	sparian	sparian	evidence_form	explicit_tag	Germanic/docs/lexeme_reports/model_entries/2205-spare-sparian.model.md:31	Germanic/docs/lexeme_reports/model_entries/2205-spare-sparian.model.md	auto
oe	sparian	sparian	sparian	evidence_form	explicit_tag	Germanic/docs/lexeme_reports/model_entries/2205-spare-sparian.model.md:35	Germanic/docs/lexeme_reports/model_entries/2205-spare-sparian.model.md	auto
oe	sparian	sparian	sparian	evidence_form	explicit_tag	Germanic/docs/lexeme_reports/model_entries/2205-spare-sparian.model.md:37	Germanic/docs/lexeme_reports/model_entries/2205-spare-sparian.model.md	auto
oe	sparian	sparian	sparian	evidence_form	explicit_tag	Germanic/docs/lexeme_reports/model_entries/2205-spare-sparian.model.md:45	Germanic/docs/lexeme_reports/model_entries/2205-spare-sparian.model.md	auto
oe	sparian	sparian	sparian	evidence_form	explicit_tag	Germanic/docs/lexeme_reports/model_entries/2205-spare-sparian.model.md:56	Germanic/docs/lexeme_reports/model_entries/2205-spare-sparian.model.md	auto
oe	sparian	sparian	sparian	evidence_form	explicit_tag	Germanic/docs/lexeme_reports/model_entries/2205-spare-sparian.model.md:59	Germanic/docs/lexeme_reports/model_entries/2205-spare-sparian.model.md	auto
oe	sparian	sparian	sparian	target_form	lexical_heading	spare — OE sparian	manifest	auto
oe	spearad	spearad	spearad	evidence_form	explicit_tag	Germanic/docs/lexeme_reports/model_entries/2205-spare-sparian.model.md:33	Germanic/docs/lexeme_reports/model_entries/2205-spare-sparian.model.md	auto
oe	spearad	spearad	spearad	evidence_form	explicit_tag	Germanic/docs/lexeme_reports/model_entries/2205-spare-sparian.model.md:36	Germanic/docs/lexeme_reports/model_entries/2205-spare-sparian.model.md	auto
oe	spearad	spearad	spearad	evidence_form	explicit_tag	Germanic/docs/lexeme_reports/model_entries/2205-spare-sparian.model.md:58	Germanic/docs/lexeme_reports/model_entries/2205-spare-sparian.model.md	auto
oe	spearra	spearra	spearra	comparison_form	explicit_tag	Germanic/docs/lexeme_reports/model_entries/2204-spar-spearra.model.md:25	Germanic/docs/lexeme_reports/model_entries/2204-spar-spearra.model.md	auto
oe	spearra	spearra	spearra	comparison_form	explicit_tag	Germanic/docs/lexeme_reports/model_entries/2204-spar-spearra.model.md:29	Germanic/docs/lexeme_reports/model_entries/2204-spar-spearra.model.md	auto
oe	spearra	spearra	spearra	comparison_form	explicit_tag	Germanic/docs/lexeme_reports/model_entries/2204-spar-spearra.model.md:33	Germanic/docs/lexeme_reports/model_entries/2204-spar-spearra.model.md	auto
oe	spearra	spearra	spearra	target_form	lexical_heading	spar — OE spearra	manifest	auto
oe	spere	spere	spere	evidence_form	broad_prose_decision	Germanic/docs/lexeme_reports/model_entries/2189-sieve-sife.model.md:22	broad_prose_curated	override
oe	stæf	stæf	staef	target_form	explicit_tag	Germanic/docs/lexeme_reports/model_entries/2212-staff-stæf.model.md:29	Germanic/docs/lexeme_reports/model_entries/2212-staff-stæf.model.md	auto
oe	stæf	stæf	staef	target_form	explicit_tag	Germanic/docs/lexeme_reports/model_entries/2212-staff-stæf.model.md:30	Germanic/docs/lexeme_reports/model_entries/2212-staff-stæf.model.md	auto
oe	stæf	stæf	staef	target_form	explicit_tag	Germanic/docs/lexeme_reports/model_entries/2212-staff-stæf.model.md:31	Germanic/docs/lexeme_reports/model_entries/2212-staff-stæf.model.md	auto
oe	stæf	stæf	staef	target_form	explicit_tag	Germanic/docs/lexeme_reports/model_entries/2212-staff-stæf.model.md:51	Germanic/docs/lexeme_reports/model_entries/2212-staff-stæf.model.md	auto
oe	stæf	stæf	staef	target_form	explicit_tag	Germanic/docs/lexeme_reports/model_entries/2212-staff-stæf.model.md:53	Germanic/docs/lexeme_reports/model_entries/2212-staff-stæf.model.md	auto
oe	stæf	stæf	staef	target_form	lexical_heading	staff — OE stæf	manifest	auto
oe	stafas	stafas	stafas	comparison_form	explicit_tag	Germanic/docs/lexeme_reports/model_entries/2212-staff-stæf.model.md:31	Germanic/docs/lexeme_reports/model_entries/2212-staff-stæf.model.md	auto
oe	stānrocc	stānrocc	stanrocc	comparison_form	broad_prose_decision	Germanic/docs/lexeme_reports/model_entries/2155-coat-rocc.model.md:33	broad_prose_curated	override
oe	stefe	stefe	stefe	comparison_form	explicit_tag	Germanic/docs/lexeme_reports/model_entries/2212-staff-stæf.model.md:41	Germanic/docs/lexeme_reports/model_entries/2212-staff-stæf.model.md	auto
oe	stefn	stefn	stefn	target_form	explicit_tag	Germanic/docs/lexeme_reports/model_entries/2216-stem-stefn.model.md:42	Germanic/docs/lexeme_reports/model_entries/2216-stem-stefn.model.md	auto
oe	stefn	stefn	stefn	target_form	explicit_tag	Germanic/docs/lexeme_reports/model_entries/2216-stem-stefn.model.md:51	Germanic/docs/lexeme_reports/model_entries/2216-stem-stefn.model.md	auto
oe	stefn	stefn	stefn	comparison_form	explicit_tag	Germanic/docs/lexeme_reports/model_entries/2216-stem-stefn.model.md:57	Germanic/docs/lexeme_reports/model_entries/2216-stem-stefn.model.md	auto
oe	stefn	stefn	stefn	target_form	explicit_tag	Germanic/docs/lexeme_reports/model_entries/2216-stem-stefn.model.md:91	Germanic/docs/lexeme_reports/model_entries/2216-stem-stefn.model.md	auto
oe	stefn	stefn	stefn	target_form	lexical_heading	stem — OE stefn	manifest	auto
oe	stefna	stefna	stefna	comparison_form	explicit_tag	Germanic/docs/lexeme_reports/model_entries/2216-stem-stefn.model.md:43	Germanic/docs/lexeme_reports/model_entries/2216-stem-stefn.model.md	auto
oe	stefna	stefna	stefna	comparison_form	explicit_tag	Germanic/docs/lexeme_reports/model_entries/2216-stem-stefn.model.md:52	Germanic/docs/lexeme_reports/model_entries/2216-stem-stefn.model.md	auto
oe	stefna	stefna	stefna	comparison_form	explicit_tag	Germanic/docs/lexeme_reports/model_entries/2216-stem-stefn.model.md:92	Germanic/docs/lexeme_reports/model_entries/2216-stem-stefn.model.md	auto
oe	stemn	stemn	stemn	comparison_form	explicit_tag	Germanic/docs/lexeme_reports/model_entries/2216-stem-stefn.model.md:94	Germanic/docs/lexeme_reports/model_entries/2216-stem-stefn.model.md	auto
oe	still	still	still	comparison_form	explicit_tag	Germanic/docs/lexeme_reports/model_entries/2217-still-stillan.model.md:21	Germanic/docs/lexeme_reports/model_entries/2217-still-stillan.model.md	auto
oe	stillan	stillan	stillan	target_form	lexical_heading	still — OE stillan	manifest	auto
oe	stille	stille	stille	comparison_form	explicit_tag	Germanic/docs/lexeme_reports/model_entries/2217-still-stillan.model.md:25	Germanic/docs/lexeme_reports/model_entries/2217-still-stillan.model.md	auto
oe	stille	stille	stille	comparison_form	explicit_tag	Germanic/docs/lexeme_reports/model_entries/2217-still-stillan.model.md:33	Germanic/docs/lexeme_reports/model_entries/2217-still-stillan.model.md	auto
oe	stofn	stofn	stofn	comparison_form	explicit_tag	Germanic/docs/lexeme_reports/model_entries/2216-stem-stefn.model.md:44	Germanic/docs/lexeme_reports/model_entries/2216-stem-stefn.model.md	auto
oe	stofn	stofn	stofn	comparison_form	explicit_tag	Germanic/docs/lexeme_reports/model_entries/2216-stem-stefn.model.md:93	Germanic/docs/lexeme_reports/model_entries/2216-stem-stefn.model.md	auto
oe	strēawian	strēawian	streawian	comparison_form	explicit_tag	Germanic/docs/lexeme_reports/model_entries/2227-strew-strīeġan.model.md:39	Germanic/docs/lexeme_reports/model_entries/2227-strew-strīeġan.model.md	auto
oe	strēawian	strēawian	streawian	comparison_form	explicit_tag	Germanic/docs/lexeme_reports/model_entries/2227-strew-strīeġan.model.md:55	Germanic/docs/lexeme_reports/model_entries/2227-strew-strīeġan.model.md	auto
oe	strēawian	strēawian	streawian	comparison_form	explicit_tag	Germanic/docs/lexeme_reports/model_entries/2227-strew-strīeġan.model.md:65	Germanic/docs/lexeme_reports/model_entries/2227-strew-strīeġan.model.md	auto
oe	strēgan	strēgan	stregan	comparison_form	explicit_tag	Germanic/docs/lexeme_reports/model_entries/2227-strew-strīeġan.model.md:26	Germanic/docs/lexeme_reports/model_entries/2227-strew-strīeġan.model.md	auto
oe	strēgan	strēgan	stregan	comparison_form	explicit_tag	Germanic/docs/lexeme_reports/model_entries/2227-strew-strīeġan.model.md:38	Germanic/docs/lexeme_reports/model_entries/2227-strew-strīeġan.model.md	auto
oe	strēgan	strēgan	stregan	comparison_form	explicit_tag	Germanic/docs/lexeme_reports/model_entries/2227-strew-strīeġan.model.md:54	Germanic/docs/lexeme_reports/model_entries/2227-strew-strīeġan.model.md	auto
oe	strēgan	strēgan	stregan	comparison_form	explicit_tag	Germanic/docs/lexeme_reports/model_entries/2227-strew-strīeġan.model.md:63	Germanic/docs/lexeme_reports/model_entries/2227-strew-strīeġan.model.md	auto
oe	streowian	streowian	streowian	comparison_form	explicit_tag	Germanic/docs/lexeme_reports/model_entries/2227-strew-strīeġan.model.md:23	Germanic/docs/lexeme_reports/model_entries/2227-strew-strīeġan.model.md	auto
oe	streowian	streowian	streowian	comparison_form	explicit_tag	Germanic/docs/lexeme_reports/model_entries/2227-strew-strīeġan.model.md:27	Germanic/docs/lexeme_reports/model_entries/2227-strew-strīeġan.model.md	auto
oe	streowian	streowian	streowian	comparison_form	explicit_tag	Germanic/docs/lexeme_reports/model_entries/2227-strew-strīeġan.model.md:39	Germanic/docs/lexeme_reports/model_entries/2227-strew-strīeġan.model.md	auto
oe	streowian	streowian	streowian	comparison_form	explicit_tag	Germanic/docs/lexeme_reports/model_entries/2227-strew-strīeġan.model.md:55	Germanic/docs/lexeme_reports/model_entries/2227-strew-strīeġan.model.md	auto
oe	streowian	streowian	streowian	comparison_form	explicit_tag	Germanic/docs/lexeme_reports/model_entries/2227-strew-strīeġan.model.md:65	Germanic/docs/lexeme_reports/model_entries/2227-strew-strīeġan.model.md	auto
oe	strewian	strewian	strewian	comparison_form	explicit_tag	Germanic/docs/lexeme_reports/model_entries/2227-strew-strīeġan.model.md:39	Germanic/docs/lexeme_reports/model_entries/2227-strew-strīeġan.model.md	auto
oe	strewian	strewian	strewian	comparison_form	explicit_tag	Germanic/docs/lexeme_reports/model_entries/2227-strew-strīeġan.model.md:55	Germanic/docs/lexeme_reports/model_entries/2227-strew-strīeġan.model.md	auto
oe	strewian	strewian	strewian	comparison_form	explicit_tag	Germanic/docs/lexeme_reports/model_entries/2227-strew-strīeġan.model.md:65	Germanic/docs/lexeme_reports/model_entries/2227-strew-strīeġan.model.md	auto
oe	strēzan	strēzan	strezan	comparison_form	explicit_tag	Germanic/docs/lexeme_reports/model_entries/2227-strew-strīeġan.model.md:31	Germanic/docs/lexeme_reports/model_entries/2227-strew-strīeġan.model.md	auto
oe	strīeġan	*strīeġan	striegan	target_form	explicit_tag	Germanic/docs/lexeme_reports/model_entries/2227-strew-strīeġan.model.md:43	Germanic/docs/lexeme_reports/model_entries/2227-strew-strīeġan.model.md	auto
oe	strīeġan	*strīeġan	striegan	target_form	explicit_tag	Germanic/docs/lexeme_reports/model_entries/2227-strew-strīeġan.model.md:64	Germanic/docs/lexeme_reports/model_entries/2227-strew-strīeġan.model.md	auto
oe	strīeġan	*strīeġan	striegan	target_form	lexical_heading	strew — OE *strīeġan	manifest	auto
oe	sumer	sumer	sumer	comparison_form	explicit_tag	Germanic/docs/lexeme_reports/model_entries/2230-summer-sumer.model.md:25	Germanic/docs/lexeme_reports/model_entries/2230-summer-sumer.model.md	auto
oe	sumer	sumer	sumer	comparison_form	explicit_tag	Germanic/docs/lexeme_reports/model_entries/2230-summer-sumer.model.md:29	Germanic/docs/lexeme_reports/model_entries/2230-summer-sumer.model.md	auto
oe	sumer	sumer	sumer	comparison_form	explicit_tag	Germanic/docs/lexeme_reports/model_entries/2230-summer-sumer.model.md:33	Germanic/docs/lexeme_reports/model_entries/2230-summer-sumer.model.md	auto
oe	sumer	sumer	sumer	target_form	lexical_heading	summer — OE sumer	manifest	auto
oe	sumera	sumera	sumera	comparison_form	explicit_tag	Germanic/docs/lexeme_reports/model_entries/2230-summer-sumer.model.md:25	Germanic/docs/lexeme_reports/model_entries/2230-summer-sumer.model.md	auto
oe	sumere	sumere	sumere	comparison_form	explicit_tag	Germanic/docs/lexeme_reports/model_entries/2230-summer-sumer.model.md:25	Germanic/docs/lexeme_reports/model_entries/2230-summer-sumer.model.md	auto
oe	sumere	sumere	sumere	comparison_form	explicit_tag	Germanic/docs/lexeme_reports/model_entries/2230-summer-sumer.model.md:33	Germanic/docs/lexeme_reports/model_entries/2230-summer-sumer.model.md	auto
oe	sumeres	sumeres	sumeres	comparison_form	explicit_tag	Germanic/docs/lexeme_reports/model_entries/2230-summer-sumer.model.md:25	Germanic/docs/lexeme_reports/model_entries/2230-summer-sumer.model.md	auto
oe	sumeres	sumeres	sumeres	comparison_form	explicit_tag	Germanic/docs/lexeme_reports/model_entries/2230-summer-sumer.model.md:33	Germanic/docs/lexeme_reports/model_entries/2230-summer-sumer.model.md	auto
oe	sumor	sumor	sumor	comparison_form	explicit_tag	Germanic/docs/lexeme_reports/model_entries/2230-summer-sumer.model.md:25	Germanic/docs/lexeme_reports/model_entries/2230-summer-sumer.model.md	auto
oe	sumor	sumor	sumor	comparison_form	explicit_tag	Germanic/docs/lexeme_reports/model_entries/2230-summer-sumer.model.md:29	Germanic/docs/lexeme_reports/model_entries/2230-summer-sumer.model.md	auto
oe	sumor	sumor	sumor	comparison_form	explicit_tag	Germanic/docs/lexeme_reports/model_entries/2230-summer-sumer.model.md:33	Germanic/docs/lexeme_reports/model_entries/2230-summer-sumer.model.md	auto
oe	sundor	sundor	sundor	comparison_form	explicit_tag	Germanic/docs/lexeme_reports/model_entries/2232-sunder-sundrian.model.md:21	Germanic/docs/lexeme_reports/model_entries/2232-sunder-sundrian.model.md	auto
oe	sundor	sundor	sundor	comparison_form	explicit_tag	Germanic/docs/lexeme_reports/model_entries/2232-sunder-sundrian.model.md:35	Germanic/docs/lexeme_reports/model_entries/2232-sunder-sundrian.model.md	auto
oe	sundrian	sundrian	sundrian	target_form	lexical_heading	sunder — OE sundrian	manifest	auto
oe	swalwe	swalwe	swalwe	comparison_form	explicit_tag	Germanic/docs/lexeme_reports/model_entries/2234-swallow-swealwe.model.md:21	Germanic/docs/lexeme_reports/model_entries/2234-swallow-swealwe.model.md	auto
oe	swan	swan	swan	comparison_form	explicit_tag	Germanic/docs/lexeme_reports/model_entries/2235-swan-swanes.model.md:26	Germanic/docs/lexeme_reports/model_entries/2235-swan-swanes.model.md	auto
oe	swan	swan	swan	comparison_form	explicit_tag	Germanic/docs/lexeme_reports/model_entries/2235-swan-swanes.model.md:31	Germanic/docs/lexeme_reports/model_entries/2235-swan-swanes.model.md	auto
oe	swan	swan	swan	comparison_form	explicit_tag	Germanic/docs/lexeme_reports/model_entries/2235-swan-swanes.model.md:52	Germanic/docs/lexeme_reports/model_entries/2235-swan-swanes.model.md	auto
oe	swanes	swanes	swanes	target_form	explicit_tag	Germanic/docs/lexeme_reports/model_entries/2235-swan-swanes.model.md:27	Germanic/docs/lexeme_reports/model_entries/2235-swan-swanes.model.md	auto
oe	swanes	swanes	swanes	target_form	explicit_tag	Germanic/docs/lexeme_reports/model_entries/2235-swan-swanes.model.md:32	Germanic/docs/lexeme_reports/model_entries/2235-swan-swanes.model.md	auto
oe	swanes	swanes	swanes	target_form	explicit_tag	Germanic/docs/lexeme_reports/model_entries/2235-swan-swanes.model.md:53	Germanic/docs/lexeme_reports/model_entries/2235-swan-swanes.model.md	auto
oe	swanes	swanes	swanes	target_form	lexical_heading	swan — OE swanes	manifest	auto
oe	swealwe	swealwe	swealwe	comparison_form	explicit_tag	Germanic/docs/lexeme_reports/model_entries/2234-swallow-swealwe.model.md:21	Germanic/docs/lexeme_reports/model_entries/2234-swallow-swealwe.model.md	auto
oe	swealwe	swealwe	swealwe	target_form	lexical_heading	swallow — OE swealwe	manifest	auto
oe	swīn	swīn	swin	comparison_form	explicit_tag	Germanic/docs/lexeme_reports/model_entries/2238-swine-swīn.model.md:29	Germanic/docs/lexeme_reports/model_entries/2238-swine-swīn.model.md	auto
oe	swīn	swīn	swin	target_form	lexical_heading	swine — OE swīn	manifest	auto
oe	syndrian	syndrian	syndrian	comparison_form	explicit_tag	Germanic/docs/lexeme_reports/model_entries/2232-sunder-sundrian.model.md:21	Germanic/docs/lexeme_reports/model_entries/2232-sunder-sundrian.model.md	auto
oe	syndrian	syndrian	syndrian	comparison_form	explicit_tag	Germanic/docs/lexeme_reports/model_entries/2232-sunder-sundrian.model.md:31	Germanic/docs/lexeme_reports/model_entries/2232-sunder-sundrian.model.md	auto
oe	syndrian	syndrian	syndrian	comparison_form	explicit_tag	Germanic/docs/lexeme_reports/model_entries/2232-sunder-sundrian.model.md:35	Germanic/docs/lexeme_reports/model_entries/2232-sunder-sundrian.model.md	auto
oe	tacn	tacn	tacn	comparison_form	explicit_tag	Germanic/docs/lexeme_reports/model_entries/2250-thistle-þistles.model.md:37	Germanic/docs/lexeme_reports/model_entries/2250-thistle-þistles.model.md	auto
oe	tācn	tācn	tacn	target_form	lexical_heading	token — OE tācn	manifest	auto
oe	tæppa	tæppa	taeppa	target_form	explicit_tag	Germanic/docs/lexeme_reports/model_entries/2240-tap-tæppa.model.md:22	Germanic/docs/lexeme_reports/model_entries/2240-tap-tæppa.model.md	auto
oe	tæppa	tæppa	taeppa	target_form	explicit_tag	Germanic/docs/lexeme_reports/model_entries/2240-tap-tæppa.model.md:28	Germanic/docs/lexeme_reports/model_entries/2240-tap-tæppa.model.md	auto
oe	tæppa	tæppa	taeppa	target_form	explicit_tag	Germanic/docs/lexeme_reports/model_entries/2240-tap-tæppa.model.md:29	Germanic/docs/lexeme_reports/model_entries/2240-tap-tæppa.model.md	auto
oe	tæppa	tæppa	taeppa	target_form	explicit_tag	Germanic/docs/lexeme_reports/model_entries/2240-tap-tæppa.model.md:36	Germanic/docs/lexeme_reports/model_entries/2240-tap-tæppa.model.md	auto
oe	tæppa	tæppa	taeppa	target_form	explicit_tag	Germanic/docs/lexeme_reports/model_entries/2240-tap-tæppa.model.md:40	Germanic/docs/lexeme_reports/model_entries/2240-tap-tæppa.model.md	auto
oe	tæppa	tæppa	taeppa	target_form	explicit_tag	Germanic/docs/lexeme_reports/model_entries/2240-tap-tæppa.model.md:47	Germanic/docs/lexeme_reports/model_entries/2240-tap-tæppa.model.md	auto
oe	tæppa	tæppa	taeppa	target_form	lexical_heading	tap — OE tæppa	manifest	auto
oe	tēon	tēon	teon	target_form	table_semantic_auto	Germanic/docs/lexeme_reports/model_entries/2242-ten-tēon.model.md:49	table_semantic_rule	auto
oe	tēon	tēon	teon	target_form	lexical_heading	ten — OE tēon	manifest	auto
oe	teppan	teppan	teppan	comparison_form	explicit_tag	Germanic/docs/lexeme_reports/model_entries/2240-tap-tæppa.model.md:39	Germanic/docs/lexeme_reports/model_entries/2240-tap-tæppa.model.md	auto
oe	teppan	teppan	teppan	comparison_form	explicit_tag	Germanic/docs/lexeme_reports/model_entries/2240-tap-tæppa.model.md:48	Germanic/docs/lexeme_reports/model_entries/2240-tap-tæppa.model.md	auto
oe	þenċan	þenċan	thencan	target_form	lexical_heading	think — OE þenċan	manifest	auto
oe	ðistel	ðistel	thistel	comparison_form	explicit_tag	Germanic/docs/lexeme_reports/model_entries/2250-thistle-þistles.model.md:27	Germanic/docs/lexeme_reports/model_entries/2250-thistle-þistles.model.md	auto
oe	ðistel	ðistel	thistel	comparison_form	explicit_tag	Germanic/docs/lexeme_reports/model_entries/2250-thistle-þistles.model.md:28	Germanic/docs/lexeme_reports/model_entries/2250-thistle-þistles.model.md	auto
oe	þistel	þistel	thistel	comparison_form	explicit_tag	Germanic/docs/lexeme_reports/model_entries/2250-thistle-þistles.model.md:27	Germanic/docs/lexeme_reports/model_entries/2250-thistle-þistles.model.md	auto
oe	þistel	þistel	thistel	comparison_form	explicit_tag	Germanic/docs/lexeme_reports/model_entries/2250-thistle-þistles.model.md:41	Germanic/docs/lexeme_reports/model_entries/2250-thistle-þistles.model.md	auto
oe	þistel	þistel	thistel	comparison_form	explicit_tag	Germanic/docs/lexeme_reports/model_entries/2250-thistle-þistles.model.md:50	Germanic/docs/lexeme_reports/model_entries/2250-thistle-þistles.model.md	auto
oe	þistles	þistles	thistles	target_form	explicit_tag	Germanic/docs/lexeme_reports/model_entries/2250-thistle-þistles.model.md:29	Germanic/docs/lexeme_reports/model_entries/2250-thistle-þistles.model.md	auto
oe	þistles	þistles	thistles	target_form	explicit_tag	Germanic/docs/lexeme_reports/model_entries/2250-thistle-þistles.model.md:51	Germanic/docs/lexeme_reports/model_entries/2250-thistle-þistles.model.md	auto
oe	þistles	þistles	thistles	target_form	lexical_heading	thistle — OE þistles	manifest	auto
oe	þorn	þorn	thorn	target_form	lexical_heading	thorn — OE þorn	manifest	auto
oe	þrēo	þrēo	threo	comparison_form	explicit_tag	Germanic/docs/lexeme_reports/model_entries/2254-three-þrīe.model.md:34	Germanic/docs/lexeme_reports/model_entries/2254-three-þrīe.model.md	auto
oe	þrēo	þrēo	threo	comparison_form	explicit_tag	Germanic/docs/lexeme_reports/model_entries/2254-three-þrīe.model.md:56	Germanic/docs/lexeme_reports/model_entries/2254-three-þrīe.model.md	auto
oe	þrēora	þrēora	threora	comparison_form	explicit_tag	Germanic/docs/lexeme_reports/model_entries/2254-three-þrīe.model.md:34	Germanic/docs/lexeme_reports/model_entries/2254-three-þrīe.model.md	auto
oe	þrēora	þrēora	threora	comparison_form	explicit_tag	Germanic/docs/lexeme_reports/model_entries/2254-three-þrīe.model.md:57	Germanic/docs/lexeme_reports/model_entries/2254-three-þrīe.model.md	auto
oe	þrīe	þrīe	thrie	target_form	explicit_tag	Germanic/docs/lexeme_reports/model_entries/2254-three-þrīe.model.md:33	Germanic/docs/lexeme_reports/model_entries/2254-three-þrīe.model.md	auto
oe	þrīe	þrīe	thrie	target_form	explicit_tag	Germanic/docs/lexeme_reports/model_entries/2254-three-þrīe.model.md:36	Germanic/docs/lexeme_reports/model_entries/2254-three-þrīe.model.md	auto
oe	þrīe	þrīe	thrie	target_form	explicit_tag	Germanic/docs/lexeme_reports/model_entries/2254-three-þrīe.model.md:40	Germanic/docs/lexeme_reports/model_entries/2254-three-þrīe.model.md	auto
oe	þrīe	þrīe	thrie	target_form	explicit_tag	Germanic/docs/lexeme_reports/model_entries/2254-three-þrīe.model.md:54	Germanic/docs/lexeme_reports/model_entries/2254-three-þrīe.model.md	auto
oe	þrīe	þrīe	thrie	target_form	lexical_heading	three — OE þrīe	manifest	auto
oe	þrim	þrim	thrim	comparison_form	explicit_tag	Germanic/docs/lexeme_reports/model_entries/2254-three-þrīe.model.md:35	Germanic/docs/lexeme_reports/model_entries/2254-three-þrīe.model.md	auto
oe	þrim	þrim	thrim	comparison_form	explicit_tag	Germanic/docs/lexeme_reports/model_entries/2254-three-þrīe.model.md:57	Germanic/docs/lexeme_reports/model_entries/2254-three-þrīe.model.md	auto
oe	þūsend	þūsend	thusend	target_form	explicit_tag	Germanic/docs/lexeme_reports/model_entries/2252-thousand-þūsend.model.md:22	Germanic/docs/lexeme_reports/model_entries/2252-thousand-þūsend.model.md	auto
oe	þūsend	þūsend	thusend	target_form	explicit_tag	Germanic/docs/lexeme_reports/model_entries/2252-thousand-þūsend.model.md:28	Germanic/docs/lexeme_reports/model_entries/2252-thousand-þūsend.model.md	auto
oe	þūsend	þūsend	thusend	target_form	explicit_tag	Germanic/docs/lexeme_reports/model_entries/2252-thousand-þūsend.model.md:43	Germanic/docs/lexeme_reports/model_entries/2252-thousand-þūsend.model.md	auto
oe	þūsend	þūsend	thusend	target_form	lexical_heading	thousand — OE þūsend	manifest	auto
oe	*þȳsend	*þȳsend	thysend	comparison_form	explicit_tag	Germanic/docs/lexeme_reports/model_entries/2252-thousand-þūsend.model.md:42	Germanic/docs/lexeme_reports/model_entries/2252-thousand-þūsend.model.md	auto
oe	*þȳsend	*þȳsend	thysend	comparison_form	explicit_tag	Germanic/docs/lexeme_reports/model_entries/2252-thousand-þūsend.model.md:66	Germanic/docs/lexeme_reports/model_entries/2252-thousand-þūsend.model.md	auto
oe	tīd	tīd	tid	target_form	lexical_heading	tide — OE tīd	manifest	auto
oe	tīdan	tīdan	tidan	comparison_form	broad_prose_decision	Germanic/docs/lexeme_reports/model_entries/2257-tide-tīd.model.md:33	broad_prose_curated	override
oe	timber	timber	timber	target_form	explicit_tag	Germanic/docs/lexeme_reports/model_entries/2258-timber-timber.model.md:22	Germanic/docs/lexeme_reports/model_entries/2258-timber-timber.model.md	auto
oe	timber	timber	timber	target_form	explicit_tag	Germanic/docs/lexeme_reports/model_entries/2258-timber-timber.model.md:24	Germanic/docs/lexeme_reports/model_entries/2258-timber-timber.model.md	auto
oe	timber	timber	timber	target_form	explicit_tag	Germanic/docs/lexeme_reports/model_entries/2258-timber-timber.model.md:32	Germanic/docs/lexeme_reports/model_entries/2258-timber-timber.model.md	auto
oe	timber	timber	timber	target_form	explicit_tag	Germanic/docs/lexeme_reports/model_entries/2258-timber-timber.model.md:47	Germanic/docs/lexeme_reports/model_entries/2258-timber-timber.model.md	auto
oe	timber	timber	timber	target_form	lexical_heading	timber — OE timber	manifest	auto
oe	timbor	timbor	timbor	comparison_form	explicit_tag	Germanic/docs/lexeme_reports/model_entries/2258-timber-timber.model.md:32	Germanic/docs/lexeme_reports/model_entries/2258-timber-timber.model.md	auto
oe	tō-fundennes	tō-fundennes	tofundennes	comparison_form	broad_prose_decision	Germanic/docs/lexeme_reports/model_entries/2011-find-fundene.model.md:36	broad_prose_curated	override
oe	tū	tū	tu	evidence_form	broad_prose_decision	Germanic/docs/lexeme_reports/model_entries/1958-both-bū.model.md:51	broad_prose_curated	override
oe	tūn	tūn	tun	target_form	lexical_heading	town — OE tūn	manifest	auto
oe	wacan	wacan	wacan	target_form	explicit_tag	Germanic/docs/lexeme_reports/model_entries/2268-wake-wacan.model.md:22	Germanic/docs/lexeme_reports/model_entries/2268-wake-wacan.model.md	auto
oe	wacan	wacan	wacan	target_form	explicit_tag	Germanic/docs/lexeme_reports/model_entries/2268-wake-wacan.model.md:26	Germanic/docs/lexeme_reports/model_entries/2268-wake-wacan.model.md	auto
oe	wacan	wacan	wacan	target_form	explicit_tag	Germanic/docs/lexeme_reports/model_entries/2268-wake-wacan.model.md:31	Germanic/docs/lexeme_reports/model_entries/2268-wake-wacan.model.md	auto
oe	wacan	wacan	wacan	target_form	explicit_tag	Germanic/docs/lexeme_reports/model_entries/2268-wake-wacan.model.md:33	Germanic/docs/lexeme_reports/model_entries/2268-wake-wacan.model.md	auto
oe	wacan	wacan	wacan	target_form	explicit_tag	Germanic/docs/lexeme_reports/model_entries/2268-wake-wacan.model.md:36	Germanic/docs/lexeme_reports/model_entries/2268-wake-wacan.model.md	auto
oe	wacan	wacan	wacan	target_form	explicit_tag	Germanic/docs/lexeme_reports/model_entries/2268-wake-wacan.model.md:55	Germanic/docs/lexeme_reports/model_entries/2268-wake-wacan.model.md	auto
oe	wacan	wacan	wacan	target_form	lexical_heading	wake — OE wacan	manifest	auto
oe	wacian	wacian	wacian	comparison_form	explicit_tag	Germanic/docs/lexeme_reports/model_entries/2268-wake-wacan.model.md:23	Germanic/docs/lexeme_reports/model_entries/2268-wake-wacan.model.md	auto
oe	wacian	wacian	wacian	comparison_form	explicit_tag	Germanic/docs/lexeme_reports/model_entries/2268-wake-wacan.model.md:26	Germanic/docs/lexeme_reports/model_entries/2268-wake-wacan.model.md	auto
oe	wacian	wacian	wacian	comparison_form	explicit_tag	Germanic/docs/lexeme_reports/model_entries/2268-wake-wacan.model.md:31	Germanic/docs/lexeme_reports/model_entries/2268-wake-wacan.model.md	auto
oe	wacian	wacian	wacian	comparison_form	explicit_tag	Germanic/docs/lexeme_reports/model_entries/2268-wake-wacan.model.md:44	Germanic/docs/lexeme_reports/model_entries/2268-wake-wacan.model.md	auto
oe	wacian	wacian	wacian	comparison_form	explicit_tag	Germanic/docs/lexeme_reports/model_entries/2268-wake-wacan.model.md:53	Germanic/docs/lexeme_reports/model_entries/2268-wake-wacan.model.md	auto
oe	wadan	wadan	wadan	comparison_form	explicit_tag	Germanic/docs/lexeme_reports/model_entries/2266-wade-wadan.model.md:21	Germanic/docs/lexeme_reports/model_entries/2266-wade-wadan.model.md	auto
oe	wadan	wadan	wadan	comparison_form	explicit_tag	Germanic/docs/lexeme_reports/model_entries/2266-wade-wadan.model.md:25	Germanic/docs/lexeme_reports/model_entries/2266-wade-wadan.model.md	auto
oe	wadan	wadan	wadan	comparison_form	explicit_tag	Germanic/docs/lexeme_reports/model_entries/2266-wade-wadan.model.md:29	Germanic/docs/lexeme_reports/model_entries/2266-wade-wadan.model.md	auto
oe	wadan	wadan	wadan	target_form	lexical_heading	wade — OE wadan	manifest	auto
oe	wæcnan	wæcnan	waecnan	comparison_form	explicit_tag	Germanic/docs/lexeme_reports/model_entries/2268-wake-wacan.model.md:34	Germanic/docs/lexeme_reports/model_entries/2268-wake-wacan.model.md	auto
oe	waefs	waefs	waefs	comparison_form	explicit_tag	Germanic/docs/lexeme_reports/model_entries/2273-wasp-wæfs.model.md:34	Germanic/docs/lexeme_reports/model_entries/2273-wasp-wæfs.model.md	auto
oe	wæfs	wæfs	waefs	target_form	explicit_tag	Germanic/docs/lexeme_reports/model_entries/2273-wasp-wæfs.model.md:26	Germanic/docs/lexeme_reports/model_entries/2273-wasp-wæfs.model.md	auto
oe	wæfs	wæfs	waefs	target_form	explicit_tag	Germanic/docs/lexeme_reports/model_entries/2273-wasp-wæfs.model.md:34	Germanic/docs/lexeme_reports/model_entries/2273-wasp-wæfs.model.md	auto
oe	wæfs	wæfs	waefs	target_form	explicit_tag	Germanic/docs/lexeme_reports/model_entries/2273-wasp-wæfs.model.md:41	Germanic/docs/lexeme_reports/model_entries/2273-wasp-wæfs.model.md	auto
oe	wæfs	wæfs	waefs	target_form	explicit_tag	Germanic/docs/lexeme_reports/model_entries/2273-wasp-wæfs.model.md:61	Germanic/docs/lexeme_reports/model_entries/2273-wasp-wæfs.model.md	auto
oe	wæfs	wæfs	waefs	target_form	lexical_heading	wasp — OE wæfs	manifest	auto
oe	wǣpn	wǣpn	waepn	target_form	lexical_heading	weapon — OE wǣpn	manifest	auto
oe	wæps	wæps	waeps	comparison_form	explicit_tag	Germanic/docs/lexeme_reports/model_entries/2273-wasp-wæfs.model.md:27	Germanic/docs/lexeme_reports/model_entries/2273-wasp-wæfs.model.md	auto
oe	wæps	wæps	waeps	comparison_form	explicit_tag	Germanic/docs/lexeme_reports/model_entries/2273-wasp-wæfs.model.md:37	Germanic/docs/lexeme_reports/model_entries/2273-wasp-wæfs.model.md	auto
oe	wæps	wæps	waeps	comparison_form	explicit_tag	Germanic/docs/lexeme_reports/model_entries/2273-wasp-wæfs.model.md:38	Germanic/docs/lexeme_reports/model_entries/2273-wasp-wæfs.model.md	auto
oe	wæps	wæps	waeps	comparison_form	explicit_tag	Germanic/docs/lexeme_reports/model_entries/2273-wasp-wæfs.model.md:50	Germanic/docs/lexeme_reports/model_entries/2273-wasp-wæfs.model.md	auto
oe	wæps	wæps	waeps	comparison_form	explicit_tag	Germanic/docs/lexeme_reports/model_entries/2273-wasp-wæfs.model.md:62	Germanic/docs/lexeme_reports/model_entries/2273-wasp-wæfs.model.md	auto
oe	wæsp	wæsp	waesp	comparison_form	explicit_tag	Germanic/docs/lexeme_reports/model_entries/2273-wasp-wæfs.model.md:26	Germanic/docs/lexeme_reports/model_entries/2273-wasp-wæfs.model.md	auto
oe	wæsp	wæsp	waesp	comparison_form	explicit_tag	Germanic/docs/lexeme_reports/model_entries/2273-wasp-wæfs.model.md:37	Germanic/docs/lexeme_reports/model_entries/2273-wasp-wæfs.model.md	auto
oe	wæsp	wæsp	waesp	comparison_form	explicit_tag	Germanic/docs/lexeme_reports/model_entries/2273-wasp-wæfs.model.md:50	Germanic/docs/lexeme_reports/model_entries/2273-wasp-wæfs.model.md	auto
oe	wæsp	wæsp	waesp	comparison_form	explicit_tag	Germanic/docs/lexeme_reports/model_entries/2273-wasp-wæfs.model.md:63	Germanic/docs/lexeme_reports/model_entries/2273-wasp-wæfs.model.md	auto
oe	wæter	wæter	waeter	target_form	explicit_tag	Germanic/docs/lexeme_reports/model_entries/2274-water-wæter.model.md:27	Germanic/docs/lexeme_reports/model_entries/2274-water-wæter.model.md	auto
oe	wæter	wæter	waeter	target_form	explicit_tag	Germanic/docs/lexeme_reports/model_entries/2274-water-wæter.model.md:32	Germanic/docs/lexeme_reports/model_entries/2274-water-wæter.model.md	auto
oe	wæter	wæter	waeter	target_form	explicit_tag	Germanic/docs/lexeme_reports/model_entries/2274-water-wæter.model.md:53	Germanic/docs/lexeme_reports/model_entries/2274-water-wæter.model.md	auto
oe	wæter	wæter	waeter	target_form	lexical_heading	water — OE wæter	manifest	auto
oe	wætera	wætera	waetera	comparison_form	explicit_tag	Germanic/docs/lexeme_reports/model_entries/2274-water-wæter.model.md:33	Germanic/docs/lexeme_reports/model_entries/2274-water-wæter.model.md	auto
oe	wætere	wætere	waetere	comparison_form	explicit_tag	Germanic/docs/lexeme_reports/model_entries/2274-water-wæter.model.md:33	Germanic/docs/lexeme_reports/model_entries/2274-water-wæter.model.md	auto
oe	wæteres	wæteres	waeteres	comparison_form	explicit_tag	Germanic/docs/lexeme_reports/model_entries/2274-water-wæter.model.md:33	Germanic/docs/lexeme_reports/model_entries/2274-water-wæter.model.md	auto
oe	wæterum	wæterum	waeterum	comparison_form	explicit_tag	Germanic/docs/lexeme_reports/model_entries/2274-water-wæter.model.md:33	Germanic/docs/lexeme_reports/model_entries/2274-water-wæter.model.md	auto
oe	wald	wald	wald	comparison_form	explicit_tag	Germanic/docs/lexeme_reports/model_entries/2297-wold-weald.model.md:21	Germanic/docs/lexeme_reports/model_entries/2297-wold-weald.model.md	auto
oe	wald	wald	wald	comparison_form	explicit_tag	Germanic/docs/lexeme_reports/model_entries/2297-wold-weald.model.md:25	Germanic/docs/lexeme_reports/model_entries/2297-wold-weald.model.md	auto
oe	wald	wald	wald	comparison_form	explicit_tag	Germanic/docs/lexeme_reports/model_entries/2297-wold-weald.model.md:33	Germanic/docs/lexeme_reports/model_entries/2297-wold-weald.model.md	auto
oe	wānian	wānian	wanian	comparison_form	explicit_tag	Germanic/docs/lexeme_reports/model_entries/2286-whine-hwīnan.model.md:22	Germanic/docs/lexeme_reports/model_entries/2286-whine-hwīnan.model.md	auto
oe	wānian	wānian	wanian	comparison_form	explicit_tag	Germanic/docs/lexeme_reports/model_entries/2286-whine-hwīnan.model.md:63	Germanic/docs/lexeme_reports/model_entries/2286-whine-hwīnan.model.md	auto
oe	wascan	wascan	wascan	target_form	lexical_heading	wash — OE wascan	manifest	auto
oe	wasp	wasp	wasp	comparison_form	explicit_tag	Germanic/docs/lexeme_reports/model_entries/2273-wasp-wæfs.model.md:28	Germanic/docs/lexeme_reports/model_entries/2273-wasp-wæfs.model.md	auto
oe	wasp	wasp	wasp	comparison_form	explicit_tag	Germanic/docs/lexeme_reports/model_entries/2273-wasp-wæfs.model.md:37	Germanic/docs/lexeme_reports/model_entries/2273-wasp-wæfs.model.md	auto
oe	wasp	wasp	wasp	comparison_form	explicit_tag	Germanic/docs/lexeme_reports/model_entries/2273-wasp-wæfs.model.md:50	Germanic/docs/lexeme_reports/model_entries/2273-wasp-wæfs.model.md	auto
oe	wasp	wasp	wasp	comparison_form	explicit_tag	Germanic/docs/lexeme_reports/model_entries/2273-wasp-wæfs.model.md:63	Germanic/docs/lexeme_reports/model_entries/2273-wasp-wæfs.model.md	auto
oe	weald	weald	weald	comparison_form	explicit_tag	Germanic/docs/lexeme_reports/model_entries/2297-wold-weald.model.md:21	Germanic/docs/lexeme_reports/model_entries/2297-wold-weald.model.md	auto
oe	weald	weald	weald	comparison_form	explicit_tag	Germanic/docs/lexeme_reports/model_entries/2297-wold-weald.model.md:25	Germanic/docs/lexeme_reports/model_entries/2297-wold-weald.model.md	auto
oe	weald	weald	weald	comparison_form	explicit_tag	Germanic/docs/lexeme_reports/model_entries/2297-wold-weald.model.md:29	Germanic/docs/lexeme_reports/model_entries/2297-wold-weald.model.md	auto
oe	weald	weald	weald	comparison_form	explicit_tag	Germanic/docs/lexeme_reports/model_entries/2297-wold-weald.model.md:33	Germanic/docs/lexeme_reports/model_entries/2297-wold-weald.model.md	auto
oe	weald	weald	weald	target_form	lexical_heading	wold — OE weald	manifest	auto
oe	weaxan	weaxan	weaxan	target_form	lexical_heading	wax — OE weaxan	manifest	auto
oe	weġ	weġ	weg	target_form	lexical_heading	way — OE weġ	manifest	auto
oe	weorold	weorold	weorold	target_form	explicit_tag	Germanic/docs/lexeme_reports/model_entries/2302-world-weorold.model.md:37	Germanic/docs/lexeme_reports/model_entries/2302-world-weorold.model.md	auto
oe	weorold	weorold	weorold	target_form	explicit_tag	Germanic/docs/lexeme_reports/model_entries/2302-world-weorold.model.md:42	Germanic/docs/lexeme_reports/model_entries/2302-world-weorold.model.md	auto
oe	weorold	weorold	weorold	target_form	explicit_tag	Germanic/docs/lexeme_reports/model_entries/2302-world-weorold.model.md:68	Germanic/docs/lexeme_reports/model_entries/2302-world-weorold.model.md	auto
oe	weorold	weorold	weorold	target_form	lexical_heading	world — OE weorold	manifest	auto
oe	weorpan	weorpan	weorpan	target_form	lexical_heading	warp — OE weorpan	manifest	auto
oe	weoruld	weoruld	weoruld	comparison_form	explicit_tag	Germanic/docs/lexeme_reports/model_entries/2302-world-weorold.model.md:37	Germanic/docs/lexeme_reports/model_entries/2302-world-weorold.model.md	auto
oe	weoruld	weoruld	weoruld	comparison_form	explicit_tag	Germanic/docs/lexeme_reports/model_entries/2302-world-weorold.model.md:70	Germanic/docs/lexeme_reports/model_entries/2302-world-weorold.model.md	auto
oe	wiarald	wiarald	wiarald	comparison_form	explicit_tag	Germanic/docs/lexeme_reports/model_entries/2302-world-weorold.model.md:38	Germanic/docs/lexeme_reports/model_entries/2302-world-weorold.model.md	auto
oe	wiarald	wiarald	wiarald	comparison_form	explicit_tag	Germanic/docs/lexeme_reports/model_entries/2302-world-weorold.model.md:70	Germanic/docs/lexeme_reports/model_entries/2302-world-weorold.model.md	auto
oe	willa	willa	willa	comparison_form	explicit_tag	Germanic/docs/lexeme_reports/model_entries/2293-will-willa.model.md:29	Germanic/docs/lexeme_reports/model_entries/2293-will-willa.model.md	auto
oe	willa	willa	willa	target_form	lexical_heading	will — OE willa	manifest	auto
oe	willan	willan	willan	comparison_form	explicit_tag	Germanic/docs/lexeme_reports/model_entries/2293-will-willa.model.md:25	Germanic/docs/lexeme_reports/model_entries/2293-will-willa.model.md	auto
oe	willan	willan	willan	comparison_form	explicit_tag	Germanic/docs/lexeme_reports/model_entries/2293-will-willa.model.md:33	Germanic/docs/lexeme_reports/model_entries/2293-will-willa.model.md	auto
oe	windan	windan	windan	comparison_form	explicit_tag	Germanic/docs/lexeme_reports/model_entries/2294-wind-windan.model.md:25	Germanic/docs/lexeme_reports/model_entries/2294-wind-windan.model.md	auto
oe	windan	windan	windan	target_form	lexical_heading	wind — OE windan	manifest	auto
oe	wiðig	wiðig	withig	comparison_form	explicit_tag	Germanic/docs/lexeme_reports/model_entries/2296-withy-wīþiġ.model.md:35	Germanic/docs/lexeme_reports/model_entries/2296-withy-wīþiġ.model.md	auto
oe	wīþiġ	wīþiġ	withig	target_form	explicit_tag	Germanic/docs/lexeme_reports/model_entries/2296-withy-wīþiġ.model.md:36	Germanic/docs/lexeme_reports/model_entries/2296-withy-wīþiġ.model.md	auto
oe	wīþiġ	wīþiġ	withig	target_form	explicit_tag	Germanic/docs/lexeme_reports/model_entries/2296-withy-wīþiġ.model.md:65	Germanic/docs/lexeme_reports/model_entries/2296-withy-wīþiġ.model.md	auto
oe	wīþiġ	wīþiġ	withig	target_form	explicit_tag	Germanic/docs/lexeme_reports/model_entries/2296-withy-wīþiġ.model.md:66	Germanic/docs/lexeme_reports/model_entries/2296-withy-wīþiġ.model.md	auto
oe	wīþiġ	wīþiġ	withig	target_form	lexical_heading	withy — OE wīþiġ	manifest	auto
oe	wold	wold	wold	comparison_form	explicit_tag	Germanic/docs/lexeme_reports/model_entries/2297-wold-weald.model.md:25	Germanic/docs/lexeme_reports/model_entries/2297-wold-weald.model.md	auto
oe	world	world	world	comparison_form	explicit_tag	Germanic/docs/lexeme_reports/model_entries/2302-world-weorold.model.md:39	Germanic/docs/lexeme_reports/model_entries/2302-world-weorold.model.md	auto
oe	world	world	world	comparison_form	explicit_tag	Germanic/docs/lexeme_reports/model_entries/2302-world-weorold.model.md:70	Germanic/docs/lexeme_reports/model_entries/2302-world-weorold.model.md	auto
oe	worold	worold	worold	comparison_form	explicit_tag	Germanic/docs/lexeme_reports/model_entries/2302-world-weorold.model.md:37	Germanic/docs/lexeme_reports/model_entries/2302-world-weorold.model.md	auto
oe	worold	worold	worold	comparison_form	explicit_tag	Germanic/docs/lexeme_reports/model_entries/2302-world-weorold.model.md:68	Germanic/docs/lexeme_reports/model_entries/2302-world-weorold.model.md	auto
oe	worold	worold	worold	comparison_form	explicit_tag	Germanic/docs/lexeme_reports/model_entries/2302-world-weorold.model.md:70	Germanic/docs/lexeme_reports/model_entries/2302-world-weorold.model.md	auto
oe	woruld	woruld	woruld	comparison_form	explicit_tag	Germanic/docs/lexeme_reports/model_entries/2302-world-weorold.model.md:38	Germanic/docs/lexeme_reports/model_entries/2302-world-weorold.model.md	auto
oe	woruld	woruld	woruld	comparison_form	explicit_tag	Germanic/docs/lexeme_reports/model_entries/2302-world-weorold.model.md:70	Germanic/docs/lexeme_reports/model_entries/2302-world-weorold.model.md	auto
oe	wulf	wulf	wulf	target_form	lexical_heading	wolf — OE wulf	manifest	auto
oe	wulfai	wulfai	wulfai	comparison_form	explicit_tag	Germanic/docs/lexeme_reports/model_entries/2298-wolf-wulf.model.md:38	Germanic/docs/lexeme_reports/model_entries/2298-wolf-wulf.model.md	auto
oe	wulfe	wulfe	wulfe	comparison_form	explicit_tag	Germanic/docs/lexeme_reports/model_entries/2298-wolf-wulf.model.md:37	Germanic/docs/lexeme_reports/model_entries/2298-wolf-wulf.model.md	auto
oe	wulfi	wulfi	wulfi	comparison_form	explicit_tag	Germanic/docs/lexeme_reports/model_entries/2298-wolf-wulf.model.md:38	Germanic/docs/lexeme_reports/model_entries/2298-wolf-wulf.model.md	auto
oe	wull	wull	wull	comparison_form	explicit_tag	Germanic/docs/lexeme_reports/model_entries/2300-wool-wull.model.md:31	Germanic/docs/lexeme_reports/model_entries/2300-wool-wull.model.md	auto
oe	wull	wull	wull	comparison_form	explicit_tag	Germanic/docs/lexeme_reports/model_entries/2300-wool-wull.model.md:35	Germanic/docs/lexeme_reports/model_entries/2300-wool-wull.model.md	auto
oe	wull	wull	wull	target_form	lexical_heading	wool — OE wull	manifest	auto
oe	wulle	wulle	wulle	comparison_form	explicit_tag	Germanic/docs/lexeme_reports/model_entries/2300-wool-wull.model.md:28	Germanic/docs/lexeme_reports/model_entries/2300-wool-wull.model.md	auto
oe	wulle	wulle	wulle	comparison_form	explicit_tag	Germanic/docs/lexeme_reports/model_entries/2300-wool-wull.model.md:31	Germanic/docs/lexeme_reports/model_entries/2300-wool-wull.model.md	auto
oe	wulle	wulle	wulle	comparison_form	explicit_tag	Germanic/docs/lexeme_reports/model_entries/2300-wool-wull.model.md:35	Germanic/docs/lexeme_reports/model_entries/2300-wool-wull.model.md	auto
oe	wurold	wurold	wurold	comparison_form	explicit_tag	Germanic/docs/lexeme_reports/model_entries/2302-world-weorold.model.md:39	Germanic/docs/lexeme_reports/model_entries/2302-world-weorold.model.md	auto
oe	wylf	wylf	wylf	comparison_form	explicit_tag	Germanic/docs/lexeme_reports/model_entries/2298-wolf-wulf.model.md:53	Germanic/docs/lexeme_reports/model_entries/2298-wolf-wulf.model.md	auto
oe	wépn	wépn	wépn	comparison_form	explicit_tag	Germanic/docs/lexeme_reports/model_entries/2250-thistle-þistles.model.md:37	Germanic/docs/lexeme_reports/model_entries/2250-thistle-þistles.model.md	auto
pgmc	*áinaz	*áinaz	ainaz	selected_input	trace_proto_input	one — OE ān	compact	auto
pgmc	*baina-	*baina-	baina	evidence_form	explicit_tag	Germanic/docs/lexeme_reports/model_entries/1954-bone-bān.model.md:21	Germanic/docs/lexeme_reports/model_entries/1954-bone-bān.model.md	auto
pgmc	*baina-	*baina-	baina	evidence_form	explicit_tag	Germanic/docs/lexeme_reports/model_entries/1954-bone-bān.model.md:29	Germanic/docs/lexeme_reports/model_entries/1954-bone-bān.model.md	auto
pgmc	báiną	*báiną	baina	evidence_form	explicit_tag	Germanic/docs/lexeme_reports/model_entries/1954-bone-bān.model.md:29	Germanic/docs/lexeme_reports/model_entries/1954-bone-bān.model.md	auto
pgmc	*báiną	*báiną	baina	source_protoform	lexical_protoform	bone — OE bān	manifest	auto
pgmc	*báiną	*báiną	baina	selected_input	trace_proto_input	bone — OE bān	compact	auto
pgmc	bainan	*bainan	bainan	evidence_form	explicit_tag	Germanic/docs/lexeme_reports/model_entries/1954-bone-bān.model.md:21	Germanic/docs/lexeme_reports/model_entries/1954-bone-bān.model.md	auto
pgmc	bainan	*bainan	bainan	evidence_form	explicit_tag	Germanic/docs/lexeme_reports/model_entries/1954-bone-bān.model.md:29	Germanic/docs/lexeme_reports/model_entries/1954-bone-bān.model.md	auto
pgmc	bákaną	*bákaną	bakana	evidence_form	explicit_tag	Germanic/docs/lexeme_reports/model_entries/1934-bake-bacan.model.md:29	Germanic/docs/lexeme_reports/model_entries/1934-bake-bacan.model.md	auto
pgmc	*bákaną	*bákaną	bakana	source_protoform	lexical_protoform	bake — OE bacan	manifest	auto
pgmc	*bákaną	*bákaną	bakana	selected_input	trace_proto_input	bake — OE bacan	compact	auto
pgmc	bakanan	*bakanan	bakanan	evidence_form	explicit_tag	Germanic/docs/lexeme_reports/model_entries/1934-bake-bacan.model.md:21	Germanic/docs/lexeme_reports/model_entries/1934-bake-bacan.model.md	auto
pgmc	*bálgiz	*bálgiz	balgiz	selected_input	trace_proto_input	belly — OE bielġ	compact	auto
pgmc	bánną	*bánną	banna	source_protoform	explicit_tag	Germanic/docs/lexeme_reports/model_entries/1936-ban-bannes.model.md:23	Germanic/docs/lexeme_reports/model_entries/1936-ban-bannes.model.md	auto
pgmc	*bánną	*bánną	banna	source_protoform	explicit_tag	Germanic/docs/lexeme_reports/model_entries/1936-ban-bannes.model.md:52	Germanic/docs/lexeme_reports/model_entries/1936-ban-bannes.model.md	auto
pgmc	*bánną	*bánną	banna	source_protoform	lexical_proto	ban — OE bannes	manifest	auto
pgmc	bannan	*bannan	bannan	source_protoform	explicit_tag	Germanic/docs/lexeme_reports/model_entries/1936-ban-bannes.model.md:21	Germanic/docs/lexeme_reports/model_entries/1936-ban-bannes.model.md	auto
pgmc	bánnas	*bánnas	bannas	selected_input	explicit_tag	Germanic/docs/lexeme_reports/model_entries/1936-ban-bannes.model.md:25	Germanic/docs/lexeme_reports/model_entries/1936-ban-bannes.model.md	auto
pgmc	bánnas	*bánnas	bannas	selected_input	explicit_tag	Germanic/docs/lexeme_reports/model_entries/1936-ban-bannes.model.md:40	Germanic/docs/lexeme_reports/model_entries/1936-ban-bannes.model.md	auto
pgmc	*bánnas	*bánnas	bannas	selected_input	explicit_tag	Germanic/docs/lexeme_reports/model_entries/1936-ban-bannes.model.md:53	Germanic/docs/lexeme_reports/model_entries/1936-ban-bannes.model.md	auto
pgmc	*bánnas	*bánnas	bannas	source_protoform	lexical_protoform	ban — OE bannes	manifest	auto
pgmc	*bánnas	*bánnas	bannas	selected_input	trace_proto_input	ban — OE bannes	compact	auto
pgmc	*bárdaz	*bárdaz	bardaz	selected_input	trace_proto_input	beard — OE beard	compact	auto
pgmc	*basja-	*basja-	basja	source_protoform	explicit_tag	Germanic/docs/lexeme_reports/model_entries/1946-berry-berġes.model.md:21	Germanic/docs/lexeme_reports/model_entries/1946-berry-berġes.model.md	auto
pgmc	*bástą	*bástą	basta	selected_input	trace_proto_input	bast — OE bæst	compact	auto
pgmc	*báθą	*báθą	batha	selected_input	trace_proto_input	bath — OE bæþ	compact	auto
pgmc	báug	*báug	baug	evidence_form	explicit_tag	Germanic/docs/lexeme_reports/model_entries/1962-bow-bēag.model.md:23	Germanic/docs/lexeme_reports/model_entries/1962-bow-bēag.model.md	auto
pgmc	báug	*báug	baug	evidence_form	explicit_tag	Germanic/docs/lexeme_reports/model_entries/1962-bow-bēag.model.md:47	Germanic/docs/lexeme_reports/model_entries/1962-bow-bēag.model.md	auto
pgmc	*báug	*báug	baug	evidence_form	explicit_tag	Germanic/docs/lexeme_reports/model_entries/1962-bow-bēag.model.md:65	Germanic/docs/lexeme_reports/model_entries/1962-bow-bēag.model.md	auto
pgmc	*báug	*báug	baug	source_protoform	lexical_protoform	bow — OE bēag	manifest	auto
pgmc	*báug	*báug	baug	selected_input	trace_proto_input	bow — OE bēag	compact	auto
pgmc	*báugijaną	*báugijaną	baugijana	source_protoform	lexical_protoform	bow — OE bīeġan	manifest	auto
pgmc	*báugijaną	*báugijaną	baugijana	selected_input	trace_proto_input	bow — OE bīeġan	compact	auto
pgmc	*bazja-	*bazja-	bazja	source_protoform	explicit_tag	Germanic/docs/lexeme_reports/model_entries/1946-berry-berġes.model.md:21	Germanic/docs/lexeme_reports/model_entries/1946-berry-berġes.model.md	auto
pgmc	bázją	*bázją	bazja	source_protoform	explicit_tag	Germanic/docs/lexeme_reports/model_entries/1946-berry-berġes.model.md:39	Germanic/docs/lexeme_reports/model_entries/1946-berry-berġes.model.md	auto
pgmc	*bázją	*bázją	bazja	source_protoform	explicit_tag	Germanic/docs/lexeme_reports/model_entries/1946-berry-berġes.model.md:51	Germanic/docs/lexeme_reports/model_entries/1946-berry-berġes.model.md	auto
pgmc	*bázją	*bázją	bazja	source_protoform	lexical_proto	berry — OE berġes	manifest	auto
pgmc	bázjas	*bázjas	bazjas	selected_input	explicit_tag	Germanic/docs/lexeme_reports/model_entries/1946-berry-berġes.model.md:22	Germanic/docs/lexeme_reports/model_entries/1946-berry-berġes.model.md	auto
pgmc	bázjas	*bázjas	bazjas	selected_input	explicit_tag	Germanic/docs/lexeme_reports/model_entries/1946-berry-berġes.model.md:40	Germanic/docs/lexeme_reports/model_entries/1946-berry-berġes.model.md	auto
pgmc	*bázjas	*bázjas	bazjas	selected_input	explicit_tag	Germanic/docs/lexeme_reports/model_entries/1946-berry-berġes.model.md:52	Germanic/docs/lexeme_reports/model_entries/1946-berry-berġes.model.md	auto
pgmc	*bázjas	*bázjas	bazjas	source_protoform	lexical_protoform	berry — OE berġes	manifest	auto
pgmc	*bázjas	*bázjas	bazjas	selected_input	trace_proto_input	berry — OE berġes	compact	auto
pgmc	*bébruz	*bébruz	bebruz	selected_input	trace_proto_input	beaver — OE befer	compact	auto
pgmc	*bérgą	*bérgą	berga	selected_input	trace_proto_input	barrow — OE beorg	compact	auto
pgmc	*bērō-	*bērō-	bero	evidence_form	explicit_tag	Germanic/docs/lexeme_reports/model_entries/1949-bier-bǣr.model.md:21	Germanic/docs/lexeme_reports/model_entries/1949-bier-bǣr.model.md	auto
pgmc	bḗrō	*bḗrō	bero	evidence_form	explicit_tag	Germanic/docs/lexeme_reports/model_entries/1949-bier-bǣr.model.md:21	Germanic/docs/lexeme_reports/model_entries/1949-bier-bǣr.model.md	auto
pgmc	bḗrō	*bḗrō	bero	evidence_form	explicit_tag	Germanic/docs/lexeme_reports/model_entries/1949-bier-bǣr.model.md:33	Germanic/docs/lexeme_reports/model_entries/1949-bier-bǣr.model.md	auto
pgmc	*bḗrō	*bḗrō	bero	source_protoform	lexical_protoform	bier — OE bǣr	manifest	auto
pgmc	*bḗrō	*bḗrō	bero	selected_input	trace_proto_input	bier — OE bǣr	compact	auto
pgmc	béuganą	*béuganą	beugana	evidence_form	explicit_tag	Germanic/docs/lexeme_reports/model_entries/1962-bow-bēag.model.md:21	Germanic/docs/lexeme_reports/model_entries/1962-bow-bēag.model.md	auto
pgmc	béuganą	*béuganą	beugana	evidence_form	explicit_tag	Germanic/docs/lexeme_reports/model_entries/1962-bow-bēag.model.md:24	Germanic/docs/lexeme_reports/model_entries/1962-bow-bēag.model.md	auto
pgmc	*béuganą	*béuganą	beugana	evidence_form	explicit_tag	Germanic/docs/lexeme_reports/model_entries/1962-bow-bēag.model.md:64	Germanic/docs/lexeme_reports/model_entries/1962-bow-bēag.model.md	auto
pgmc	*béuganą	*béuganą	beugana	source_protoform	lexical_proto	bow — OE bēag	manifest	auto
pgmc	bigínnaną	*bigínnaną	biginnana	evidence_form	explicit_tag	Germanic/docs/lexeme_reports/model_entries/1943-begin-beġinnan.model.md:21	Germanic/docs/lexeme_reports/model_entries/1943-begin-beġinnan.model.md	auto
pgmc	bigínnaną	*bigínnaną	biginnana	evidence_form	explicit_tag	Germanic/docs/lexeme_reports/model_entries/1943-begin-beġinnan.model.md:33	Germanic/docs/lexeme_reports/model_entries/1943-begin-beġinnan.model.md	auto
pgmc	*bigínnaną	*bigínnaną	biginnana	source_protoform	lexical_protoform	begin — OE beġinnan	manifest	auto
pgmc	*bigínnaną	*bigínnaną	biginnana	selected_input	trace_proto_input	begin — OE beġinnan	compact	auto
pgmc	*bíndaną	*bíndaną	bindana	selected_input	trace_proto_input	bind — OE bindan	compact	auto
pgmc	*blōdą	*blōdą	bloda	selected_input	trace_proto_input	blood — OE blōd	compact	auto
pgmc	*bō	*bō	bo	selected_input	explicit_tag	Germanic/docs/lexeme_reports/model_entries/1958-both-bū.model.md:24	Germanic/docs/lexeme_reports/model_entries/1958-both-bū.model.md	auto
pgmc	*bō	*bō	bo	selected_input	explicit_tag	Germanic/docs/lexeme_reports/model_entries/1958-both-bū.model.md:32	Germanic/docs/lexeme_reports/model_entries/1958-both-bū.model.md	auto
pgmc	*bō	*bō	bo	selected_input	explicit_tag	Germanic/docs/lexeme_reports/model_entries/1958-both-bū.model.md:51	Germanic/docs/lexeme_reports/model_entries/1958-both-bū.model.md	auto
pgmc	*bō	*bō	bo	selected_input	explicit_tag	Germanic/docs/lexeme_reports/model_entries/1958-both-bū.model.md:57	Germanic/docs/lexeme_reports/model_entries/1958-both-bū.model.md	auto
pgmc	*bō	*bō	bo	selected_input	explicit_tag	Germanic/docs/lexeme_reports/model_entries/1958-both-bū.model.md:66	Germanic/docs/lexeme_reports/model_entries/1958-both-bū.model.md	auto
pgmc	*bō	*bō	bo	source_protoform	lexical_protoform	both — OE bū	manifest	auto
pgmc	*bō	*bō	bo	selected_input	trace_proto_input	both — OE bū	compact	auto
pgmc	*bōguz	*bōguz	boguz	selected_input	trace_proto_input	bough — OE bōg	compact	auto
pgmc	*bōkō	*bōkō	boko	source_protoform	lexical_protoform	beech — OE bōc	manifest	auto
pgmc	*bōkō	*bōkō	boko	selected_input	trace_proto_input	beech — OE bōc	compact	auto
pgmc	*bōkz	*bōkz	bokz	selected_input	trace_proto_input	book — OE bōc	compact	auto
pgmc	*bōsmaz	*bōsmaz	bosmaz	selected_input	trace_proto_input	bosom — OE bōsm	compact	auto
pgmc	brándas	*brándas	brandas	evidence_form	explicit_tag	Germanic/docs/lexeme_reports/model_entries/1965-brand-brandes.model.md:23	Germanic/docs/lexeme_reports/model_entries/1965-brand-brandes.model.md	auto
pgmc	brándas	*brándas	brandas	evidence_form	explicit_tag	Germanic/docs/lexeme_reports/model_entries/1965-brand-brandes.model.md:41	Germanic/docs/lexeme_reports/model_entries/1965-brand-brandes.model.md	auto
pgmc	*brándas	*brándas	brandas	evidence_form	explicit_tag	Germanic/docs/lexeme_reports/model_entries/1965-brand-brandes.model.md:58	Germanic/docs/lexeme_reports/model_entries/1965-brand-brandes.model.md	auto
pgmc	*brándas	*brándas	brandas	source_protoform	lexical_protoform	brand — OE brandes	manifest	auto
pgmc	*brándas	*brándas	brandas	selected_input	trace_proto_input	brand — OE brandes	compact	auto
pgmc	brándaz	*brándaz	brandaz	evidence_form	explicit_tag	Germanic/docs/lexeme_reports/model_entries/1965-brand-brandes.model.md:21	Germanic/docs/lexeme_reports/model_entries/1965-brand-brandes.model.md	auto
pgmc	*brándaz	*brándaz	brandaz	evidence_form	explicit_tag	Germanic/docs/lexeme_reports/model_entries/1965-brand-brandes.model.md:57	Germanic/docs/lexeme_reports/model_entries/1965-brand-brandes.model.md	auto
pgmc	*brándaz	*brándaz	brandaz	source_protoform	lexical_proto	brand — OE brandes	manifest	auto
pgmc	*bráudą	*bráudą	brauda	selected_input	trace_proto_input	bread — OE brēad	compact	auto
pgmc	*brékaną	*brékaną	brekana	selected_input	trace_proto_input	break — OE brecan	compact	auto
pgmc	*bréstaną	*bréstaną	brestana	selected_input	trace_proto_input	burst — OE berstan	compact	auto
pgmc	*breusta-	*breusta-	breusta	source_protoform	explicit_tag	Germanic/docs/lexeme_reports/model_entries/1968-breast-brēost.model.md:23	Germanic/docs/lexeme_reports/model_entries/1968-breast-brēost.model.md	auto
pgmc	*breusta-	*breusta-	breusta	source_protoform	explicit_tag	Germanic/docs/lexeme_reports/model_entries/1968-breast-brēost.model.md:62	Germanic/docs/lexeme_reports/model_entries/1968-breast-brēost.model.md	auto
pgmc	bréustą	*bréustą	breusta	selected_input	explicit_tag	Germanic/docs/lexeme_reports/model_entries/1968-breast-brēost.model.md:27	Germanic/docs/lexeme_reports/model_entries/1968-breast-brēost.model.md	auto
pgmc	bréustą	*bréustą	breusta	selected_input	explicit_tag	Germanic/docs/lexeme_reports/model_entries/1968-breast-brēost.model.md:44	Germanic/docs/lexeme_reports/model_entries/1968-breast-brēost.model.md	auto
pgmc	*bréustą	*bréustą	breusta	selected_input	explicit_tag	Germanic/docs/lexeme_reports/model_entries/1968-breast-brēost.model.md:59	Germanic/docs/lexeme_reports/model_entries/1968-breast-brēost.model.md	auto
pgmc	*bréustą	*bréustą	breusta	source_protoform	lexical_protoform	breast — OE brēost	manifest	auto
pgmc	*bréustą	*bréustą	breusta	selected_input	trace_proto_input	breast — OE brēost	compact	auto
pgmc	*brínganą	*brínganą	bringana	selected_input	trace_proto_input	bring — OE bringan	compact	auto
pgmc	*brōkiz	*brōkiz	brokiz	source_protoform	lexical_protoform	breeches — OE brēċ	manifest	auto
pgmc	*brōkiz	*brōkiz	brokiz	selected_input	trace_proto_input	breeches — OE brēċ	compact	auto
pgmc	*brūdiz	*brūdiz	brudiz	selected_input	trace_proto_input	bride — OE brȳd	compact	auto
pgmc	*brūkaną	*brūkaną	brukana	selected_input	trace_proto_input	brook — OE brūcan	compact	auto
pgmc	*brust-	*brust-	brust	source_protoform	explicit_tag	Germanic/docs/lexeme_reports/model_entries/1968-breast-brēost.model.md:22	Germanic/docs/lexeme_reports/model_entries/1968-breast-brēost.model.md	auto
pgmc	*brust-	*brust-	brust	source_protoform	explicit_tag	Germanic/docs/lexeme_reports/model_entries/1968-breast-brēost.model.md:62	Germanic/docs/lexeme_reports/model_entries/1968-breast-brēost.model.md	auto
pgmc	brústz	*brústz	brustz	source_protoform	explicit_tag	Germanic/docs/lexeme_reports/model_entries/1968-breast-brēost.model.md:28	Germanic/docs/lexeme_reports/model_entries/1968-breast-brēost.model.md	auto
pgmc	*brústz	*brústz	brustz	source_protoform	explicit_tag	Germanic/docs/lexeme_reports/model_entries/1968-breast-brēost.model.md:58	Germanic/docs/lexeme_reports/model_entries/1968-breast-brēost.model.md	auto
pgmc	*brústz	*brústz	brustz	source_protoform	lexical_proto	breast — OE brēost	manifest	auto
pgmc	*búdmaz	*búdmaz	budmaz	source_protoform	lexical_proto	bottom — OE botm	manifest	auto
pgmc	*búgô	*búgô	bugo	selected_input	trace_proto_input	bow — OE boga	compact	auto
pgmc	bukkaz	*bukkaz	bukkaz	source_protoform	explicit_tag	Germanic/docs/lexeme_reports/model_entries/1973-buck-bucc.model.md:21	Germanic/docs/lexeme_reports/model_entries/1973-buck-bucc.model.md	auto
pgmc	búkkaz	*búkkaz	bukkaz	selected_input	explicit_tag	Germanic/docs/lexeme_reports/model_entries/1973-buck-bucc.model.md:38	Germanic/docs/lexeme_reports/model_entries/1973-buck-bucc.model.md	auto
pgmc	*búkkaz	*búkkaz	bukkaz	selected_input	explicit_tag	Germanic/docs/lexeme_reports/model_entries/1973-buck-bucc.model.md:51	Germanic/docs/lexeme_reports/model_entries/1973-buck-bucc.model.md	auto
pgmc	*búkkaz	*búkkaz	bukkaz	source_protoform	lexical_protoform	buck — OE bucc	manifest	auto
pgmc	*búkkaz	*búkkaz	bukkaz	selected_input	trace_proto_input	buck — OE bucc	compact	auto
pgmc	*būrą	*būrą	bura	selected_input	trace_proto_input	bower — OE būr	compact	auto
pgmc	*búrdą	*búrdą	burda	selected_input	trace_proto_input	board — OE bord	compact	auto
pgmc	*búrdiz	*búrdiz	burdiz	source_protoform	lexical_protoform	birth — OE byrd	manifest	auto
pgmc	*búrdiz	*búrdiz	burdiz	selected_input	trace_proto_input	birth — OE byrd	compact	auto
pgmc	*búrô	*búrô	buro	selected_input	explicit_tag	Germanic/docs/lexeme_reports/model_entries/2311-bore-(iptv.2sg)-bora.model.md:58	Germanic/docs/lexeme_reports/model_entries/2311-bore-(iptv.2sg)-bora.model.md	auto
pgmc	*búrô	*búrô	buro	comparison_form	explicit_tag	Germanic/docs/lexeme_reports/model_entries/2312-bore-(3sg)-boraþ.model.md:59	Germanic/docs/lexeme_reports/model_entries/2312-bore-(3sg)-boraþ.model.md	auto
pgmc	*búrô	*búrô	buro	source_protoform	lexical_protoform	bore (iptv.2sg) — OE bora	manifest	auto
pgmc	*búrô	*búrô	buro	selected_input	trace_proto_input	bore (iptv.2sg) — OE bora	compact	auto
pgmc	*burōjaną	*burōjaną	burojana	source_protoform	explicit_tag	Germanic/docs/lexeme_reports/model_entries/2311-bore-(iptv.2sg)-bora.model.md:57	Germanic/docs/lexeme_reports/model_entries/2311-bore-(iptv.2sg)-bora.model.md	auto
pgmc	*burōjaną	*burōjaną	burojana	source_protoform	explicit_tag	Germanic/docs/lexeme_reports/model_entries/2312-bore-(3sg)-boraþ.model.md:57	Germanic/docs/lexeme_reports/model_entries/2312-bore-(3sg)-boraþ.model.md	auto
pgmc	*búrōjaną	*búrōjaną	burojana	selected_input	trace_proto_input	bore — OE borian	compact	auto
pgmc	*burōną	*burōną	burona	source_protoform	lexical_proto	bore (3sg) — OE boraþ	manifest	auto
pgmc	*burōną	*burōną	burona	source_protoform	lexical_proto	bore (iptv.2sg) — OE bora	manifest	auto
pgmc	*búrōθi	*búrōθi	burothi	comparison_form	explicit_tag	Germanic/docs/lexeme_reports/model_entries/2311-bore-(iptv.2sg)-bora.model.md:59	Germanic/docs/lexeme_reports/model_entries/2311-bore-(iptv.2sg)-bora.model.md	auto
pgmc	*búrōθi	*búrōθi	burothi	selected_input	explicit_tag	Germanic/docs/lexeme_reports/model_entries/2312-bore-(3sg)-boraþ.model.md:58	Germanic/docs/lexeme_reports/model_entries/2312-bore-(3sg)-boraþ.model.md	auto
pgmc	*búrōθi	*búrōθi	burothi	source_protoform	lexical_protoform	bore (3sg) — OE boraþ	manifest	auto
pgmc	*búrōθi	*búrōθi	burothi	selected_input	trace_proto_input	bore (3sg) — OE boraþ	compact	auto
pgmc	*búttmaz	*búttmaz	buttmaz	source_protoform	lexical_protoform	bottom — OE botm	manifest	auto
pgmc	*búttmaz	*búttmaz	buttmaz	selected_input	trace_proto_input	bottom — OE botm	compact	auto
pgmc	*dágaz	*dágaz	dagaz	selected_input	trace_proto_input	day — OE dæġ	compact	auto
pgmc	*dáigaz	*dáigaz	daigaz	selected_input	trace_proto_input	dough — OE dāg	compact	auto
pgmc	*dáiliz	*dáiliz	dailiz	selected_input	trace_proto_input	deal — OE dǣl	compact	auto
pgmc	*dálaz	*dálaz	dalaz	selected_input	trace_proto_input	dale — OE dæl	compact	auto
pgmc	*dáwwō	*dáwwō	dawwo	selected_input	trace_proto_input	dew — OE dēaw	compact	auto
pgmc	*dēdiz	*dēdiz	dediz	source_protoform	broad_prose_decision	Germanic/docs/lexeme_reports/model_entries/1987-deed-dǣd.model.md:21	broad_prose_curated	override
pgmc	*dḗdiz	*dḗdiz	dediz	source_protoform	lexical_protoform	deed — OE dǣd	manifest	auto
pgmc	*dḗdiz	*dḗdiz	dediz	selected_input	trace_proto_input	deed — OE dǣd	compact	auto
pgmc	déliz	*déliz	deliz	selected_input	explicit_tag	Germanic/docs/lexeme_reports/model_entries/1990-dill-dile.model.md:24	Germanic/docs/lexeme_reports/model_entries/1990-dill-dile.model.md	auto
pgmc	déliz	*déliz	deliz	selected_input	explicit_tag	Germanic/docs/lexeme_reports/model_entries/1990-dill-dile.model.md:45	Germanic/docs/lexeme_reports/model_entries/1990-dill-dile.model.md	auto
pgmc	*déliz	*déliz	deliz	selected_input	explicit_tag	Germanic/docs/lexeme_reports/model_entries/1990-dill-dile.model.md:60	Germanic/docs/lexeme_reports/model_entries/1990-dill-dile.model.md	auto
pgmc	*déliz	*déliz	deliz	source_protoform	lexical_protoform	dill — OE dile	manifest	auto
pgmc	*déliz	*déliz	deliz	selected_input	trace_proto_input	dill — OE dile	compact	auto
pgmc	déljaz	*déljaz	deljaz	source_protoform	explicit_tag	Germanic/docs/lexeme_reports/model_entries/1990-dill-dile.model.md:25	Germanic/docs/lexeme_reports/model_entries/1990-dill-dile.model.md	auto
pgmc	*déljaz	*déljaz	deljaz	source_protoform	explicit_tag	Germanic/docs/lexeme_reports/model_entries/1990-dill-dile.model.md:59	Germanic/docs/lexeme_reports/model_entries/1990-dill-dile.model.md	auto
pgmc	*déljaz	*déljaz	deljaz	source_protoform	lexical_proto	dill — OE dile	manifest	auto
pgmc	*déuzą	*déuzą	deuza	selected_input	trace_proto_input	deer — OE dēor	compact	auto
pgmc	*dōną	*dōną	dona	selected_input	trace_proto_input	do — OE dōn	compact	auto
pgmc	*dránkiz	*dránkiz	drankiz	selected_input	trace_proto_input	drench — OE drenċ	compact	auto
pgmc	*dráugmaz	*dráugmaz	draugmaz	selected_input	trace_proto_input	dream — OE drēam	compact	auto
pgmc	*drḯbaną	*drḯbaną	dribana	selected_input	trace_proto_input	drive — OE drīfan	compact	auto
pgmc	*drínkaną	*drínkaną	drinkana	selected_input	trace_proto_input	drink — OE drincan	compact	auto
pgmc	*dúrą	*dúrą	dura	source_protoform	lexical_protoform	door — OE dor	manifest	auto
pgmc	*dúrą	*dúrą	dura	selected_input	trace_proto_input	door — OE dor	compact	auto
pgmc	*ḗlaz	*ḗlaz	elaz	selected_input	trace_proto_input	eel — OE ǣl	compact	auto
pgmc	*érθōn	*érθōn	erthon	selected_input	trace_proto_input	earth — OE eorþe	compact	auto
pgmc	*étaną	*étaną	etana	selected_input	trace_proto_input	eat — OE etan	compact	auto
pgmc	*fádēr	*fádēr	fader	selected_input	trace_proto_input	father — OE fæder	compact	auto
pgmc	*fállaną	*fállaną	fallana	selected_input	trace_proto_input	fall — OE feallan	compact	auto
pgmc	*fálθaną	*fálθaną	falthana	selected_input	trace_proto_input	fold — OE fealdan	compact	auto
pgmc	*fáraną	*fáraną	farana	source_protoform	lexical_protoform	fare — OE faran	manifest	auto
pgmc	*fáraną	*fáraną	farana	selected_input	trace_proto_input	fare — OE faran	compact	auto
pgmc	*faranan	*faranan	faranan	source_protoform	broad_prose_decision	Germanic/docs/lexeme_reports/model_entries/2003-fare-faran.model.md:21	broad_prose_curated	override
pgmc	*farnan	*farnan	farnan	source_protoform	broad_prose_decision	Germanic/docs/lexeme_reports/model_entries/2008-fern-fearn.model.md:21	broad_prose_curated	override
pgmc	*fárnaz	*fárnaz	farnaz	source_protoform	lexical_protoform	fern — OE fearn	manifest	auto
pgmc	*fárnaz	*fárnaz	farnaz	selected_input	trace_proto_input	fern — OE fearn	compact	auto
pgmc	*fasten-	*fasten-	fasten	source_protoform	explicit_tag	Germanic/docs/lexeme_reports/model_entries/2004-fast-festan.model.md:22	Germanic/docs/lexeme_reports/model_entries/2004-fast-festan.model.md	auto
pgmc	*fastēn-	*fastēn-	fasten	source_protoform	explicit_tag	Germanic/docs/lexeme_reports/model_entries/2004-fast-festan.model.md:50	Germanic/docs/lexeme_reports/model_entries/2004-fast-festan.model.md	auto
pgmc	fastēną	*fastēną	fastena	source_protoform	explicit_tag	Germanic/docs/lexeme_reports/model_entries/2004-fast-festan.model.md:28	Germanic/docs/lexeme_reports/model_entries/2004-fast-festan.model.md	auto
pgmc	*fastēną	*fastēną	fastena	source_protoform	explicit_tag	Germanic/docs/lexeme_reports/model_entries/2004-fast-festan.model.md:59	Germanic/docs/lexeme_reports/model_entries/2004-fast-festan.model.md	auto
pgmc	*fastēną	*fastēną	fastena	source_protoform	lexical_proto	fast — OE festan	manifest	auto
pgmc	fástijaną	*fástijaną	fastijana	selected_input	explicit_tag	Germanic/docs/lexeme_reports/model_entries/2004-fast-festan.model.md:27	Germanic/docs/lexeme_reports/model_entries/2004-fast-festan.model.md	auto
pgmc	fástijaną	*fástijaną	fastijana	selected_input	explicit_tag	Germanic/docs/lexeme_reports/model_entries/2004-fast-festan.model.md:44	Germanic/docs/lexeme_reports/model_entries/2004-fast-festan.model.md	auto
pgmc	*fástijaną	*fástijaną	fastijana	selected_input	explicit_tag	Germanic/docs/lexeme_reports/model_entries/2004-fast-festan.model.md:60	Germanic/docs/lexeme_reports/model_entries/2004-fast-festan.model.md	auto
pgmc	*fástijaną	*fástijaną	fastijana	source_protoform	lexical_protoform	fast — OE festan	manifest	auto
pgmc	*fástijaną	*fástijaną	fastijana	selected_input	trace_proto_input	fast — OE festan	compact	auto
pgmc	*fastu-	*fastu-	fastu	source_protoform	explicit_tag	Germanic/docs/lexeme_reports/model_entries/2004-fast-festan.model.md:21	Germanic/docs/lexeme_reports/model_entries/2004-fast-festan.model.md	auto
pgmc	*fédwōr	*fédwōr	fedwor	selected_input	trace_proto_input	four — OE fēower	compact	auto
pgmc	*féllą	*féllą	fella	source_protoform	lexical_protoform	fell — OE fell	manifest	auto
pgmc	*féllą	*féllą	fella	selected_input	trace_proto_input	fell — OE fell	compact	auto
pgmc	*félθuz	*félθuz	felthuz	source_protoform	lexical_protoform	field — OE feld	manifest	auto
pgmc	*félθuz	*félθuz	felthuz	selected_input	trace_proto_input	field — OE feld	compact	auto
pgmc	*féxtaną	*féxtaną	fextana	selected_input	trace_proto_input	fight — OE feohtan	compact	auto
pgmc	*féxu	*féxu	fexu	selected_input	trace_proto_input	fee — OE feoh	compact	auto
pgmc	*fíngraz	*fíngraz	fingraz	selected_input	trace_proto_input	finger — OE finger	compact	auto
pgmc	fínθaną	*fínθaną	finthana	source_protoform	explicit_tag	Germanic/docs/lexeme_reports/model_entries/2011-find-fundene.model.md:21	Germanic/docs/lexeme_reports/model_entries/2011-find-fundene.model.md	auto
pgmc	*fínθaną	*fínθaną	finthana	source_protoform	explicit_tag	Germanic/docs/lexeme_reports/model_entries/2011-find-fundene.model.md:61	Germanic/docs/lexeme_reports/model_entries/2011-find-fundene.model.md	auto
pgmc	*fínθaną	*fínθaną	finthana	source_protoform	lexical_proto	find — OE fundene	manifest	auto
pgmc	*fískaz	*fískaz	fiskaz	selected_input	trace_proto_input	fish — OE fisċ	compact	auto
pgmc	*fláiskiz	*fláiskiz	flaiskiz	selected_input	trace_proto_input	flesh — OE flǣsċ	compact	auto
pgmc	flaskō	*flaskō	flasko	source_protoform	explicit_tag	Germanic/docs/lexeme_reports/model_entries/2016-flask-flasce.model.md:21	Germanic/docs/lexeme_reports/model_entries/2016-flask-flasce.model.md	auto
pgmc	*flaskō	*flaskō	flasko	source_protoform	explicit_tag	Germanic/docs/lexeme_reports/model_entries/2016-flask-flasce.model.md:59	Germanic/docs/lexeme_reports/model_entries/2016-flask-flasce.model.md	auto
pgmc	*flaskō	*flaskō	flasko	source_protoform	lexical_proto	flask — OE flasce	manifest	auto
pgmc	flaskǭ	*flaskǭ	flasko	source_protoform	explicit_tag	Germanic/docs/lexeme_reports/model_entries/2016-flask-flasce.model.md:23	Germanic/docs/lexeme_reports/model_entries/2016-flask-flasce.model.md	auto
pgmc	fláskōn	*fláskōn	flaskon	selected_input	explicit_tag	Germanic/docs/lexeme_reports/model_entries/2016-flask-flasce.model.md:23	Germanic/docs/lexeme_reports/model_entries/2016-flask-flasce.model.md	auto
pgmc	fláskōn	*fláskōn	flaskon	selected_input	explicit_tag	Germanic/docs/lexeme_reports/model_entries/2016-flask-flasce.model.md:42	Germanic/docs/lexeme_reports/model_entries/2016-flask-flasce.model.md	auto
pgmc	*fláskōn	*fláskōn	flaskon	selected_input	explicit_tag	Germanic/docs/lexeme_reports/model_entries/2016-flask-flasce.model.md:60	Germanic/docs/lexeme_reports/model_entries/2016-flask-flasce.model.md	auto
pgmc	*fláskōn	*fláskōn	flaskon	source_protoform	lexical_protoform	flask — OE flasce	manifest	auto
pgmc	*fláskōn	*fláskōn	flaskon	selected_input	trace_proto_input	flask — OE flasce	compact	auto
pgmc	*fláuxz	*fláuxz	flauxz	selected_input	trace_proto_input	flea — OE flēah	compact	auto
pgmc	*fláxsą	*fláxsą	flaxsa	selected_input	trace_proto_input	flax — OE fleax	compact	auto
pgmc	*fléuganą	*fléuganą	fleugana	source_protoform	lexical_protoform	fly — OE flēogan	manifest	auto
pgmc	*fléuganą	*fléuganą	fleugana	selected_input	trace_proto_input	fly — OE flēogan	compact	auto
pgmc	*fléuxaną	*fléuxaną	fleuxana	selected_input	trace_proto_input	flee — OE flēon	compact	auto
pgmc	*flōduz	*flōduz	floduz	selected_input	trace_proto_input	flood — OE flōd	compact	auto
pgmc	*fōdrą	*fōdrą	fodra	selected_input	trace_proto_input	fodder — OE fōdor	compact	auto
pgmc	*fréusaną	*fréusaną	freusana	selected_input	trace_proto_input	freeze — OE frēosan	compact	auto
pgmc	*fríjōndz	*fríjōndz	frijondz	selected_input	trace_proto_input	friend — OE frēond	compact	auto
pgmc	*frústą	*frústą	frusta	selected_input	trace_proto_input	frost — OE forst	compact	auto
pgmc	*fúglaz	*fúglaz	fuglaz	source_protoform	lexical_protoform	fowl — OE fugol	manifest	auto
pgmc	*fúglaz	*fúglaz	fuglaz	selected_input	trace_proto_input	fowl — OE fugol	compact	auto
pgmc	fulgēną	*fulgēną	fulgena	source_protoform	explicit_tag	Germanic/docs/lexeme_reports/model_entries/2027-follow-fylġan.model.md:30	Germanic/docs/lexeme_reports/model_entries/2027-follow-fylġan.model.md	auto
pgmc	*fulgēną	*fulgēną	fulgena	source_protoform	explicit_tag	Germanic/docs/lexeme_reports/model_entries/2027-follow-fylġan.model.md:68	Germanic/docs/lexeme_reports/model_entries/2027-follow-fylġan.model.md	auto
pgmc	*fulgēną	*fulgēną	fulgena	source_protoform	lexical_proto	follow — OE fylġan	manifest	auto
pgmc	fúlgijaną	*fúlgijaną	fulgijana	selected_input	explicit_tag	Germanic/docs/lexeme_reports/model_entries/2027-follow-fylġan.model.md:29	Germanic/docs/lexeme_reports/model_entries/2027-follow-fylġan.model.md	auto
pgmc	fúlgijaną	*fúlgijaną	fulgijana	selected_input	explicit_tag	Germanic/docs/lexeme_reports/model_entries/2027-follow-fylġan.model.md:48	Germanic/docs/lexeme_reports/model_entries/2027-follow-fylġan.model.md	auto
pgmc	*fúlgijaną	*fúlgijaną	fulgijana	selected_input	explicit_tag	Germanic/docs/lexeme_reports/model_entries/2027-follow-fylġan.model.md:70	Germanic/docs/lexeme_reports/model_entries/2027-follow-fylġan.model.md	auto
pgmc	*fúlgijaną	*fúlgijaną	fulgijana	source_protoform	lexical_protoform	follow — OE fylġan	manifest	auto
pgmc	*fúlgijaną	*fúlgijaną	fulgijana	selected_input	trace_proto_input	follow — OE fylġan	compact	auto
pgmc	*fúlką	*fúlką	fulka	selected_input	trace_proto_input	folk — OE folc	compact	auto
pgmc	*fúlô	*fúlô	fulo	selected_input	trace_proto_input	foal — OE fola	compact	auto
pgmc	*fúnðanǭ	*fúnðanǭ	fundano	source_protoform	lexical_protoform	find — OE fundene	manifest	auto
pgmc	*fúnðanǭ	*fúnðanǭ	fundano	selected_input	trace_proto_input	find — OE fundene	compact	auto
pgmc	*fúnðanaz	*fúnðanaz	fundhanaz	comparison_form	explicit_tag	Germanic/docs/lexeme_reports/model_entries/2011-find-fundene.model.md:62	Germanic/docs/lexeme_reports/model_entries/2011-find-fundene.model.md	auto
pgmc	fúnðanǭ	*fúnðanǭ	fundhano	selected_input	explicit_tag	Germanic/docs/lexeme_reports/model_entries/2011-find-fundene.model.md:22	Germanic/docs/lexeme_reports/model_entries/2011-find-fundene.model.md	auto
pgmc	fúnðanǭ	*fúnðanǭ	fundhano	selected_input	explicit_tag	Germanic/docs/lexeme_reports/model_entries/2011-find-fundene.model.md:45	Germanic/docs/lexeme_reports/model_entries/2011-find-fundene.model.md	auto
pgmc	*fúnðanǭ	*fúnðanǭ	fundhano	selected_input	explicit_tag	Germanic/docs/lexeme_reports/model_entries/2011-find-fundene.model.md:63	Germanic/docs/lexeme_reports/model_entries/2011-find-fundene.model.md	auto
pgmc	*fúnxstiz	*fúnxstiz	funxstiz	selected_input	trace_proto_input	fist — OE fȳst	compact	auto
pgmc	fūri	*fūri	furi	selected_input	explicit_tag	Germanic/docs/lexeme_reports/model_entries/2013-fire-fȳre.model.md:23	Germanic/docs/lexeme_reports/model_entries/2013-fire-fȳre.model.md	auto
pgmc	fūri	*fūri	furi	selected_input	explicit_tag	Germanic/docs/lexeme_reports/model_entries/2013-fire-fȳre.model.md:44	Germanic/docs/lexeme_reports/model_entries/2013-fire-fȳre.model.md	auto
pgmc	*fūri	*fūri	furi	selected_input	explicit_tag	Germanic/docs/lexeme_reports/model_entries/2013-fire-fȳre.model.md:63	Germanic/docs/lexeme_reports/model_entries/2013-fire-fȳre.model.md	auto
pgmc	*fūri	*fūri	furi	source_protoform	lexical_protoform	fire — OE fȳre	manifest	auto
pgmc	*fūri	*fūri	furi	selected_input	trace_proto_input	fire — OE fȳre	compact	auto
pgmc	*fúrx	*fúrx	furx	selected_input	trace_proto_input	furrow — OE furh	compact	auto
pgmc	furxtīn	*furxtīn	furxtin	source_protoform	explicit_tag	Germanic/docs/lexeme_reports/model_entries/2034-fright-fyrhte.model.md:21	Germanic/docs/lexeme_reports/model_entries/2034-fright-fyrhte.model.md	auto
pgmc	*furxtīn	*furxtīn	furxtin	source_protoform	explicit_tag	Germanic/docs/lexeme_reports/model_entries/2034-fright-fyrhte.model.md:60	Germanic/docs/lexeme_reports/model_entries/2034-fright-fyrhte.model.md	auto
pgmc	*furxtīn	*furxtīn	furxtin	source_protoform	lexical_proto	fright — OE fyrhte	manifest	auto
pgmc	fúrxtīnaz	*fúrxtīnaz	furxtinaz	selected_input	explicit_tag	Germanic/docs/lexeme_reports/model_entries/2034-fright-fyrhte.model.md:22	Germanic/docs/lexeme_reports/model_entries/2034-fright-fyrhte.model.md	auto
pgmc	fúrxtīnaz	*fúrxtīnaz	furxtinaz	selected_input	explicit_tag	Germanic/docs/lexeme_reports/model_entries/2034-fright-fyrhte.model.md:43	Germanic/docs/lexeme_reports/model_entries/2034-fright-fyrhte.model.md	auto
pgmc	*fúrxtīnaz	*fúrxtīnaz	furxtinaz	selected_input	explicit_tag	Germanic/docs/lexeme_reports/model_entries/2034-fright-fyrhte.model.md:62	Germanic/docs/lexeme_reports/model_entries/2034-fright-fyrhte.model.md	auto
pgmc	*fúrxtīnaz	*fúrxtīnaz	furxtinaz	source_protoform	lexical_protoform	fright — OE fyrhte	manifest	auto
pgmc	*fúrxtīnaz	*fúrxtīnaz	furxtinaz	selected_input	trace_proto_input	fright — OE fyrhte	compact	auto
pgmc	*fúxsaz	*fúxsaz	fuxsaz	selected_input	trace_proto_input	fox — OE fox	compact	auto
pgmc	*gáistaz	*gáistaz	gaistaz	selected_input	trace_proto_input	ghost — OE gāst	compact	auto
pgmc	*galáubijaną	*galáubijaną	galaubijana	selected_input	trace_proto_input	believe — OE ġelīefan	compact	auto
pgmc	gállą	*gállą	galla	source_protoform	explicit_tag	Germanic/docs/lexeme_reports/model_entries/2037-gall-ġealla.model.md:21	Germanic/docs/lexeme_reports/model_entries/2037-gall-ġealla.model.md	auto
pgmc	*gállą	*gállą	galla	source_protoform	explicit_tag	Germanic/docs/lexeme_reports/model_entries/2037-gall-ġealla.model.md:59	Germanic/docs/lexeme_reports/model_entries/2037-gall-ġealla.model.md	auto
pgmc	*gállą	*gállą	galla	source_protoform	lexical_proto	gall — OE ġealla	manifest	auto
pgmc	gállô	*gállô	gallo	selected_input	explicit_tag	Germanic/docs/lexeme_reports/model_entries/2037-gall-ġealla.model.md:23	Germanic/docs/lexeme_reports/model_entries/2037-gall-ġealla.model.md	auto
pgmc	gállô	*gállô	gallo	selected_input	explicit_tag	Germanic/docs/lexeme_reports/model_entries/2037-gall-ġealla.model.md:43	Germanic/docs/lexeme_reports/model_entries/2037-gall-ġealla.model.md	auto
pgmc	*gállô	*gállô	gallo	selected_input	explicit_tag	Germanic/docs/lexeme_reports/model_entries/2037-gall-ġealla.model.md:60	Germanic/docs/lexeme_reports/model_entries/2037-gall-ġealla.model.md	auto
pgmc	*gállô	*gállô	gallo	source_protoform	lexical_protoform	gall — OE ġealla	manifest	auto
pgmc	*gállô	*gállô	gallo	selected_input	trace_proto_input	gall — OE ġealla	compact	auto
pgmc	*gangaz	*gangaz	gangaz	selected_input	broad_prose_decision	Germanic/docs/lexeme_reports/model_entries/2038-gang-gang.model.md:21	broad_prose_curated	override
pgmc	*gángaz	*gángaz	gangaz	source_protoform	lexical_protoform	gang — OE gang	manifest	auto
pgmc	*gángaz	*gángaz	gangaz	selected_input	trace_proto_input	gang — OE gang	compact	auto
pgmc	*gánsz	*gánsz	gansz	selected_input	trace_proto_input	goose — OE gōs	compact	auto
pgmc	*gárną	*gárną	garna	source_protoform	lexical_protoform	yarn — OE ġearn	manifest	auto
pgmc	*gárną	*gárną	garna	selected_input	trace_proto_input	yarn — OE ġearn	compact	auto
pgmc	*gástiz	*gástiz	gastiz	source_protoform	lexical_protoform	guest — OE ġiest	manifest	auto
pgmc	*gástiz	*gástiz	gastiz	selected_input	trace_proto_input	guest — OE ġiest	compact	auto
pgmc	*gébaną	*gébaną	gebana	source_protoform	lexical_protoform	give — OE ġiefan	manifest	auto
pgmc	*gébaną	*gébaną	gebana	selected_input	trace_proto_input	give — OE ġiefan	compact	auto
pgmc	*géftiz	*géftiz	geftiz	selected_input	trace_proto_input	gift — OE ġift	compact	auto
pgmc	*grábaną	*grábaną	grabana	source_protoform	lexical_protoform	grave — OE grafan	manifest	auto
pgmc	*grábaną	*grábaną	grabana	selected_input	trace_proto_input	grave — OE grafan	compact	auto
pgmc	*grásą	*grásą	grasa	selected_input	trace_proto_input	grass — OE græs	compact	auto
pgmc	*grḯpaną	*grḯpaną	gripana	selected_input	trace_proto_input	gripe — OE grīpan	compact	auto
pgmc	*grúnduz	*grúnduz	grunduz	selected_input	trace_proto_input	ground — OE grund	compact	auto
pgmc	*gúdą	*gúdą	guda	selected_input	trace_proto_input	god — OE god	compact	auto
pgmc	*gúlθą	*gúlθą	gultha	source_protoform	lexical_protoform	gold — OE gold	manifest	auto
pgmc	*gúlθą	*gúlθą	gultha	selected_input	trace_proto_input	gold — OE gold	compact	auto
pgmc	hemina-*	*hemina-*	hemina	evidence_form	explicit_tag	Germanic/docs/lexeme_reports/model_entries/2068-heaven-heofon.model.md:22	Germanic/docs/lexeme_reports/model_entries/2068-heaven-heofon.model.md	auto
pgmc	hemna-*	*hemna-*	hemna	evidence_form	explicit_tag	Germanic/docs/lexeme_reports/model_entries/2068-heaven-heofon.model.md:22	Germanic/docs/lexeme_reports/model_entries/2068-heaven-heofon.model.md	auto
pgmc	*hlahtraz	*hlahtraz	hlahtraz	comparison_form	broad_prose_decision	Germanic/docs/lexeme_reports/model_entries/2092-laugh-hliehhan.model.md:47	broad_prose_curated	override
pgmc	*hnakkuns	*hnakkuns	hnakkuns	comparison_form	explicit_tag	Germanic/docs/lexeme_reports/model_entries/2134-neck-hnecca.model.md:59	Germanic/docs/lexeme_reports/model_entries/2134-neck-hnecca.model.md	auto
pgmc	*hnukkaz	*hnukkaz	hnukkaz	comparison_form	explicit_tag	Germanic/docs/lexeme_reports/model_entries/2134-neck-hnecca.model.md:59	Germanic/docs/lexeme_reports/model_entries/2134-neck-hnecca.model.md	auto
pgmc	*hwali-	*hwali-	hwali	comparison_form	explicit_tag	Germanic/docs/lexeme_reports/model_entries/2284-whale-hwæl.model.md:25	Germanic/docs/lexeme_reports/model_entries/2284-whale-hwæl.model.md	auto
pgmc	*hwali-	*hwali-	hwali	comparison_form	explicit_tag	Germanic/docs/lexeme_reports/model_entries/2284-whale-hwæl.model.md:57	Germanic/docs/lexeme_reports/model_entries/2284-whale-hwæl.model.md	auto
pgmc	*jḗrą	*jḗrą	jera	selected_input	trace_proto_input	year — OE ġēar	compact	auto
pgmc	júgunθ	*júgunθ	jugunth	selected_input	explicit_tag	Germanic/docs/lexeme_reports/model_entries/2308-youth-ġeoguþ.model.md:24	Germanic/docs/lexeme_reports/model_entries/2308-youth-ġeoguþ.model.md	auto
pgmc	júgunθ	*júgunθ	jugunth	selected_input	explicit_tag	Germanic/docs/lexeme_reports/model_entries/2308-youth-ġeoguþ.model.md:48	Germanic/docs/lexeme_reports/model_entries/2308-youth-ġeoguþ.model.md	auto
pgmc	*júgunθ	*júgunθ	jugunth	selected_input	explicit_tag	Germanic/docs/lexeme_reports/model_entries/2308-youth-ġeoguþ.model.md:65	Germanic/docs/lexeme_reports/model_entries/2308-youth-ġeoguþ.model.md	auto
pgmc	*júgunθ	*júgunθ	jugunth	source_protoform	lexical_protoform	youth — OE ġeoguþ	manifest	auto
pgmc	*júgunθ	*júgunθ	jugunth	selected_input	trace_proto_input	youth — OE ġeoguþ	compact	auto
pgmc	*jugunþi	*jugunþi	jugunthi	comparison_form	explicit_tag	Germanic/docs/lexeme_reports/model_entries/2308-youth-ġeoguþ.model.md:66	Germanic/docs/lexeme_reports/model_entries/2308-youth-ġeoguþ.model.md	auto
pgmc	júgunθiz	*júgunθiz	jugunthiz	source_protoform	explicit_tag	Germanic/docs/lexeme_reports/model_entries/2308-youth-ġeoguþ.model.md:23	Germanic/docs/lexeme_reports/model_entries/2308-youth-ġeoguþ.model.md	auto
pgmc	*júgunθiz	*júgunθiz	jugunthiz	source_protoform	explicit_tag	Germanic/docs/lexeme_reports/model_entries/2308-youth-ġeoguþ.model.md:64	Germanic/docs/lexeme_reports/model_entries/2308-youth-ġeoguþ.model.md	auto
pgmc	*júgunθiz	*júgunθiz	jugunthiz	source_protoform	lexical_proto	youth — OE ġeoguþ	manifest	auto
pgmc	*júką	*júką	juka	selected_input	trace_proto_input	yoke — OE ġeoc	compact	auto
pgmc	*ju(w)unþi-	*ju(w)unþi-	juwunthi	source_protoform	explicit_tag	Germanic/docs/lexeme_reports/model_entries/2308-youth-ġeoguþ.model.md:22	Germanic/docs/lexeme_reports/model_entries/2308-youth-ġeoguþ.model.md	auto
pgmc	*ju(w)unþi-	*ju(w)unþi-	juwunthi	source_protoform	explicit_tag	Germanic/docs/lexeme_reports/model_entries/2308-youth-ġeoguþ.model.md:63	Germanic/docs/lexeme_reports/model_entries/2308-youth-ġeoguþ.model.md	auto
pgmc	*kálbaz	*kálbaz	kalbaz	source_protoform	lexical_protoform	calf — OE ċealf	manifest	auto
pgmc	*kálbaz	*kálbaz	kalbaz	selected_input	trace_proto_input	calf — OE ċealf	compact	auto
pgmc	*kámbaz	*kámbaz	kambaz	selected_input	trace_proto_input	comb — OE camb	compact	auto
pgmc	*kéwwaną	*kéwwaną	kewwana	selected_input	trace_proto_input	chew — OE ċēowan	compact	auto
pgmc	*klímbaną	*klímbaną	klimbana	selected_input	trace_proto_input	climb — OE climban	compact	auto
pgmc	*knédaną	*knédaną	knedana	selected_input	trace_proto_input	knead — OE cnedan	compact	auto
pgmc	*knéwą	*knéwą	knewa	selected_input	trace_proto_input	knee — OE cnēow	compact	auto
pgmc	knextaz	*knextaz	knextaz	selected_input	explicit_tag	Germanic/docs/lexeme_reports/model_entries/2086-knight-cniht.model.md:22	Germanic/docs/lexeme_reports/model_entries/2086-knight-cniht.model.md	auto
pgmc	knéxtaz	*knéxtaz	knextaz	selected_input	explicit_tag	Germanic/docs/lexeme_reports/model_entries/2086-knight-cniht.model.md:24	Germanic/docs/lexeme_reports/model_entries/2086-knight-cniht.model.md	auto
pgmc	knéxtaz	*knéxtaz	knextaz	selected_input	explicit_tag	Germanic/docs/lexeme_reports/model_entries/2086-knight-cniht.model.md:29	Germanic/docs/lexeme_reports/model_entries/2086-knight-cniht.model.md	auto
pgmc	knéxtaz	*knéxtaz	knextaz	selected_input	explicit_tag	Germanic/docs/lexeme_reports/model_entries/2086-knight-cniht.model.md:43	Germanic/docs/lexeme_reports/model_entries/2086-knight-cniht.model.md	auto
pgmc	*knéxtaz	*knéxtaz	knextaz	selected_input	explicit_tag	Germanic/docs/lexeme_reports/model_entries/2086-knight-cniht.model.md:58	Germanic/docs/lexeme_reports/model_entries/2086-knight-cniht.model.md	auto
pgmc	*knéxtaz	*knéxtaz	knextaz	source_protoform	lexical_protoform	knight — OE cniht	manifest	auto
pgmc	*knéxtaz	*knéxtaz	knextaz	selected_input	trace_proto_input	knight — OE cniht	compact	auto
pgmc	kníxtaz	*kníxtaz	knixtaz	source_protoform	explicit_tag	Germanic/docs/lexeme_reports/model_entries/2086-knight-cniht.model.md:27	Germanic/docs/lexeme_reports/model_entries/2086-knight-cniht.model.md	auto
pgmc	*kníxtaz	*kníxtaz	knixtaz	source_protoform	explicit_tag	Germanic/docs/lexeme_reports/model_entries/2086-knight-cniht.model.md:57	Germanic/docs/lexeme_reports/model_entries/2086-knight-cniht.model.md	auto
pgmc	*kníxtaz	*kníxtaz	knixtaz	source_protoform	lexical_proto	knight — OE cniht	manifest	auto
pgmc	*knúbbô	*knúbbô	knubbo	source_protoform	lexical_protoform	knob — OE *cnobba	manifest	auto
pgmc	*knúbbô	*knúbbô	knubbo	selected_input	trace_proto_input	knob — OE *cnobba	compact	auto
pgmc	*knúppaz	*knúppaz	knuppaz	source_protoform	lexical_proto	knob — OE *cnobba	manifest	auto
pgmc	*kōz	*kōz	koz	source_protoform	lexical_proto	cow — OE cȳ	manifest	auto
pgmc	*kráftaz	*kráftaz	kraftaz	selected_input	table_semantic_auto	Germanic/docs/lexeme_reports/model_entries/1981-craft-cræft.model.md:50	table_semantic_rule	auto
pgmc	*kráftaz	*kráftaz	kraftaz	source_protoform	lexical_protoform	craft — OE cræft	manifest	auto
pgmc	*kráftaz	*kráftaz	kraftaz	selected_input	trace_proto_input	craft — OE cræft	compact	auto
pgmc	*kráftiz	*kráftiz	kraftiz	source_protoform	lexical_proto	craft — OE cræft	manifest	auto
pgmc	*krúppaz	*krúppaz	kruppaz	selected_input	trace_proto_input	crop — OE cropp	compact	auto
pgmc	*kūi	*kūi	kui	source_protoform	lexical_protoform	cow — OE cȳ	manifest	auto
pgmc	*kūi	*kūi	kui	selected_input	trace_proto_input	cow — OE cȳ	compact	auto
pgmc	*kúrną	*kúrną	kurna	source_protoform	lexical_protoform	corn — OE corn	manifest	auto
pgmc	*kúrną	*kúrną	kurna	selected_input	trace_proto_input	corn — OE corn	compact	auto
pgmc	*kwedu-2	*kwedu-2	kwedu2	source_protoform	broad_prose_decision	Germanic/docs/lexeme_reports/model_entries/1983-cud-cwedu.model.md:21	broad_prose_curated	override
pgmc	kwéðuz	*kwéðuz	kweduz	selected_input	explicit_tag	Germanic/docs/lexeme_reports/model_entries/1983-cud-cwedu.model.md:24	Germanic/docs/lexeme_reports/model_entries/1983-cud-cwedu.model.md	auto
pgmc	kwéðuz	*kwéðuz	kweduz	selected_input	explicit_tag	Germanic/docs/lexeme_reports/model_entries/1983-cud-cwedu.model.md:39	Germanic/docs/lexeme_reports/model_entries/1983-cud-cwedu.model.md	auto
pgmc	*kwéðuz	*kwéðuz	kweduz	source_protoform	lexical_protoform	cud — OE cwedu	manifest	auto
pgmc	*kwéðuz	*kwéðuz	kweduz	selected_input	trace_proto_input	cud — OE cwedu	compact	auto
pgmc	*kwíθuz	*kwíθuz	kwithuz	source_protoform	lexical_proto	cud — OE cwedu	manifest	auto
pgmc	*lábbaz	*lábbaz	labbaz	source_protoform	table_semantic_auto	Germanic/docs/lexeme_reports/model_entries/2090-lap-lappa.model.md:57	table_semantic_rule	auto
pgmc	*lábbaz	*lábbaz	labbaz	source_protoform	lexical_proto	lap — OE lappa	manifest	auto
pgmc	*láidijaną	*láidijaną	laidijana	source_protoform	lexical_protoform	lead — OE lǣdan	manifest	auto
pgmc	*láidijaną	*láidijaną	laidijana	selected_input	trace_proto_input	lead — OE lǣdan	compact	auto
pgmc	*láimą	*láimą	laima	selected_input	table_semantic_auto	Germanic/docs/lexeme_reports/model_entries/2109-loam-lām.model.md:53	table_semantic_rule	auto
pgmc	*láimą	*láimą	laima	source_protoform	lexical_protoform	loam — OE lām	manifest	auto
pgmc	*láimą	*láimą	laima	selected_input	trace_proto_input	loam — OE lām	compact	auto
pgmc	*laimōn	*laimōn	laimon	selected_input	table_semantic_auto	Germanic/docs/lexeme_reports/model_entries/2109-loam-lām.model.md:52	table_semantic_rule	auto
pgmc	*laimōn	*laimōn	laimon	source_protoform	lexical_proto	loam — OE lām	manifest	auto
pgmc	*láistijaną	*láistijaną	laistijana	selected_input	trace_proto_input	last — OE lǣstan	compact	auto
pgmc	*láiθaz	*láiθaz	laithaz	selected_input	trace_proto_input	loath — OE lāþ	compact	auto
pgmc	*lákaną	*lákaną	lakana	source_protoform	lexical_proto	laugh — OE hliehhan	manifest	auto
pgmc	*lándą	*lándą	landa	selected_input	trace_proto_input	land — OE land	compact	auto
pgmc	*láppô	*láppô	lappo	selected_input	table_semantic_auto	Germanic/docs/lexeme_reports/model_entries/2090-lap-lappa.model.md:58	table_semantic_rule	auto
pgmc	*láppô	*láppô	lappo	source_protoform	lexical_protoform	lap — OE lappa	manifest	auto
pgmc	*láppô	*láppô	lappo	selected_input	trace_proto_input	lap — OE lappa	compact	auto
pgmc	*laθōjaną	*laθōjaną	lathojana	source_protoform	lexical_proto	lade — OE hladan	manifest	auto
pgmc	*láubą	*láubą	lauba	selected_input	trace_proto_input	leaf — OE lēaf	compact	auto
pgmc	*láugō	*láugō	laugo	selected_input	trace_proto_input	lye — OE lēag	compact	auto
pgmc	*láukaz	*láukaz	laukaz	selected_input	trace_proto_input	leek — OE lēac	compact	auto
pgmc	*lḗtaną	*lḗtaną	letana	selected_input	trace_proto_input	let — OE lǣtan	compact	auto
pgmc	*léθrą	*léθrą	lethra	selected_input	trace_proto_input	leather — OE leþer	compact	auto
pgmc	*léusaną	*léusaną	leusana	source_protoform	lexical_protoform	forlorn — OE lēosan	manifest	auto
pgmc	*léusaną	*léusaną	leusana	selected_input	trace_proto_input	forlorn — OE lēosan	compact	auto
pgmc	*léuxtijaną	*léuxtijaną	leuxtijana	source_protoform	lexical_protoform	light — OE līehtan	manifest	auto
pgmc	*léuxtijaną	*léuxtijaną	leuxtijana	selected_input	trace_proto_input	light — OE līehtan	compact	auto
pgmc	*lḯbą	*lḯbą	liba	selected_input	trace_proto_input	life — OE līf	compact	auto
pgmc	*libēną	*libēną	libena	source_protoform	explicit_tag	Germanic/docs/lexeme_reports/model_entries/2107-live-lifeþ.model.md:56	Germanic/docs/lexeme_reports/model_entries/2107-live-lifeþ.model.md	auto
pgmc	*libēną	*libēną	libena	source_protoform	lexical_proto	live — OE lifeþ	manifest	auto
pgmc	líbēθi	*líbēθi	libethi	selected_input	explicit_tag	Germanic/docs/lexeme_reports/model_entries/2107-live-lifeþ.model.md:27	Germanic/docs/lexeme_reports/model_entries/2107-live-lifeþ.model.md	auto
pgmc	líbēθi	*líbēθi	libethi	selected_input	explicit_tag	Germanic/docs/lexeme_reports/model_entries/2107-live-lifeþ.model.md:44	Germanic/docs/lexeme_reports/model_entries/2107-live-lifeþ.model.md	auto
pgmc	*líbēθi	*líbēθi	libethi	selected_input	explicit_tag	Germanic/docs/lexeme_reports/model_entries/2107-live-lifeþ.model.md:57	Germanic/docs/lexeme_reports/model_entries/2107-live-lifeþ.model.md	auto
pgmc	*líbēθi	*líbēθi	libethi	source_protoform	lexical_protoform	live — OE lifeþ	manifest	auto
pgmc	*líbēθi	*líbēθi	libethi	selected_input	trace_proto_input	live — OE lifeþ	compact	auto
pgmc	*líbrō	*líbrō	libro	selected_input	trace_proto_input	liver — OE lifer	compact	auto
pgmc	*líkkô	*líkkô	likko	selected_input	explicit_tag	Germanic/docs/lexeme_reports/model_entries/2315-lick-(iptv.2sg)-licca.model.md:43	Germanic/docs/lexeme_reports/model_entries/2315-lick-(iptv.2sg)-licca.model.md	auto
pgmc	*líkkô	*líkkô	likko	comparison_form	explicit_tag	Germanic/docs/lexeme_reports/model_entries/2316-lick-(3sg)-liccaþ.model.md:43	Germanic/docs/lexeme_reports/model_entries/2316-lick-(3sg)-liccaþ.model.md	auto
pgmc	*líkkô	*líkkô	likko	source_protoform	lexical_protoform	lick (iptv.2sg) — OE licca	manifest	auto
pgmc	*líkkô	*líkkô	likko	selected_input	trace_proto_input	lick (iptv.2sg) — OE licca	compact	auto
pgmc	*líkkōjaną	*líkkōjaną	likkojana	source_protoform	explicit_tag	Germanic/docs/lexeme_reports/model_entries/2315-lick-(iptv.2sg)-licca.model.md:42	Germanic/docs/lexeme_reports/model_entries/2315-lick-(iptv.2sg)-licca.model.md	auto
pgmc	*líkkōjaną	*líkkōjaną	likkojana	source_protoform	explicit_tag	Germanic/docs/lexeme_reports/model_entries/2316-lick-(3sg)-liccaþ.model.md:42	Germanic/docs/lexeme_reports/model_entries/2316-lick-(3sg)-liccaþ.model.md	auto
pgmc	*líkkōjaną	*líkkōjaną	likkojana	selected_input	trace_proto_input	lick — OE liccian	compact	auto
pgmc	likkōjanan	*likkōjanan	likkojanan	source_protoform	explicit_tag	Germanic/docs/lexeme_reports/model_entries/2315-lick-(iptv.2sg)-licca.model.md:22	Germanic/docs/lexeme_reports/model_entries/2315-lick-(iptv.2sg)-licca.model.md	auto
pgmc	likkōjanan	*likkōjanan	likkojanan	source_protoform	explicit_tag	Germanic/docs/lexeme_reports/model_entries/2316-lick-(3sg)-liccaþ.model.md:22	Germanic/docs/lexeme_reports/model_entries/2316-lick-(3sg)-liccaþ.model.md	auto
pgmc	*likkōną	*likkōną	likkona	source_protoform	lexical_proto	lick (3sg) — OE liccaþ	manifest	auto
pgmc	*likkōną	*likkōną	likkona	source_protoform	lexical_proto	lick (iptv.2sg) — OE licca	manifest	auto
pgmc	*líkkōθi	*líkkōθi	likkothi	comparison_form	explicit_tag	Germanic/docs/lexeme_reports/model_entries/2315-lick-(iptv.2sg)-licca.model.md:44	Germanic/docs/lexeme_reports/model_entries/2315-lick-(iptv.2sg)-licca.model.md	auto
pgmc	líkkōθi	*líkkōθi	likkothi	selected_input	explicit_tag	Germanic/docs/lexeme_reports/model_entries/2316-lick-(3sg)-liccaþ.model.md:34	Germanic/docs/lexeme_reports/model_entries/2316-lick-(3sg)-liccaþ.model.md	auto
pgmc	*líkkōθi	*líkkōθi	likkothi	selected_input	explicit_tag	Germanic/docs/lexeme_reports/model_entries/2316-lick-(3sg)-liccaþ.model.md:44	Germanic/docs/lexeme_reports/model_entries/2316-lick-(3sg)-liccaþ.model.md	auto
pgmc	*líkkōθi	*líkkōθi	likkothi	source_protoform	lexical_protoform	lick (3sg) — OE liccaþ	manifest	auto
pgmc	*líkkōθi	*líkkōθi	likkothi	selected_input	trace_proto_input	lick (3sg) — OE liccaþ	compact	auto
pgmc	*lḯmą	*lḯmą	lima	selected_input	trace_proto_input	lime — OE līm	compact	auto
pgmc	*líndō	*líndō	lindo	source_protoform	lexical_protoform	linden — OE lind	manifest	auto
pgmc	*líndō	*líndō	lindo	selected_input	trace_proto_input	linden — OE lind	compact	auto
pgmc	*lḯnōn	*lḯnōn	linon	selected_input	trace_proto_input	line — OE līne	compact	auto
pgmc	*lḯstōn	*lḯstōn	liston	selected_input	trace_proto_input	list — OE līste	compact	auto
pgmc	líznô	*líznô	lizno	selected_input	explicit_tag	Germanic/docs/lexeme_reports/model_entries/2313-learn-(iptv.2sg)-liorna.model.md:27	Germanic/docs/lexeme_reports/model_entries/2313-learn-(iptv.2sg)-liorna.model.md	auto
pgmc	*líznô	*líznô	lizno	selected_input	explicit_tag	Germanic/docs/lexeme_reports/model_entries/2313-learn-(iptv.2sg)-liorna.model.md:61	Germanic/docs/lexeme_reports/model_entries/2313-learn-(iptv.2sg)-liorna.model.md	auto
pgmc	*líznô	*líznô	lizno	comparison_form	explicit_tag	Germanic/docs/lexeme_reports/model_entries/2314-learn-(3sg)-liornaþ.model.md:69	Germanic/docs/lexeme_reports/model_entries/2314-learn-(3sg)-liornaþ.model.md	auto
pgmc	*líznô	*líznô	lizno	source_protoform	lexical_protoform	learn (iptv.2sg) — OE liorna	manifest	auto
pgmc	*líznô	*líznô	lizno	selected_input	trace_proto_input	learn (iptv.2sg) — OE liorna	compact	auto
pgmc	*liznōjaną	*liznōjaną	liznojana	source_protoform	explicit_tag	Germanic/docs/lexeme_reports/model_entries/2313-learn-(iptv.2sg)-liorna.model.md:60	Germanic/docs/lexeme_reports/model_entries/2313-learn-(iptv.2sg)-liorna.model.md	auto
pgmc	*liznōjaną	*liznōjaną	liznojana	source_protoform	explicit_tag	Germanic/docs/lexeme_reports/model_entries/2314-learn-(3sg)-liornaþ.model.md:67	Germanic/docs/lexeme_reports/model_entries/2314-learn-(3sg)-liornaþ.model.md	auto
pgmc	*liznōjaną	*liznōjaną	liznojana	source_protoform	lexical_proto	learn (3sg) — OE liornaþ	manifest	auto
pgmc	*liznōjaną	*liznōjaną	liznojana	source_protoform	lexical_proto	learn (iptv.2sg) — OE liorna	manifest	auto
pgmc	*líznōjaną	*líznōjaną	liznojana	source_protoform	lexical_protoform	learn — OE liornian	manifest	auto
pgmc	*líznōjaną	*líznōjaną	liznojana	selected_input	trace_proto_input	learn — OE liornian	compact	auto
pgmc	*líznōθi	*líznōθi	liznothi	comparison_form	explicit_tag	Germanic/docs/lexeme_reports/model_entries/2313-learn-(iptv.2sg)-liorna.model.md:62	Germanic/docs/lexeme_reports/model_entries/2313-learn-(iptv.2sg)-liorna.model.md	auto
pgmc	líznōθi	*líznōθi	liznothi	selected_input	explicit_tag	Germanic/docs/lexeme_reports/model_entries/2314-learn-(3sg)-liornaþ.model.md:25	Germanic/docs/lexeme_reports/model_entries/2314-learn-(3sg)-liornaþ.model.md	auto
pgmc	*líznōθi	*líznōθi	liznothi	selected_input	explicit_tag	Germanic/docs/lexeme_reports/model_entries/2314-learn-(3sg)-liornaþ.model.md:68	Germanic/docs/lexeme_reports/model_entries/2314-learn-(3sg)-liornaþ.model.md	auto
pgmc	*líznōθi	*líznōθi	liznothi	source_protoform	lexical_protoform	learn (3sg) — OE liornaþ	manifest	auto
pgmc	*líznōθi	*líznōθi	liznothi	selected_input	trace_proto_input	learn (3sg) — OE liornaþ	compact	auto
pgmc	*lúką	*lúką	luka	selected_input	trace_proto_input	lock — OE loc	compact	auto
pgmc	*lúkkaz	*lúkkaz	lukkaz	selected_input	trace_proto_input	lock — OE locc	compact	auto
pgmc	*lúnganjō	*lúnganjō	lunganjo	selected_input	table_semantic_auto	Germanic/docs/lexeme_reports/model_entries/2114-lung-lungen.model.md:56	table_semantic_rule	auto
pgmc	*lúnganjō	*lúnganjō	lunganjo	source_protoform	lexical_protoform	lung — OE lungen	manifest	auto
pgmc	*lúnganjō	*lúnganjō	lunganjo	selected_input	trace_proto_input	lung — OE lungen	compact	auto
pgmc	*lungō	*lungō	lungo	source_protoform	lexical_proto	lung — OE lungen	manifest	auto
pgmc	*lústuz	*lústuz	lustuz	selected_input	trace_proto_input	lust — OE lust	compact	auto
pgmc	*lūsz	*lūsz	lusz	selected_input	trace_proto_input	louse — OE lūs	compact	auto
pgmc	*máinijaną	*máinijaną	mainijana	selected_input	trace_proto_input	mean — OE mǣnan	compact	auto
pgmc	mákô	*mákô	mako	selected_input	explicit_tag	Germanic/docs/lexeme_reports/model_entries/2309-make-(iptv.2sg)-maca.model.md:27	Germanic/docs/lexeme_reports/model_entries/2309-make-(iptv.2sg)-maca.model.md	auto
pgmc	*mákô	*mákô	mako	selected_input	explicit_tag	Germanic/docs/lexeme_reports/model_entries/2309-make-(iptv.2sg)-maca.model.md:61	Germanic/docs/lexeme_reports/model_entries/2309-make-(iptv.2sg)-maca.model.md	auto
pgmc	*mákô	*mákô	mako	comparison_form	explicit_tag	Germanic/docs/lexeme_reports/model_entries/2310-make-(3sg)-macaþ.model.md:64	Germanic/docs/lexeme_reports/model_entries/2310-make-(3sg)-macaþ.model.md	auto
pgmc	*mákô	*mákô	mako	source_protoform	lexical_protoform	make (iptv.2sg) — OE maca	manifest	auto
pgmc	*mákô	*mákô	mako	selected_input	trace_proto_input	make (iptv.2sg) — OE maca	compact	auto
pgmc	*makōjan-	*makōjan-	makojan	source_protoform	explicit_tag	Germanic/docs/lexeme_reports/model_entries/2310-make-(3sg)-macaþ.model.md:22	Germanic/docs/lexeme_reports/model_entries/2310-make-(3sg)-macaþ.model.md	auto
pgmc	*makōjaną	*makōjaną	makojana	source_protoform	explicit_tag	Germanic/docs/lexeme_reports/model_entries/2310-make-(3sg)-macaþ.model.md:62	Germanic/docs/lexeme_reports/model_entries/2310-make-(3sg)-macaþ.model.md	auto
pgmc	*mákōjaną	*mákōjaną	makojana	source_protoform	explicit_tag	Germanic/docs/lexeme_reports/model_entries/2309-make-(iptv.2sg)-maca.model.md:60	Germanic/docs/lexeme_reports/model_entries/2309-make-(iptv.2sg)-maca.model.md	auto
pgmc	*mákōjaną	*mákōjaną	makojana	selected_input	trace_proto_input	make — OE macian	compact	auto
pgmc	*makōną	*makōną	makona	source_protoform	lexical_proto	make (3sg) — OE macaþ	manifest	auto
pgmc	*makōną	*makōną	makona	source_protoform	lexical_proto	make (iptv.2sg) — OE maca	manifest	auto
pgmc	*mákōθi	*mákōθi	makothi	comparison_form	explicit_tag	Germanic/docs/lexeme_reports/model_entries/2309-make-(iptv.2sg)-maca.model.md:62	Germanic/docs/lexeme_reports/model_entries/2309-make-(iptv.2sg)-maca.model.md	auto
pgmc	mákōθi	*mákōθi	makothi	selected_input	explicit_tag	Germanic/docs/lexeme_reports/model_entries/2310-make-(3sg)-macaþ.model.md:28	Germanic/docs/lexeme_reports/model_entries/2310-make-(3sg)-macaþ.model.md	auto
pgmc	*mákōθi	*mákōθi	makothi	selected_input	explicit_tag	Germanic/docs/lexeme_reports/model_entries/2310-make-(3sg)-macaþ.model.md:63	Germanic/docs/lexeme_reports/model_entries/2310-make-(3sg)-macaþ.model.md	auto
pgmc	*mákōθi	*mákōθi	makothi	source_protoform	lexical_protoform	make (3sg) — OE macaþ	manifest	auto
pgmc	*mákōθi	*mákōθi	makothi	selected_input	trace_proto_input	make (3sg) — OE macaþ	compact	auto
pgmc	*máltaz	*máltaz	maltaz	selected_input	trace_proto_input	malt — OE mealt	compact	auto
pgmc	*manną	*manną	manna	comparison_form	explicit_tag	Germanic/docs/lexeme_reports/model_entries/2119-man-mannes.model.md:58	Germanic/docs/lexeme_reports/model_entries/2119-man-mannes.model.md	auto
pgmc	*mannăi	*mannăi	mannai	comparison_form	explicit_tag	Germanic/docs/lexeme_reports/model_entries/2119-man-mannes.model.md:59	Germanic/docs/lexeme_reports/model_entries/2119-man-mannes.model.md	auto
pgmc	mánnas	*mánnas	mannas	selected_input	explicit_tag	Germanic/docs/lexeme_reports/model_entries/2119-man-mannes.model.md:22	Germanic/docs/lexeme_reports/model_entries/2119-man-mannes.model.md	auto
pgmc	*mánnas	*mánnas	mannas	selected_input	explicit_tag	Germanic/docs/lexeme_reports/model_entries/2119-man-mannes.model.md:60	Germanic/docs/lexeme_reports/model_entries/2119-man-mannes.model.md	auto
pgmc	*mánnas	*mánnas	mannas	source_protoform	lexical_protoform	man — OE mannes	manifest	auto
pgmc	*mánnas	*mánnas	mannas	selected_input	trace_proto_input	man — OE mannes	compact	auto
pgmc	*mannăz	*mannăz	mannaz	source_protoform	explicit_tag	Germanic/docs/lexeme_reports/model_entries/2119-man-mannes.model.md:57	Germanic/docs/lexeme_reports/model_entries/2119-man-mannes.model.md	auto
pgmc	*mánnaz	*mánnaz	mannaz	source_protoform	lexical_proto	man — OE mannes	manifest	auto
pgmc	*márkō	*márkō	marko	selected_input	trace_proto_input	march — OE mearc	compact	auto
pgmc	*márōn	*márōn	maron	source_protoform	lexical_protoform	nightmare — OE mare	manifest	auto
pgmc	*márōn	*márōn	maron	selected_input	trace_proto_input	nightmare — OE mare	compact	auto
pgmc	*mástaz	*mástaz	mastaz	selected_input	trace_proto_input	mast — OE mæst	compact	auto
pgmc	*máxtiz	*máxtiz	maxtiz	selected_input	trace_proto_input	might — OE miht	compact	auto
pgmc	*mḗlą	*mḗlą	mela	selected_input	trace_proto_input	meal — OE mǣl	compact	auto
pgmc	*mélukz	*mélukz	melukz	source_protoform	lexical_protoform	milk — OE meoloc	manifest	auto
pgmc	*mélukz	*mélukz	melukz	selected_input	trace_proto_input	milk — OE meoloc	compact	auto
pgmc	*mḗnōθz	*mḗnōθz	menothz	selected_input	trace_proto_input	month — OE mōnaþ	compact	auto
pgmc	mízdai	*mízdai	mizdai	selected_input	explicit_tag	Germanic/docs/lexeme_reports/model_entries/2124-meed-meorde.model.md:21	Germanic/docs/lexeme_reports/model_entries/2124-meed-meorde.model.md	auto
pgmc	*mízdai	*mízdai	mizdai	selected_input	explicit_tag	Germanic/docs/lexeme_reports/model_entries/2124-meed-meorde.model.md:63	Germanic/docs/lexeme_reports/model_entries/2124-meed-meorde.model.md	auto
pgmc	*mízdai	*mízdai	mizdai	source_protoform	lexical_protoform	meed — OE meorde	manifest	auto
pgmc	*mízdai	*mízdai	mizdai	selected_input	trace_proto_input	meed — OE meorde	compact	auto
pgmc	mizdō	*mizdō	mizdo	source_protoform	explicit_tag	Germanic/docs/lexeme_reports/model_entries/2124-meed-meorde.model.md:21	Germanic/docs/lexeme_reports/model_entries/2124-meed-meorde.model.md	auto
pgmc	*mizdō	*mizdō	mizdo	source_protoform	explicit_tag	Germanic/docs/lexeme_reports/model_entries/2124-meed-meorde.model.md:62	Germanic/docs/lexeme_reports/model_entries/2124-meed-meorde.model.md	auto
pgmc	*mizdō	*mizdō	mizdo	source_protoform	lexical_proto	meed — OE meorde	manifest	auto
pgmc	*mizdōz	*mizdōz	mizdoz	comparison_form	explicit_tag	Germanic/docs/lexeme_reports/model_entries/2124-meed-meorde.model.md:64	Germanic/docs/lexeme_reports/model_entries/2124-meed-meorde.model.md	auto
pgmc	*mōdaz	*mōdaz	modaz	selected_input	trace_proto_input	mood — OE mōd	compact	auto
pgmc	*mōdēr	*mōdēr	moder	source_protoform	lexical_protoform	mother — OE mōder	manifest	auto
pgmc	*mōdēr	*mōdēr	moder	selected_input	trace_proto_input	mother — OE mōder	compact	auto
pgmc	*nablô	*nablô	nablo	source_protoform	explicit_tag	Germanic/docs/lexeme_reports/model_entries/2133-navel-nafola.model.md:60	Germanic/docs/lexeme_reports/model_entries/2133-navel-nafola.model.md	auto
pgmc	*nablô	*nablô	nablo	source_protoform	lexical_proto	navel — OE nafola	manifest	auto
pgmc	*nábō	*nábō	nabo	selected_input	trace_proto_input	nave — OE nafu	compact	auto
pgmc	nábulô	*nábulô	nabulo	selected_input	explicit_tag	Germanic/docs/lexeme_reports/model_entries/2133-navel-nafola.model.md:25	Germanic/docs/lexeme_reports/model_entries/2133-navel-nafola.model.md	auto
pgmc	*nábulô	*nábulô	nabulo	selected_input	explicit_tag	Germanic/docs/lexeme_reports/model_entries/2133-navel-nafola.model.md:61	Germanic/docs/lexeme_reports/model_entries/2133-navel-nafola.model.md	auto
pgmc	*nábulô	*nábulô	nabulo	source_protoform	lexical_protoform	navel — OE nafola	manifest	auto
pgmc	*nábulô	*nábulô	nabulo	selected_input	trace_proto_input	navel — OE nafola	compact	auto
pgmc	*nadra-	*nadra-	nadra	source_protoform	explicit_tag	Germanic/docs/lexeme_reports/model_entries/1933-adder-nǣdre.model.md:21	Germanic/docs/lexeme_reports/model_entries/1933-adder-nǣdre.model.md	auto
pgmc	nadrōn	*nadrōn	nadron	source_protoform	explicit_tag	Germanic/docs/lexeme_reports/model_entries/1933-adder-nǣdre.model.md:24	Germanic/docs/lexeme_reports/model_entries/1933-adder-nǣdre.model.md	auto
pgmc	*náglaz	*náglaz	naglaz	selected_input	trace_proto_input	nail — OE næġl	compact	auto
pgmc	*námô	*námô	namo	selected_input	trace_proto_input	name — OE nama	compact	auto
pgmc	*nasō	*nasō	naso	source_protoform	lexical_proto	nose — OE nosu	manifest	auto
pgmc	*nátilōn	*nátilōn	natilon	selected_input	trace_proto_input	nettle — OE netle	compact	auto
pgmc	*nátją	*nátją	natja	source_protoform	lexical_protoform	net — OE nett	manifest	auto
pgmc	*nátją	*nátją	natja	selected_input	trace_proto_input	net — OE nett	compact	auto
pgmc	*náudiz	*náudiz	naudiz	selected_input	trace_proto_input	need — OE nīed	compact	auto
pgmc	náxti	*náxti	naxti	selected_input	explicit_tag	Germanic/docs/lexeme_reports/model_entries/2140-night-niht.model.md:24	Germanic/docs/lexeme_reports/model_entries/2140-night-niht.model.md	auto
pgmc	*náxti	*náxti	naxti	selected_input	explicit_tag	Germanic/docs/lexeme_reports/model_entries/2140-night-niht.model.md:59	Germanic/docs/lexeme_reports/model_entries/2140-night-niht.model.md	auto
pgmc	*náxti	*náxti	naxti	source_protoform	lexical_protoform	night — OE niht	manifest	auto
pgmc	*náxti	*náxti	naxti	selected_input	trace_proto_input	night — OE niht	compact	auto
pgmc	náxtz	*náxtz	naxtz	source_protoform	explicit_tag	Germanic/docs/lexeme_reports/model_entries/2140-night-niht.model.md:22	Germanic/docs/lexeme_reports/model_entries/2140-night-niht.model.md	auto
pgmc	*náxtz	*náxtz	naxtz	source_protoform	explicit_tag	Germanic/docs/lexeme_reports/model_entries/2140-night-niht.model.md:58	Germanic/docs/lexeme_reports/model_entries/2140-night-niht.model.md	auto
pgmc	*náxtz	*náxtz	naxtz	source_protoform	lexical_proto	night — OE niht	manifest	auto
pgmc	nḗðlō	*nḗðlō	nedlo	selected_input	explicit_tag	Germanic/docs/lexeme_reports/model_entries/2136-needle-nǣdl.model.md:23	Germanic/docs/lexeme_reports/model_entries/2136-needle-nǣdl.model.md	auto
pgmc	*nḗðlō	*nḗðlō	nedlo	selected_input	explicit_tag	Germanic/docs/lexeme_reports/model_entries/2136-needle-nǣdl.model.md:58	Germanic/docs/lexeme_reports/model_entries/2136-needle-nǣdl.model.md	auto
pgmc	*nḗðlō	*nḗðlō	nedlo	source_protoform	lexical_protoform	needle — OE nǣdl	manifest	auto
pgmc	*nḗðlō	*nḗðlō	nedlo	selected_input	trace_proto_input	needle — OE nǣdl	compact	auto
pgmc	nēdrōn	*nēdrōn	nedron	source_protoform	explicit_tag	Germanic/docs/lexeme_reports/model_entries/1933-adder-nǣdre.model.md:24	Germanic/docs/lexeme_reports/model_entries/1933-adder-nǣdre.model.md	auto
pgmc	*nēdrōn-	*nēdrōn-	nedron	source_protoform	explicit_tag	Germanic/docs/lexeme_reports/model_entries/1933-adder-nǣdre.model.md:22	Germanic/docs/lexeme_reports/model_entries/1933-adder-nǣdre.model.md	auto
pgmc	nḗdrōn	*nḗdrōn	nedron	selected_input	explicit_tag	Germanic/docs/lexeme_reports/model_entries/1933-adder-nǣdre.model.md:38	Germanic/docs/lexeme_reports/model_entries/1933-adder-nǣdre.model.md	auto
pgmc	*nḗdrōn	*nḗdrōn	nedron	source_protoform	lexical_protoform	adder — OE nǣdre	manifest	auto
pgmc	*nḗdrōn	*nḗdrōn	nedron	selected_input	trace_proto_input	adder — OE nǣdre	compact	auto
pgmc	nḗθlō	*nḗθlō	nethlo	source_protoform	explicit_tag	Germanic/docs/lexeme_reports/model_entries/2136-needle-nǣdl.model.md:24	Germanic/docs/lexeme_reports/model_entries/2136-needle-nǣdl.model.md	auto
pgmc	*nḗθlō	*nḗθlō	nethlo	source_protoform	explicit_tag	Germanic/docs/lexeme_reports/model_entries/2136-needle-nǣdl.model.md:57	Germanic/docs/lexeme_reports/model_entries/2136-needle-nǣdl.model.md	auto
pgmc	*nḗθlō	*nḗθlō	nethlo	source_protoform	lexical_proto	needle — OE nǣdl	manifest	auto
pgmc	*nígun	*nígun	nigun	selected_input	trace_proto_input	nine — OE nigon	compact	auto
pgmc	*nístą	*nístą	nista	selected_input	trace_proto_input	nest — OE nest	compact	auto
pgmc	*núsō	*núsō	nuso	source_protoform	lexical_protoform	nose — OE nosu	manifest	auto
pgmc	*núsō	*núsō	nuso	selected_input	trace_proto_input	nose — OE nosu	compact	auto
pgmc	*ráipą	*ráipą	raipa	selected_input	trace_proto_input	rope — OE rāp	compact	auto
pgmc	*rastō	*rastō	rasto	source_protoform	explicit_tag	Germanic/docs/lexeme_reports/model_entries/2152-rest-ræste.model.md:59	Germanic/docs/lexeme_reports/model_entries/2152-rest-ræste.model.md	auto
pgmc	*rastō	*rastō	rasto	source_protoform	lexical_proto	rest — OE ræste	manifest	auto
pgmc	*rastō-	*rastō-	rasto	source_protoform	explicit_tag	Germanic/docs/lexeme_reports/model_entries/2152-rest-ræste.model.md:21	Germanic/docs/lexeme_reports/model_entries/2152-rest-ræste.model.md	auto
pgmc	rástōz	*rástōz	rastoz	selected_input	explicit_tag	Germanic/docs/lexeme_reports/model_entries/2152-rest-ræste.model.md:22	Germanic/docs/lexeme_reports/model_entries/2152-rest-ræste.model.md	auto
pgmc	*rástōz	*rástōz	rastoz	selected_input	explicit_tag	Germanic/docs/lexeme_reports/model_entries/2152-rest-ræste.model.md:60	Germanic/docs/lexeme_reports/model_entries/2152-rest-ræste.model.md	auto
pgmc	*rástōz	*rástōz	rastoz	source_protoform	lexical_protoform	rest — OE ræste	manifest	auto
pgmc	*rástōz	*rástōz	rastoz	selected_input	trace_proto_input	rest — OE ræste	compact	auto
pgmc	ráukaz	*ráukaz	raukaz	selected_input	explicit_tag	Germanic/docs/lexeme_reports/model_entries/2151-reek-rēac.model.md:23	Germanic/docs/lexeme_reports/model_entries/2151-reek-rēac.model.md	auto
pgmc	ráukaz	*ráukaz	raukaz	selected_input	explicit_tag	Germanic/docs/lexeme_reports/model_entries/2151-reek-rēac.model.md:40	Germanic/docs/lexeme_reports/model_entries/2151-reek-rēac.model.md	auto
pgmc	*ráukaz	*ráukaz	raukaz	source_protoform	lexical_protoform	reek — OE *rēac	manifest	auto
pgmc	*ráukaz	*ráukaz	raukaz	selected_input	trace_proto_input	reek — OE *rēac	compact	auto
pgmc	*rauki-	*rauki-	rauki	source_protoform	explicit_tag	Germanic/docs/lexeme_reports/model_entries/2151-reek-rēac.model.md:21	Germanic/docs/lexeme_reports/model_entries/2151-reek-rēac.model.md	auto
pgmc	ráukiz	*ráukiz	raukiz	source_protoform	explicit_tag	Germanic/docs/lexeme_reports/model_entries/2151-reek-rēac.model.md:21	Germanic/docs/lexeme_reports/model_entries/2151-reek-rēac.model.md	auto
pgmc	*ráukiz	*ráukiz	raukiz	source_protoform	lexical_proto	reek — OE *rēac	manifest	auto
pgmc	*rḗdaną	*rḗdaną	redana	selected_input	trace_proto_input	read — OE rǣdan	compact	auto
pgmc	*régną	*régną	regna	selected_input	trace_proto_input	rain — OE reġn	compact	auto
pgmc	*régnabùgô	*régnabùgô	regnabugo	selected_input	trace_proto_input	rainbow — OE reġnboga	compact	auto
pgmc	*rḯdaną	*rḯdaną	ridana	selected_input	trace_proto_input	ride — OE rīdan	compact	auto
pgmc	*ríndō	*ríndō	rindo	selected_input	trace_proto_input	rind — OE rind	compact	auto
pgmc	*rínnaną	*rínnaną	rinnana	selected_input	trace_proto_input	run — OE rinnan	compact	auto
pgmc	*rōdō	*rōdō	rodo	selected_input	trace_proto_input	rood — OE rōd	compact	auto
pgmc	*rōθraz	*rōθraz	rothraz	selected_input	trace_proto_input	rudder — OE rōþor	compact	auto
pgmc	*rúgiz	*rúgiz	rugiz	selected_input	trace_proto_input	rye — OE ryġe	compact	auto
pgmc	*rúkkaz	*rúkkaz	rukkaz	source_protoform	lexical_protoform	coat — OE rocc	manifest	auto
pgmc	*rúkkaz	*rúkkaz	rukkaz	selected_input	trace_proto_input	coat — OE rocc	compact	auto
pgmc	*rūmą	*rūmą	ruma	selected_input	trace_proto_input	room — OE rūm	compact	auto
pgmc	*rústō	*rústō	rusto	source_protoform	lexical_protoform	rust — OE rust	manifest	auto
pgmc	*rústō	*rústō	rusto	selected_input	trace_proto_input	rust — OE rust	compact	auto
pgmc	sái	*sái	sai	source_protoform	explicit_tag	Germanic/docs/lexeme_reports/model_entries/2169-sea-sǣ.model.md:25	Germanic/docs/lexeme_reports/model_entries/2169-sea-sǣ.model.md	auto
pgmc	*sái	*sái	sai	source_protoform	explicit_tag	Germanic/docs/lexeme_reports/model_entries/2169-sea-sǣ.model.md:52	Germanic/docs/lexeme_reports/model_entries/2169-sea-sǣ.model.md	auto
pgmc	*sái	*sái	sai	source_protoform	lexical_proto	sea — OE sǣ	manifest	auto
pgmc	*sáiwalō	*sáiwalō	saiwalo	selected_input	trace_proto_input	soul — OE sāwol	compact	auto
pgmc	saiwiz	*saiwiz	saiwiz	selected_input	explicit_tag	Germanic/docs/lexeme_reports/model_entries/2169-sea-sǣ.model.md:23	Germanic/docs/lexeme_reports/model_entries/2169-sea-sǣ.model.md	auto
pgmc	sáiwiz	*sáiwiz	saiwiz	selected_input	explicit_tag	Germanic/docs/lexeme_reports/model_entries/2169-sea-sǣ.model.md:26	Germanic/docs/lexeme_reports/model_entries/2169-sea-sǣ.model.md	auto
pgmc	*sáiwiz	*sáiwiz	saiwiz	selected_input	explicit_tag	Germanic/docs/lexeme_reports/model_entries/2169-sea-sǣ.model.md:53	Germanic/docs/lexeme_reports/model_entries/2169-sea-sǣ.model.md	auto
pgmc	*sáiwiz	*sáiwiz	saiwiz	source_protoform	lexical_protoform	sea — OE sǣ	manifest	auto
pgmc	*sáiwiz	*sáiwiz	saiwiz	selected_input	trace_proto_input	sea — OE sǣ	compact	auto
pgmc	*sákō	*sákō	sako	selected_input	trace_proto_input	sake — OE sacu	compact	auto
pgmc	*sálbō	*sálbō	salbo	selected_input	trace_proto_input	salve — OE sealf	compact	auto
pgmc	*sáltą	*sáltą	salta	selected_input	trace_proto_input	salt — OE sealt	compact	auto
pgmc	*sándijaną	*sándijaną	sandijana	selected_input	trace_proto_input	send — OE sendan	compact	auto
pgmc	*sángijaną	*sángijaną	sangijana	selected_input	trace_proto_input	singe — OE senġan	compact	auto
pgmc	sápą	*sápą	sapa	selected_input	explicit_tag	Germanic/docs/lexeme_reports/model_entries/2168-sap-sæp.model.md:27	Germanic/docs/lexeme_reports/model_entries/2168-sap-sæp.model.md	auto
pgmc	sápą	*sápą	sapa	selected_input	explicit_tag	Germanic/docs/lexeme_reports/model_entries/2168-sap-sæp.model.md:40	Germanic/docs/lexeme_reports/model_entries/2168-sap-sæp.model.md	auto
pgmc	*sápą	*sápą	sapa	selected_input	explicit_tag	Germanic/docs/lexeme_reports/model_entries/2168-sap-sæp.model.md:59	Germanic/docs/lexeme_reports/model_entries/2168-sap-sæp.model.md	auto
pgmc	*sápą	*sápą	sapa	source_protoform	lexical_protoform	sap — OE sæp	manifest	auto
pgmc	*sápą	*sápą	sapa	selected_input	trace_proto_input	sap — OE sæp	compact	auto
pgmc	*sapi-	*sapi-	sapi	comparison_form	explicit_tag	Germanic/docs/lexeme_reports/model_entries/2168-sap-sæp.model.md:46	Germanic/docs/lexeme_reports/model_entries/2168-sap-sæp.model.md	auto
pgmc	*sapiz	*sapiz	sapiz	comparison_form	explicit_tag	Germanic/docs/lexeme_reports/model_entries/2168-sap-sæp.model.md:58	Germanic/docs/lexeme_reports/model_entries/2168-sap-sæp.model.md	auto
pgmc	sapōn	*sapōn	sapon	source_protoform	explicit_tag	Germanic/docs/lexeme_reports/model_entries/2168-sap-sæp.model.md:45	Germanic/docs/lexeme_reports/model_entries/2168-sap-sæp.model.md	auto
pgmc	*sapōn	*sapōn	sapon	source_protoform	explicit_tag	Germanic/docs/lexeme_reports/model_entries/2168-sap-sæp.model.md:57	Germanic/docs/lexeme_reports/model_entries/2168-sap-sæp.model.md	auto
pgmc	*sapōn	*sapōn	sapon	source_protoform	lexical_proto	sap — OE sæp	manifest	auto
pgmc	*sátjaną	*sátjaną	satjana	selected_input	trace_proto_input	set — OE settan	compact	auto
pgmc	*sáumaz	*sáumaz	saumaz	selected_input	trace_proto_input	seam — OE sēam	compact	auto
pgmc	*sébun	*sébun	sebun	selected_input	trace_proto_input	seven — OE seofon	compact	auto
pgmc	*séglą	*séglą	segla	selected_input	trace_proto_input	sail — OE seġl	compact	auto
pgmc	*sétjaną	*sétjaną	setjana	selected_input	trace_proto_input	sit — OE sittan	compact	auto
pgmc	*séxs	*séxs	sexs	selected_input	trace_proto_input	six — OE six	compact	auto
pgmc	sibaz	*sibaz	sibaz	source_protoform	explicit_tag	Germanic/docs/lexeme_reports/model_entries/2189-sieve-sife.model.md:27	Germanic/docs/lexeme_reports/model_entries/2189-sieve-sife.model.md	auto
pgmc	*síbaz	*síbaz	sibaz	source_protoform	explicit_tag	Germanic/docs/lexeme_reports/model_entries/2189-sieve-sife.model.md:54	Germanic/docs/lexeme_reports/model_entries/2189-sieve-sife.model.md	auto
pgmc	*síbaz	*síbaz	sibaz	source_protoform	lexical_proto	sieve — OE sife	manifest	auto
pgmc	síbi	*síbi	sibi	selected_input	explicit_tag	Germanic/docs/lexeme_reports/model_entries/2189-sieve-sife.model.md:24	Germanic/docs/lexeme_reports/model_entries/2189-sieve-sife.model.md	auto
pgmc	síbi	*síbi	sibi	selected_input	explicit_tag	Germanic/docs/lexeme_reports/model_entries/2189-sieve-sife.model.md:41	Germanic/docs/lexeme_reports/model_entries/2189-sieve-sife.model.md	auto
pgmc	síbi	*síbi	sibi	selected_input	explicit_tag	Germanic/docs/lexeme_reports/model_entries/2189-sieve-sife.model.md:44	Germanic/docs/lexeme_reports/model_entries/2189-sieve-sife.model.md	auto
pgmc	*síbi	*síbi	sibi	selected_input	explicit_tag	Germanic/docs/lexeme_reports/model_entries/2189-sieve-sife.model.md:55	Germanic/docs/lexeme_reports/model_entries/2189-sieve-sife.model.md	auto
pgmc	*síbi	*síbi	sibi	source_protoform	lexical_protoform	sieve — OE sife	manifest	auto
pgmc	*síbi	*síbi	sibi	selected_input	trace_proto_input	sieve — OE sife	compact	auto
pgmc	*sib-iz	*sib-iz	sibiz	selected_input	table_semantic_auto	Germanic/docs/lexeme_reports/model_entries/2189-sieve-sife.model.md:55	table_semantic_rule	auto
pgmc	*sibja	*sibja	sibja	comparison_form	explicit_tag	Germanic/docs/lexeme_reports/model_entries/2189-sieve-sife.model.md:53	Germanic/docs/lexeme_reports/model_entries/2189-sieve-sife.model.md	auto
pgmc	*sḯdōn	*sḯdōn	sidon	selected_input	trace_proto_input	side — OE sīde	compact	auto
pgmc	*síngwaną	*síngwaną	singwana	selected_input	trace_proto_input	sing — OE singan	compact	auto
pgmc	*skáftą	*skáftą	skafta	selected_input	trace_proto_input	shaft — OE sċeaft	compact	auto
pgmc	*skáiθiz	*skáiθiz	skaithiz	selected_input	trace_proto_input	sheath — OE sċēaþ	compact	auto
pgmc	*skámō	*skámō	skamo	selected_input	trace_proto_input	shame — OE sċamu	compact	auto
pgmc	skáub	*skáub	skaub	selected_input	explicit_tag	Germanic/docs/lexeme_reports/model_entries/2184-shove-sċēaf.model.md:24	Germanic/docs/lexeme_reports/model_entries/2184-shove-sċēaf.model.md	auto
pgmc	*skáub	*skáub	skaub	selected_input	explicit_tag	Germanic/docs/lexeme_reports/model_entries/2184-shove-sċēaf.model.md:50	Germanic/docs/lexeme_reports/model_entries/2184-shove-sċēaf.model.md	auto
pgmc	*skáub	*skáub	skaub	source_protoform	lexical_protoform	shove — OE sċēaf	manifest	auto
pgmc	*skáub	*skáub	skaub	selected_input	trace_proto_input	shove — OE sċēaf	compact	auto
pgmc	*skáwô	*skáwô	skawo	evidence_form	explicit_tag	Germanic/docs/lexeme_reports/model_entries/2317-show-(iptv.2sg)-sċēawa.model.md:43	Germanic/docs/lexeme_reports/model_entries/2317-show-(iptv.2sg)-sċēawa.model.md	auto
pgmc	*skáwô	*skáwô	skawo	comparison_form	explicit_tag	Germanic/docs/lexeme_reports/model_entries/2318-show-(3sg)-sċēawaþ.model.md:43	Germanic/docs/lexeme_reports/model_entries/2318-show-(3sg)-sċēawaþ.model.md	auto
pgmc	*skáwô	*skáwô	skawo	source_protoform	lexical_protoform	show (iptv.2sg) — OE sċēawa	manifest	auto
pgmc	*skáwô	*skáwô	skawo	selected_input	trace_proto_input	show (iptv.2sg) — OE sċēawa	compact	auto
pgmc	*skawōjan-	*skawōjan-	skawojan	source_protoform	explicit_tag	Germanic/docs/lexeme_reports/model_entries/2186-show-sċēawian.model.md:21	Germanic/docs/lexeme_reports/model_entries/2186-show-sċēawian.model.md	auto
pgmc	skáwōjaną	*skáwōjaną	skawojana	selected_input	explicit_tag	Germanic/docs/lexeme_reports/model_entries/2186-show-sċēawian.model.md:29	Germanic/docs/lexeme_reports/model_entries/2186-show-sċēawian.model.md	auto
pgmc	*skáwōjaną	*skáwōjaną	skawojana	evidence_form	explicit_tag	Germanic/docs/lexeme_reports/model_entries/2317-show-(iptv.2sg)-sċēawa.model.md:42	Germanic/docs/lexeme_reports/model_entries/2317-show-(iptv.2sg)-sċēawa.model.md	auto
pgmc	*skáwōjaną	*skáwōjaną	skawojana	comparison_form	explicit_tag	Germanic/docs/lexeme_reports/model_entries/2318-show-(3sg)-sċēawaþ.model.md:42	Germanic/docs/lexeme_reports/model_entries/2318-show-(3sg)-sċēawaþ.model.md	auto
pgmc	*skáwōjaną	*skáwōjaną	skawojana	source_protoform	lexical_protoform	show — OE sċēawian	manifest	auto
pgmc	*skáwōjaną	*skáwōjaną	skawojana	selected_input	trace_proto_input	show — OE sċēawian	compact	auto
pgmc	skawōjanan	*skawōjanan	skawojanan	source_protoform	explicit_tag	Germanic/docs/lexeme_reports/model_entries/2318-show-(3sg)-sċēawaþ.model.md:22	Germanic/docs/lexeme_reports/model_entries/2318-show-(3sg)-sċēawaþ.model.md	auto
pgmc	*skawōną	*skawōną	skawona	source_protoform	lexical_proto	show (3sg) — OE sċēawaþ	manifest	auto
pgmc	*skawōną	*skawōną	skawona	source_protoform	lexical_proto	show (iptv.2sg) — OE sċēawa	manifest	auto
pgmc	*skáwōθi	*skáwōθi	skawothi	evidence_form	explicit_tag	Germanic/docs/lexeme_reports/model_entries/2317-show-(iptv.2sg)-sċēawa.model.md:44	Germanic/docs/lexeme_reports/model_entries/2317-show-(iptv.2sg)-sċēawa.model.md	auto
pgmc	skáwōθi	*skáwōθi	skawothi	selected_input	explicit_tag	Germanic/docs/lexeme_reports/model_entries/2318-show-(3sg)-sċēawaþ.model.md:22	Germanic/docs/lexeme_reports/model_entries/2318-show-(3sg)-sċēawaþ.model.md	auto
pgmc	skáwōθi	*skáwōθi	skawothi	selected_input	explicit_tag	Germanic/docs/lexeme_reports/model_entries/2318-show-(3sg)-sċēawaþ.model.md:34	Germanic/docs/lexeme_reports/model_entries/2318-show-(3sg)-sċēawaþ.model.md	auto
pgmc	*skáwōθi	*skáwōθi	skawothi	selected_input	explicit_tag	Germanic/docs/lexeme_reports/model_entries/2318-show-(3sg)-sċēawaþ.model.md:44	Germanic/docs/lexeme_reports/model_entries/2318-show-(3sg)-sċēawaþ.model.md	auto
pgmc	*skáwōθi	*skáwōθi	skawothi	source_protoform	lexical_protoform	show (3sg) — OE sċēawaþ	manifest	auto
pgmc	*skáwōθi	*skáwōθi	skawothi	selected_input	trace_proto_input	show (3sg) — OE sċēawaþ	compact	auto
pgmc	*skélduz	*skélduz	skelduz	selected_input	trace_proto_input	shield — OE sċield	compact	auto
pgmc	*skḗpą	*skḗpą	skepa	source_protoform	lexical_protoform	sheep — OE sċēap	manifest	auto
pgmc	*skḗpą	*skḗpą	skepa	selected_input	trace_proto_input	sheep — OE sċēap	compact	auto
pgmc	*skéraną	*skéraną	skerana	selected_input	trace_proto_input	shear — OE sċieran	compact	auto
pgmc	*skéubaną	*skéubaną	skeubana	source_protoform	explicit_tag	Germanic/docs/lexeme_reports/model_entries/2184-shove-sċēaf.model.md:49	Germanic/docs/lexeme_reports/model_entries/2184-shove-sċēaf.model.md	auto
pgmc	*skéubaną	*skéubaną	skeubana	source_protoform	lexical_proto	shove — OE sċēaf	manifest	auto
pgmc	*skíllingaz	*skíllingaz	skillingaz	source_protoform	lexical_protoform	shilling — OE sċilling	manifest	auto
pgmc	*skíllingaz	*skíllingaz	skillingaz	selected_input	trace_proto_input	shilling — OE sċilling	compact	auto
pgmc	*skḯnaną	*skḯnaną	skinana	selected_input	trace_proto_input	shine — OE sċīnan	compact	auto
pgmc	*skúbanaz	*skúbanaz	skubanaz	comparison_form	explicit_tag	Germanic/docs/lexeme_reports/model_entries/2184-shove-sċēaf.model.md:52	Germanic/docs/lexeme_reports/model_entries/2184-shove-sċēaf.model.md	auto
pgmc	*skúbun	*skúbun	skubun	comparison_form	explicit_tag	Germanic/docs/lexeme_reports/model_entries/2184-shove-sċēaf.model.md:51	Germanic/docs/lexeme_reports/model_entries/2184-shove-sċēaf.model.md	auto
pgmc	*skúflō	*skúflō	skuflo	selected_input	trace_proto_input	shovel — OE sċofl	compact	auto
pgmc	*skuldra-	*skuldra-	skuldra	source_protoform	explicit_tag	Germanic/docs/lexeme_reports/model_entries/2183-shoulder-sċuldrum.model.md:21	Germanic/docs/lexeme_reports/model_entries/2183-shoulder-sċuldrum.model.md	auto
pgmc	skúldramiz	*skúldramiz	skuldramiz	evidence_form	explicit_tag	Germanic/docs/assembly/capr_book_intro_alpha_01.md:33	Germanic/docs/assembly/capr_book_intro_alpha_01.md	auto
pgmc	skúldramiz	*skúldramiz	skuldramiz	selected_input	explicit_tag	Germanic/docs/lexeme_reports/model_entries/2183-shoulder-sċuldrum.model.md:25	Germanic/docs/lexeme_reports/model_entries/2183-shoulder-sċuldrum.model.md	auto
pgmc	skúldramiz	*skúldramiz	skuldramiz	selected_input	explicit_tag	Germanic/docs/lexeme_reports/model_entries/2183-shoulder-sċuldrum.model.md:49	Germanic/docs/lexeme_reports/model_entries/2183-shoulder-sċuldrum.model.md	auto
pgmc	*skúldramiz	*skúldramiz	skuldramiz	source_protoform	lexical_protoform	shoulder — OE sċuldrum	manifest	auto
pgmc	*skúldramiz	*skúldramiz	skuldramiz	selected_input	trace_proto_input	shoulder — OE sċuldrum	compact	auto
pgmc	*skuldrjōn-	*skuldrjōn-	skuldrjon	source_protoform	explicit_tag	Germanic/docs/lexeme_reports/model_entries/2183-shoulder-sċuldrum.model.md:21	Germanic/docs/lexeme_reports/model_entries/2183-shoulder-sċuldrum.model.md	auto
pgmc	*skuldrō	*skuldrō	skuldro	source_protoform	lexical_proto	shoulder — OE sċuldrum	manifest	auto
pgmc	*skúldrō	*skúldrō	skuldro	comparison_form	explicit_tag	Germanic/docs/lexeme_reports/model_entries/2183-shoulder-sċuldrum.model.md:47	Germanic/docs/lexeme_reports/model_entries/2183-shoulder-sċuldrum.model.md	auto
pgmc	*skūrō	*skūrō	skuro	selected_input	trace_proto_input	shower — OE sċūr	compact	auto
pgmc	*sláxaną	*sláxaną	slaxana	selected_input	trace_proto_input	slay — OE slēan	compact	auto
pgmc	*slḗpaną	*slḗpaną	slepana	source_protoform	lexical_protoform	sleep — OE slǣpan	manifest	auto
pgmc	*slḗpaną	*slḗpaną	slepana	selected_input	trace_proto_input	sleep — OE slǣpan	compact	auto
pgmc	*slḯmą	*slḯmą	slima	selected_input	trace_proto_input	slime — OE slīm	compact	auto
pgmc	*smérwijaną	*smérwijaną	smerwijana	source_protoform	lexical_protoform	smear — OE smierwan	manifest	auto
pgmc	*smérwijaną	*smérwijaną	smerwijana	selected_input	trace_proto_input	smear — OE smierwan	compact	auto
pgmc	*snáiwaz	*snáiwaz	snaiwaz	selected_input	trace_proto_input	snow — OE snāw	compact	auto
pgmc	*sōkijaną	*sōkijaną	sokijana	selected_input	trace_proto_input	seek — OE sēċan	compact	auto
pgmc	spánnai	*spánnai	spannai	selected_input	explicit_tag	Germanic/docs/lexeme_reports/model_entries/2203-span-spanne.model.md:22	Germanic/docs/lexeme_reports/model_entries/2203-span-spanne.model.md	auto
pgmc	spánnai	*spánnai	spannai	selected_input	explicit_tag	Germanic/docs/lexeme_reports/model_entries/2203-span-spanne.model.md:35	Germanic/docs/lexeme_reports/model_entries/2203-span-spanne.model.md	auto
pgmc	*spánnai	*spánnai	spannai	selected_input	explicit_tag	Germanic/docs/lexeme_reports/model_entries/2203-span-spanne.model.md:47	Germanic/docs/lexeme_reports/model_entries/2203-span-spanne.model.md	auto
pgmc	*spánnai	*spánnai	spannai	source_protoform	lexical_protoform	span — OE spanne	manifest	auto
pgmc	*spánnai	*spánnai	spannai	selected_input	trace_proto_input	span — OE spanne	compact	auto
pgmc	*spánnaną	*spánnaną	spannana	source_protoform	lexical_protoform	span — OE spannan	manifest	auto
pgmc	*spánnaną	*spánnaną	spannana	selected_input	trace_proto_input	span — OE spannan	compact	auto
pgmc	spannō	*spannō	spanno	source_protoform	explicit_tag	Germanic/docs/lexeme_reports/model_entries/2203-span-spanne.model.md:35	Germanic/docs/lexeme_reports/model_entries/2203-span-spanne.model.md	auto
pgmc	spannō	*spannō	spanno	source_protoform	explicit_tag	Germanic/docs/lexeme_reports/model_entries/2203-span-spanne.model.md:37	Germanic/docs/lexeme_reports/model_entries/2203-span-spanne.model.md	auto
pgmc	*spannō	*spannō	spanno	source_protoform	explicit_tag	Germanic/docs/lexeme_reports/model_entries/2203-span-spanne.model.md:46	Germanic/docs/lexeme_reports/model_entries/2203-span-spanne.model.md	auto
pgmc	*spannō	*spannō	spanno	source_protoform	lexical_proto	span — OE spanne	manifest	auto
pgmc	*sparēn-	*sparēn-	sparen	evidence_form	explicit_tag	Germanic/docs/lexeme_reports/model_entries/2205-spare-sparian.model.md:21	Germanic/docs/lexeme_reports/model_entries/2205-spare-sparian.model.md	auto
pgmc	sparēną	*sparēną	sparena	evidence_form	explicit_tag	Germanic/docs/lexeme_reports/model_entries/2205-spare-sparian.model.md:27	Germanic/docs/lexeme_reports/model_entries/2205-spare-sparian.model.md	auto
pgmc	*sparēną	*sparēną	sparena	source_protoform	lexical_proto	spare — OE sparian	manifest	auto
pgmc	*spárēną	*spárēną	sparena	evidence_form	explicit_tag	Germanic/docs/lexeme_reports/model_entries/2205-spare-sparian.model.md:56	Germanic/docs/lexeme_reports/model_entries/2205-spare-sparian.model.md	auto
pgmc	sparēnan	*sparēnan	sparenan	evidence_form	explicit_tag	Germanic/docs/lexeme_reports/model_entries/2205-spare-sparian.model.md:22	Germanic/docs/lexeme_reports/model_entries/2205-spare-sparian.model.md	auto
pgmc	spárōjaną	*spárōjaną	sparojana	evidence_form	explicit_tag	Germanic/docs/lexeme_reports/model_entries/2205-spare-sparian.model.md:25	Germanic/docs/lexeme_reports/model_entries/2205-spare-sparian.model.md	auto
pgmc	spárōjaną	*spárōjaną	sparojana	evidence_form	explicit_tag	Germanic/docs/lexeme_reports/model_entries/2205-spare-sparian.model.md:42	Germanic/docs/lexeme_reports/model_entries/2205-spare-sparian.model.md	auto
pgmc	*spárōjaną	*spárōjaną	sparojana	evidence_form	explicit_tag	Germanic/docs/lexeme_reports/model_entries/2205-spare-sparian.model.md:59	Germanic/docs/lexeme_reports/model_entries/2205-spare-sparian.model.md	auto
pgmc	*spárōjaną	*spárōjaną	sparojana	source_protoform	lexical_protoform	spare — OE sparian	manifest	auto
pgmc	*spárōjaną	*spárōjaną	sparojana	selected_input	trace_proto_input	spare — OE sparian	compact	auto
pgmc	*spárrô	*spárrô	sparro	source_protoform	lexical_protoform	spar — OE spearra	manifest	auto
pgmc	*spárrô	*spárrô	sparro	selected_input	trace_proto_input	spar — OE spearra	compact	auto
pgmc	*spénnilō	*spénnilō	spennilo	selected_input	trace_proto_input	spindle — OE spinl	compact	auto
pgmc	*spḗnuz	*spḗnuz	spenuz	selected_input	trace_proto_input	spoon — OE spōn	compact	auto
pgmc	*spéru	*spéru	speru	selected_input	trace_proto_input	spear — OE speoru	compact	auto
pgmc	*spínnaną	*spínnaną	spinnana	selected_input	trace_proto_input	spin — OE spinnan	compact	auto
pgmc	*spráidijaną	*spráidijaną	spraidijana	selected_input	trace_proto_input	spread — OE sprǣdan	compact	auto
pgmc	*spúrô	*spúrô	spuro	selected_input	trace_proto_input	spur — OE spora	compact	auto
pgmc	stábaz	*stábaz	stabaz	selected_input	explicit_tag	Germanic/docs/lexeme_reports/model_entries/2212-staff-stæf.model.md:23	Germanic/docs/lexeme_reports/model_entries/2212-staff-stæf.model.md	auto
pgmc	*stábaz	*stábaz	stabaz	selected_input	explicit_tag	Germanic/docs/lexeme_reports/model_entries/2212-staff-stæf.model.md:53	Germanic/docs/lexeme_reports/model_entries/2212-staff-stæf.model.md	auto
pgmc	*stábaz	*stábaz	stabaz	source_protoform	lexical_protoform	staff — OE stæf	manifest	auto
pgmc	*stábaz	*stábaz	stabaz	selected_input	trace_proto_input	staff — OE stæf	compact	auto
pgmc	stábiz	*stábiz	stabiz	source_protoform	explicit_tag	Germanic/docs/lexeme_reports/model_entries/2212-staff-stæf.model.md:22	Germanic/docs/lexeme_reports/model_entries/2212-staff-stæf.model.md	auto
pgmc	*stábiz	*stábiz	stabiz	source_protoform	explicit_tag	Germanic/docs/lexeme_reports/model_entries/2212-staff-stæf.model.md:51	Germanic/docs/lexeme_reports/model_entries/2212-staff-stæf.model.md	auto
pgmc	*stábiz	*stábiz	stabiz	source_protoform	lexical_proto	staff — OE stæf	manifest	auto
pgmc	*stáinaz	*stáinaz	stainaz	selected_input	trace_proto_input	stone — OE stān	compact	auto
pgmc	*stámnaz	*stámnaz	stamnaz	source_protoform	lexical_protoform	stem — OE stefn	manifest	auto
pgmc	stámnaz	stámnaz	stamnaz	source_protoform	explicit_tag	Germanic/docs/lexeme_reports/model_entries/2216-stem-stefn.model.md:21	Germanic/docs/lexeme_reports/model_entries/2216-stem-stefn.model.md	auto
pgmc	stámnaz	stámnaz	stamnaz	source_protoform	explicit_tag	Germanic/docs/lexeme_reports/model_entries/2216-stem-stefn.model.md:58	Germanic/docs/lexeme_reports/model_entries/2216-stem-stefn.model.md	auto
pgmc	stámnaz	stámnaz	stamnaz	source_protoform	explicit_tag	Germanic/docs/lexeme_reports/model_entries/2216-stem-stefn.model.md:82	Germanic/docs/lexeme_reports/model_entries/2216-stem-stefn.model.md	auto
pgmc	stámnaz	stámnaz	stamnaz	source_protoform	explicit_tag	Germanic/docs/lexeme_reports/model_entries/2216-stem-stefn.model.md:90	Germanic/docs/lexeme_reports/model_entries/2216-stem-stefn.model.md	auto
pgmc	*stélaną	*stélaną	stelana	selected_input	trace_proto_input	steal — OE stelan	compact	auto
pgmc	*stéllijaną	*stéllijaną	stellijana	source_protoform	lexical_protoform	still — OE stillan	manifest	auto
pgmc	*stéllijaną	*stéllijaną	stellijana	selected_input	trace_proto_input	still — OE stillan	compact	auto
pgmc	*stérbaną	*stérbaną	sterbana	selected_input	trace_proto_input	starve — OE steorfan	compact	auto
pgmc	*stōdą	*stōdą	stoda	selected_input	trace_proto_input	stud — OE stōd	compact	auto
pgmc	*stōlaz	*stōlaz	stolaz	selected_input	trace_proto_input	stool — OE stōl	compact	auto
pgmc	*strákkijaną	*strákkijaną	strakkijana	selected_input	trace_proto_input	stretch — OE streċċan	compact	auto
pgmc	*strángiz	*strángiz	strangiz	selected_input	trace_proto_input	string — OE strenġ	compact	auto
pgmc	*straujan-	*straujan-	straujan	source_protoform	explicit_tag	Germanic/docs/lexeme_reports/model_entries/2227-strew-strīeġan.model.md:22	Germanic/docs/lexeme_reports/model_entries/2227-strew-strīeġan.model.md	auto
pgmc	*stráumaz	*stráumaz	straumaz	selected_input	trace_proto_input	stream — OE strēam	compact	auto
pgmc	*stráwą	*stráwą	strawa	selected_input	trace_proto_input	straw — OE strēaw	compact	auto
pgmc	*stráwjaną	*stráwjaną	strawjana	source_protoform	lexical_protoform	strew — OE *strīeġan	manifest	auto
pgmc	*stráwjaną	*stráwjaną	strawjana	selected_input	trace_proto_input	strew — OE *strīeġan	compact	auto
pgmc	*stúkkaz	*stúkkaz	stukkaz	selected_input	trace_proto_input	stock — OE stocc	compact	auto
pgmc	*stúrkaz	*stúrkaz	sturkaz	selected_input	trace_proto_input	stork — OE storc	compact	auto
pgmc	*stúrmaz	*stúrmaz	sturmaz	selected_input	trace_proto_input	storm — OE storm	compact	auto
pgmc	*stúrtijaną	*stúrtijaną	sturtijana	selected_input	trace_proto_input	start — OE styrtan	compact	auto
pgmc	*súmaraz	*súmaraz	sumaraz	source_protoform	lexical_protoform	summer — OE sumer	manifest	auto
pgmc	*súmaraz	*súmaraz	sumaraz	selected_input	trace_proto_input	summer — OE sumer	compact	auto
pgmc	*súndrōjaną	*súndrōjaną	sundrojana	source_protoform	lexical_protoform	sunder — OE sundrian	manifest	auto
pgmc	*súndrōjaną	*súndrōjaną	sundrojana	selected_input	trace_proto_input	sunder — OE sundrian	compact	auto
pgmc	*súnnōn	*súnnōn	sunnon	selected_input	trace_proto_input	sun — OE sunne	compact	auto
pgmc	*sūpaną	*sūpaną	supana	selected_input	trace_proto_input	sup — OE sūpan	compact	auto
pgmc	*súrgō	*súrgō	surgo	selected_input	trace_proto_input	sorrow — OE sorg	compact	auto
pgmc	*swálwōn	*swálwōn	swalwon	source_protoform	lexical_protoform	swallow — OE swealwe	manifest	auto
pgmc	*swálwōn	*swálwōn	swalwon	selected_input	trace_proto_input	swallow — OE swealwe	compact	auto
pgmc	swánas	*swánas	swanas	selected_input	explicit_tag	Germanic/docs/lexeme_reports/model_entries/2235-swan-swanes.model.md:23	Germanic/docs/lexeme_reports/model_entries/2235-swan-swanes.model.md	auto
pgmc	swánas	*swánas	swanas	selected_input	explicit_tag	Germanic/docs/lexeme_reports/model_entries/2235-swan-swanes.model.md:27	Germanic/docs/lexeme_reports/model_entries/2235-swan-swanes.model.md	auto
pgmc	*swánas	*swánas	swanas	selected_input	explicit_tag	Germanic/docs/lexeme_reports/model_entries/2235-swan-swanes.model.md:53	Germanic/docs/lexeme_reports/model_entries/2235-swan-swanes.model.md	auto
pgmc	*swánas	*swánas	swanas	source_protoform	lexical_protoform	swan — OE swanes	manifest	auto
pgmc	*swánas	*swánas	swanas	selected_input	trace_proto_input	swan — OE swanes	compact	auto
pgmc	swánaz	*swánaz	swanaz	source_protoform	explicit_tag	Germanic/docs/lexeme_reports/model_entries/2235-swan-swanes.model.md:21	Germanic/docs/lexeme_reports/model_entries/2235-swan-swanes.model.md	auto
pgmc	swánaz	*swánaz	swanaz	source_protoform	explicit_tag	Germanic/docs/lexeme_reports/model_entries/2235-swan-swanes.model.md:26	Germanic/docs/lexeme_reports/model_entries/2235-swan-swanes.model.md	auto
pgmc	*swánaz	*swánaz	swanaz	source_protoform	explicit_tag	Germanic/docs/lexeme_reports/model_entries/2235-swan-swanes.model.md:52	Germanic/docs/lexeme_reports/model_entries/2235-swan-swanes.model.md	auto
pgmc	*swánaz	*swánaz	swanaz	source_protoform	lexical_proto	swan — OE swanes	manifest	auto
pgmc	*swéllaną	*swéllaną	swellana	selected_input	trace_proto_input	swell — OE swellan	compact	auto
pgmc	*swérdą	*swérdą	swerda	selected_input	trace_proto_input	sword — OE sweord	compact	auto
pgmc	*swéstēr	*swéstēr	swester	selected_input	trace_proto_input	sister — OE swester	compact	auto
pgmc	*swímmaną	*swímmaną	swimmana	selected_input	trace_proto_input	swim — OE swimman	compact	auto
pgmc	*swī́ną	*swī́ną	swina	source_protoform	lexical_proto	swine — OE swīn	manifest	auto
pgmc	*swḯną	*swḯną	swina	source_protoform	lexical_protoform	swine — OE swīn	manifest	auto
pgmc	*swḯną	*swḯną	swina	selected_input	trace_proto_input	swine — OE swīn	compact	auto
pgmc	*táikną	*táikną	taikna	source_protoform	lexical_protoform	token — OE tācn	manifest	auto
pgmc	*táikną	*táikną	taikna	selected_input	trace_proto_input	token — OE tācn	compact	auto
pgmc	*táixōn	*táixōn	taixon	selected_input	trace_proto_input	toe — OE tā	compact	auto
pgmc	*tángō	*tángō	tango	selected_input	trace_proto_input	tongs — OE tang	compact	auto
pgmc	*táppjaną	*táppjaną	tappjana	comparison_form	explicit_tag	Germanic/docs/lexeme_reports/model_entries/2240-tap-tæppa.model.md:48	Germanic/docs/lexeme_reports/model_entries/2240-tap-tæppa.model.md	auto
pgmc	táppô	*táppô	tappo	selected_input	explicit_tag	Germanic/docs/lexeme_reports/model_entries/2240-tap-tæppa.model.md:22	Germanic/docs/lexeme_reports/model_entries/2240-tap-tæppa.model.md	auto
pgmc	táppô	*táppô	tappo	selected_input	explicit_tag	Germanic/docs/lexeme_reports/model_entries/2240-tap-tæppa.model.md:35	Germanic/docs/lexeme_reports/model_entries/2240-tap-tæppa.model.md	auto
pgmc	*táppô	*táppô	tappo	selected_input	explicit_tag	Germanic/docs/lexeme_reports/model_entries/2240-tap-tæppa.model.md:46	Germanic/docs/lexeme_reports/model_entries/2240-tap-tæppa.model.md	auto
pgmc	*táppô	*táppô	tappo	source_protoform	lexical_protoform	tap — OE tæppa	manifest	auto
pgmc	*táppô	*táppô	tappo	selected_input	trace_proto_input	tap — OE tæppa	compact	auto
pgmc	*táugmaz	*táugmaz	taugmaz	selected_input	trace_proto_input	team — OE tēam	compact	auto
pgmc	*téxun	*téxun	texun	source_protoform	lexical_protoform	ten — OE tēon	manifest	auto
pgmc	*téxun	*téxun	texun	selected_input	trace_proto_input	ten — OE tēon	compact	auto
pgmc	*θáką	*θáką	thaka	selected_input	trace_proto_input	thatch — OE þæc	compact	auto
pgmc	*θánkaz	*θánkaz	thankaz	selected_input	trace_proto_input	thanks — OE þanc	compact	auto
pgmc	*θánkijaną	*θánkijaną	thankijana	source_protoform	lexical_protoform	think — OE þenċan	manifest	auto
pgmc	*θánkijaną	*θánkijaną	thankijana	selected_input	trace_proto_input	think — OE þenċan	compact	auto
pgmc	*θégnaz	*θégnaz	thegnaz	selected_input	trace_proto_input	thane — OE þeġn	compact	auto
pgmc	θéstilaz	*θéstilaz	thestilaz	source_protoform	explicit_tag	Germanic/docs/lexeme_reports/model_entries/2250-thistle-þistles.model.md:22	Germanic/docs/lexeme_reports/model_entries/2250-thistle-þistles.model.md	auto
pgmc	*θéstilaz	*θéstilaz	thestilaz	source_protoform	explicit_tag	Germanic/docs/lexeme_reports/model_entries/2250-thistle-þistles.model.md:50	Germanic/docs/lexeme_reports/model_entries/2250-thistle-þistles.model.md	auto
pgmc	*θéstilaz	*θéstilaz	thestilaz	source_protoform	lexical_proto	thistle — OE þistles	manifest	auto
pgmc	*θéubaz	*θéubaz	theubaz	selected_input	trace_proto_input	thief — OE þēof	compact	auto
pgmc	*θíngą	*θíngą	thinga	selected_input	trace_proto_input	thing — OE þing	compact	auto
pgmc	θístilas	*θístilas	thistilas	selected_input	explicit_tag	Germanic/docs/lexeme_reports/model_entries/2250-thistle-þistles.model.md:23	Germanic/docs/lexeme_reports/model_entries/2250-thistle-þistles.model.md	auto
pgmc	θístilas	*θístilas	thistilas	selected_input	explicit_tag	Germanic/docs/lexeme_reports/model_entries/2250-thistle-þistles.model.md:38	Germanic/docs/lexeme_reports/model_entries/2250-thistle-þistles.model.md	auto
pgmc	*θístilas	*θístilas	thistilas	selected_input	explicit_tag	Germanic/docs/lexeme_reports/model_entries/2250-thistle-þistles.model.md:51	Germanic/docs/lexeme_reports/model_entries/2250-thistle-þistles.model.md	auto
pgmc	*θístilas	*θístilas	thistilas	source_protoform	lexical_protoform	thistle — OE þistles	manifest	auto
pgmc	*θístilas	*θístilas	thistilas	selected_input	trace_proto_input	thistle — OE þistles	compact	auto
pgmc	θréjez	*θréjez	threjez	selected_input	explicit_tag	Germanic/docs/lexeme_reports/model_entries/2254-three-þrīe.model.md:23	Germanic/docs/lexeme_reports/model_entries/2254-three-þrīe.model.md	auto
pgmc	*θréjez	*θréjez	threjez	source_protoform	lexical_protoform	three — OE þrīe	manifest	auto
pgmc	*θréjez	*θréjez	threjez	selected_input	trace_proto_input	three — OE þrīe	compact	auto
pgmc	*θréskaną	*θréskaną	threskana	selected_input	trace_proto_input	thrash — OE þresċan	compact	auto
pgmc	*θúnraz	*θúnraz	thunraz	selected_input	trace_proto_input	thunder — OE þunor	compact	auto
pgmc	*θúrnaz	*θúrnaz	thurnaz	source_protoform	lexical_protoform	thorn — OE þorn	manifest	auto
pgmc	*θúrnaz	*θúrnaz	thurnaz	selected_input	trace_proto_input	thorn — OE þorn	compact	auto
pgmc	*θúrstuz	*θúrstuz	thurstuz	selected_input	trace_proto_input	thirst — OE þurst	compact	auto
pgmc	θūs-èndi	*θūs-èndi	thusendi	selected_input	explicit_tag	Germanic/docs/lexeme_reports/model_entries/2252-thousand-þūsend.model.md:23	Germanic/docs/lexeme_reports/model_entries/2252-thousand-þūsend.model.md	auto
pgmc	θūs-èndi	*θūs-èndi	thusendi	selected_input	explicit_tag	Germanic/docs/lexeme_reports/model_entries/2252-thousand-þūsend.model.md:56	Germanic/docs/lexeme_reports/model_entries/2252-thousand-þūsend.model.md	auto
pgmc	*θūs-èndi	*θūs-èndi	thusendi	selected_input	explicit_tag	Germanic/docs/lexeme_reports/model_entries/2252-thousand-þūsend.model.md:68	Germanic/docs/lexeme_reports/model_entries/2252-thousand-þūsend.model.md	auto
pgmc	*θūs-èndi	*θūs-èndi	thusendi	source_protoform	lexical_protoform	thousand — OE þūsend	manifest	auto
pgmc	*θūsèndi	*θūsèndi	thusendi	selected_input	trace_proto_input	thousand — OE þūsend	compact	auto
pgmc	*þūsundī-	*þūsundī-	thusundi	source_protoform	explicit_tag	Germanic/docs/lexeme_reports/model_entries/2252-thousand-þūsend.model.md:21	Germanic/docs/lexeme_reports/model_entries/2252-thousand-þūsend.model.md	auto
pgmc	*þūsundī-	*þūsundī-	thusundi	source_protoform	explicit_tag	Germanic/docs/lexeme_reports/model_entries/2252-thousand-þūsend.model.md:66	Germanic/docs/lexeme_reports/model_entries/2252-thousand-þūsend.model.md	auto
pgmc	*θūs-undī	*θūs-undī	thusundi	source_protoform	lexical_proto	thousand — OE þūsend	manifest	auto
pgmc	*tī́diz	*tī́diz	tidiz	source_protoform	lexical_proto	tide — OE tīd	manifest	auto
pgmc	*tḯdiz	*tḯdiz	tidiz	source_protoform	lexical_protoform	tide — OE tīd	manifest	auto
pgmc	*tḯdiz	*tḯdiz	tidiz	selected_input	trace_proto_input	tide — OE tīd	compact	auto
pgmc	*tíkkô	*tíkkô	tikko	selected_input	trace_proto_input	tick — OE ticca	compact	auto
pgmc	*timbra-	*timbra-	timbra	source_protoform	explicit_tag	Germanic/docs/lexeme_reports/model_entries/2258-timber-timber.model.md:21	Germanic/docs/lexeme_reports/model_entries/2258-timber-timber.model.md	auto
pgmc	*timbra-	*timbra-	timbra	source_protoform	explicit_tag	Germanic/docs/lexeme_reports/model_entries/2258-timber-timber.model.md:47	Germanic/docs/lexeme_reports/model_entries/2258-timber-timber.model.md	auto
pgmc	*tímbrą	*tímbrą	timbra	selected_input	explicit_tag	Germanic/docs/lexeme_reports/model_entries/2258-timber-timber.model.md:49	Germanic/docs/lexeme_reports/model_entries/2258-timber-timber.model.md	auto
pgmc	*tímbrą	*tímbrą	timbra	source_protoform	lexical_protoform	timber — OE timber	manifest	auto
pgmc	*tímbrą	*tímbrą	timbra	selected_input	trace_proto_input	timber — OE timber	compact	auto
pgmc	*timra	*timra	timra	source_protoform	explicit_tag	Germanic/docs/lexeme_reports/model_entries/2258-timber-timber.model.md:48	Germanic/docs/lexeme_reports/model_entries/2258-timber-timber.model.md	auto
pgmc	*tímrą	*tímrą	timra	source_protoform	lexical_proto	timber — OE timber	manifest	auto
pgmc	*trédaną	*trédaną	tredana	selected_input	trace_proto_input	tread — OE tredan	compact	auto
pgmc	*trúgą	*trúgą	truga	selected_input	trace_proto_input	trough — OE trog	compact	auto
pgmc	*tūną	*tūną	tuna	source_protoform	lexical_protoform	town — OE tūn	manifest	auto
pgmc	*tūną	*tūną	tuna	selected_input	trace_proto_input	town — OE tūn	compact	auto
pgmc	*túngōn	*túngōn	tungon	selected_input	trace_proto_input	tongue — OE tunge	compact	auto
pgmc	*úfnaz	*úfnaz	ufnaz	selected_input	trace_proto_input	oven — OE ofn	compact	auto
pgmc	*úxsô	*úxsô	uxso	selected_input	trace_proto_input	ox — OE oxa	compact	auto
pgmc	wábsaz	*wábsaz	wabsaz	selected_input	explicit_tag	Germanic/docs/lexeme_reports/model_entries/2273-wasp-wæfs.model.md:21	Germanic/docs/lexeme_reports/model_entries/2273-wasp-wæfs.model.md	auto
pgmc	wábsaz	*wábsaz	wabsaz	selected_input	explicit_tag	Germanic/docs/lexeme_reports/model_entries/2273-wasp-wæfs.model.md:46	Germanic/docs/lexeme_reports/model_entries/2273-wasp-wæfs.model.md	auto
pgmc	*wábsaz	*wábsaz	wabsaz	source_protoform	lexical_protoform	wasp — OE wæfs	manifest	auto
pgmc	*wábsaz	*wábsaz	wabsaz	selected_input	trace_proto_input	wasp — OE wæfs	compact	auto
pgmc	*wádaną	*wádaną	wadana	source_protoform	lexical_protoform	wade — OE wadan	manifest	auto
pgmc	*wádaną	*wádaną	wadana	selected_input	trace_proto_input	wade — OE wadan	compact	auto
pgmc	*wágnaz	*wágnaz	wagnaz	selected_input	trace_proto_input	wain — OE wæġn	compact	auto
pgmc	*wainōjaną	*wainōjaną	wainojana	source_protoform	explicit_tag	Germanic/docs/lexeme_reports/model_entries/2286-whine-hwīnan.model.md:63	Germanic/docs/lexeme_reports/model_entries/2286-whine-hwīnan.model.md	auto
pgmc	*wainōjaną	*wainōjaną	wainojana	source_protoform	lexical_proto	whine — OE hwīnan	manifest	auto
pgmc	wainōjanan	*wainōjanan	wainojanan	source_protoform	explicit_tag	Germanic/docs/lexeme_reports/model_entries/2286-whine-hwīnan.model.md:24	Germanic/docs/lexeme_reports/model_entries/2286-whine-hwīnan.model.md	auto
pgmc	*wáiθiz	*wáiθiz	waithiz	source_protoform	explicit_tag	Germanic/docs/lexeme_reports/model_entries/2296-withy-wīþiġ.model.md:64	Germanic/docs/lexeme_reports/model_entries/2296-withy-wīþiġ.model.md	auto
pgmc	*wáiθiz	*wáiθiz	waithiz	source_protoform	lexical_proto	withy — OE wīþiġ	manifest	auto
pgmc	wákaną	*wákaną	wakana	selected_input	explicit_tag	Germanic/docs/lexeme_reports/model_entries/2268-wake-wacan.model.md:42	Germanic/docs/lexeme_reports/model_entries/2268-wake-wacan.model.md	auto
pgmc	*wákaną	*wákaną	wakana	selected_input	explicit_tag	Germanic/docs/lexeme_reports/model_entries/2268-wake-wacan.model.md:54	Germanic/docs/lexeme_reports/model_entries/2268-wake-wacan.model.md	auto
pgmc	*wákaną	*wákaną	wakana	source_protoform	lexical_protoform	wake — OE wacan	manifest	auto
pgmc	*wákaną	*wákaną	wakana	selected_input	trace_proto_input	wake — OE wacan	compact	auto
pgmc	*wakēną	*wakēną	wakena	comparison_form	explicit_tag	Germanic/docs/lexeme_reports/model_entries/2268-wake-wacan.model.md:53	Germanic/docs/lexeme_reports/model_entries/2268-wake-wacan.model.md	auto
pgmc	*wakēną	*wakēną	wakena	source_protoform	lexical_proto	wake — OE wacan	manifest	auto
pgmc	*wálaz	*wálaz	walaz	source_protoform	lexical_proto	whale — OE hwæl	manifest	auto
pgmc	*wáldaną	*wáldaną	waldana	selected_input	trace_proto_input	wield — OE wealdan	compact	auto
pgmc	*wálθuz	*wálθuz	walthuz	source_protoform	lexical_protoform	wold — OE weald	manifest	auto
pgmc	*wálθuz	*wálθuz	walthuz	selected_input	trace_proto_input	wold — OE weald	compact	auto
pgmc	*wárpą	*wárpą	warpa	selected_input	trace_proto_input	warp — OE wearp	compact	auto
pgmc	*wártōn	*wártōn	warton	selected_input	trace_proto_input	wart — OE wearte	compact	auto
pgmc	*wáskaną	*wáskaną	waskana	source_protoform	lexical_protoform	wash — OE wascan	manifest	auto
pgmc	*wáskaną	*wáskaną	waskana	selected_input	trace_proto_input	wash — OE wascan	compact	auto
pgmc	*wátną	*wátną	watna	source_protoform	explicit_tag	Germanic/docs/lexeme_reports/model_entries/2274-water-wæter.model.md:53	Germanic/docs/lexeme_reports/model_entries/2274-water-wæter.model.md	auto
pgmc	*wátną	*wátną	watna	source_protoform	lexical_proto	water — OE wæter	manifest	auto
pgmc	wátōr	*wátōr	wator	selected_input	explicit_tag	Germanic/docs/lexeme_reports/model_entries/2274-water-wæter.model.md:28	Germanic/docs/lexeme_reports/model_entries/2274-water-wæter.model.md	auto
pgmc	*wátōr	*wátōr	wator	selected_input	explicit_tag	Germanic/docs/lexeme_reports/model_entries/2274-water-wæter.model.md:55	Germanic/docs/lexeme_reports/model_entries/2274-water-wæter.model.md	auto
pgmc	*wátōr	*wátōr	wator	source_protoform	lexical_protoform	water — OE wæter	manifest	auto
pgmc	*wátōr	*wátōr	wator	selected_input	trace_proto_input	water — OE wæter	compact	auto
pgmc	*wáxsą	*wáxsą	waxsa	selected_input	trace_proto_input	wax — OE weax	compact	auto
pgmc	*wáxsaną	*wáxsaną	waxsana	source_protoform	lexical_protoform	wax — OE weaxan	manifest	auto
pgmc	*wáxsaną	*wáxsaną	waxsana	selected_input	trace_proto_input	wax — OE weaxan	compact	auto
pgmc	*wébaną	*wébaną	webana	selected_input	trace_proto_input	weave — OE wefan	compact	auto
pgmc	*wédrą	*wédrą	wedra	selected_input	trace_proto_input	weather — OE weder	compact	auto
pgmc	*wégaz	*wégaz	wegaz	source_protoform	lexical_protoform	way — OE weġ	manifest	auto
pgmc	*wégaz	*wégaz	wegaz	selected_input	trace_proto_input	way — OE weġ	compact	auto
pgmc	*wéljaną	*wéljaną	weljana	selected_input	trace_proto_input	will — OE willan	compact	auto
pgmc	*wéljô	*wéljô	weljo	source_protoform	lexical_protoform	will — OE willa	manifest	auto
pgmc	*wéljô	*wéljô	weljo	selected_input	trace_proto_input	will — OE willa	compact	auto
pgmc	*wḗpną	*wḗpną	wepna	source_protoform	lexical_protoform	weapon — OE wǣpn	manifest	auto
pgmc	*wḗpną	*wḗpną	wepna	selected_input	trace_proto_input	weapon — OE wǣpn	compact	auto
pgmc	*wérpaną	*wérpaną	werpana	source_protoform	lexical_protoform	warp — OE weorpan	manifest	auto
pgmc	*wérpaną	*wérpaną	werpana	selected_input	trace_proto_input	warp — OE weorpan	compact	auto
pgmc	*wéslōn	*wéslōn	weslon	selected_input	trace_proto_input	weasel — OE wesle	compact	auto
pgmc	*wéstanē	*wéstanē	westane	selected_input	trace_proto_input	west — OE westene	compact	auto
pgmc	*wéxtiz	*wéxtiz	wextiz	selected_input	trace_proto_input	wight — OE wiht	compact	auto
pgmc	*wḯbą	*wḯbą	wiba	selected_input	trace_proto_input	wife — OE wīf	compact	auto
pgmc	*wíduwōn	*wíduwōn	widuwon	selected_input	trace_proto_input	widow — OE wuduwe	compact	auto
pgmc	*wíndaną	*wíndaną	windana	source_protoform	lexical_protoform	wind — OE windan	manifest	auto
pgmc	*wíndaną	*wíndaną	windana	selected_input	trace_proto_input	wind — OE windan	compact	auto
pgmc	*wíntruz	*wíntruz	wintruz	selected_input	trace_proto_input	winter — OE winter	compact	auto
pgmc	*wíra-àldiz	*wíra-àldiz	wiraaldiz	source_protoform	explicit_tag	Germanic/docs/lexeme_reports/model_entries/2302-world-weorold.model.md:67	Germanic/docs/lexeme_reports/model_entries/2302-world-weorold.model.md	auto
pgmc	*wíra-àldiz	*wíra-àldiz	wiraaldiz	source_protoform	lexical_proto	world — OE weorold	manifest	auto
pgmc	wír-àldu	*wír-àldu	wiraldu	selected_input	explicit_tag	Germanic/docs/lexeme_reports/model_entries/2302-world-weorold.model.md:28	Germanic/docs/lexeme_reports/model_entries/2302-world-weorold.model.md	auto
pgmc	*wír-àldu	*wír-àldu	wiraldu	selected_input	explicit_tag	Germanic/docs/lexeme_reports/model_entries/2302-world-weorold.model.md:69	Germanic/docs/lexeme_reports/model_entries/2302-world-weorold.model.md	auto
pgmc	*wír-àldu	*wír-àldu	wiraldu	source_protoform	lexical_protoform	world — OE weorold	manifest	auto
pgmc	*wíràldu	*wíràldu	wiraldu	selected_input	trace_proto_input	world — OE weorold	compact	auto
pgmc	wḯθagą	*wḯθagą	withaga	selected_input	explicit_tag	Germanic/docs/lexeme_reports/model_entries/2296-withy-wīþiġ.model.md:29	Germanic/docs/lexeme_reports/model_entries/2296-withy-wīþiġ.model.md	auto
pgmc	wḯθagą	*wḯθagą	withaga	selected_input	explicit_tag	Germanic/docs/lexeme_reports/model_entries/2296-withy-wīþiġ.model.md:41	Germanic/docs/lexeme_reports/model_entries/2296-withy-wīþiġ.model.md	auto
pgmc	wḯθagą	*wḯθagą	withaga	selected_input	explicit_tag	Germanic/docs/lexeme_reports/model_entries/2296-withy-wīþiġ.model.md:46	Germanic/docs/lexeme_reports/model_entries/2296-withy-wīþiġ.model.md	auto
pgmc	*wḯθagą	*wḯθagą	withaga	selected_input	explicit_tag	Germanic/docs/lexeme_reports/model_entries/2296-withy-wīþiġ.model.md:66	Germanic/docs/lexeme_reports/model_entries/2296-withy-wīþiġ.model.md	auto
pgmc	*wḯθagą	*wḯθagą	withaga	source_protoform	lexical_protoform	withy — OE wīþiġ	manifest	auto
pgmc	*wḯθagą	*wḯθagą	withaga	selected_input	trace_proto_input	withy — OE wīþiġ	compact	auto
pgmc	*wíθrą	*wíθrą	withra	selected_input	trace_proto_input	wether — OE weþer	compact	auto
pgmc	*wrínganą	*wrínganą	wringana	selected_input	trace_proto_input	wring — OE wringan	compact	auto
pgmc	*wúlfaz	*wúlfaz	wulfaz	source_protoform	lexical_protoform	wolf — OE wulf	manifest	auto
pgmc	*wúlfaz	*wúlfaz	wulfaz	selected_input	trace_proto_input	wolf — OE wulf	compact	auto
pgmc	*wúllō	*wúllō	wullo	source_protoform	lexical_protoform	wool — OE wull	manifest	auto
pgmc	*wúllō	*wúllō	wullo	selected_input	trace_proto_input	wool — OE wull	compact	auto
pgmc	*wúndrą	*wúndrą	wundra	selected_input	trace_proto_input	wonder — OE wundor	compact	auto
pgmc	*wúrdą	*wúrdą	wurda	selected_input	trace_proto_input	word — OE word	compact	auto
pgmc	*wúrmiz	*wúrmiz	wurmiz	selected_input	trace_proto_input	worm — OE wyrm	compact	auto
pgmc	xabēną	*xabēną	xabena	source_protoform	explicit_tag	Germanic/docs/lexeme_reports/model_entries/2058-have-hæfeþ.model.md:22	Germanic/docs/lexeme_reports/model_entries/2058-have-hæfeþ.model.md	auto
pgmc	*xabēną	*xabēną	xabena	source_protoform	explicit_tag	Germanic/docs/lexeme_reports/model_entries/2058-have-hæfeþ.model.md:61	Germanic/docs/lexeme_reports/model_entries/2058-have-hæfeþ.model.md	auto
pgmc	*xabēną	*xabēną	xabena	source_protoform	lexical_proto	have — OE hæfeþ	manifest	auto
pgmc	xábēθi	*xábēθi	xabethi	selected_input	explicit_tag	Germanic/docs/lexeme_reports/model_entries/2058-have-hæfeþ.model.md:28	Germanic/docs/lexeme_reports/model_entries/2058-have-hæfeþ.model.md	auto
pgmc	xábēθi	*xábēθi	xabethi	selected_input	explicit_tag	Germanic/docs/lexeme_reports/model_entries/2058-have-hæfeþ.model.md:45	Germanic/docs/lexeme_reports/model_entries/2058-have-hæfeþ.model.md	auto
pgmc	*xábēθi	*xábēθi	xabethi	selected_input	explicit_tag	Germanic/docs/lexeme_reports/model_entries/2058-have-hæfeþ.model.md:62	Germanic/docs/lexeme_reports/model_entries/2058-have-hæfeþ.model.md	auto
pgmc	*xábēθi	*xábēθi	xabethi	source_protoform	lexical_protoform	have — OE hæfeþ	manifest	auto
pgmc	*xábēθi	*xábēθi	xabethi	selected_input	trace_proto_input	have — OE hæfeþ	compact	auto
pgmc	*xábukaz	*xábukaz	xabukaz	selected_input	trace_proto_input	hawk — OE hafoc	compact	auto
pgmc	*xágjaz	*xágjaz	xagjaz	source_protoform	lexical_protoform	hedge — OE heġġ	manifest	auto
pgmc	*xágjaz	*xágjaz	xagjaz	selected_input	trace_proto_input	hedge — OE heġġ	compact	auto
pgmc	*xáglą	*xáglą	xagla	selected_input	trace_proto_input	hail — OE hæġl	compact	auto
pgmc	*xágô	*xágô	xago	selected_input	trace_proto_input	haw — OE haga	compact	auto
pgmc	*xáilijaną	*xáilijaną	xailijana	selected_input	trace_proto_input	heal — OE hǣlan	compact	auto
pgmc	*xáimaz	*xáimaz	xaimaz	selected_input	trace_proto_input	home — OE hām	compact	auto
pgmc	*xáiθiz	*xáiθiz	xaithiz	selected_input	trace_proto_input	heath — OE hǣþ	compact	auto
pgmc	*xáldaną	*xáldaną	xaldana	source_protoform	lexical_protoform	hold — OE healdan	manifest	auto
pgmc	*xáldaną	*xáldaną	xaldana	selected_input	trace_proto_input	hold — OE healdan	compact	auto
pgmc	*xállō	*xállō	xallo	selected_input	trace_proto_input	hall — OE heall	compact	auto
pgmc	xámaras	*xámaras	xamaras	selected_input	explicit_tag	Germanic/docs/lexeme_reports/model_entries/2053-hammer-hameres.model.md:23	Germanic/docs/lexeme_reports/model_entries/2053-hammer-hameres.model.md	auto
pgmc	xámaras	*xámaras	xamaras	selected_input	explicit_tag	Germanic/docs/lexeme_reports/model_entries/2053-hammer-hameres.model.md:42	Germanic/docs/lexeme_reports/model_entries/2053-hammer-hameres.model.md	auto
pgmc	*xámaras	*xámaras	xamaras	selected_input	explicit_tag	Germanic/docs/lexeme_reports/model_entries/2053-hammer-hameres.model.md:58	Germanic/docs/lexeme_reports/model_entries/2053-hammer-hameres.model.md	auto
pgmc	*xámaras	*xámaras	xamaras	source_protoform	lexical_protoform	hammer — OE hameres	manifest	auto
pgmc	*xámaras	*xámaras	xamaras	selected_input	trace_proto_input	hammer — OE hameres	compact	auto
pgmc	xámaraz	*xámaraz	xamaraz	source_protoform	explicit_tag	Germanic/docs/lexeme_reports/model_entries/2053-hammer-hameres.model.md:21	Germanic/docs/lexeme_reports/model_entries/2053-hammer-hameres.model.md	auto
pgmc	*xámaraz	*xámaraz	xamaraz	source_protoform	explicit_tag	Germanic/docs/lexeme_reports/model_entries/2053-hammer-hameres.model.md:57	Germanic/docs/lexeme_reports/model_entries/2053-hammer-hameres.model.md	auto
pgmc	*xámaraz	*xámaraz	xamaraz	source_protoform	lexical_proto	hammer — OE hameres	manifest	auto
pgmc	*xándlōjaną	*xándlōjaną	xandlojana	selected_input	trace_proto_input	handle — OE handlian	compact	auto
pgmc	*xánduz	*xánduz	xanduz	selected_input	trace_proto_input	hand — OE hand	compact	auto
pgmc	*xárbistuz	*xárbistuz	xarbistuz	source_protoform	lexical_protoform	harvest — OE hierfest	manifest	auto
pgmc	*xárbistuz	*xárbistuz	xarbistuz	selected_input	trace_proto_input	harvest — OE hierfest	compact	auto
pgmc	*xármaz	*xármaz	xarmaz	selected_input	trace_proto_input	harm — OE hearm	compact	auto
pgmc	*xáslaz	*xáslaz	xaslaz	selected_input	trace_proto_input	hazel — OE hæsl	compact	auto
pgmc	*xáubudą	*xáubudą	xaubuda	selected_input	trace_proto_input	head — OE hēafod	compact	auto
pgmc	*xáwwaną	*xáwwaną	xawwana	selected_input	trace_proto_input	hew — OE hēawan	compact	auto
pgmc	*xáwwją	*xáwwją	xawwja	selected_input	trace_proto_input	hay — OE hīeġ	compact	auto
pgmc	*xélmaz	*xélmaz	xelmaz	source_protoform	lexical_protoform	helm — OE helm	manifest	auto
pgmc	*xélmaz	*xélmaz	xelmaz	selected_input	trace_proto_input	helm — OE helm	compact	auto
pgmc	*xélpaną	*xélpaną	xelpana	source_protoform	lexical_protoform	help — OE helpan	manifest	auto
pgmc	*xélpaną	*xélpaną	xelpana	selected_input	trace_proto_input	help — OE helpan	compact	auto
pgmc	*xélpō	*xélpō	xelpo	selected_input	trace_proto_input	help — OE help	compact	auto
pgmc	xémenaz	*xémenaz	xemenaz	evidence_form	explicit_tag	Germanic/docs/lexeme_reports/model_entries/2068-heaven-heofon.model.md:24	Germanic/docs/lexeme_reports/model_entries/2068-heaven-heofon.model.md	auto
pgmc	*xémenaz	*xémenaz	xemenaz	evidence_form	explicit_tag	Germanic/docs/lexeme_reports/model_entries/2068-heaven-heofon.model.md:61	Germanic/docs/lexeme_reports/model_entries/2068-heaven-heofon.model.md	auto
pgmc	*xémenaz	*xémenaz	xemenaz	source_protoform	lexical_proto	heaven — OE heofon	manifest	auto
pgmc	xémonų	*xémonų	xemonu	evidence_form	explicit_tag	Germanic/docs/lexeme_reports/model_entries/2068-heaven-heofon.model.md:22	Germanic/docs/lexeme_reports/model_entries/2068-heaven-heofon.model.md	auto
pgmc	xémonų	*xémonų	xemonu	evidence_form	explicit_tag	Germanic/docs/lexeme_reports/model_entries/2068-heaven-heofon.model.md:44	Germanic/docs/lexeme_reports/model_entries/2068-heaven-heofon.model.md	auto
pgmc	*xémonų	*xémonų	xemonu	evidence_form	explicit_tag	Germanic/docs/lexeme_reports/model_entries/2068-heaven-heofon.model.md:62	Germanic/docs/lexeme_reports/model_entries/2068-heaven-heofon.model.md	auto
pgmc	*xémonų	*xémonų	xemonu	source_protoform	lexical_protoform	heaven — OE heofon	manifest	auto
pgmc	*xémonų	*xémonų	xemonu	selected_input	trace_proto_input	heaven — OE heofon	compact	auto
pgmc	*xéndjō	*xéndjō	xendjo	source_protoform	lexical_protoform	hind — OE hind	manifest	auto
pgmc	*xéndjō	*xéndjō	xendjo	selected_input	trace_proto_input	hind — OE hind	compact	auto
pgmc	*xḗrą	*xḗrą	xera	source_protoform	lexical_protoform	hair — OE hǣr	manifest	auto
pgmc	*xḗrą	*xḗrą	xera	selected_input	trace_proto_input	hair — OE hǣr	compact	auto
pgmc	*xérdō	*xérdō	xerdo	selected_input	trace_proto_input	herd — OE heord	compact	auto
pgmc	*xérθaz	*xérθaz	xerthaz	selected_input	trace_proto_input	hearth — OE heorþ	compact	auto
pgmc	*xértōn	*xértōn	xerton	selected_input	trace_proto_input	heart — OE heorte	compact	auto
pgmc	*xláðaną	*xláðaną	xladana	selected_input	table_semantic_auto	Germanic/docs/lexeme_reports/model_entries/2088-lade-hladan.model.md:56	table_semantic_rule	auto
pgmc	*xláðaną	*xláðaną	xladana	source_protoform	lexical_protoform	lade — OE hladan	manifest	auto
pgmc	*xláðaną	*xláðaną	xladana	selected_input	trace_proto_input	lade — OE hladan	compact	auto
pgmc	*xláxjaną	*xláxjaną	xlaxjana	selected_input	table_semantic_auto	Germanic/docs/lexeme_reports/model_entries/2092-laugh-hliehhan.model.md:57	table_semantic_rule	auto
pgmc	*xláxjaną	*xláxjaną	xlaxjana	source_protoform	lexical_protoform	laugh — OE hliehhan	manifest	auto
pgmc	*xláxjaną	*xláxjaną	xlaxjana	selected_input	trace_proto_input	laugh — OE hliehhan	compact	auto
pgmc	*xlídą	*xlídą	xlida	source_protoform	lexical_protoform	lid — OE hlid	manifest	auto
pgmc	*xlídą	*xlídą	xlida	selected_input	trace_proto_input	lid — OE hlid	compact	auto
pgmc	xnákkaz	*xnákkaz	xnakkaz	source_protoform	explicit_tag	Germanic/docs/lexeme_reports/model_entries/2134-neck-hnecca.model.md:27	Germanic/docs/lexeme_reports/model_entries/2134-neck-hnecca.model.md	auto
pgmc	*xnákkaz	*xnákkaz	xnakkaz	source_protoform	explicit_tag	Germanic/docs/lexeme_reports/model_entries/2134-neck-hnecca.model.md:56	Germanic/docs/lexeme_reports/model_entries/2134-neck-hnecca.model.md	auto
pgmc	*xnákkaz	*xnákkaz	xnakkaz	source_protoform	lexical_proto	neck — OE hnecca	manifest	auto
pgmc	*xnakkô	*xnakkô	xnakko	comparison_form	explicit_tag	Germanic/docs/lexeme_reports/model_entries/2134-neck-hnecca.model.md:57	Germanic/docs/lexeme_reports/model_entries/2134-neck-hnecca.model.md	auto
pgmc	xnékkô	*xnékkô	xnekko	selected_input	explicit_tag	Germanic/docs/lexeme_reports/model_entries/2134-neck-hnecca.model.md:29	Germanic/docs/lexeme_reports/model_entries/2134-neck-hnecca.model.md	auto
pgmc	xnékkô	*xnékkô	xnekko	selected_input	explicit_tag	Germanic/docs/lexeme_reports/model_entries/2134-neck-hnecca.model.md:43	Germanic/docs/lexeme_reports/model_entries/2134-neck-hnecca.model.md	auto
pgmc	*xnékkô	*xnékkô	xnekko	selected_input	explicit_tag	Germanic/docs/lexeme_reports/model_entries/2134-neck-hnecca.model.md:58	Germanic/docs/lexeme_reports/model_entries/2134-neck-hnecca.model.md	auto
pgmc	*xnékkô	*xnékkô	xnekko	source_protoform	lexical_protoform	neck — OE hnecca	manifest	auto
pgmc	*xnékkô	*xnékkô	xnekko	selected_input	trace_proto_input	neck — OE hnecca	compact	auto
pgmc	*xōdaz	*xōdaz	xodaz	selected_input	trace_proto_input	hood — OE hōd	compact	auto
pgmc	*xōfaz	*xōfaz	xofaz	selected_input	trace_proto_input	hoof — OE hōf	compact	auto
pgmc	*xōrōn	*xōrōn	xoron	selected_input	trace_proto_input	whore — OE hōre	compact	auto
pgmc	*xrábnaz	*xrábnaz	xrabnaz	selected_input	trace_proto_input	raven — OE hræfn	compact	auto
pgmc	*xúnagą	*xúnagą	xunaga	selected_input	trace_proto_input	honey — OE huniġ	compact	auto
pgmc	*xúndaz	*xúndaz	xundaz	selected_input	trace_proto_input	hound — OE hund	compact	auto
pgmc	*xúrną	*xúrną	xurna	source_protoform	lexical_protoform	horn — OE horn	manifest	auto
pgmc	*xúrną	*xúrną	xurna	selected_input	trace_proto_input	horn — OE horn	compact	auto
pgmc	*xúzdą	*xúzdą	xuzda	selected_input	trace_proto_input	hoard — OE hord	compact	auto
pgmc	xwalaz	*xwalaz	xwalaz	source_protoform	explicit_tag	Germanic/docs/lexeme_reports/model_entries/2284-whale-hwæl.model.md:22	Germanic/docs/lexeme_reports/model_entries/2284-whale-hwæl.model.md	auto
pgmc	*xwalaz	*xwalaz	xwalaz	source_protoform	explicit_tag	Germanic/docs/lexeme_reports/model_entries/2284-whale-hwæl.model.md:56	Germanic/docs/lexeme_reports/model_entries/2284-whale-hwæl.model.md	auto
pgmc	*xwálaz	*xwálaz	xwalaz	selected_input	explicit_tag	Germanic/docs/lexeme_reports/model_entries/2284-whale-hwæl.model.md:58	Germanic/docs/lexeme_reports/model_entries/2284-whale-hwæl.model.md	auto
pgmc	*xwálaz	*xwálaz	xwalaz	source_protoform	lexical_protoform	whale — OE hwæl	manifest	auto
pgmc	*xwálaz	*xwálaz	xwalaz	selected_input	trace_proto_input	whale — OE hwæl	compact	auto
pgmc	xwaliz	*xwaliz	xwaliz	comparison_form	explicit_tag	Germanic/docs/lexeme_reports/model_entries/2284-whale-hwæl.model.md:23	Germanic/docs/lexeme_reports/model_entries/2284-whale-hwæl.model.md	auto
pgmc	*xwḯlō	*xwḯlō	xwilo	selected_input	trace_proto_input	while — OE hwīl	compact	auto
pgmc	xwḯnaną	*xwḯnaną	xwinana	selected_input	explicit_tag	Germanic/docs/lexeme_reports/model_entries/2286-whine-hwīnan.model.md:32	Germanic/docs/lexeme_reports/model_entries/2286-whine-hwīnan.model.md	auto
pgmc	xwḯnaną	*xwḯnaną	xwinana	selected_input	explicit_tag	Germanic/docs/lexeme_reports/model_entries/2286-whine-hwīnan.model.md:47	Germanic/docs/lexeme_reports/model_entries/2286-whine-hwīnan.model.md	auto
pgmc	*xwḯnaną	*xwḯnaną	xwinana	selected_input	explicit_tag	Germanic/docs/lexeme_reports/model_entries/2286-whine-hwīnan.model.md:64	Germanic/docs/lexeme_reports/model_entries/2286-whine-hwīnan.model.md	auto
pgmc	*xwḯnaną	*xwḯnaną	xwinana	source_protoform	lexical_protoform	whine — OE hwīnan	manifest	auto
pgmc	*xwḯnaną	*xwḯnaną	xwinana	selected_input	trace_proto_input	whine — OE hwīnan	compact	auto
pgmc	xwinanan	*xwinanan	xwinanan	source_protoform	explicit_tag	Germanic/docs/lexeme_reports/model_entries/2286-whine-hwīnan.model.md:24	Germanic/docs/lexeme_reports/model_entries/2286-whine-hwīnan.model.md	auto
pnwgmc	brōkiz	brōkiz	brokiz	comparison_form	explicit_tag	Germanic/docs/lexeme_reports/model_entries/1969-breeches-brēċ.model.md:21	Germanic/docs/lexeme_reports/model_entries/1969-breeches-brēċ.model.md	auto
pnwgmc	brōkiz	brōkiz	brokiz	selected_input	explicit_tag	Germanic/docs/lexeme_reports/model_entries/1969-breeches-brēċ.model.md:21	Germanic/docs/lexeme_reports/model_entries/1969-breeches-brēċ.model.md	auto
pwgmc	bakan	*bakan	bakan	comparison_form	explicit_tag	Germanic/docs/lexeme_reports/model_entries/1934-bake-bacan.model.md:21	Germanic/docs/lexeme_reports/model_entries/1934-bake-bacan.model.md	auto
pwgmc	skuldru	*skuldru	skuldru	comparison_form	explicit_tag	Germanic/docs/lexeme_reports/model_entries/2183-shoulder-sċuldrum.model.md:21	Germanic/docs/lexeme_reports/model_entries/2183-shoulder-sċuldrum.model.md	auto
pwgmc	*skúldru	*skúldru	skuldru	comparison_form	explicit_tag	Germanic/docs/lexeme_reports/model_entries/2183-shoulder-sċuldrum.model.md:48	Germanic/docs/lexeme_reports/model_entries/2183-shoulder-sċuldrum.model.md	auto
pwgmc	timbr	*timbr	timbr	comparison_form	explicit_tag	Germanic/docs/lexeme_reports/model_entries/2258-timber-timber.model.md:24	Germanic/docs/lexeme_reports/model_entries/2258-timber-timber.model.md	auto
pwgmc	timbr	*timbr	timbr	comparison_form	explicit_tag	Germanic/docs/lexeme_reports/model_entries/2258-timber-timber.model.md:48	Germanic/docs/lexeme_reports/model_entries/2258-timber-timber.model.md	auto
preoe	sparai-	*sparai-	sparai	comparison_form	explicit_tag	Germanic/docs/lexeme_reports/model_entries/2205-spare-sparian.model.md:23	Germanic/docs/lexeme_reports/model_entries/2205-spare-sparian.model.md	auto
preoe	spárē	*spárē	spare	comparison_form	explicit_tag	Germanic/docs/lexeme_reports/model_entries/2205-spare-sparian.model.md:47	Germanic/docs/lexeme_reports/model_entries/2205-spare-sparian.model.md	auto
preoe	sparja-	*sparja-	sparja	comparison_form	explicit_tag	Germanic/docs/lexeme_reports/model_entries/2205-spare-sparian.model.md:23	Germanic/docs/lexeme_reports/model_entries/2205-spare-sparian.model.md	auto
preoe	weraldiz	*weraldiz	weraldiz	comparison_form	explicit_tag	Germanic/docs/lexeme_reports/model_entries/2302-world-weorold.model.md:68	Germanic/docs/lexeme_reports/model_entries/2302-world-weorold.model.md	auto
preoe	weraldu	*weraldu	weraldu	comparison_form	explicit_tag	Germanic/docs/lexeme_reports/model_entries/2302-world-weorold.model.md:68	Germanic/docs/lexeme_reports/model_entries/2302-world-weorold.model.md	auto
preoe	weruld	*weruld	weruld	comparison_form	explicit_tag	Germanic/docs/lexeme_reports/model_entries/2302-world-weorold.model.md:68	Germanic/docs/lexeme_reports/model_entries/2302-world-weorold.model.md	auto
on	báðir	báðir	badir	comparison_form	explicit_tag	Germanic/docs/lexeme_reports/model_entries/1958-both-bū.model.md:27	Germanic/docs/lexeme_reports/model_entries/1958-both-bū.model.md	auto
on	báðir	báðir	badir	comparison_form	explicit_tag	Germanic/docs/lexeme_reports/model_entries/1958-both-bū.model.md:69	Germanic/docs/lexeme_reports/model_entries/1958-both-bū.model.md	auto
on	brjóst	brjóst	brjost	comparison_form	explicit_tag	Germanic/docs/lexeme_reports/model_entries/1968-breast-brēost.model.md:24	Germanic/docs/lexeme_reports/model_entries/1968-breast-brēost.model.md	auto
on	fugl	fugl	fugl	comparison_form	override	Germanic/docs/lexeme_reports/model_entries/2030-fowl-fugol.model.md:22	override	override
on	fylgja	fylgja	fylgja	comparison_form	explicit_tag	Germanic/docs/lexeme_reports/model_entries/2027-follow-fylġan.model.md:22	Germanic/docs/lexeme_reports/model_entries/2027-follow-fylġan.model.md	auto
on	gangr	gangr	gangr	comparison_form	override	Germanic/docs/lexeme_reports/model_entries/2038-gang-gang.model.md:21	override	override
on	hliþó	hliþó	hlitho	comparison_form	override	Germanic/docs/lexeme_reports/model_entries/2100-lid-hlid.model.md:21	override	override
on	hnakki	hnakki	hnakki	comparison_form	explicit_tag	Germanic/docs/lexeme_reports/model_entries/2134-neck-hnecca.model.md:59	Germanic/docs/lexeme_reports/model_entries/2134-neck-hnecca.model.md	auto
on	hvina	hvina	hvina	comparison_form	explicit_tag	Germanic/docs/lexeme_reports/model_entries/2286-whine-hwīnan.model.md:26	Germanic/docs/lexeme_reports/model_entries/2286-whine-hwīnan.model.md	auto
on	hvina	hvina	hvina	comparison_form	explicit_tag	Germanic/docs/lexeme_reports/model_entries/2286-whine-hwīnan.model.md:65	Germanic/docs/lexeme_reports/model_entries/2286-whine-hwīnan.model.md	auto
on	stafn	stafn	stafn	comparison_form	explicit_tag	Germanic/docs/lexeme_reports/model_entries/2216-stem-stefn.model.md:23	Germanic/docs/lexeme_reports/model_entries/2216-stem-stefn.model.md	auto
on	stafn	stafn	stafn	comparison_form	explicit_tag	Germanic/docs/lexeme_reports/model_entries/2216-stem-stefn.model.md:60	Germanic/docs/lexeme_reports/model_entries/2216-stem-stefn.model.md	auto
ohg	backan	backan	backan	comparison_form	override	Germanic/docs/lexeme_reports/model_entries/1934-bake-bacan.model.md:21	override	override
ohg	bahhan	bahhan	bahhan	comparison_form	override	Germanic/docs/lexeme_reports/model_entries/1934-bake-bacan.model.md:21	override	override
ohg	bēde	bēde	bede	comparison_form	explicit_tag	Germanic/docs/lexeme_reports/model_entries/1958-both-bū.model.md:28	Germanic/docs/lexeme_reports/model_entries/1958-both-bū.model.md	auto
ohg	fogal	fogal	fogal	comparison_form	explicit_tag	Germanic/docs/lexeme_reports/model_entries/2030-fowl-fugol.model.md:22	Germanic/docs/lexeme_reports/model_entries/2030-fowl-fugol.model.md	auto
ohg	fogal	fogal	fogal	comparison_form	override	Germanic/docs/lexeme_reports/model_entries/2030-fowl-fugol.model.md:22	override	override
ohg	foll	foll	foll	comparison_form	explicit_tag	Germanic/docs/lexeme_reports/model_entries/2300-wool-wull.model.md:24	Germanic/docs/lexeme_reports/model_entries/2300-wool-wull.model.md	auto
ohg	lecchon	lecchon	lecchon	comparison_form	explicit_tag	Germanic/docs/lexeme_reports/model_entries/2315-lick-(iptv.2sg)-licca.model.md:22	Germanic/docs/lexeme_reports/model_entries/2315-lick-(iptv.2sg)-licca.model.md	auto
ohg	lecchon	lecchon	lecchon	comparison_form	explicit_tag	Germanic/docs/lexeme_reports/model_entries/2316-lick-(3sg)-liccaþ.model.md:22	Germanic/docs/lexeme_reports/model_entries/2316-lick-(3sg)-liccaþ.model.md	auto
ohg	mahhon	mahhon	mahhon	comparison_form	explicit_tag	Germanic/docs/lexeme_reports/model_entries/2309-make-(iptv.2sg)-maca.model.md:25	Germanic/docs/lexeme_reports/model_entries/2309-make-(iptv.2sg)-maca.model.md	auto
ohg	rost	rost	rost	comparison_form	broad_prose_decision	Germanic/docs/lexeme_reports/model_entries/2162-rust-rust.model.md:23	broad_prose_curated	override
ohg	scouwōn	scouwōn	scouwon	comparison_form	override	Germanic/docs/lexeme_reports/model_entries/2317-show-(iptv.2sg)-sċēawa.model.md:22	override	override
ohg	scouwōn	scouwōn	scouwon	comparison_form	explicit_tag	Germanic/docs/lexeme_reports/model_entries/2318-show-(3sg)-sċēawaþ.model.md:22	Germanic/docs/lexeme_reports/model_entries/2318-show-(3sg)-sċēawaþ.model.md	auto
ohg	scultirra	scultirra	scultirra	comparison_form	explicit_tag	Germanic/docs/lexeme_reports/model_entries/2183-shoulder-sċuldrum.model.md:21	Germanic/docs/lexeme_reports/model_entries/2183-shoulder-sċuldrum.model.md	auto
ohg	scultra	scultra	scultra	comparison_form	explicit_tag	Germanic/docs/lexeme_reports/model_entries/2183-shoulder-sċuldrum.model.md:21	Germanic/docs/lexeme_reports/model_entries/2183-shoulder-sċuldrum.model.md	auto
ohg	tilli	tilli	tilli	comparison_form	explicit_tag	Germanic/docs/lexeme_reports/model_entries/1990-dill-dile.model.md:23	Germanic/docs/lexeme_reports/model_entries/1990-dill-dile.model.md	auto
ohg	tura	tura	tura	comparison_form	explicit_tag	Germanic/docs/lexeme_reports/model_entries/1992-door-dor.model.md:21	Germanic/docs/lexeme_reports/model_entries/1992-door-dor.model.md	auto
ohg	tura	tura	tura	comparison_form	override	Germanic/docs/lexeme_reports/model_entries/1992-door-dor.model.md:21	override	override
ohg	wolf	wolf	wolf	comparison_form	broad_prose_decision	Germanic/docs/lexeme_reports/model_entries/2298-wolf-wulf.model.md:23	broad_prose_curated	override
ofris	bēthe	bēthe	bethe	comparison_form	explicit_tag	Germanic/docs/lexeme_reports/model_entries/1958-both-bū.model.md:27	Germanic/docs/lexeme_reports/model_entries/1958-both-bū.model.md	auto
ofris	dore	dore	dore	comparison_form	override	Germanic/docs/lexeme_reports/model_entries/1992-door-dor.model.md:21	override	override
ofris	makia	makia	makia	comparison_form	explicit_tag	Germanic/docs/lexeme_reports/model_entries/2309-make-(iptv.2sg)-maca.model.md:24	Germanic/docs/lexeme_reports/model_entries/2309-make-(iptv.2sg)-maca.model.md	auto
ofris	skawia	skawia	skawia	comparison_form	override	Germanic/docs/lexeme_reports/model_entries/2317-show-(iptv.2sg)-sċēawa.model.md:22	override	override
ofris	skawia	skawia	skawia	comparison_form	explicit_tag	Germanic/docs/lexeme_reports/model_entries/2318-show-(3sg)-sċēawaþ.model.md:22	Germanic/docs/lexeme_reports/model_entries/2318-show-(3sg)-sċēawaþ.model.md	auto
ofris	skulder	skulder	skulder	comparison_form	explicit_tag	Germanic/docs/lexeme_reports/model_entries/2183-shoulder-sċuldrum.model.md:21	Germanic/docs/lexeme_reports/model_entries/2183-shoulder-sċuldrum.model.md	auto
ofris	stevene	stevene	stevene	comparison_form	explicit_tag	Germanic/docs/lexeme_reports/model_entries/2216-stem-stefn.model.md:24	Germanic/docs/lexeme_reports/model_entries/2216-stem-stefn.model.md	auto
goth	brusts	brusts	brusts	comparison_form	explicit_tag	Germanic/docs/lexeme_reports/model_entries/1968-breast-brēost.model.md:22	Germanic/docs/lexeme_reports/model_entries/1968-breast-brēost.model.md	auto
goth	faurhtei	faurhtei	faurhtei	comparison_form	explicit_tag	Germanic/docs/lexeme_reports/model_entries/2034-fright-fyrhte.model.md:22	Germanic/docs/lexeme_reports/model_entries/2034-fright-fyrhte.model.md	auto
goth	fra-liusan	fra-liusan	fraliusan	comparison_form	broad_prose_decision	Germanic/docs/lexeme_reports/model_entries/2028-forlorn-lēosan.model.md:21	broad_prose_curated	override
os	be-thia	be-thia	bethia	comparison_form	explicit_tag	Germanic/docs/lexeme_reports/model_entries/1958-both-bū.model.md:27	Germanic/docs/lexeme_reports/model_entries/1958-both-bū.model.md	auto
os	briost	briost	briost	comparison_form	explicit_tag	Germanic/docs/lexeme_reports/model_entries/1968-breast-brēost.model.md:24	Germanic/docs/lexeme_reports/model_entries/1968-breast-brēost.model.md	auto
os	dilli	dilli	dilli	comparison_form	explicit_tag	Germanic/docs/lexeme_reports/model_entries/1990-dill-dile.model.md:22	Germanic/docs/lexeme_reports/model_entries/1990-dill-dile.model.md	auto
os	likkon	likkon	likkon	comparison_form	explicit_tag	Germanic/docs/lexeme_reports/model_entries/2315-lick-(iptv.2sg)-licca.model.md:22	Germanic/docs/lexeme_reports/model_entries/2315-lick-(iptv.2sg)-licca.model.md	auto
os	likkon	likkon	likkon	comparison_form	explicit_tag	Germanic/docs/lexeme_reports/model_entries/2316-lick-(3sg)-liccaþ.model.md:22	Germanic/docs/lexeme_reports/model_entries/2316-lick-(3sg)-liccaþ.model.md	auto
os	makon	makon	makon	comparison_form	explicit_tag	Germanic/docs/lexeme_reports/model_entries/2309-make-(iptv.2sg)-maca.model.md:24	Germanic/docs/lexeme_reports/model_entries/2309-make-(iptv.2sg)-maca.model.md	auto
os	skawōn	skawōn	skawon	comparison_form	override	Germanic/docs/lexeme_reports/model_entries/2317-show-(iptv.2sg)-sċēawa.model.md:22	override	override
os	skawōn	skawōn	skawon	comparison_form	explicit_tag	Germanic/docs/lexeme_reports/model_entries/2318-show-(3sg)-sċēawaþ.model.md:22	Germanic/docs/lexeme_reports/model_entries/2318-show-(3sg)-sċēawaþ.model.md	auto
os	sparro	sparro	sparro	comparison_form	explicit_tag	Germanic/docs/lexeme_reports/model_entries/2204-spar-spearra.model.md:21	Germanic/docs/lexeme_reports/model_entries/2204-spar-spearra.model.md	auto
os	stamn	stamn	stamn	comparison_form	explicit_tag	Germanic/docs/lexeme_reports/model_entries/2216-stem-stefn.model.md:25	Germanic/docs/lexeme_reports/model_entries/2216-stem-stefn.model.md	auto
os	stamn	stamn	stamn	comparison_form	explicit_tag	Germanic/docs/lexeme_reports/model_entries/2216-stem-stefn.model.md:47	Germanic/docs/lexeme_reports/model_entries/2216-stem-stefn.model.md	auto
os	stamn	stamn	stamn	comparison_form	explicit_tag	Germanic/docs/lexeme_reports/model_entries/2216-stem-stefn.model.md:61	Germanic/docs/lexeme_reports/model_entries/2216-stem-stefn.model.md	auto
dutch	beide	beide	beide	comparison_form	explicit_tag	Germanic/docs/lexeme_reports/model_entries/1958-both-bū.model.md:31	Germanic/docs/lexeme_reports/model_entries/1958-both-bū.model.md	auto
dutch	beide	beide	beide	comparison_form	explicit_tag	Germanic/docs/lexeme_reports/model_entries/1958-both-bū.model.md:69	Germanic/docs/lexeme_reports/model_entries/1958-both-bū.model.md	auto
dutch	vel	vel	vel	comparison_form	explicit_tag	Germanic/docs/lexeme_reports/model_entries/2007-fell-fell.model.md:21	Germanic/docs/lexeme_reports/model_entries/2007-fell-fell.model.md	auto
german	beide	beide	beide	comparison_form	explicit_tag	Germanic/docs/lexeme_reports/model_entries/1958-both-bū.model.md:31	Germanic/docs/lexeme_reports/model_entries/1958-both-bū.model.md	auto
german	beide	beide	beide	comparison_form	explicit_tag	Germanic/docs/lexeme_reports/model_entries/1958-both-bū.model.md:69	Germanic/docs/lexeme_reports/model_entries/1958-both-bū.model.md	auto
german	Nacken	Nacken	nacken	comparison_form	explicit_tag	Germanic/docs/lexeme_reports/model_entries/2134-neck-hnecca.model.md:56	Germanic/docs/lexeme_reports/model_entries/2134-neck-hnecca.model.md	auto
german	Nacken	Nacken	nacken	comparison_form	explicit_tag	Germanic/docs/lexeme_reports/model_entries/2134-neck-hnecca.model.md:59	Germanic/docs/lexeme_reports/model_entries/2134-neck-hnecca.model.md	auto
german	sondern	sondern	sondern	comparison_form	explicit_tag	Germanic/docs/lexeme_reports/model_entries/2232-sunder-sundrian.model.md:23	Germanic/docs/lexeme_reports/model_entries/2232-sunder-sundrian.model.md	auto
german	stillen	stillen	stillen	comparison_form	broad_prose_decision	Germanic/docs/lexeme_reports/model_entries/2217-still-stillan.model.md:21	broad_prose_curated	override
german	weinen	weinen	weinen	comparison_form	explicit_tag	Germanic/docs/lexeme_reports/model_entries/2286-whine-hwīnan.model.md:22	Germanic/docs/lexeme_reports/model_entries/2286-whine-hwīnan.model.md	auto
me	stam	stam	stam	comparison_form	explicit_tag	Germanic/docs/lexeme_reports/model_entries/2216-stem-stefn.model.md:47	Germanic/docs/lexeme_reports/model_entries/2216-stem-stefn.model.md	auto
modeng	both	both	both	comparison_form	explicit_tag	Germanic/docs/lexeme_reports/model_entries/1958-both-bū.model.md:31	Germanic/docs/lexeme_reports/model_entries/1958-both-bū.model.md	auto
modeng	both	both	both	comparison_form	explicit_tag	Germanic/docs/lexeme_reports/model_entries/1958-both-bū.model.md:69	Germanic/docs/lexeme_reports/model_entries/1958-both-bū.model.md	auto
mlg	schulder	schulder	schulder	comparison_form	explicit_tag	Germanic/docs/lexeme_reports/model_entries/2183-shoulder-sċuldrum.model.md:21	Germanic/docs/lexeme_reports/model_entries/2183-shoulder-sċuldrum.model.md	auto
