emission_id	representative_occurrence_id	emission_path	site	index_command	language	variety	display	sort_key	form_role	source_scope	source_ref	source_occurrence_count	source_occurrence_ids
Germanic/docs/assembly/capr_book_intro_alpha_01.md:33:1	Germanic/docs/assembly/capr_book_intro_alpha_01.md:33:1	explicit_tag	Germanic/docs/assembly/capr_book_intro_alpha_01.md:33	\index[iv]{02oe@\ivlangheader{Old English}{West Saxon normalization unmarked}!sculdrum@\iventry{sċuldrum}{}}	oe		sċuldrum	sculdrum	evidence_form	explicit_tag	Germanic/docs/assembly/capr_book_intro_alpha_01.md:33	1	Germanic/docs/assembly/capr_book_intro_alpha_01.md:33:1
Germanic/docs/assembly/capr_book_intro_alpha_01.md:33:2	Germanic/docs/assembly/capr_book_intro_alpha_01.md:33:2	explicit_tag	Germanic/docs/assembly/capr_book_intro_alpha_01.md:33	\index[iv]{03pgmc@\ivlangheader{Proto-Germanic}{}!skuldramiz@\iventry{*skúldramiz}{}}	pgmc		*skúldramiz	skuldramiz	evidence_form	explicit_tag	Germanic/docs/assembly/capr_book_intro_alpha_01.md:33	1	Germanic/docs/assembly/capr_book_intro_alpha_01.md:33:2
Germanic/docs/lexeme_reports/model_entries/1933-adder-nǣdre.model.md:21:1	Germanic/docs/lexeme_reports/model_entries/1933-adder-nǣdre.model.md:21:1	explicit_tag	Germanic/docs/lexeme_reports/model_entries/1933-adder-nǣdre.model.md:21	\index[iv]{03pgmc@\ivlangheader{Proto-Germanic}{}!nadra@\iventry{*nadra-}{}}	pgmc		*nadra-	nadra	source_protoform	explicit_tag	Germanic/docs/lexeme_reports/model_entries/1933-adder-nǣdre.model.md:21	1	Germanic/docs/lexeme_reports/model_entries/1933-adder-nǣdre.model.md:21:1
Germanic/docs/lexeme_reports/model_entries/1933-adder-nǣdre.model.md:22:3	Germanic/docs/lexeme_reports/model_entries/1933-adder-nǣdre.model.md:22:3	explicit_tag	Germanic/docs/lexeme_reports/model_entries/1933-adder-nǣdre.model.md:22	\index[iv]{02oe@\ivlangheader{Old English}{West Saxon normalization unmarked}!naeddre@\iventry{næddre}{}}	oe		næddre	naeddre	evidence_form	explicit_tag	Germanic/docs/lexeme_reports/model_entries/1933-adder-nǣdre.model.md:22	1	Germanic/docs/lexeme_reports/model_entries/1933-adder-nǣdre.model.md:22:3
Germanic/docs/lexeme_reports/model_entries/1933-adder-nǣdre.model.md:22:2	Germanic/docs/lexeme_reports/model_entries/1933-adder-nǣdre.model.md:22:2	explicit_tag	Germanic/docs/lexeme_reports/model_entries/1933-adder-nǣdre.model.md:22	\index[iv]{02oe@\ivlangheader{Old English}{West Saxon normalization unmarked}!naedre@\iventry{nǣdre}{}}	oe		nǣdre	naedre	evidence_form	explicit_tag	Germanic/docs/lexeme_reports/model_entries/1933-adder-nǣdre.model.md:22	1	Germanic/docs/lexeme_reports/model_entries/1933-adder-nǣdre.model.md:22:2
Germanic/docs/lexeme_reports/model_entries/1933-adder-nǣdre.model.md:22:1	Germanic/docs/lexeme_reports/model_entries/1933-adder-nǣdre.model.md:22:1	explicit_tag	Germanic/docs/lexeme_reports/model_entries/1933-adder-nǣdre.model.md:22	\index[iv]{03pgmc@\ivlangheader{Proto-Germanic}{}!nedron@\iventry{*nēdrōn-}{}}	pgmc		*nēdrōn-	nedron	source_protoform	explicit_tag	Germanic/docs/lexeme_reports/model_entries/1933-adder-nǣdre.model.md:22	1	Germanic/docs/lexeme_reports/model_entries/1933-adder-nǣdre.model.md:22:1
Germanic/docs/lexeme_reports/model_entries/1933-adder-nǣdre.model.md:24:2	Germanic/docs/lexeme_reports/model_entries/1933-adder-nǣdre.model.md:24:2	explicit_tag	Germanic/docs/lexeme_reports/model_entries/1933-adder-nǣdre.model.md:24	\index[iv]{03pgmc@\ivlangheader{Proto-Germanic}{}!nadron@\iventry{*nadrōn}{}}	pgmc		*nadrōn	nadron	source_protoform	explicit_tag	Germanic/docs/lexeme_reports/model_entries/1933-adder-nǣdre.model.md:24	1	Germanic/docs/lexeme_reports/model_entries/1933-adder-nǣdre.model.md:24:2
Germanic/docs/lexeme_reports/model_entries/1933-adder-nǣdre.model.md:24:1	Germanic/docs/lexeme_reports/model_entries/1933-adder-nǣdre.model.md:24:1	explicit_tag	Germanic/docs/lexeme_reports/model_entries/1933-adder-nǣdre.model.md:24	\index[iv]{03pgmc@\ivlangheader{Proto-Germanic}{}!nedron@\iventry{*nēdrōn}{}}	pgmc		*nēdrōn	nedron	source_protoform	explicit_tag	Germanic/docs/lexeme_reports/model_entries/1933-adder-nǣdre.model.md:24	1	Germanic/docs/lexeme_reports/model_entries/1933-adder-nǣdre.model.md:24:1
Germanic/docs/lexeme_reports/model_entries/1933-adder-nǣdre.model.md:31:2	Germanic/docs/lexeme_reports/model_entries/1933-adder-nǣdre.model.md:31:2	explicit_tag	Germanic/docs/lexeme_reports/model_entries/1933-adder-nǣdre.model.md:31	\index[iv]{02oe@\ivlangheader{Old English}{West Saxon normalization unmarked}!naeddre@\iventry{næddre}{}}	oe		næddre	naeddre	evidence_form	explicit_tag	Germanic/docs/lexeme_reports/model_entries/1933-adder-nǣdre.model.md:31	1	Germanic/docs/lexeme_reports/model_entries/1933-adder-nǣdre.model.md:31:2
Germanic/docs/lexeme_reports/model_entries/1933-adder-nǣdre.model.md:31:1	Germanic/docs/lexeme_reports/model_entries/1933-adder-nǣdre.model.md:31:1	explicit_tag	Germanic/docs/lexeme_reports/model_entries/1933-adder-nǣdre.model.md:31	\index[iv]{02oe@\ivlangheader{Old English}{West Saxon normalization unmarked}!naedre@\iventry{nǣdre}{}}	oe		nǣdre	naedre	evidence_form	explicit_tag	Germanic/docs/lexeme_reports/model_entries/1933-adder-nǣdre.model.md:31	1	Germanic/docs/lexeme_reports/model_entries/1933-adder-nǣdre.model.md:31:1
Germanic/docs/lexeme_reports/model_entries/1933-adder-nǣdre.model.md:32:1	Germanic/docs/lexeme_reports/model_entries/1933-adder-nǣdre.model.md:32:1	explicit_tag	Germanic/docs/lexeme_reports/model_entries/1933-adder-nǣdre.model.md:32	\index[iv]{02oe@\ivlangheader{Old English}{West Saxon normalization unmarked}!naeddre@\iventry{næddre}{}}	oe		næddre	naeddre	evidence_form	explicit_tag	Germanic/docs/lexeme_reports/model_entries/1933-adder-nǣdre.model.md:32	1	Germanic/docs/lexeme_reports/model_entries/1933-adder-nǣdre.model.md:32:1
Germanic/docs/lexeme_reports/model_entries/1933-adder-nǣdre.model.md:32:2	Germanic/docs/lexeme_reports/model_entries/1933-adder-nǣdre.model.md:32:2	explicit_tag	Germanic/docs/lexeme_reports/model_entries/1933-adder-nǣdre.model.md:32	\index[iv]{02oe@\ivlangheader{Old English}{West Saxon normalization unmarked}!naedre@\iventry{nædre}{}}	oe		nædre	naedre	evidence_form	explicit_tag	Germanic/docs/lexeme_reports/model_entries/1933-adder-nǣdre.model.md:32	1	Germanic/docs/lexeme_reports/model_entries/1933-adder-nǣdre.model.md:32:2
Germanic/docs/lexeme_reports/model_entries/1933-adder-nǣdre.model.md:33:1	Germanic/docs/lexeme_reports/model_entries/1933-adder-nǣdre.model.md:33:1	explicit_tag	Germanic/docs/lexeme_reports/model_entries/1933-adder-nǣdre.model.md:33	\index[iv]{02oe@\ivlangheader{Old English}{West Saxon normalization unmarked}!naeddre@\iventry{næddre}{}}	oe		næddre	naeddre	evidence_form	explicit_tag	Germanic/docs/lexeme_reports/model_entries/1933-adder-nǣdre.model.md:33	1	Germanic/docs/lexeme_reports/model_entries/1933-adder-nǣdre.model.md:33:1
Germanic/docs/lexeme_reports/model_entries/1933-adder-nǣdre.model.md:38:2	Germanic/docs/lexeme_reports/model_entries/1933-adder-nǣdre.model.md:38:2	explicit_tag	Germanic/docs/lexeme_reports/model_entries/1933-adder-nǣdre.model.md:38	\index[iv]{02oe@\ivlangheader{Old English}{West Saxon normalization unmarked}!naedre@\iventry{nǣdre}{}}	oe		nǣdre	naedre	evidence_form	explicit_tag	Germanic/docs/lexeme_reports/model_entries/1933-adder-nǣdre.model.md:38	1	Germanic/docs/lexeme_reports/model_entries/1933-adder-nǣdre.model.md:38:2
Germanic/docs/lexeme_reports/model_entries/1933-adder-nǣdre.model.md:38:1	Germanic/docs/lexeme_reports/model_entries/1933-adder-nǣdre.model.md:38:1	explicit_tag	Germanic/docs/lexeme_reports/model_entries/1933-adder-nǣdre.model.md:38	\index[iv]{03pgmc@\ivlangheader{Proto-Germanic}{}!nedron@\iventry{*nḗdrōn}{}}	pgmc		*nḗdrōn	nedron	selected_input	explicit_tag	Germanic/docs/lexeme_reports/model_entries/1933-adder-nǣdre.model.md:38	1	Germanic/docs/lexeme_reports/model_entries/1933-adder-nǣdre.model.md:38:1
Germanic/docs/lexeme_reports/model_entries/1933-adder-nǣdre.model.md:39:1	Germanic/docs/lexeme_reports/model_entries/1933-adder-nǣdre.model.md:39:1	explicit_tag	Germanic/docs/lexeme_reports/model_entries/1933-adder-nǣdre.model.md:39	\index[iv]{02oe@\ivlangheader{Old English}{West Saxon normalization unmarked}!naedre@\iventry{nǣdre}{}}	oe		nǣdre	naedre	evidence_form	explicit_tag	Germanic/docs/lexeme_reports/model_entries/1933-adder-nǣdre.model.md:39	1	Germanic/docs/lexeme_reports/model_entries/1933-adder-nǣdre.model.md:39:1
Germanic/docs/lexeme_reports/model_entries/1933-adder-nǣdre.model.md:40:1	Germanic/docs/lexeme_reports/model_entries/1933-adder-nǣdre.model.md:40:1	explicit_tag	Germanic/docs/lexeme_reports/model_entries/1933-adder-nǣdre.model.md:40	\index[iv]{02oe@\ivlangheader{Old English}{West Saxon normalization unmarked}!naeddre@\iventry{næddre}{}}	oe		næddre	naeddre	evidence_form	explicit_tag	Germanic/docs/lexeme_reports/model_entries/1933-adder-nǣdre.model.md:40	1	Germanic/docs/lexeme_reports/model_entries/1933-adder-nǣdre.model.md:40:1
Germanic/docs/lexeme_reports/model_entries/1934-bake-bacan.model.md:21:2	Germanic/docs/lexeme_reports/model_entries/1934-bake-bacan.model.md:21:2	explicit_tag	Germanic/docs/lexeme_reports/model_entries/1934-bake-bacan.model.md:21	\index[iv]{02oe@\ivlangheader{Old English}{West Saxon normalization unmarked}!bacan@\iventry{bacan}{}}	oe		bacan	bacan	evidence_form	explicit_tag	Germanic/docs/lexeme_reports/model_entries/1934-bake-bacan.model.md:21	1	Germanic/docs/lexeme_reports/model_entries/1934-bake-bacan.model.md:21:2
Germanic/docs/lexeme_reports/model_entries/1934-bake-bacan.model.md:21:3	Germanic/docs/lexeme_reports/model_entries/1934-bake-bacan.model.md:21:3	explicit_tag	Germanic/docs/lexeme_reports/model_entries/1934-bake-bacan.model.md:21	\index[iv]{02oe@\ivlangheader{Old English}{West Saxon normalization unmarked}!bacan@\iventry{bacan}{}}	oe		bacan	bacan	evidence_form	explicit_tag	Germanic/docs/lexeme_reports/model_entries/1934-bake-bacan.model.md:21	1	Germanic/docs/lexeme_reports/model_entries/1934-bake-bacan.model.md:21:3
Germanic/docs/lexeme_reports/model_entries/1934-bake-bacan.model.md:21:5	Germanic/docs/lexeme_reports/model_entries/1934-bake-bacan.model.md:21:5	explicit_tag	Germanic/docs/lexeme_reports/model_entries/1934-bake-bacan.model.md:21	\index[iv]{02oe@\ivlangheader{Old English}{West Saxon normalization unmarked}!bacan@\iventry{bacan}{}}	oe		bacan	bacan	evidence_form	explicit_tag	Germanic/docs/lexeme_reports/model_entries/1934-bake-bacan.model.md:21	1	Germanic/docs/lexeme_reports/model_entries/1934-bake-bacan.model.md:21:5
Germanic/docs/lexeme_reports/model_entries/1934-bake-bacan.model.md:21:4	Germanic/docs/lexeme_reports/model_entries/1934-bake-bacan.model.md:21:4	explicit_tag	Germanic/docs/lexeme_reports/model_entries/1934-bake-bacan.model.md:21	\index[iv]{05pwgmc@\ivlangheader{Proto-West Germanic}{}!bakan@\iventry{*bakan}{}}	pwgmc		*bakan	bakan	comparison_form	explicit_tag	Germanic/docs/lexeme_reports/model_entries/1934-bake-bacan.model.md:21	1	Germanic/docs/lexeme_reports/model_entries/1934-bake-bacan.model.md:21:4
Germanic/docs/lexeme_reports/model_entries/1934-bake-bacan.model.md:21:1	Germanic/docs/lexeme_reports/model_entries/1934-bake-bacan.model.md:21:1	explicit_tag	Germanic/docs/lexeme_reports/model_entries/1934-bake-bacan.model.md:21	\index[iv]{03pgmc@\ivlangheader{Proto-Germanic}{}!bakanan@\iventry{*bakanan}{}}	pgmc		*bakanan	bakanan	evidence_form	explicit_tag	Germanic/docs/lexeme_reports/model_entries/1934-bake-bacan.model.md:21	1	Germanic/docs/lexeme_reports/model_entries/1934-bake-bacan.model.md:21:1
Germanic/docs/lexeme_reports/model_entries/1934-bake-bacan.model.md:25:1	Germanic/docs/lexeme_reports/model_entries/1934-bake-bacan.model.md:25:1	explicit_tag	Germanic/docs/lexeme_reports/model_entries/1934-bake-bacan.model.md:25	\index[iv]{02oe@\ivlangheader{Old English}{West Saxon normalization unmarked}!bacan@\iventry{bacan}{}}	oe		bacan	bacan	evidence_form	explicit_tag	Germanic/docs/lexeme_reports/model_entries/1934-bake-bacan.model.md:25	1	Germanic/docs/lexeme_reports/model_entries/1934-bake-bacan.model.md:25:1
Germanic/docs/lexeme_reports/model_entries/1934-bake-bacan.model.md:29:2	Germanic/docs/lexeme_reports/model_entries/1934-bake-bacan.model.md:29:2	explicit_tag	Germanic/docs/lexeme_reports/model_entries/1934-bake-bacan.model.md:29	\index[iv]{02oe@\ivlangheader{Old English}{West Saxon normalization unmarked}!bacan@\iventry{bacan}{}}	oe		bacan	bacan	evidence_form	explicit_tag	Germanic/docs/lexeme_reports/model_entries/1934-bake-bacan.model.md:29	1	Germanic/docs/lexeme_reports/model_entries/1934-bake-bacan.model.md:29:2
Germanic/docs/lexeme_reports/model_entries/1934-bake-bacan.model.md:29:4	Germanic/docs/lexeme_reports/model_entries/1934-bake-bacan.model.md:29:4	explicit_tag	Germanic/docs/lexeme_reports/model_entries/1934-bake-bacan.model.md:29	\index[iv]{02oe@\ivlangheader{Old English}{West Saxon normalization unmarked}!bacan@\iventry{bacan}{}}	oe		bacan	bacan	evidence_form	explicit_tag	Germanic/docs/lexeme_reports/model_entries/1934-bake-bacan.model.md:29	1	Germanic/docs/lexeme_reports/model_entries/1934-bake-bacan.model.md:29:4
Germanic/docs/lexeme_reports/model_entries/1934-bake-bacan.model.md:29:1	Germanic/docs/lexeme_reports/model_entries/1934-bake-bacan.model.md:29:1	explicit_tag	Germanic/docs/lexeme_reports/model_entries/1934-bake-bacan.model.md:29	\index[iv]{03pgmc@\ivlangheader{Proto-Germanic}{}!bakana@\iventry{*bákaną}{}}	pgmc		*bákaną	bakana	evidence_form	explicit_tag	Germanic/docs/lexeme_reports/model_entries/1934-bake-bacan.model.md:29	1	Germanic/docs/lexeme_reports/model_entries/1934-bake-bacan.model.md:29:1
Germanic/docs/lexeme_reports/model_entries/1934-bake-bacan.model.md:29:3	Germanic/docs/lexeme_reports/model_entries/1934-bake-bacan.model.md:29:3	explicit_tag	Germanic/docs/lexeme_reports/model_entries/1934-bake-bacan.model.md:29	\index[iv]{03pgmc@\ivlangheader{Proto-Germanic}{}!bakana@\iventry{*bákaną}{}}	pgmc		*bákaną	bakana	evidence_form	explicit_tag	Germanic/docs/lexeme_reports/model_entries/1934-bake-bacan.model.md:29	1	Germanic/docs/lexeme_reports/model_entries/1934-bake-bacan.model.md:29:3
Germanic/docs/lexeme_reports/model_entries/1936-ban-bannes.model.md:21:1	Germanic/docs/lexeme_reports/model_entries/1936-ban-bannes.model.md:21:1	explicit_tag	Germanic/docs/lexeme_reports/model_entries/1936-ban-bannes.model.md:21	\index[iv]{03pgmc@\ivlangheader{Proto-Germanic}{}!bannan@\iventry{*bannan}{}}	pgmc		*bannan	bannan	source_protoform	explicit_tag	Germanic/docs/lexeme_reports/model_entries/1936-ban-bannes.model.md:21	1	Germanic/docs/lexeme_reports/model_entries/1936-ban-bannes.model.md:21:1
Germanic/docs/lexeme_reports/model_entries/1936-ban-bannes.model.md:22:1	Germanic/docs/lexeme_reports/model_entries/1936-ban-bannes.model.md:22:1	explicit_tag	Germanic/docs/lexeme_reports/model_entries/1936-ban-bannes.model.md:22	\index[iv]{02oe@\ivlangheader{Old English}{West Saxon normalization unmarked}!gebann@\iventry{gebann}{}}	oe		gebann	gebann	comparison_form	explicit_tag	Germanic/docs/lexeme_reports/model_entries/1936-ban-bannes.model.md:22	1	Germanic/docs/lexeme_reports/model_entries/1936-ban-bannes.model.md:22:1
Germanic/docs/lexeme_reports/model_entries/1936-ban-bannes.model.md:23:1	Germanic/docs/lexeme_reports/model_entries/1936-ban-bannes.model.md:23:1	explicit_tag	Germanic/docs/lexeme_reports/model_entries/1936-ban-bannes.model.md:23	\index[iv]{03pgmc@\ivlangheader{Proto-Germanic}{}!banna@\iventry{*bánną}{}}	pgmc		*bánną	banna	source_protoform	explicit_tag	Germanic/docs/lexeme_reports/model_entries/1936-ban-bannes.model.md:23	1	Germanic/docs/lexeme_reports/model_entries/1936-ban-bannes.model.md:23:1
Germanic/docs/lexeme_reports/model_entries/1936-ban-bannes.model.md:25:1	Germanic/docs/lexeme_reports/model_entries/1936-ban-bannes.model.md:25:1	explicit_tag	Germanic/docs/lexeme_reports/model_entries/1936-ban-bannes.model.md:25	\index[iv]{03pgmc@\ivlangheader{Proto-Germanic}{}!bannas@\iventry{*bánnas}{}}	pgmc		*bánnas	bannas	selected_input	explicit_tag	Germanic/docs/lexeme_reports/model_entries/1936-ban-bannes.model.md:25	1	Germanic/docs/lexeme_reports/model_entries/1936-ban-bannes.model.md:25:1
Germanic/docs/lexeme_reports/model_entries/1936-ban-bannes.model.md:32:1	Germanic/docs/lexeme_reports/model_entries/1936-ban-bannes.model.md:32:1	explicit_tag	Germanic/docs/lexeme_reports/model_entries/1936-ban-bannes.model.md:32	\index[iv]{02oe@\ivlangheader{Old English}{West Saxon normalization unmarked}!gebann@\iventry{ge-bann}{}}	oe		ge-bann	gebann	comparison_form	explicit_tag	Germanic/docs/lexeme_reports/model_entries/1936-ban-bannes.model.md:32	1	Germanic/docs/lexeme_reports/model_entries/1936-ban-bannes.model.md:32:1
Germanic/docs/lexeme_reports/model_entries/1936-ban-bannes.model.md:33:1	Germanic/docs/lexeme_reports/model_entries/1936-ban-bannes.model.md:33:1	explicit_tag	Germanic/docs/lexeme_reports/model_entries/1936-ban-bannes.model.md:33	\index[iv]{02oe@\ivlangheader{Old English}{West Saxon normalization unmarked}!gebanne@\iventry{gebanne}{}}	oe		gebanne	gebanne	comparison_form	explicit_tag	Germanic/docs/lexeme_reports/model_entries/1936-ban-bannes.model.md:33	1	Germanic/docs/lexeme_reports/model_entries/1936-ban-bannes.model.md:33:1
Germanic/docs/lexeme_reports/model_entries/1936-ban-bannes.model.md:34:1	Germanic/docs/lexeme_reports/model_entries/1936-ban-bannes.model.md:34:1	explicit_tag	Germanic/docs/lexeme_reports/model_entries/1936-ban-bannes.model.md:34	\index[iv]{02oe@\ivlangheader{Old English}{West Saxon normalization unmarked}!bannes@\iventry{bannes}{}}	oe		bannes	bannes	target_form	explicit_tag	Germanic/docs/lexeme_reports/model_entries/1936-ban-bannes.model.md:34	1	Germanic/docs/lexeme_reports/model_entries/1936-ban-bannes.model.md:34:1
Germanic/docs/lexeme_reports/model_entries/1936-ban-bannes.model.md:40:1	Germanic/docs/lexeme_reports/model_entries/1936-ban-bannes.model.md:40:1	explicit_tag	Germanic/docs/lexeme_reports/model_entries/1936-ban-bannes.model.md:40	\index[iv]{03pgmc@\ivlangheader{Proto-Germanic}{}!bannas@\iventry{*bánnas}{}}	pgmc		*bánnas	bannas	selected_input	explicit_tag	Germanic/docs/lexeme_reports/model_entries/1936-ban-bannes.model.md:40	1	Germanic/docs/lexeme_reports/model_entries/1936-ban-bannes.model.md:40:1
Germanic/docs/lexeme_reports/model_entries/1936-ban-bannes.model.md:41:1	Germanic/docs/lexeme_reports/model_entries/1936-ban-bannes.model.md:41:1	explicit_tag	Germanic/docs/lexeme_reports/model_entries/1936-ban-bannes.model.md:41	\index[iv]{02oe@\ivlangheader{Old English}{West Saxon normalization unmarked}!bannes@\iventry{bannes}{}}	oe		bannes	bannes	target_form	explicit_tag	Germanic/docs/lexeme_reports/model_entries/1936-ban-bannes.model.md:41	1	Germanic/docs/lexeme_reports/model_entries/1936-ban-bannes.model.md:41:1
Germanic/docs/lexeme_reports/model_entries/1936-ban-bannes.model.md:42:1	Germanic/docs/lexeme_reports/model_entries/1936-ban-bannes.model.md:42:1	explicit_tag	Germanic/docs/lexeme_reports/model_entries/1936-ban-bannes.model.md:42	\index[iv]{02oe@\ivlangheader{Old English}{West Saxon normalization unmarked}!ban@\iventry{ban}{}}	oe		ban	ban	comparison_form	explicit_tag	Germanic/docs/lexeme_reports/model_entries/1936-ban-bannes.model.md:42	1	Germanic/docs/lexeme_reports/model_entries/1936-ban-bannes.model.md:42:1
Germanic/docs/lexeme_reports/model_entries/1936-ban-bannes.model.md:52:1	Germanic/docs/lexeme_reports/model_entries/1936-ban-bannes.model.md:52:1	explicit_tag	Germanic/docs/lexeme_reports/model_entries/1936-ban-bannes.model.md:52	\index[iv]{03pgmc@\ivlangheader{Proto-Germanic}{}!banna@\iventry{*bánną}{}}	pgmc		*bánną	banna	source_protoform	explicit_tag	Germanic/docs/lexeme_reports/model_entries/1936-ban-bannes.model.md:52	1	Germanic/docs/lexeme_reports/model_entries/1936-ban-bannes.model.md:52:1
Germanic/docs/lexeme_reports/model_entries/1936-ban-bannes.model.md:53:1	Germanic/docs/lexeme_reports/model_entries/1936-ban-bannes.model.md:53:1	explicit_tag	Germanic/docs/lexeme_reports/model_entries/1936-ban-bannes.model.md:53	\index[iv]{03pgmc@\ivlangheader{Proto-Germanic}{}!bannas@\iventry{*bánnas}{}}	pgmc		*bánnas	bannas	selected_input	explicit_tag	Germanic/docs/lexeme_reports/model_entries/1936-ban-bannes.model.md:53	1	Germanic/docs/lexeme_reports/model_entries/1936-ban-bannes.model.md:53:1
Germanic/docs/lexeme_reports/model_entries/1936-ban-bannes.model.md:53:2	Germanic/docs/lexeme_reports/model_entries/1936-ban-bannes.model.md:53:2	explicit_tag	Germanic/docs/lexeme_reports/model_entries/1936-ban-bannes.model.md:53	\index[iv]{02oe@\ivlangheader{Old English}{West Saxon normalization unmarked}!bannes@\iventry{bannes}{}}	oe		bannes	bannes	target_form	explicit_tag	Germanic/docs/lexeme_reports/model_entries/1936-ban-bannes.model.md:53	1	Germanic/docs/lexeme_reports/model_entries/1936-ban-bannes.model.md:53:2
Germanic/docs/lexeme_reports/model_entries/1942-beech-bōc.model.md:21:1	Germanic/docs/lexeme_reports/model_entries/1942-beech-bōc.model.md:21:1	explicit_tag	Germanic/docs/lexeme_reports/model_entries/1942-beech-bōc.model.md:21	\index[iv]{02oe@\ivlangheader{Old English}{West Saxon normalization unmarked}!bece@\iventry{bēce}{}}	oe		bēce	bece	evidence_form	explicit_tag	Germanic/docs/lexeme_reports/model_entries/1942-beech-bōc.model.md:21	1	Germanic/docs/lexeme_reports/model_entries/1942-beech-bōc.model.md:21:1
Germanic/docs/lexeme_reports/model_entries/1942-beech-bōc.model.md:25:1	Germanic/docs/lexeme_reports/model_entries/1942-beech-bōc.model.md:25:1	explicit_tag	Germanic/docs/lexeme_reports/model_entries/1942-beech-bōc.model.md:25	\index[iv]{02oe@\ivlangheader{Old English}{West Saxon normalization unmarked}!bece@\iventry{bēce}{}}	oe		bēce	bece	evidence_form	explicit_tag	Germanic/docs/lexeme_reports/model_entries/1942-beech-bōc.model.md:25	1	Germanic/docs/lexeme_reports/model_entries/1942-beech-bōc.model.md:25:1
Germanic/docs/lexeme_reports/model_entries/1942-beech-bōc.model.md:25:2	Germanic/docs/lexeme_reports/model_entries/1942-beech-bōc.model.md:25:2	explicit_tag	Germanic/docs/lexeme_reports/model_entries/1942-beech-bōc.model.md:25	\index[iv]{02oe@\ivlangheader{Old English}{West Saxon normalization unmarked}!bece@\iventry{bēċe}{}}	oe		bēċe	bece	evidence_form	explicit_tag	Germanic/docs/lexeme_reports/model_entries/1942-beech-bōc.model.md:25	1	Germanic/docs/lexeme_reports/model_entries/1942-beech-bōc.model.md:25:2
Germanic/docs/lexeme_reports/model_entries/1943-begin-beġinnan.model.md:21:1	Germanic/docs/lexeme_reports/model_entries/1943-begin-beġinnan.model.md:21:1	explicit_tag	Germanic/docs/lexeme_reports/model_entries/1943-begin-beġinnan.model.md:21	\index[iv]{03pgmc@\ivlangheader{Proto-Germanic}{}!biginnana@\iventry{*bigínnaną}{}}	pgmc		*bigínnaną	biginnana	evidence_form	explicit_tag	Germanic/docs/lexeme_reports/model_entries/1943-begin-beġinnan.model.md:21	1	Germanic/docs/lexeme_reports/model_entries/1943-begin-beġinnan.model.md:21:1
Germanic/docs/lexeme_reports/model_entries/1943-begin-beġinnan.model.md:21:2	Germanic/docs/lexeme_reports/model_entries/1943-begin-beġinnan.model.md:21:2	explicit_tag	Germanic/docs/lexeme_reports/model_entries/1943-begin-beġinnan.model.md:21	\index[iv]{02oe@\ivlangheader{Old English}{West Saxon normalization unmarked}!ginnan@\iventry{ginnan}{}}	oe		ginnan	ginnan	evidence_form	explicit_tag	Germanic/docs/lexeme_reports/model_entries/1943-begin-beġinnan.model.md:21	1	Germanic/docs/lexeme_reports/model_entries/1943-begin-beġinnan.model.md:21:2
Germanic/docs/lexeme_reports/model_entries/1943-begin-beġinnan.model.md:25:1	Germanic/docs/lexeme_reports/model_entries/1943-begin-beġinnan.model.md:25:1	explicit_tag	Germanic/docs/lexeme_reports/model_entries/1943-begin-beġinnan.model.md:25	\index[iv]{02oe@\ivlangheader{Old English}{West Saxon normalization unmarked}!beginnan@\iventry{be-ginnan}{}}	oe		be-ginnan	beginnan	evidence_form	explicit_tag	Germanic/docs/lexeme_reports/model_entries/1943-begin-beġinnan.model.md:25	1	Germanic/docs/lexeme_reports/model_entries/1943-begin-beġinnan.model.md:25:1
Germanic/docs/lexeme_reports/model_entries/1943-begin-beġinnan.model.md:25:2	Germanic/docs/lexeme_reports/model_entries/1943-begin-beġinnan.model.md:25:2	explicit_tag	Germanic/docs/lexeme_reports/model_entries/1943-begin-beġinnan.model.md:25	\index[iv]{02oe@\ivlangheader{Old English}{West Saxon normalization unmarked}!beginnan@\iventry{beginnan}{}}	oe		beginnan	beginnan	evidence_form	explicit_tag	Germanic/docs/lexeme_reports/model_entries/1943-begin-beġinnan.model.md:25	1	Germanic/docs/lexeme_reports/model_entries/1943-begin-beġinnan.model.md:25:2
Germanic/docs/lexeme_reports/model_entries/1943-begin-beġinnan.model.md:25:3	Germanic/docs/lexeme_reports/model_entries/1943-begin-beġinnan.model.md:25:3	explicit_tag	Germanic/docs/lexeme_reports/model_entries/1943-begin-beġinnan.model.md:25	\index[iv]{02oe@\ivlangheader{Old English}{West Saxon normalization unmarked}!beginnan@\iventry{beġinnan}{}}	oe		beġinnan	beginnan	evidence_form	explicit_tag	Germanic/docs/lexeme_reports/model_entries/1943-begin-beġinnan.model.md:25	1	Germanic/docs/lexeme_reports/model_entries/1943-begin-beġinnan.model.md:25:3
Germanic/docs/lexeme_reports/model_entries/1943-begin-beġinnan.model.md:33:2	Germanic/docs/lexeme_reports/model_entries/1943-begin-beġinnan.model.md:33:2	explicit_tag	Germanic/docs/lexeme_reports/model_entries/1943-begin-beġinnan.model.md:33	\index[iv]{02oe@\ivlangheader{Old English}{West Saxon normalization unmarked}!beginnan@\iventry{beġinnan}{}}	oe		beġinnan	beginnan	evidence_form	explicit_tag	Germanic/docs/lexeme_reports/model_entries/1943-begin-beġinnan.model.md:33	1	Germanic/docs/lexeme_reports/model_entries/1943-begin-beġinnan.model.md:33:2
Germanic/docs/lexeme_reports/model_entries/1943-begin-beġinnan.model.md:33:1	Germanic/docs/lexeme_reports/model_entries/1943-begin-beġinnan.model.md:33:1	explicit_tag	Germanic/docs/lexeme_reports/model_entries/1943-begin-beġinnan.model.md:33	\index[iv]{03pgmc@\ivlangheader{Proto-Germanic}{}!biginnana@\iventry{*bigínnaną}{}}	pgmc		*bigínnaną	biginnana	evidence_form	explicit_tag	Germanic/docs/lexeme_reports/model_entries/1943-begin-beġinnan.model.md:33	1	Germanic/docs/lexeme_reports/model_entries/1943-begin-beġinnan.model.md:33:1
Germanic/docs/lexeme_reports/model_entries/1946-berry-berġes.model.md:21:1	Germanic/docs/lexeme_reports/model_entries/1946-berry-berġes.model.md:21:1	explicit_tag	Germanic/docs/lexeme_reports/model_entries/1946-berry-berġes.model.md:21	\index[iv]{03pgmc@\ivlangheader{Proto-Germanic}{}!basja@\iventry{*basja-}{}}	pgmc		*basja-	basja	source_protoform	explicit_tag	Germanic/docs/lexeme_reports/model_entries/1946-berry-berġes.model.md:21	1	Germanic/docs/lexeme_reports/model_entries/1946-berry-berġes.model.md:21:1
Germanic/docs/lexeme_reports/model_entries/1946-berry-berġes.model.md:21:2	Germanic/docs/lexeme_reports/model_entries/1946-berry-berġes.model.md:21:2	explicit_tag	Germanic/docs/lexeme_reports/model_entries/1946-berry-berġes.model.md:21	\index[iv]{03pgmc@\ivlangheader{Proto-Germanic}{}!bazja@\iventry{*bazja-}{}}	pgmc		*bazja-	bazja	source_protoform	explicit_tag	Germanic/docs/lexeme_reports/model_entries/1946-berry-berġes.model.md:21	1	Germanic/docs/lexeme_reports/model_entries/1946-berry-berġes.model.md:21:2
Germanic/docs/lexeme_reports/model_entries/1946-berry-berġes.model.md:22:1	Germanic/docs/lexeme_reports/model_entries/1946-berry-berġes.model.md:22:1	explicit_tag	Germanic/docs/lexeme_reports/model_entries/1946-berry-berġes.model.md:22	\index[iv]{03pgmc@\ivlangheader{Proto-Germanic}{}!bazjas@\iventry{*bázjas}{}}	pgmc		*bázjas	bazjas	selected_input	explicit_tag	Germanic/docs/lexeme_reports/model_entries/1946-berry-berġes.model.md:22	1	Germanic/docs/lexeme_reports/model_entries/1946-berry-berġes.model.md:22:1
Germanic/docs/lexeme_reports/model_entries/1946-berry-berġes.model.md:26:1	Germanic/docs/lexeme_reports/model_entries/1946-berry-berġes.model.md:26:1	explicit_tag	Germanic/docs/lexeme_reports/model_entries/1946-berry-berġes.model.md:26	\index[iv]{02oe@\ivlangheader{Old English}{West Saxon normalization unmarked}!here@\iventry{here}{}}	oe		here	here	comparison_form	explicit_tag	Germanic/docs/lexeme_reports/model_entries/1946-berry-berġes.model.md:26	1	Germanic/docs/lexeme_reports/model_entries/1946-berry-berġes.model.md:26:1
Germanic/docs/lexeme_reports/model_entries/1946-berry-berġes.model.md:26:2	Germanic/docs/lexeme_reports/model_entries/1946-berry-berġes.model.md:26:2	explicit_tag	Germanic/docs/lexeme_reports/model_entries/1946-berry-berġes.model.md:26	\index[iv]{02oe@\ivlangheader{Old English}{West Saxon normalization unmarked}!herges@\iventry{herges}{}}	oe		herges	herges	comparison_form	explicit_tag	Germanic/docs/lexeme_reports/model_entries/1946-berry-berġes.model.md:26	1	Germanic/docs/lexeme_reports/model_entries/1946-berry-berġes.model.md:26:2
Germanic/docs/lexeme_reports/model_entries/1946-berry-berġes.model.md:31:1	Germanic/docs/lexeme_reports/model_entries/1946-berry-berġes.model.md:31:1	explicit_tag	Germanic/docs/lexeme_reports/model_entries/1946-berry-berġes.model.md:31	\index[iv]{02oe@\ivlangheader{Old English}{West Saxon normalization unmarked}!berige@\iventry{berige}{}}	oe		berige	berige	comparison_form	explicit_tag	Germanic/docs/lexeme_reports/model_entries/1946-berry-berġes.model.md:31	1	Germanic/docs/lexeme_reports/model_entries/1946-berry-berġes.model.md:31:1
Germanic/docs/lexeme_reports/model_entries/1946-berry-berġes.model.md:33:1	Germanic/docs/lexeme_reports/model_entries/1946-berry-berġes.model.md:33:1	explicit_tag	Germanic/docs/lexeme_reports/model_entries/1946-berry-berġes.model.md:33	\index[iv]{02oe@\ivlangheader{Old English}{West Saxon normalization unmarked}!berges@\iventry{berġes}{}}	oe		berġes	berges	target_form	explicit_tag	Germanic/docs/lexeme_reports/model_entries/1946-berry-berġes.model.md:33	1	Germanic/docs/lexeme_reports/model_entries/1946-berry-berġes.model.md:33:1
Germanic/docs/lexeme_reports/model_entries/1946-berry-berġes.model.md:39:1	Germanic/docs/lexeme_reports/model_entries/1946-berry-berġes.model.md:39:1	explicit_tag	Germanic/docs/lexeme_reports/model_entries/1946-berry-berġes.model.md:39	\index[iv]{03pgmc@\ivlangheader{Proto-Germanic}{}!bazja@\iventry{*bázją}{}}	pgmc		*bázją	bazja	source_protoform	explicit_tag	Germanic/docs/lexeme_reports/model_entries/1946-berry-berġes.model.md:39	1	Germanic/docs/lexeme_reports/model_entries/1946-berry-berġes.model.md:39:1
Germanic/docs/lexeme_reports/model_entries/1946-berry-berġes.model.md:40:1	Germanic/docs/lexeme_reports/model_entries/1946-berry-berġes.model.md:40:1	explicit_tag	Germanic/docs/lexeme_reports/model_entries/1946-berry-berġes.model.md:40	\index[iv]{03pgmc@\ivlangheader{Proto-Germanic}{}!bazjas@\iventry{*bázjas}{}}	pgmc		*bázjas	bazjas	selected_input	explicit_tag	Germanic/docs/lexeme_reports/model_entries/1946-berry-berġes.model.md:40	1	Germanic/docs/lexeme_reports/model_entries/1946-berry-berġes.model.md:40:1
Germanic/docs/lexeme_reports/model_entries/1946-berry-berġes.model.md:40:2	Germanic/docs/lexeme_reports/model_entries/1946-berry-berġes.model.md:40:2	explicit_tag	Germanic/docs/lexeme_reports/model_entries/1946-berry-berġes.model.md:40	\index[iv]{02oe@\ivlangheader{Old English}{West Saxon normalization unmarked}!berges@\iventry{berġes}{}}	oe		berġes	berges	target_form	explicit_tag	Germanic/docs/lexeme_reports/model_entries/1946-berry-berġes.model.md:40	1	Germanic/docs/lexeme_reports/model_entries/1946-berry-berġes.model.md:40:2
Germanic/docs/lexeme_reports/model_entries/1946-berry-berġes.model.md:41:2	Germanic/docs/lexeme_reports/model_entries/1946-berry-berġes.model.md:41:2	explicit_tag	Germanic/docs/lexeme_reports/model_entries/1946-berry-berġes.model.md:41	\index[iv]{02oe@\ivlangheader{Old English}{West Saxon normalization unmarked}!here@\iventry{here}{}}	oe		here	here	comparison_form	explicit_tag	Germanic/docs/lexeme_reports/model_entries/1946-berry-berġes.model.md:41	1	Germanic/docs/lexeme_reports/model_entries/1946-berry-berġes.model.md:41:2
Germanic/docs/lexeme_reports/model_entries/1946-berry-berġes.model.md:41:1	Germanic/docs/lexeme_reports/model_entries/1946-berry-berġes.model.md:41:1	explicit_tag	Germanic/docs/lexeme_reports/model_entries/1946-berry-berġes.model.md:41	\index[iv]{02oe@\ivlangheader{Old English}{West Saxon normalization unmarked}!herges@\iventry{herges}{}}	oe		herges	herges	comparison_form	explicit_tag	Germanic/docs/lexeme_reports/model_entries/1946-berry-berġes.model.md:41	1	Germanic/docs/lexeme_reports/model_entries/1946-berry-berġes.model.md:41:1
Germanic/docs/lexeme_reports/model_entries/1946-berry-berġes.model.md:51:1	Germanic/docs/lexeme_reports/model_entries/1946-berry-berġes.model.md:51:1	explicit_tag	Germanic/docs/lexeme_reports/model_entries/1946-berry-berġes.model.md:51	\index[iv]{03pgmc@\ivlangheader{Proto-Germanic}{}!bazja@\iventry{*bázją}{}}	pgmc		*bázją	bazja	source_protoform	explicit_tag	Germanic/docs/lexeme_reports/model_entries/1946-berry-berġes.model.md:51	1	Germanic/docs/lexeme_reports/model_entries/1946-berry-berġes.model.md:51:1
Germanic/docs/lexeme_reports/model_entries/1946-berry-berġes.model.md:51:4	Germanic/docs/lexeme_reports/model_entries/1946-berry-berġes.model.md:51:4	explicit_tag	Germanic/docs/lexeme_reports/model_entries/1946-berry-berġes.model.md:51	\index[iv]{02oe@\ivlangheader{Old English}{West Saxon normalization unmarked}!berge@\iventry{berġe}{}}	oe		berġe	berge	comparison_form	explicit_tag	Germanic/docs/lexeme_reports/model_entries/1946-berry-berġes.model.md:51	1	Germanic/docs/lexeme_reports/model_entries/1946-berry-berġes.model.md:51:4
Germanic/docs/lexeme_reports/model_entries/1946-berry-berġes.model.md:51:3	Germanic/docs/lexeme_reports/model_entries/1946-berry-berġes.model.md:51:3	explicit_tag	Germanic/docs/lexeme_reports/model_entries/1946-berry-berġes.model.md:51	\index[iv]{02oe@\ivlangheader{Old English}{West Saxon normalization unmarked}!berige@\iventry{berige}{}}	oe		berige	berige	comparison_form	explicit_tag	Germanic/docs/lexeme_reports/model_entries/1946-berry-berġes.model.md:51	1	Germanic/docs/lexeme_reports/model_entries/1946-berry-berġes.model.md:51:3
Germanic/docs/lexeme_reports/model_entries/1946-berry-berġes.model.md:52:1	Germanic/docs/lexeme_reports/model_entries/1946-berry-berġes.model.md:52:1	explicit_tag	Germanic/docs/lexeme_reports/model_entries/1946-berry-berġes.model.md:52	\index[iv]{03pgmc@\ivlangheader{Proto-Germanic}{}!bazjas@\iventry{*bázjas}{}}	pgmc		*bázjas	bazjas	selected_input	explicit_tag	Germanic/docs/lexeme_reports/model_entries/1946-berry-berġes.model.md:52	1	Germanic/docs/lexeme_reports/model_entries/1946-berry-berġes.model.md:52:1
Germanic/docs/lexeme_reports/model_entries/1946-berry-berġes.model.md:52:2	Germanic/docs/lexeme_reports/model_entries/1946-berry-berġes.model.md:52:2	explicit_tag	Germanic/docs/lexeme_reports/model_entries/1946-berry-berġes.model.md:52	\index[iv]{02oe@\ivlangheader{Old English}{West Saxon normalization unmarked}!berges@\iventry{berġes}{}}	oe		berġes	berges	target_form	explicit_tag	Germanic/docs/lexeme_reports/model_entries/1946-berry-berġes.model.md:52	1	Germanic/docs/lexeme_reports/model_entries/1946-berry-berġes.model.md:52:2
Germanic/docs/lexeme_reports/model_entries/1949-bier-bǣr.model.md:21:3	Germanic/docs/lexeme_reports/model_entries/1949-bier-bǣr.model.md:21:3	explicit_tag	Germanic/docs/lexeme_reports/model_entries/1949-bier-bǣr.model.md:21	\index[iv]{02oe@\ivlangheader{Old English}{West Saxon normalization unmarked}!baer@\iventry{bær}{}}	oe		bær	baer	evidence_form	explicit_tag	Germanic/docs/lexeme_reports/model_entries/1949-bier-bǣr.model.md:21	1	Germanic/docs/lexeme_reports/model_entries/1949-bier-bǣr.model.md:21:3
Germanic/docs/lexeme_reports/model_entries/1949-bier-bǣr.model.md:21:2	Germanic/docs/lexeme_reports/model_entries/1949-bier-bǣr.model.md:21:2	explicit_tag	Germanic/docs/lexeme_reports/model_entries/1949-bier-bǣr.model.md:21	\index[iv]{02oe@\ivlangheader{Old English}{West Saxon normalization unmarked}!bar@\iventry{bar}{}}	oe		bar	bar	evidence_form	explicit_tag	Germanic/docs/lexeme_reports/model_entries/1949-bier-bǣr.model.md:21	1	Germanic/docs/lexeme_reports/model_entries/1949-bier-bǣr.model.md:21:2
Germanic/docs/lexeme_reports/model_entries/1949-bier-bǣr.model.md:21:1	Germanic/docs/lexeme_reports/model_entries/1949-bier-bǣr.model.md:21:1	explicit_tag	Germanic/docs/lexeme_reports/model_entries/1949-bier-bǣr.model.md:21	\index[iv]{03pgmc@\ivlangheader{Proto-Germanic}{}!bero@\iventry{*bērō-}{}}	pgmc		*bērō-	bero	evidence_form	explicit_tag	Germanic/docs/lexeme_reports/model_entries/1949-bier-bǣr.model.md:21	1	Germanic/docs/lexeme_reports/model_entries/1949-bier-bǣr.model.md:21:1
Germanic/docs/lexeme_reports/model_entries/1949-bier-bǣr.model.md:21:4	Germanic/docs/lexeme_reports/model_entries/1949-bier-bǣr.model.md:21:4	explicit_tag	Germanic/docs/lexeme_reports/model_entries/1949-bier-bǣr.model.md:21	\index[iv]{03pgmc@\ivlangheader{Proto-Germanic}{}!bero@\iventry{*bḗrō}{}}	pgmc		*bḗrō	bero	evidence_form	explicit_tag	Germanic/docs/lexeme_reports/model_entries/1949-bier-bǣr.model.md:21	1	Germanic/docs/lexeme_reports/model_entries/1949-bier-bǣr.model.md:21:4
Germanic/docs/lexeme_reports/model_entries/1949-bier-bǣr.model.md:25:1	Germanic/docs/lexeme_reports/model_entries/1949-bier-bǣr.model.md:25:1	explicit_tag	Germanic/docs/lexeme_reports/model_entries/1949-bier-bǣr.model.md:25	\index[iv]{02oe@\ivlangheader{Old English}{West Saxon normalization unmarked}!baer@\iventry{bær}{}}	oe		bær	baer	evidence_form	explicit_tag	Germanic/docs/lexeme_reports/model_entries/1949-bier-bǣr.model.md:25	1	Germanic/docs/lexeme_reports/model_entries/1949-bier-bǣr.model.md:25:1
Germanic/docs/lexeme_reports/model_entries/1949-bier-bǣr.model.md:25:3	Germanic/docs/lexeme_reports/model_entries/1949-bier-bǣr.model.md:25:3	explicit_tag	Germanic/docs/lexeme_reports/model_entries/1949-bier-bǣr.model.md:25	\index[iv]{02oe@\ivlangheader{Old English}{West Saxon normalization unmarked}!baer@\iventry{bǣr}{}}	oe		bǣr	baer	evidence_form	explicit_tag	Germanic/docs/lexeme_reports/model_entries/1949-bier-bǣr.model.md:25	1	Germanic/docs/lexeme_reports/model_entries/1949-bier-bǣr.model.md:25:3
Germanic/docs/lexeme_reports/model_entries/1949-bier-bǣr.model.md:25:2	Germanic/docs/lexeme_reports/model_entries/1949-bier-bǣr.model.md:25:2	explicit_tag	Germanic/docs/lexeme_reports/model_entries/1949-bier-bǣr.model.md:25	\index[iv]{02oe@\ivlangheader{Old English}{West Saxon normalization unmarked}!bar@\iventry{bar}{}}	oe		bar	bar	evidence_form	explicit_tag	Germanic/docs/lexeme_reports/model_entries/1949-bier-bǣr.model.md:25	1	Germanic/docs/lexeme_reports/model_entries/1949-bier-bǣr.model.md:25:2
Germanic/docs/lexeme_reports/model_entries/1949-bier-bǣr.model.md:29:1	Germanic/docs/lexeme_reports/model_entries/1949-bier-bǣr.model.md:29:1	explicit_tag	Germanic/docs/lexeme_reports/model_entries/1949-bier-bǣr.model.md:29	\index[iv]{02oe@\ivlangheader{Old English}{West Saxon normalization unmarked}!baer@\iventry{bær}{}}	oe		bær	baer	evidence_form	explicit_tag	Germanic/docs/lexeme_reports/model_entries/1949-bier-bǣr.model.md:29	1	Germanic/docs/lexeme_reports/model_entries/1949-bier-bǣr.model.md:29:1
Germanic/docs/lexeme_reports/model_entries/1949-bier-bǣr.model.md:29:3	Germanic/docs/lexeme_reports/model_entries/1949-bier-bǣr.model.md:29:3	explicit_tag	Germanic/docs/lexeme_reports/model_entries/1949-bier-bǣr.model.md:29	\index[iv]{02oe@\ivlangheader{Old English}{West Saxon normalization unmarked}!baer@\iventry{bǣr}{}}	oe		bǣr	baer	evidence_form	explicit_tag	Germanic/docs/lexeme_reports/model_entries/1949-bier-bǣr.model.md:29	1	Germanic/docs/lexeme_reports/model_entries/1949-bier-bǣr.model.md:29:3
Germanic/docs/lexeme_reports/model_entries/1949-bier-bǣr.model.md:29:2	Germanic/docs/lexeme_reports/model_entries/1949-bier-bǣr.model.md:29:2	explicit_tag	Germanic/docs/lexeme_reports/model_entries/1949-bier-bǣr.model.md:29	\index[iv]{02oe@\ivlangheader{Old English}{West Saxon normalization unmarked}!bar@\iventry{bar}{}}	oe		bar	bar	evidence_form	explicit_tag	Germanic/docs/lexeme_reports/model_entries/1949-bier-bǣr.model.md:29	1	Germanic/docs/lexeme_reports/model_entries/1949-bier-bǣr.model.md:29:2
Germanic/docs/lexeme_reports/model_entries/1949-bier-bǣr.model.md:33:2	Germanic/docs/lexeme_reports/model_entries/1949-bier-bǣr.model.md:33:2	explicit_tag	Germanic/docs/lexeme_reports/model_entries/1949-bier-bǣr.model.md:33	\index[iv]{02oe@\ivlangheader{Old English}{West Saxon normalization unmarked}!baer@\iventry{bǣr}{}}	oe		bǣr	baer	evidence_form	explicit_tag	Germanic/docs/lexeme_reports/model_entries/1949-bier-bǣr.model.md:33	1	Germanic/docs/lexeme_reports/model_entries/1949-bier-bǣr.model.md:33:2
Germanic/docs/lexeme_reports/model_entries/1949-bier-bǣr.model.md:33:1	Germanic/docs/lexeme_reports/model_entries/1949-bier-bǣr.model.md:33:1	explicit_tag	Germanic/docs/lexeme_reports/model_entries/1949-bier-bǣr.model.md:33	\index[iv]{03pgmc@\ivlangheader{Proto-Germanic}{}!bero@\iventry{*bḗrō}{}}	pgmc		*bḗrō	bero	evidence_form	explicit_tag	Germanic/docs/lexeme_reports/model_entries/1949-bier-bǣr.model.md:33	1	Germanic/docs/lexeme_reports/model_entries/1949-bier-bǣr.model.md:33:1
Germanic/docs/lexeme_reports/model_entries/1951-birth-byrd.model.md:25:1	Germanic/docs/lexeme_reports/model_entries/1951-birth-byrd.model.md:25:1	explicit_tag	Germanic/docs/lexeme_reports/model_entries/1951-birth-byrd.model.md:25	\index[iv]{02oe@\ivlangheader{Old English}{West Saxon normalization unmarked}!byrd@\iventry{byrd}{}}	oe		byrd	byrd	comparison_form	explicit_tag	Germanic/docs/lexeme_reports/model_entries/1951-birth-byrd.model.md:25	1	Germanic/docs/lexeme_reports/model_entries/1951-birth-byrd.model.md:25:1
Germanic/docs/lexeme_reports/model_entries/1954-bone-bān.model.md:21:1	Germanic/docs/lexeme_reports/model_entries/1954-bone-bān.model.md:21:1	explicit_tag	Germanic/docs/lexeme_reports/model_entries/1954-bone-bān.model.md:21	\index[iv]{03pgmc@\ivlangheader{Proto-Germanic}{}!baina@\iventry{*baina-}{}}	pgmc		*baina-	baina	evidence_form	explicit_tag	Germanic/docs/lexeme_reports/model_entries/1954-bone-bān.model.md:21	1	Germanic/docs/lexeme_reports/model_entries/1954-bone-bān.model.md:21:1
Germanic/docs/lexeme_reports/model_entries/1954-bone-bān.model.md:21:2	Germanic/docs/lexeme_reports/model_entries/1954-bone-bān.model.md:21:2	explicit_tag	Germanic/docs/lexeme_reports/model_entries/1954-bone-bān.model.md:21	\index[iv]{03pgmc@\ivlangheader{Proto-Germanic}{}!bainan@\iventry{*bainan}{}}	pgmc		*bainan	bainan	evidence_form	explicit_tag	Germanic/docs/lexeme_reports/model_entries/1954-bone-bān.model.md:21	1	Germanic/docs/lexeme_reports/model_entries/1954-bone-bān.model.md:21:2
Germanic/docs/lexeme_reports/model_entries/1954-bone-bān.model.md:21:3	Germanic/docs/lexeme_reports/model_entries/1954-bone-bān.model.md:21:3	explicit_tag	Germanic/docs/lexeme_reports/model_entries/1954-bone-bān.model.md:21	\index[iv]{02oe@\ivlangheader{Old English}{West Saxon normalization unmarked}!ban@\iventry{bān}{}}	oe		bān	ban	evidence_form	explicit_tag	Germanic/docs/lexeme_reports/model_entries/1954-bone-bān.model.md:21	1	Germanic/docs/lexeme_reports/model_entries/1954-bone-bān.model.md:21:3
Germanic/docs/lexeme_reports/model_entries/1954-bone-bān.model.md:25:1	Germanic/docs/lexeme_reports/model_entries/1954-bone-bān.model.md:25:1	explicit_tag	Germanic/docs/lexeme_reports/model_entries/1954-bone-bān.model.md:25	\index[iv]{02oe@\ivlangheader{Old English}{West Saxon normalization unmarked}!ban@\iventry{bān}{}}	oe		bān	ban	evidence_form	explicit_tag	Germanic/docs/lexeme_reports/model_entries/1954-bone-bān.model.md:25	1	Germanic/docs/lexeme_reports/model_entries/1954-bone-bān.model.md:25:1
Germanic/docs/lexeme_reports/model_entries/1954-bone-bān.model.md:25:2	Germanic/docs/lexeme_reports/model_entries/1954-bone-bān.model.md:25:2	explicit_tag	Germanic/docs/lexeme_reports/model_entries/1954-bone-bān.model.md:25	\index[iv]{02oe@\ivlangheader{Old English}{West Saxon normalization unmarked}!ban@\iventry{bān}{}}	oe		bān	ban	evidence_form	explicit_tag	Germanic/docs/lexeme_reports/model_entries/1954-bone-bān.model.md:25	1	Germanic/docs/lexeme_reports/model_entries/1954-bone-bān.model.md:25:2
Germanic/docs/lexeme_reports/model_entries/1954-bone-bān.model.md:25:3	Germanic/docs/lexeme_reports/model_entries/1954-bone-bān.model.md:25:3	explicit_tag	Germanic/docs/lexeme_reports/model_entries/1954-bone-bān.model.md:25	\index[iv]{02oe@\ivlangheader{Old English}{West Saxon normalization unmarked}!bane@\iventry{bāne}{}}	oe		bāne	bane	evidence_form	explicit_tag	Germanic/docs/lexeme_reports/model_entries/1954-bone-bān.model.md:25	1	Germanic/docs/lexeme_reports/model_entries/1954-bone-bān.model.md:25:3
Germanic/docs/lexeme_reports/model_entries/1954-bone-bān.model.md:29:1	Germanic/docs/lexeme_reports/model_entries/1954-bone-bān.model.md:29:1	explicit_tag	Germanic/docs/lexeme_reports/model_entries/1954-bone-bān.model.md:29	\index[iv]{03pgmc@\ivlangheader{Proto-Germanic}{}!baina@\iventry{*baina-}{}}	pgmc		*baina-	baina	evidence_form	explicit_tag	Germanic/docs/lexeme_reports/model_entries/1954-bone-bān.model.md:29	1	Germanic/docs/lexeme_reports/model_entries/1954-bone-bān.model.md:29:1
Germanic/docs/lexeme_reports/model_entries/1954-bone-bān.model.md:29:3	Germanic/docs/lexeme_reports/model_entries/1954-bone-bān.model.md:29:3	explicit_tag	Germanic/docs/lexeme_reports/model_entries/1954-bone-bān.model.md:29	\index[iv]{03pgmc@\ivlangheader{Proto-Germanic}{}!baina@\iventry{*báiną}{}}	pgmc		*báiną	baina	evidence_form	explicit_tag	Germanic/docs/lexeme_reports/model_entries/1954-bone-bān.model.md:29	1	Germanic/docs/lexeme_reports/model_entries/1954-bone-bān.model.md:29:3
Germanic/docs/lexeme_reports/model_entries/1954-bone-bān.model.md:29:2	Germanic/docs/lexeme_reports/model_entries/1954-bone-bān.model.md:29:2	explicit_tag	Germanic/docs/lexeme_reports/model_entries/1954-bone-bān.model.md:29	\index[iv]{03pgmc@\ivlangheader{Proto-Germanic}{}!bainan@\iventry{*bainan}{}}	pgmc		*bainan	bainan	evidence_form	explicit_tag	Germanic/docs/lexeme_reports/model_entries/1954-bone-bān.model.md:29	1	Germanic/docs/lexeme_reports/model_entries/1954-bone-bān.model.md:29:2
Germanic/docs/lexeme_reports/model_entries/1954-bone-bān.model.md:33:1	Germanic/docs/lexeme_reports/model_entries/1954-bone-bān.model.md:33:1	explicit_tag	Germanic/docs/lexeme_reports/model_entries/1954-bone-bān.model.md:33	\index[iv]{02oe@\ivlangheader{Old English}{West Saxon normalization unmarked}!ban@\iventry{bān}{}}	oe		bān	ban	evidence_form	explicit_tag	Germanic/docs/lexeme_reports/model_entries/1954-bone-bān.model.md:33	1	Germanic/docs/lexeme_reports/model_entries/1954-bone-bān.model.md:33:1
Germanic/docs/lexeme_reports/model_entries/1958-both-bū.model.md:22:2	Germanic/docs/lexeme_reports/model_entries/1958-both-bū.model.md:22:2	explicit_tag	Germanic/docs/lexeme_reports/model_entries/1958-both-bū.model.md:22	\index[iv]{02oe@\ivlangheader{Old English}{West Saxon normalization unmarked}!ba@\iventry{bā}{}}	oe		bā	ba	comparison_form	explicit_tag	Germanic/docs/lexeme_reports/model_entries/1958-both-bū.model.md:22	1	Germanic/docs/lexeme_reports/model_entries/1958-both-bū.model.md:22:2
Germanic/docs/lexeme_reports/model_entries/1958-both-bū.model.md:22:1	Germanic/docs/lexeme_reports/model_entries/1958-both-bū.model.md:22:1	explicit_tag	Germanic/docs/lexeme_reports/model_entries/1958-both-bū.model.md:22	\index[iv]{02oe@\ivlangheader{Old English}{West Saxon normalization unmarked}!begen@\iventry{bēġen}{}}	oe		bēġen	begen	comparison_form	explicit_tag	Germanic/docs/lexeme_reports/model_entries/1958-both-bū.model.md:22	1	Germanic/docs/lexeme_reports/model_entries/1958-both-bū.model.md:22:1
Germanic/docs/lexeme_reports/model_entries/1958-both-bū.model.md:23:1	Germanic/docs/lexeme_reports/model_entries/1958-both-bū.model.md:23:1	explicit_tag	Germanic/docs/lexeme_reports/model_entries/1958-both-bū.model.md:23	\index[iv]{02oe@\ivlangheader{Old English}{West Saxon normalization unmarked}!bu@\iventry{bū}{}}	oe		bū	bu	target_form	explicit_tag	Germanic/docs/lexeme_reports/model_entries/1958-both-bū.model.md:23	1	Germanic/docs/lexeme_reports/model_entries/1958-both-bū.model.md:23:1
Germanic/docs/lexeme_reports/model_entries/1958-both-bū.model.md:24:1	Germanic/docs/lexeme_reports/model_entries/1958-both-bū.model.md:24:1	explicit_tag	Germanic/docs/lexeme_reports/model_entries/1958-both-bū.model.md:24	\index[iv]{03pgmc@\ivlangheader{Proto-Germanic}{}!bo@\iventry{*bō}{}}	pgmc		*bō	bo	selected_input	explicit_tag	Germanic/docs/lexeme_reports/model_entries/1958-both-bū.model.md:24	1	Germanic/docs/lexeme_reports/model_entries/1958-both-bū.model.md:24:1
Germanic/docs/lexeme_reports/model_entries/1958-both-bū.model.md:26:1	Germanic/docs/lexeme_reports/model_entries/1958-both-bū.model.md:26:1	explicit_tag	Germanic/docs/lexeme_reports/model_entries/1958-both-bū.model.md:26	\index[iv]{02oe@\ivlangheader{Old English}{West Saxon normalization unmarked}!begen@\iventry{bēġen}{}}	oe		bēġen	begen	comparison_form	explicit_tag	Germanic/docs/lexeme_reports/model_entries/1958-both-bū.model.md:26	1	Germanic/docs/lexeme_reports/model_entries/1958-both-bū.model.md:26:1
Germanic/docs/lexeme_reports/model_entries/1958-both-bū.model.md:27:2	Germanic/docs/lexeme_reports/model_entries/1958-both-bū.model.md:27:2	explicit_tag	Germanic/docs/lexeme_reports/model_entries/1958-both-bū.model.md:27	\index[iv]{08on@\ivlangheader{Old Norse}{}!badir@\iventry{báðir}{}}	on		báðir	badir	comparison_form	explicit_tag	Germanic/docs/lexeme_reports/model_entries/1958-both-bū.model.md:27	1	Germanic/docs/lexeme_reports/model_entries/1958-both-bū.model.md:27:2
Germanic/docs/lexeme_reports/model_entries/1958-both-bū.model.md:27:3	Germanic/docs/lexeme_reports/model_entries/1958-both-bū.model.md:27:3	explicit_tag	Germanic/docs/lexeme_reports/model_entries/1958-both-bū.model.md:27	\index[iv]{10ofris@\ivlangheader{Old Frisian}{}!bethe@\iventry{bēthe}{}}	ofris		bēthe	bethe	comparison_form	explicit_tag	Germanic/docs/lexeme_reports/model_entries/1958-both-bū.model.md:27	1	Germanic/docs/lexeme_reports/model_entries/1958-both-bū.model.md:27:3
Germanic/docs/lexeme_reports/model_entries/1958-both-bū.model.md:27:4	Germanic/docs/lexeme_reports/model_entries/1958-both-bū.model.md:27:4	explicit_tag	Germanic/docs/lexeme_reports/model_entries/1958-both-bū.model.md:27	\index[iv]{12os@\ivlangheader{Old Saxon}{}!bethia@\iventry{be-thia}{}}	os		be-thia	bethia	comparison_form	explicit_tag	Germanic/docs/lexeme_reports/model_entries/1958-both-bū.model.md:27	1	Germanic/docs/lexeme_reports/model_entries/1958-both-bū.model.md:27:4
Germanic/docs/lexeme_reports/model_entries/1958-both-bū.model.md:27:1	Germanic/docs/lexeme_reports/model_entries/1958-both-bū.model.md:27:1	explicit_tag	Germanic/docs/lexeme_reports/model_entries/1958-both-bū.model.md:27	\index[iv]{02oe@\ivlangheader{Old English}{West Saxon normalization unmarked}!bezen@\iventry{bezen}{}}	oe		bezen	bezen	comparison_form	explicit_tag	Germanic/docs/lexeme_reports/model_entries/1958-both-bū.model.md:27	1	Germanic/docs/lexeme_reports/model_entries/1958-both-bū.model.md:27:1
Germanic/docs/lexeme_reports/model_entries/1958-both-bū.model.md:28:1	Germanic/docs/lexeme_reports/model_entries/1958-both-bū.model.md:28:1	explicit_tag	Germanic/docs/lexeme_reports/model_entries/1958-both-bū.model.md:28	\index[iv]{09ohg@\ivlangheader{Old High German}{}!bede@\iventry{bēde}{}}	ohg		bēde	bede	comparison_form	explicit_tag	Germanic/docs/lexeme_reports/model_entries/1958-both-bū.model.md:28	1	Germanic/docs/lexeme_reports/model_entries/1958-both-bū.model.md:28:1
Germanic/docs/lexeme_reports/model_entries/1958-both-bū.model.md:30:1	Germanic/docs/lexeme_reports/model_entries/1958-both-bū.model.md:30:1	explicit_tag	Germanic/docs/lexeme_reports/model_entries/1958-both-bū.model.md:30	\index[iv]{02oe@\ivlangheader{Old English}{West Saxon normalization unmarked}!begen@\iventry{bēġen}{}}	oe		bēġen	begen	comparison_form	explicit_tag	Germanic/docs/lexeme_reports/model_entries/1958-both-bū.model.md:30	1	Germanic/docs/lexeme_reports/model_entries/1958-both-bū.model.md:30:1
Germanic/docs/lexeme_reports/model_entries/1958-both-bū.model.md:31:2	Germanic/docs/lexeme_reports/model_entries/1958-both-bū.model.md:31:2	explicit_tag	Germanic/docs/lexeme_reports/model_entries/1958-both-bū.model.md:31	\index[iv]{16german@\ivlangheader{German}{}!beide@\iventry{beide}{}}	german		beide	beide	comparison_form	explicit_tag	Germanic/docs/lexeme_reports/model_entries/1958-both-bū.model.md:31	1	Germanic/docs/lexeme_reports/model_entries/1958-both-bū.model.md:31:2
Germanic/docs/lexeme_reports/model_entries/1958-both-bū.model.md:31:3	Germanic/docs/lexeme_reports/model_entries/1958-both-bū.model.md:31:3	explicit_tag	Germanic/docs/lexeme_reports/model_entries/1958-both-bū.model.md:31	\index[iv]{15dutch@\ivlangheader{Dutch}{}!beide@\iventry{beide}{}}	dutch		beide	beide	comparison_form	explicit_tag	Germanic/docs/lexeme_reports/model_entries/1958-both-bū.model.md:31	1	Germanic/docs/lexeme_reports/model_entries/1958-both-bū.model.md:31:3
Germanic/docs/lexeme_reports/model_entries/1958-both-bū.model.md:31:1	Germanic/docs/lexeme_reports/model_entries/1958-both-bū.model.md:31:1	explicit_tag	Germanic/docs/lexeme_reports/model_entries/1958-both-bū.model.md:31	\index[iv]{21modeng@\ivlangheader{Modern English}{}!both@\iventry{both}{}}	modeng		both	both	comparison_form	explicit_tag	Germanic/docs/lexeme_reports/model_entries/1958-both-bū.model.md:31	1	Germanic/docs/lexeme_reports/model_entries/1958-both-bū.model.md:31:1
Germanic/docs/lexeme_reports/model_entries/1958-both-bū.model.md:32:1	Germanic/docs/lexeme_reports/model_entries/1958-both-bū.model.md:32:1	explicit_tag	Germanic/docs/lexeme_reports/model_entries/1958-both-bū.model.md:32	\index[iv]{03pgmc@\ivlangheader{Proto-Germanic}{}!bo@\iventry{*bō}{}}	pgmc		*bō	bo	selected_input	explicit_tag	Germanic/docs/lexeme_reports/model_entries/1958-both-bū.model.md:32	1	Germanic/docs/lexeme_reports/model_entries/1958-both-bū.model.md:32:1
Germanic/docs/lexeme_reports/model_entries/1958-both-bū.model.md:32:2	Germanic/docs/lexeme_reports/model_entries/1958-both-bū.model.md:32:2	explicit_tag	Germanic/docs/lexeme_reports/model_entries/1958-both-bū.model.md:32	\index[iv]{02oe@\ivlangheader{Old English}{West Saxon normalization unmarked}!bu@\iventry{bū}{}}	oe		bū	bu	target_form	explicit_tag	Germanic/docs/lexeme_reports/model_entries/1958-both-bū.model.md:32	1	Germanic/docs/lexeme_reports/model_entries/1958-both-bū.model.md:32:2
Germanic/docs/lexeme_reports/model_entries/1958-both-bū.model.md:37:2	Germanic/docs/lexeme_reports/model_entries/1958-both-bū.model.md:37:2	explicit_tag	Germanic/docs/lexeme_reports/model_entries/1958-both-bū.model.md:37	\index[iv]{02oe@\ivlangheader{Old English}{West Saxon normalization unmarked}!ba@\iventry{bā}{}}	oe		bā	ba	comparison_form	explicit_tag	Germanic/docs/lexeme_reports/model_entries/1958-both-bū.model.md:37	1	Germanic/docs/lexeme_reports/model_entries/1958-both-bū.model.md:37:2
Germanic/docs/lexeme_reports/model_entries/1958-both-bū.model.md:37:1	Germanic/docs/lexeme_reports/model_entries/1958-both-bū.model.md:37:1	explicit_tag	Germanic/docs/lexeme_reports/model_entries/1958-both-bū.model.md:37	\index[iv]{02oe@\ivlangheader{Old English}{West Saxon normalization unmarked}!begen@\iventry{bēġen}{}}	oe		bēġen	begen	comparison_form	explicit_tag	Germanic/docs/lexeme_reports/model_entries/1958-both-bū.model.md:37	1	Germanic/docs/lexeme_reports/model_entries/1958-both-bū.model.md:37:1
Germanic/docs/lexeme_reports/model_entries/1958-both-bū.model.md:37:3	Germanic/docs/lexeme_reports/model_entries/1958-both-bū.model.md:37:3	explicit_tag	Germanic/docs/lexeme_reports/model_entries/1958-both-bū.model.md:37	\index[iv]{02oe@\ivlangheader{Old English}{West Saxon normalization unmarked}!bu@\iventry{bū}{}}	oe		bū	bu	target_form	explicit_tag	Germanic/docs/lexeme_reports/model_entries/1958-both-bū.model.md:37	1	Germanic/docs/lexeme_reports/model_entries/1958-both-bū.model.md:37:3
Germanic/docs/lexeme_reports/model_entries/1958-both-bū.model.md:39:1	Germanic/docs/lexeme_reports/model_entries/1958-both-bū.model.md:39:1	explicit_tag	Germanic/docs/lexeme_reports/model_entries/1958-both-bū.model.md:39	\index[iv]{02oe@\ivlangheader{Old English}{West Saxon normalization unmarked}!begen@\iventry{bēġen}{}}	oe		bēġen	begen	comparison_form	explicit_tag	Germanic/docs/lexeme_reports/model_entries/1958-both-bū.model.md:39	1	Germanic/docs/lexeme_reports/model_entries/1958-both-bū.model.md:39:1
Germanic/docs/lexeme_reports/model_entries/1958-both-bū.model.md:40:1	Germanic/docs/lexeme_reports/model_entries/1958-both-bū.model.md:40:1	explicit_tag	Germanic/docs/lexeme_reports/model_entries/1958-both-bū.model.md:40	\index[iv]{02oe@\ivlangheader{Old English}{West Saxon normalization unmarked}!baem@\iventry{bǣm}{}}	oe		bǣm	baem	comparison_form	explicit_tag	Germanic/docs/lexeme_reports/model_entries/1958-both-bū.model.md:40	1	Germanic/docs/lexeme_reports/model_entries/1958-both-bū.model.md:40:1
Germanic/docs/lexeme_reports/model_entries/1958-both-bū.model.md:43:1	Germanic/docs/lexeme_reports/model_entries/1958-both-bū.model.md:43:1	explicit_tag	Germanic/docs/lexeme_reports/model_entries/1958-both-bū.model.md:43	\index[iv]{02oe@\ivlangheader{Old English}{West Saxon normalization unmarked}!bu@\iventry{bū}{}}	oe		bū	bu	target_form	explicit_tag	Germanic/docs/lexeme_reports/model_entries/1958-both-bū.model.md:43	1	Germanic/docs/lexeme_reports/model_entries/1958-both-bū.model.md:43:1
Germanic/docs/lexeme_reports/model_entries/1958-both-bū.model.md:44:1	Germanic/docs/lexeme_reports/model_entries/1958-both-bū.model.md:44:1	explicit_tag	Germanic/docs/lexeme_reports/model_entries/1958-both-bū.model.md:44	\index[iv]{02oe@\ivlangheader{Old English}{West Saxon normalization unmarked}!begen@\iventry{bēġen}{}}	oe		bēġen	begen	comparison_form	explicit_tag	Germanic/docs/lexeme_reports/model_entries/1958-both-bū.model.md:44	1	Germanic/docs/lexeme_reports/model_entries/1958-both-bū.model.md:44:1
Germanic/docs/lexeme_reports/model_entries/1958-both-bū.model.md:51:1	Germanic/docs/lexeme_reports/model_entries/1958-both-bū.model.md:51:1	explicit_tag	Germanic/docs/lexeme_reports/model_entries/1958-both-bū.model.md:51	\index[iv]{03pgmc@\ivlangheader{Proto-Germanic}{}!bo@\iventry{*bō}{}}	pgmc		*bō	bo	selected_input	explicit_tag	Germanic/docs/lexeme_reports/model_entries/1958-both-bū.model.md:51	1	Germanic/docs/lexeme_reports/model_entries/1958-both-bū.model.md:51:1
Germanic/docs/lexeme_reports/model_entries/1958-both-bū.model.md:52:1	Germanic/docs/lexeme_reports/model_entries/1958-both-bū.model.md:52:1	explicit_tag	Germanic/docs/lexeme_reports/model_entries/1958-both-bū.model.md:52	\index[iv]{02oe@\ivlangheader{Old English}{West Saxon normalization unmarked}!bu@\iventry{bū}{}}	oe		bū	bu	target_form	explicit_tag	Germanic/docs/lexeme_reports/model_entries/1958-both-bū.model.md:52	1	Germanic/docs/lexeme_reports/model_entries/1958-both-bū.model.md:52:1
Germanic/docs/lexeme_reports/model_entries/1958-both-bū.model.md:57:1	Germanic/docs/lexeme_reports/model_entries/1958-both-bū.model.md:57:1	explicit_tag	Germanic/docs/lexeme_reports/model_entries/1958-both-bū.model.md:57	\index[iv]{03pgmc@\ivlangheader{Proto-Germanic}{}!bo@\iventry{*bō}{}}	pgmc		*bō	bo	selected_input	explicit_tag	Germanic/docs/lexeme_reports/model_entries/1958-both-bū.model.md:57	1	Germanic/docs/lexeme_reports/model_entries/1958-both-bū.model.md:57:1
Germanic/docs/lexeme_reports/model_entries/1958-both-bū.model.md:57:2	Germanic/docs/lexeme_reports/model_entries/1958-both-bū.model.md:57:2	explicit_tag	Germanic/docs/lexeme_reports/model_entries/1958-both-bū.model.md:57	\index[iv]{02oe@\ivlangheader{Old English}{West Saxon normalization unmarked}!bu@\iventry{bū}{}}	oe		bū	bu	target_form	explicit_tag	Germanic/docs/lexeme_reports/model_entries/1958-both-bū.model.md:57	1	Germanic/docs/lexeme_reports/model_entries/1958-both-bū.model.md:57:2
Germanic/docs/lexeme_reports/model_entries/1958-both-bū.model.md:66:1	Germanic/docs/lexeme_reports/model_entries/1958-both-bū.model.md:66:1	explicit_tag	Germanic/docs/lexeme_reports/model_entries/1958-both-bū.model.md:66	\index[iv]{03pgmc@\ivlangheader{Proto-Germanic}{}!bo@\iventry{*bō}{}}	pgmc		*bō	bo	selected_input	explicit_tag	Germanic/docs/lexeme_reports/model_entries/1958-both-bū.model.md:66	1	Germanic/docs/lexeme_reports/model_entries/1958-both-bū.model.md:66:1
Germanic/docs/lexeme_reports/model_entries/1958-both-bū.model.md:66:2	Germanic/docs/lexeme_reports/model_entries/1958-both-bū.model.md:66:2	explicit_tag	Germanic/docs/lexeme_reports/model_entries/1958-both-bū.model.md:66	\index[iv]{02oe@\ivlangheader{Old English}{West Saxon normalization unmarked}!bu@\iventry{bū}{}}	oe		bū	bu	target_form	explicit_tag	Germanic/docs/lexeme_reports/model_entries/1958-both-bū.model.md:66	1	Germanic/docs/lexeme_reports/model_entries/1958-both-bū.model.md:66:2
Germanic/docs/lexeme_reports/model_entries/1958-both-bū.model.md:67:1	Germanic/docs/lexeme_reports/model_entries/1958-both-bū.model.md:67:1	explicit_tag	Germanic/docs/lexeme_reports/model_entries/1958-both-bū.model.md:67	\index[iv]{02oe@\ivlangheader{Old English}{West Saxon normalization unmarked}!begen@\iventry{bēġen}{}}	oe		bēġen	begen	comparison_form	explicit_tag	Germanic/docs/lexeme_reports/model_entries/1958-both-bū.model.md:67	1	Germanic/docs/lexeme_reports/model_entries/1958-both-bū.model.md:67:1
Germanic/docs/lexeme_reports/model_entries/1958-both-bū.model.md:68:1	Germanic/docs/lexeme_reports/model_entries/1958-both-bū.model.md:68:1	explicit_tag	Germanic/docs/lexeme_reports/model_entries/1958-both-bū.model.md:68	\index[iv]{02oe@\ivlangheader{Old English}{West Saxon normalization unmarked}!ba@\iventry{bā}{}}	oe		bā	ba	comparison_form	explicit_tag	Germanic/docs/lexeme_reports/model_entries/1958-both-bū.model.md:68	1	Germanic/docs/lexeme_reports/model_entries/1958-both-bū.model.md:68:1
Germanic/docs/lexeme_reports/model_entries/1958-both-bū.model.md:69:1	Germanic/docs/lexeme_reports/model_entries/1958-both-bū.model.md:69:1	explicit_tag	Germanic/docs/lexeme_reports/model_entries/1958-both-bū.model.md:69	\index[iv]{08on@\ivlangheader{Old Norse}{}!badir@\iventry{báðir}{}}	on		báðir	badir	comparison_form	explicit_tag	Germanic/docs/lexeme_reports/model_entries/1958-both-bū.model.md:69	1	Germanic/docs/lexeme_reports/model_entries/1958-both-bū.model.md:69:1
Germanic/docs/lexeme_reports/model_entries/1958-both-bū.model.md:69:2	Germanic/docs/lexeme_reports/model_entries/1958-both-bū.model.md:69:2	explicit_tag	Germanic/docs/lexeme_reports/model_entries/1958-both-bū.model.md:69	\index[iv]{16german@\ivlangheader{German}{}!beide@\iventry{beide}{}}	german		beide	beide	comparison_form	explicit_tag	Germanic/docs/lexeme_reports/model_entries/1958-both-bū.model.md:69	1	Germanic/docs/lexeme_reports/model_entries/1958-both-bū.model.md:69:2
Germanic/docs/lexeme_reports/model_entries/1958-both-bū.model.md:69:3	Germanic/docs/lexeme_reports/model_entries/1958-both-bū.model.md:69:3	explicit_tag	Germanic/docs/lexeme_reports/model_entries/1958-both-bū.model.md:69	\index[iv]{15dutch@\ivlangheader{Dutch}{}!beide@\iventry{beide}{}}	dutch		beide	beide	comparison_form	explicit_tag	Germanic/docs/lexeme_reports/model_entries/1958-both-bū.model.md:69	1	Germanic/docs/lexeme_reports/model_entries/1958-both-bū.model.md:69:3
Germanic/docs/lexeme_reports/model_entries/1958-both-bū.model.md:69:4	Germanic/docs/lexeme_reports/model_entries/1958-both-bū.model.md:69:4	explicit_tag	Germanic/docs/lexeme_reports/model_entries/1958-both-bū.model.md:69	\index[iv]{21modeng@\ivlangheader{Modern English}{}!both@\iventry{both}{}}	modeng		both	both	comparison_form	explicit_tag	Germanic/docs/lexeme_reports/model_entries/1958-both-bū.model.md:69	1	Germanic/docs/lexeme_reports/model_entries/1958-both-bū.model.md:69:4
Germanic/docs/lexeme_reports/model_entries/1959-bottom-botm.model.md:22:1	Germanic/docs/lexeme_reports/model_entries/1959-bottom-botm.model.md:22:1	explicit_tag	Germanic/docs/lexeme_reports/model_entries/1959-bottom-botm.model.md:22	\index[iv]{02oe@\ivlangheader{Old English}{West Saxon normalization unmarked}!botm@\iventry{botm}{}}	oe		botm	botm	comparison_form	explicit_tag	Germanic/docs/lexeme_reports/model_entries/1959-bottom-botm.model.md:22	1	Germanic/docs/lexeme_reports/model_entries/1959-bottom-botm.model.md:22:1
Germanic/docs/lexeme_reports/model_entries/1959-bottom-botm.model.md:33:1	Germanic/docs/lexeme_reports/model_entries/1959-bottom-botm.model.md:33:1	explicit_tag	Germanic/docs/lexeme_reports/model_entries/1959-bottom-botm.model.md:33	\index[iv]{02oe@\ivlangheader{Old English}{West Saxon normalization unmarked}!botm@\iventry{botm}{}}	oe		botm	botm	comparison_form	explicit_tag	Germanic/docs/lexeme_reports/model_entries/1959-bottom-botm.model.md:33	1	Germanic/docs/lexeme_reports/model_entries/1959-bottom-botm.model.md:33:1
Germanic/docs/lexeme_reports/model_entries/1959-bottom-botm.model.md:34:1	Germanic/docs/lexeme_reports/model_entries/1959-bottom-botm.model.md:34:1	explicit_tag	Germanic/docs/lexeme_reports/model_entries/1959-bottom-botm.model.md:34	\index[iv]{02oe@\ivlangheader{Old English}{West Saxon normalization unmarked}!bodan@\iventry{bodan}{}}	oe		bodan	bodan	comparison_form	explicit_tag	Germanic/docs/lexeme_reports/model_entries/1959-bottom-botm.model.md:34	1	Germanic/docs/lexeme_reports/model_entries/1959-bottom-botm.model.md:34:1
Germanic/docs/lexeme_reports/model_entries/1959-bottom-botm.model.md:34:2	Germanic/docs/lexeme_reports/model_entries/1959-bottom-botm.model.md:34:2	explicit_tag	Germanic/docs/lexeme_reports/model_entries/1959-bottom-botm.model.md:34	\index[iv]{02oe@\ivlangheader{Old English}{West Saxon normalization unmarked}!botm@\iventry{botm}{}}	oe		botm	botm	comparison_form	explicit_tag	Germanic/docs/lexeme_reports/model_entries/1959-bottom-botm.model.md:34	1	Germanic/docs/lexeme_reports/model_entries/1959-bottom-botm.model.md:34:2
Germanic/docs/lexeme_reports/model_entries/1959-bottom-botm.model.md:41:1	Germanic/docs/lexeme_reports/model_entries/1959-bottom-botm.model.md:41:1	explicit_tag	Germanic/docs/lexeme_reports/model_entries/1959-bottom-botm.model.md:41	\index[iv]{02oe@\ivlangheader{Old English}{West Saxon normalization unmarked}!botm@\iventry{botm}{}}	oe		botm	botm	comparison_form	explicit_tag	Germanic/docs/lexeme_reports/model_entries/1959-bottom-botm.model.md:41	1	Germanic/docs/lexeme_reports/model_entries/1959-bottom-botm.model.md:41:1
Germanic/docs/lexeme_reports/model_entries/1961-bow-bīeġan.model.md:21:1	Germanic/docs/lexeme_reports/model_entries/1961-bow-bīeġan.model.md:21:1	explicit_tag	Germanic/docs/lexeme_reports/model_entries/1961-bow-bīeġan.model.md:21	\index[iv]{02oe@\ivlangheader{Old English}{West Saxon normalization unmarked}!biegan@\iventry{biegan}{}}	oe		biegan	biegan	comparison_form	explicit_tag	Germanic/docs/lexeme_reports/model_entries/1961-bow-bīeġan.model.md:21	1	Germanic/docs/lexeme_reports/model_entries/1961-bow-bīeġan.model.md:21:1
Germanic/docs/lexeme_reports/model_entries/1961-bow-bīeġan.model.md:21:2	Germanic/docs/lexeme_reports/model_entries/1961-bow-bīeġan.model.md:21:2	explicit_tag	Germanic/docs/lexeme_reports/model_entries/1961-bow-bīeġan.model.md:21	\index[iv]{02oe@\ivlangheader{Old English}{West Saxon normalization unmarked}!biegan@\iventry{biegan}{}}	oe		biegan	biegan	comparison_form	explicit_tag	Germanic/docs/lexeme_reports/model_entries/1961-bow-bīeġan.model.md:21	1	Germanic/docs/lexeme_reports/model_entries/1961-bow-bīeġan.model.md:21:2
Germanic/docs/lexeme_reports/model_entries/1962-bow-bēag.model.md:21:1	Germanic/docs/lexeme_reports/model_entries/1962-bow-bēag.model.md:21:1	explicit_tag	Germanic/docs/lexeme_reports/model_entries/1962-bow-bēag.model.md:21	\index[iv]{03pgmc@\ivlangheader{Proto-Germanic}{}!beugana@\iventry{*béuganą}{}}	pgmc		*béuganą	beugana	evidence_form	explicit_tag	Germanic/docs/lexeme_reports/model_entries/1962-bow-bēag.model.md:21	1	Germanic/docs/lexeme_reports/model_entries/1962-bow-bēag.model.md:21:1
Germanic/docs/lexeme_reports/model_entries/1962-bow-bēag.model.md:23:1	Germanic/docs/lexeme_reports/model_entries/1962-bow-bēag.model.md:23:1	explicit_tag	Germanic/docs/lexeme_reports/model_entries/1962-bow-bēag.model.md:23	\index[iv]{03pgmc@\ivlangheader{Proto-Germanic}{}!baug@\iventry{*báug}{}}	pgmc		*báug	baug	evidence_form	explicit_tag	Germanic/docs/lexeme_reports/model_entries/1962-bow-bēag.model.md:23	1	Germanic/docs/lexeme_reports/model_entries/1962-bow-bēag.model.md:23:1
Germanic/docs/lexeme_reports/model_entries/1962-bow-bēag.model.md:24:1	Germanic/docs/lexeme_reports/model_entries/1962-bow-bēag.model.md:24:1	explicit_tag	Germanic/docs/lexeme_reports/model_entries/1962-bow-bēag.model.md:24	\index[iv]{03pgmc@\ivlangheader{Proto-Germanic}{}!beugana@\iventry{*béuganą}{}}	pgmc		*béuganą	beugana	evidence_form	explicit_tag	Germanic/docs/lexeme_reports/model_entries/1962-bow-bēag.model.md:24	1	Germanic/docs/lexeme_reports/model_entries/1962-bow-bēag.model.md:24:1
Germanic/docs/lexeme_reports/model_entries/1962-bow-bēag.model.md:30:1	Germanic/docs/lexeme_reports/model_entries/1962-bow-bēag.model.md:30:1	explicit_tag	Germanic/docs/lexeme_reports/model_entries/1962-bow-bēag.model.md:30	\index[iv]{02oe@\ivlangheader{Old English}{West Saxon normalization unmarked}!beag@\iventry{bēag}{}}	oe		bēag	beag	evidence_form	explicit_tag	Germanic/docs/lexeme_reports/model_entries/1962-bow-bēag.model.md:30	1	Germanic/docs/lexeme_reports/model_entries/1962-bow-bēag.model.md:30:1
Germanic/docs/lexeme_reports/model_entries/1962-bow-bēag.model.md:31:1	Germanic/docs/lexeme_reports/model_entries/1962-bow-bēag.model.md:31:1	explicit_tag	Germanic/docs/lexeme_reports/model_entries/1962-bow-bēag.model.md:31	\index[iv]{02oe@\ivlangheader{Old English}{West Saxon normalization unmarked}!bugan@\iventry{būgan}{}}	oe		būgan	bugan	evidence_form	explicit_tag	Germanic/docs/lexeme_reports/model_entries/1962-bow-bēag.model.md:31	1	Germanic/docs/lexeme_reports/model_entries/1962-bow-bēag.model.md:31:1
Germanic/docs/lexeme_reports/model_entries/1962-bow-bēag.model.md:36:1	Germanic/docs/lexeme_reports/model_entries/1962-bow-bēag.model.md:36:1	explicit_tag	Germanic/docs/lexeme_reports/model_entries/1962-bow-bēag.model.md:36	\index[iv]{02oe@\ivlangheader{Old English}{West Saxon normalization unmarked}!beag@\iventry{bēag}{}}	oe		bēag	beag	evidence_form	explicit_tag	Germanic/docs/lexeme_reports/model_entries/1962-bow-bēag.model.md:36	1	Germanic/docs/lexeme_reports/model_entries/1962-bow-bēag.model.md:36:1
Germanic/docs/lexeme_reports/model_entries/1962-bow-bēag.model.md:37:1	Germanic/docs/lexeme_reports/model_entries/1962-bow-bēag.model.md:37:1	explicit_tag	Germanic/docs/lexeme_reports/model_entries/1962-bow-bēag.model.md:37	\index[iv]{02oe@\ivlangheader{Old English}{West Saxon normalization unmarked}!bugan@\iventry{būgan}{}}	oe		būgan	bugan	evidence_form	explicit_tag	Germanic/docs/lexeme_reports/model_entries/1962-bow-bēag.model.md:37	1	Germanic/docs/lexeme_reports/model_entries/1962-bow-bēag.model.md:37:1
Germanic/docs/lexeme_reports/model_entries/1962-bow-bēag.model.md:41:1	Germanic/docs/lexeme_reports/model_entries/1962-bow-bēag.model.md:41:1	explicit_tag	Germanic/docs/lexeme_reports/model_entries/1962-bow-bēag.model.md:41	\index[iv]{02oe@\ivlangheader{Old English}{West Saxon normalization unmarked}!bugan@\iventry{būgan}{}}	oe		būgan	bugan	evidence_form	explicit_tag	Germanic/docs/lexeme_reports/model_entries/1962-bow-bēag.model.md:41	1	Germanic/docs/lexeme_reports/model_entries/1962-bow-bēag.model.md:41:1
Germanic/docs/lexeme_reports/model_entries/1962-bow-bēag.model.md:42:1	Germanic/docs/lexeme_reports/model_entries/1962-bow-bēag.model.md:42:1	explicit_tag	Germanic/docs/lexeme_reports/model_entries/1962-bow-bēag.model.md:42	\index[iv]{02oe@\ivlangheader{Old English}{West Saxon normalization unmarked}!beag@\iventry{bēag}{}}	oe		bēag	beag	evidence_form	explicit_tag	Germanic/docs/lexeme_reports/model_entries/1962-bow-bēag.model.md:42	1	Germanic/docs/lexeme_reports/model_entries/1962-bow-bēag.model.md:42:1
Germanic/docs/lexeme_reports/model_entries/1962-bow-bēag.model.md:47:1	Germanic/docs/lexeme_reports/model_entries/1962-bow-bēag.model.md:47:1	explicit_tag	Germanic/docs/lexeme_reports/model_entries/1962-bow-bēag.model.md:47	\index[iv]{03pgmc@\ivlangheader{Proto-Germanic}{}!baug@\iventry{*báug}{}}	pgmc		*báug	baug	evidence_form	explicit_tag	Germanic/docs/lexeme_reports/model_entries/1962-bow-bēag.model.md:47	1	Germanic/docs/lexeme_reports/model_entries/1962-bow-bēag.model.md:47:1
Germanic/docs/lexeme_reports/model_entries/1962-bow-bēag.model.md:48:1	Germanic/docs/lexeme_reports/model_entries/1962-bow-bēag.model.md:48:1	explicit_tag	Germanic/docs/lexeme_reports/model_entries/1962-bow-bēag.model.md:48	\index[iv]{02oe@\ivlangheader{Old English}{West Saxon normalization unmarked}!beag@\iventry{bēag}{}}	oe		bēag	beag	evidence_form	explicit_tag	Germanic/docs/lexeme_reports/model_entries/1962-bow-bēag.model.md:48	1	Germanic/docs/lexeme_reports/model_entries/1962-bow-bēag.model.md:48:1
Germanic/docs/lexeme_reports/model_entries/1962-bow-bēag.model.md:53:1	Germanic/docs/lexeme_reports/model_entries/1962-bow-bēag.model.md:53:1	explicit_tag	Germanic/docs/lexeme_reports/model_entries/1962-bow-bēag.model.md:53	\index[iv]{02oe@\ivlangheader{Old English}{West Saxon normalization unmarked}!bugan@\iventry{būgan}{}}	oe		būgan	bugan	evidence_form	explicit_tag	Germanic/docs/lexeme_reports/model_entries/1962-bow-bēag.model.md:53	1	Germanic/docs/lexeme_reports/model_entries/1962-bow-bēag.model.md:53:1
Germanic/docs/lexeme_reports/model_entries/1962-bow-bēag.model.md:64:1	Germanic/docs/lexeme_reports/model_entries/1962-bow-bēag.model.md:64:1	explicit_tag	Germanic/docs/lexeme_reports/model_entries/1962-bow-bēag.model.md:64	\index[iv]{03pgmc@\ivlangheader{Proto-Germanic}{}!beugana@\iventry{*béuganą}{}}	pgmc		*béuganą	beugana	evidence_form	explicit_tag	Germanic/docs/lexeme_reports/model_entries/1962-bow-bēag.model.md:64	1	Germanic/docs/lexeme_reports/model_entries/1962-bow-bēag.model.md:64:1
Germanic/docs/lexeme_reports/model_entries/1962-bow-bēag.model.md:64:2	Germanic/docs/lexeme_reports/model_entries/1962-bow-bēag.model.md:64:2	explicit_tag	Germanic/docs/lexeme_reports/model_entries/1962-bow-bēag.model.md:64	\index[iv]{02oe@\ivlangheader{Old English}{West Saxon normalization unmarked}!bugan@\iventry{būgan}{}}	oe		būgan	bugan	evidence_form	explicit_tag	Germanic/docs/lexeme_reports/model_entries/1962-bow-bēag.model.md:64	1	Germanic/docs/lexeme_reports/model_entries/1962-bow-bēag.model.md:64:2
Germanic/docs/lexeme_reports/model_entries/1962-bow-bēag.model.md:64:3	Germanic/docs/lexeme_reports/model_entries/1962-bow-bēag.model.md:64:3	explicit_tag	Germanic/docs/lexeme_reports/model_entries/1962-bow-bēag.model.md:64	\index[iv]{02oe@\ivlangheader{Old English}{West Saxon normalization unmarked}!bugan@\iventry{būgan}{}}	oe		būgan	bugan	evidence_form	explicit_tag	Germanic/docs/lexeme_reports/model_entries/1962-bow-bēag.model.md:64	1	Germanic/docs/lexeme_reports/model_entries/1962-bow-bēag.model.md:64:3
Germanic/docs/lexeme_reports/model_entries/1962-bow-bēag.model.md:65:1	Germanic/docs/lexeme_reports/model_entries/1962-bow-bēag.model.md:65:1	explicit_tag	Germanic/docs/lexeme_reports/model_entries/1962-bow-bēag.model.md:65	\index[iv]{03pgmc@\ivlangheader{Proto-Germanic}{}!baug@\iventry{*báug}{}}	pgmc		*báug	baug	evidence_form	explicit_tag	Germanic/docs/lexeme_reports/model_entries/1962-bow-bēag.model.md:65	1	Germanic/docs/lexeme_reports/model_entries/1962-bow-bēag.model.md:65:1
Germanic/docs/lexeme_reports/model_entries/1962-bow-bēag.model.md:65:2	Germanic/docs/lexeme_reports/model_entries/1962-bow-bēag.model.md:65:2	explicit_tag	Germanic/docs/lexeme_reports/model_entries/1962-bow-bēag.model.md:65	\index[iv]{02oe@\ivlangheader{Old English}{West Saxon normalization unmarked}!beag@\iventry{bēag}{}}	oe		bēag	beag	evidence_form	explicit_tag	Germanic/docs/lexeme_reports/model_entries/1962-bow-bēag.model.md:65	1	Germanic/docs/lexeme_reports/model_entries/1962-bow-bēag.model.md:65:2
Germanic/docs/lexeme_reports/model_entries/1962-bow-bēag.model.md:65:3	Germanic/docs/lexeme_reports/model_entries/1962-bow-bēag.model.md:65:3	explicit_tag	Germanic/docs/lexeme_reports/model_entries/1962-bow-bēag.model.md:65	\index[iv]{02oe@\ivlangheader{Old English}{West Saxon normalization unmarked}!beag@\iventry{bēag}{}}	oe		bēag	beag	evidence_form	explicit_tag	Germanic/docs/lexeme_reports/model_entries/1962-bow-bēag.model.md:65	1	Germanic/docs/lexeme_reports/model_entries/1962-bow-bēag.model.md:65:3
Germanic/docs/lexeme_reports/model_entries/1962-bow-bēag.model.md:69:1	Germanic/docs/lexeme_reports/model_entries/1962-bow-bēag.model.md:69:1	explicit_tag	Germanic/docs/lexeme_reports/model_entries/1962-bow-bēag.model.md:69	\index[iv]{02oe@\ivlangheader{Old English}{West Saxon normalization unmarked}!beag@\iventry{bēag}{}}	oe		bēag	beag	evidence_form	explicit_tag	Germanic/docs/lexeme_reports/model_entries/1962-bow-bēag.model.md:69	1	Germanic/docs/lexeme_reports/model_entries/1962-bow-bēag.model.md:69:1
Germanic/docs/lexeme_reports/model_entries/1962-bow-bēag.model.md:69:2	Germanic/docs/lexeme_reports/model_entries/1962-bow-bēag.model.md:69:2	explicit_tag	Germanic/docs/lexeme_reports/model_entries/1962-bow-bēag.model.md:69	\index[iv]{02oe@\ivlangheader{Old English}{West Saxon normalization unmarked}!bugan@\iventry{būgan}{}}	oe		būgan	bugan	evidence_form	explicit_tag	Germanic/docs/lexeme_reports/model_entries/1962-bow-bēag.model.md:69	1	Germanic/docs/lexeme_reports/model_entries/1962-bow-bēag.model.md:69:2
Germanic/docs/lexeme_reports/model_entries/1965-brand-brandes.model.md:21:1	Germanic/docs/lexeme_reports/model_entries/1965-brand-brandes.model.md:21:1	explicit_tag	Germanic/docs/lexeme_reports/model_entries/1965-brand-brandes.model.md:21	\index[iv]{03pgmc@\ivlangheader{Proto-Germanic}{}!brandaz@\iventry{*brándaz}{}}	pgmc		*brándaz	brandaz	evidence_form	explicit_tag	Germanic/docs/lexeme_reports/model_entries/1965-brand-brandes.model.md:21	1	Germanic/docs/lexeme_reports/model_entries/1965-brand-brandes.model.md:21:1
Germanic/docs/lexeme_reports/model_entries/1965-brand-brandes.model.md:22:1	Germanic/docs/lexeme_reports/model_entries/1965-brand-brandes.model.md:22:1	explicit_tag	Germanic/docs/lexeme_reports/model_entries/1965-brand-brandes.model.md:22	\index[iv]{02oe@\ivlangheader{Old English}{West Saxon normalization unmarked}!brand@\iventry{brand}{}}	oe		brand	brand	evidence_form	explicit_tag	Germanic/docs/lexeme_reports/model_entries/1965-brand-brandes.model.md:22	1	Germanic/docs/lexeme_reports/model_entries/1965-brand-brandes.model.md:22:1
Germanic/docs/lexeme_reports/model_entries/1965-brand-brandes.model.md:23:1	Germanic/docs/lexeme_reports/model_entries/1965-brand-brandes.model.md:23:1	explicit_tag	Germanic/docs/lexeme_reports/model_entries/1965-brand-brandes.model.md:23	\index[iv]{03pgmc@\ivlangheader{Proto-Germanic}{}!brandas@\iventry{*brándas}{}}	pgmc		*brándas	brandas	evidence_form	explicit_tag	Germanic/docs/lexeme_reports/model_entries/1965-brand-brandes.model.md:23	1	Germanic/docs/lexeme_reports/model_entries/1965-brand-brandes.model.md:23:1
Germanic/docs/lexeme_reports/model_entries/1965-brand-brandes.model.md:31:1	Germanic/docs/lexeme_reports/model_entries/1965-brand-brandes.model.md:31:1	explicit_tag	Germanic/docs/lexeme_reports/model_entries/1965-brand-brandes.model.md:31	\index[iv]{02oe@\ivlangheader{Old English}{West Saxon normalization unmarked}!brand@\iventry{brand}{}}	oe		brand	brand	evidence_form	explicit_tag	Germanic/docs/lexeme_reports/model_entries/1965-brand-brandes.model.md:31	1	Germanic/docs/lexeme_reports/model_entries/1965-brand-brandes.model.md:31:1
Germanic/docs/lexeme_reports/model_entries/1965-brand-brandes.model.md:33:2	Germanic/docs/lexeme_reports/model_entries/1965-brand-brandes.model.md:33:2	explicit_tag	Germanic/docs/lexeme_reports/model_entries/1965-brand-brandes.model.md:33	\index[iv]{02oe@\ivlangheader{Old English}{West Saxon normalization unmarked}!branda@\iventry{branda}{}}	oe		branda	branda	evidence_form	explicit_tag	Germanic/docs/lexeme_reports/model_entries/1965-brand-brandes.model.md:33	1	Germanic/docs/lexeme_reports/model_entries/1965-brand-brandes.model.md:33:2
Germanic/docs/lexeme_reports/model_entries/1965-brand-brandes.model.md:33:1	Germanic/docs/lexeme_reports/model_entries/1965-brand-brandes.model.md:33:1	explicit_tag	Germanic/docs/lexeme_reports/model_entries/1965-brand-brandes.model.md:33	\index[iv]{02oe@\ivlangheader{Old English}{West Saxon normalization unmarked}!brandas@\iventry{brandas}{}}	oe		brandas	brandas	evidence_form	explicit_tag	Germanic/docs/lexeme_reports/model_entries/1965-brand-brandes.model.md:33	1	Germanic/docs/lexeme_reports/model_entries/1965-brand-brandes.model.md:33:1
Germanic/docs/lexeme_reports/model_entries/1965-brand-brandes.model.md:33:3	Germanic/docs/lexeme_reports/model_entries/1965-brand-brandes.model.md:33:3	explicit_tag	Germanic/docs/lexeme_reports/model_entries/1965-brand-brandes.model.md:33	\index[iv]{02oe@\ivlangheader{Old English}{West Saxon normalization unmarked}!brandum@\iventry{brandum}{}}	oe		brandum	brandum	evidence_form	explicit_tag	Germanic/docs/lexeme_reports/model_entries/1965-brand-brandes.model.md:33	1	Germanic/docs/lexeme_reports/model_entries/1965-brand-brandes.model.md:33:3
Germanic/docs/lexeme_reports/model_entries/1965-brand-brandes.model.md:35:1	Germanic/docs/lexeme_reports/model_entries/1965-brand-brandes.model.md:35:1	explicit_tag	Germanic/docs/lexeme_reports/model_entries/1965-brand-brandes.model.md:35	\index[iv]{02oe@\ivlangheader{Old English}{West Saxon normalization unmarked}!brandes@\iventry{brandes}{}}	oe		brandes	brandes	evidence_form	explicit_tag	Germanic/docs/lexeme_reports/model_entries/1965-brand-brandes.model.md:35	1	Germanic/docs/lexeme_reports/model_entries/1965-brand-brandes.model.md:35:1
Germanic/docs/lexeme_reports/model_entries/1965-brand-brandes.model.md:41:1	Germanic/docs/lexeme_reports/model_entries/1965-brand-brandes.model.md:41:1	explicit_tag	Germanic/docs/lexeme_reports/model_entries/1965-brand-brandes.model.md:41	\index[iv]{03pgmc@\ivlangheader{Proto-Germanic}{}!brandas@\iventry{*brándas}{}}	pgmc		*brándas	brandas	evidence_form	explicit_tag	Germanic/docs/lexeme_reports/model_entries/1965-brand-brandes.model.md:41	1	Germanic/docs/lexeme_reports/model_entries/1965-brand-brandes.model.md:41:1
Germanic/docs/lexeme_reports/model_entries/1965-brand-brandes.model.md:42:1	Germanic/docs/lexeme_reports/model_entries/1965-brand-brandes.model.md:42:1	explicit_tag	Germanic/docs/lexeme_reports/model_entries/1965-brand-brandes.model.md:42	\index[iv]{02oe@\ivlangheader{Old English}{West Saxon normalization unmarked}!brandes@\iventry{brandes}{}}	oe		brandes	brandes	evidence_form	explicit_tag	Germanic/docs/lexeme_reports/model_entries/1965-brand-brandes.model.md:42	1	Germanic/docs/lexeme_reports/model_entries/1965-brand-brandes.model.md:42:1
Germanic/docs/lexeme_reports/model_entries/1965-brand-brandes.model.md:44:1	Germanic/docs/lexeme_reports/model_entries/1965-brand-brandes.model.md:44:1	explicit_tag	Germanic/docs/lexeme_reports/model_entries/1965-brand-brandes.model.md:44	\index[iv]{02oe@\ivlangheader{Old English}{West Saxon normalization unmarked}!brand@\iventry{brand}{}}	oe		brand	brand	evidence_form	explicit_tag	Germanic/docs/lexeme_reports/model_entries/1965-brand-brandes.model.md:44	1	Germanic/docs/lexeme_reports/model_entries/1965-brand-brandes.model.md:44:1
Germanic/docs/lexeme_reports/model_entries/1965-brand-brandes.model.md:57:2	Germanic/docs/lexeme_reports/model_entries/1965-brand-brandes.model.md:57:2	explicit_tag	Germanic/docs/lexeme_reports/model_entries/1965-brand-brandes.model.md:57	\index[iv]{02oe@\ivlangheader{Old English}{West Saxon normalization unmarked}!brand@\iventry{brand}{}}	oe		brand	brand	evidence_form	explicit_tag	Germanic/docs/lexeme_reports/model_entries/1965-brand-brandes.model.md:57	1	Germanic/docs/lexeme_reports/model_entries/1965-brand-brandes.model.md:57:2
Germanic/docs/lexeme_reports/model_entries/1965-brand-brandes.model.md:57:3	Germanic/docs/lexeme_reports/model_entries/1965-brand-brandes.model.md:57:3	explicit_tag	Germanic/docs/lexeme_reports/model_entries/1965-brand-brandes.model.md:57	\index[iv]{02oe@\ivlangheader{Old English}{West Saxon normalization unmarked}!brand@\iventry{brand}{}}	oe		brand	brand	evidence_form	explicit_tag	Germanic/docs/lexeme_reports/model_entries/1965-brand-brandes.model.md:57	1	Germanic/docs/lexeme_reports/model_entries/1965-brand-brandes.model.md:57:3
Germanic/docs/lexeme_reports/model_entries/1965-brand-brandes.model.md:57:1	Germanic/docs/lexeme_reports/model_entries/1965-brand-brandes.model.md:57:1	explicit_tag	Germanic/docs/lexeme_reports/model_entries/1965-brand-brandes.model.md:57	\index[iv]{03pgmc@\ivlangheader{Proto-Germanic}{}!brandaz@\iventry{*brándaz}{}}	pgmc		*brándaz	brandaz	evidence_form	explicit_tag	Germanic/docs/lexeme_reports/model_entries/1965-brand-brandes.model.md:57	1	Germanic/docs/lexeme_reports/model_entries/1965-brand-brandes.model.md:57:1
Germanic/docs/lexeme_reports/model_entries/1965-brand-brandes.model.md:58:1	Germanic/docs/lexeme_reports/model_entries/1965-brand-brandes.model.md:58:1	explicit_tag	Germanic/docs/lexeme_reports/model_entries/1965-brand-brandes.model.md:58	\index[iv]{03pgmc@\ivlangheader{Proto-Germanic}{}!brandas@\iventry{*brándas}{}}	pgmc		*brándas	brandas	evidence_form	explicit_tag	Germanic/docs/lexeme_reports/model_entries/1965-brand-brandes.model.md:58	1	Germanic/docs/lexeme_reports/model_entries/1965-brand-brandes.model.md:58:1
Germanic/docs/lexeme_reports/model_entries/1965-brand-brandes.model.md:58:2	Germanic/docs/lexeme_reports/model_entries/1965-brand-brandes.model.md:58:2	explicit_tag	Germanic/docs/lexeme_reports/model_entries/1965-brand-brandes.model.md:58	\index[iv]{02oe@\ivlangheader{Old English}{West Saxon normalization unmarked}!brandes@\iventry{brandes}{}}	oe		brandes	brandes	evidence_form	explicit_tag	Germanic/docs/lexeme_reports/model_entries/1965-brand-brandes.model.md:58	1	Germanic/docs/lexeme_reports/model_entries/1965-brand-brandes.model.md:58:2
Germanic/docs/lexeme_reports/model_entries/1965-brand-brandes.model.md:58:3	Germanic/docs/lexeme_reports/model_entries/1965-brand-brandes.model.md:58:3	explicit_tag	Germanic/docs/lexeme_reports/model_entries/1965-brand-brandes.model.md:58	\index[iv]{02oe@\ivlangheader{Old English}{West Saxon normalization unmarked}!brandes@\iventry{brandes}{}}	oe		brandes	brandes	evidence_form	explicit_tag	Germanic/docs/lexeme_reports/model_entries/1965-brand-brandes.model.md:58	1	Germanic/docs/lexeme_reports/model_entries/1965-brand-brandes.model.md:58:3
Germanic/docs/lexeme_reports/model_entries/1965-brand-brandes.model.md:61:2	Germanic/docs/lexeme_reports/model_entries/1965-brand-brandes.model.md:61:2	explicit_tag	Germanic/docs/lexeme_reports/model_entries/1965-brand-brandes.model.md:61	\index[iv]{02oe@\ivlangheader{Old English}{West Saxon normalization unmarked}!brand@\iventry{brand}{}}	oe		brand	brand	evidence_form	explicit_tag	Germanic/docs/lexeme_reports/model_entries/1965-brand-brandes.model.md:61	1	Germanic/docs/lexeme_reports/model_entries/1965-brand-brandes.model.md:61:2
Germanic/docs/lexeme_reports/model_entries/1965-brand-brandes.model.md:61:1	Germanic/docs/lexeme_reports/model_entries/1965-brand-brandes.model.md:61:1	explicit_tag	Germanic/docs/lexeme_reports/model_entries/1965-brand-brandes.model.md:61	\index[iv]{02oe@\ivlangheader{Old English}{West Saxon normalization unmarked}!brandes@\iventry{brandes}{}}	oe		brandes	brandes	evidence_form	explicit_tag	Germanic/docs/lexeme_reports/model_entries/1965-brand-brandes.model.md:61	1	Germanic/docs/lexeme_reports/model_entries/1965-brand-brandes.model.md:61:1
Germanic/docs/lexeme_reports/model_entries/1968-breast-brēost.model.md:22:1	Germanic/docs/lexeme_reports/model_entries/1968-breast-brēost.model.md:22:1	explicit_tag	Germanic/docs/lexeme_reports/model_entries/1968-breast-brēost.model.md:22	\index[iv]{03pgmc@\ivlangheader{Proto-Germanic}{}!brust@\iventry{*brust-}{}}	pgmc		*brust-	brust	source_protoform	explicit_tag	Germanic/docs/lexeme_reports/model_entries/1968-breast-brēost.model.md:22	1	Germanic/docs/lexeme_reports/model_entries/1968-breast-brēost.model.md:22:1
Germanic/docs/lexeme_reports/model_entries/1968-breast-brēost.model.md:22:2	Germanic/docs/lexeme_reports/model_entries/1968-breast-brēost.model.md:22:2	explicit_tag	Germanic/docs/lexeme_reports/model_entries/1968-breast-brēost.model.md:22	\index[iv]{11goth@\ivlangheader{Gothic}{}!brusts@\iventry{brusts}{}}	goth		brusts	brusts	comparison_form	explicit_tag	Germanic/docs/lexeme_reports/model_entries/1968-breast-brēost.model.md:22	1	Germanic/docs/lexeme_reports/model_entries/1968-breast-brēost.model.md:22:2
Germanic/docs/lexeme_reports/model_entries/1968-breast-brēost.model.md:23:1	Germanic/docs/lexeme_reports/model_entries/1968-breast-brēost.model.md:23:1	explicit_tag	Germanic/docs/lexeme_reports/model_entries/1968-breast-brēost.model.md:23	\index[iv]{02oe@\ivlangheader{Old English}{West Saxon normalization unmarked}!breost@\iventry{brēost}{}}	oe		brēost	breost	target_form	explicit_tag	Germanic/docs/lexeme_reports/model_entries/1968-breast-brēost.model.md:23	1	Germanic/docs/lexeme_reports/model_entries/1968-breast-brēost.model.md:23:1
Germanic/docs/lexeme_reports/model_entries/1968-breast-brēost.model.md:23:2	Germanic/docs/lexeme_reports/model_entries/1968-breast-brēost.model.md:23:2	explicit_tag	Germanic/docs/lexeme_reports/model_entries/1968-breast-brēost.model.md:23	\index[iv]{03pgmc@\ivlangheader{Proto-Germanic}{}!breusta@\iventry{*breusta-}{}}	pgmc		*breusta-	breusta	source_protoform	explicit_tag	Germanic/docs/lexeme_reports/model_entries/1968-breast-brēost.model.md:23	1	Germanic/docs/lexeme_reports/model_entries/1968-breast-brēost.model.md:23:2
Germanic/docs/lexeme_reports/model_entries/1968-breast-brēost.model.md:24:2	Germanic/docs/lexeme_reports/model_entries/1968-breast-brēost.model.md:24:2	explicit_tag	Germanic/docs/lexeme_reports/model_entries/1968-breast-brēost.model.md:24	\index[iv]{12os@\ivlangheader{Old Saxon}{}!briost@\iventry{briost}{}}	os		briost	briost	comparison_form	explicit_tag	Germanic/docs/lexeme_reports/model_entries/1968-breast-brēost.model.md:24	1	Germanic/docs/lexeme_reports/model_entries/1968-breast-brēost.model.md:24:2
Germanic/docs/lexeme_reports/model_entries/1968-breast-brēost.model.md:24:1	Germanic/docs/lexeme_reports/model_entries/1968-breast-brēost.model.md:24:1	explicit_tag	Germanic/docs/lexeme_reports/model_entries/1968-breast-brēost.model.md:24	\index[iv]{08on@\ivlangheader{Old Norse}{}!brjost@\iventry{brjóst}{}}	on		brjóst	brjost	comparison_form	explicit_tag	Germanic/docs/lexeme_reports/model_entries/1968-breast-brēost.model.md:24	1	Germanic/docs/lexeme_reports/model_entries/1968-breast-brēost.model.md:24:1
Germanic/docs/lexeme_reports/model_entries/1968-breast-brēost.model.md:27:1	Germanic/docs/lexeme_reports/model_entries/1968-breast-brēost.model.md:27:1	explicit_tag	Germanic/docs/lexeme_reports/model_entries/1968-breast-brēost.model.md:27	\index[iv]{03pgmc@\ivlangheader{Proto-Germanic}{}!breusta@\iventry{*bréustą}{}}	pgmc		*bréustą	breusta	selected_input	explicit_tag	Germanic/docs/lexeme_reports/model_entries/1968-breast-brēost.model.md:27	1	Germanic/docs/lexeme_reports/model_entries/1968-breast-brēost.model.md:27:1
Germanic/docs/lexeme_reports/model_entries/1968-breast-brēost.model.md:28:1	Germanic/docs/lexeme_reports/model_entries/1968-breast-brēost.model.md:28:1	explicit_tag	Germanic/docs/lexeme_reports/model_entries/1968-breast-brēost.model.md:28	\index[iv]{03pgmc@\ivlangheader{Proto-Germanic}{}!brustz@\iventry{*brústz}{}}	pgmc		*brústz	brustz	source_protoform	explicit_tag	Germanic/docs/lexeme_reports/model_entries/1968-breast-brēost.model.md:28	1	Germanic/docs/lexeme_reports/model_entries/1968-breast-brēost.model.md:28:1
Germanic/docs/lexeme_reports/model_entries/1968-breast-brēost.model.md:34:2	Germanic/docs/lexeme_reports/model_entries/1968-breast-brēost.model.md:34:2	explicit_tag	Germanic/docs/lexeme_reports/model_entries/1968-breast-brēost.model.md:34	\index[iv]{02oe@\ivlangheader{Old English}{West Saxon normalization unmarked}!breost@\iventry{breóst}{}}	oe		breóst	breost	comparison_form	explicit_tag	Germanic/docs/lexeme_reports/model_entries/1968-breast-brēost.model.md:34	1	Germanic/docs/lexeme_reports/model_entries/1968-breast-brēost.model.md:34:2
Germanic/docs/lexeme_reports/model_entries/1968-breast-brēost.model.md:34:1	Germanic/docs/lexeme_reports/model_entries/1968-breast-brēost.model.md:34:1	explicit_tag	Germanic/docs/lexeme_reports/model_entries/1968-breast-brēost.model.md:34	\index[iv]{02oe@\ivlangheader{Old English}{West Saxon normalization unmarked}!breost@\iventry{brēost}{}}	oe		brēost	breost	target_form	explicit_tag	Germanic/docs/lexeme_reports/model_entries/1968-breast-brēost.model.md:34	1	Germanic/docs/lexeme_reports/model_entries/1968-breast-brēost.model.md:34:1
Germanic/docs/lexeme_reports/model_entries/1968-breast-brēost.model.md:40:1	Germanic/docs/lexeme_reports/model_entries/1968-breast-brēost.model.md:40:1	explicit_tag	Germanic/docs/lexeme_reports/model_entries/1968-breast-brēost.model.md:40	\index[iv]{02oe@\ivlangheader{Old English}{West Saxon normalization unmarked}!breost@\iventry{brēost}{}}	oe		brēost	breost	target_form	explicit_tag	Germanic/docs/lexeme_reports/model_entries/1968-breast-brēost.model.md:40	1	Germanic/docs/lexeme_reports/model_entries/1968-breast-brēost.model.md:40:1
Germanic/docs/lexeme_reports/model_entries/1968-breast-brēost.model.md:44:2	Germanic/docs/lexeme_reports/model_entries/1968-breast-brēost.model.md:44:2	explicit_tag	Germanic/docs/lexeme_reports/model_entries/1968-breast-brēost.model.md:44	\index[iv]{02oe@\ivlangheader{Old English}{West Saxon normalization unmarked}!breost@\iventry{brēost}{}}	oe		brēost	breost	target_form	explicit_tag	Germanic/docs/lexeme_reports/model_entries/1968-breast-brēost.model.md:44	1	Germanic/docs/lexeme_reports/model_entries/1968-breast-brēost.model.md:44:2
Germanic/docs/lexeme_reports/model_entries/1968-breast-brēost.model.md:44:1	Germanic/docs/lexeme_reports/model_entries/1968-breast-brēost.model.md:44:1	explicit_tag	Germanic/docs/lexeme_reports/model_entries/1968-breast-brēost.model.md:44	\index[iv]{03pgmc@\ivlangheader{Proto-Germanic}{}!breusta@\iventry{*bréustą}{}}	pgmc		*bréustą	breusta	selected_input	explicit_tag	Germanic/docs/lexeme_reports/model_entries/1968-breast-brēost.model.md:44	1	Germanic/docs/lexeme_reports/model_entries/1968-breast-brēost.model.md:44:1
Germanic/docs/lexeme_reports/model_entries/1968-breast-brēost.model.md:58:1	Germanic/docs/lexeme_reports/model_entries/1968-breast-brēost.model.md:58:1	explicit_tag	Germanic/docs/lexeme_reports/model_entries/1968-breast-brēost.model.md:58	\index[iv]{03pgmc@\ivlangheader{Proto-Germanic}{}!brustz@\iventry{*brústz}{}}	pgmc		*brústz	brustz	source_protoform	explicit_tag	Germanic/docs/lexeme_reports/model_entries/1968-breast-brēost.model.md:58	1	Germanic/docs/lexeme_reports/model_entries/1968-breast-brēost.model.md:58:1
Germanic/docs/lexeme_reports/model_entries/1968-breast-brēost.model.md:59:2	Germanic/docs/lexeme_reports/model_entries/1968-breast-brēost.model.md:59:2	explicit_tag	Germanic/docs/lexeme_reports/model_entries/1968-breast-brēost.model.md:59	\index[iv]{02oe@\ivlangheader{Old English}{West Saxon normalization unmarked}!breost@\iventry{brēost}{}}	oe		brēost	breost	target_form	explicit_tag	Germanic/docs/lexeme_reports/model_entries/1968-breast-brēost.model.md:59	1	Germanic/docs/lexeme_reports/model_entries/1968-breast-brēost.model.md:59:2
Germanic/docs/lexeme_reports/model_entries/1968-breast-brēost.model.md:59:1	Germanic/docs/lexeme_reports/model_entries/1968-breast-brēost.model.md:59:1	explicit_tag	Germanic/docs/lexeme_reports/model_entries/1968-breast-brēost.model.md:59	\index[iv]{03pgmc@\ivlangheader{Proto-Germanic}{}!breusta@\iventry{*bréustą}{}}	pgmc		*bréustą	breusta	selected_input	explicit_tag	Germanic/docs/lexeme_reports/model_entries/1968-breast-brēost.model.md:59	1	Germanic/docs/lexeme_reports/model_entries/1968-breast-brēost.model.md:59:1
Germanic/docs/lexeme_reports/model_entries/1968-breast-brēost.model.md:61:1	Germanic/docs/lexeme_reports/model_entries/1968-breast-brēost.model.md:61:1	explicit_tag	Germanic/docs/lexeme_reports/model_entries/1968-breast-brēost.model.md:61	\index[iv]{02oe@\ivlangheader{Old English}{West Saxon normalization unmarked}!breost@\iventry{brēost}{}}	oe		brēost	breost	target_form	explicit_tag	Germanic/docs/lexeme_reports/model_entries/1968-breast-brēost.model.md:61	1	Germanic/docs/lexeme_reports/model_entries/1968-breast-brēost.model.md:61:1
Germanic/docs/lexeme_reports/model_entries/1968-breast-brēost.model.md:62:1	Germanic/docs/lexeme_reports/model_entries/1968-breast-brēost.model.md:62:1	explicit_tag	Germanic/docs/lexeme_reports/model_entries/1968-breast-brēost.model.md:62	\index[iv]{03pgmc@\ivlangheader{Proto-Germanic}{}!breusta@\iventry{*breusta-}{}}	pgmc		*breusta-	breusta	source_protoform	explicit_tag	Germanic/docs/lexeme_reports/model_entries/1968-breast-brēost.model.md:62	1	Germanic/docs/lexeme_reports/model_entries/1968-breast-brēost.model.md:62:1
Germanic/docs/lexeme_reports/model_entries/1968-breast-brēost.model.md:62:2	Germanic/docs/lexeme_reports/model_entries/1968-breast-brēost.model.md:62:2	explicit_tag	Germanic/docs/lexeme_reports/model_entries/1968-breast-brēost.model.md:62	\index[iv]{03pgmc@\ivlangheader{Proto-Germanic}{}!brust@\iventry{*brust-}{}}	pgmc		*brust-	brust	source_protoform	explicit_tag	Germanic/docs/lexeme_reports/model_entries/1968-breast-brēost.model.md:62	1	Germanic/docs/lexeme_reports/model_entries/1968-breast-brēost.model.md:62:2
Germanic/docs/lexeme_reports/model_entries/1969-breeches-brēċ.model.md:21:1	Germanic/docs/lexeme_reports/model_entries/1969-breeches-brēċ.model.md:21:1	explicit_tag	Germanic/docs/lexeme_reports/model_entries/1969-breeches-brēċ.model.md:21	\index[iv]{04pnwgmc@\ivlangheader{Proto-Northwest Germanic}{}!brokiz@\iventry{*brōkiz}{}}	pnwgmc		*brōkiz	brokiz	comparison_form	explicit_tag	Germanic/docs/lexeme_reports/model_entries/1969-breeches-brēċ.model.md:21	1	Germanic/docs/lexeme_reports/model_entries/1969-breeches-brēċ.model.md:21:1
Germanic/docs/lexeme_reports/model_entries/1969-breeches-brēċ.model.md:21:2	Germanic/docs/lexeme_reports/model_entries/1969-breeches-brēċ.model.md:21:2	explicit_tag	Germanic/docs/lexeme_reports/model_entries/1969-breeches-brēċ.model.md:21	\index[iv]{04pnwgmc@\ivlangheader{Proto-Northwest Germanic}{}!brokiz@\iventry{*brōkiz}{}}	pnwgmc		*brōkiz	brokiz	selected_input	explicit_tag	Germanic/docs/lexeme_reports/model_entries/1969-breeches-brēċ.model.md:21	1	Germanic/docs/lexeme_reports/model_entries/1969-breeches-brēċ.model.md:21:2
Germanic/docs/lexeme_reports/model_entries/1973-buck-bucc.model.md:21:1	Germanic/docs/lexeme_reports/model_entries/1973-buck-bucc.model.md:21:1	explicit_tag	Germanic/docs/lexeme_reports/model_entries/1973-buck-bucc.model.md:21	\index[iv]{03pgmc@\ivlangheader{Proto-Germanic}{}!bukkaz@\iventry{*bukkaz}{}}	pgmc		*bukkaz	bukkaz	source_protoform	explicit_tag	Germanic/docs/lexeme_reports/model_entries/1973-buck-bucc.model.md:21	1	Germanic/docs/lexeme_reports/model_entries/1973-buck-bucc.model.md:21:1
Germanic/docs/lexeme_reports/model_entries/1973-buck-bucc.model.md:23:1	Germanic/docs/lexeme_reports/model_entries/1973-buck-bucc.model.md:23:1	explicit_tag	Germanic/docs/lexeme_reports/model_entries/1973-buck-bucc.model.md:23	\index[iv]{02oe@\ivlangheader{Old English}{West Saxon normalization unmarked}!bucca@\iventry{bucca}{}}	oe		bucca	bucca	comparison_form	explicit_tag	Germanic/docs/lexeme_reports/model_entries/1973-buck-bucc.model.md:23	1	Germanic/docs/lexeme_reports/model_entries/1973-buck-bucc.model.md:23:1
Germanic/docs/lexeme_reports/model_entries/1973-buck-bucc.model.md:29:1	Germanic/docs/lexeme_reports/model_entries/1973-buck-bucc.model.md:29:1	explicit_tag	Germanic/docs/lexeme_reports/model_entries/1973-buck-bucc.model.md:29	\index[iv]{02oe@\ivlangheader{Old English}{West Saxon normalization unmarked}!bucca@\iventry{bucca}{}}	oe		bucca	bucca	comparison_form	explicit_tag	Germanic/docs/lexeme_reports/model_entries/1973-buck-bucc.model.md:29	1	Germanic/docs/lexeme_reports/model_entries/1973-buck-bucc.model.md:29:1
Germanic/docs/lexeme_reports/model_entries/1973-buck-bucc.model.md:31:2	Germanic/docs/lexeme_reports/model_entries/1973-buck-bucc.model.md:31:2	explicit_tag	Germanic/docs/lexeme_reports/model_entries/1973-buck-bucc.model.md:31	\index[iv]{02oe@\ivlangheader{Old English}{West Saxon normalization unmarked}!bucc@\iventry{bucc}{}}	oe		bucc	bucc	target_form	explicit_tag	Germanic/docs/lexeme_reports/model_entries/1973-buck-bucc.model.md:31	1	Germanic/docs/lexeme_reports/model_entries/1973-buck-bucc.model.md:31:2
Germanic/docs/lexeme_reports/model_entries/1973-buck-bucc.model.md:31:1	Germanic/docs/lexeme_reports/model_entries/1973-buck-bucc.model.md:31:1	explicit_tag	Germanic/docs/lexeme_reports/model_entries/1973-buck-bucc.model.md:31	\index[iv]{02oe@\ivlangheader{Old English}{West Saxon normalization unmarked}!bucca@\iventry{bucca}{}}	oe		bucca	bucca	comparison_form	explicit_tag	Germanic/docs/lexeme_reports/model_entries/1973-buck-bucc.model.md:31	1	Germanic/docs/lexeme_reports/model_entries/1973-buck-bucc.model.md:31:1
Germanic/docs/lexeme_reports/model_entries/1973-buck-bucc.model.md:32:1	Germanic/docs/lexeme_reports/model_entries/1973-buck-bucc.model.md:32:1	explicit_tag	Germanic/docs/lexeme_reports/model_entries/1973-buck-bucc.model.md:32	\index[iv]{02oe@\ivlangheader{Old English}{West Saxon normalization unmarked}!bucc@\iventry{bucc}{}}	oe		bucc	bucc	target_form	explicit_tag	Germanic/docs/lexeme_reports/model_entries/1973-buck-bucc.model.md:32	1	Germanic/docs/lexeme_reports/model_entries/1973-buck-bucc.model.md:32:1
Germanic/docs/lexeme_reports/model_entries/1973-buck-bucc.model.md:33:1	Germanic/docs/lexeme_reports/model_entries/1973-buck-bucc.model.md:33:1	explicit_tag	Germanic/docs/lexeme_reports/model_entries/1973-buck-bucc.model.md:33	\index[iv]{02oe@\ivlangheader{Old English}{West Saxon normalization unmarked}!bucca@\iventry{bucca}{}}	oe		bucca	bucca	comparison_form	explicit_tag	Germanic/docs/lexeme_reports/model_entries/1973-buck-bucc.model.md:33	1	Germanic/docs/lexeme_reports/model_entries/1973-buck-bucc.model.md:33:1
Germanic/docs/lexeme_reports/model_entries/1973-buck-bucc.model.md:38:1	Germanic/docs/lexeme_reports/model_entries/1973-buck-bucc.model.md:38:1	explicit_tag	Germanic/docs/lexeme_reports/model_entries/1973-buck-bucc.model.md:38	\index[iv]{03pgmc@\ivlangheader{Proto-Germanic}{}!bukkaz@\iventry{*búkkaz}{}}	pgmc		*búkkaz	bukkaz	selected_input	explicit_tag	Germanic/docs/lexeme_reports/model_entries/1973-buck-bucc.model.md:38	1	Germanic/docs/lexeme_reports/model_entries/1973-buck-bucc.model.md:38:1
Germanic/docs/lexeme_reports/model_entries/1973-buck-bucc.model.md:39:1	Germanic/docs/lexeme_reports/model_entries/1973-buck-bucc.model.md:39:1	explicit_tag	Germanic/docs/lexeme_reports/model_entries/1973-buck-bucc.model.md:39	\index[iv]{02oe@\ivlangheader{Old English}{West Saxon normalization unmarked}!bucc@\iventry{bucc}{}}	oe		bucc	bucc	target_form	explicit_tag	Germanic/docs/lexeme_reports/model_entries/1973-buck-bucc.model.md:39	1	Germanic/docs/lexeme_reports/model_entries/1973-buck-bucc.model.md:39:1
Germanic/docs/lexeme_reports/model_entries/1973-buck-bucc.model.md:43:1	Germanic/docs/lexeme_reports/model_entries/1973-buck-bucc.model.md:43:1	explicit_tag	Germanic/docs/lexeme_reports/model_entries/1973-buck-bucc.model.md:43	\index[iv]{02oe@\ivlangheader{Old English}{West Saxon normalization unmarked}!bycc@\iventry{byċċ}{}}	oe		byċċ	bycc	comparison_form	explicit_tag	Germanic/docs/lexeme_reports/model_entries/1973-buck-bucc.model.md:43	1	Germanic/docs/lexeme_reports/model_entries/1973-buck-bucc.model.md:43:1
Germanic/docs/lexeme_reports/model_entries/1973-buck-bucc.model.md:44:1	Germanic/docs/lexeme_reports/model_entries/1973-buck-bucc.model.md:44:1	explicit_tag	Germanic/docs/lexeme_reports/model_entries/1973-buck-bucc.model.md:44	\index[iv]{02oe@\ivlangheader{Old English}{West Saxon normalization unmarked}!bucc@\iventry{bucc}{}}	oe		bucc	bucc	target_form	explicit_tag	Germanic/docs/lexeme_reports/model_entries/1973-buck-bucc.model.md:44	1	Germanic/docs/lexeme_reports/model_entries/1973-buck-bucc.model.md:44:1
Germanic/docs/lexeme_reports/model_entries/1973-buck-bucc.model.md:51:1	Germanic/docs/lexeme_reports/model_entries/1973-buck-bucc.model.md:51:1	explicit_tag	Germanic/docs/lexeme_reports/model_entries/1973-buck-bucc.model.md:51	\index[iv]{03pgmc@\ivlangheader{Proto-Germanic}{}!bukkaz@\iventry{*búkkaz}{}}	pgmc		*búkkaz	bukkaz	selected_input	explicit_tag	Germanic/docs/lexeme_reports/model_entries/1973-buck-bucc.model.md:51	1	Germanic/docs/lexeme_reports/model_entries/1973-buck-bucc.model.md:51:1
Germanic/docs/lexeme_reports/model_entries/1973-buck-bucc.model.md:52:1	Germanic/docs/lexeme_reports/model_entries/1973-buck-bucc.model.md:52:1	explicit_tag	Germanic/docs/lexeme_reports/model_entries/1973-buck-bucc.model.md:52	\index[iv]{02oe@\ivlangheader{Old English}{West Saxon normalization unmarked}!bucc@\iventry{bucc}{}}	oe		bucc	bucc	target_form	explicit_tag	Germanic/docs/lexeme_reports/model_entries/1973-buck-bucc.model.md:52	1	Germanic/docs/lexeme_reports/model_entries/1973-buck-bucc.model.md:52:1
Germanic/docs/lexeme_reports/model_entries/1973-buck-bucc.model.md:53:1	Germanic/docs/lexeme_reports/model_entries/1973-buck-bucc.model.md:53:1	explicit_tag	Germanic/docs/lexeme_reports/model_entries/1973-buck-bucc.model.md:53	\index[iv]{02oe@\ivlangheader{Old English}{West Saxon normalization unmarked}!bucca@\iventry{bucca}{}}	oe		bucca	bucca	comparison_form	explicit_tag	Germanic/docs/lexeme_reports/model_entries/1973-buck-bucc.model.md:53	1	Germanic/docs/lexeme_reports/model_entries/1973-buck-bucc.model.md:53:1
Germanic/docs/lexeme_reports/model_entries/1975-calf-ċealf.model.md:25:1	Germanic/docs/lexeme_reports/model_entries/1975-calf-ċealf.model.md:25:1	explicit_tag	Germanic/docs/lexeme_reports/model_entries/1975-calf-ċealf.model.md:25	\index[iv]{02oe@\ivlangheader{Old English}{West Saxon normalization unmarked}!cealf@\iventry{cealf}{}}	oe		cealf	cealf	evidence_form	explicit_tag	Germanic/docs/lexeme_reports/model_entries/1975-calf-ċealf.model.md:25	1	Germanic/docs/lexeme_reports/model_entries/1975-calf-ċealf.model.md:25:1
Germanic/docs/lexeme_reports/model_entries/1975-calf-ċealf.model.md:25:4	Germanic/docs/lexeme_reports/model_entries/1975-calf-ċealf.model.md:25:4	explicit_tag	Germanic/docs/lexeme_reports/model_entries/1975-calf-ċealf.model.md:25	\index[iv]{02oe@\ivlangheader{Old English}{West Saxon normalization unmarked}!cealf@\iventry{cealf}{}}	oe		cealf	cealf	evidence_form	explicit_tag	Germanic/docs/lexeme_reports/model_entries/1975-calf-ċealf.model.md:25	1	Germanic/docs/lexeme_reports/model_entries/1975-calf-ċealf.model.md:25:4
Germanic/docs/lexeme_reports/model_entries/1975-calf-ċealf.model.md:25:2	Germanic/docs/lexeme_reports/model_entries/1975-calf-ċealf.model.md:25:2	explicit_tag	Germanic/docs/lexeme_reports/model_entries/1975-calf-ċealf.model.md:25	\index[iv]{02oe@\ivlangheader{Old English}{West Saxon normalization unmarked}!cealfru@\iventry{cealfru}{}}	oe		cealfru	cealfru	evidence_form	explicit_tag	Germanic/docs/lexeme_reports/model_entries/1975-calf-ċealf.model.md:25	1	Germanic/docs/lexeme_reports/model_entries/1975-calf-ċealf.model.md:25:2
Germanic/docs/lexeme_reports/model_entries/1975-calf-ċealf.model.md:25:3	Germanic/docs/lexeme_reports/model_entries/1975-calf-ċealf.model.md:25:3	explicit_tag	Germanic/docs/lexeme_reports/model_entries/1975-calf-ċealf.model.md:25	\index[iv]{02oe@\ivlangheader{Old English}{West Saxon normalization unmarked}!cealfru@\iventry{cealfru}{}}	oe		cealfru	cealfru	evidence_form	explicit_tag	Germanic/docs/lexeme_reports/model_entries/1975-calf-ċealf.model.md:25	1	Germanic/docs/lexeme_reports/model_entries/1975-calf-ċealf.model.md:25:3
Germanic/docs/lexeme_reports/model_entries/1979-corn-corn.model.md:21:1	Germanic/docs/lexeme_reports/model_entries/1979-corn-corn.model.md:21:1	explicit_tag	Germanic/docs/lexeme_reports/model_entries/1979-corn-corn.model.md:21	\index[iv]{02oe@\ivlangheader{Old English}{West Saxon normalization unmarked}!corn@\iventry{corn}{}}	oe		corn	corn	comparison_form	explicit_tag	Germanic/docs/lexeme_reports/model_entries/1979-corn-corn.model.md:21	1	Germanic/docs/lexeme_reports/model_entries/1979-corn-corn.model.md:21:1
Germanic/docs/lexeme_reports/model_entries/1979-corn-corn.model.md:25:1	Germanic/docs/lexeme_reports/model_entries/1979-corn-corn.model.md:25:1	explicit_tag	Germanic/docs/lexeme_reports/model_entries/1979-corn-corn.model.md:25	\index[iv]{02oe@\ivlangheader{Old English}{West Saxon normalization unmarked}!corn@\iventry{corn}{}}	oe		corn	corn	comparison_form	explicit_tag	Germanic/docs/lexeme_reports/model_entries/1979-corn-corn.model.md:25	1	Germanic/docs/lexeme_reports/model_entries/1979-corn-corn.model.md:25:1
Germanic/docs/lexeme_reports/model_entries/1979-corn-corn.model.md:29:1	Germanic/docs/lexeme_reports/model_entries/1979-corn-corn.model.md:29:1	explicit_tag	Germanic/docs/lexeme_reports/model_entries/1979-corn-corn.model.md:29	\index[iv]{02oe@\ivlangheader{Old English}{West Saxon normalization unmarked}!corn@\iventry{corn}{}}	oe		corn	corn	comparison_form	explicit_tag	Germanic/docs/lexeme_reports/model_entries/1979-corn-corn.model.md:29	1	Germanic/docs/lexeme_reports/model_entries/1979-corn-corn.model.md:29:1
Germanic/docs/lexeme_reports/model_entries/1980-cow-cȳ.model.md:27:1	Germanic/docs/lexeme_reports/model_entries/1980-cow-cȳ.model.md:27:1	explicit_tag	Germanic/docs/lexeme_reports/model_entries/1980-cow-cȳ.model.md:27	\index[iv]{02oe@\ivlangheader{Old English}{West Saxon normalization unmarked}!cu@\iventry{cū}{}}	oe		cū	cu	comparison_form	explicit_tag	Germanic/docs/lexeme_reports/model_entries/1980-cow-cȳ.model.md:27	1	Germanic/docs/lexeme_reports/model_entries/1980-cow-cȳ.model.md:27:1
Germanic/docs/lexeme_reports/model_entries/1980-cow-cȳ.model.md:33:1	Germanic/docs/lexeme_reports/model_entries/1980-cow-cȳ.model.md:33:1	explicit_tag	Germanic/docs/lexeme_reports/model_entries/1980-cow-cȳ.model.md:33	\index[iv]{02oe@\ivlangheader{Old English}{West Saxon normalization unmarked}!cu@\iventry{cū}{}}	oe		cū	cu	comparison_form	explicit_tag	Germanic/docs/lexeme_reports/model_entries/1980-cow-cȳ.model.md:33	1	Germanic/docs/lexeme_reports/model_entries/1980-cow-cȳ.model.md:33:1
Germanic/docs/lexeme_reports/model_entries/1980-cow-cȳ.model.md:33:2	Germanic/docs/lexeme_reports/model_entries/1980-cow-cȳ.model.md:33:2	explicit_tag	Germanic/docs/lexeme_reports/model_entries/1980-cow-cȳ.model.md:33	\index[iv]{02oe@\ivlangheader{Old English}{West Saxon normalization unmarked}!cu@\iventry{cū}{}}	oe		cū	cu	comparison_form	explicit_tag	Germanic/docs/lexeme_reports/model_entries/1980-cow-cȳ.model.md:33	1	Germanic/docs/lexeme_reports/model_entries/1980-cow-cȳ.model.md:33:2
Germanic/docs/lexeme_reports/model_entries/1980-cow-cȳ.model.md:33:3	Germanic/docs/lexeme_reports/model_entries/1980-cow-cȳ.model.md:33:3	explicit_tag	Germanic/docs/lexeme_reports/model_entries/1980-cow-cȳ.model.md:33	\index[iv]{02oe@\ivlangheader{Old English}{West Saxon normalization unmarked}!cue@\iventry{cū(e)}{}}	oe		cū(e)	cue	comparison_form	explicit_tag	Germanic/docs/lexeme_reports/model_entries/1980-cow-cȳ.model.md:33	1	Germanic/docs/lexeme_reports/model_entries/1980-cow-cȳ.model.md:33:3
Germanic/docs/lexeme_reports/model_entries/1980-cow-cȳ.model.md:33:5	Germanic/docs/lexeme_reports/model_entries/1980-cow-cȳ.model.md:33:5	explicit_tag	Germanic/docs/lexeme_reports/model_entries/1980-cow-cȳ.model.md:33	\index[iv]{02oe@\ivlangheader{Old English}{West Saxon normalization unmarked}!cus@\iventry{cūs}{}}	oe		cūs	cus	comparison_form	explicit_tag	Germanic/docs/lexeme_reports/model_entries/1980-cow-cȳ.model.md:33	1	Germanic/docs/lexeme_reports/model_entries/1980-cow-cȳ.model.md:33:5
Germanic/docs/lexeme_reports/model_entries/1980-cow-cȳ.model.md:33:4	Germanic/docs/lexeme_reports/model_entries/1980-cow-cȳ.model.md:33:4	explicit_tag	Germanic/docs/lexeme_reports/model_entries/1980-cow-cȳ.model.md:33	\index[iv]{02oe@\ivlangheader{Old English}{West Saxon normalization unmarked}!cy@\iventry{cȳ}{}}	oe		cȳ	cy	comparison_form	explicit_tag	Germanic/docs/lexeme_reports/model_entries/1980-cow-cȳ.model.md:33	1	Germanic/docs/lexeme_reports/model_entries/1980-cow-cȳ.model.md:33:4
Germanic/docs/lexeme_reports/model_entries/1980-cow-cȳ.model.md:34:1	Germanic/docs/lexeme_reports/model_entries/1980-cow-cȳ.model.md:34:1	explicit_tag	Germanic/docs/lexeme_reports/model_entries/1980-cow-cȳ.model.md:34	\index[iv]{02oe@\ivlangheader{Old English}{West Saxon normalization unmarked}!cy@\iventry{cȳ}{}}	oe		cȳ	cy	comparison_form	explicit_tag	Germanic/docs/lexeme_reports/model_entries/1980-cow-cȳ.model.md:34	1	Germanic/docs/lexeme_reports/model_entries/1980-cow-cȳ.model.md:34:1
Germanic/docs/lexeme_reports/model_entries/1980-cow-cȳ.model.md:34:2	Germanic/docs/lexeme_reports/model_entries/1980-cow-cȳ.model.md:34:2	explicit_tag	Germanic/docs/lexeme_reports/model_entries/1980-cow-cȳ.model.md:34	\index[iv]{02oe@\ivlangheader{Old English}{West Saxon normalization unmarked}!cy@\iventry{cȳ}{}}	oe		cȳ	cy	comparison_form	explicit_tag	Germanic/docs/lexeme_reports/model_entries/1980-cow-cȳ.model.md:34	1	Germanic/docs/lexeme_reports/model_entries/1980-cow-cȳ.model.md:34:2
Germanic/docs/lexeme_reports/model_entries/1980-cow-cȳ.model.md:35:1	Germanic/docs/lexeme_reports/model_entries/1980-cow-cȳ.model.md:35:1	explicit_tag	Germanic/docs/lexeme_reports/model_entries/1980-cow-cȳ.model.md:35	\index[iv]{02oe@\ivlangheader{Old English}{West Saxon normalization unmarked}!cu@\iventry{cū}{}}	oe		cū	cu	comparison_form	explicit_tag	Germanic/docs/lexeme_reports/model_entries/1980-cow-cȳ.model.md:35	1	Germanic/docs/lexeme_reports/model_entries/1980-cow-cȳ.model.md:35:1
Germanic/docs/lexeme_reports/model_entries/1980-cow-cȳ.model.md:36:2	Germanic/docs/lexeme_reports/model_entries/1980-cow-cȳ.model.md:36:2	explicit_tag	Germanic/docs/lexeme_reports/model_entries/1980-cow-cȳ.model.md:36	\index[iv]{02oe@\ivlangheader{Old English}{West Saxon normalization unmarked}!ca@\iventry{cā}{}}	oe		cā	ca	comparison_form	explicit_tag	Germanic/docs/lexeme_reports/model_entries/1980-cow-cȳ.model.md:36	1	Germanic/docs/lexeme_reports/model_entries/1980-cow-cȳ.model.md:36:2
Germanic/docs/lexeme_reports/model_entries/1980-cow-cȳ.model.md:36:1	Germanic/docs/lexeme_reports/model_entries/1980-cow-cȳ.model.md:36:1	explicit_tag	Germanic/docs/lexeme_reports/model_entries/1980-cow-cȳ.model.md:36	\index[iv]{02oe@\ivlangheader{Old English}{West Saxon normalization unmarked}!cy@\iventry{cȳ}{}}	oe		cȳ	cy	comparison_form	explicit_tag	Germanic/docs/lexeme_reports/model_entries/1980-cow-cȳ.model.md:36	1	Germanic/docs/lexeme_reports/model_entries/1980-cow-cȳ.model.md:36:1
Germanic/docs/lexeme_reports/model_entries/1980-cow-cȳ.model.md:39:1	Germanic/docs/lexeme_reports/model_entries/1980-cow-cȳ.model.md:39:1	explicit_tag	Germanic/docs/lexeme_reports/model_entries/1980-cow-cȳ.model.md:39	\index[iv]{02oe@\ivlangheader{Old English}{West Saxon normalization unmarked}!cu@\iventry{cū}{}}	oe		cū	cu	comparison_form	explicit_tag	Germanic/docs/lexeme_reports/model_entries/1980-cow-cȳ.model.md:39	1	Germanic/docs/lexeme_reports/model_entries/1980-cow-cȳ.model.md:39:1
Germanic/docs/lexeme_reports/model_entries/1980-cow-cȳ.model.md:39:2	Germanic/docs/lexeme_reports/model_entries/1980-cow-cȳ.model.md:39:2	explicit_tag	Germanic/docs/lexeme_reports/model_entries/1980-cow-cȳ.model.md:39	\index[iv]{02oe@\ivlangheader{Old English}{West Saxon normalization unmarked}!cy@\iventry{cȳ}{}}	oe		cȳ	cy	comparison_form	explicit_tag	Germanic/docs/lexeme_reports/model_entries/1980-cow-cȳ.model.md:39	1	Germanic/docs/lexeme_reports/model_entries/1980-cow-cȳ.model.md:39:2
Germanic/docs/lexeme_reports/model_entries/1980-cow-cȳ.model.md:42:1	Germanic/docs/lexeme_reports/model_entries/1980-cow-cȳ.model.md:42:1	explicit_tag	Germanic/docs/lexeme_reports/model_entries/1980-cow-cȳ.model.md:42	\index[iv]{02oe@\ivlangheader{Old English}{West Saxon normalization unmarked}!ca@\iventry{cā}{}}	oe		cā	ca	comparison_form	explicit_tag	Germanic/docs/lexeme_reports/model_entries/1980-cow-cȳ.model.md:42	1	Germanic/docs/lexeme_reports/model_entries/1980-cow-cȳ.model.md:42:1
Germanic/docs/lexeme_reports/model_entries/1980-cow-cȳ.model.md:42:3	Germanic/docs/lexeme_reports/model_entries/1980-cow-cȳ.model.md:42:3	explicit_tag	Germanic/docs/lexeme_reports/model_entries/1980-cow-cȳ.model.md:42	\index[iv]{02oe@\ivlangheader{Old English}{West Saxon normalization unmarked}!cus@\iventry{cūs}{}}	oe		cūs	cus	comparison_form	explicit_tag	Germanic/docs/lexeme_reports/model_entries/1980-cow-cȳ.model.md:42	1	Germanic/docs/lexeme_reports/model_entries/1980-cow-cȳ.model.md:42:3
Germanic/docs/lexeme_reports/model_entries/1980-cow-cȳ.model.md:42:2	Germanic/docs/lexeme_reports/model_entries/1980-cow-cȳ.model.md:42:2	explicit_tag	Germanic/docs/lexeme_reports/model_entries/1980-cow-cȳ.model.md:42	\index[iv]{02oe@\ivlangheader{Old English}{West Saxon normalization unmarked}!cy@\iventry{cȳ}{}}	oe		cȳ	cy	comparison_form	explicit_tag	Germanic/docs/lexeme_reports/model_entries/1980-cow-cȳ.model.md:42	1	Germanic/docs/lexeme_reports/model_entries/1980-cow-cȳ.model.md:42:2
Germanic/docs/lexeme_reports/model_entries/1980-cow-cȳ.model.md:49:1	Germanic/docs/lexeme_reports/model_entries/1980-cow-cȳ.model.md:49:1	explicit_tag	Germanic/docs/lexeme_reports/model_entries/1980-cow-cȳ.model.md:49	\index[iv]{02oe@\ivlangheader{Old English}{West Saxon normalization unmarked}!cy@\iventry{cȳ}{}}	oe		cȳ	cy	comparison_form	explicit_tag	Germanic/docs/lexeme_reports/model_entries/1980-cow-cȳ.model.md:49	1	Germanic/docs/lexeme_reports/model_entries/1980-cow-cȳ.model.md:49:1
Germanic/docs/lexeme_reports/model_entries/1980-cow-cȳ.model.md:52:1	Germanic/docs/lexeme_reports/model_entries/1980-cow-cȳ.model.md:52:1	explicit_tag	Germanic/docs/lexeme_reports/model_entries/1980-cow-cȳ.model.md:52	\index[iv]{02oe@\ivlangheader{Old English}{West Saxon normalization unmarked}!cy@\iventry{cȳ}{}}	oe		cȳ	cy	comparison_form	explicit_tag	Germanic/docs/lexeme_reports/model_entries/1980-cow-cȳ.model.md:52	1	Germanic/docs/lexeme_reports/model_entries/1980-cow-cȳ.model.md:52:1
Germanic/docs/lexeme_reports/model_entries/1980-cow-cȳ.model.md:54:1	Germanic/docs/lexeme_reports/model_entries/1980-cow-cȳ.model.md:54:1	explicit_tag	Germanic/docs/lexeme_reports/model_entries/1980-cow-cȳ.model.md:54	\index[iv]{02oe@\ivlangheader{Old English}{West Saxon normalization unmarked}!cu@\iventry{cū}{}}	oe		cū	cu	comparison_form	explicit_tag	Germanic/docs/lexeme_reports/model_entries/1980-cow-cȳ.model.md:54	1	Germanic/docs/lexeme_reports/model_entries/1980-cow-cȳ.model.md:54:1
Germanic/docs/lexeme_reports/model_entries/1980-cow-cȳ.model.md:64:1	Germanic/docs/lexeme_reports/model_entries/1980-cow-cȳ.model.md:64:1	explicit_tag	Germanic/docs/lexeme_reports/model_entries/1980-cow-cȳ.model.md:64	\index[iv]{02oe@\ivlangheader{Old English}{West Saxon normalization unmarked}!cu@\iventry{cū}{}}	oe		cū	cu	comparison_form	explicit_tag	Germanic/docs/lexeme_reports/model_entries/1980-cow-cȳ.model.md:64	1	Germanic/docs/lexeme_reports/model_entries/1980-cow-cȳ.model.md:64:1
Germanic/docs/lexeme_reports/model_entries/1980-cow-cȳ.model.md:64:2	Germanic/docs/lexeme_reports/model_entries/1980-cow-cȳ.model.md:64:2	explicit_tag	Germanic/docs/lexeme_reports/model_entries/1980-cow-cȳ.model.md:64	\index[iv]{02oe@\ivlangheader{Old English}{West Saxon normalization unmarked}!cy@\iventry{cȳ}{}}	oe		cȳ	cy	comparison_form	explicit_tag	Germanic/docs/lexeme_reports/model_entries/1980-cow-cȳ.model.md:64	1	Germanic/docs/lexeme_reports/model_entries/1980-cow-cȳ.model.md:64:2
Germanic/docs/lexeme_reports/model_entries/1980-cow-cȳ.model.md:65:1	Germanic/docs/lexeme_reports/model_entries/1980-cow-cȳ.model.md:65:1	explicit_tag	Germanic/docs/lexeme_reports/model_entries/1980-cow-cȳ.model.md:65	\index[iv]{02oe@\ivlangheader{Old English}{West Saxon normalization unmarked}!cu@\iventry{cū}{}}	oe		cū	cu	comparison_form	explicit_tag	Germanic/docs/lexeme_reports/model_entries/1980-cow-cȳ.model.md:65	1	Germanic/docs/lexeme_reports/model_entries/1980-cow-cȳ.model.md:65:1
Germanic/docs/lexeme_reports/model_entries/1980-cow-cȳ.model.md:66:1	Germanic/docs/lexeme_reports/model_entries/1980-cow-cȳ.model.md:66:1	explicit_tag	Germanic/docs/lexeme_reports/model_entries/1980-cow-cȳ.model.md:66	\index[iv]{02oe@\ivlangheader{Old English}{West Saxon normalization unmarked}!cy@\iventry{cȳ}{}}	oe		cȳ	cy	comparison_form	explicit_tag	Germanic/docs/lexeme_reports/model_entries/1980-cow-cȳ.model.md:66	1	Germanic/docs/lexeme_reports/model_entries/1980-cow-cȳ.model.md:66:1
Germanic/docs/lexeme_reports/model_entries/1980-cow-cȳ.model.md:67:1	Germanic/docs/lexeme_reports/model_entries/1980-cow-cȳ.model.md:67:1	explicit_tag	Germanic/docs/lexeme_reports/model_entries/1980-cow-cȳ.model.md:67	\index[iv]{02oe@\ivlangheader{Old English}{West Saxon normalization unmarked}!ca@\iventry{cā}{}}	oe		cā	ca	comparison_form	explicit_tag	Germanic/docs/lexeme_reports/model_entries/1980-cow-cȳ.model.md:67	1	Germanic/docs/lexeme_reports/model_entries/1980-cow-cȳ.model.md:67:1
Germanic/docs/lexeme_reports/model_entries/1980-cow-cȳ.model.md:70:1	Germanic/docs/lexeme_reports/model_entries/1980-cow-cȳ.model.md:70:1	explicit_tag	Germanic/docs/lexeme_reports/model_entries/1980-cow-cȳ.model.md:70	\index[iv]{02oe@\ivlangheader{Old English}{West Saxon normalization unmarked}!cy@\iventry{cȳ}{}}	oe		cȳ	cy	comparison_form	explicit_tag	Germanic/docs/lexeme_reports/model_entries/1980-cow-cȳ.model.md:70	1	Germanic/docs/lexeme_reports/model_entries/1980-cow-cȳ.model.md:70:1
Germanic/docs/lexeme_reports/model_entries/1983-cud-cwedu.model.md:22:2	Germanic/docs/lexeme_reports/model_entries/1983-cud-cwedu.model.md:22:2	explicit_tag	Germanic/docs/lexeme_reports/model_entries/1983-cud-cwedu.model.md:22	\index[iv]{02oe@\ivlangheader{Old English}{West Saxon normalization unmarked}!cweodu@\iventry{cweodu}{}}	oe		cweodu	cweodu	comparison_form	explicit_tag	Germanic/docs/lexeme_reports/model_entries/1983-cud-cwedu.model.md:22	1	Germanic/docs/lexeme_reports/model_entries/1983-cud-cwedu.model.md:22:2
Germanic/docs/lexeme_reports/model_entries/1983-cud-cwedu.model.md:22:1	Germanic/docs/lexeme_reports/model_entries/1983-cud-cwedu.model.md:22:1	explicit_tag	Germanic/docs/lexeme_reports/model_entries/1983-cud-cwedu.model.md:22	\index[iv]{02oe@\ivlangheader{Old English}{West Saxon normalization unmarked}!cwidu@\iventry{cwidu}{}}	oe		cwidu	cwidu	comparison_form	explicit_tag	Germanic/docs/lexeme_reports/model_entries/1983-cud-cwedu.model.md:22	1	Germanic/docs/lexeme_reports/model_entries/1983-cud-cwedu.model.md:22:1
Germanic/docs/lexeme_reports/model_entries/1983-cud-cwedu.model.md:22:3	Germanic/docs/lexeme_reports/model_entries/1983-cud-cwedu.model.md:22:3	explicit_tag	Germanic/docs/lexeme_reports/model_entries/1983-cud-cwedu.model.md:22	\index[iv]{02oe@\ivlangheader{Old English}{West Saxon normalization unmarked}!cwudu@\iventry{c(w)udu}{}}	oe		c(w)udu	cwudu	comparison_form	explicit_tag	Germanic/docs/lexeme_reports/model_entries/1983-cud-cwedu.model.md:22	1	Germanic/docs/lexeme_reports/model_entries/1983-cud-cwedu.model.md:22:3
Germanic/docs/lexeme_reports/model_entries/1983-cud-cwedu.model.md:23:1	Germanic/docs/lexeme_reports/model_entries/1983-cud-cwedu.model.md:23:1	explicit_tag	Germanic/docs/lexeme_reports/model_entries/1983-cud-cwedu.model.md:23	\index[iv]{02oe@\ivlangheader{Old English}{West Saxon normalization unmarked}!cwidu@\iventry{cwidu}{}}	oe		cwidu	cwidu	comparison_form	explicit_tag	Germanic/docs/lexeme_reports/model_entries/1983-cud-cwedu.model.md:23	1	Germanic/docs/lexeme_reports/model_entries/1983-cud-cwedu.model.md:23:1
Germanic/docs/lexeme_reports/model_entries/1983-cud-cwedu.model.md:24:1	Germanic/docs/lexeme_reports/model_entries/1983-cud-cwedu.model.md:24:1	explicit_tag	Germanic/docs/lexeme_reports/model_entries/1983-cud-cwedu.model.md:24	\index[iv]{03pgmc@\ivlangheader{Proto-Germanic}{}!kweduz@\iventry{*kwéðuz}{}}	pgmc		*kwéðuz	kweduz	selected_input	explicit_tag	Germanic/docs/lexeme_reports/model_entries/1983-cud-cwedu.model.md:24	1	Germanic/docs/lexeme_reports/model_entries/1983-cud-cwedu.model.md:24:1
Germanic/docs/lexeme_reports/model_entries/1983-cud-cwedu.model.md:26:1	Germanic/docs/lexeme_reports/model_entries/1983-cud-cwedu.model.md:26:1	explicit_tag	Germanic/docs/lexeme_reports/model_entries/1983-cud-cwedu.model.md:26	\index[iv]{02oe@\ivlangheader{Old English}{West Saxon normalization unmarked}!cwedu@\iventry{cwedu}{}}	oe		cwedu	cwedu	target_form	explicit_tag	Germanic/docs/lexeme_reports/model_entries/1983-cud-cwedu.model.md:26	1	Germanic/docs/lexeme_reports/model_entries/1983-cud-cwedu.model.md:26:1
Germanic/docs/lexeme_reports/model_entries/1983-cud-cwedu.model.md:31:3	Germanic/docs/lexeme_reports/model_entries/1983-cud-cwedu.model.md:31:3	explicit_tag	Germanic/docs/lexeme_reports/model_entries/1983-cud-cwedu.model.md:31	\index[iv]{02oe@\ivlangheader{Old English}{West Saxon normalization unmarked}!cudu@\iventry{cudu}{}}	oe		cudu	cudu	comparison_form	explicit_tag	Germanic/docs/lexeme_reports/model_entries/1983-cud-cwedu.model.md:31	1	Germanic/docs/lexeme_reports/model_entries/1983-cud-cwedu.model.md:31:3
Germanic/docs/lexeme_reports/model_entries/1983-cud-cwedu.model.md:31:1	Germanic/docs/lexeme_reports/model_entries/1983-cud-cwedu.model.md:31:1	explicit_tag	Germanic/docs/lexeme_reports/model_entries/1983-cud-cwedu.model.md:31	\index[iv]{02oe@\ivlangheader{Old English}{West Saxon normalization unmarked}!cwidu@\iventry{cwidu}{}}	oe		cwidu	cwidu	comparison_form	explicit_tag	Germanic/docs/lexeme_reports/model_entries/1983-cud-cwedu.model.md:31	1	Germanic/docs/lexeme_reports/model_entries/1983-cud-cwedu.model.md:31:1
Germanic/docs/lexeme_reports/model_entries/1983-cud-cwedu.model.md:31:2	Germanic/docs/lexeme_reports/model_entries/1983-cud-cwedu.model.md:31:2	explicit_tag	Germanic/docs/lexeme_reports/model_entries/1983-cud-cwedu.model.md:31	\index[iv]{02oe@\ivlangheader{Old English}{West Saxon normalization unmarked}!cwudu@\iventry{cwudu}{}}	oe		cwudu	cwudu	comparison_form	explicit_tag	Germanic/docs/lexeme_reports/model_entries/1983-cud-cwedu.model.md:31	1	Germanic/docs/lexeme_reports/model_entries/1983-cud-cwedu.model.md:31:2
Germanic/docs/lexeme_reports/model_entries/1983-cud-cwedu.model.md:32:4	Germanic/docs/lexeme_reports/model_entries/1983-cud-cwedu.model.md:32:4	explicit_tag	Germanic/docs/lexeme_reports/model_entries/1983-cud-cwedu.model.md:32	\index[iv]{02oe@\ivlangheader{Old English}{West Saxon normalization unmarked}!cudu@\iventry{cudu}{}}	oe		cudu	cudu	comparison_form	explicit_tag	Germanic/docs/lexeme_reports/model_entries/1983-cud-cwedu.model.md:32	1	Germanic/docs/lexeme_reports/model_entries/1983-cud-cwedu.model.md:32:4
Germanic/docs/lexeme_reports/model_entries/1983-cud-cwedu.model.md:32:1	Germanic/docs/lexeme_reports/model_entries/1983-cud-cwedu.model.md:32:1	explicit_tag	Germanic/docs/lexeme_reports/model_entries/1983-cud-cwedu.model.md:32	\index[iv]{02oe@\ivlangheader{Old English}{West Saxon normalization unmarked}!cweodu~03@\iventry{cweodu}{LWS}}	oe	lws	cweodu	cweodu	comparison_form	explicit_tag	Germanic/docs/lexeme_reports/model_entries/1983-cud-cwedu.model.md:32	1	Germanic/docs/lexeme_reports/model_entries/1983-cud-cwedu.model.md:32:1
Germanic/docs/lexeme_reports/model_entries/1983-cud-cwedu.model.md:32:3	Germanic/docs/lexeme_reports/model_entries/1983-cud-cwedu.model.md:32:3	explicit_tag	Germanic/docs/lexeme_reports/model_entries/1983-cud-cwedu.model.md:32	\index[iv]{02oe@\ivlangheader{Old English}{West Saxon normalization unmarked}!cweodu~03@\iventry{cweodu}{LWS}}	oe	lws	cweodu	cweodu	comparison_form	explicit_tag	Germanic/docs/lexeme_reports/model_entries/1983-cud-cwedu.model.md:32	1	Germanic/docs/lexeme_reports/model_entries/1983-cud-cwedu.model.md:32:3
Germanic/docs/lexeme_reports/model_entries/1983-cud-cwedu.model.md:32:2	Germanic/docs/lexeme_reports/model_entries/1983-cud-cwedu.model.md:32:2	explicit_tag	Germanic/docs/lexeme_reports/model_entries/1983-cud-cwedu.model.md:32	\index[iv]{02oe@\ivlangheader{Old English}{West Saxon normalization unmarked}!cwudu@\iventry{cwudu}{}}	oe		cwudu	cwudu	comparison_form	explicit_tag	Germanic/docs/lexeme_reports/model_entries/1983-cud-cwedu.model.md:32	1	Germanic/docs/lexeme_reports/model_entries/1983-cud-cwedu.model.md:32:2
Germanic/docs/lexeme_reports/model_entries/1983-cud-cwedu.model.md:39:1	Germanic/docs/lexeme_reports/model_entries/1983-cud-cwedu.model.md:39:1	explicit_tag	Germanic/docs/lexeme_reports/model_entries/1983-cud-cwedu.model.md:39	\index[iv]{03pgmc@\ivlangheader{Proto-Germanic}{}!kweduz@\iventry{*kwéðuz}{}}	pgmc		*kwéðuz	kweduz	selected_input	explicit_tag	Germanic/docs/lexeme_reports/model_entries/1983-cud-cwedu.model.md:39	1	Germanic/docs/lexeme_reports/model_entries/1983-cud-cwedu.model.md:39:1
Germanic/docs/lexeme_reports/model_entries/1983-cud-cwedu.model.md:40:1	Germanic/docs/lexeme_reports/model_entries/1983-cud-cwedu.model.md:40:1	explicit_tag	Germanic/docs/lexeme_reports/model_entries/1983-cud-cwedu.model.md:40	\index[iv]{02oe@\ivlangheader{Old English}{West Saxon normalization unmarked}!cwedu@\iventry{cwedu}{}}	oe		cwedu	cwedu	target_form	explicit_tag	Germanic/docs/lexeme_reports/model_entries/1983-cud-cwedu.model.md:40	1	Germanic/docs/lexeme_reports/model_entries/1983-cud-cwedu.model.md:40:1
Germanic/docs/lexeme_reports/model_entries/1983-cud-cwedu.model.md:49:1	Germanic/docs/lexeme_reports/model_entries/1983-cud-cwedu.model.md:49:1	explicit_tag	Germanic/docs/lexeme_reports/model_entries/1983-cud-cwedu.model.md:49	\index[iv]{02oe@\ivlangheader{Old English}{West Saxon normalization unmarked}!cwedu@\iventry{cwedu}{}}	oe		cwedu	cwedu	target_form	explicit_tag	Germanic/docs/lexeme_reports/model_entries/1983-cud-cwedu.model.md:49	1	Germanic/docs/lexeme_reports/model_entries/1983-cud-cwedu.model.md:49:1
Germanic/docs/lexeme_reports/model_entries/1983-cud-cwedu.model.md:50:1	Germanic/docs/lexeme_reports/model_entries/1983-cud-cwedu.model.md:50:1	explicit_tag	Germanic/docs/lexeme_reports/model_entries/1983-cud-cwedu.model.md:50	\index[iv]{02oe@\ivlangheader{Old English}{West Saxon normalization unmarked}!cwidu@\iventry{cwidu}{}}	oe		cwidu	cwidu	comparison_form	explicit_tag	Germanic/docs/lexeme_reports/model_entries/1983-cud-cwedu.model.md:50	1	Germanic/docs/lexeme_reports/model_entries/1983-cud-cwedu.model.md:50:1
Germanic/docs/lexeme_reports/model_entries/1983-cud-cwedu.model.md:51:1	Germanic/docs/lexeme_reports/model_entries/1983-cud-cwedu.model.md:51:1	explicit_tag	Germanic/docs/lexeme_reports/model_entries/1983-cud-cwedu.model.md:51	\index[iv]{02oe@\ivlangheader{Old English}{West Saxon normalization unmarked}!cweodu@\iventry{cweodu}{}}	oe		cweodu	cweodu	comparison_form	explicit_tag	Germanic/docs/lexeme_reports/model_entries/1983-cud-cwedu.model.md:51	1	Germanic/docs/lexeme_reports/model_entries/1983-cud-cwedu.model.md:51:1
Germanic/docs/lexeme_reports/model_entries/1983-cud-cwedu.model.md:51:2	Germanic/docs/lexeme_reports/model_entries/1983-cud-cwedu.model.md:51:2	explicit_tag	Germanic/docs/lexeme_reports/model_entries/1983-cud-cwedu.model.md:51	\index[iv]{02oe@\ivlangheader{Old English}{West Saxon normalization unmarked}!cwudu@\iventry{cwudu}{}}	oe		cwudu	cwudu	comparison_form	explicit_tag	Germanic/docs/lexeme_reports/model_entries/1983-cud-cwedu.model.md:51	1	Germanic/docs/lexeme_reports/model_entries/1983-cud-cwedu.model.md:51:2
Germanic/docs/lexeme_reports/model_entries/1983-cud-cwedu.model.md:52:1	Germanic/docs/lexeme_reports/model_entries/1983-cud-cwedu.model.md:52:1	explicit_tag	Germanic/docs/lexeme_reports/model_entries/1983-cud-cwedu.model.md:52	\index[iv]{02oe@\ivlangheader{Old English}{West Saxon normalization unmarked}!cudu@\iventry{cudu}{}}	oe		cudu	cudu	comparison_form	explicit_tag	Germanic/docs/lexeme_reports/model_entries/1983-cud-cwedu.model.md:52	1	Germanic/docs/lexeme_reports/model_entries/1983-cud-cwedu.model.md:52:1
Germanic/docs/lexeme_reports/model_entries/1990-dill-dile.model.md:22:1	Germanic/docs/lexeme_reports/model_entries/1990-dill-dile.model.md:22:1	explicit_tag	Germanic/docs/lexeme_reports/model_entries/1990-dill-dile.model.md:22	\index[iv]{02oe@\ivlangheader{Old English}{West Saxon normalization unmarked}!dile@\iventry{dile}{}}	oe		dile	dile	target_form	explicit_tag	Germanic/docs/lexeme_reports/model_entries/1990-dill-dile.model.md:22	1	Germanic/docs/lexeme_reports/model_entries/1990-dill-dile.model.md:22:1
Germanic/docs/lexeme_reports/model_entries/1990-dill-dile.model.md:22:2	Germanic/docs/lexeme_reports/model_entries/1990-dill-dile.model.md:22:2	explicit_tag	Germanic/docs/lexeme_reports/model_entries/1990-dill-dile.model.md:22	\index[iv]{12os@\ivlangheader{Old Saxon}{}!dilli@\iventry{dilli}{}}	os		dilli	dilli	comparison_form	explicit_tag	Germanic/docs/lexeme_reports/model_entries/1990-dill-dile.model.md:22	1	Germanic/docs/lexeme_reports/model_entries/1990-dill-dile.model.md:22:2
Germanic/docs/lexeme_reports/model_entries/1990-dill-dile.model.md:23:1	Germanic/docs/lexeme_reports/model_entries/1990-dill-dile.model.md:23:1	explicit_tag	Germanic/docs/lexeme_reports/model_entries/1990-dill-dile.model.md:23	\index[iv]{09ohg@\ivlangheader{Old High German}{}!tilli@\iventry{tilli}{}}	ohg		tilli	tilli	comparison_form	explicit_tag	Germanic/docs/lexeme_reports/model_entries/1990-dill-dile.model.md:23	1	Germanic/docs/lexeme_reports/model_entries/1990-dill-dile.model.md:23:1
Germanic/docs/lexeme_reports/model_entries/1990-dill-dile.model.md:24:1	Germanic/docs/lexeme_reports/model_entries/1990-dill-dile.model.md:24:1	explicit_tag	Germanic/docs/lexeme_reports/model_entries/1990-dill-dile.model.md:24	\index[iv]{03pgmc@\ivlangheader{Proto-Germanic}{}!deliz@\iventry{*déliz}{}}	pgmc		*déliz	deliz	selected_input	explicit_tag	Germanic/docs/lexeme_reports/model_entries/1990-dill-dile.model.md:24	1	Germanic/docs/lexeme_reports/model_entries/1990-dill-dile.model.md:24:1
Germanic/docs/lexeme_reports/model_entries/1990-dill-dile.model.md:25:1	Germanic/docs/lexeme_reports/model_entries/1990-dill-dile.model.md:25:1	explicit_tag	Germanic/docs/lexeme_reports/model_entries/1990-dill-dile.model.md:25	\index[iv]{03pgmc@\ivlangheader{Proto-Germanic}{}!deljaz@\iventry{*déljaz}{}}	pgmc		*déljaz	deljaz	source_protoform	explicit_tag	Germanic/docs/lexeme_reports/model_entries/1990-dill-dile.model.md:25	1	Germanic/docs/lexeme_reports/model_entries/1990-dill-dile.model.md:25:1
Germanic/docs/lexeme_reports/model_entries/1990-dill-dile.model.md:35:1	Germanic/docs/lexeme_reports/model_entries/1990-dill-dile.model.md:35:1	explicit_tag	Germanic/docs/lexeme_reports/model_entries/1990-dill-dile.model.md:35	\index[iv]{02oe@\ivlangheader{Old English}{West Saxon normalization unmarked}!dile@\iventry{dile}{}}	oe		dile	dile	target_form	explicit_tag	Germanic/docs/lexeme_reports/model_entries/1990-dill-dile.model.md:35	1	Germanic/docs/lexeme_reports/model_entries/1990-dill-dile.model.md:35:1
Germanic/docs/lexeme_reports/model_entries/1990-dill-dile.model.md:36:1	Germanic/docs/lexeme_reports/model_entries/1990-dill-dile.model.md:36:1	explicit_tag	Germanic/docs/lexeme_reports/model_entries/1990-dill-dile.model.md:36	\index[iv]{02oe@\ivlangheader{Old English}{West Saxon normalization unmarked}!dili@\iventry{dili}{}}	oe		dili	dili	comparison_form	explicit_tag	Germanic/docs/lexeme_reports/model_entries/1990-dill-dile.model.md:36	1	Germanic/docs/lexeme_reports/model_entries/1990-dill-dile.model.md:36:1
Germanic/docs/lexeme_reports/model_entries/1990-dill-dile.model.md:41:1	Germanic/docs/lexeme_reports/model_entries/1990-dill-dile.model.md:41:1	explicit_tag	Germanic/docs/lexeme_reports/model_entries/1990-dill-dile.model.md:41	\index[iv]{02oe@\ivlangheader{Old English}{West Saxon normalization unmarked}!dile@\iventry{dile}{}}	oe		dile	dile	target_form	explicit_tag	Germanic/docs/lexeme_reports/model_entries/1990-dill-dile.model.md:41	1	Germanic/docs/lexeme_reports/model_entries/1990-dill-dile.model.md:41:1
Germanic/docs/lexeme_reports/model_entries/1990-dill-dile.model.md:41:2	Germanic/docs/lexeme_reports/model_entries/1990-dill-dile.model.md:41:2	explicit_tag	Germanic/docs/lexeme_reports/model_entries/1990-dill-dile.model.md:41	\index[iv]{02oe@\ivlangheader{Old English}{West Saxon normalization unmarked}!dill@\iventry{dill}{}}	oe		dill	dill	comparison_form	explicit_tag	Germanic/docs/lexeme_reports/model_entries/1990-dill-dile.model.md:41	1	Germanic/docs/lexeme_reports/model_entries/1990-dill-dile.model.md:41:2
Germanic/docs/lexeme_reports/model_entries/1990-dill-dile.model.md:45:1	Germanic/docs/lexeme_reports/model_entries/1990-dill-dile.model.md:45:1	explicit_tag	Germanic/docs/lexeme_reports/model_entries/1990-dill-dile.model.md:45	\index[iv]{03pgmc@\ivlangheader{Proto-Germanic}{}!deliz@\iventry{*déliz}{}}	pgmc		*déliz	deliz	selected_input	explicit_tag	Germanic/docs/lexeme_reports/model_entries/1990-dill-dile.model.md:45	1	Germanic/docs/lexeme_reports/model_entries/1990-dill-dile.model.md:45:1
Germanic/docs/lexeme_reports/model_entries/1990-dill-dile.model.md:46:1	Germanic/docs/lexeme_reports/model_entries/1990-dill-dile.model.md:46:1	explicit_tag	Germanic/docs/lexeme_reports/model_entries/1990-dill-dile.model.md:46	\index[iv]{02oe@\ivlangheader{Old English}{West Saxon normalization unmarked}!dile@\iventry{dile}{}}	oe		dile	dile	target_form	explicit_tag	Germanic/docs/lexeme_reports/model_entries/1990-dill-dile.model.md:46	1	Germanic/docs/lexeme_reports/model_entries/1990-dill-dile.model.md:46:1
Germanic/docs/lexeme_reports/model_entries/1990-dill-dile.model.md:59:1	Germanic/docs/lexeme_reports/model_entries/1990-dill-dile.model.md:59:1	explicit_tag	Germanic/docs/lexeme_reports/model_entries/1990-dill-dile.model.md:59	\index[iv]{03pgmc@\ivlangheader{Proto-Germanic}{}!deljaz@\iventry{*déljaz}{}}	pgmc		*déljaz	deljaz	source_protoform	explicit_tag	Germanic/docs/lexeme_reports/model_entries/1990-dill-dile.model.md:59	1	Germanic/docs/lexeme_reports/model_entries/1990-dill-dile.model.md:59:1
Germanic/docs/lexeme_reports/model_entries/1990-dill-dile.model.md:59:2	Germanic/docs/lexeme_reports/model_entries/1990-dill-dile.model.md:59:2	explicit_tag	Germanic/docs/lexeme_reports/model_entries/1990-dill-dile.model.md:59	\index[iv]{02oe@\ivlangheader{Old English}{West Saxon normalization unmarked}!dill@\iventry{dill}{}}	oe		dill	dill	comparison_form	explicit_tag	Germanic/docs/lexeme_reports/model_entries/1990-dill-dile.model.md:59	1	Germanic/docs/lexeme_reports/model_entries/1990-dill-dile.model.md:59:2
Germanic/docs/lexeme_reports/model_entries/1990-dill-dile.model.md:60:1	Germanic/docs/lexeme_reports/model_entries/1990-dill-dile.model.md:60:1	explicit_tag	Germanic/docs/lexeme_reports/model_entries/1990-dill-dile.model.md:60	\index[iv]{03pgmc@\ivlangheader{Proto-Germanic}{}!deliz@\iventry{*déliz}{}}	pgmc		*déliz	deliz	selected_input	explicit_tag	Germanic/docs/lexeme_reports/model_entries/1990-dill-dile.model.md:60	1	Germanic/docs/lexeme_reports/model_entries/1990-dill-dile.model.md:60:1
Germanic/docs/lexeme_reports/model_entries/1990-dill-dile.model.md:60:3	Germanic/docs/lexeme_reports/model_entries/1990-dill-dile.model.md:60:3	explicit_tag	Germanic/docs/lexeme_reports/model_entries/1990-dill-dile.model.md:60	\index[iv]{02oe@\ivlangheader{Old English}{West Saxon normalization unmarked}!dile@\iventry{dile}{}}	oe		dile	dile	target_form	explicit_tag	Germanic/docs/lexeme_reports/model_entries/1990-dill-dile.model.md:60	1	Germanic/docs/lexeme_reports/model_entries/1990-dill-dile.model.md:60:3
Germanic/docs/lexeme_reports/model_entries/1990-dill-dile.model.md:62:1	Germanic/docs/lexeme_reports/model_entries/1990-dill-dile.model.md:62:1	explicit_tag	Germanic/docs/lexeme_reports/model_entries/1990-dill-dile.model.md:62	\index[iv]{02oe@\ivlangheader{Old English}{West Saxon normalization unmarked}!dile@\iventry{dile}{}}	oe		dile	dile	target_form	explicit_tag	Germanic/docs/lexeme_reports/model_entries/1990-dill-dile.model.md:62	1	Germanic/docs/lexeme_reports/model_entries/1990-dill-dile.model.md:62:1
Germanic/docs/lexeme_reports/model_entries/1992-door-dor.model.md:21:1	Germanic/docs/lexeme_reports/model_entries/1992-door-dor.model.md:21:1	explicit_tag	Germanic/docs/lexeme_reports/model_entries/1992-door-dor.model.md:21	\index[iv]{02oe@\ivlangheader{Old English}{West Saxon normalization unmarked}!dor@\iventry{dor}{}}	oe		dor	dor	comparison_form	explicit_tag	Germanic/docs/lexeme_reports/model_entries/1992-door-dor.model.md:21	1	Germanic/docs/lexeme_reports/model_entries/1992-door-dor.model.md:21:1
Germanic/docs/lexeme_reports/model_entries/1992-door-dor.model.md:21:2	Germanic/docs/lexeme_reports/model_entries/1992-door-dor.model.md:21:2	explicit_tag	Germanic/docs/lexeme_reports/model_entries/1992-door-dor.model.md:21	\index[iv]{02oe@\ivlangheader{Old English}{West Saxon normalization unmarked}!duru@\iventry{duru}{}}	oe		duru	duru	comparison_form	explicit_tag	Germanic/docs/lexeme_reports/model_entries/1992-door-dor.model.md:21	1	Germanic/docs/lexeme_reports/model_entries/1992-door-dor.model.md:21:2
Germanic/docs/lexeme_reports/model_entries/1992-door-dor.model.md:21:3	Germanic/docs/lexeme_reports/model_entries/1992-door-dor.model.md:21:3	explicit_tag	Germanic/docs/lexeme_reports/model_entries/1992-door-dor.model.md:21	\index[iv]{09ohg@\ivlangheader{Old High German}{}!tura@\iventry{tura}{}}	ohg		tura	tura	comparison_form	explicit_tag	Germanic/docs/lexeme_reports/model_entries/1992-door-dor.model.md:21	1	Germanic/docs/lexeme_reports/model_entries/1992-door-dor.model.md:21:3
Germanic/docs/lexeme_reports/model_entries/1992-door-dor.model.md:25:1	Germanic/docs/lexeme_reports/model_entries/1992-door-dor.model.md:25:1	explicit_tag	Germanic/docs/lexeme_reports/model_entries/1992-door-dor.model.md:25	\index[iv]{02oe@\ivlangheader{Old English}{West Saxon normalization unmarked}!dor@\iventry{dor}{}}	oe		dor	dor	comparison_form	explicit_tag	Germanic/docs/lexeme_reports/model_entries/1992-door-dor.model.md:25	1	Germanic/docs/lexeme_reports/model_entries/1992-door-dor.model.md:25:1
Germanic/docs/lexeme_reports/model_entries/1992-door-dor.model.md:25:4	Germanic/docs/lexeme_reports/model_entries/1992-door-dor.model.md:25:4	explicit_tag	Germanic/docs/lexeme_reports/model_entries/1992-door-dor.model.md:25	\index[iv]{02oe@\ivlangheader{Old English}{West Saxon normalization unmarked}!dor@\iventry{dor}{}}	oe		dor	dor	target_form	explicit_tag	Germanic/docs/lexeme_reports/model_entries/1992-door-dor.model.md:25	1	Germanic/docs/lexeme_reports/model_entries/1992-door-dor.model.md:25:4
Germanic/docs/lexeme_reports/model_entries/1992-door-dor.model.md:25:2	Germanic/docs/lexeme_reports/model_entries/1992-door-dor.model.md:25:2	explicit_tag	Germanic/docs/lexeme_reports/model_entries/1992-door-dor.model.md:25	\index[iv]{02oe@\ivlangheader{Old English}{West Saxon normalization unmarked}!duru@\iventry{duru}{}}	oe		duru	duru	comparison_form	explicit_tag	Germanic/docs/lexeme_reports/model_entries/1992-door-dor.model.md:25	1	Germanic/docs/lexeme_reports/model_entries/1992-door-dor.model.md:25:2
Germanic/docs/lexeme_reports/model_entries/1992-door-dor.model.md:25:3	Germanic/docs/lexeme_reports/model_entries/1992-door-dor.model.md:25:3	explicit_tag	Germanic/docs/lexeme_reports/model_entries/1992-door-dor.model.md:25	\index[iv]{02oe@\ivlangheader{Old English}{West Saxon normalization unmarked}!duru@\iventry{duru}{}}	oe		duru	duru	comparison_form	explicit_tag	Germanic/docs/lexeme_reports/model_entries/1992-door-dor.model.md:25	1	Germanic/docs/lexeme_reports/model_entries/1992-door-dor.model.md:25:3
Germanic/docs/lexeme_reports/model_entries/1992-door-dor.model.md:25:5	Germanic/docs/lexeme_reports/model_entries/1992-door-dor.model.md:25:5	explicit_tag	Germanic/docs/lexeme_reports/model_entries/1992-door-dor.model.md:25	\index[iv]{02oe@\ivlangheader{Old English}{West Saxon normalization unmarked}!duru@\iventry{duru}{}}	oe		duru	duru	comparison_form	explicit_tag	Germanic/docs/lexeme_reports/model_entries/1992-door-dor.model.md:25	1	Germanic/docs/lexeme_reports/model_entries/1992-door-dor.model.md:25:5
Germanic/docs/lexeme_reports/model_entries/1992-door-dor.model.md:29:1	Germanic/docs/lexeme_reports/model_entries/1992-door-dor.model.md:29:1	explicit_tag	Germanic/docs/lexeme_reports/model_entries/1992-door-dor.model.md:29	\index[iv]{02oe@\ivlangheader{Old English}{West Saxon normalization unmarked}!dor@\iventry{dor}{}}	oe		dor	dor	comparison_form	explicit_tag	Germanic/docs/lexeme_reports/model_entries/1992-door-dor.model.md:29	1	Germanic/docs/lexeme_reports/model_entries/1992-door-dor.model.md:29:1
Germanic/docs/lexeme_reports/model_entries/1992-door-dor.model.md:29:2	Germanic/docs/lexeme_reports/model_entries/1992-door-dor.model.md:29:2	explicit_tag	Germanic/docs/lexeme_reports/model_entries/1992-door-dor.model.md:29	\index[iv]{02oe@\ivlangheader{Old English}{West Saxon normalization unmarked}!duru@\iventry{duru}{}}	oe		duru	duru	comparison_form	explicit_tag	Germanic/docs/lexeme_reports/model_entries/1992-door-dor.model.md:29	1	Germanic/docs/lexeme_reports/model_entries/1992-door-dor.model.md:29:2
Germanic/docs/lexeme_reports/model_entries/2003-fare-faran.model.md:25:3	Germanic/docs/lexeme_reports/model_entries/2003-fare-faran.model.md:25:3	explicit_tag	Germanic/docs/lexeme_reports/model_entries/2003-fare-faran.model.md:25	\index[iv]{02oe@\ivlangheader{Old English}{West Saxon normalization unmarked}!faerd@\iventry{færð}{}}	oe		færð	faerd	evidence_form	explicit_tag	Germanic/docs/lexeme_reports/model_entries/2003-fare-faran.model.md:25	1	Germanic/docs/lexeme_reports/model_entries/2003-fare-faran.model.md:25:3
Germanic/docs/lexeme_reports/model_entries/2003-fare-faran.model.md:25:1	Germanic/docs/lexeme_reports/model_entries/2003-fare-faran.model.md:25:1	explicit_tag	Germanic/docs/lexeme_reports/model_entries/2003-fare-faran.model.md:25	\index[iv]{02oe@\ivlangheader{Old English}{West Saxon normalization unmarked}!faere@\iventry{fære}{}}	oe		fære	faere	evidence_form	explicit_tag	Germanic/docs/lexeme_reports/model_entries/2003-fare-faran.model.md:25	1	Germanic/docs/lexeme_reports/model_entries/2003-fare-faran.model.md:25:1
Germanic/docs/lexeme_reports/model_entries/2003-fare-faran.model.md:25:2	Germanic/docs/lexeme_reports/model_entries/2003-fare-faran.model.md:25:2	explicit_tag	Germanic/docs/lexeme_reports/model_entries/2003-fare-faran.model.md:25	\index[iv]{02oe@\ivlangheader{Old English}{West Saxon normalization unmarked}!faerst@\iventry{færst}{}}	oe		færst	faerst	evidence_form	explicit_tag	Germanic/docs/lexeme_reports/model_entries/2003-fare-faran.model.md:25	1	Germanic/docs/lexeme_reports/model_entries/2003-fare-faran.model.md:25:2
Germanic/docs/lexeme_reports/model_entries/2004-fast-festan.model.md:21:1	Germanic/docs/lexeme_reports/model_entries/2004-fast-festan.model.md:21:1	explicit_tag	Germanic/docs/lexeme_reports/model_entries/2004-fast-festan.model.md:21	\index[iv]{03pgmc@\ivlangheader{Proto-Germanic}{}!fastu@\iventry{*fastu-}{}}	pgmc		*fastu-	fastu	source_protoform	explicit_tag	Germanic/docs/lexeme_reports/model_entries/2004-fast-festan.model.md:21	1	Germanic/docs/lexeme_reports/model_entries/2004-fast-festan.model.md:21:1
Germanic/docs/lexeme_reports/model_entries/2004-fast-festan.model.md:22:1	Germanic/docs/lexeme_reports/model_entries/2004-fast-festan.model.md:22:1	explicit_tag	Germanic/docs/lexeme_reports/model_entries/2004-fast-festan.model.md:22	\index[iv]{03pgmc@\ivlangheader{Proto-Germanic}{}!fasten@\iventry{*fasten-}{}}	pgmc		*fasten-	fasten	source_protoform	explicit_tag	Germanic/docs/lexeme_reports/model_entries/2004-fast-festan.model.md:22	1	Germanic/docs/lexeme_reports/model_entries/2004-fast-festan.model.md:22:1
Germanic/docs/lexeme_reports/model_entries/2004-fast-festan.model.md:27:1	Germanic/docs/lexeme_reports/model_entries/2004-fast-festan.model.md:27:1	explicit_tag	Germanic/docs/lexeme_reports/model_entries/2004-fast-festan.model.md:27	\index[iv]{03pgmc@\ivlangheader{Proto-Germanic}{}!fastijana@\iventry{*fástijaną}{}}	pgmc		*fástijaną	fastijana	selected_input	explicit_tag	Germanic/docs/lexeme_reports/model_entries/2004-fast-festan.model.md:27	1	Germanic/docs/lexeme_reports/model_entries/2004-fast-festan.model.md:27:1
Germanic/docs/lexeme_reports/model_entries/2004-fast-festan.model.md:28:1	Germanic/docs/lexeme_reports/model_entries/2004-fast-festan.model.md:28:1	explicit_tag	Germanic/docs/lexeme_reports/model_entries/2004-fast-festan.model.md:28	\index[iv]{03pgmc@\ivlangheader{Proto-Germanic}{}!fastena@\iventry{*fastēną}{}}	pgmc		*fastēną	fastena	source_protoform	explicit_tag	Germanic/docs/lexeme_reports/model_entries/2004-fast-festan.model.md:28	1	Germanic/docs/lexeme_reports/model_entries/2004-fast-festan.model.md:28:1
Germanic/docs/lexeme_reports/model_entries/2004-fast-festan.model.md:33:1	Germanic/docs/lexeme_reports/model_entries/2004-fast-festan.model.md:33:1	explicit_tag	Germanic/docs/lexeme_reports/model_entries/2004-fast-festan.model.md:33	\index[iv]{02oe@\ivlangheader{Old English}{West Saxon normalization unmarked}!festan@\iventry{festan}{}}	oe		festan	festan	target_form	explicit_tag	Germanic/docs/lexeme_reports/model_entries/2004-fast-festan.model.md:33	1	Germanic/docs/lexeme_reports/model_entries/2004-fast-festan.model.md:33:1
Germanic/docs/lexeme_reports/model_entries/2004-fast-festan.model.md:34:1	Germanic/docs/lexeme_reports/model_entries/2004-fast-festan.model.md:34:1	explicit_tag	Germanic/docs/lexeme_reports/model_entries/2004-fast-festan.model.md:34	\index[iv]{02oe@\ivlangheader{Old English}{West Saxon normalization unmarked}!faestan@\iventry{fæstan}{}}	oe		fæstan	faestan	comparison_form	explicit_tag	Germanic/docs/lexeme_reports/model_entries/2004-fast-festan.model.md:34	1	Germanic/docs/lexeme_reports/model_entries/2004-fast-festan.model.md:34:1
Germanic/docs/lexeme_reports/model_entries/2004-fast-festan.model.md:34:2	Germanic/docs/lexeme_reports/model_entries/2004-fast-festan.model.md:34:2	explicit_tag	Germanic/docs/lexeme_reports/model_entries/2004-fast-festan.model.md:34	\index[iv]{02oe@\ivlangheader{Old English}{West Saxon normalization unmarked}!faestan@\iventry{fǣstan}{}}	oe		fǣstan	faestan	comparison_form	explicit_tag	Germanic/docs/lexeme_reports/model_entries/2004-fast-festan.model.md:34	1	Germanic/docs/lexeme_reports/model_entries/2004-fast-festan.model.md:34:2
Germanic/docs/lexeme_reports/model_entries/2004-fast-festan.model.md:34:3	Germanic/docs/lexeme_reports/model_entries/2004-fast-festan.model.md:34:3	explicit_tag	Germanic/docs/lexeme_reports/model_entries/2004-fast-festan.model.md:34	\index[iv]{02oe@\ivlangheader{Old English}{West Saxon normalization unmarked}!festan@\iventry{festan}{}}	oe		festan	festan	target_form	explicit_tag	Germanic/docs/lexeme_reports/model_entries/2004-fast-festan.model.md:34	1	Germanic/docs/lexeme_reports/model_entries/2004-fast-festan.model.md:34:3
Germanic/docs/lexeme_reports/model_entries/2004-fast-festan.model.md:39:1	Germanic/docs/lexeme_reports/model_entries/2004-fast-festan.model.md:39:1	explicit_tag	Germanic/docs/lexeme_reports/model_entries/2004-fast-festan.model.md:39	\index[iv]{02oe@\ivlangheader{Old English}{West Saxon normalization unmarked}!faest@\iventry{fæst}{}}	oe		fæst	faest	comparison_form	explicit_tag	Germanic/docs/lexeme_reports/model_entries/2004-fast-festan.model.md:39	1	Germanic/docs/lexeme_reports/model_entries/2004-fast-festan.model.md:39:1
Germanic/docs/lexeme_reports/model_entries/2004-fast-festan.model.md:39:2	Germanic/docs/lexeme_reports/model_entries/2004-fast-festan.model.md:39:2	explicit_tag	Germanic/docs/lexeme_reports/model_entries/2004-fast-festan.model.md:39	\index[iv]{02oe@\ivlangheader{Old English}{West Saxon normalization unmarked}!festan@\iventry{festan}{}}	oe		festan	festan	target_form	explicit_tag	Germanic/docs/lexeme_reports/model_entries/2004-fast-festan.model.md:39	1	Germanic/docs/lexeme_reports/model_entries/2004-fast-festan.model.md:39:2
Germanic/docs/lexeme_reports/model_entries/2004-fast-festan.model.md:44:1	Germanic/docs/lexeme_reports/model_entries/2004-fast-festan.model.md:44:1	explicit_tag	Germanic/docs/lexeme_reports/model_entries/2004-fast-festan.model.md:44	\index[iv]{03pgmc@\ivlangheader{Proto-Germanic}{}!fastijana@\iventry{*fástijaną}{}}	pgmc		*fástijaną	fastijana	selected_input	explicit_tag	Germanic/docs/lexeme_reports/model_entries/2004-fast-festan.model.md:44	1	Germanic/docs/lexeme_reports/model_entries/2004-fast-festan.model.md:44:1
Germanic/docs/lexeme_reports/model_entries/2004-fast-festan.model.md:45:1	Germanic/docs/lexeme_reports/model_entries/2004-fast-festan.model.md:45:1	explicit_tag	Germanic/docs/lexeme_reports/model_entries/2004-fast-festan.model.md:45	\index[iv]{02oe@\ivlangheader{Old English}{West Saxon normalization unmarked}!festan@\iventry{festan}{}}	oe		festan	festan	target_form	explicit_tag	Germanic/docs/lexeme_reports/model_entries/2004-fast-festan.model.md:45	1	Germanic/docs/lexeme_reports/model_entries/2004-fast-festan.model.md:45:1
Germanic/docs/lexeme_reports/model_entries/2004-fast-festan.model.md:48:1	Germanic/docs/lexeme_reports/model_entries/2004-fast-festan.model.md:48:1	explicit_tag	Germanic/docs/lexeme_reports/model_entries/2004-fast-festan.model.md:48	\index[iv]{02oe@\ivlangheader{Old English}{West Saxon normalization unmarked}!festan@\iventry{festan}{}}	oe		festan	festan	target_form	explicit_tag	Germanic/docs/lexeme_reports/model_entries/2004-fast-festan.model.md:48	1	Germanic/docs/lexeme_reports/model_entries/2004-fast-festan.model.md:48:1
Germanic/docs/lexeme_reports/model_entries/2004-fast-festan.model.md:50:1	Germanic/docs/lexeme_reports/model_entries/2004-fast-festan.model.md:50:1	explicit_tag	Germanic/docs/lexeme_reports/model_entries/2004-fast-festan.model.md:50	\index[iv]{03pgmc@\ivlangheader{Proto-Germanic}{}!fasten@\iventry{*fastēn-}{}}	pgmc		*fastēn-	fasten	source_protoform	explicit_tag	Germanic/docs/lexeme_reports/model_entries/2004-fast-festan.model.md:50	1	Germanic/docs/lexeme_reports/model_entries/2004-fast-festan.model.md:50:1
Germanic/docs/lexeme_reports/model_entries/2004-fast-festan.model.md:59:1	Germanic/docs/lexeme_reports/model_entries/2004-fast-festan.model.md:59:1	explicit_tag	Germanic/docs/lexeme_reports/model_entries/2004-fast-festan.model.md:59	\index[iv]{03pgmc@\ivlangheader{Proto-Germanic}{}!fastena@\iventry{*fastēną}{}}	pgmc		*fastēną	fastena	source_protoform	explicit_tag	Germanic/docs/lexeme_reports/model_entries/2004-fast-festan.model.md:59	1	Germanic/docs/lexeme_reports/model_entries/2004-fast-festan.model.md:59:1
Germanic/docs/lexeme_reports/model_entries/2004-fast-festan.model.md:59:2	Germanic/docs/lexeme_reports/model_entries/2004-fast-festan.model.md:59:2	explicit_tag	Germanic/docs/lexeme_reports/model_entries/2004-fast-festan.model.md:59	\index[iv]{02oe@\ivlangheader{Old English}{West Saxon normalization unmarked}!festan@\iventry{festan}{}}	oe		festan	festan	target_form	explicit_tag	Germanic/docs/lexeme_reports/model_entries/2004-fast-festan.model.md:59	1	Germanic/docs/lexeme_reports/model_entries/2004-fast-festan.model.md:59:2
Germanic/docs/lexeme_reports/model_entries/2004-fast-festan.model.md:60:1	Germanic/docs/lexeme_reports/model_entries/2004-fast-festan.model.md:60:1	explicit_tag	Germanic/docs/lexeme_reports/model_entries/2004-fast-festan.model.md:60	\index[iv]{03pgmc@\ivlangheader{Proto-Germanic}{}!fastijana@\iventry{*fástijaną}{}}	pgmc		*fástijaną	fastijana	selected_input	explicit_tag	Germanic/docs/lexeme_reports/model_entries/2004-fast-festan.model.md:60	1	Germanic/docs/lexeme_reports/model_entries/2004-fast-festan.model.md:60:1
Germanic/docs/lexeme_reports/model_entries/2004-fast-festan.model.md:60:3	Germanic/docs/lexeme_reports/model_entries/2004-fast-festan.model.md:60:3	explicit_tag	Germanic/docs/lexeme_reports/model_entries/2004-fast-festan.model.md:60	\index[iv]{02oe@\ivlangheader{Old English}{West Saxon normalization unmarked}!festan@\iventry{festan}{}}	oe		festan	festan	target_form	explicit_tag	Germanic/docs/lexeme_reports/model_entries/2004-fast-festan.model.md:60	1	Germanic/docs/lexeme_reports/model_entries/2004-fast-festan.model.md:60:3
Germanic/docs/lexeme_reports/model_entries/2004-fast-festan.model.md:61:1	Germanic/docs/lexeme_reports/model_entries/2004-fast-festan.model.md:61:1	explicit_tag	Germanic/docs/lexeme_reports/model_entries/2004-fast-festan.model.md:61	\index[iv]{02oe@\ivlangheader{Old English}{West Saxon normalization unmarked}!faest@\iventry{fæst}{}}	oe		fæst	faest	comparison_form	explicit_tag	Germanic/docs/lexeme_reports/model_entries/2004-fast-festan.model.md:61	1	Germanic/docs/lexeme_reports/model_entries/2004-fast-festan.model.md:61:1
Germanic/docs/lexeme_reports/model_entries/2004-fast-festan.model.md:61:2	Germanic/docs/lexeme_reports/model_entries/2004-fast-festan.model.md:61:2	explicit_tag	Germanic/docs/lexeme_reports/model_entries/2004-fast-festan.model.md:61	\index[iv]{02oe@\ivlangheader{Old English}{West Saxon normalization unmarked}!faestan@\iventry{fæstan}{}}	oe		fæstan	faestan	comparison_form	explicit_tag	Germanic/docs/lexeme_reports/model_entries/2004-fast-festan.model.md:61	1	Germanic/docs/lexeme_reports/model_entries/2004-fast-festan.model.md:61:2
Germanic/docs/lexeme_reports/model_entries/2004-fast-festan.model.md:61:3	Germanic/docs/lexeme_reports/model_entries/2004-fast-festan.model.md:61:3	explicit_tag	Germanic/docs/lexeme_reports/model_entries/2004-fast-festan.model.md:61	\index[iv]{02oe@\ivlangheader{Old English}{West Saxon normalization unmarked}!faestan@\iventry{fǣstan}{}}	oe		fǣstan	faestan	comparison_form	explicit_tag	Germanic/docs/lexeme_reports/model_entries/2004-fast-festan.model.md:61	1	Germanic/docs/lexeme_reports/model_entries/2004-fast-festan.model.md:61:3
Germanic/docs/lexeme_reports/model_entries/2004-fast-festan.model.md:63:1	Germanic/docs/lexeme_reports/model_entries/2004-fast-festan.model.md:63:1	explicit_tag	Germanic/docs/lexeme_reports/model_entries/2004-fast-festan.model.md:63	\index[iv]{02oe@\ivlangheader{Old English}{West Saxon normalization unmarked}!festan@\iventry{festan}{}}	oe		festan	festan	target_form	explicit_tag	Germanic/docs/lexeme_reports/model_entries/2004-fast-festan.model.md:63	1	Germanic/docs/lexeme_reports/model_entries/2004-fast-festan.model.md:63:1
Germanic/docs/lexeme_reports/model_entries/2007-fell-fell.model.md:21:1	Germanic/docs/lexeme_reports/model_entries/2007-fell-fell.model.md:21:1	explicit_tag	Germanic/docs/lexeme_reports/model_entries/2007-fell-fell.model.md:21	\index[iv]{02oe@\ivlangheader{Old English}{West Saxon normalization unmarked}!fell@\iventry{fell}{}}	oe		fell	fell	comparison_form	explicit_tag	Germanic/docs/lexeme_reports/model_entries/2007-fell-fell.model.md:21	1	Germanic/docs/lexeme_reports/model_entries/2007-fell-fell.model.md:21:1
Germanic/docs/lexeme_reports/model_entries/2007-fell-fell.model.md:21:2	Germanic/docs/lexeme_reports/model_entries/2007-fell-fell.model.md:21:2	explicit_tag	Germanic/docs/lexeme_reports/model_entries/2007-fell-fell.model.md:21	\index[iv]{15dutch@\ivlangheader{Dutch}{}!vel@\iventry{vel}{}}	dutch		vel	vel	comparison_form	explicit_tag	Germanic/docs/lexeme_reports/model_entries/2007-fell-fell.model.md:21	1	Germanic/docs/lexeme_reports/model_entries/2007-fell-fell.model.md:21:2
Germanic/docs/lexeme_reports/model_entries/2007-fell-fell.model.md:25:1	Germanic/docs/lexeme_reports/model_entries/2007-fell-fell.model.md:25:1	explicit_tag	Germanic/docs/lexeme_reports/model_entries/2007-fell-fell.model.md:25	\index[iv]{02oe@\ivlangheader{Old English}{West Saxon normalization unmarked}!fell@\iventry{fell}{}}	oe		fell	fell	comparison_form	explicit_tag	Germanic/docs/lexeme_reports/model_entries/2007-fell-fell.model.md:25	1	Germanic/docs/lexeme_reports/model_entries/2007-fell-fell.model.md:25:1
Germanic/docs/lexeme_reports/model_entries/2007-fell-fell.model.md:25:2	Germanic/docs/lexeme_reports/model_entries/2007-fell-fell.model.md:25:2	explicit_tag	Germanic/docs/lexeme_reports/model_entries/2007-fell-fell.model.md:25	\index[iv]{02oe@\ivlangheader{Old English}{West Saxon normalization unmarked}!fell@\iventry{fell}{}}	oe		fell	fell	comparison_form	explicit_tag	Germanic/docs/lexeme_reports/model_entries/2007-fell-fell.model.md:25	1	Germanic/docs/lexeme_reports/model_entries/2007-fell-fell.model.md:25:2
Germanic/docs/lexeme_reports/model_entries/2007-fell-fell.model.md:25:3	Germanic/docs/lexeme_reports/model_entries/2007-fell-fell.model.md:25:3	explicit_tag	Germanic/docs/lexeme_reports/model_entries/2007-fell-fell.model.md:25	\index[iv]{02oe@\ivlangheader{Old English}{West Saxon normalization unmarked}!fell@\iventry{fell}{}}	oe		fell	fell	comparison_form	explicit_tag	Germanic/docs/lexeme_reports/model_entries/2007-fell-fell.model.md:25	1	Germanic/docs/lexeme_reports/model_entries/2007-fell-fell.model.md:25:3
Germanic/docs/lexeme_reports/model_entries/2007-fell-fell.model.md:29:1	Germanic/docs/lexeme_reports/model_entries/2007-fell-fell.model.md:29:1	explicit_tag	Germanic/docs/lexeme_reports/model_entries/2007-fell-fell.model.md:29	\index[iv]{02oe@\ivlangheader{Old English}{West Saxon normalization unmarked}!fell@\iventry{fell}{}}	oe		fell	fell	comparison_form	explicit_tag	Germanic/docs/lexeme_reports/model_entries/2007-fell-fell.model.md:29	1	Germanic/docs/lexeme_reports/model_entries/2007-fell-fell.model.md:29:1
Germanic/docs/lexeme_reports/model_entries/2008-fern-fearn.model.md:21:1	Germanic/docs/lexeme_reports/model_entries/2008-fern-fearn.model.md:21:1	explicit_tag	Germanic/docs/lexeme_reports/model_entries/2008-fern-fearn.model.md:21	\index[iv]{02oe@\ivlangheader{Old English}{West Saxon normalization unmarked}!fearn@\iventry{fearn}{}}	oe		fearn	fearn	comparison_form	explicit_tag	Germanic/docs/lexeme_reports/model_entries/2008-fern-fearn.model.md:21	1	Germanic/docs/lexeme_reports/model_entries/2008-fern-fearn.model.md:21:1
Germanic/docs/lexeme_reports/model_entries/2008-fern-fearn.model.md:25:1	Germanic/docs/lexeme_reports/model_entries/2008-fern-fearn.model.md:25:1	explicit_tag	Germanic/docs/lexeme_reports/model_entries/2008-fern-fearn.model.md:25	\index[iv]{02oe@\ivlangheader{Old English}{West Saxon normalization unmarked}!fearn@\iventry{fearn}{}}	oe		fearn	fearn	comparison_form	explicit_tag	Germanic/docs/lexeme_reports/model_entries/2008-fern-fearn.model.md:25	1	Germanic/docs/lexeme_reports/model_entries/2008-fern-fearn.model.md:25:1
Germanic/docs/lexeme_reports/model_entries/2008-fern-fearn.model.md:25:2	Germanic/docs/lexeme_reports/model_entries/2008-fern-fearn.model.md:25:2	explicit_tag	Germanic/docs/lexeme_reports/model_entries/2008-fern-fearn.model.md:25	\index[iv]{02oe@\ivlangheader{Old English}{West Saxon normalization unmarked}!fearn@\iventry{fearn}{}}	oe		fearn	fearn	comparison_form	explicit_tag	Germanic/docs/lexeme_reports/model_entries/2008-fern-fearn.model.md:25	1	Germanic/docs/lexeme_reports/model_entries/2008-fern-fearn.model.md:25:2
Germanic/docs/lexeme_reports/model_entries/2008-fern-fearn.model.md:25:4	Germanic/docs/lexeme_reports/model_entries/2008-fern-fearn.model.md:25:4	explicit_tag	Germanic/docs/lexeme_reports/model_entries/2008-fern-fearn.model.md:25	\index[iv]{02oe@\ivlangheader{Old English}{West Saxon normalization unmarked}!fearn@\iventry{fearn}{}}	oe		fearn	fearn	comparison_form	explicit_tag	Germanic/docs/lexeme_reports/model_entries/2008-fern-fearn.model.md:25	1	Germanic/docs/lexeme_reports/model_entries/2008-fern-fearn.model.md:25:4
Germanic/docs/lexeme_reports/model_entries/2008-fern-fearn.model.md:25:3	Germanic/docs/lexeme_reports/model_entries/2008-fern-fearn.model.md:25:3	explicit_tag	Germanic/docs/lexeme_reports/model_entries/2008-fern-fearn.model.md:25	\index[iv]{02oe@\ivlangheader{Old English}{West Saxon normalization unmarked}!fern@\iventry{fern}{}}	oe		fern	fern	comparison_form	explicit_tag	Germanic/docs/lexeme_reports/model_entries/2008-fern-fearn.model.md:25	1	Germanic/docs/lexeme_reports/model_entries/2008-fern-fearn.model.md:25:3
Germanic/docs/lexeme_reports/model_entries/2008-fern-fearn.model.md:29:1	Germanic/docs/lexeme_reports/model_entries/2008-fern-fearn.model.md:29:1	explicit_tag	Germanic/docs/lexeme_reports/model_entries/2008-fern-fearn.model.md:29	\index[iv]{02oe@\ivlangheader{Old English}{West Saxon normalization unmarked}!fearn@\iventry{fearn}{}}	oe		fearn	fearn	comparison_form	explicit_tag	Germanic/docs/lexeme_reports/model_entries/2008-fern-fearn.model.md:29	1	Germanic/docs/lexeme_reports/model_entries/2008-fern-fearn.model.md:29:1
Germanic/docs/lexeme_reports/model_entries/2009-field-feld.model.md:21:1	Germanic/docs/lexeme_reports/model_entries/2009-field-feld.model.md:21:1	explicit_tag	Germanic/docs/lexeme_reports/model_entries/2009-field-feld.model.md:21	\index[iv]{02oe@\ivlangheader{Old English}{West Saxon normalization unmarked}!feld@\iventry{feld}{}}	oe		feld	feld	comparison_form	explicit_tag	Germanic/docs/lexeme_reports/model_entries/2009-field-feld.model.md:21	1	Germanic/docs/lexeme_reports/model_entries/2009-field-feld.model.md:21:1
Germanic/docs/lexeme_reports/model_entries/2009-field-feld.model.md:25:1	Germanic/docs/lexeme_reports/model_entries/2009-field-feld.model.md:25:1	explicit_tag	Germanic/docs/lexeme_reports/model_entries/2009-field-feld.model.md:25	\index[iv]{02oe@\ivlangheader{Old English}{West Saxon normalization unmarked}!feld@\iventry{feld}{}}	oe		feld	feld	comparison_form	explicit_tag	Germanic/docs/lexeme_reports/model_entries/2009-field-feld.model.md:25	1	Germanic/docs/lexeme_reports/model_entries/2009-field-feld.model.md:25:1
Germanic/docs/lexeme_reports/model_entries/2009-field-feld.model.md:25:2	Germanic/docs/lexeme_reports/model_entries/2009-field-feld.model.md:25:2	explicit_tag	Germanic/docs/lexeme_reports/model_entries/2009-field-feld.model.md:25	\index[iv]{02oe@\ivlangheader{Old English}{West Saxon normalization unmarked}!feld@\iventry{feld}{}}	oe		feld	feld	comparison_form	explicit_tag	Germanic/docs/lexeme_reports/model_entries/2009-field-feld.model.md:25	1	Germanic/docs/lexeme_reports/model_entries/2009-field-feld.model.md:25:2
Germanic/docs/lexeme_reports/model_entries/2009-field-feld.model.md:29:1	Germanic/docs/lexeme_reports/model_entries/2009-field-feld.model.md:29:1	explicit_tag	Germanic/docs/lexeme_reports/model_entries/2009-field-feld.model.md:29	\index[iv]{02oe@\ivlangheader{Old English}{West Saxon normalization unmarked}!feld@\iventry{feld}{}}	oe		feld	feld	comparison_form	explicit_tag	Germanic/docs/lexeme_reports/model_entries/2009-field-feld.model.md:29	1	Germanic/docs/lexeme_reports/model_entries/2009-field-feld.model.md:29:1
Germanic/docs/lexeme_reports/model_entries/2011-find-fundene.model.md:21:1	Germanic/docs/lexeme_reports/model_entries/2011-find-fundene.model.md:21:1	explicit_tag	Germanic/docs/lexeme_reports/model_entries/2011-find-fundene.model.md:21	\index[iv]{03pgmc@\ivlangheader{Proto-Germanic}{}!finthana@\iventry{*fínθaną}{}}	pgmc		*fínθaną	finthana	source_protoform	explicit_tag	Germanic/docs/lexeme_reports/model_entries/2011-find-fundene.model.md:21	1	Germanic/docs/lexeme_reports/model_entries/2011-find-fundene.model.md:21:1
Germanic/docs/lexeme_reports/model_entries/2011-find-fundene.model.md:22:1	Germanic/docs/lexeme_reports/model_entries/2011-find-fundene.model.md:22:1	explicit_tag	Germanic/docs/lexeme_reports/model_entries/2011-find-fundene.model.md:22	\index[iv]{02oe@\ivlangheader{Old English}{West Saxon normalization unmarked}!findan@\iventry{findan}{}}	oe		findan	findan	comparison_form	explicit_tag	Germanic/docs/lexeme_reports/model_entries/2011-find-fundene.model.md:22	1	Germanic/docs/lexeme_reports/model_entries/2011-find-fundene.model.md:22:1
Germanic/docs/lexeme_reports/model_entries/2011-find-fundene.model.md:22:2	Germanic/docs/lexeme_reports/model_entries/2011-find-fundene.model.md:22:2	explicit_tag	Germanic/docs/lexeme_reports/model_entries/2011-find-fundene.model.md:22	\index[iv]{03pgmc@\ivlangheader{Proto-Germanic}{}!fundhano@\iventry{*fúnðanǭ}{}}	pgmc		*fúnðanǭ	fundhano	selected_input	explicit_tag	Germanic/docs/lexeme_reports/model_entries/2011-find-fundene.model.md:22	1	Germanic/docs/lexeme_reports/model_entries/2011-find-fundene.model.md:22:2
Germanic/docs/lexeme_reports/model_entries/2011-find-fundene.model.md:26:1	Germanic/docs/lexeme_reports/model_entries/2011-find-fundene.model.md:26:1	explicit_tag	Germanic/docs/lexeme_reports/model_entries/2011-find-fundene.model.md:26	\index[iv]{02oe@\ivlangheader{Old English}{West Saxon normalization unmarked}!funden@\iventry{funden}{}}	oe		funden	funden	comparison_form	explicit_tag	Germanic/docs/lexeme_reports/model_entries/2011-find-fundene.model.md:26	1	Germanic/docs/lexeme_reports/model_entries/2011-find-fundene.model.md:26:1
Germanic/docs/lexeme_reports/model_entries/2011-find-fundene.model.md:29:1	Germanic/docs/lexeme_reports/model_entries/2011-find-fundene.model.md:29:1	explicit_tag	Germanic/docs/lexeme_reports/model_entries/2011-find-fundene.model.md:29	\index[iv]{02oe@\ivlangheader{Old English}{West Saxon normalization unmarked}!fundene@\iventry{fundene}{}}	oe		fundene	fundene	target_form	explicit_tag	Germanic/docs/lexeme_reports/model_entries/2011-find-fundene.model.md:29	1	Germanic/docs/lexeme_reports/model_entries/2011-find-fundene.model.md:29:1
Germanic/docs/lexeme_reports/model_entries/2011-find-fundene.model.md:34:2	Germanic/docs/lexeme_reports/model_entries/2011-find-fundene.model.md:34:2	explicit_tag	Germanic/docs/lexeme_reports/model_entries/2011-find-fundene.model.md:34	\index[iv]{02oe@\ivlangheader{Old English}{West Saxon normalization unmarked}!findan@\iventry{findan}{}}	oe		findan	findan	comparison_form	explicit_tag	Germanic/docs/lexeme_reports/model_entries/2011-find-fundene.model.md:34	1	Germanic/docs/lexeme_reports/model_entries/2011-find-fundene.model.md:34:2
Germanic/docs/lexeme_reports/model_entries/2011-find-fundene.model.md:34:1	Germanic/docs/lexeme_reports/model_entries/2011-find-fundene.model.md:34:1	explicit_tag	Germanic/docs/lexeme_reports/model_entries/2011-find-fundene.model.md:34	\index[iv]{02oe@\ivlangheader{Old English}{West Saxon normalization unmarked}!fundene@\iventry{fundene}{}}	oe		fundene	fundene	target_form	explicit_tag	Germanic/docs/lexeme_reports/model_entries/2011-find-fundene.model.md:34	1	Germanic/docs/lexeme_reports/model_entries/2011-find-fundene.model.md:34:1
Germanic/docs/lexeme_reports/model_entries/2011-find-fundene.model.md:36:1	Germanic/docs/lexeme_reports/model_entries/2011-find-fundene.model.md:36:1	explicit_tag	Germanic/docs/lexeme_reports/model_entries/2011-find-fundene.model.md:36	\index[iv]{02oe@\ivlangheader{Old English}{West Saxon normalization unmarked}!funden@\iventry{funden}{}}	oe		funden	funden	comparison_form	explicit_tag	Germanic/docs/lexeme_reports/model_entries/2011-find-fundene.model.md:36	1	Germanic/docs/lexeme_reports/model_entries/2011-find-fundene.model.md:36:1
Germanic/docs/lexeme_reports/model_entries/2011-find-fundene.model.md:39:1	Germanic/docs/lexeme_reports/model_entries/2011-find-fundene.model.md:39:1	explicit_tag	Germanic/docs/lexeme_reports/model_entries/2011-find-fundene.model.md:39	\index[iv]{02oe@\ivlangheader{Old English}{West Saxon normalization unmarked}!funden@\iventry{funden}{}}	oe		funden	funden	comparison_form	explicit_tag	Germanic/docs/lexeme_reports/model_entries/2011-find-fundene.model.md:39	1	Germanic/docs/lexeme_reports/model_entries/2011-find-fundene.model.md:39:1
Germanic/docs/lexeme_reports/model_entries/2011-find-fundene.model.md:40:1	Germanic/docs/lexeme_reports/model_entries/2011-find-fundene.model.md:40:1	explicit_tag	Germanic/docs/lexeme_reports/model_entries/2011-find-fundene.model.md:40	\index[iv]{02oe@\ivlangheader{Old English}{West Saxon normalization unmarked}!fundene@\iventry{fundene}{}}	oe		fundene	fundene	target_form	explicit_tag	Germanic/docs/lexeme_reports/model_entries/2011-find-fundene.model.md:40	1	Germanic/docs/lexeme_reports/model_entries/2011-find-fundene.model.md:40:1
Germanic/docs/lexeme_reports/model_entries/2011-find-fundene.model.md:45:1	Germanic/docs/lexeme_reports/model_entries/2011-find-fundene.model.md:45:1	explicit_tag	Germanic/docs/lexeme_reports/model_entries/2011-find-fundene.model.md:45	\index[iv]{03pgmc@\ivlangheader{Proto-Germanic}{}!fundhano@\iventry{*fúnðanǭ}{}}	pgmc		*fúnðanǭ	fundhano	selected_input	explicit_tag	Germanic/docs/lexeme_reports/model_entries/2011-find-fundene.model.md:45	1	Germanic/docs/lexeme_reports/model_entries/2011-find-fundene.model.md:45:1
Germanic/docs/lexeme_reports/model_entries/2011-find-fundene.model.md:46:1	Germanic/docs/lexeme_reports/model_entries/2011-find-fundene.model.md:46:1	explicit_tag	Germanic/docs/lexeme_reports/model_entries/2011-find-fundene.model.md:46	\index[iv]{02oe@\ivlangheader{Old English}{West Saxon normalization unmarked}!fundene@\iventry{fundene}{}}	oe		fundene	fundene	target_form	explicit_tag	Germanic/docs/lexeme_reports/model_entries/2011-find-fundene.model.md:46	1	Germanic/docs/lexeme_reports/model_entries/2011-find-fundene.model.md:46:1
Germanic/docs/lexeme_reports/model_entries/2011-find-fundene.model.md:50:1	Germanic/docs/lexeme_reports/model_entries/2011-find-fundene.model.md:50:1	explicit_tag	Germanic/docs/lexeme_reports/model_entries/2011-find-fundene.model.md:50	\index[iv]{02oe@\ivlangheader{Old English}{West Saxon normalization unmarked}!funden@\iventry{funden}{}}	oe		funden	funden	comparison_form	explicit_tag	Germanic/docs/lexeme_reports/model_entries/2011-find-fundene.model.md:50	1	Germanic/docs/lexeme_reports/model_entries/2011-find-fundene.model.md:50:1
Germanic/docs/lexeme_reports/model_entries/2011-find-fundene.model.md:51:1	Germanic/docs/lexeme_reports/model_entries/2011-find-fundene.model.md:51:1	explicit_tag	Germanic/docs/lexeme_reports/model_entries/2011-find-fundene.model.md:51	\index[iv]{02oe@\ivlangheader{Old English}{West Saxon normalization unmarked}!fundene@\iventry{fundene}{}}	oe		fundene	fundene	target_form	explicit_tag	Germanic/docs/lexeme_reports/model_entries/2011-find-fundene.model.md:51	1	Germanic/docs/lexeme_reports/model_entries/2011-find-fundene.model.md:51:1
Germanic/docs/lexeme_reports/model_entries/2011-find-fundene.model.md:61:2	Germanic/docs/lexeme_reports/model_entries/2011-find-fundene.model.md:61:2	explicit_tag	Germanic/docs/lexeme_reports/model_entries/2011-find-fundene.model.md:61	\index[iv]{02oe@\ivlangheader{Old English}{West Saxon normalization unmarked}!findan@\iventry{findan}{}}	oe		findan	findan	comparison_form	explicit_tag	Germanic/docs/lexeme_reports/model_entries/2011-find-fundene.model.md:61	1	Germanic/docs/lexeme_reports/model_entries/2011-find-fundene.model.md:61:2
Germanic/docs/lexeme_reports/model_entries/2011-find-fundene.model.md:61:3	Germanic/docs/lexeme_reports/model_entries/2011-find-fundene.model.md:61:3	explicit_tag	Germanic/docs/lexeme_reports/model_entries/2011-find-fundene.model.md:61	\index[iv]{02oe@\ivlangheader{Old English}{West Saxon normalization unmarked}!findan@\iventry{findan}{}}	oe		findan	findan	comparison_form	explicit_tag	Germanic/docs/lexeme_reports/model_entries/2011-find-fundene.model.md:61	1	Germanic/docs/lexeme_reports/model_entries/2011-find-fundene.model.md:61:3
Germanic/docs/lexeme_reports/model_entries/2011-find-fundene.model.md:61:1	Germanic/docs/lexeme_reports/model_entries/2011-find-fundene.model.md:61:1	explicit_tag	Germanic/docs/lexeme_reports/model_entries/2011-find-fundene.model.md:61	\index[iv]{03pgmc@\ivlangheader{Proto-Germanic}{}!finthana@\iventry{*fínθaną}{}}	pgmc		*fínθaną	finthana	source_protoform	explicit_tag	Germanic/docs/lexeme_reports/model_entries/2011-find-fundene.model.md:61	1	Germanic/docs/lexeme_reports/model_entries/2011-find-fundene.model.md:61:1
Germanic/docs/lexeme_reports/model_entries/2011-find-fundene.model.md:62:2	Germanic/docs/lexeme_reports/model_entries/2011-find-fundene.model.md:62:2	explicit_tag	Germanic/docs/lexeme_reports/model_entries/2011-find-fundene.model.md:62	\index[iv]{02oe@\ivlangheader{Old English}{West Saxon normalization unmarked}!funden@\iventry{funden}{}}	oe		funden	funden	comparison_form	explicit_tag	Germanic/docs/lexeme_reports/model_entries/2011-find-fundene.model.md:62	1	Germanic/docs/lexeme_reports/model_entries/2011-find-fundene.model.md:62:2
Germanic/docs/lexeme_reports/model_entries/2011-find-fundene.model.md:62:3	Germanic/docs/lexeme_reports/model_entries/2011-find-fundene.model.md:62:3	explicit_tag	Germanic/docs/lexeme_reports/model_entries/2011-find-fundene.model.md:62	\index[iv]{02oe@\ivlangheader{Old English}{West Saxon normalization unmarked}!funden@\iventry{funden}{}}	oe		funden	funden	comparison_form	explicit_tag	Germanic/docs/lexeme_reports/model_entries/2011-find-fundene.model.md:62	1	Germanic/docs/lexeme_reports/model_entries/2011-find-fundene.model.md:62:3
Germanic/docs/lexeme_reports/model_entries/2011-find-fundene.model.md:62:1	Germanic/docs/lexeme_reports/model_entries/2011-find-fundene.model.md:62:1	explicit_tag	Germanic/docs/lexeme_reports/model_entries/2011-find-fundene.model.md:62	\index[iv]{03pgmc@\ivlangheader{Proto-Germanic}{}!fundhanaz@\iventry{*fúnðanaz}{}}	pgmc		*fúnðanaz	fundhanaz	comparison_form	explicit_tag	Germanic/docs/lexeme_reports/model_entries/2011-find-fundene.model.md:62	1	Germanic/docs/lexeme_reports/model_entries/2011-find-fundene.model.md:62:1
Germanic/docs/lexeme_reports/model_entries/2011-find-fundene.model.md:63:3	Germanic/docs/lexeme_reports/model_entries/2011-find-fundene.model.md:63:3	explicit_tag	Germanic/docs/lexeme_reports/model_entries/2011-find-fundene.model.md:63	\index[iv]{02oe@\ivlangheader{Old English}{West Saxon normalization unmarked}!fundene@\iventry{fundene}{}}	oe		fundene	fundene	target_form	explicit_tag	Germanic/docs/lexeme_reports/model_entries/2011-find-fundene.model.md:63	1	Germanic/docs/lexeme_reports/model_entries/2011-find-fundene.model.md:63:3
Germanic/docs/lexeme_reports/model_entries/2011-find-fundene.model.md:63:1	Germanic/docs/lexeme_reports/model_entries/2011-find-fundene.model.md:63:1	explicit_tag	Germanic/docs/lexeme_reports/model_entries/2011-find-fundene.model.md:63	\index[iv]{03pgmc@\ivlangheader{Proto-Germanic}{}!fundhano@\iventry{*fúnðanǭ}{}}	pgmc		*fúnðanǭ	fundhano	selected_input	explicit_tag	Germanic/docs/lexeme_reports/model_entries/2011-find-fundene.model.md:63	1	Germanic/docs/lexeme_reports/model_entries/2011-find-fundene.model.md:63:1
Germanic/docs/lexeme_reports/model_entries/2013-fire-fȳre.model.md:23:1	Germanic/docs/lexeme_reports/model_entries/2013-fire-fȳre.model.md:23:1	explicit_tag	Germanic/docs/lexeme_reports/model_entries/2013-fire-fȳre.model.md:23	\index[iv]{03pgmc@\ivlangheader{Proto-Germanic}{}!furi@\iventry{*fūri}{}}	pgmc		*fūri	furi	selected_input	explicit_tag	Germanic/docs/lexeme_reports/model_entries/2013-fire-fȳre.model.md:23	1	Germanic/docs/lexeme_reports/model_entries/2013-fire-fȳre.model.md:23:1
Germanic/docs/lexeme_reports/model_entries/2013-fire-fȳre.model.md:28:1	Germanic/docs/lexeme_reports/model_entries/2013-fire-fȳre.model.md:28:1	explicit_tag	Germanic/docs/lexeme_reports/model_entries/2013-fire-fȳre.model.md:28	\index[iv]{02oe@\ivlangheader{Old English}{West Saxon normalization unmarked}!fyr@\iventry{fȳr}{}}	oe		fȳr	fyr	comparison_form	explicit_tag	Germanic/docs/lexeme_reports/model_entries/2013-fire-fȳre.model.md:28	1	Germanic/docs/lexeme_reports/model_entries/2013-fire-fȳre.model.md:28:1
Germanic/docs/lexeme_reports/model_entries/2013-fire-fȳre.model.md:28:2	Germanic/docs/lexeme_reports/model_entries/2013-fire-fȳre.model.md:28:2	explicit_tag	Germanic/docs/lexeme_reports/model_entries/2013-fire-fȳre.model.md:28	\index[iv]{02oe@\ivlangheader{Old English}{West Saxon normalization unmarked}!fyre@\iventry{fȳre}{}}	oe		fȳre	fyre	target_form	explicit_tag	Germanic/docs/lexeme_reports/model_entries/2013-fire-fȳre.model.md:28	1	Germanic/docs/lexeme_reports/model_entries/2013-fire-fȳre.model.md:28:2
Germanic/docs/lexeme_reports/model_entries/2013-fire-fȳre.model.md:32:1	Germanic/docs/lexeme_reports/model_entries/2013-fire-fȳre.model.md:32:1	explicit_tag	Germanic/docs/lexeme_reports/model_entries/2013-fire-fȳre.model.md:32	\index[iv]{02oe@\ivlangheader{Old English}{West Saxon normalization unmarked}!fyr@\iventry{fyr}{}}	oe		fyr	fyr	comparison_form	explicit_tag	Germanic/docs/lexeme_reports/model_entries/2013-fire-fȳre.model.md:32	1	Germanic/docs/lexeme_reports/model_entries/2013-fire-fȳre.model.md:32:1
Germanic/docs/lexeme_reports/model_entries/2013-fire-fȳre.model.md:33:1	Germanic/docs/lexeme_reports/model_entries/2013-fire-fȳre.model.md:33:1	explicit_tag	Germanic/docs/lexeme_reports/model_entries/2013-fire-fȳre.model.md:33	\index[iv]{02oe@\ivlangheader{Old English}{West Saxon normalization unmarked}!fyre@\iventry{fyre}{}}	oe		fyre	fyre	target_form	explicit_tag	Germanic/docs/lexeme_reports/model_entries/2013-fire-fȳre.model.md:33	1	Germanic/docs/lexeme_reports/model_entries/2013-fire-fȳre.model.md:33:1
Germanic/docs/lexeme_reports/model_entries/2013-fire-fȳre.model.md:44:1	Germanic/docs/lexeme_reports/model_entries/2013-fire-fȳre.model.md:44:1	explicit_tag	Germanic/docs/lexeme_reports/model_entries/2013-fire-fȳre.model.md:44	\index[iv]{03pgmc@\ivlangheader{Proto-Germanic}{}!furi@\iventry{*fūri}{}}	pgmc		*fūri	furi	selected_input	explicit_tag	Germanic/docs/lexeme_reports/model_entries/2013-fire-fȳre.model.md:44	1	Germanic/docs/lexeme_reports/model_entries/2013-fire-fȳre.model.md:44:1
Germanic/docs/lexeme_reports/model_entries/2013-fire-fȳre.model.md:48:1	Germanic/docs/lexeme_reports/model_entries/2013-fire-fȳre.model.md:48:1	explicit_tag	Germanic/docs/lexeme_reports/model_entries/2013-fire-fȳre.model.md:48	\index[iv]{02oe@\ivlangheader{Old English}{West Saxon normalization unmarked}!fyre@\iventry{fȳre}{}}	oe		fȳre	fyre	target_form	explicit_tag	Germanic/docs/lexeme_reports/model_entries/2013-fire-fȳre.model.md:48	1	Germanic/docs/lexeme_reports/model_entries/2013-fire-fȳre.model.md:48:1
Germanic/docs/lexeme_reports/model_entries/2013-fire-fȳre.model.md:63:1	Germanic/docs/lexeme_reports/model_entries/2013-fire-fȳre.model.md:63:1	explicit_tag	Germanic/docs/lexeme_reports/model_entries/2013-fire-fȳre.model.md:63	\index[iv]{03pgmc@\ivlangheader{Proto-Germanic}{}!furi@\iventry{*fūri}{}}	pgmc		*fūri	furi	selected_input	explicit_tag	Germanic/docs/lexeme_reports/model_entries/2013-fire-fȳre.model.md:63	1	Germanic/docs/lexeme_reports/model_entries/2013-fire-fȳre.model.md:63:1
Germanic/docs/lexeme_reports/model_entries/2013-fire-fȳre.model.md:63:3	Germanic/docs/lexeme_reports/model_entries/2013-fire-fȳre.model.md:63:3	explicit_tag	Germanic/docs/lexeme_reports/model_entries/2013-fire-fȳre.model.md:63	\index[iv]{02oe@\ivlangheader{Old English}{West Saxon normalization unmarked}!fyr@\iventry{fȳr}{}}	oe		fȳr	fyr	comparison_form	explicit_tag	Germanic/docs/lexeme_reports/model_entries/2013-fire-fȳre.model.md:63	1	Germanic/docs/lexeme_reports/model_entries/2013-fire-fȳre.model.md:63:3
Germanic/docs/lexeme_reports/model_entries/2013-fire-fȳre.model.md:64:1	Germanic/docs/lexeme_reports/model_entries/2013-fire-fȳre.model.md:64:1	explicit_tag	Germanic/docs/lexeme_reports/model_entries/2013-fire-fȳre.model.md:64	\index[iv]{02oe@\ivlangheader{Old English}{West Saxon normalization unmarked}!fyre@\iventry{fȳre}{}}	oe		fȳre	fyre	target_form	explicit_tag	Germanic/docs/lexeme_reports/model_entries/2013-fire-fȳre.model.md:64	1	Germanic/docs/lexeme_reports/model_entries/2013-fire-fȳre.model.md:64:1
Germanic/docs/lexeme_reports/model_entries/2013-fire-fȳre.model.md:64:2	Germanic/docs/lexeme_reports/model_entries/2013-fire-fȳre.model.md:64:2	explicit_tag	Germanic/docs/lexeme_reports/model_entries/2013-fire-fȳre.model.md:64	\index[iv]{02oe@\ivlangheader{Old English}{West Saxon normalization unmarked}!fyre@\iventry{fȳre}{}}	oe		fȳre	fyre	target_form	explicit_tag	Germanic/docs/lexeme_reports/model_entries/2013-fire-fȳre.model.md:64	1	Germanic/docs/lexeme_reports/model_entries/2013-fire-fȳre.model.md:64:2
Germanic/docs/lexeme_reports/model_entries/2016-flask-flasce.model.md:21:1	Germanic/docs/lexeme_reports/model_entries/2016-flask-flasce.model.md:21:1	explicit_tag	Germanic/docs/lexeme_reports/model_entries/2016-flask-flasce.model.md:21	\index[iv]{03pgmc@\ivlangheader{Proto-Germanic}{}!flasko@\iventry{*flaskō}{}}	pgmc		*flaskō	flasko	source_protoform	explicit_tag	Germanic/docs/lexeme_reports/model_entries/2016-flask-flasce.model.md:21	1	Germanic/docs/lexeme_reports/model_entries/2016-flask-flasce.model.md:21:1
Germanic/docs/lexeme_reports/model_entries/2016-flask-flasce.model.md:23:2	Germanic/docs/lexeme_reports/model_entries/2016-flask-flasce.model.md:23:2	explicit_tag	Germanic/docs/lexeme_reports/model_entries/2016-flask-flasce.model.md:23	\index[iv]{03pgmc@\ivlangheader{Proto-Germanic}{}!flasko@\iventry{*flaskǭ}{}}	pgmc		*flaskǭ	flasko	source_protoform	explicit_tag	Germanic/docs/lexeme_reports/model_entries/2016-flask-flasce.model.md:23	1	Germanic/docs/lexeme_reports/model_entries/2016-flask-flasce.model.md:23:2
Germanic/docs/lexeme_reports/model_entries/2016-flask-flasce.model.md:23:1	Germanic/docs/lexeme_reports/model_entries/2016-flask-flasce.model.md:23:1	explicit_tag	Germanic/docs/lexeme_reports/model_entries/2016-flask-flasce.model.md:23	\index[iv]{03pgmc@\ivlangheader{Proto-Germanic}{}!flaskon@\iventry{*fláskōn}{}}	pgmc		*fláskōn	flaskon	selected_input	explicit_tag	Germanic/docs/lexeme_reports/model_entries/2016-flask-flasce.model.md:23	1	Germanic/docs/lexeme_reports/model_entries/2016-flask-flasce.model.md:23:1
Germanic/docs/lexeme_reports/model_entries/2016-flask-flasce.model.md:27:1	Germanic/docs/lexeme_reports/model_entries/2016-flask-flasce.model.md:27:1	explicit_tag	Germanic/docs/lexeme_reports/model_entries/2016-flask-flasce.model.md:27	\index[iv]{02oe@\ivlangheader{Old English}{West Saxon normalization unmarked}!flasce@\iventry{flasce}{}}	oe		flasce	flasce	target_form	explicit_tag	Germanic/docs/lexeme_reports/model_entries/2016-flask-flasce.model.md:27	1	Germanic/docs/lexeme_reports/model_entries/2016-flask-flasce.model.md:27:1
Germanic/docs/lexeme_reports/model_entries/2016-flask-flasce.model.md:28:1	Germanic/docs/lexeme_reports/model_entries/2016-flask-flasce.model.md:28:1	explicit_tag	Germanic/docs/lexeme_reports/model_entries/2016-flask-flasce.model.md:28	\index[iv]{02oe@\ivlangheader{Old English}{West Saxon normalization unmarked}!flascan@\iventry{flascan}{}}	oe		flascan	flascan	comparison_form	explicit_tag	Germanic/docs/lexeme_reports/model_entries/2016-flask-flasce.model.md:28	1	Germanic/docs/lexeme_reports/model_entries/2016-flask-flasce.model.md:28:1
Germanic/docs/lexeme_reports/model_entries/2016-flask-flasce.model.md:32:1	Germanic/docs/lexeme_reports/model_entries/2016-flask-flasce.model.md:32:1	explicit_tag	Germanic/docs/lexeme_reports/model_entries/2016-flask-flasce.model.md:32	\index[iv]{02oe@\ivlangheader{Old English}{West Saxon normalization unmarked}!flasce@\iventry{flasce}{}}	oe		flasce	flasce	target_form	explicit_tag	Germanic/docs/lexeme_reports/model_entries/2016-flask-flasce.model.md:32	1	Germanic/docs/lexeme_reports/model_entries/2016-flask-flasce.model.md:32:1
Germanic/docs/lexeme_reports/model_entries/2016-flask-flasce.model.md:33:1	Germanic/docs/lexeme_reports/model_entries/2016-flask-flasce.model.md:33:1	explicit_tag	Germanic/docs/lexeme_reports/model_entries/2016-flask-flasce.model.md:33	\index[iv]{02oe@\ivlangheader{Old English}{West Saxon normalization unmarked}!flascan@\iventry{flascan}{}}	oe		flascan	flascan	comparison_form	explicit_tag	Germanic/docs/lexeme_reports/model_entries/2016-flask-flasce.model.md:33	1	Germanic/docs/lexeme_reports/model_entries/2016-flask-flasce.model.md:33:1
Germanic/docs/lexeme_reports/model_entries/2016-flask-flasce.model.md:33:2	Germanic/docs/lexeme_reports/model_entries/2016-flask-flasce.model.md:33:2	explicit_tag	Germanic/docs/lexeme_reports/model_entries/2016-flask-flasce.model.md:33	\index[iv]{02oe@\ivlangheader{Old English}{West Saxon normalization unmarked}!flaxe@\iventry{flaxe}{}}	oe		flaxe	flaxe	comparison_form	explicit_tag	Germanic/docs/lexeme_reports/model_entries/2016-flask-flasce.model.md:33	1	Germanic/docs/lexeme_reports/model_entries/2016-flask-flasce.model.md:33:2
Germanic/docs/lexeme_reports/model_entries/2016-flask-flasce.model.md:36:1	Germanic/docs/lexeme_reports/model_entries/2016-flask-flasce.model.md:36:1	explicit_tag	Germanic/docs/lexeme_reports/model_entries/2016-flask-flasce.model.md:36	\index[iv]{02oe@\ivlangheader{Old English}{West Saxon normalization unmarked}!flasce@\iventry{flasce}{}}	oe		flasce	flasce	target_form	explicit_tag	Germanic/docs/lexeme_reports/model_entries/2016-flask-flasce.model.md:36	1	Germanic/docs/lexeme_reports/model_entries/2016-flask-flasce.model.md:36:1
Germanic/docs/lexeme_reports/model_entries/2016-flask-flasce.model.md:42:1	Germanic/docs/lexeme_reports/model_entries/2016-flask-flasce.model.md:42:1	explicit_tag	Germanic/docs/lexeme_reports/model_entries/2016-flask-flasce.model.md:42	\index[iv]{03pgmc@\ivlangheader{Proto-Germanic}{}!flaskon@\iventry{*fláskōn}{}}	pgmc		*fláskōn	flaskon	selected_input	explicit_tag	Germanic/docs/lexeme_reports/model_entries/2016-flask-flasce.model.md:42	1	Germanic/docs/lexeme_reports/model_entries/2016-flask-flasce.model.md:42:1
Germanic/docs/lexeme_reports/model_entries/2016-flask-flasce.model.md:43:1	Germanic/docs/lexeme_reports/model_entries/2016-flask-flasce.model.md:43:1	explicit_tag	Germanic/docs/lexeme_reports/model_entries/2016-flask-flasce.model.md:43	\index[iv]{02oe@\ivlangheader{Old English}{West Saxon normalization unmarked}!flasce@\iventry{flasce}{}}	oe		flasce	flasce	target_form	explicit_tag	Germanic/docs/lexeme_reports/model_entries/2016-flask-flasce.model.md:43	1	Germanic/docs/lexeme_reports/model_entries/2016-flask-flasce.model.md:43:1
Germanic/docs/lexeme_reports/model_entries/2016-flask-flasce.model.md:44:1	Germanic/docs/lexeme_reports/model_entries/2016-flask-flasce.model.md:44:1	explicit_tag	Germanic/docs/lexeme_reports/model_entries/2016-flask-flasce.model.md:44	\index[iv]{02oe@\ivlangheader{Old English}{West Saxon normalization unmarked}!flasce@\iventry{flasce}{}}	oe		flasce	flasce	target_form	explicit_tag	Germanic/docs/lexeme_reports/model_entries/2016-flask-flasce.model.md:44	1	Germanic/docs/lexeme_reports/model_entries/2016-flask-flasce.model.md:44:1
Germanic/docs/lexeme_reports/model_entries/2016-flask-flasce.model.md:45:1	Germanic/docs/lexeme_reports/model_entries/2016-flask-flasce.model.md:45:1	explicit_tag	Germanic/docs/lexeme_reports/model_entries/2016-flask-flasce.model.md:45	\index[iv]{02oe@\ivlangheader{Old English}{West Saxon normalization unmarked}!flascan@\iventry{flascan}{}}	oe		flascan	flascan	comparison_form	explicit_tag	Germanic/docs/lexeme_reports/model_entries/2016-flask-flasce.model.md:45	1	Germanic/docs/lexeme_reports/model_entries/2016-flask-flasce.model.md:45:1
Germanic/docs/lexeme_reports/model_entries/2016-flask-flasce.model.md:59:1	Germanic/docs/lexeme_reports/model_entries/2016-flask-flasce.model.md:59:1	explicit_tag	Germanic/docs/lexeme_reports/model_entries/2016-flask-flasce.model.md:59	\index[iv]{03pgmc@\ivlangheader{Proto-Germanic}{}!flasko@\iventry{*flaskō}{}}	pgmc		*flaskō	flasko	source_protoform	explicit_tag	Germanic/docs/lexeme_reports/model_entries/2016-flask-flasce.model.md:59	1	Germanic/docs/lexeme_reports/model_entries/2016-flask-flasce.model.md:59:1
Germanic/docs/lexeme_reports/model_entries/2016-flask-flasce.model.md:60:3	Germanic/docs/lexeme_reports/model_entries/2016-flask-flasce.model.md:60:3	explicit_tag	Germanic/docs/lexeme_reports/model_entries/2016-flask-flasce.model.md:60	\index[iv]{02oe@\ivlangheader{Old English}{West Saxon normalization unmarked}!flasce@\iventry{flasce}{}}	oe		flasce	flasce	target_form	explicit_tag	Germanic/docs/lexeme_reports/model_entries/2016-flask-flasce.model.md:60	1	Germanic/docs/lexeme_reports/model_entries/2016-flask-flasce.model.md:60:3
Germanic/docs/lexeme_reports/model_entries/2016-flask-flasce.model.md:60:1	Germanic/docs/lexeme_reports/model_entries/2016-flask-flasce.model.md:60:1	explicit_tag	Germanic/docs/lexeme_reports/model_entries/2016-flask-flasce.model.md:60	\index[iv]{03pgmc@\ivlangheader{Proto-Germanic}{}!flaskon@\iventry{*fláskōn}{}}	pgmc		*fláskōn	flaskon	selected_input	explicit_tag	Germanic/docs/lexeme_reports/model_entries/2016-flask-flasce.model.md:60	1	Germanic/docs/lexeme_reports/model_entries/2016-flask-flasce.model.md:60:1
Germanic/docs/lexeme_reports/model_entries/2016-flask-flasce.model.md:63:1	Germanic/docs/lexeme_reports/model_entries/2016-flask-flasce.model.md:63:1	explicit_tag	Germanic/docs/lexeme_reports/model_entries/2016-flask-flasce.model.md:63	\index[iv]{02oe@\ivlangheader{Old English}{West Saxon normalization unmarked}!flasce@\iventry{flasce}{}}	oe		flasce	flasce	target_form	explicit_tag	Germanic/docs/lexeme_reports/model_entries/2016-flask-flasce.model.md:63	1	Germanic/docs/lexeme_reports/model_entries/2016-flask-flasce.model.md:63:1
Germanic/docs/lexeme_reports/model_entries/2027-follow-fylġan.model.md:21:2	Germanic/docs/lexeme_reports/model_entries/2027-follow-fylġan.model.md:21:2	explicit_tag	Germanic/docs/lexeme_reports/model_entries/2027-follow-fylġan.model.md:21	\index[iv]{02oe@\ivlangheader{Old English}{West Saxon normalization unmarked}!folgian@\iventry{folgian}{}}	oe		folgian	folgian	comparison_form	explicit_tag	Germanic/docs/lexeme_reports/model_entries/2027-follow-fylġan.model.md:21	1	Germanic/docs/lexeme_reports/model_entries/2027-follow-fylġan.model.md:21:2
Germanic/docs/lexeme_reports/model_entries/2027-follow-fylġan.model.md:21:1	Germanic/docs/lexeme_reports/model_entries/2027-follow-fylġan.model.md:21:1	explicit_tag	Germanic/docs/lexeme_reports/model_entries/2027-follow-fylġan.model.md:21	\index[iv]{02oe@\ivlangheader{Old English}{West Saxon normalization unmarked}!fylgan@\iventry{fylgan}{}}	oe		fylgan	fylgan	comparison_form	explicit_tag	Germanic/docs/lexeme_reports/model_entries/2027-follow-fylġan.model.md:21	1	Germanic/docs/lexeme_reports/model_entries/2027-follow-fylġan.model.md:21:1
Germanic/docs/lexeme_reports/model_entries/2027-follow-fylġan.model.md:22:2	Germanic/docs/lexeme_reports/model_entries/2027-follow-fylġan.model.md:22:2	explicit_tag	Germanic/docs/lexeme_reports/model_entries/2027-follow-fylġan.model.md:22	\index[iv]{02oe@\ivlangheader{Old English}{West Saxon normalization unmarked}!fylgean@\iventry{fylg(e)an}{}}	oe		fylg(e)an	fylgean	comparison_form	explicit_tag	Germanic/docs/lexeme_reports/model_entries/2027-follow-fylġan.model.md:22	1	Germanic/docs/lexeme_reports/model_entries/2027-follow-fylġan.model.md:22:2
Germanic/docs/lexeme_reports/model_entries/2027-follow-fylġan.model.md:22:1	Germanic/docs/lexeme_reports/model_entries/2027-follow-fylġan.model.md:22:1	explicit_tag	Germanic/docs/lexeme_reports/model_entries/2027-follow-fylġan.model.md:22	\index[iv]{08on@\ivlangheader{Old Norse}{}!fylgja@\iventry{fylgja}{}}	on		fylgja	fylgja	comparison_form	explicit_tag	Germanic/docs/lexeme_reports/model_entries/2027-follow-fylġan.model.md:22	1	Germanic/docs/lexeme_reports/model_entries/2027-follow-fylġan.model.md:22:1
Germanic/docs/lexeme_reports/model_entries/2027-follow-fylġan.model.md:26:2	Germanic/docs/lexeme_reports/model_entries/2027-follow-fylġan.model.md:26:2	explicit_tag	Germanic/docs/lexeme_reports/model_entries/2027-follow-fylġan.model.md:26	\index[iv]{02oe@\ivlangheader{Old English}{West Saxon normalization unmarked}!folgian@\iventry{folgian}{}}	oe		folgian	folgian	comparison_form	explicit_tag	Germanic/docs/lexeme_reports/model_entries/2027-follow-fylġan.model.md:26	1	Germanic/docs/lexeme_reports/model_entries/2027-follow-fylġan.model.md:26:2
Germanic/docs/lexeme_reports/model_entries/2027-follow-fylġan.model.md:26:1	Germanic/docs/lexeme_reports/model_entries/2027-follow-fylġan.model.md:26:1	explicit_tag	Germanic/docs/lexeme_reports/model_entries/2027-follow-fylġan.model.md:26	\index[iv]{02oe@\ivlangheader{Old English}{West Saxon normalization unmarked}!fylgan@\iventry{fylgan}{}}	oe		fylgan	fylgan	comparison_form	explicit_tag	Germanic/docs/lexeme_reports/model_entries/2027-follow-fylġan.model.md:26	1	Germanic/docs/lexeme_reports/model_entries/2027-follow-fylġan.model.md:26:1
Germanic/docs/lexeme_reports/model_entries/2027-follow-fylġan.model.md:29:1	Germanic/docs/lexeme_reports/model_entries/2027-follow-fylġan.model.md:29:1	explicit_tag	Germanic/docs/lexeme_reports/model_entries/2027-follow-fylġan.model.md:29	\index[iv]{03pgmc@\ivlangheader{Proto-Germanic}{}!fulgijana@\iventry{*fúlgijaną}{}}	pgmc		*fúlgijaną	fulgijana	selected_input	explicit_tag	Germanic/docs/lexeme_reports/model_entries/2027-follow-fylġan.model.md:29	1	Germanic/docs/lexeme_reports/model_entries/2027-follow-fylġan.model.md:29:1
Germanic/docs/lexeme_reports/model_entries/2027-follow-fylġan.model.md:30:2	Germanic/docs/lexeme_reports/model_entries/2027-follow-fylġan.model.md:30:2	explicit_tag	Germanic/docs/lexeme_reports/model_entries/2027-follow-fylġan.model.md:30	\index[iv]{02oe@\ivlangheader{Old English}{West Saxon normalization unmarked}!folgian@\iventry{folgian}{}}	oe		folgian	folgian	comparison_form	explicit_tag	Germanic/docs/lexeme_reports/model_entries/2027-follow-fylġan.model.md:30	1	Germanic/docs/lexeme_reports/model_entries/2027-follow-fylġan.model.md:30:2
Germanic/docs/lexeme_reports/model_entries/2027-follow-fylġan.model.md:30:1	Germanic/docs/lexeme_reports/model_entries/2027-follow-fylġan.model.md:30:1	explicit_tag	Germanic/docs/lexeme_reports/model_entries/2027-follow-fylġan.model.md:30	\index[iv]{03pgmc@\ivlangheader{Proto-Germanic}{}!fulgena@\iventry{*fulgēną}{}}	pgmc		*fulgēną	fulgena	source_protoform	explicit_tag	Germanic/docs/lexeme_reports/model_entries/2027-follow-fylġan.model.md:30	1	Germanic/docs/lexeme_reports/model_entries/2027-follow-fylġan.model.md:30:1
Germanic/docs/lexeme_reports/model_entries/2027-follow-fylġan.model.md:34:1	Germanic/docs/lexeme_reports/model_entries/2027-follow-fylġan.model.md:34:1	explicit_tag	Germanic/docs/lexeme_reports/model_entries/2027-follow-fylġan.model.md:34	\index[iv]{02oe@\ivlangheader{Old English}{West Saxon normalization unmarked}!fylgan@\iventry{fylgan}{}}	oe		fylgan	fylgan	comparison_form	explicit_tag	Germanic/docs/lexeme_reports/model_entries/2027-follow-fylġan.model.md:34	1	Germanic/docs/lexeme_reports/model_entries/2027-follow-fylġan.model.md:34:1
Germanic/docs/lexeme_reports/model_entries/2027-follow-fylġan.model.md:35:1	Germanic/docs/lexeme_reports/model_entries/2027-follow-fylġan.model.md:35:1	explicit_tag	Germanic/docs/lexeme_reports/model_entries/2027-follow-fylġan.model.md:35	\index[iv]{02oe@\ivlangheader{Old English}{West Saxon normalization unmarked}!fylgian@\iventry{fylgian}{}}	oe		fylgian	fylgian	comparison_form	explicit_tag	Germanic/docs/lexeme_reports/model_entries/2027-follow-fylġan.model.md:35	1	Germanic/docs/lexeme_reports/model_entries/2027-follow-fylġan.model.md:35:1
Germanic/docs/lexeme_reports/model_entries/2027-follow-fylġan.model.md:35:2	Germanic/docs/lexeme_reports/model_entries/2027-follow-fylġan.model.md:35:2	explicit_tag	Germanic/docs/lexeme_reports/model_entries/2027-follow-fylġan.model.md:35	\index[iv]{02oe@\ivlangheader{Old English}{West Saxon normalization unmarked}!fyligan@\iventry{fyligan}{}}	oe		fyligan	fyligan	comparison_form	explicit_tag	Germanic/docs/lexeme_reports/model_entries/2027-follow-fylġan.model.md:35	1	Germanic/docs/lexeme_reports/model_entries/2027-follow-fylġan.model.md:35:2
Germanic/docs/lexeme_reports/model_entries/2027-follow-fylġan.model.md:36:1	Germanic/docs/lexeme_reports/model_entries/2027-follow-fylġan.model.md:36:1	explicit_tag	Germanic/docs/lexeme_reports/model_entries/2027-follow-fylġan.model.md:36	\index[iv]{02oe@\ivlangheader{Old English}{West Saxon normalization unmarked}!fylgean@\iventry{fylgean}{}}	oe		fylgean	fylgean	comparison_form	explicit_tag	Germanic/docs/lexeme_reports/model_entries/2027-follow-fylġan.model.md:36	1	Germanic/docs/lexeme_reports/model_entries/2027-follow-fylġan.model.md:36:1
Germanic/docs/lexeme_reports/model_entries/2027-follow-fylġan.model.md:39:1	Germanic/docs/lexeme_reports/model_entries/2027-follow-fylġan.model.md:39:1	explicit_tag	Germanic/docs/lexeme_reports/model_entries/2027-follow-fylġan.model.md:39	\index[iv]{02oe@\ivlangheader{Old English}{West Saxon normalization unmarked}!fylgean@\iventry{fylg(e)an}{}}	oe		fylg(e)an	fylgean	comparison_form	explicit_tag	Germanic/docs/lexeme_reports/model_entries/2027-follow-fylġan.model.md:39	1	Germanic/docs/lexeme_reports/model_entries/2027-follow-fylġan.model.md:39:1
Germanic/docs/lexeme_reports/model_entries/2027-follow-fylġan.model.md:40:1	Germanic/docs/lexeme_reports/model_entries/2027-follow-fylġan.model.md:40:1	explicit_tag	Germanic/docs/lexeme_reports/model_entries/2027-follow-fylġan.model.md:40	\index[iv]{02oe@\ivlangheader{Old English}{West Saxon normalization unmarked}!folgian@\iventry{folgian}{}}	oe		folgian	folgian	comparison_form	explicit_tag	Germanic/docs/lexeme_reports/model_entries/2027-follow-fylġan.model.md:40	1	Germanic/docs/lexeme_reports/model_entries/2027-follow-fylġan.model.md:40:1
Germanic/docs/lexeme_reports/model_entries/2027-follow-fylġan.model.md:40:2	Germanic/docs/lexeme_reports/model_entries/2027-follow-fylġan.model.md:40:2	explicit_tag	Germanic/docs/lexeme_reports/model_entries/2027-follow-fylġan.model.md:40	\index[iv]{02oe@\ivlangheader{Old English}{West Saxon normalization unmarked}!fylgean@\iventry{fylgean}{}}	oe		fylgean	fylgean	comparison_form	explicit_tag	Germanic/docs/lexeme_reports/model_entries/2027-follow-fylġan.model.md:40	1	Germanic/docs/lexeme_reports/model_entries/2027-follow-fylġan.model.md:40:2
Germanic/docs/lexeme_reports/model_entries/2027-follow-fylġan.model.md:42:1	Germanic/docs/lexeme_reports/model_entries/2027-follow-fylġan.model.md:42:1	explicit_tag	Germanic/docs/lexeme_reports/model_entries/2027-follow-fylġan.model.md:42	\index[iv]{02oe@\ivlangheader{Old English}{West Saxon normalization unmarked}!fylgan@\iventry{fylgan}{}}	oe		fylgan	fylgan	comparison_form	explicit_tag	Germanic/docs/lexeme_reports/model_entries/2027-follow-fylġan.model.md:42	1	Germanic/docs/lexeme_reports/model_entries/2027-follow-fylġan.model.md:42:1
Germanic/docs/lexeme_reports/model_entries/2027-follow-fylġan.model.md:42:3	Germanic/docs/lexeme_reports/model_entries/2027-follow-fylġan.model.md:42:3	explicit_tag	Germanic/docs/lexeme_reports/model_entries/2027-follow-fylġan.model.md:42	\index[iv]{02oe@\ivlangheader{Old English}{West Saxon normalization unmarked}!fylgan@\iventry{fylġan}{}}	oe		fylġan	fylgan	target_form	explicit_tag	Germanic/docs/lexeme_reports/model_entries/2027-follow-fylġan.model.md:42	1	Germanic/docs/lexeme_reports/model_entries/2027-follow-fylġan.model.md:42:3
Germanic/docs/lexeme_reports/model_entries/2027-follow-fylġan.model.md:42:2	Germanic/docs/lexeme_reports/model_entries/2027-follow-fylġan.model.md:42:2	explicit_tag	Germanic/docs/lexeme_reports/model_entries/2027-follow-fylġan.model.md:42	\index[iv]{02oe@\ivlangheader{Old English}{West Saxon normalization unmarked}!fylgean@\iventry{fylgean}{}}	oe		fylgean	fylgean	comparison_form	explicit_tag	Germanic/docs/lexeme_reports/model_entries/2027-follow-fylġan.model.md:42	1	Germanic/docs/lexeme_reports/model_entries/2027-follow-fylġan.model.md:42:2
Germanic/docs/lexeme_reports/model_entries/2027-follow-fylġan.model.md:48:1	Germanic/docs/lexeme_reports/model_entries/2027-follow-fylġan.model.md:48:1	explicit_tag	Germanic/docs/lexeme_reports/model_entries/2027-follow-fylġan.model.md:48	\index[iv]{03pgmc@\ivlangheader{Proto-Germanic}{}!fulgijana@\iventry{*fúlgijaną}{}}	pgmc		*fúlgijaną	fulgijana	selected_input	explicit_tag	Germanic/docs/lexeme_reports/model_entries/2027-follow-fylġan.model.md:48	1	Germanic/docs/lexeme_reports/model_entries/2027-follow-fylġan.model.md:48:1
Germanic/docs/lexeme_reports/model_entries/2027-follow-fylġan.model.md:56:1	Germanic/docs/lexeme_reports/model_entries/2027-follow-fylġan.model.md:56:1	explicit_tag	Germanic/docs/lexeme_reports/model_entries/2027-follow-fylġan.model.md:56	\index[iv]{02oe@\ivlangheader{Old English}{West Saxon normalization unmarked}!fylgan@\iventry{fylġan}{}}	oe		fylġan	fylgan	target_form	explicit_tag	Germanic/docs/lexeme_reports/model_entries/2027-follow-fylġan.model.md:56	1	Germanic/docs/lexeme_reports/model_entries/2027-follow-fylġan.model.md:56:1
Germanic/docs/lexeme_reports/model_entries/2027-follow-fylġan.model.md:57:1	Germanic/docs/lexeme_reports/model_entries/2027-follow-fylġan.model.md:57:1	explicit_tag	Germanic/docs/lexeme_reports/model_entries/2027-follow-fylġan.model.md:57	\index[iv]{02oe@\ivlangheader{Old English}{West Saxon normalization unmarked}!folgian@\iventry{folgian}{}}	oe		folgian	folgian	comparison_form	explicit_tag	Germanic/docs/lexeme_reports/model_entries/2027-follow-fylġan.model.md:57	1	Germanic/docs/lexeme_reports/model_entries/2027-follow-fylġan.model.md:57:1
Germanic/docs/lexeme_reports/model_entries/2027-follow-fylġan.model.md:68:3	Germanic/docs/lexeme_reports/model_entries/2027-follow-fylġan.model.md:68:3	explicit_tag	Germanic/docs/lexeme_reports/model_entries/2027-follow-fylġan.model.md:68	\index[iv]{02oe@\ivlangheader{Old English}{West Saxon normalization unmarked}!folgian@\iventry{folgian}{}}	oe		folgian	folgian	comparison_form	explicit_tag	Germanic/docs/lexeme_reports/model_entries/2027-follow-fylġan.model.md:68	1	Germanic/docs/lexeme_reports/model_entries/2027-follow-fylġan.model.md:68:3
Germanic/docs/lexeme_reports/model_entries/2027-follow-fylġan.model.md:68:1	Germanic/docs/lexeme_reports/model_entries/2027-follow-fylġan.model.md:68:1	explicit_tag	Germanic/docs/lexeme_reports/model_entries/2027-follow-fylġan.model.md:68	\index[iv]{03pgmc@\ivlangheader{Proto-Germanic}{}!fulgena@\iventry{*fulgēną}{}}	pgmc		*fulgēną	fulgena	source_protoform	explicit_tag	Germanic/docs/lexeme_reports/model_entries/2027-follow-fylġan.model.md:68	1	Germanic/docs/lexeme_reports/model_entries/2027-follow-fylġan.model.md:68:1
Germanic/docs/lexeme_reports/model_entries/2027-follow-fylġan.model.md:69:1	Germanic/docs/lexeme_reports/model_entries/2027-follow-fylġan.model.md:69:1	explicit_tag	Germanic/docs/lexeme_reports/model_entries/2027-follow-fylġan.model.md:69	\index[iv]{02oe@\ivlangheader{Old English}{West Saxon normalization unmarked}!folgian@\iventry{folgian}{}}	oe		folgian	folgian	comparison_form	explicit_tag	Germanic/docs/lexeme_reports/model_entries/2027-follow-fylġan.model.md:69	1	Germanic/docs/lexeme_reports/model_entries/2027-follow-fylġan.model.md:69:1
Germanic/docs/lexeme_reports/model_entries/2027-follow-fylġan.model.md:69:2	Germanic/docs/lexeme_reports/model_entries/2027-follow-fylġan.model.md:69:2	explicit_tag	Germanic/docs/lexeme_reports/model_entries/2027-follow-fylġan.model.md:69	\index[iv]{02oe@\ivlangheader{Old English}{West Saxon normalization unmarked}!folgian@\iventry{folgian}{}}	oe		folgian	folgian	comparison_form	explicit_tag	Germanic/docs/lexeme_reports/model_entries/2027-follow-fylġan.model.md:69	1	Germanic/docs/lexeme_reports/model_entries/2027-follow-fylġan.model.md:69:2
Germanic/docs/lexeme_reports/model_entries/2027-follow-fylġan.model.md:70:1	Germanic/docs/lexeme_reports/model_entries/2027-follow-fylġan.model.md:70:1	explicit_tag	Germanic/docs/lexeme_reports/model_entries/2027-follow-fylġan.model.md:70	\index[iv]{03pgmc@\ivlangheader{Proto-Germanic}{}!fulgijana@\iventry{*fúlgijaną}{}}	pgmc		*fúlgijaną	fulgijana	selected_input	explicit_tag	Germanic/docs/lexeme_reports/model_entries/2027-follow-fylġan.model.md:70	1	Germanic/docs/lexeme_reports/model_entries/2027-follow-fylġan.model.md:70:1
Germanic/docs/lexeme_reports/model_entries/2027-follow-fylġan.model.md:70:4	Germanic/docs/lexeme_reports/model_entries/2027-follow-fylġan.model.md:70:4	explicit_tag	Germanic/docs/lexeme_reports/model_entries/2027-follow-fylġan.model.md:70	\index[iv]{02oe@\ivlangheader{Old English}{West Saxon normalization unmarked}!fylgan@\iventry{fylgan}{}}	oe		fylgan	fylgan	comparison_form	explicit_tag	Germanic/docs/lexeme_reports/model_entries/2027-follow-fylġan.model.md:70	1	Germanic/docs/lexeme_reports/model_entries/2027-follow-fylġan.model.md:70:4
Germanic/docs/lexeme_reports/model_entries/2027-follow-fylġan.model.md:70:3	Germanic/docs/lexeme_reports/model_entries/2027-follow-fylġan.model.md:70:3	explicit_tag	Germanic/docs/lexeme_reports/model_entries/2027-follow-fylġan.model.md:70	\index[iv]{02oe@\ivlangheader{Old English}{West Saxon normalization unmarked}!fylgan@\iventry{fylġan}{}}	oe		fylġan	fylgan	target_form	explicit_tag	Germanic/docs/lexeme_reports/model_entries/2027-follow-fylġan.model.md:70	1	Germanic/docs/lexeme_reports/model_entries/2027-follow-fylġan.model.md:70:3
Germanic/docs/lexeme_reports/model_entries/2027-follow-fylġan.model.md:72:1	Germanic/docs/lexeme_reports/model_entries/2027-follow-fylġan.model.md:72:1	explicit_tag	Germanic/docs/lexeme_reports/model_entries/2027-follow-fylġan.model.md:72	\index[iv]{02oe@\ivlangheader{Old English}{West Saxon normalization unmarked}!fylgan@\iventry{fylġan}{}}	oe		fylġan	fylgan	target_form	explicit_tag	Germanic/docs/lexeme_reports/model_entries/2027-follow-fylġan.model.md:72	1	Germanic/docs/lexeme_reports/model_entries/2027-follow-fylġan.model.md:72:1
Germanic/docs/lexeme_reports/model_entries/2027-follow-fylġan.model.md:73:1	Germanic/docs/lexeme_reports/model_entries/2027-follow-fylġan.model.md:73:1	explicit_tag	Germanic/docs/lexeme_reports/model_entries/2027-follow-fylġan.model.md:73	\index[iv]{02oe@\ivlangheader{Old English}{West Saxon normalization unmarked}!folgian@\iventry{folgian}{}}	oe		folgian	folgian	comparison_form	explicit_tag	Germanic/docs/lexeme_reports/model_entries/2027-follow-fylġan.model.md:73	1	Germanic/docs/lexeme_reports/model_entries/2027-follow-fylġan.model.md:73:1
Germanic/docs/lexeme_reports/model_entries/2030-fowl-fugol.model.md:22:1	Germanic/docs/lexeme_reports/model_entries/2030-fowl-fugol.model.md:22:1	explicit_tag	Germanic/docs/lexeme_reports/model_entries/2030-fowl-fugol.model.md:22	\index[iv]{09ohg@\ivlangheader{Old High German}{}!fogal@\iventry{fogal}{}}	ohg		fogal	fogal	comparison_form	explicit_tag	Germanic/docs/lexeme_reports/model_entries/2030-fowl-fugol.model.md:22	1	Germanic/docs/lexeme_reports/model_entries/2030-fowl-fugol.model.md:22:1
Germanic/docs/lexeme_reports/model_entries/2034-fright-fyrhte.model.md:21:1	Germanic/docs/lexeme_reports/model_entries/2034-fright-fyrhte.model.md:21:1	explicit_tag	Germanic/docs/lexeme_reports/model_entries/2034-fright-fyrhte.model.md:21	\index[iv]{03pgmc@\ivlangheader{Proto-Germanic}{}!furxtin@\iventry{*furxtīn}{}}	pgmc		*furxtīn	furxtin	source_protoform	explicit_tag	Germanic/docs/lexeme_reports/model_entries/2034-fright-fyrhte.model.md:21	1	Germanic/docs/lexeme_reports/model_entries/2034-fright-fyrhte.model.md:21:1
Germanic/docs/lexeme_reports/model_entries/2034-fright-fyrhte.model.md:22:1	Germanic/docs/lexeme_reports/model_entries/2034-fright-fyrhte.model.md:22:1	explicit_tag	Germanic/docs/lexeme_reports/model_entries/2034-fright-fyrhte.model.md:22	\index[iv]{11goth@\ivlangheader{Gothic}{}!faurhtei@\iventry{faurhtei}{}}	goth		faurhtei	faurhtei	comparison_form	explicit_tag	Germanic/docs/lexeme_reports/model_entries/2034-fright-fyrhte.model.md:22	1	Germanic/docs/lexeme_reports/model_entries/2034-fright-fyrhte.model.md:22:1
Germanic/docs/lexeme_reports/model_entries/2034-fright-fyrhte.model.md:22:2	Germanic/docs/lexeme_reports/model_entries/2034-fright-fyrhte.model.md:22:2	explicit_tag	Germanic/docs/lexeme_reports/model_entries/2034-fright-fyrhte.model.md:22	\index[iv]{03pgmc@\ivlangheader{Proto-Germanic}{}!furxtinaz@\iventry{*fúrxtīnaz}{}}	pgmc		*fúrxtīnaz	furxtinaz	selected_input	explicit_tag	Germanic/docs/lexeme_reports/model_entries/2034-fright-fyrhte.model.md:22	1	Germanic/docs/lexeme_reports/model_entries/2034-fright-fyrhte.model.md:22:2
Germanic/docs/lexeme_reports/model_entries/2034-fright-fyrhte.model.md:32:1	Germanic/docs/lexeme_reports/model_entries/2034-fright-fyrhte.model.md:32:1	explicit_tag	Germanic/docs/lexeme_reports/model_entries/2034-fright-fyrhte.model.md:32	\index[iv]{02oe@\ivlangheader{Old English}{West Saxon normalization unmarked}!fyrhte@\iventry{fyrhte}{}}	oe		fyrhte	fyrhte	target_form	explicit_tag	Germanic/docs/lexeme_reports/model_entries/2034-fright-fyrhte.model.md:32	1	Germanic/docs/lexeme_reports/model_entries/2034-fright-fyrhte.model.md:32:1
Germanic/docs/lexeme_reports/model_entries/2034-fright-fyrhte.model.md:33:2	Germanic/docs/lexeme_reports/model_entries/2034-fright-fyrhte.model.md:33:2	explicit_tag	Germanic/docs/lexeme_reports/model_entries/2034-fright-fyrhte.model.md:33	\index[iv]{02oe@\ivlangheader{Old English}{West Saxon normalization unmarked}!fyrhto@\iventry{fyrhto}{}}	oe		fyrhto	fyrhto	comparison_form	explicit_tag	Germanic/docs/lexeme_reports/model_entries/2034-fright-fyrhte.model.md:33	1	Germanic/docs/lexeme_reports/model_entries/2034-fright-fyrhte.model.md:33:2
Germanic/docs/lexeme_reports/model_entries/2034-fright-fyrhte.model.md:33:1	Germanic/docs/lexeme_reports/model_entries/2034-fright-fyrhte.model.md:33:1	explicit_tag	Germanic/docs/lexeme_reports/model_entries/2034-fright-fyrhte.model.md:33	\index[iv]{02oe@\ivlangheader{Old English}{West Saxon normalization unmarked}!fyrhtu@\iventry{fyrhtu}{}}	oe		fyrhtu	fyrhtu	comparison_form	explicit_tag	Germanic/docs/lexeme_reports/model_entries/2034-fright-fyrhte.model.md:33	1	Germanic/docs/lexeme_reports/model_entries/2034-fright-fyrhte.model.md:33:1
Germanic/docs/lexeme_reports/model_entries/2034-fright-fyrhte.model.md:37:1	Germanic/docs/lexeme_reports/model_entries/2034-fright-fyrhte.model.md:37:1	explicit_tag	Germanic/docs/lexeme_reports/model_entries/2034-fright-fyrhte.model.md:37	\index[iv]{02oe@\ivlangheader{Old English}{West Saxon normalization unmarked}!fyrhte@\iventry{fyrhte}{}}	oe		fyrhte	fyrhte	target_form	explicit_tag	Germanic/docs/lexeme_reports/model_entries/2034-fright-fyrhte.model.md:37	1	Germanic/docs/lexeme_reports/model_entries/2034-fright-fyrhte.model.md:37:1
Germanic/docs/lexeme_reports/model_entries/2034-fright-fyrhte.model.md:43:1	Germanic/docs/lexeme_reports/model_entries/2034-fright-fyrhte.model.md:43:1	explicit_tag	Germanic/docs/lexeme_reports/model_entries/2034-fright-fyrhte.model.md:43	\index[iv]{03pgmc@\ivlangheader{Proto-Germanic}{}!furxtinaz@\iventry{*fúrxtīnaz}{}}	pgmc		*fúrxtīnaz	furxtinaz	selected_input	explicit_tag	Germanic/docs/lexeme_reports/model_entries/2034-fright-fyrhte.model.md:43	1	Germanic/docs/lexeme_reports/model_entries/2034-fright-fyrhte.model.md:43:1
Germanic/docs/lexeme_reports/model_entries/2034-fright-fyrhte.model.md:44:1	Germanic/docs/lexeme_reports/model_entries/2034-fright-fyrhte.model.md:44:1	explicit_tag	Germanic/docs/lexeme_reports/model_entries/2034-fright-fyrhte.model.md:44	\index[iv]{02oe@\ivlangheader{Old English}{West Saxon normalization unmarked}!fyrhte@\iventry{fyrhte}{}}	oe		fyrhte	fyrhte	target_form	explicit_tag	Germanic/docs/lexeme_reports/model_entries/2034-fright-fyrhte.model.md:44	1	Germanic/docs/lexeme_reports/model_entries/2034-fright-fyrhte.model.md:44:1
Germanic/docs/lexeme_reports/model_entries/2034-fright-fyrhte.model.md:60:1	Germanic/docs/lexeme_reports/model_entries/2034-fright-fyrhte.model.md:60:1	explicit_tag	Germanic/docs/lexeme_reports/model_entries/2034-fright-fyrhte.model.md:60	\index[iv]{03pgmc@\ivlangheader{Proto-Germanic}{}!furxtin@\iventry{*furxtīn}{}}	pgmc		*furxtīn	furxtin	source_protoform	explicit_tag	Germanic/docs/lexeme_reports/model_entries/2034-fright-fyrhte.model.md:60	1	Germanic/docs/lexeme_reports/model_entries/2034-fright-fyrhte.model.md:60:1
Germanic/docs/lexeme_reports/model_entries/2034-fright-fyrhte.model.md:61:2	Germanic/docs/lexeme_reports/model_entries/2034-fright-fyrhte.model.md:61:2	explicit_tag	Germanic/docs/lexeme_reports/model_entries/2034-fright-fyrhte.model.md:61	\index[iv]{02oe@\ivlangheader{Old English}{West Saxon normalization unmarked}!fyrhto@\iventry{fyrhto}{}}	oe		fyrhto	fyrhto	comparison_form	explicit_tag	Germanic/docs/lexeme_reports/model_entries/2034-fright-fyrhte.model.md:61	1	Germanic/docs/lexeme_reports/model_entries/2034-fright-fyrhte.model.md:61:2
Germanic/docs/lexeme_reports/model_entries/2034-fright-fyrhte.model.md:61:4	Germanic/docs/lexeme_reports/model_entries/2034-fright-fyrhte.model.md:61:4	explicit_tag	Germanic/docs/lexeme_reports/model_entries/2034-fright-fyrhte.model.md:61	\index[iv]{02oe@\ivlangheader{Old English}{West Saxon normalization unmarked}!fyrhto@\iventry{fyrhto}{}}	oe		fyrhto	fyrhto	comparison_form	explicit_tag	Germanic/docs/lexeme_reports/model_entries/2034-fright-fyrhte.model.md:61	1	Germanic/docs/lexeme_reports/model_entries/2034-fright-fyrhte.model.md:61:4
Germanic/docs/lexeme_reports/model_entries/2034-fright-fyrhte.model.md:61:1	Germanic/docs/lexeme_reports/model_entries/2034-fright-fyrhte.model.md:61:1	explicit_tag	Germanic/docs/lexeme_reports/model_entries/2034-fright-fyrhte.model.md:61	\index[iv]{02oe@\ivlangheader{Old English}{West Saxon normalization unmarked}!fyrhtu@\iventry{fyrhtu}{}}	oe		fyrhtu	fyrhtu	comparison_form	explicit_tag	Germanic/docs/lexeme_reports/model_entries/2034-fright-fyrhte.model.md:61	1	Germanic/docs/lexeme_reports/model_entries/2034-fright-fyrhte.model.md:61:1
Germanic/docs/lexeme_reports/model_entries/2034-fright-fyrhte.model.md:61:3	Germanic/docs/lexeme_reports/model_entries/2034-fright-fyrhte.model.md:61:3	explicit_tag	Germanic/docs/lexeme_reports/model_entries/2034-fright-fyrhte.model.md:61	\index[iv]{02oe@\ivlangheader{Old English}{West Saxon normalization unmarked}!fyrhtu@\iventry{fyrhtu}{}}	oe		fyrhtu	fyrhtu	comparison_form	explicit_tag	Germanic/docs/lexeme_reports/model_entries/2034-fright-fyrhte.model.md:61	1	Germanic/docs/lexeme_reports/model_entries/2034-fright-fyrhte.model.md:61:3
Germanic/docs/lexeme_reports/model_entries/2034-fright-fyrhte.model.md:62:1	Germanic/docs/lexeme_reports/model_entries/2034-fright-fyrhte.model.md:62:1	explicit_tag	Germanic/docs/lexeme_reports/model_entries/2034-fright-fyrhte.model.md:62	\index[iv]{03pgmc@\ivlangheader{Proto-Germanic}{}!furxtinaz@\iventry{*fúrxtīnaz}{}}	pgmc		*fúrxtīnaz	furxtinaz	selected_input	explicit_tag	Germanic/docs/lexeme_reports/model_entries/2034-fright-fyrhte.model.md:62	1	Germanic/docs/lexeme_reports/model_entries/2034-fright-fyrhte.model.md:62:1
Germanic/docs/lexeme_reports/model_entries/2034-fright-fyrhte.model.md:62:3	Germanic/docs/lexeme_reports/model_entries/2034-fright-fyrhte.model.md:62:3	explicit_tag	Germanic/docs/lexeme_reports/model_entries/2034-fright-fyrhte.model.md:62	\index[iv]{02oe@\ivlangheader{Old English}{West Saxon normalization unmarked}!fyrhte@\iventry{fyrhte}{}}	oe		fyrhte	fyrhte	target_form	explicit_tag	Germanic/docs/lexeme_reports/model_entries/2034-fright-fyrhte.model.md:62	1	Germanic/docs/lexeme_reports/model_entries/2034-fright-fyrhte.model.md:62:3
Germanic/docs/lexeme_reports/model_entries/2034-fright-fyrhte.model.md:65:1	Germanic/docs/lexeme_reports/model_entries/2034-fright-fyrhte.model.md:65:1	explicit_tag	Germanic/docs/lexeme_reports/model_entries/2034-fright-fyrhte.model.md:65	\index[iv]{02oe@\ivlangheader{Old English}{West Saxon normalization unmarked}!fyrhte@\iventry{fyrhte}{}}	oe		fyrhte	fyrhte	target_form	explicit_tag	Germanic/docs/lexeme_reports/model_entries/2034-fright-fyrhte.model.md:65	1	Germanic/docs/lexeme_reports/model_entries/2034-fright-fyrhte.model.md:65:1
Germanic/docs/lexeme_reports/model_entries/2037-gall-ġealla.model.md:21:1	Germanic/docs/lexeme_reports/model_entries/2037-gall-ġealla.model.md:21:1	explicit_tag	Germanic/docs/lexeme_reports/model_entries/2037-gall-ġealla.model.md:21	\index[iv]{03pgmc@\ivlangheader{Proto-Germanic}{}!galla@\iventry{*gállą}{}}	pgmc		*gállą	galla	source_protoform	explicit_tag	Germanic/docs/lexeme_reports/model_entries/2037-gall-ġealla.model.md:21	1	Germanic/docs/lexeme_reports/model_entries/2037-gall-ġealla.model.md:21:1
Germanic/docs/lexeme_reports/model_entries/2037-gall-ġealla.model.md:23:1	Germanic/docs/lexeme_reports/model_entries/2037-gall-ġealla.model.md:23:1	explicit_tag	Germanic/docs/lexeme_reports/model_entries/2037-gall-ġealla.model.md:23	\index[iv]{03pgmc@\ivlangheader{Proto-Germanic}{}!gallo@\iventry{*gállô}{}}	pgmc		*gállô	gallo	selected_input	explicit_tag	Germanic/docs/lexeme_reports/model_entries/2037-gall-ġealla.model.md:23	1	Germanic/docs/lexeme_reports/model_entries/2037-gall-ġealla.model.md:23:1
Germanic/docs/lexeme_reports/model_entries/2037-gall-ġealla.model.md:32:1	Germanic/docs/lexeme_reports/model_entries/2037-gall-ġealla.model.md:32:1	explicit_tag	Germanic/docs/lexeme_reports/model_entries/2037-gall-ġealla.model.md:32	\index[iv]{02oe@\ivlangheader{Old English}{West Saxon normalization unmarked}!gealla@\iventry{gealla}{}}	oe		gealla	gealla	target_form	explicit_tag	Germanic/docs/lexeme_reports/model_entries/2037-gall-ġealla.model.md:32	1	Germanic/docs/lexeme_reports/model_entries/2037-gall-ġealla.model.md:32:1
Germanic/docs/lexeme_reports/model_entries/2037-gall-ġealla.model.md:33:1	Germanic/docs/lexeme_reports/model_entries/2037-gall-ġealla.model.md:33:1	explicit_tag	Germanic/docs/lexeme_reports/model_entries/2037-gall-ġealla.model.md:33	\index[iv]{02oe@\ivlangheader{Old English}{West Saxon normalization unmarked}!geallan@\iventry{geallan}{}}	oe		geallan	geallan	comparison_form	explicit_tag	Germanic/docs/lexeme_reports/model_entries/2037-gall-ġealla.model.md:33	1	Germanic/docs/lexeme_reports/model_entries/2037-gall-ġealla.model.md:33:1
Germanic/docs/lexeme_reports/model_entries/2037-gall-ġealla.model.md:35:1	Germanic/docs/lexeme_reports/model_entries/2037-gall-ġealla.model.md:35:1	explicit_tag	Germanic/docs/lexeme_reports/model_entries/2037-gall-ġealla.model.md:35	\index[iv]{02oe@\ivlangheader{Old English}{West Saxon normalization unmarked}!gealla@\iventry{ġealla}{}}	oe		ġealla	gealla	target_form	explicit_tag	Germanic/docs/lexeme_reports/model_entries/2037-gall-ġealla.model.md:35	1	Germanic/docs/lexeme_reports/model_entries/2037-gall-ġealla.model.md:35:1
Germanic/docs/lexeme_reports/model_entries/2037-gall-ġealla.model.md:38:2	Germanic/docs/lexeme_reports/model_entries/2037-gall-ġealla.model.md:38:2	explicit_tag	Germanic/docs/lexeme_reports/model_entries/2037-gall-ġealla.model.md:38	\index[iv]{02oe@\ivlangheader{Old English}{West Saxon normalization unmarked}!galla~04@\iventry{galla}{Angl.}}	oe	angl	galla	galla	comparison_form	explicit_tag	Germanic/docs/lexeme_reports/model_entries/2037-gall-ġealla.model.md:38	1	Germanic/docs/lexeme_reports/model_entries/2037-gall-ġealla.model.md:38:2
Germanic/docs/lexeme_reports/model_entries/2037-gall-ġealla.model.md:38:1	Germanic/docs/lexeme_reports/model_entries/2037-gall-ġealla.model.md:38:1	explicit_tag	Germanic/docs/lexeme_reports/model_entries/2037-gall-ġealla.model.md:38	\index[iv]{02oe@\ivlangheader{Old English}{West Saxon normalization unmarked}!gealla@\iventry{gealla}{}}	oe		gealla	gealla	target_form	explicit_tag	Germanic/docs/lexeme_reports/model_entries/2037-gall-ġealla.model.md:38	1	Germanic/docs/lexeme_reports/model_entries/2037-gall-ġealla.model.md:38:1
Germanic/docs/lexeme_reports/model_entries/2037-gall-ġealla.model.md:39:1	Germanic/docs/lexeme_reports/model_entries/2037-gall-ġealla.model.md:39:1	explicit_tag	Germanic/docs/lexeme_reports/model_entries/2037-gall-ġealla.model.md:39	\index[iv]{02oe@\ivlangheader{Old English}{West Saxon normalization unmarked}!gealla@\iventry{ġealla}{}}	oe		ġealla	gealla	target_form	explicit_tag	Germanic/docs/lexeme_reports/model_entries/2037-gall-ġealla.model.md:39	1	Germanic/docs/lexeme_reports/model_entries/2037-gall-ġealla.model.md:39:1
Germanic/docs/lexeme_reports/model_entries/2037-gall-ġealla.model.md:43:1	Germanic/docs/lexeme_reports/model_entries/2037-gall-ġealla.model.md:43:1	explicit_tag	Germanic/docs/lexeme_reports/model_entries/2037-gall-ġealla.model.md:43	\index[iv]{03pgmc@\ivlangheader{Proto-Germanic}{}!gallo@\iventry{*gállô}{}}	pgmc		*gállô	gallo	selected_input	explicit_tag	Germanic/docs/lexeme_reports/model_entries/2037-gall-ġealla.model.md:43	1	Germanic/docs/lexeme_reports/model_entries/2037-gall-ġealla.model.md:43:1
Germanic/docs/lexeme_reports/model_entries/2037-gall-ġealla.model.md:59:1	Germanic/docs/lexeme_reports/model_entries/2037-gall-ġealla.model.md:59:1	explicit_tag	Germanic/docs/lexeme_reports/model_entries/2037-gall-ġealla.model.md:59	\index[iv]{03pgmc@\ivlangheader{Proto-Germanic}{}!galla@\iventry{*gállą}{}}	pgmc		*gállą	galla	source_protoform	explicit_tag	Germanic/docs/lexeme_reports/model_entries/2037-gall-ġealla.model.md:59	1	Germanic/docs/lexeme_reports/model_entries/2037-gall-ġealla.model.md:59:1
Germanic/docs/lexeme_reports/model_entries/2037-gall-ġealla.model.md:60:1	Germanic/docs/lexeme_reports/model_entries/2037-gall-ġealla.model.md:60:1	explicit_tag	Germanic/docs/lexeme_reports/model_entries/2037-gall-ġealla.model.md:60	\index[iv]{03pgmc@\ivlangheader{Proto-Germanic}{}!gallo@\iventry{*gállô}{}}	pgmc		*gállô	gallo	selected_input	explicit_tag	Germanic/docs/lexeme_reports/model_entries/2037-gall-ġealla.model.md:60	1	Germanic/docs/lexeme_reports/model_entries/2037-gall-ġealla.model.md:60:1
Germanic/docs/lexeme_reports/model_entries/2037-gall-ġealla.model.md:60:3	Germanic/docs/lexeme_reports/model_entries/2037-gall-ġealla.model.md:60:3	explicit_tag	Germanic/docs/lexeme_reports/model_entries/2037-gall-ġealla.model.md:60	\index[iv]{02oe@\ivlangheader{Old English}{West Saxon normalization unmarked}!gealla@\iventry{ġealla}{}}	oe		ġealla	gealla	target_form	explicit_tag	Germanic/docs/lexeme_reports/model_entries/2037-gall-ġealla.model.md:60	1	Germanic/docs/lexeme_reports/model_entries/2037-gall-ġealla.model.md:60:3
Germanic/docs/lexeme_reports/model_entries/2037-gall-ġealla.model.md:61:1	Germanic/docs/lexeme_reports/model_entries/2037-gall-ġealla.model.md:61:1	explicit_tag	Germanic/docs/lexeme_reports/model_entries/2037-gall-ġealla.model.md:61	\index[iv]{02oe@\ivlangheader{Old English}{West Saxon normalization unmarked}!galla~04@\iventry{galla}{Angl.}}	oe	angl	galla	galla	comparison_form	explicit_tag	Germanic/docs/lexeme_reports/model_entries/2037-gall-ġealla.model.md:61	1	Germanic/docs/lexeme_reports/model_entries/2037-gall-ġealla.model.md:61:1
Germanic/docs/lexeme_reports/model_entries/2037-gall-ġealla.model.md:61:2	Germanic/docs/lexeme_reports/model_entries/2037-gall-ġealla.model.md:61:2	explicit_tag	Germanic/docs/lexeme_reports/model_entries/2037-gall-ġealla.model.md:61	\index[iv]{02oe@\ivlangheader{Old English}{West Saxon normalization unmarked}!galla~04@\iventry{galla}{Angl.}}	oe	angl	galla	galla	comparison_form	explicit_tag	Germanic/docs/lexeme_reports/model_entries/2037-gall-ġealla.model.md:61	1	Germanic/docs/lexeme_reports/model_entries/2037-gall-ġealla.model.md:61:2
Germanic/docs/lexeme_reports/model_entries/2038-gang-gang.model.md:21:1	Germanic/docs/lexeme_reports/model_entries/2038-gang-gang.model.md:21:1	explicit_tag	Germanic/docs/lexeme_reports/model_entries/2038-gang-gang.model.md:21	\index[iv]{02oe@\ivlangheader{Old English}{West Saxon normalization unmarked}!gang@\iventry{gang}{}}	oe		gang	gang	comparison_form	explicit_tag	Germanic/docs/lexeme_reports/model_entries/2038-gang-gang.model.md:21	1	Germanic/docs/lexeme_reports/model_entries/2038-gang-gang.model.md:21:1
Germanic/docs/lexeme_reports/model_entries/2038-gang-gang.model.md:21:2	Germanic/docs/lexeme_reports/model_entries/2038-gang-gang.model.md:21:2	explicit_tag	Germanic/docs/lexeme_reports/model_entries/2038-gang-gang.model.md:21	\index[iv]{02oe@\ivlangheader{Old English}{West Saxon normalization unmarked}!gang@\iventry{gang}{}}	oe		gang	gang	comparison_form	explicit_tag	Germanic/docs/lexeme_reports/model_entries/2038-gang-gang.model.md:21	1	Germanic/docs/lexeme_reports/model_entries/2038-gang-gang.model.md:21:2
Germanic/docs/lexeme_reports/model_entries/2038-gang-gang.model.md:21:3	Germanic/docs/lexeme_reports/model_entries/2038-gang-gang.model.md:21:3	explicit_tag	Germanic/docs/lexeme_reports/model_entries/2038-gang-gang.model.md:21	\index[iv]{02oe@\ivlangheader{Old English}{West Saxon normalization unmarked}!gang@\iventry{gang}{}}	oe		gang	gang	comparison_form	explicit_tag	Germanic/docs/lexeme_reports/model_entries/2038-gang-gang.model.md:21	1	Germanic/docs/lexeme_reports/model_entries/2038-gang-gang.model.md:21:3
Germanic/docs/lexeme_reports/model_entries/2038-gang-gang.model.md:25:1	Germanic/docs/lexeme_reports/model_entries/2038-gang-gang.model.md:25:1	explicit_tag	Germanic/docs/lexeme_reports/model_entries/2038-gang-gang.model.md:25	\index[iv]{02oe@\ivlangheader{Old English}{West Saxon normalization unmarked}!gang@\iventry{gang}{}}	oe		gang	gang	comparison_form	explicit_tag	Germanic/docs/lexeme_reports/model_entries/2038-gang-gang.model.md:25	1	Germanic/docs/lexeme_reports/model_entries/2038-gang-gang.model.md:25:1
Germanic/docs/lexeme_reports/model_entries/2038-gang-gang.model.md:29:1	Germanic/docs/lexeme_reports/model_entries/2038-gang-gang.model.md:29:1	explicit_tag	Germanic/docs/lexeme_reports/model_entries/2038-gang-gang.model.md:29	\index[iv]{02oe@\ivlangheader{Old English}{West Saxon normalization unmarked}!gang@\iventry{gang}{}}	oe		gang	gang	comparison_form	explicit_tag	Germanic/docs/lexeme_reports/model_entries/2038-gang-gang.model.md:29	1	Germanic/docs/lexeme_reports/model_entries/2038-gang-gang.model.md:29:1
Germanic/docs/lexeme_reports/model_entries/2038-gang-gang.model.md:33:1	Germanic/docs/lexeme_reports/model_entries/2038-gang-gang.model.md:33:1	explicit_tag	Germanic/docs/lexeme_reports/model_entries/2038-gang-gang.model.md:33	\index[iv]{02oe@\ivlangheader{Old English}{West Saxon normalization unmarked}!gang@\iventry{gang}{}}	oe		gang	gang	comparison_form	explicit_tag	Germanic/docs/lexeme_reports/model_entries/2038-gang-gang.model.md:33	1	Germanic/docs/lexeme_reports/model_entries/2038-gang-gang.model.md:33:1
Germanic/docs/lexeme_reports/model_entries/2041-give-ġiefan.model.md:21:1	Germanic/docs/lexeme_reports/model_entries/2041-give-ġiefan.model.md:21:1	explicit_tag	Germanic/docs/lexeme_reports/model_entries/2041-give-ġiefan.model.md:21	\index[iv]{02oe@\ivlangheader{Old English}{West Saxon normalization unmarked}!giefan@\iventry{giefan}{}}	oe		giefan	giefan	comparison_form	explicit_tag	Germanic/docs/lexeme_reports/model_entries/2041-give-ġiefan.model.md:21	1	Germanic/docs/lexeme_reports/model_entries/2041-give-ġiefan.model.md:21:1
Germanic/docs/lexeme_reports/model_entries/2041-give-ġiefan.model.md:33:1	Germanic/docs/lexeme_reports/model_entries/2041-give-ġiefan.model.md:33:1	explicit_tag	Germanic/docs/lexeme_reports/model_entries/2041-give-ġiefan.model.md:33	\index[iv]{02oe@\ivlangheader{Old English}{West Saxon normalization unmarked}!giefan@\iventry{giefan}{}}	oe		giefan	giefan	comparison_form	explicit_tag	Germanic/docs/lexeme_reports/model_entries/2041-give-ġiefan.model.md:33	1	Germanic/docs/lexeme_reports/model_entries/2041-give-ġiefan.model.md:33:1
Germanic/docs/lexeme_reports/model_entries/2046-grave-grafan.model.md:21:1	Germanic/docs/lexeme_reports/model_entries/2046-grave-grafan.model.md:21:1	explicit_tag	Germanic/docs/lexeme_reports/model_entries/2046-grave-grafan.model.md:21	\index[iv]{02oe@\ivlangheader{Old English}{West Saxon normalization unmarked}!grafan@\iventry{grafan}{}}	oe		grafan	grafan	comparison_form	explicit_tag	Germanic/docs/lexeme_reports/model_entries/2046-grave-grafan.model.md:21	1	Germanic/docs/lexeme_reports/model_entries/2046-grave-grafan.model.md:21:1
Germanic/docs/lexeme_reports/model_entries/2046-grave-grafan.model.md:25:1	Germanic/docs/lexeme_reports/model_entries/2046-grave-grafan.model.md:25:1	explicit_tag	Germanic/docs/lexeme_reports/model_entries/2046-grave-grafan.model.md:25	\index[iv]{02oe@\ivlangheader{Old English}{West Saxon normalization unmarked}!grafan@\iventry{grafan}{}}	oe		grafan	grafan	target_form	explicit_tag	Germanic/docs/lexeme_reports/model_entries/2046-grave-grafan.model.md:25	1	Germanic/docs/lexeme_reports/model_entries/2046-grave-grafan.model.md:25:1
Germanic/docs/lexeme_reports/model_entries/2046-grave-grafan.model.md:29:1	Germanic/docs/lexeme_reports/model_entries/2046-grave-grafan.model.md:29:1	explicit_tag	Germanic/docs/lexeme_reports/model_entries/2046-grave-grafan.model.md:29	\index[iv]{02oe@\ivlangheader{Old English}{West Saxon normalization unmarked}!grafan@\iventry{grafan}{}}	oe		grafan	grafan	comparison_form	explicit_tag	Germanic/docs/lexeme_reports/model_entries/2046-grave-grafan.model.md:29	1	Germanic/docs/lexeme_reports/model_entries/2046-grave-grafan.model.md:29:1
Germanic/docs/lexeme_reports/model_entries/2053-hammer-hameres.model.md:21:1	Germanic/docs/lexeme_reports/model_entries/2053-hammer-hameres.model.md:21:1	explicit_tag	Germanic/docs/lexeme_reports/model_entries/2053-hammer-hameres.model.md:21	\index[iv]{03pgmc@\ivlangheader{Proto-Germanic}{}!xamaraz@\iventry{*xámaraz}{}}	pgmc		*xámaraz	xamaraz	source_protoform	explicit_tag	Germanic/docs/lexeme_reports/model_entries/2053-hammer-hameres.model.md:21	1	Germanic/docs/lexeme_reports/model_entries/2053-hammer-hameres.model.md:21:1
Germanic/docs/lexeme_reports/model_entries/2053-hammer-hameres.model.md:22:2	Germanic/docs/lexeme_reports/model_entries/2053-hammer-hameres.model.md:22:2	explicit_tag	Germanic/docs/lexeme_reports/model_entries/2053-hammer-hameres.model.md:22	\index[iv]{02oe@\ivlangheader{Old English}{West Saxon normalization unmarked}!hamer@\iventry{hamer}{}}	oe		hamer	hamer	comparison_form	explicit_tag	Germanic/docs/lexeme_reports/model_entries/2053-hammer-hameres.model.md:22	1	Germanic/docs/lexeme_reports/model_entries/2053-hammer-hameres.model.md:22:2
Germanic/docs/lexeme_reports/model_entries/2053-hammer-hameres.model.md:22:1	Germanic/docs/lexeme_reports/model_entries/2053-hammer-hameres.model.md:22:1	explicit_tag	Germanic/docs/lexeme_reports/model_entries/2053-hammer-hameres.model.md:22	\index[iv]{02oe@\ivlangheader{Old English}{West Saxon normalization unmarked}!hamor@\iventry{hamor}{}}	oe		hamor	hamor	comparison_form	explicit_tag	Germanic/docs/lexeme_reports/model_entries/2053-hammer-hameres.model.md:22	1	Germanic/docs/lexeme_reports/model_entries/2053-hammer-hameres.model.md:22:1
Germanic/docs/lexeme_reports/model_entries/2053-hammer-hameres.model.md:23:1	Germanic/docs/lexeme_reports/model_entries/2053-hammer-hameres.model.md:23:1	explicit_tag	Germanic/docs/lexeme_reports/model_entries/2053-hammer-hameres.model.md:23	\index[iv]{03pgmc@\ivlangheader{Proto-Germanic}{}!xamaras@\iventry{*xámaras}{}}	pgmc		*xámaras	xamaras	selected_input	explicit_tag	Germanic/docs/lexeme_reports/model_entries/2053-hammer-hameres.model.md:23	1	Germanic/docs/lexeme_reports/model_entries/2053-hammer-hameres.model.md:23:1
Germanic/docs/lexeme_reports/model_entries/2053-hammer-hameres.model.md:32:1	Germanic/docs/lexeme_reports/model_entries/2053-hammer-hameres.model.md:32:1	explicit_tag	Germanic/docs/lexeme_reports/model_entries/2053-hammer-hameres.model.md:32	\index[iv]{02oe@\ivlangheader{Old English}{West Saxon normalization unmarked}!hameres@\iventry{hameres}{}}	oe		hameres	hameres	target_form	explicit_tag	Germanic/docs/lexeme_reports/model_entries/2053-hammer-hameres.model.md:32	1	Germanic/docs/lexeme_reports/model_entries/2053-hammer-hameres.model.md:32:1
Germanic/docs/lexeme_reports/model_entries/2053-hammer-hameres.model.md:34:1	Germanic/docs/lexeme_reports/model_entries/2053-hammer-hameres.model.md:34:1	explicit_tag	Germanic/docs/lexeme_reports/model_entries/2053-hammer-hameres.model.md:34	\index[iv]{02oe@\ivlangheader{Old English}{West Saxon normalization unmarked}!hamer@\iventry{hamer}{}}	oe		hamer	hamer	comparison_form	explicit_tag	Germanic/docs/lexeme_reports/model_entries/2053-hammer-hameres.model.md:34	1	Germanic/docs/lexeme_reports/model_entries/2053-hammer-hameres.model.md:34:1
Germanic/docs/lexeme_reports/model_entries/2053-hammer-hameres.model.md:34:2	Germanic/docs/lexeme_reports/model_entries/2053-hammer-hameres.model.md:34:2	explicit_tag	Germanic/docs/lexeme_reports/model_entries/2053-hammer-hameres.model.md:34	\index[iv]{02oe@\ivlangheader{Old English}{West Saxon normalization unmarked}!hamor@\iventry{hamor}{}}	oe		hamor	hamor	comparison_form	explicit_tag	Germanic/docs/lexeme_reports/model_entries/2053-hammer-hameres.model.md:34	1	Germanic/docs/lexeme_reports/model_entries/2053-hammer-hameres.model.md:34:2
Germanic/docs/lexeme_reports/model_entries/2053-hammer-hameres.model.md:36:1	Germanic/docs/lexeme_reports/model_entries/2053-hammer-hameres.model.md:36:1	explicit_tag	Germanic/docs/lexeme_reports/model_entries/2053-hammer-hameres.model.md:36	\index[iv]{02oe@\ivlangheader{Old English}{West Saxon normalization unmarked}!hamor@\iventry{hamor}{}}	oe		hamor	hamor	comparison_form	explicit_tag	Germanic/docs/lexeme_reports/model_entries/2053-hammer-hameres.model.md:36	1	Germanic/docs/lexeme_reports/model_entries/2053-hammer-hameres.model.md:36:1
Germanic/docs/lexeme_reports/model_entries/2053-hammer-hameres.model.md:36:2	Germanic/docs/lexeme_reports/model_entries/2053-hammer-hameres.model.md:36:2	explicit_tag	Germanic/docs/lexeme_reports/model_entries/2053-hammer-hameres.model.md:36	\index[iv]{02oe@\ivlangheader{Old English}{West Saxon normalization unmarked}!hamores@\iventry{hamores}{}}	oe		hamores	hamores	comparison_form	explicit_tag	Germanic/docs/lexeme_reports/model_entries/2053-hammer-hameres.model.md:36	1	Germanic/docs/lexeme_reports/model_entries/2053-hammer-hameres.model.md:36:2
Germanic/docs/lexeme_reports/model_entries/2053-hammer-hameres.model.md:38:1	Germanic/docs/lexeme_reports/model_entries/2053-hammer-hameres.model.md:38:1	explicit_tag	Germanic/docs/lexeme_reports/model_entries/2053-hammer-hameres.model.md:38	\index[iv]{02oe@\ivlangheader{Old English}{West Saxon normalization unmarked}!hameres@\iventry{hameres}{}}	oe		hameres	hameres	target_form	explicit_tag	Germanic/docs/lexeme_reports/model_entries/2053-hammer-hameres.model.md:38	1	Germanic/docs/lexeme_reports/model_entries/2053-hammer-hameres.model.md:38:1
Germanic/docs/lexeme_reports/model_entries/2053-hammer-hameres.model.md:42:1	Germanic/docs/lexeme_reports/model_entries/2053-hammer-hameres.model.md:42:1	explicit_tag	Germanic/docs/lexeme_reports/model_entries/2053-hammer-hameres.model.md:42	\index[iv]{03pgmc@\ivlangheader{Proto-Germanic}{}!xamaras@\iventry{*xámaras}{}}	pgmc		*xámaras	xamaras	selected_input	explicit_tag	Germanic/docs/lexeme_reports/model_entries/2053-hammer-hameres.model.md:42	1	Germanic/docs/lexeme_reports/model_entries/2053-hammer-hameres.model.md:42:1
Germanic/docs/lexeme_reports/model_entries/2053-hammer-hameres.model.md:43:1	Germanic/docs/lexeme_reports/model_entries/2053-hammer-hameres.model.md:43:1	explicit_tag	Germanic/docs/lexeme_reports/model_entries/2053-hammer-hameres.model.md:43	\index[iv]{02oe@\ivlangheader{Old English}{West Saxon normalization unmarked}!hameres@\iventry{hameres}{}}	oe		hameres	hameres	target_form	explicit_tag	Germanic/docs/lexeme_reports/model_entries/2053-hammer-hameres.model.md:43	1	Germanic/docs/lexeme_reports/model_entries/2053-hammer-hameres.model.md:43:1
Germanic/docs/lexeme_reports/model_entries/2053-hammer-hameres.model.md:46:2	Germanic/docs/lexeme_reports/model_entries/2053-hammer-hameres.model.md:46:2	explicit_tag	Germanic/docs/lexeme_reports/model_entries/2053-hammer-hameres.model.md:46	\index[iv]{02oe@\ivlangheader{Old English}{West Saxon normalization unmarked}!hamer@\iventry{hamer}{}}	oe		hamer	hamer	comparison_form	explicit_tag	Germanic/docs/lexeme_reports/model_entries/2053-hammer-hameres.model.md:46	1	Germanic/docs/lexeme_reports/model_entries/2053-hammer-hameres.model.md:46:2
Germanic/docs/lexeme_reports/model_entries/2053-hammer-hameres.model.md:46:1	Germanic/docs/lexeme_reports/model_entries/2053-hammer-hameres.model.md:46:1	explicit_tag	Germanic/docs/lexeme_reports/model_entries/2053-hammer-hameres.model.md:46	\index[iv]{02oe@\ivlangheader{Old English}{West Saxon normalization unmarked}!hamor@\iventry{hamor}{}}	oe		hamor	hamor	comparison_form	explicit_tag	Germanic/docs/lexeme_reports/model_entries/2053-hammer-hameres.model.md:46	1	Germanic/docs/lexeme_reports/model_entries/2053-hammer-hameres.model.md:46:1
Germanic/docs/lexeme_reports/model_entries/2053-hammer-hameres.model.md:57:2	Germanic/docs/lexeme_reports/model_entries/2053-hammer-hameres.model.md:57:2	explicit_tag	Germanic/docs/lexeme_reports/model_entries/2053-hammer-hameres.model.md:57	\index[iv]{02oe@\ivlangheader{Old English}{West Saxon normalization unmarked}!hamer@\iventry{hamer}{}}	oe		hamer	hamer	comparison_form	explicit_tag	Germanic/docs/lexeme_reports/model_entries/2053-hammer-hameres.model.md:57	1	Germanic/docs/lexeme_reports/model_entries/2053-hammer-hameres.model.md:57:2
Germanic/docs/lexeme_reports/model_entries/2053-hammer-hameres.model.md:57:5	Germanic/docs/lexeme_reports/model_entries/2053-hammer-hameres.model.md:57:5	explicit_tag	Germanic/docs/lexeme_reports/model_entries/2053-hammer-hameres.model.md:57	\index[iv]{02oe@\ivlangheader{Old English}{West Saxon normalization unmarked}!hamer@\iventry{hamer}{}}	oe		hamer	hamer	comparison_form	explicit_tag	Germanic/docs/lexeme_reports/model_entries/2053-hammer-hameres.model.md:57	1	Germanic/docs/lexeme_reports/model_entries/2053-hammer-hameres.model.md:57:5
Germanic/docs/lexeme_reports/model_entries/2053-hammer-hameres.model.md:57:3	Germanic/docs/lexeme_reports/model_entries/2053-hammer-hameres.model.md:57:3	explicit_tag	Germanic/docs/lexeme_reports/model_entries/2053-hammer-hameres.model.md:57	\index[iv]{02oe@\ivlangheader{Old English}{West Saxon normalization unmarked}!hamor@\iventry{hamor}{}}	oe		hamor	hamor	comparison_form	explicit_tag	Germanic/docs/lexeme_reports/model_entries/2053-hammer-hameres.model.md:57	1	Germanic/docs/lexeme_reports/model_entries/2053-hammer-hameres.model.md:57:3
Germanic/docs/lexeme_reports/model_entries/2053-hammer-hameres.model.md:57:4	Germanic/docs/lexeme_reports/model_entries/2053-hammer-hameres.model.md:57:4	explicit_tag	Germanic/docs/lexeme_reports/model_entries/2053-hammer-hameres.model.md:57	\index[iv]{02oe@\ivlangheader{Old English}{West Saxon normalization unmarked}!hamor@\iventry{hamor}{}}	oe		hamor	hamor	comparison_form	explicit_tag	Germanic/docs/lexeme_reports/model_entries/2053-hammer-hameres.model.md:57	1	Germanic/docs/lexeme_reports/model_entries/2053-hammer-hameres.model.md:57:4
Germanic/docs/lexeme_reports/model_entries/2053-hammer-hameres.model.md:57:1	Germanic/docs/lexeme_reports/model_entries/2053-hammer-hameres.model.md:57:1	explicit_tag	Germanic/docs/lexeme_reports/model_entries/2053-hammer-hameres.model.md:57	\index[iv]{03pgmc@\ivlangheader{Proto-Germanic}{}!xamaraz@\iventry{*xámaraz}{}}	pgmc		*xámaraz	xamaraz	source_protoform	explicit_tag	Germanic/docs/lexeme_reports/model_entries/2053-hammer-hameres.model.md:57	1	Germanic/docs/lexeme_reports/model_entries/2053-hammer-hameres.model.md:57:1
Germanic/docs/lexeme_reports/model_entries/2053-hammer-hameres.model.md:58:3	Germanic/docs/lexeme_reports/model_entries/2053-hammer-hameres.model.md:58:3	explicit_tag	Germanic/docs/lexeme_reports/model_entries/2053-hammer-hameres.model.md:58	\index[iv]{02oe@\ivlangheader{Old English}{West Saxon normalization unmarked}!hameres@\iventry{hameres}{}}	oe		hameres	hameres	target_form	explicit_tag	Germanic/docs/lexeme_reports/model_entries/2053-hammer-hameres.model.md:58	1	Germanic/docs/lexeme_reports/model_entries/2053-hammer-hameres.model.md:58:3
Germanic/docs/lexeme_reports/model_entries/2053-hammer-hameres.model.md:58:1	Germanic/docs/lexeme_reports/model_entries/2053-hammer-hameres.model.md:58:1	explicit_tag	Germanic/docs/lexeme_reports/model_entries/2053-hammer-hameres.model.md:58	\index[iv]{03pgmc@\ivlangheader{Proto-Germanic}{}!xamaras@\iventry{*xámaras}{}}	pgmc		*xámaras	xamaras	selected_input	explicit_tag	Germanic/docs/lexeme_reports/model_entries/2053-hammer-hameres.model.md:58	1	Germanic/docs/lexeme_reports/model_entries/2053-hammer-hameres.model.md:58:1
Germanic/docs/lexeme_reports/model_entries/2053-hammer-hameres.model.md:59:1	Germanic/docs/lexeme_reports/model_entries/2053-hammer-hameres.model.md:59:1	explicit_tag	Germanic/docs/lexeme_reports/model_entries/2053-hammer-hameres.model.md:59	\index[iv]{02oe@\ivlangheader{Old English}{West Saxon normalization unmarked}!hamores@\iventry{hamores}{}}	oe		hamores	hamores	comparison_form	explicit_tag	Germanic/docs/lexeme_reports/model_entries/2053-hammer-hameres.model.md:59	1	Germanic/docs/lexeme_reports/model_entries/2053-hammer-hameres.model.md:59:1
Germanic/docs/lexeme_reports/model_entries/2053-hammer-hameres.model.md:59:2	Germanic/docs/lexeme_reports/model_entries/2053-hammer-hameres.model.md:59:2	explicit_tag	Germanic/docs/lexeme_reports/model_entries/2053-hammer-hameres.model.md:59	\index[iv]{02oe@\ivlangheader{Old English}{West Saxon normalization unmarked}!hamores@\iventry{hamores}{}}	oe		hamores	hamores	comparison_form	explicit_tag	Germanic/docs/lexeme_reports/model_entries/2053-hammer-hameres.model.md:59	1	Germanic/docs/lexeme_reports/model_entries/2053-hammer-hameres.model.md:59:2
Germanic/docs/lexeme_reports/model_entries/2058-have-hæfeþ.model.md:22:2	Germanic/docs/lexeme_reports/model_entries/2058-have-hæfeþ.model.md:22:2	explicit_tag	Germanic/docs/lexeme_reports/model_entries/2058-have-hæfeþ.model.md:22	\index[iv]{02oe@\ivlangheader{Old English}{West Saxon normalization unmarked}!habban@\iventry{habban}{}}	oe		habban	habban	comparison_form	explicit_tag	Germanic/docs/lexeme_reports/model_entries/2058-have-hæfeþ.model.md:22	1	Germanic/docs/lexeme_reports/model_entries/2058-have-hæfeþ.model.md:22:2
Germanic/docs/lexeme_reports/model_entries/2058-have-hæfeþ.model.md:22:1	Germanic/docs/lexeme_reports/model_entries/2058-have-hæfeþ.model.md:22:1	explicit_tag	Germanic/docs/lexeme_reports/model_entries/2058-have-hæfeþ.model.md:22	\index[iv]{03pgmc@\ivlangheader{Proto-Germanic}{}!xabena@\iventry{*xabēną}{}}	pgmc		*xabēną	xabena	source_protoform	explicit_tag	Germanic/docs/lexeme_reports/model_entries/2058-have-hæfeþ.model.md:22	1	Germanic/docs/lexeme_reports/model_entries/2058-have-hæfeþ.model.md:22:1
Germanic/docs/lexeme_reports/model_entries/2058-have-hæfeþ.model.md:28:1	Germanic/docs/lexeme_reports/model_entries/2058-have-hæfeþ.model.md:28:1	explicit_tag	Germanic/docs/lexeme_reports/model_entries/2058-have-hæfeþ.model.md:28	\index[iv]{03pgmc@\ivlangheader{Proto-Germanic}{}!xabethi@\iventry{*xábēθi}{}}	pgmc		*xábēθi	xabethi	selected_input	explicit_tag	Germanic/docs/lexeme_reports/model_entries/2058-have-hæfeþ.model.md:28	1	Germanic/docs/lexeme_reports/model_entries/2058-have-hæfeþ.model.md:28:1
Germanic/docs/lexeme_reports/model_entries/2058-have-hæfeþ.model.md:34:1	Germanic/docs/lexeme_reports/model_entries/2058-have-hæfeþ.model.md:34:1	explicit_tag	Germanic/docs/lexeme_reports/model_entries/2058-have-hæfeþ.model.md:34	\index[iv]{02oe@\ivlangheader{Old English}{West Saxon normalization unmarked}!habban@\iventry{habban}{}}	oe		habban	habban	comparison_form	explicit_tag	Germanic/docs/lexeme_reports/model_entries/2058-have-hæfeþ.model.md:34	1	Germanic/docs/lexeme_reports/model_entries/2058-have-hæfeþ.model.md:34:1
Germanic/docs/lexeme_reports/model_entries/2058-have-hæfeþ.model.md:35:1	Germanic/docs/lexeme_reports/model_entries/2058-have-hæfeþ.model.md:35:1	explicit_tag	Germanic/docs/lexeme_reports/model_entries/2058-have-hæfeþ.model.md:35	\index[iv]{02oe@\ivlangheader{Old English}{West Saxon normalization unmarked}!haefed~04@\iventry{hæfed}{Angl.}}	oe	angl	hæfed	haefed	comparison_form	explicit_tag	Germanic/docs/lexeme_reports/model_entries/2058-have-hæfeþ.model.md:35	1	Germanic/docs/lexeme_reports/model_entries/2058-have-hæfeþ.model.md:35:1
Germanic/docs/lexeme_reports/model_entries/2058-have-hæfeþ.model.md:37:1	Germanic/docs/lexeme_reports/model_entries/2058-have-hæfeþ.model.md:37:1	explicit_tag	Germanic/docs/lexeme_reports/model_entries/2058-have-hæfeþ.model.md:37	\index[iv]{02oe@\ivlangheader{Old English}{West Saxon normalization unmarked}!haefeth@\iventry{hæfeþ}{}}	oe		hæfeþ	haefeth	target_form	explicit_tag	Germanic/docs/lexeme_reports/model_entries/2058-have-hæfeþ.model.md:37	1	Germanic/docs/lexeme_reports/model_entries/2058-have-hæfeþ.model.md:37:1
Germanic/docs/lexeme_reports/model_entries/2058-have-hæfeþ.model.md:41:1	Germanic/docs/lexeme_reports/model_entries/2058-have-hæfeþ.model.md:41:1	explicit_tag	Germanic/docs/lexeme_reports/model_entries/2058-have-hæfeþ.model.md:41	\index[iv]{02oe@\ivlangheader{Old English}{West Saxon normalization unmarked}!habban@\iventry{habban}{}}	oe		habban	habban	comparison_form	explicit_tag	Germanic/docs/lexeme_reports/model_entries/2058-have-hæfeþ.model.md:41	1	Germanic/docs/lexeme_reports/model_entries/2058-have-hæfeþ.model.md:41:1
Germanic/docs/lexeme_reports/model_entries/2058-have-hæfeþ.model.md:45:2	Germanic/docs/lexeme_reports/model_entries/2058-have-hæfeþ.model.md:45:2	explicit_tag	Germanic/docs/lexeme_reports/model_entries/2058-have-hæfeþ.model.md:45	\index[iv]{02oe@\ivlangheader{Old English}{West Saxon normalization unmarked}!haefeth@\iventry{hæfeþ}{}}	oe		hæfeþ	haefeth	target_form	explicit_tag	Germanic/docs/lexeme_reports/model_entries/2058-have-hæfeþ.model.md:45	1	Germanic/docs/lexeme_reports/model_entries/2058-have-hæfeþ.model.md:45:2
Germanic/docs/lexeme_reports/model_entries/2058-have-hæfeþ.model.md:45:1	Germanic/docs/lexeme_reports/model_entries/2058-have-hæfeþ.model.md:45:1	explicit_tag	Germanic/docs/lexeme_reports/model_entries/2058-have-hæfeþ.model.md:45	\index[iv]{03pgmc@\ivlangheader{Proto-Germanic}{}!xabethi@\iventry{*xábēθi}{}}	pgmc		*xábēθi	xabethi	selected_input	explicit_tag	Germanic/docs/lexeme_reports/model_entries/2058-have-hæfeþ.model.md:45	1	Germanic/docs/lexeme_reports/model_entries/2058-have-hæfeþ.model.md:45:1
Germanic/docs/lexeme_reports/model_entries/2058-have-hæfeþ.model.md:46:1	Germanic/docs/lexeme_reports/model_entries/2058-have-hæfeþ.model.md:46:1	explicit_tag	Germanic/docs/lexeme_reports/model_entries/2058-have-hæfeþ.model.md:46	\index[iv]{02oe@\ivlangheader{Old English}{West Saxon normalization unmarked}!habban@\iventry{habban}{}}	oe		habban	habban	comparison_form	explicit_tag	Germanic/docs/lexeme_reports/model_entries/2058-have-hæfeþ.model.md:46	1	Germanic/docs/lexeme_reports/model_entries/2058-have-hæfeþ.model.md:46:1
Germanic/docs/lexeme_reports/model_entries/2058-have-hæfeþ.model.md:48:2	Germanic/docs/lexeme_reports/model_entries/2058-have-hæfeþ.model.md:48:2	explicit_tag	Germanic/docs/lexeme_reports/model_entries/2058-have-hæfeþ.model.md:48	\index[iv]{02oe@\ivlangheader{Old English}{West Saxon normalization unmarked}!haefed@\iventry{hæfed}{}}	oe		hæfed	haefed	comparison_form	explicit_tag	Germanic/docs/lexeme_reports/model_entries/2058-have-hæfeþ.model.md:48	1	Germanic/docs/lexeme_reports/model_entries/2058-have-hæfeþ.model.md:48:2
Germanic/docs/lexeme_reports/model_entries/2058-have-hæfeþ.model.md:48:1	Germanic/docs/lexeme_reports/model_entries/2058-have-hæfeþ.model.md:48:1	explicit_tag	Germanic/docs/lexeme_reports/model_entries/2058-have-hæfeþ.model.md:48	\index[iv]{02oe@\ivlangheader{Old English}{West Saxon normalization unmarked}!haefeth@\iventry{hæfeþ}{}}	oe		hæfeþ	haefeth	target_form	explicit_tag	Germanic/docs/lexeme_reports/model_entries/2058-have-hæfeþ.model.md:48	1	Germanic/docs/lexeme_reports/model_entries/2058-have-hæfeþ.model.md:48:1
Germanic/docs/lexeme_reports/model_entries/2058-have-hæfeþ.model.md:50:1	Germanic/docs/lexeme_reports/model_entries/2058-have-hæfeþ.model.md:50:1	explicit_tag	Germanic/docs/lexeme_reports/model_entries/2058-have-hæfeþ.model.md:50	\index[iv]{02oe@\ivlangheader{Old English}{West Saxon normalization unmarked}!habban@\iventry{habban}{}}	oe		habban	habban	comparison_form	explicit_tag	Germanic/docs/lexeme_reports/model_entries/2058-have-hæfeþ.model.md:50	1	Germanic/docs/lexeme_reports/model_entries/2058-have-hæfeþ.model.md:50:1
Germanic/docs/lexeme_reports/model_entries/2058-have-hæfeþ.model.md:61:2	Germanic/docs/lexeme_reports/model_entries/2058-have-hæfeþ.model.md:61:2	explicit_tag	Germanic/docs/lexeme_reports/model_entries/2058-have-hæfeþ.model.md:61	\index[iv]{02oe@\ivlangheader{Old English}{West Saxon normalization unmarked}!habban@\iventry{habban}{}}	oe		habban	habban	comparison_form	explicit_tag	Germanic/docs/lexeme_reports/model_entries/2058-have-hæfeþ.model.md:61	1	Germanic/docs/lexeme_reports/model_entries/2058-have-hæfeþ.model.md:61:2
Germanic/docs/lexeme_reports/model_entries/2058-have-hæfeþ.model.md:61:3	Germanic/docs/lexeme_reports/model_entries/2058-have-hæfeþ.model.md:61:3	explicit_tag	Germanic/docs/lexeme_reports/model_entries/2058-have-hæfeþ.model.md:61	\index[iv]{02oe@\ivlangheader{Old English}{West Saxon normalization unmarked}!habban@\iventry{habban}{}}	oe		habban	habban	comparison_form	explicit_tag	Germanic/docs/lexeme_reports/model_entries/2058-have-hæfeþ.model.md:61	1	Germanic/docs/lexeme_reports/model_entries/2058-have-hæfeþ.model.md:61:3
Germanic/docs/lexeme_reports/model_entries/2058-have-hæfeþ.model.md:61:1	Germanic/docs/lexeme_reports/model_entries/2058-have-hæfeþ.model.md:61:1	explicit_tag	Germanic/docs/lexeme_reports/model_entries/2058-have-hæfeþ.model.md:61	\index[iv]{03pgmc@\ivlangheader{Proto-Germanic}{}!xabena@\iventry{*xabēną}{}}	pgmc		*xabēną	xabena	source_protoform	explicit_tag	Germanic/docs/lexeme_reports/model_entries/2058-have-hæfeþ.model.md:61	1	Germanic/docs/lexeme_reports/model_entries/2058-have-hæfeþ.model.md:61:1
Germanic/docs/lexeme_reports/model_entries/2058-have-hæfeþ.model.md:62:3	Germanic/docs/lexeme_reports/model_entries/2058-have-hæfeþ.model.md:62:3	explicit_tag	Germanic/docs/lexeme_reports/model_entries/2058-have-hæfeþ.model.md:62	\index[iv]{02oe@\ivlangheader{Old English}{West Saxon normalization unmarked}!haefeth@\iventry{hæfeþ}{}}	oe		hæfeþ	haefeth	target_form	explicit_tag	Germanic/docs/lexeme_reports/model_entries/2058-have-hæfeþ.model.md:62	1	Germanic/docs/lexeme_reports/model_entries/2058-have-hæfeþ.model.md:62:3
Germanic/docs/lexeme_reports/model_entries/2058-have-hæfeþ.model.md:62:1	Germanic/docs/lexeme_reports/model_entries/2058-have-hæfeþ.model.md:62:1	explicit_tag	Germanic/docs/lexeme_reports/model_entries/2058-have-hæfeþ.model.md:62	\index[iv]{03pgmc@\ivlangheader{Proto-Germanic}{}!xabethi@\iventry{*xábēθi}{}}	pgmc		*xábēθi	xabethi	selected_input	explicit_tag	Germanic/docs/lexeme_reports/model_entries/2058-have-hæfeþ.model.md:62	1	Germanic/docs/lexeme_reports/model_entries/2058-have-hæfeþ.model.md:62:1
Germanic/docs/lexeme_reports/model_entries/2058-have-hæfeþ.model.md:63:1	Germanic/docs/lexeme_reports/model_entries/2058-have-hæfeþ.model.md:63:1	explicit_tag	Germanic/docs/lexeme_reports/model_entries/2058-have-hæfeþ.model.md:63	\index[iv]{02oe@\ivlangheader{Old English}{West Saxon normalization unmarked}!haefth@\iventry{hæfþ}{}}	oe		hæfþ	haefth	comparison_form	explicit_tag	Germanic/docs/lexeme_reports/model_entries/2058-have-hæfeþ.model.md:63	1	Germanic/docs/lexeme_reports/model_entries/2058-have-hæfeþ.model.md:63:1
Germanic/docs/lexeme_reports/model_entries/2058-have-hæfeþ.model.md:63:2	Germanic/docs/lexeme_reports/model_entries/2058-have-hæfeþ.model.md:63:2	explicit_tag	Germanic/docs/lexeme_reports/model_entries/2058-have-hæfeþ.model.md:63	\index[iv]{02oe@\ivlangheader{Old English}{West Saxon normalization unmarked}!haefth@\iventry{hæfþ}{}}	oe		hæfþ	haefth	comparison_form	explicit_tag	Germanic/docs/lexeme_reports/model_entries/2058-have-hæfeþ.model.md:63	1	Germanic/docs/lexeme_reports/model_entries/2058-have-hæfeþ.model.md:63:2
Germanic/docs/lexeme_reports/model_entries/2068-heaven-heofon.model.md:100:1	Germanic/docs/lexeme_reports/model_entries/2068-heaven-heofon.model.md:100:1	explicit_tag	Germanic/docs/lexeme_reports/model_entries/2068-heaven-heofon.model.md:100	\index[iv]{03pgmc@\ivlangheader{Proto-Germanic}{}!hebunas@\iventry{*hebunas}{}}	pgmc		*hebunas	hebunas	evidence_form	explicit_tag	Germanic/docs/lexeme_reports/model_entries/2068-heaven-heofon.model.md:100	1	Germanic/docs/lexeme_reports/model_entries/2068-heaven-heofon.model.md:100:1
Germanic/docs/lexeme_reports/model_entries/2068-heaven-heofon.model.md:100:2	Germanic/docs/lexeme_reports/model_entries/2068-heaven-heofon.model.md:100:2	explicit_tag	Germanic/docs/lexeme_reports/model_entries/2068-heaven-heofon.model.md:100	\index[iv]{02oe@\ivlangheader{Old English}{West Saxon normalization unmarked}!heofones@\iventry{heofones}{}}	oe		heofones	heofones	evidence_form	explicit_tag	Germanic/docs/lexeme_reports/model_entries/2068-heaven-heofon.model.md:100	1	Germanic/docs/lexeme_reports/model_entries/2068-heaven-heofon.model.md:100:2
Germanic/docs/lexeme_reports/model_entries/2068-heaven-heofon.model.md:101:1	Germanic/docs/lexeme_reports/model_entries/2068-heaven-heofon.model.md:101:1	explicit_tag	Germanic/docs/lexeme_reports/model_entries/2068-heaven-heofon.model.md:101	\index[iv]{02oe@\ivlangheader{Old English}{West Saxon normalization unmarked}!heofnes@\iventry{heofnes}{}}	oe		heofnes	heofnes	evidence_form	explicit_tag	Germanic/docs/lexeme_reports/model_entries/2068-heaven-heofon.model.md:101	1	Germanic/docs/lexeme_reports/model_entries/2068-heaven-heofon.model.md:101:1
Germanic/docs/lexeme_reports/model_entries/2068-heaven-heofon.model.md:101:2	Germanic/docs/lexeme_reports/model_entries/2068-heaven-heofon.model.md:101:2	explicit_tag	Germanic/docs/lexeme_reports/model_entries/2068-heaven-heofon.model.md:101	\index[iv]{02oe@\ivlangheader{Old English}{West Saxon normalization unmarked}!heofnum@\iventry{heofnum}{}}	oe		heofnum	heofnum	evidence_form	explicit_tag	Germanic/docs/lexeme_reports/model_entries/2068-heaven-heofon.model.md:101	1	Germanic/docs/lexeme_reports/model_entries/2068-heaven-heofon.model.md:101:2
Germanic/docs/lexeme_reports/model_entries/2068-heaven-heofon.model.md:102:2	Germanic/docs/lexeme_reports/model_entries/2068-heaven-heofon.model.md:102:2	explicit_tag	Germanic/docs/lexeme_reports/model_entries/2068-heaven-heofon.model.md:102	\index[iv]{08on@\ivlangheader{Old Norse}{}!hifni@\iventry{hifni}{}}	on		hifni	hifni	evidence_form	explicit_tag	Germanic/docs/lexeme_reports/model_entries/2068-heaven-heofon.model.md:102	1	Germanic/docs/lexeme_reports/model_entries/2068-heaven-heofon.model.md:102:2
Germanic/docs/lexeme_reports/model_entries/2068-heaven-heofon.model.md:102:1	Germanic/docs/lexeme_reports/model_entries/2068-heaven-heofon.model.md:102:1	explicit_tag	Germanic/docs/lexeme_reports/model_entries/2068-heaven-heofon.model.md:102	\index[iv]{08on@\ivlangheader{Old Norse}{}!himinn@\iventry{himinn}{}}	on		himinn	himinn	evidence_form	explicit_tag	Germanic/docs/lexeme_reports/model_entries/2068-heaven-heofon.model.md:102	1	Germanic/docs/lexeme_reports/model_entries/2068-heaven-heofon.model.md:102:1
Germanic/docs/lexeme_reports/model_entries/2068-heaven-heofon.model.md:103:1	Germanic/docs/lexeme_reports/model_entries/2068-heaven-heofon.model.md:103:1	explicit_tag	Germanic/docs/lexeme_reports/model_entries/2068-heaven-heofon.model.md:103	\index[iv]{12os@\ivlangheader{Old Saxon}{}!heban@\iventry{heban}{}}	os		heban	heban	evidence_form	explicit_tag	Germanic/docs/lexeme_reports/model_entries/2068-heaven-heofon.model.md:103	1	Germanic/docs/lexeme_reports/model_entries/2068-heaven-heofon.model.md:103:1
Germanic/docs/lexeme_reports/model_entries/2068-heaven-heofon.model.md:103:2	Germanic/docs/lexeme_reports/model_entries/2068-heaven-heofon.model.md:103:2	explicit_tag	Germanic/docs/lexeme_reports/model_entries/2068-heaven-heofon.model.md:103	\index[iv]{12os@\ivlangheader{Old Saxon}{}!hebenes@\iventry{hebenes}{}}	os		hebenes	hebenes	evidence_form	explicit_tag	Germanic/docs/lexeme_reports/model_entries/2068-heaven-heofon.model.md:103	1	Germanic/docs/lexeme_reports/model_entries/2068-heaven-heofon.model.md:103:2
Germanic/docs/lexeme_reports/model_entries/2068-heaven-heofon.model.md:111:1	Germanic/docs/lexeme_reports/model_entries/2068-heaven-heofon.model.md:111:1	explicit_tag	Germanic/docs/lexeme_reports/model_entries/2068-heaven-heofon.model.md:111	\index[iv]{08on@\ivlangheader{Old Norse}{}!hifni@\iventry{hifni}{}}	on		hifni	hifni	evidence_form	explicit_tag	Germanic/docs/lexeme_reports/model_entries/2068-heaven-heofon.model.md:111	1	Germanic/docs/lexeme_reports/model_entries/2068-heaven-heofon.model.md:111:1
Germanic/docs/lexeme_reports/model_entries/2068-heaven-heofon.model.md:129:2	Germanic/docs/lexeme_reports/model_entries/2068-heaven-heofon.model.md:129:2	explicit_tag	Germanic/docs/lexeme_reports/model_entries/2068-heaven-heofon.model.md:129	\index[iv]{02oe@\ivlangheader{Old English}{West Saxon normalization unmarked}!hefen~06@\iventry{hefen}{North.}}	oe	north	hefen	hefen	evidence_form	explicit_tag	Germanic/docs/lexeme_reports/model_entries/2068-heaven-heofon.model.md:129	1	Germanic/docs/lexeme_reports/model_entries/2068-heaven-heofon.model.md:129:2
Germanic/docs/lexeme_reports/model_entries/2068-heaven-heofon.model.md:129:1	Germanic/docs/lexeme_reports/model_entries/2068-heaven-heofon.model.md:129:1	explicit_tag	Germanic/docs/lexeme_reports/model_entries/2068-heaven-heofon.model.md:129	\index[iv]{02oe@\ivlangheader{Old English}{West Saxon normalization unmarked}!hefun~06@\iventry{hefun}{North.}}	oe	north	hefun	hefun	evidence_form	explicit_tag	Germanic/docs/lexeme_reports/model_entries/2068-heaven-heofon.model.md:129	1	Germanic/docs/lexeme_reports/model_entries/2068-heaven-heofon.model.md:129:1
Germanic/docs/lexeme_reports/model_entries/2068-heaven-heofon.model.md:130:1	Germanic/docs/lexeme_reports/model_entries/2068-heaven-heofon.model.md:130:1	explicit_tag	Germanic/docs/lexeme_reports/model_entries/2068-heaven-heofon.model.md:130	\index[iv]{02oe@\ivlangheader{Old English}{West Saxon normalization unmarked}!heben~06@\iventry{heben}{North.}}	oe	north	heben	heben	evidence_form	explicit_tag	Germanic/docs/lexeme_reports/model_entries/2068-heaven-heofon.model.md:130	1	Germanic/docs/lexeme_reports/model_entries/2068-heaven-heofon.model.md:130:1
Germanic/docs/lexeme_reports/model_entries/2068-heaven-heofon.model.md:138:1	Germanic/docs/lexeme_reports/model_entries/2068-heaven-heofon.model.md:138:1	explicit_tag	Germanic/docs/lexeme_reports/model_entries/2068-heaven-heofon.model.md:138	\index[iv]{03pgmc@\ivlangheader{Proto-Germanic}{}!xebun@\iventry{*xébun}{}}	pgmc		*xébun	xebun	evidence_form	explicit_tag	Germanic/docs/lexeme_reports/model_entries/2068-heaven-heofon.model.md:138	1	Germanic/docs/lexeme_reports/model_entries/2068-heaven-heofon.model.md:138:1
Germanic/docs/lexeme_reports/model_entries/2068-heaven-heofon.model.md:139:1	Germanic/docs/lexeme_reports/model_entries/2068-heaven-heofon.model.md:139:1	explicit_tag	Germanic/docs/lexeme_reports/model_entries/2068-heaven-heofon.model.md:139	\index[iv]{02oe@\ivlangheader{Old English}{West Saxon normalization unmarked}!heofon@\iventry{heofon}{}}	oe		heofon	heofon	evidence_form	explicit_tag	Germanic/docs/lexeme_reports/model_entries/2068-heaven-heofon.model.md:139	1	Germanic/docs/lexeme_reports/model_entries/2068-heaven-heofon.model.md:139:1
Germanic/docs/lexeme_reports/model_entries/2068-heaven-heofon.model.md:42:1	Germanic/docs/lexeme_reports/model_entries/2068-heaven-heofon.model.md:42:1	explicit_tag	Germanic/docs/lexeme_reports/model_entries/2068-heaven-heofon.model.md:42	\index[iv]{03pgmc@\ivlangheader{Proto-Germanic}{}!hebun@\iventry{*hebun}{}}	pgmc		*hebun	hebun	comparison_form	explicit_tag	Germanic/docs/lexeme_reports/model_entries/2068-heaven-heofon.model.md:42	1	Germanic/docs/lexeme_reports/model_entries/2068-heaven-heofon.model.md:42:1
Germanic/docs/lexeme_reports/model_entries/2068-heaven-heofon.model.md:43:1	Germanic/docs/lexeme_reports/model_entries/2068-heaven-heofon.model.md:43:1	explicit_tag	Germanic/docs/lexeme_reports/model_entries/2068-heaven-heofon.model.md:43	\index[iv]{03pgmc@\ivlangheader{Proto-Germanic}{}!hebunas@\iventry{*hebunas}{}}	pgmc		*hebunas	hebunas	comparison_form	explicit_tag	Germanic/docs/lexeme_reports/model_entries/2068-heaven-heofon.model.md:43	1	Germanic/docs/lexeme_reports/model_entries/2068-heaven-heofon.model.md:43:1
Germanic/docs/lexeme_reports/model_entries/2068-heaven-heofon.model.md:44:1	Germanic/docs/lexeme_reports/model_entries/2068-heaven-heofon.model.md:44:1	explicit_tag	Germanic/docs/lexeme_reports/model_entries/2068-heaven-heofon.model.md:44	\index[iv]{02oe@\ivlangheader{Old English}{West Saxon normalization unmarked}!heofon@\iventry{heofon}{}}	oe		heofon	heofon	evidence_form	explicit_tag	Germanic/docs/lexeme_reports/model_entries/2068-heaven-heofon.model.md:44	1	Germanic/docs/lexeme_reports/model_entries/2068-heaven-heofon.model.md:44:1
Germanic/docs/lexeme_reports/model_entries/2068-heaven-heofon.model.md:45:1	Germanic/docs/lexeme_reports/model_entries/2068-heaven-heofon.model.md:45:1	explicit_tag	Germanic/docs/lexeme_reports/model_entries/2068-heaven-heofon.model.md:45	\index[iv]{02oe@\ivlangheader{Old English}{West Saxon normalization unmarked}!heofen~05@\iventry{heofen}{Merc.}}	oe	merc	heofen	heofen	evidence_form	explicit_tag	Germanic/docs/lexeme_reports/model_entries/2068-heaven-heofon.model.md:45	1	Germanic/docs/lexeme_reports/model_entries/2068-heaven-heofon.model.md:45:1
Germanic/docs/lexeme_reports/model_entries/2068-heaven-heofon.model.md:50:1	Germanic/docs/lexeme_reports/model_entries/2068-heaven-heofon.model.md:50:1	explicit_tag	Germanic/docs/lexeme_reports/model_entries/2068-heaven-heofon.model.md:50	\index[iv]{03pgmc@\ivlangheader{Proto-Germanic}{}!hemo@\iventry{*hemō}{}}	pgmc		*hemō	hemo	evidence_form	explicit_tag	Germanic/docs/lexeme_reports/model_entries/2068-heaven-heofon.model.md:50	1	Germanic/docs/lexeme_reports/model_entries/2068-heaven-heofon.model.md:50:1
Germanic/docs/lexeme_reports/model_entries/2068-heaven-heofon.model.md:51:1	Germanic/docs/lexeme_reports/model_entries/2068-heaven-heofon.model.md:51:1	explicit_tag	Germanic/docs/lexeme_reports/model_entries/2068-heaven-heofon.model.md:51	\index[iv]{03pgmc@\ivlangheader{Proto-Germanic}{}!hemnaz@\iventry{*hemnaz}{}}	pgmc		*hemnaz	hemnaz	evidence_form	explicit_tag	Germanic/docs/lexeme_reports/model_entries/2068-heaven-heofon.model.md:51	1	Germanic/docs/lexeme_reports/model_entries/2068-heaven-heofon.model.md:51:1
Germanic/docs/lexeme_reports/model_entries/2068-heaven-heofon.model.md:55:1	Germanic/docs/lexeme_reports/model_entries/2068-heaven-heofon.model.md:55:1	explicit_tag	Germanic/docs/lexeme_reports/model_entries/2068-heaven-heofon.model.md:55	\index[iv]{08on@\ivlangheader{Old Norse}{}!himinn@\iventry{himinn}{}}	on		himinn	himinn	evidence_form	explicit_tag	Germanic/docs/lexeme_reports/model_entries/2068-heaven-heofon.model.md:55	1	Germanic/docs/lexeme_reports/model_entries/2068-heaven-heofon.model.md:55:1
Germanic/docs/lexeme_reports/model_entries/2068-heaven-heofon.model.md:56:1	Germanic/docs/lexeme_reports/model_entries/2068-heaven-heofon.model.md:56:1	explicit_tag	Germanic/docs/lexeme_reports/model_entries/2068-heaven-heofon.model.md:56	\index[iv]{08on@\ivlangheader{Old Norse}{}!hifni@\iventry{hifni}{}}	on		hifni	hifni	evidence_form	explicit_tag	Germanic/docs/lexeme_reports/model_entries/2068-heaven-heofon.model.md:56	1	Germanic/docs/lexeme_reports/model_entries/2068-heaven-heofon.model.md:56:1
Germanic/docs/lexeme_reports/model_entries/2068-heaven-heofon.model.md:57:1	Germanic/docs/lexeme_reports/model_entries/2068-heaven-heofon.model.md:57:1	explicit_tag	Germanic/docs/lexeme_reports/model_entries/2068-heaven-heofon.model.md:57	\index[iv]{12os@\ivlangheader{Old Saxon}{}!heban@\iventry{heban}{}}	os		heban	heban	evidence_form	explicit_tag	Germanic/docs/lexeme_reports/model_entries/2068-heaven-heofon.model.md:57	1	Germanic/docs/lexeme_reports/model_entries/2068-heaven-heofon.model.md:57:1
Germanic/docs/lexeme_reports/model_entries/2068-heaven-heofon.model.md:58:1	Germanic/docs/lexeme_reports/model_entries/2068-heaven-heofon.model.md:58:1	explicit_tag	Germanic/docs/lexeme_reports/model_entries/2068-heaven-heofon.model.md:58	\index[iv]{12os@\ivlangheader{Old Saxon}{}!hebenes@\iventry{hebenes}{}}	os		hebenes	hebenes	evidence_form	explicit_tag	Germanic/docs/lexeme_reports/model_entries/2068-heaven-heofon.model.md:58	1	Germanic/docs/lexeme_reports/model_entries/2068-heaven-heofon.model.md:58:1
Germanic/docs/lexeme_reports/model_entries/2068-heaven-heofon.model.md:71:1	Germanic/docs/lexeme_reports/model_entries/2068-heaven-heofon.model.md:71:1	explicit_tag	Germanic/docs/lexeme_reports/model_entries/2068-heaven-heofon.model.md:71	\index[iv]{03pgmc@\ivlangheader{Proto-Germanic}{}!hemina@\iventry{*hemina-}{}}	pgmc		*hemina-	hemina	evidence_form	explicit_tag	Germanic/docs/lexeme_reports/model_entries/2068-heaven-heofon.model.md:71	1	Germanic/docs/lexeme_reports/model_entries/2068-heaven-heofon.model.md:71:1
Germanic/docs/lexeme_reports/model_entries/2068-heaven-heofon.model.md:71:2	Germanic/docs/lexeme_reports/model_entries/2068-heaven-heofon.model.md:71:2	explicit_tag	Germanic/docs/lexeme_reports/model_entries/2068-heaven-heofon.model.md:71	\index[iv]{08on@\ivlangheader{Old Norse}{}!himinn@\iventry{himinn}{}}	on		himinn	himinn	evidence_form	explicit_tag	Germanic/docs/lexeme_reports/model_entries/2068-heaven-heofon.model.md:71	1	Germanic/docs/lexeme_reports/model_entries/2068-heaven-heofon.model.md:71:2
Germanic/docs/lexeme_reports/model_entries/2068-heaven-heofon.model.md:72:1	Germanic/docs/lexeme_reports/model_entries/2068-heaven-heofon.model.md:72:1	explicit_tag	Germanic/docs/lexeme_reports/model_entries/2068-heaven-heofon.model.md:72	\index[iv]{11goth@\ivlangheader{Gothic}{}!himins@\iventry{himins}{}}	goth		himins	himins	evidence_form	explicit_tag	Germanic/docs/lexeme_reports/model_entries/2068-heaven-heofon.model.md:72	1	Germanic/docs/lexeme_reports/model_entries/2068-heaven-heofon.model.md:72:1
Germanic/docs/lexeme_reports/model_entries/2068-heaven-heofon.model.md:95:2	Germanic/docs/lexeme_reports/model_entries/2068-heaven-heofon.model.md:95:2	explicit_tag	Germanic/docs/lexeme_reports/model_entries/2068-heaven-heofon.model.md:95	\index[iv]{02oe@\ivlangheader{Old English}{West Saxon normalization unmarked}!hemen@\iventry{hemen}{}}	oe		hemen	hemen	evidence_form	explicit_tag	Germanic/docs/lexeme_reports/model_entries/2068-heaven-heofon.model.md:95	1	Germanic/docs/lexeme_reports/model_entries/2068-heaven-heofon.model.md:95:2
Germanic/docs/lexeme_reports/model_entries/2068-heaven-heofon.model.md:95:1	Germanic/docs/lexeme_reports/model_entries/2068-heaven-heofon.model.md:95:1	explicit_tag	Germanic/docs/lexeme_reports/model_entries/2068-heaven-heofon.model.md:95	\index[iv]{03pgmc@\ivlangheader{Proto-Germanic}{}!xemenaz@\iventry{*xémenaz}{}}	pgmc		*xémenaz	xemenaz	evidence_form	explicit_tag	Germanic/docs/lexeme_reports/model_entries/2068-heaven-heofon.model.md:95	1	Germanic/docs/lexeme_reports/model_entries/2068-heaven-heofon.model.md:95:1
Germanic/docs/lexeme_reports/model_entries/2068-heaven-heofon.model.md:96:2	Germanic/docs/lexeme_reports/model_entries/2068-heaven-heofon.model.md:96:2	explicit_tag	Germanic/docs/lexeme_reports/model_entries/2068-heaven-heofon.model.md:96	\index[iv]{02oe@\ivlangheader{Old English}{West Saxon normalization unmarked}!hefnes@\iventry{hefnes}{}}	oe		hefnes	hefnes	evidence_form	explicit_tag	Germanic/docs/lexeme_reports/model_entries/2068-heaven-heofon.model.md:96	1	Germanic/docs/lexeme_reports/model_entries/2068-heaven-heofon.model.md:96:2
Germanic/docs/lexeme_reports/model_entries/2068-heaven-heofon.model.md:96:1	Germanic/docs/lexeme_reports/model_entries/2068-heaven-heofon.model.md:96:1	explicit_tag	Germanic/docs/lexeme_reports/model_entries/2068-heaven-heofon.model.md:96	\index[iv]{03pgmc@\ivlangheader{Proto-Germanic}{}!xemnas@\iventry{*xémnas}{}}	pgmc		*xémnas	xemnas	evidence_form	explicit_tag	Germanic/docs/lexeme_reports/model_entries/2068-heaven-heofon.model.md:96	1	Germanic/docs/lexeme_reports/model_entries/2068-heaven-heofon.model.md:96:1
Germanic/docs/lexeme_reports/model_entries/2068-heaven-heofon.model.md:97:2	Germanic/docs/lexeme_reports/model_entries/2068-heaven-heofon.model.md:97:2	explicit_tag	Germanic/docs/lexeme_reports/model_entries/2068-heaven-heofon.model.md:97	\index[iv]{02oe@\ivlangheader{Old English}{West Saxon normalization unmarked}!hifn@\iventry{hifn}{}}	oe		hifn	hifn	evidence_form	explicit_tag	Germanic/docs/lexeme_reports/model_entries/2068-heaven-heofon.model.md:97	1	Germanic/docs/lexeme_reports/model_entries/2068-heaven-heofon.model.md:97:2
Germanic/docs/lexeme_reports/model_entries/2068-heaven-heofon.model.md:97:3	Germanic/docs/lexeme_reports/model_entries/2068-heaven-heofon.model.md:97:3	explicit_tag	Germanic/docs/lexeme_reports/model_entries/2068-heaven-heofon.model.md:97	\index[iv]{08on@\ivlangheader{Old Norse}{}!hifni@\iventry{hifni}{}}	on		hifni	hifni	evidence_form	explicit_tag	Germanic/docs/lexeme_reports/model_entries/2068-heaven-heofon.model.md:97	1	Germanic/docs/lexeme_reports/model_entries/2068-heaven-heofon.model.md:97:3
Germanic/docs/lexeme_reports/model_entries/2068-heaven-heofon.model.md:97:1	Germanic/docs/lexeme_reports/model_entries/2068-heaven-heofon.model.md:97:1	explicit_tag	Germanic/docs/lexeme_reports/model_entries/2068-heaven-heofon.model.md:97	\index[iv]{03pgmc@\ivlangheader{Proto-Germanic}{}!xemni@\iventry{*xémni}{}}	pgmc		*xémni	xemni	evidence_form	explicit_tag	Germanic/docs/lexeme_reports/model_entries/2068-heaven-heofon.model.md:97	1	Germanic/docs/lexeme_reports/model_entries/2068-heaven-heofon.model.md:97:1
Germanic/docs/lexeme_reports/model_entries/2068-heaven-heofon.model.md:98:2	Germanic/docs/lexeme_reports/model_entries/2068-heaven-heofon.model.md:98:2	explicit_tag	Germanic/docs/lexeme_reports/model_entries/2068-heaven-heofon.model.md:98	\index[iv]{02oe@\ivlangheader{Old English}{West Saxon normalization unmarked}!hefnum@\iventry{hefnum}{}}	oe		hefnum	hefnum	evidence_form	explicit_tag	Germanic/docs/lexeme_reports/model_entries/2068-heaven-heofon.model.md:98	1	Germanic/docs/lexeme_reports/model_entries/2068-heaven-heofon.model.md:98:2
Germanic/docs/lexeme_reports/model_entries/2068-heaven-heofon.model.md:98:1	Germanic/docs/lexeme_reports/model_entries/2068-heaven-heofon.model.md:98:1	explicit_tag	Germanic/docs/lexeme_reports/model_entries/2068-heaven-heofon.model.md:98	\index[iv]{03pgmc@\ivlangheader{Proto-Germanic}{}!xemnum@\iventry{*xémnum}{}}	pgmc		*xémnum	xemnum	evidence_form	explicit_tag	Germanic/docs/lexeme_reports/model_entries/2068-heaven-heofon.model.md:98	1	Germanic/docs/lexeme_reports/model_entries/2068-heaven-heofon.model.md:98:1
Germanic/docs/lexeme_reports/model_entries/2068-heaven-heofon.model.md:99:2	Germanic/docs/lexeme_reports/model_entries/2068-heaven-heofon.model.md:99:2	explicit_tag	Germanic/docs/lexeme_reports/model_entries/2068-heaven-heofon.model.md:99	\index[iv]{02oe@\ivlangheader{Old English}{West Saxon normalization unmarked}!heofon@\iventry{heofon}{}}	oe		heofon	heofon	evidence_form	explicit_tag	Germanic/docs/lexeme_reports/model_entries/2068-heaven-heofon.model.md:99	1	Germanic/docs/lexeme_reports/model_entries/2068-heaven-heofon.model.md:99:2
Germanic/docs/lexeme_reports/model_entries/2068-heaven-heofon.model.md:99:1	Germanic/docs/lexeme_reports/model_entries/2068-heaven-heofon.model.md:99:1	explicit_tag	Germanic/docs/lexeme_reports/model_entries/2068-heaven-heofon.model.md:99	\index[iv]{03pgmc@\ivlangheader{Proto-Germanic}{}!xebun@\iventry{*xébun}{}}	pgmc		*xébun	xebun	evidence_form	explicit_tag	Germanic/docs/lexeme_reports/model_entries/2068-heaven-heofon.model.md:99	1	Germanic/docs/lexeme_reports/model_entries/2068-heaven-heofon.model.md:99:1
Germanic/docs/lexeme_reports/model_entries/2070-helm-helm.model.md:25:1	Germanic/docs/lexeme_reports/model_entries/2070-helm-helm.model.md:25:1	explicit_tag	Germanic/docs/lexeme_reports/model_entries/2070-helm-helm.model.md:25	\index[iv]{02oe@\ivlangheader{Old English}{West Saxon normalization unmarked}!helm@\iventry{helm}{}}	oe		helm	helm	comparison_form	explicit_tag	Germanic/docs/lexeme_reports/model_entries/2070-helm-helm.model.md:25	1	Germanic/docs/lexeme_reports/model_entries/2070-helm-helm.model.md:25:1
Germanic/docs/lexeme_reports/model_entries/2070-helm-helm.model.md:25:2	Germanic/docs/lexeme_reports/model_entries/2070-helm-helm.model.md:25:2	explicit_tag	Germanic/docs/lexeme_reports/model_entries/2070-helm-helm.model.md:25	\index[iv]{02oe@\ivlangheader{Old English}{West Saxon normalization unmarked}!helma@\iventry{helma}{}}	oe		helma	helma	comparison_form	explicit_tag	Germanic/docs/lexeme_reports/model_entries/2070-helm-helm.model.md:25	1	Germanic/docs/lexeme_reports/model_entries/2070-helm-helm.model.md:25:2
Germanic/docs/lexeme_reports/model_entries/2070-helm-helm.model.md:29:1	Germanic/docs/lexeme_reports/model_entries/2070-helm-helm.model.md:29:1	explicit_tag	Germanic/docs/lexeme_reports/model_entries/2070-helm-helm.model.md:29	\index[iv]{02oe@\ivlangheader{Old English}{West Saxon normalization unmarked}!helm@\iventry{helm}{}}	oe		helm	helm	comparison_form	explicit_tag	Germanic/docs/lexeme_reports/model_entries/2070-helm-helm.model.md:29	1	Germanic/docs/lexeme_reports/model_entries/2070-helm-helm.model.md:29:1
Germanic/docs/lexeme_reports/model_entries/2070-helm-helm.model.md:33:1	Germanic/docs/lexeme_reports/model_entries/2070-helm-helm.model.md:33:1	explicit_tag	Germanic/docs/lexeme_reports/model_entries/2070-helm-helm.model.md:33	\index[iv]{02oe@\ivlangheader{Old English}{West Saxon normalization unmarked}!helma@\iventry{helma}{}}	oe		helma	helma	comparison_form	explicit_tag	Germanic/docs/lexeme_reports/model_entries/2070-helm-helm.model.md:33	1	Germanic/docs/lexeme_reports/model_entries/2070-helm-helm.model.md:33:1
Germanic/docs/lexeme_reports/model_entries/2071-help-helpan.model.md:21:1	Germanic/docs/lexeme_reports/model_entries/2071-help-helpan.model.md:21:1	explicit_tag	Germanic/docs/lexeme_reports/model_entries/2071-help-helpan.model.md:21	\index[iv]{02oe@\ivlangheader{Old English}{West Saxon normalization unmarked}!help@\iventry{help}{}}	oe		help	help	comparison_form	explicit_tag	Germanic/docs/lexeme_reports/model_entries/2071-help-helpan.model.md:21	1	Germanic/docs/lexeme_reports/model_entries/2071-help-helpan.model.md:21:1
Germanic/docs/lexeme_reports/model_entries/2071-help-helpan.model.md:25:1	Germanic/docs/lexeme_reports/model_entries/2071-help-helpan.model.md:25:1	explicit_tag	Germanic/docs/lexeme_reports/model_entries/2071-help-helpan.model.md:25	\index[iv]{02oe@\ivlangheader{Old English}{West Saxon normalization unmarked}!helpan@\iventry{helpan}{}}	oe		helpan	helpan	comparison_form	explicit_tag	Germanic/docs/lexeme_reports/model_entries/2071-help-helpan.model.md:25	1	Germanic/docs/lexeme_reports/model_entries/2071-help-helpan.model.md:25:1
Germanic/docs/lexeme_reports/model_entries/2071-help-helpan.model.md:29:1	Germanic/docs/lexeme_reports/model_entries/2071-help-helpan.model.md:29:1	explicit_tag	Germanic/docs/lexeme_reports/model_entries/2071-help-helpan.model.md:29	\index[iv]{02oe@\ivlangheader{Old English}{West Saxon normalization unmarked}!helpan@\iventry{helpan}{}}	oe		helpan	helpan	comparison_form	explicit_tag	Germanic/docs/lexeme_reports/model_entries/2071-help-helpan.model.md:29	1	Germanic/docs/lexeme_reports/model_entries/2071-help-helpan.model.md:29:1
Germanic/docs/lexeme_reports/model_entries/2071-help-helpan.model.md:33:1	Germanic/docs/lexeme_reports/model_entries/2071-help-helpan.model.md:33:1	explicit_tag	Germanic/docs/lexeme_reports/model_entries/2071-help-helpan.model.md:33	\index[iv]{02oe@\ivlangheader{Old English}{West Saxon normalization unmarked}!help@\iventry{help}{}}	oe		help	help	comparison_form	explicit_tag	Germanic/docs/lexeme_reports/model_entries/2071-help-helpan.model.md:33	1	Germanic/docs/lexeme_reports/model_entries/2071-help-helpan.model.md:33:1
Germanic/docs/lexeme_reports/model_entries/2071-help-helpan.model.md:33:2	Germanic/docs/lexeme_reports/model_entries/2071-help-helpan.model.md:33:2	explicit_tag	Germanic/docs/lexeme_reports/model_entries/2071-help-helpan.model.md:33	\index[iv]{02oe@\ivlangheader{Old English}{West Saxon normalization unmarked}!helpan@\iventry{helpan}{}}	oe		helpan	helpan	comparison_form	explicit_tag	Germanic/docs/lexeme_reports/model_entries/2071-help-helpan.model.md:33	1	Germanic/docs/lexeme_reports/model_entries/2071-help-helpan.model.md:33:2
Germanic/docs/lexeme_reports/model_entries/2075-hind-hind.model.md:25:1	Germanic/docs/lexeme_reports/model_entries/2075-hind-hind.model.md:25:1	explicit_tag	Germanic/docs/lexeme_reports/model_entries/2075-hind-hind.model.md:25	\index[iv]{02oe@\ivlangheader{Old English}{West Saxon normalization unmarked}!hind@\iventry{hind}{}}	oe		hind	hind	comparison_form	explicit_tag	Germanic/docs/lexeme_reports/model_entries/2075-hind-hind.model.md:25	1	Germanic/docs/lexeme_reports/model_entries/2075-hind-hind.model.md:25:1
Germanic/docs/lexeme_reports/model_entries/2077-hold-healdan.model.md:21:2	Germanic/docs/lexeme_reports/model_entries/2077-hold-healdan.model.md:21:2	explicit_tag	Germanic/docs/lexeme_reports/model_entries/2077-hold-healdan.model.md:21	\index[iv]{02oe@\ivlangheader{Old English}{West Saxon normalization unmarked}!haldan~04@\iventry{haldan}{Angl.}}	oe	angl	haldan	haldan	comparison_form	explicit_tag	Germanic/docs/lexeme_reports/model_entries/2077-hold-healdan.model.md:21	1	Germanic/docs/lexeme_reports/model_entries/2077-hold-healdan.model.md:21:2
Germanic/docs/lexeme_reports/model_entries/2077-hold-healdan.model.md:21:1	Germanic/docs/lexeme_reports/model_entries/2077-hold-healdan.model.md:21:1	explicit_tag	Germanic/docs/lexeme_reports/model_entries/2077-hold-healdan.model.md:21	\index[iv]{02oe@\ivlangheader{Old English}{West Saxon normalization unmarked}!healdan@\iventry{healdan}{}}	oe		healdan	healdan	comparison_form	explicit_tag	Germanic/docs/lexeme_reports/model_entries/2077-hold-healdan.model.md:21	1	Germanic/docs/lexeme_reports/model_entries/2077-hold-healdan.model.md:21:1
Germanic/docs/lexeme_reports/model_entries/2077-hold-healdan.model.md:29:1	Germanic/docs/lexeme_reports/model_entries/2077-hold-healdan.model.md:29:1	explicit_tag	Germanic/docs/lexeme_reports/model_entries/2077-hold-healdan.model.md:29	\index[iv]{02oe@\ivlangheader{Old English}{West Saxon normalization unmarked}!healdan@\iventry{healdan}{}}	oe		healdan	healdan	comparison_form	explicit_tag	Germanic/docs/lexeme_reports/model_entries/2077-hold-healdan.model.md:29	1	Germanic/docs/lexeme_reports/model_entries/2077-hold-healdan.model.md:29:1
Germanic/docs/lexeme_reports/model_entries/2077-hold-healdan.model.md:33:2	Germanic/docs/lexeme_reports/model_entries/2077-hold-healdan.model.md:33:2	explicit_tag	Germanic/docs/lexeme_reports/model_entries/2077-hold-healdan.model.md:33	\index[iv]{02oe@\ivlangheader{Old English}{West Saxon normalization unmarked}!haldan~04@\iventry{haldan}{Angl.}}	oe	angl	haldan	haldan	comparison_form	explicit_tag	Germanic/docs/lexeme_reports/model_entries/2077-hold-healdan.model.md:33	1	Germanic/docs/lexeme_reports/model_entries/2077-hold-healdan.model.md:33:2
Germanic/docs/lexeme_reports/model_entries/2077-hold-healdan.model.md:33:1	Germanic/docs/lexeme_reports/model_entries/2077-hold-healdan.model.md:33:1	explicit_tag	Germanic/docs/lexeme_reports/model_entries/2077-hold-healdan.model.md:33	\index[iv]{02oe@\ivlangheader{Old English}{West Saxon normalization unmarked}!healdan@\iventry{healdan}{}}	oe		healdan	healdan	comparison_form	explicit_tag	Germanic/docs/lexeme_reports/model_entries/2077-hold-healdan.model.md:33	1	Germanic/docs/lexeme_reports/model_entries/2077-hold-healdan.model.md:33:1
Germanic/docs/lexeme_reports/model_entries/2086-knight-cniht.model.md:22:1	Germanic/docs/lexeme_reports/model_entries/2086-knight-cniht.model.md:22:1	explicit_tag	Germanic/docs/lexeme_reports/model_entries/2086-knight-cniht.model.md:22	\index[iv]{03pgmc@\ivlangheader{Proto-Germanic}{}!knextaz@\iventry{*knextaz}{}}	pgmc		*knextaz	knextaz	selected_input	explicit_tag	Germanic/docs/lexeme_reports/model_entries/2086-knight-cniht.model.md:22	1	Germanic/docs/lexeme_reports/model_entries/2086-knight-cniht.model.md:22:1
Germanic/docs/lexeme_reports/model_entries/2086-knight-cniht.model.md:24:1	Germanic/docs/lexeme_reports/model_entries/2086-knight-cniht.model.md:24:1	explicit_tag	Germanic/docs/lexeme_reports/model_entries/2086-knight-cniht.model.md:24	\index[iv]{03pgmc@\ivlangheader{Proto-Germanic}{}!knextaz@\iventry{*knéxtaz}{}}	pgmc		*knéxtaz	knextaz	selected_input	explicit_tag	Germanic/docs/lexeme_reports/model_entries/2086-knight-cniht.model.md:24	1	Germanic/docs/lexeme_reports/model_entries/2086-knight-cniht.model.md:24:1
Germanic/docs/lexeme_reports/model_entries/2086-knight-cniht.model.md:27:1	Germanic/docs/lexeme_reports/model_entries/2086-knight-cniht.model.md:27:1	explicit_tag	Germanic/docs/lexeme_reports/model_entries/2086-knight-cniht.model.md:27	\index[iv]{03pgmc@\ivlangheader{Proto-Germanic}{}!knixtaz@\iventry{*kníxtaz}{}}	pgmc		*kníxtaz	knixtaz	source_protoform	explicit_tag	Germanic/docs/lexeme_reports/model_entries/2086-knight-cniht.model.md:27	1	Germanic/docs/lexeme_reports/model_entries/2086-knight-cniht.model.md:27:1
Germanic/docs/lexeme_reports/model_entries/2086-knight-cniht.model.md:29:1	Germanic/docs/lexeme_reports/model_entries/2086-knight-cniht.model.md:29:1	explicit_tag	Germanic/docs/lexeme_reports/model_entries/2086-knight-cniht.model.md:29	\index[iv]{03pgmc@\ivlangheader{Proto-Germanic}{}!knextaz@\iventry{*knéxtaz}{}}	pgmc		*knéxtaz	knextaz	selected_input	explicit_tag	Germanic/docs/lexeme_reports/model_entries/2086-knight-cniht.model.md:29	1	Germanic/docs/lexeme_reports/model_entries/2086-knight-cniht.model.md:29:1
Germanic/docs/lexeme_reports/model_entries/2086-knight-cniht.model.md:33:1	Germanic/docs/lexeme_reports/model_entries/2086-knight-cniht.model.md:33:1	explicit_tag	Germanic/docs/lexeme_reports/model_entries/2086-knight-cniht.model.md:33	\index[iv]{02oe@\ivlangheader{Old English}{West Saxon normalization unmarked}!cniht@\iventry{cniht}{}}	oe		cniht	cniht	target_form	explicit_tag	Germanic/docs/lexeme_reports/model_entries/2086-knight-cniht.model.md:33	1	Germanic/docs/lexeme_reports/model_entries/2086-knight-cniht.model.md:33:1
Germanic/docs/lexeme_reports/model_entries/2086-knight-cniht.model.md:34:1	Germanic/docs/lexeme_reports/model_entries/2086-knight-cniht.model.md:34:1	explicit_tag	Germanic/docs/lexeme_reports/model_entries/2086-knight-cniht.model.md:34	\index[iv]{02oe@\ivlangheader{Old English}{West Saxon normalization unmarked}!cneohtas@\iventry{cneohtas}{}}	oe		cneohtas	cneohtas	comparison_form	explicit_tag	Germanic/docs/lexeme_reports/model_entries/2086-knight-cniht.model.md:34	1	Germanic/docs/lexeme_reports/model_entries/2086-knight-cniht.model.md:34:1
Germanic/docs/lexeme_reports/model_entries/2086-knight-cniht.model.md:43:1	Germanic/docs/lexeme_reports/model_entries/2086-knight-cniht.model.md:43:1	explicit_tag	Germanic/docs/lexeme_reports/model_entries/2086-knight-cniht.model.md:43	\index[iv]{03pgmc@\ivlangheader{Proto-Germanic}{}!knextaz@\iventry{*knéxtaz}{}}	pgmc		*knéxtaz	knextaz	selected_input	explicit_tag	Germanic/docs/lexeme_reports/model_entries/2086-knight-cniht.model.md:43	1	Germanic/docs/lexeme_reports/model_entries/2086-knight-cniht.model.md:43:1
Germanic/docs/lexeme_reports/model_entries/2086-knight-cniht.model.md:44:1	Germanic/docs/lexeme_reports/model_entries/2086-knight-cniht.model.md:44:1	explicit_tag	Germanic/docs/lexeme_reports/model_entries/2086-knight-cniht.model.md:44	\index[iv]{02oe@\ivlangheader{Old English}{West Saxon normalization unmarked}!cniht@\iventry{cniht}{}}	oe		cniht	cniht	target_form	explicit_tag	Germanic/docs/lexeme_reports/model_entries/2086-knight-cniht.model.md:44	1	Germanic/docs/lexeme_reports/model_entries/2086-knight-cniht.model.md:44:1
Germanic/docs/lexeme_reports/model_entries/2086-knight-cniht.model.md:45:2	Germanic/docs/lexeme_reports/model_entries/2086-knight-cniht.model.md:45:2	explicit_tag	Germanic/docs/lexeme_reports/model_entries/2086-knight-cniht.model.md:45	\index[iv]{02oe@\ivlangheader{Old English}{West Saxon normalization unmarked}!cneohtas@\iventry{cneohtas}{}}	oe		cneohtas	cneohtas	comparison_form	explicit_tag	Germanic/docs/lexeme_reports/model_entries/2086-knight-cniht.model.md:45	1	Germanic/docs/lexeme_reports/model_entries/2086-knight-cniht.model.md:45:2
Germanic/docs/lexeme_reports/model_entries/2086-knight-cniht.model.md:45:1	Germanic/docs/lexeme_reports/model_entries/2086-knight-cniht.model.md:45:1	explicit_tag	Germanic/docs/lexeme_reports/model_entries/2086-knight-cniht.model.md:45	\index[iv]{02oe@\ivlangheader{Old English}{West Saxon normalization unmarked}!cniht@\iventry{cniht}{}}	oe		cniht	cniht	target_form	explicit_tag	Germanic/docs/lexeme_reports/model_entries/2086-knight-cniht.model.md:45	1	Germanic/docs/lexeme_reports/model_entries/2086-knight-cniht.model.md:45:1
Germanic/docs/lexeme_reports/model_entries/2086-knight-cniht.model.md:57:1	Germanic/docs/lexeme_reports/model_entries/2086-knight-cniht.model.md:57:1	explicit_tag	Germanic/docs/lexeme_reports/model_entries/2086-knight-cniht.model.md:57	\index[iv]{03pgmc@\ivlangheader{Proto-Germanic}{}!knixtaz@\iventry{*kníxtaz}{}}	pgmc		*kníxtaz	knixtaz	source_protoform	explicit_tag	Germanic/docs/lexeme_reports/model_entries/2086-knight-cniht.model.md:57	1	Germanic/docs/lexeme_reports/model_entries/2086-knight-cniht.model.md:57:1
Germanic/docs/lexeme_reports/model_entries/2086-knight-cniht.model.md:58:3	Germanic/docs/lexeme_reports/model_entries/2086-knight-cniht.model.md:58:3	explicit_tag	Germanic/docs/lexeme_reports/model_entries/2086-knight-cniht.model.md:58	\index[iv]{02oe@\ivlangheader{Old English}{West Saxon normalization unmarked}!cniht@\iventry{cniht}{}}	oe		cniht	cniht	target_form	explicit_tag	Germanic/docs/lexeme_reports/model_entries/2086-knight-cniht.model.md:58	1	Germanic/docs/lexeme_reports/model_entries/2086-knight-cniht.model.md:58:3
Germanic/docs/lexeme_reports/model_entries/2086-knight-cniht.model.md:58:1	Germanic/docs/lexeme_reports/model_entries/2086-knight-cniht.model.md:58:1	explicit_tag	Germanic/docs/lexeme_reports/model_entries/2086-knight-cniht.model.md:58	\index[iv]{03pgmc@\ivlangheader{Proto-Germanic}{}!knextaz@\iventry{*knéxtaz}{}}	pgmc		*knéxtaz	knextaz	selected_input	explicit_tag	Germanic/docs/lexeme_reports/model_entries/2086-knight-cniht.model.md:58	1	Germanic/docs/lexeme_reports/model_entries/2086-knight-cniht.model.md:58:1
Germanic/docs/lexeme_reports/model_entries/2086-knight-cniht.model.md:59:1	Germanic/docs/lexeme_reports/model_entries/2086-knight-cniht.model.md:59:1	explicit_tag	Germanic/docs/lexeme_reports/model_entries/2086-knight-cniht.model.md:59	\index[iv]{02oe@\ivlangheader{Old English}{West Saxon normalization unmarked}!cneohtas@\iventry{cneohtas}{}}	oe		cneohtas	cneohtas	comparison_form	explicit_tag	Germanic/docs/lexeme_reports/model_entries/2086-knight-cniht.model.md:59	1	Germanic/docs/lexeme_reports/model_entries/2086-knight-cniht.model.md:59:1
Germanic/docs/lexeme_reports/model_entries/2086-knight-cniht.model.md:59:2	Germanic/docs/lexeme_reports/model_entries/2086-knight-cniht.model.md:59:2	explicit_tag	Germanic/docs/lexeme_reports/model_entries/2086-knight-cniht.model.md:59	\index[iv]{02oe@\ivlangheader{Old English}{West Saxon normalization unmarked}!cneohtas@\iventry{cneohtas}{}}	oe		cneohtas	cneohtas	comparison_form	explicit_tag	Germanic/docs/lexeme_reports/model_entries/2086-knight-cniht.model.md:59	1	Germanic/docs/lexeme_reports/model_entries/2086-knight-cniht.model.md:59:2
Germanic/docs/lexeme_reports/model_entries/2087-knob-cnobba.model.md:34:1	Germanic/docs/lexeme_reports/model_entries/2087-knob-cnobba.model.md:34:1	explicit_tag	Germanic/docs/lexeme_reports/model_entries/2087-knob-cnobba.model.md:34	\index[iv]{02oe@\ivlangheader{Old English}{West Saxon normalization unmarked}!cnoppa@\iventry{cnoppa}{}}	oe		cnoppa	cnoppa	comparison_form	explicit_tag	Germanic/docs/lexeme_reports/model_entries/2087-knob-cnobba.model.md:34	1	Germanic/docs/lexeme_reports/model_entries/2087-knob-cnobba.model.md:34:1
Germanic/docs/lexeme_reports/model_entries/2087-knob-cnobba.model.md:39:1	Germanic/docs/lexeme_reports/model_entries/2087-knob-cnobba.model.md:39:1	explicit_tag	Germanic/docs/lexeme_reports/model_entries/2087-knob-cnobba.model.md:39	\index[iv]{02oe@\ivlangheader{Old English}{West Saxon normalization unmarked}!cnoppa@\iventry{cnoppa}{}}	oe		cnoppa	cnoppa	comparison_form	explicit_tag	Germanic/docs/lexeme_reports/model_entries/2087-knob-cnobba.model.md:39	1	Germanic/docs/lexeme_reports/model_entries/2087-knob-cnobba.model.md:39:1
Germanic/docs/lexeme_reports/model_entries/2087-knob-cnobba.model.md:57:1	Germanic/docs/lexeme_reports/model_entries/2087-knob-cnobba.model.md:57:1	explicit_tag	Germanic/docs/lexeme_reports/model_entries/2087-knob-cnobba.model.md:57	\index[iv]{02oe@\ivlangheader{Old English}{West Saxon normalization unmarked}!cnopp@\iventry{cnopp}{}}	oe		cnopp	cnopp	evidence_form	explicit_tag	Germanic/docs/lexeme_reports/model_entries/2087-knob-cnobba.model.md:57	1	Germanic/docs/lexeme_reports/model_entries/2087-knob-cnobba.model.md:57:1
Germanic/docs/lexeme_reports/model_entries/2087-knob-cnobba.model.md:57:2	Germanic/docs/lexeme_reports/model_entries/2087-knob-cnobba.model.md:57:2	explicit_tag	Germanic/docs/lexeme_reports/model_entries/2087-knob-cnobba.model.md:57	\index[iv]{02oe@\ivlangheader{Old English}{West Saxon normalization unmarked}!cnoppa@\iventry{cnoppa}{}}	oe		cnoppa	cnoppa	evidence_form	explicit_tag	Germanic/docs/lexeme_reports/model_entries/2087-knob-cnobba.model.md:57	1	Germanic/docs/lexeme_reports/model_entries/2087-knob-cnobba.model.md:57:2
Germanic/docs/lexeme_reports/model_entries/2087-knob-cnobba.model.md:58:1	Germanic/docs/lexeme_reports/model_entries/2087-knob-cnobba.model.md:58:1	explicit_tag	Germanic/docs/lexeme_reports/model_entries/2087-knob-cnobba.model.md:58	\index[iv]{02oe@\ivlangheader{Old English}{West Saxon normalization unmarked}!cnaep@\iventry{cnæp}{}}	oe		cnæp	cnaep	evidence_form	explicit_tag	Germanic/docs/lexeme_reports/model_entries/2087-knob-cnobba.model.md:58	1	Germanic/docs/lexeme_reports/model_entries/2087-knob-cnobba.model.md:58:1
Germanic/docs/lexeme_reports/model_entries/2087-knob-cnobba.model.md:61:1	Germanic/docs/lexeme_reports/model_entries/2087-knob-cnobba.model.md:61:1	explicit_tag	Germanic/docs/lexeme_reports/model_entries/2087-knob-cnobba.model.md:61	\index[iv]{02oe@\ivlangheader{Old English}{West Saxon normalization unmarked}!cnoppa@\iventry{cnoppa}{}}	oe		cnoppa	cnoppa	comparison_form	explicit_tag	Germanic/docs/lexeme_reports/model_entries/2087-knob-cnobba.model.md:61	1	Germanic/docs/lexeme_reports/model_entries/2087-knob-cnobba.model.md:61:1
Germanic/docs/lexeme_reports/model_entries/2088-lade-hladan.model.md:21:1	Germanic/docs/lexeme_reports/model_entries/2088-lade-hladan.model.md:21:1	explicit_tag	Germanic/docs/lexeme_reports/model_entries/2088-lade-hladan.model.md:21	\index[iv]{02oe@\ivlangheader{Old English}{West Saxon normalization unmarked}!hladan@\iventry{hladan}{}}	oe		hladan	hladan	comparison_form	explicit_tag	Germanic/docs/lexeme_reports/model_entries/2088-lade-hladan.model.md:21	1	Germanic/docs/lexeme_reports/model_entries/2088-lade-hladan.model.md:21:1
Germanic/docs/lexeme_reports/model_entries/2092-laugh-hliehhan.model.md:23:1	Germanic/docs/lexeme_reports/model_entries/2092-laugh-hliehhan.model.md:23:1	explicit_tag	Germanic/docs/lexeme_reports/model_entries/2092-laugh-hliehhan.model.md:23	\index[iv]{02oe@\ivlangheader{Old English}{West Saxon normalization unmarked}!hliehhan@\iventry{hliehhan}{}}	oe		hliehhan	hliehhan	comparison_form	explicit_tag	Germanic/docs/lexeme_reports/model_entries/2092-laugh-hliehhan.model.md:23	1	Germanic/docs/lexeme_reports/model_entries/2092-laugh-hliehhan.model.md:23:1
Germanic/docs/lexeme_reports/model_entries/2092-laugh-hliehhan.model.md:31:1	Germanic/docs/lexeme_reports/model_entries/2092-laugh-hliehhan.model.md:31:1	explicit_tag	Germanic/docs/lexeme_reports/model_entries/2092-laugh-hliehhan.model.md:31	\index[iv]{02oe@\ivlangheader{Old English}{West Saxon normalization unmarked}!hlihhan@\iventry{hlihhan}{}}	oe		hlihhan	hlihhan	comparison_form	explicit_tag	Germanic/docs/lexeme_reports/model_entries/2092-laugh-hliehhan.model.md:31	1	Germanic/docs/lexeme_reports/model_entries/2092-laugh-hliehhan.model.md:31:1
Germanic/docs/lexeme_reports/model_entries/2092-laugh-hliehhan.model.md:33:1	Germanic/docs/lexeme_reports/model_entries/2092-laugh-hliehhan.model.md:33:1	explicit_tag	Germanic/docs/lexeme_reports/model_entries/2092-laugh-hliehhan.model.md:33	\index[iv]{02oe@\ivlangheader{Old English}{West Saxon normalization unmarked}!hliehhan@\iventry{hliehhan}{}}	oe		hliehhan	hliehhan	comparison_form	explicit_tag	Germanic/docs/lexeme_reports/model_entries/2092-laugh-hliehhan.model.md:33	1	Germanic/docs/lexeme_reports/model_entries/2092-laugh-hliehhan.model.md:33:1
Germanic/docs/lexeme_reports/model_entries/2092-laugh-hliehhan.model.md:36:1	Germanic/docs/lexeme_reports/model_entries/2092-laugh-hliehhan.model.md:36:1	explicit_tag	Germanic/docs/lexeme_reports/model_entries/2092-laugh-hliehhan.model.md:36	\index[iv]{02oe@\ivlangheader{Old English}{West Saxon normalization unmarked}!hliehhan@\iventry{hliehhan}{}}	oe		hliehhan	hliehhan	comparison_form	explicit_tag	Germanic/docs/lexeme_reports/model_entries/2092-laugh-hliehhan.model.md:36	1	Germanic/docs/lexeme_reports/model_entries/2092-laugh-hliehhan.model.md:36:1
Germanic/docs/lexeme_reports/model_entries/2092-laugh-hliehhan.model.md:38:1	Germanic/docs/lexeme_reports/model_entries/2092-laugh-hliehhan.model.md:38:1	explicit_tag	Germanic/docs/lexeme_reports/model_entries/2092-laugh-hliehhan.model.md:38	\index[iv]{02oe@\ivlangheader{Old English}{West Saxon normalization unmarked}!hliehhan@\iventry{hliehhan}{}}	oe		hliehhan	hliehhan	comparison_form	explicit_tag	Germanic/docs/lexeme_reports/model_entries/2092-laugh-hliehhan.model.md:38	1	Germanic/docs/lexeme_reports/model_entries/2092-laugh-hliehhan.model.md:38:1
Germanic/docs/lexeme_reports/model_entries/2092-laugh-hliehhan.model.md:44:1	Germanic/docs/lexeme_reports/model_entries/2092-laugh-hliehhan.model.md:44:1	explicit_tag	Germanic/docs/lexeme_reports/model_entries/2092-laugh-hliehhan.model.md:44	\index[iv]{02oe@\ivlangheader{Old English}{West Saxon normalization unmarked}!hliehhan@\iventry{hliehhan}{}}	oe		hliehhan	hliehhan	comparison_form	explicit_tag	Germanic/docs/lexeme_reports/model_entries/2092-laugh-hliehhan.model.md:44	1	Germanic/docs/lexeme_reports/model_entries/2092-laugh-hliehhan.model.md:44:1
Germanic/docs/lexeme_reports/model_entries/2100-lid-hlid.model.md:21:1	Germanic/docs/lexeme_reports/model_entries/2100-lid-hlid.model.md:21:1	explicit_tag	Germanic/docs/lexeme_reports/model_entries/2100-lid-hlid.model.md:21	\index[iv]{02oe@\ivlangheader{Old English}{West Saxon normalization unmarked}!hlid@\iventry{hlid}{}}	oe		hlid	hlid	comparison_form	explicit_tag	Germanic/docs/lexeme_reports/model_entries/2100-lid-hlid.model.md:21	1	Germanic/docs/lexeme_reports/model_entries/2100-lid-hlid.model.md:21:1
Germanic/docs/lexeme_reports/model_entries/2100-lid-hlid.model.md:25:1	Germanic/docs/lexeme_reports/model_entries/2100-lid-hlid.model.md:25:1	explicit_tag	Germanic/docs/lexeme_reports/model_entries/2100-lid-hlid.model.md:25	\index[iv]{02oe@\ivlangheader{Old English}{West Saxon normalization unmarked}!hlid@\iventry{hlid}{}}	oe		hlid	hlid	comparison_form	explicit_tag	Germanic/docs/lexeme_reports/model_entries/2100-lid-hlid.model.md:25	1	Germanic/docs/lexeme_reports/model_entries/2100-lid-hlid.model.md:25:1
Germanic/docs/lexeme_reports/model_entries/2102-light-līehtan.model.md:21:1	Germanic/docs/lexeme_reports/model_entries/2102-light-līehtan.model.md:21:1	explicit_tag	Germanic/docs/lexeme_reports/model_entries/2102-light-līehtan.model.md:21	\index[iv]{02oe@\ivlangheader{Old English}{West Saxon normalization unmarked}!liehtan@\iventry{liehtan}{}}	oe		liehtan	liehtan	comparison_form	explicit_tag	Germanic/docs/lexeme_reports/model_entries/2102-light-līehtan.model.md:21	1	Germanic/docs/lexeme_reports/model_entries/2102-light-līehtan.model.md:21:1
Germanic/docs/lexeme_reports/model_entries/2102-light-līehtan.model.md:25:1	Germanic/docs/lexeme_reports/model_entries/2102-light-līehtan.model.md:25:1	explicit_tag	Germanic/docs/lexeme_reports/model_entries/2102-light-līehtan.model.md:25	\index[iv]{02oe@\ivlangheader{Old English}{West Saxon normalization unmarked}!lihtan@\iventry{lihtan}{}}	oe		lihtan	lihtan	comparison_form	explicit_tag	Germanic/docs/lexeme_reports/model_entries/2102-light-līehtan.model.md:25	1	Germanic/docs/lexeme_reports/model_entries/2102-light-līehtan.model.md:25:1
Germanic/docs/lexeme_reports/model_entries/2102-light-līehtan.model.md:33:1	Germanic/docs/lexeme_reports/model_entries/2102-light-līehtan.model.md:33:1	explicit_tag	Germanic/docs/lexeme_reports/model_entries/2102-light-līehtan.model.md:33	\index[iv]{02oe@\ivlangheader{Old English}{West Saxon normalization unmarked}!liehtan@\iventry{liehtan}{}}	oe		liehtan	liehtan	comparison_form	explicit_tag	Germanic/docs/lexeme_reports/model_entries/2102-light-līehtan.model.md:33	1	Germanic/docs/lexeme_reports/model_entries/2102-light-līehtan.model.md:33:1
Germanic/docs/lexeme_reports/model_entries/2102-light-līehtan.model.md:33:2	Germanic/docs/lexeme_reports/model_entries/2102-light-līehtan.model.md:33:2	explicit_tag	Germanic/docs/lexeme_reports/model_entries/2102-light-līehtan.model.md:33	\index[iv]{02oe@\ivlangheader{Old English}{West Saxon normalization unmarked}!lihtan~04@\iventry{lihtan}{Angl.}}	oe	angl	lihtan	lihtan	comparison_form	explicit_tag	Germanic/docs/lexeme_reports/model_entries/2102-light-līehtan.model.md:33	1	Germanic/docs/lexeme_reports/model_entries/2102-light-līehtan.model.md:33:2
Germanic/docs/lexeme_reports/model_entries/2102-light-līehtan.model.md:33:3	Germanic/docs/lexeme_reports/model_entries/2102-light-līehtan.model.md:33:3	explicit_tag	Germanic/docs/lexeme_reports/model_entries/2102-light-līehtan.model.md:33	\index[iv]{02oe@\ivlangheader{Old English}{West Saxon normalization unmarked}!lyhtan~03@\iventry{lyhtan}{LWS}}	oe	lws	lyhtan	lyhtan	comparison_form	explicit_tag	Germanic/docs/lexeme_reports/model_entries/2102-light-līehtan.model.md:33	1	Germanic/docs/lexeme_reports/model_entries/2102-light-līehtan.model.md:33:3
Germanic/docs/lexeme_reports/model_entries/2104-linden-lind.model.md:21:1	Germanic/docs/lexeme_reports/model_entries/2104-linden-lind.model.md:21:1	explicit_tag	Germanic/docs/lexeme_reports/model_entries/2104-linden-lind.model.md:21	\index[iv]{02oe@\ivlangheader{Old English}{West Saxon normalization unmarked}!lind@\iventry{lind}{}}	oe		lind	lind	comparison_form	explicit_tag	Germanic/docs/lexeme_reports/model_entries/2104-linden-lind.model.md:21	1	Germanic/docs/lexeme_reports/model_entries/2104-linden-lind.model.md:21:1
Germanic/docs/lexeme_reports/model_entries/2104-linden-lind.model.md:25:1	Germanic/docs/lexeme_reports/model_entries/2104-linden-lind.model.md:25:1	explicit_tag	Germanic/docs/lexeme_reports/model_entries/2104-linden-lind.model.md:25	\index[iv]{02oe@\ivlangheader{Old English}{West Saxon normalization unmarked}!lind@\iventry{lind}{}}	oe		lind	lind	comparison_form	explicit_tag	Germanic/docs/lexeme_reports/model_entries/2104-linden-lind.model.md:25	1	Germanic/docs/lexeme_reports/model_entries/2104-linden-lind.model.md:25:1
Germanic/docs/lexeme_reports/model_entries/2104-linden-lind.model.md:29:1	Germanic/docs/lexeme_reports/model_entries/2104-linden-lind.model.md:29:1	explicit_tag	Germanic/docs/lexeme_reports/model_entries/2104-linden-lind.model.md:29	\index[iv]{02oe@\ivlangheader{Old English}{West Saxon normalization unmarked}!lind@\iventry{lind}{}}	oe		lind	lind	comparison_form	explicit_tag	Germanic/docs/lexeme_reports/model_entries/2104-linden-lind.model.md:29	1	Germanic/docs/lexeme_reports/model_entries/2104-linden-lind.model.md:29:1
Germanic/docs/lexeme_reports/model_entries/2104-linden-lind.model.md:33:1	Germanic/docs/lexeme_reports/model_entries/2104-linden-lind.model.md:33:1	explicit_tag	Germanic/docs/lexeme_reports/model_entries/2104-linden-lind.model.md:33	\index[iv]{02oe@\ivlangheader{Old English}{West Saxon normalization unmarked}!lind@\iventry{lind}{}}	oe		lind	lind	comparison_form	explicit_tag	Germanic/docs/lexeme_reports/model_entries/2104-linden-lind.model.md:33	1	Germanic/docs/lexeme_reports/model_entries/2104-linden-lind.model.md:33:1
Germanic/docs/lexeme_reports/model_entries/2107-live-lifeþ.model.md:22:1	Germanic/docs/lexeme_reports/model_entries/2107-live-lifeþ.model.md:22:1	explicit_tag	Germanic/docs/lexeme_reports/model_entries/2107-live-lifeþ.model.md:22	\index[iv]{02oe@\ivlangheader{Old English}{West Saxon normalization unmarked}!libban@\iventry{libban}{}}	oe		libban	libban	comparison_form	explicit_tag	Germanic/docs/lexeme_reports/model_entries/2107-live-lifeþ.model.md:22	1	Germanic/docs/lexeme_reports/model_entries/2107-live-lifeþ.model.md:22:1
Germanic/docs/lexeme_reports/model_entries/2107-live-lifeþ.model.md:24:1	Germanic/docs/lexeme_reports/model_entries/2107-live-lifeþ.model.md:24:1	explicit_tag	Germanic/docs/lexeme_reports/model_entries/2107-live-lifeþ.model.md:24	\index[iv]{02oe@\ivlangheader{Old English}{West Saxon normalization unmarked}!lifed~06@\iventry{lifed}{North.}}	oe	north	lifed	lifed	comparison_form	explicit_tag	Germanic/docs/lexeme_reports/model_entries/2107-live-lifeþ.model.md:24	1	Germanic/docs/lexeme_reports/model_entries/2107-live-lifeþ.model.md:24:1
Germanic/docs/lexeme_reports/model_entries/2107-live-lifeþ.model.md:27:1	Germanic/docs/lexeme_reports/model_entries/2107-live-lifeþ.model.md:27:1	explicit_tag	Germanic/docs/lexeme_reports/model_entries/2107-live-lifeþ.model.md:27	\index[iv]{03pgmc@\ivlangheader{Proto-Germanic}{}!libethi@\iventry{*líbēθi}{}}	pgmc		*líbēθi	libethi	selected_input	explicit_tag	Germanic/docs/lexeme_reports/model_entries/2107-live-lifeþ.model.md:27	1	Germanic/docs/lexeme_reports/model_entries/2107-live-lifeþ.model.md:27:1
Germanic/docs/lexeme_reports/model_entries/2107-live-lifeþ.model.md:29:1	Germanic/docs/lexeme_reports/model_entries/2107-live-lifeþ.model.md:29:1	explicit_tag	Germanic/docs/lexeme_reports/model_entries/2107-live-lifeþ.model.md:29	\index[iv]{02oe@\ivlangheader{Old English}{West Saxon normalization unmarked}!lifian@\iventry{lifian}{}}	oe		lifian	lifian	comparison_form	explicit_tag	Germanic/docs/lexeme_reports/model_entries/2107-live-lifeþ.model.md:29	1	Germanic/docs/lexeme_reports/model_entries/2107-live-lifeþ.model.md:29:1
Germanic/docs/lexeme_reports/model_entries/2107-live-lifeþ.model.md:33:1	Germanic/docs/lexeme_reports/model_entries/2107-live-lifeþ.model.md:33:1	explicit_tag	Germanic/docs/lexeme_reports/model_entries/2107-live-lifeþ.model.md:33	\index[iv]{02oe@\ivlangheader{Old English}{West Saxon normalization unmarked}!libban@\iventry{libban}{}}	oe		libban	libban	comparison_form	explicit_tag	Germanic/docs/lexeme_reports/model_entries/2107-live-lifeþ.model.md:33	1	Germanic/docs/lexeme_reports/model_entries/2107-live-lifeþ.model.md:33:1
Germanic/docs/lexeme_reports/model_entries/2107-live-lifeþ.model.md:34:1	Germanic/docs/lexeme_reports/model_entries/2107-live-lifeþ.model.md:34:1	explicit_tag	Germanic/docs/lexeme_reports/model_entries/2107-live-lifeþ.model.md:34	\index[iv]{02oe@\ivlangheader{Old English}{West Saxon normalization unmarked}!lifian@\iventry{lifian}{}}	oe		lifian	lifian	comparison_form	explicit_tag	Germanic/docs/lexeme_reports/model_entries/2107-live-lifeþ.model.md:34	1	Germanic/docs/lexeme_reports/model_entries/2107-live-lifeþ.model.md:34:1
Germanic/docs/lexeme_reports/model_entries/2107-live-lifeþ.model.md:35:1	Germanic/docs/lexeme_reports/model_entries/2107-live-lifeþ.model.md:35:1	explicit_tag	Germanic/docs/lexeme_reports/model_entries/2107-live-lifeþ.model.md:35	\index[iv]{02oe@\ivlangheader{Old English}{West Saxon normalization unmarked}!lifed@\iventry{lifed}{}}	oe		lifed	lifed	comparison_form	explicit_tag	Germanic/docs/lexeme_reports/model_entries/2107-live-lifeþ.model.md:35	1	Germanic/docs/lexeme_reports/model_entries/2107-live-lifeþ.model.md:35:1
Germanic/docs/lexeme_reports/model_entries/2107-live-lifeþ.model.md:36:1	Germanic/docs/lexeme_reports/model_entries/2107-live-lifeþ.model.md:36:1	explicit_tag	Germanic/docs/lexeme_reports/model_entries/2107-live-lifeþ.model.md:36	\index[iv]{02oe@\ivlangheader{Old English}{West Saxon normalization unmarked}!lifeth@\iventry{lifeþ}{}}	oe		lifeþ	lifeth	target_form	explicit_tag	Germanic/docs/lexeme_reports/model_entries/2107-live-lifeþ.model.md:36	1	Germanic/docs/lexeme_reports/model_entries/2107-live-lifeþ.model.md:36:1
Germanic/docs/lexeme_reports/model_entries/2107-live-lifeþ.model.md:44:1	Germanic/docs/lexeme_reports/model_entries/2107-live-lifeþ.model.md:44:1	explicit_tag	Germanic/docs/lexeme_reports/model_entries/2107-live-lifeþ.model.md:44	\index[iv]{03pgmc@\ivlangheader{Proto-Germanic}{}!libethi@\iventry{*líbēθi}{}}	pgmc		*líbēθi	libethi	selected_input	explicit_tag	Germanic/docs/lexeme_reports/model_entries/2107-live-lifeþ.model.md:44	1	Germanic/docs/lexeme_reports/model_entries/2107-live-lifeþ.model.md:44:1
Germanic/docs/lexeme_reports/model_entries/2107-live-lifeþ.model.md:45:2	Germanic/docs/lexeme_reports/model_entries/2107-live-lifeþ.model.md:45:2	explicit_tag	Germanic/docs/lexeme_reports/model_entries/2107-live-lifeþ.model.md:45	\index[iv]{02oe@\ivlangheader{Old English}{West Saxon normalization unmarked}!lifed@\iventry{lifed}{}}	oe		lifed	lifed	comparison_form	explicit_tag	Germanic/docs/lexeme_reports/model_entries/2107-live-lifeþ.model.md:45	1	Germanic/docs/lexeme_reports/model_entries/2107-live-lifeþ.model.md:45:2
Germanic/docs/lexeme_reports/model_entries/2107-live-lifeþ.model.md:56:2	Germanic/docs/lexeme_reports/model_entries/2107-live-lifeþ.model.md:56:2	explicit_tag	Germanic/docs/lexeme_reports/model_entries/2107-live-lifeþ.model.md:56	\index[iv]{02oe@\ivlangheader{Old English}{West Saxon normalization unmarked}!libban@\iventry{libban}{}}	oe		libban	libban	comparison_form	explicit_tag	Germanic/docs/lexeme_reports/model_entries/2107-live-lifeþ.model.md:56	1	Germanic/docs/lexeme_reports/model_entries/2107-live-lifeþ.model.md:56:2
Germanic/docs/lexeme_reports/model_entries/2107-live-lifeþ.model.md:56:3	Germanic/docs/lexeme_reports/model_entries/2107-live-lifeþ.model.md:56:3	explicit_tag	Germanic/docs/lexeme_reports/model_entries/2107-live-lifeþ.model.md:56	\index[iv]{02oe@\ivlangheader{Old English}{West Saxon normalization unmarked}!libban@\iventry{libban}{}}	oe		libban	libban	comparison_form	explicit_tag	Germanic/docs/lexeme_reports/model_entries/2107-live-lifeþ.model.md:56	1	Germanic/docs/lexeme_reports/model_entries/2107-live-lifeþ.model.md:56:3
Germanic/docs/lexeme_reports/model_entries/2107-live-lifeþ.model.md:56:1	Germanic/docs/lexeme_reports/model_entries/2107-live-lifeþ.model.md:56:1	explicit_tag	Germanic/docs/lexeme_reports/model_entries/2107-live-lifeþ.model.md:56	\index[iv]{03pgmc@\ivlangheader{Proto-Germanic}{}!libena@\iventry{*libēną}{}}	pgmc		*libēną	libena	source_protoform	explicit_tag	Germanic/docs/lexeme_reports/model_entries/2107-live-lifeþ.model.md:56	1	Germanic/docs/lexeme_reports/model_entries/2107-live-lifeþ.model.md:56:1
Germanic/docs/lexeme_reports/model_entries/2107-live-lifeþ.model.md:57:1	Germanic/docs/lexeme_reports/model_entries/2107-live-lifeþ.model.md:57:1	explicit_tag	Germanic/docs/lexeme_reports/model_entries/2107-live-lifeþ.model.md:57	\index[iv]{03pgmc@\ivlangheader{Proto-Germanic}{}!libethi@\iventry{*líbēθi}{}}	pgmc		*líbēθi	libethi	selected_input	explicit_tag	Germanic/docs/lexeme_reports/model_entries/2107-live-lifeþ.model.md:57	1	Germanic/docs/lexeme_reports/model_entries/2107-live-lifeþ.model.md:57:1
Germanic/docs/lexeme_reports/model_entries/2107-live-lifeþ.model.md:57:3	Germanic/docs/lexeme_reports/model_entries/2107-live-lifeþ.model.md:57:3	explicit_tag	Germanic/docs/lexeme_reports/model_entries/2107-live-lifeþ.model.md:57	\index[iv]{02oe@\ivlangheader{Old English}{West Saxon normalization unmarked}!lifed@\iventry{lifed}{}}	oe		lifed	lifed	comparison_form	explicit_tag	Germanic/docs/lexeme_reports/model_entries/2107-live-lifeþ.model.md:57	1	Germanic/docs/lexeme_reports/model_entries/2107-live-lifeþ.model.md:57:3
Germanic/docs/lexeme_reports/model_entries/2107-live-lifeþ.model.md:57:4	Germanic/docs/lexeme_reports/model_entries/2107-live-lifeþ.model.md:57:4	explicit_tag	Germanic/docs/lexeme_reports/model_entries/2107-live-lifeþ.model.md:57	\index[iv]{02oe@\ivlangheader{Old English}{West Saxon normalization unmarked}!lifed@\iventry{lifed}{}}	oe		lifed	lifed	comparison_form	explicit_tag	Germanic/docs/lexeme_reports/model_entries/2107-live-lifeþ.model.md:57	1	Germanic/docs/lexeme_reports/model_entries/2107-live-lifeþ.model.md:57:4
Germanic/docs/lexeme_reports/model_entries/2107-live-lifeþ.model.md:57:5	Germanic/docs/lexeme_reports/model_entries/2107-live-lifeþ.model.md:57:5	explicit_tag	Germanic/docs/lexeme_reports/model_entries/2107-live-lifeþ.model.md:57	\index[iv]{02oe@\ivlangheader{Old English}{West Saxon normalization unmarked}!lifeth@\iventry{lifeþ}{}}	oe		lifeþ	lifeth	target_form	explicit_tag	Germanic/docs/lexeme_reports/model_entries/2107-live-lifeþ.model.md:57	1	Germanic/docs/lexeme_reports/model_entries/2107-live-lifeþ.model.md:57:5
Germanic/docs/lexeme_reports/model_entries/2107-live-lifeþ.model.md:58:1	Germanic/docs/lexeme_reports/model_entries/2107-live-lifeþ.model.md:58:1	explicit_tag	Germanic/docs/lexeme_reports/model_entries/2107-live-lifeþ.model.md:58	\index[iv]{02oe@\ivlangheader{Old English}{West Saxon normalization unmarked}!lifian@\iventry{lifian}{}}	oe		lifian	lifian	comparison_form	explicit_tag	Germanic/docs/lexeme_reports/model_entries/2107-live-lifeþ.model.md:58	1	Germanic/docs/lexeme_reports/model_entries/2107-live-lifeþ.model.md:58:1
Germanic/docs/lexeme_reports/model_entries/2107-live-lifeþ.model.md:58:2	Germanic/docs/lexeme_reports/model_entries/2107-live-lifeþ.model.md:58:2	explicit_tag	Germanic/docs/lexeme_reports/model_entries/2107-live-lifeþ.model.md:58	\index[iv]{02oe@\ivlangheader{Old English}{West Saxon normalization unmarked}!lifian@\iventry{lifian}{}}	oe		lifian	lifian	comparison_form	explicit_tag	Germanic/docs/lexeme_reports/model_entries/2107-live-lifeþ.model.md:58	1	Germanic/docs/lexeme_reports/model_entries/2107-live-lifeþ.model.md:58:2
Germanic/docs/lexeme_reports/model_entries/2114-lung-lungen.model.md:22:1	Germanic/docs/lexeme_reports/model_entries/2114-lung-lungen.model.md:22:1	explicit_tag	Germanic/docs/lexeme_reports/model_entries/2114-lung-lungen.model.md:22	\index[iv]{02oe@\ivlangheader{Old English}{West Saxon normalization unmarked}!lungen@\iventry{lungen}{}}	oe		lungen	lungen	comparison_form	explicit_tag	Germanic/docs/lexeme_reports/model_entries/2114-lung-lungen.model.md:22	1	Germanic/docs/lexeme_reports/model_entries/2114-lung-lungen.model.md:22:1
Germanic/docs/lexeme_reports/model_entries/2114-lung-lungen.model.md:29:1	Germanic/docs/lexeme_reports/model_entries/2114-lung-lungen.model.md:29:1	explicit_tag	Germanic/docs/lexeme_reports/model_entries/2114-lung-lungen.model.md:29	\index[iv]{02oe@\ivlangheader{Old English}{West Saxon normalization unmarked}!lungen@\iventry{lungen}{}}	oe		lungen	lungen	comparison_form	explicit_tag	Germanic/docs/lexeme_reports/model_entries/2114-lung-lungen.model.md:29	1	Germanic/docs/lexeme_reports/model_entries/2114-lung-lungen.model.md:29:1
Germanic/docs/lexeme_reports/model_entries/2114-lung-lungen.model.md:34:1	Germanic/docs/lexeme_reports/model_entries/2114-lung-lungen.model.md:34:1	explicit_tag	Germanic/docs/lexeme_reports/model_entries/2114-lung-lungen.model.md:34	\index[iv]{02oe@\ivlangheader{Old English}{West Saxon normalization unmarked}!lungen@\iventry{lungen}{}}	oe		lungen	lungen	comparison_form	explicit_tag	Germanic/docs/lexeme_reports/model_entries/2114-lung-lungen.model.md:34	1	Germanic/docs/lexeme_reports/model_entries/2114-lung-lungen.model.md:34:1
Germanic/docs/lexeme_reports/model_entries/2114-lung-lungen.model.md:45:1	Germanic/docs/lexeme_reports/model_entries/2114-lung-lungen.model.md:45:1	explicit_tag	Germanic/docs/lexeme_reports/model_entries/2114-lung-lungen.model.md:45	\index[iv]{02oe@\ivlangheader{Old English}{West Saxon normalization unmarked}!lungen@\iventry{lungen}{}}	oe		lungen	lungen	comparison_form	explicit_tag	Germanic/docs/lexeme_reports/model_entries/2114-lung-lungen.model.md:45	1	Germanic/docs/lexeme_reports/model_entries/2114-lung-lungen.model.md:45:1
Germanic/docs/lexeme_reports/model_entries/2119-man-mannes.model.md:22:1	Germanic/docs/lexeme_reports/model_entries/2119-man-mannes.model.md:22:1	explicit_tag	Germanic/docs/lexeme_reports/model_entries/2119-man-mannes.model.md:22	\index[iv]{03pgmc@\ivlangheader{Proto-Germanic}{}!mannas@\iventry{*mánnas}{}}	pgmc		*mánnas	mannas	selected_input	explicit_tag	Germanic/docs/lexeme_reports/model_entries/2119-man-mannes.model.md:22	1	Germanic/docs/lexeme_reports/model_entries/2119-man-mannes.model.md:22:1
Germanic/docs/lexeme_reports/model_entries/2119-man-mannes.model.md:31:2	Germanic/docs/lexeme_reports/model_entries/2119-man-mannes.model.md:31:2	explicit_tag	Germanic/docs/lexeme_reports/model_entries/2119-man-mannes.model.md:31	\index[iv]{02oe@\ivlangheader{Old English}{West Saxon normalization unmarked}!man@\iventry{man}{}}	oe		man	man	comparison_form	explicit_tag	Germanic/docs/lexeme_reports/model_entries/2119-man-mannes.model.md:31	1	Germanic/docs/lexeme_reports/model_entries/2119-man-mannes.model.md:31:2
Germanic/docs/lexeme_reports/model_entries/2119-man-mannes.model.md:31:1	Germanic/docs/lexeme_reports/model_entries/2119-man-mannes.model.md:31:1	explicit_tag	Germanic/docs/lexeme_reports/model_entries/2119-man-mannes.model.md:31	\index[iv]{02oe@\ivlangheader{Old English}{West Saxon normalization unmarked}!mann@\iventry{mann}{}}	oe		mann	mann	comparison_form	explicit_tag	Germanic/docs/lexeme_reports/model_entries/2119-man-mannes.model.md:31	1	Germanic/docs/lexeme_reports/model_entries/2119-man-mannes.model.md:31:1
Germanic/docs/lexeme_reports/model_entries/2119-man-mannes.model.md:31:3	Germanic/docs/lexeme_reports/model_entries/2119-man-mannes.model.md:31:3	explicit_tag	Germanic/docs/lexeme_reports/model_entries/2119-man-mannes.model.md:31	\index[iv]{02oe@\ivlangheader{Old English}{West Saxon normalization unmarked}!mannes@\iventry{mannes}{}}	oe		mannes	mannes	target_form	explicit_tag	Germanic/docs/lexeme_reports/model_entries/2119-man-mannes.model.md:31	1	Germanic/docs/lexeme_reports/model_entries/2119-man-mannes.model.md:31:3
Germanic/docs/lexeme_reports/model_entries/2119-man-mannes.model.md:31:4	Germanic/docs/lexeme_reports/model_entries/2119-man-mannes.model.md:31:4	explicit_tag	Germanic/docs/lexeme_reports/model_entries/2119-man-mannes.model.md:31	\index[iv]{02oe@\ivlangheader{Old English}{West Saxon normalization unmarked}!menn@\iventry{menn}{}}	oe		menn	menn	comparison_form	explicit_tag	Germanic/docs/lexeme_reports/model_entries/2119-man-mannes.model.md:31	1	Germanic/docs/lexeme_reports/model_entries/2119-man-mannes.model.md:31:4
Germanic/docs/lexeme_reports/model_entries/2119-man-mannes.model.md:33:1	Germanic/docs/lexeme_reports/model_entries/2119-man-mannes.model.md:33:1	explicit_tag	Germanic/docs/lexeme_reports/model_entries/2119-man-mannes.model.md:33	\index[iv]{02oe@\ivlangheader{Old English}{West Saxon normalization unmarked}!man@\iventry{man}{}}	oe		man	man	comparison_form	explicit_tag	Germanic/docs/lexeme_reports/model_entries/2119-man-mannes.model.md:33	1	Germanic/docs/lexeme_reports/model_entries/2119-man-mannes.model.md:33:1
Germanic/docs/lexeme_reports/model_entries/2119-man-mannes.model.md:33:2	Germanic/docs/lexeme_reports/model_entries/2119-man-mannes.model.md:33:2	explicit_tag	Germanic/docs/lexeme_reports/model_entries/2119-man-mannes.model.md:33	\index[iv]{02oe@\ivlangheader{Old English}{West Saxon normalization unmarked}!mannes@\iventry{mannes}{}}	oe		mannes	mannes	target_form	explicit_tag	Germanic/docs/lexeme_reports/model_entries/2119-man-mannes.model.md:33	1	Germanic/docs/lexeme_reports/model_entries/2119-man-mannes.model.md:33:2
Germanic/docs/lexeme_reports/model_entries/2119-man-mannes.model.md:34:1	Germanic/docs/lexeme_reports/model_entries/2119-man-mannes.model.md:34:1	explicit_tag	Germanic/docs/lexeme_reports/model_entries/2119-man-mannes.model.md:34	\index[iv]{02oe@\ivlangheader{Old English}{West Saxon normalization unmarked}!man@\iventry{man}{}}	oe		man	man	comparison_form	explicit_tag	Germanic/docs/lexeme_reports/model_entries/2119-man-mannes.model.md:34	1	Germanic/docs/lexeme_reports/model_entries/2119-man-mannes.model.md:34:1
Germanic/docs/lexeme_reports/model_entries/2119-man-mannes.model.md:35:2	Germanic/docs/lexeme_reports/model_entries/2119-man-mannes.model.md:35:2	explicit_tag	Germanic/docs/lexeme_reports/model_entries/2119-man-mannes.model.md:35	\index[iv]{02oe@\ivlangheader{Old English}{West Saxon normalization unmarked}!mann@\iventry{mann}{}}	oe		mann	mann	comparison_form	explicit_tag	Germanic/docs/lexeme_reports/model_entries/2119-man-mannes.model.md:35	1	Germanic/docs/lexeme_reports/model_entries/2119-man-mannes.model.md:35:2
Germanic/docs/lexeme_reports/model_entries/2119-man-mannes.model.md:35:1	Germanic/docs/lexeme_reports/model_entries/2119-man-mannes.model.md:35:1	explicit_tag	Germanic/docs/lexeme_reports/model_entries/2119-man-mannes.model.md:35	\index[iv]{02oe@\ivlangheader{Old English}{West Saxon normalization unmarked}!monnes@\iventry{monnes}{}}	oe		monnes	monnes	comparison_form	explicit_tag	Germanic/docs/lexeme_reports/model_entries/2119-man-mannes.model.md:35	1	Germanic/docs/lexeme_reports/model_entries/2119-man-mannes.model.md:35:1
Germanic/docs/lexeme_reports/model_entries/2119-man-mannes.model.md:39:2	Germanic/docs/lexeme_reports/model_entries/2119-man-mannes.model.md:39:2	explicit_tag	Germanic/docs/lexeme_reports/model_entries/2119-man-mannes.model.md:39	\index[iv]{02oe@\ivlangheader{Old English}{West Saxon normalization unmarked}!mann@\iventry{mann}{}}	oe		mann	mann	comparison_form	explicit_tag	Germanic/docs/lexeme_reports/model_entries/2119-man-mannes.model.md:39	1	Germanic/docs/lexeme_reports/model_entries/2119-man-mannes.model.md:39:2
Germanic/docs/lexeme_reports/model_entries/2119-man-mannes.model.md:39:1	Germanic/docs/lexeme_reports/model_entries/2119-man-mannes.model.md:39:1	explicit_tag	Germanic/docs/lexeme_reports/model_entries/2119-man-mannes.model.md:39	\index[iv]{02oe@\ivlangheader{Old English}{West Saxon normalization unmarked}!mannes@\iventry{mannes}{}}	oe		mannes	mannes	target_form	explicit_tag	Germanic/docs/lexeme_reports/model_entries/2119-man-mannes.model.md:39	1	Germanic/docs/lexeme_reports/model_entries/2119-man-mannes.model.md:39:1
Germanic/docs/lexeme_reports/model_entries/2119-man-mannes.model.md:43:1	Germanic/docs/lexeme_reports/model_entries/2119-man-mannes.model.md:43:1	explicit_tag	Germanic/docs/lexeme_reports/model_entries/2119-man-mannes.model.md:43	\index[iv]{02oe@\ivlangheader{Old English}{West Saxon normalization unmarked}!menn@\iventry{menn}{}}	oe		menn	menn	comparison_form	explicit_tag	Germanic/docs/lexeme_reports/model_entries/2119-man-mannes.model.md:43	1	Germanic/docs/lexeme_reports/model_entries/2119-man-mannes.model.md:43:1
Germanic/docs/lexeme_reports/model_entries/2119-man-mannes.model.md:57:3	Germanic/docs/lexeme_reports/model_entries/2119-man-mannes.model.md:57:3	explicit_tag	Germanic/docs/lexeme_reports/model_entries/2119-man-mannes.model.md:57	\index[iv]{02oe@\ivlangheader{Old English}{West Saxon normalization unmarked}!mann@\iventry{mann}{}}	oe		mann	mann	comparison_form	explicit_tag	Germanic/docs/lexeme_reports/model_entries/2119-man-mannes.model.md:57	1	Germanic/docs/lexeme_reports/model_entries/2119-man-mannes.model.md:57:3
Germanic/docs/lexeme_reports/model_entries/2119-man-mannes.model.md:57:1	Germanic/docs/lexeme_reports/model_entries/2119-man-mannes.model.md:57:1	explicit_tag	Germanic/docs/lexeme_reports/model_entries/2119-man-mannes.model.md:57	\index[iv]{03pgmc@\ivlangheader{Proto-Germanic}{}!mannaz@\iventry{*mannăz}{}}	pgmc		*mannăz	mannaz	source_protoform	explicit_tag	Germanic/docs/lexeme_reports/model_entries/2119-man-mannes.model.md:57	1	Germanic/docs/lexeme_reports/model_entries/2119-man-mannes.model.md:57:1
Germanic/docs/lexeme_reports/model_entries/2119-man-mannes.model.md:57:4	Germanic/docs/lexeme_reports/model_entries/2119-man-mannes.model.md:57:4	explicit_tag	Germanic/docs/lexeme_reports/model_entries/2119-man-mannes.model.md:57	\index[iv]{02oe@\ivlangheader{Old English}{West Saxon normalization unmarked}!monn@\iventry{monn}{}}	oe		monn	monn	comparison_form	explicit_tag	Germanic/docs/lexeme_reports/model_entries/2119-man-mannes.model.md:57	1	Germanic/docs/lexeme_reports/model_entries/2119-man-mannes.model.md:57:4
Germanic/docs/lexeme_reports/model_entries/2119-man-mannes.model.md:58:3	Germanic/docs/lexeme_reports/model_entries/2119-man-mannes.model.md:58:3	explicit_tag	Germanic/docs/lexeme_reports/model_entries/2119-man-mannes.model.md:58	\index[iv]{02oe@\ivlangheader{Old English}{West Saxon normalization unmarked}!man@\iventry{man}{}}	oe		man	man	comparison_form	explicit_tag	Germanic/docs/lexeme_reports/model_entries/2119-man-mannes.model.md:58	1	Germanic/docs/lexeme_reports/model_entries/2119-man-mannes.model.md:58:3
Germanic/docs/lexeme_reports/model_entries/2119-man-mannes.model.md:58:1	Germanic/docs/lexeme_reports/model_entries/2119-man-mannes.model.md:58:1	explicit_tag	Germanic/docs/lexeme_reports/model_entries/2119-man-mannes.model.md:58	\index[iv]{03pgmc@\ivlangheader{Proto-Germanic}{}!manna@\iventry{*manną}{}}	pgmc		*manną	manna	comparison_form	explicit_tag	Germanic/docs/lexeme_reports/model_entries/2119-man-mannes.model.md:58	1	Germanic/docs/lexeme_reports/model_entries/2119-man-mannes.model.md:58:1
Germanic/docs/lexeme_reports/model_entries/2119-man-mannes.model.md:59:1	Germanic/docs/lexeme_reports/model_entries/2119-man-mannes.model.md:59:1	explicit_tag	Germanic/docs/lexeme_reports/model_entries/2119-man-mannes.model.md:59	\index[iv]{03pgmc@\ivlangheader{Proto-Germanic}{}!mannai@\iventry{*mannăi}{}}	pgmc		*mannăi	mannai	comparison_form	explicit_tag	Germanic/docs/lexeme_reports/model_entries/2119-man-mannes.model.md:59	1	Germanic/docs/lexeme_reports/model_entries/2119-man-mannes.model.md:59:1
Germanic/docs/lexeme_reports/model_entries/2119-man-mannes.model.md:59:3	Germanic/docs/lexeme_reports/model_entries/2119-man-mannes.model.md:59:3	explicit_tag	Germanic/docs/lexeme_reports/model_entries/2119-man-mannes.model.md:59	\index[iv]{02oe@\ivlangheader{Old English}{West Saxon normalization unmarked}!manne@\iventry{manne}{}}	oe		manne	manne	comparison_form	explicit_tag	Germanic/docs/lexeme_reports/model_entries/2119-man-mannes.model.md:59	1	Germanic/docs/lexeme_reports/model_entries/2119-man-mannes.model.md:59:3
Germanic/docs/lexeme_reports/model_entries/2119-man-mannes.model.md:60:1	Germanic/docs/lexeme_reports/model_entries/2119-man-mannes.model.md:60:1	explicit_tag	Germanic/docs/lexeme_reports/model_entries/2119-man-mannes.model.md:60	\index[iv]{03pgmc@\ivlangheader{Proto-Germanic}{}!mannas@\iventry{*mánnas}{}}	pgmc		*mánnas	mannas	selected_input	explicit_tag	Germanic/docs/lexeme_reports/model_entries/2119-man-mannes.model.md:60	1	Germanic/docs/lexeme_reports/model_entries/2119-man-mannes.model.md:60:1
Germanic/docs/lexeme_reports/model_entries/2119-man-mannes.model.md:60:3	Germanic/docs/lexeme_reports/model_entries/2119-man-mannes.model.md:60:3	explicit_tag	Germanic/docs/lexeme_reports/model_entries/2119-man-mannes.model.md:60	\index[iv]{02oe@\ivlangheader{Old English}{West Saxon normalization unmarked}!mannes@\iventry{mannes}{}}	oe		mannes	mannes	target_form	explicit_tag	Germanic/docs/lexeme_reports/model_entries/2119-man-mannes.model.md:60	1	Germanic/docs/lexeme_reports/model_entries/2119-man-mannes.model.md:60:3
Germanic/docs/lexeme_reports/model_entries/2124-meed-meorde.model.md:21:2	Germanic/docs/lexeme_reports/model_entries/2124-meed-meorde.model.md:21:2	explicit_tag	Germanic/docs/lexeme_reports/model_entries/2124-meed-meorde.model.md:21	\index[iv]{03pgmc@\ivlangheader{Proto-Germanic}{}!mizdai@\iventry{*mízdai}{}}	pgmc		*mízdai	mizdai	selected_input	explicit_tag	Germanic/docs/lexeme_reports/model_entries/2124-meed-meorde.model.md:21	1	Germanic/docs/lexeme_reports/model_entries/2124-meed-meorde.model.md:21:2
Germanic/docs/lexeme_reports/model_entries/2124-meed-meorde.model.md:21:1	Germanic/docs/lexeme_reports/model_entries/2124-meed-meorde.model.md:21:1	explicit_tag	Germanic/docs/lexeme_reports/model_entries/2124-meed-meorde.model.md:21	\index[iv]{03pgmc@\ivlangheader{Proto-Germanic}{}!mizdo@\iventry{*mizdō}{}}	pgmc		*mizdō	mizdo	source_protoform	explicit_tag	Germanic/docs/lexeme_reports/model_entries/2124-meed-meorde.model.md:21	1	Germanic/docs/lexeme_reports/model_entries/2124-meed-meorde.model.md:21:1
Germanic/docs/lexeme_reports/model_entries/2124-meed-meorde.model.md:23:1	Germanic/docs/lexeme_reports/model_entries/2124-meed-meorde.model.md:23:1	explicit_tag	Germanic/docs/lexeme_reports/model_entries/2124-meed-meorde.model.md:23	\index[iv]{02oe@\ivlangheader{Old English}{West Saxon normalization unmarked}!meord@\iventry{meord}{}}	oe		meord	meord	comparison_form	explicit_tag	Germanic/docs/lexeme_reports/model_entries/2124-meed-meorde.model.md:23	1	Germanic/docs/lexeme_reports/model_entries/2124-meed-meorde.model.md:23:1
Germanic/docs/lexeme_reports/model_entries/2124-meed-meorde.model.md:25:1	Germanic/docs/lexeme_reports/model_entries/2124-meed-meorde.model.md:25:1	explicit_tag	Germanic/docs/lexeme_reports/model_entries/2124-meed-meorde.model.md:25	\index[iv]{02oe@\ivlangheader{Old English}{West Saxon normalization unmarked}!med@\iventry{mēd}{}}	oe		mēd	med	comparison_form	explicit_tag	Germanic/docs/lexeme_reports/model_entries/2124-meed-meorde.model.md:25	1	Germanic/docs/lexeme_reports/model_entries/2124-meed-meorde.model.md:25:1
Germanic/docs/lexeme_reports/model_entries/2124-meed-meorde.model.md:33:1	Germanic/docs/lexeme_reports/model_entries/2124-meed-meorde.model.md:33:1	explicit_tag	Germanic/docs/lexeme_reports/model_entries/2124-meed-meorde.model.md:33	\index[iv]{02oe@\ivlangheader{Old English}{West Saxon normalization unmarked}!meorde@\iventry{meorde}{}}	oe		meorde	meorde	target_form	explicit_tag	Germanic/docs/lexeme_reports/model_entries/2124-meed-meorde.model.md:33	1	Germanic/docs/lexeme_reports/model_entries/2124-meed-meorde.model.md:33:1
Germanic/docs/lexeme_reports/model_entries/2124-meed-meorde.model.md:34:1	Germanic/docs/lexeme_reports/model_entries/2124-meed-meorde.model.md:34:1	explicit_tag	Germanic/docs/lexeme_reports/model_entries/2124-meed-meorde.model.md:34	\index[iv]{02oe@\ivlangheader{Old English}{West Saxon normalization unmarked}!meorda@\iventry{meorda}{}}	oe		meorda	meorda	comparison_form	explicit_tag	Germanic/docs/lexeme_reports/model_entries/2124-meed-meorde.model.md:34	1	Germanic/docs/lexeme_reports/model_entries/2124-meed-meorde.model.md:34:1
Germanic/docs/lexeme_reports/model_entries/2124-meed-meorde.model.md:35:1	Germanic/docs/lexeme_reports/model_entries/2124-meed-meorde.model.md:35:1	explicit_tag	Germanic/docs/lexeme_reports/model_entries/2124-meed-meorde.model.md:35	\index[iv]{02oe@\ivlangheader{Old English}{West Saxon normalization unmarked}!meord@\iventry{meord}{}}	oe		meord	meord	comparison_form	explicit_tag	Germanic/docs/lexeme_reports/model_entries/2124-meed-meorde.model.md:35	1	Germanic/docs/lexeme_reports/model_entries/2124-meed-meorde.model.md:35:1
Germanic/docs/lexeme_reports/model_entries/2124-meed-meorde.model.md:39:1	Germanic/docs/lexeme_reports/model_entries/2124-meed-meorde.model.md:39:1	explicit_tag	Germanic/docs/lexeme_reports/model_entries/2124-meed-meorde.model.md:39	\index[iv]{02oe@\ivlangheader{Old English}{West Saxon normalization unmarked}!meorde@\iventry{meorde}{}}	oe		meorde	meorde	target_form	explicit_tag	Germanic/docs/lexeme_reports/model_entries/2124-meed-meorde.model.md:39	1	Germanic/docs/lexeme_reports/model_entries/2124-meed-meorde.model.md:39:1
Germanic/docs/lexeme_reports/model_entries/2124-meed-meorde.model.md:40:1	Germanic/docs/lexeme_reports/model_entries/2124-meed-meorde.model.md:40:1	explicit_tag	Germanic/docs/lexeme_reports/model_entries/2124-meed-meorde.model.md:40	\index[iv]{02oe@\ivlangheader{Old English}{West Saxon normalization unmarked}!meord@\iventry{meord}{}}	oe		meord	meord	comparison_form	explicit_tag	Germanic/docs/lexeme_reports/model_entries/2124-meed-meorde.model.md:40	1	Germanic/docs/lexeme_reports/model_entries/2124-meed-meorde.model.md:40:1
Germanic/docs/lexeme_reports/model_entries/2124-meed-meorde.model.md:53:1	Germanic/docs/lexeme_reports/model_entries/2124-meed-meorde.model.md:53:1	explicit_tag	Germanic/docs/lexeme_reports/model_entries/2124-meed-meorde.model.md:53	\index[iv]{02oe@\ivlangheader{Old English}{West Saxon normalization unmarked}!med@\iventry{mēd}{}}	oe		mēd	med	comparison_form	explicit_tag	Germanic/docs/lexeme_reports/model_entries/2124-meed-meorde.model.md:53	1	Germanic/docs/lexeme_reports/model_entries/2124-meed-meorde.model.md:53:1
Germanic/docs/lexeme_reports/model_entries/2124-meed-meorde.model.md:62:2	Germanic/docs/lexeme_reports/model_entries/2124-meed-meorde.model.md:62:2	explicit_tag	Germanic/docs/lexeme_reports/model_entries/2124-meed-meorde.model.md:62	\index[iv]{02oe@\ivlangheader{Old English}{West Saxon normalization unmarked}!meord@\iventry{meord}{}}	oe		meord	meord	comparison_form	explicit_tag	Germanic/docs/lexeme_reports/model_entries/2124-meed-meorde.model.md:62	1	Germanic/docs/lexeme_reports/model_entries/2124-meed-meorde.model.md:62:2
Germanic/docs/lexeme_reports/model_entries/2124-meed-meorde.model.md:62:3	Germanic/docs/lexeme_reports/model_entries/2124-meed-meorde.model.md:62:3	explicit_tag	Germanic/docs/lexeme_reports/model_entries/2124-meed-meorde.model.md:62	\index[iv]{02oe@\ivlangheader{Old English}{West Saxon normalization unmarked}!meord@\iventry{meord}{}}	oe		meord	meord	comparison_form	explicit_tag	Germanic/docs/lexeme_reports/model_entries/2124-meed-meorde.model.md:62	1	Germanic/docs/lexeme_reports/model_entries/2124-meed-meorde.model.md:62:3
Germanic/docs/lexeme_reports/model_entries/2124-meed-meorde.model.md:62:1	Germanic/docs/lexeme_reports/model_entries/2124-meed-meorde.model.md:62:1	explicit_tag	Germanic/docs/lexeme_reports/model_entries/2124-meed-meorde.model.md:62	\index[iv]{03pgmc@\ivlangheader{Proto-Germanic}{}!mizdo@\iventry{*mizdō}{}}	pgmc		*mizdō	mizdo	source_protoform	explicit_tag	Germanic/docs/lexeme_reports/model_entries/2124-meed-meorde.model.md:62	1	Germanic/docs/lexeme_reports/model_entries/2124-meed-meorde.model.md:62:1
Germanic/docs/lexeme_reports/model_entries/2124-meed-meorde.model.md:63:3	Germanic/docs/lexeme_reports/model_entries/2124-meed-meorde.model.md:63:3	explicit_tag	Germanic/docs/lexeme_reports/model_entries/2124-meed-meorde.model.md:63	\index[iv]{02oe@\ivlangheader{Old English}{West Saxon normalization unmarked}!meorde@\iventry{meorde}{}}	oe		meorde	meorde	target_form	explicit_tag	Germanic/docs/lexeme_reports/model_entries/2124-meed-meorde.model.md:63	1	Germanic/docs/lexeme_reports/model_entries/2124-meed-meorde.model.md:63:3
Germanic/docs/lexeme_reports/model_entries/2124-meed-meorde.model.md:63:1	Germanic/docs/lexeme_reports/model_entries/2124-meed-meorde.model.md:63:1	explicit_tag	Germanic/docs/lexeme_reports/model_entries/2124-meed-meorde.model.md:63	\index[iv]{03pgmc@\ivlangheader{Proto-Germanic}{}!mizdai@\iventry{*mízdai}{}}	pgmc		*mízdai	mizdai	selected_input	explicit_tag	Germanic/docs/lexeme_reports/model_entries/2124-meed-meorde.model.md:63	1	Germanic/docs/lexeme_reports/model_entries/2124-meed-meorde.model.md:63:1
Germanic/docs/lexeme_reports/model_entries/2124-meed-meorde.model.md:64:3	Germanic/docs/lexeme_reports/model_entries/2124-meed-meorde.model.md:64:3	explicit_tag	Germanic/docs/lexeme_reports/model_entries/2124-meed-meorde.model.md:64	\index[iv]{02oe@\ivlangheader{Old English}{West Saxon normalization unmarked}!meorde@\iventry{meorde}{}}	oe		meorde	meorde	target_form	explicit_tag	Germanic/docs/lexeme_reports/model_entries/2124-meed-meorde.model.md:64	1	Germanic/docs/lexeme_reports/model_entries/2124-meed-meorde.model.md:64:3
Germanic/docs/lexeme_reports/model_entries/2124-meed-meorde.model.md:64:1	Germanic/docs/lexeme_reports/model_entries/2124-meed-meorde.model.md:64:1	explicit_tag	Germanic/docs/lexeme_reports/model_entries/2124-meed-meorde.model.md:64	\index[iv]{03pgmc@\ivlangheader{Proto-Germanic}{}!mizdoz@\iventry{*mizdōz}{}}	pgmc		*mizdōz	mizdoz	comparison_form	explicit_tag	Germanic/docs/lexeme_reports/model_entries/2124-meed-meorde.model.md:64	1	Germanic/docs/lexeme_reports/model_entries/2124-meed-meorde.model.md:64:1
Germanic/docs/lexeme_reports/model_entries/2124-meed-meorde.model.md:65:1	Germanic/docs/lexeme_reports/model_entries/2124-meed-meorde.model.md:65:1	explicit_tag	Germanic/docs/lexeme_reports/model_entries/2124-meed-meorde.model.md:65	\index[iv]{02oe@\ivlangheader{Old English}{West Saxon normalization unmarked}!meorda@\iventry{meorda}{}}	oe		meorda	meorda	comparison_form	explicit_tag	Germanic/docs/lexeme_reports/model_entries/2124-meed-meorde.model.md:65	1	Germanic/docs/lexeme_reports/model_entries/2124-meed-meorde.model.md:65:1
Germanic/docs/lexeme_reports/model_entries/2124-meed-meorde.model.md:65:2	Germanic/docs/lexeme_reports/model_entries/2124-meed-meorde.model.md:65:2	explicit_tag	Germanic/docs/lexeme_reports/model_entries/2124-meed-meorde.model.md:65	\index[iv]{02oe@\ivlangheader{Old English}{West Saxon normalization unmarked}!meorda@\iventry{meorda}{}}	oe		meorda	meorda	comparison_form	explicit_tag	Germanic/docs/lexeme_reports/model_entries/2124-meed-meorde.model.md:65	1	Germanic/docs/lexeme_reports/model_entries/2124-meed-meorde.model.md:65:2
Germanic/docs/lexeme_reports/model_entries/2126-milk-meoloc.model.md:25:1	Germanic/docs/lexeme_reports/model_entries/2126-milk-meoloc.model.md:25:1	explicit_tag	Germanic/docs/lexeme_reports/model_entries/2126-milk-meoloc.model.md:25	\index[iv]{02oe@\ivlangheader{Old English}{West Saxon normalization unmarked}!meoloc@\iventry{meoloc}{}}	oe		meoloc	meoloc	comparison_form	explicit_tag	Germanic/docs/lexeme_reports/model_entries/2126-milk-meoloc.model.md:25	1	Germanic/docs/lexeme_reports/model_entries/2126-milk-meoloc.model.md:25:1
Germanic/docs/lexeme_reports/model_entries/2126-milk-meoloc.model.md:29:1	Germanic/docs/lexeme_reports/model_entries/2126-milk-meoloc.model.md:29:1	explicit_tag	Germanic/docs/lexeme_reports/model_entries/2126-milk-meoloc.model.md:29	\index[iv]{02oe@\ivlangheader{Old English}{West Saxon normalization unmarked}!meoloc@\iventry{meoloc}{}}	oe		meoloc	meoloc	comparison_form	explicit_tag	Germanic/docs/lexeme_reports/model_entries/2126-milk-meoloc.model.md:29	1	Germanic/docs/lexeme_reports/model_entries/2126-milk-meoloc.model.md:29:1
Germanic/docs/lexeme_reports/model_entries/2133-navel-nafola.model.md:21:1	Germanic/docs/lexeme_reports/model_entries/2133-navel-nafola.model.md:21:1	explicit_tag	Germanic/docs/lexeme_reports/model_entries/2133-navel-nafola.model.md:21	\index[iv]{02oe@\ivlangheader{Old English}{West Saxon normalization unmarked}!nafela@\iventry{nafela}{}}	oe		nafela	nafela	comparison_form	explicit_tag	Germanic/docs/lexeme_reports/model_entries/2133-navel-nafola.model.md:21	1	Germanic/docs/lexeme_reports/model_entries/2133-navel-nafola.model.md:21:1
Germanic/docs/lexeme_reports/model_entries/2133-navel-nafola.model.md:25:1	Germanic/docs/lexeme_reports/model_entries/2133-navel-nafola.model.md:25:1	explicit_tag	Germanic/docs/lexeme_reports/model_entries/2133-navel-nafola.model.md:25	\index[iv]{03pgmc@\ivlangheader{Proto-Germanic}{}!nabulo@\iventry{*nábulô}{}}	pgmc		*nábulô	nabulo	selected_input	explicit_tag	Germanic/docs/lexeme_reports/model_entries/2133-navel-nafola.model.md:25	1	Germanic/docs/lexeme_reports/model_entries/2133-navel-nafola.model.md:25:1
Germanic/docs/lexeme_reports/model_entries/2133-navel-nafola.model.md:33:2	Germanic/docs/lexeme_reports/model_entries/2133-navel-nafola.model.md:33:2	explicit_tag	Germanic/docs/lexeme_reports/model_entries/2133-navel-nafola.model.md:33	\index[iv]{02oe@\ivlangheader{Old English}{West Saxon normalization unmarked}!nafela@\iventry{nafela}{}}	oe		nafela	nafela	comparison_form	explicit_tag	Germanic/docs/lexeme_reports/model_entries/2133-navel-nafola.model.md:33	1	Germanic/docs/lexeme_reports/model_entries/2133-navel-nafola.model.md:33:2
Germanic/docs/lexeme_reports/model_entries/2133-navel-nafola.model.md:33:1	Germanic/docs/lexeme_reports/model_entries/2133-navel-nafola.model.md:33:1	explicit_tag	Germanic/docs/lexeme_reports/model_entries/2133-navel-nafola.model.md:33	\index[iv]{02oe@\ivlangheader{Old English}{West Saxon normalization unmarked}!nafola@\iventry{nafola}{}}	oe		nafola	nafola	target_form	explicit_tag	Germanic/docs/lexeme_reports/model_entries/2133-navel-nafola.model.md:33	1	Germanic/docs/lexeme_reports/model_entries/2133-navel-nafola.model.md:33:1
Germanic/docs/lexeme_reports/model_entries/2133-navel-nafola.model.md:35:1	Germanic/docs/lexeme_reports/model_entries/2133-navel-nafola.model.md:35:1	explicit_tag	Germanic/docs/lexeme_reports/model_entries/2133-navel-nafola.model.md:35	\index[iv]{02oe@\ivlangheader{Old English}{West Saxon normalization unmarked}!nabula@\iventry{nabula}{}}	oe		nabula	nabula	comparison_form	explicit_tag	Germanic/docs/lexeme_reports/model_entries/2133-navel-nafola.model.md:35	1	Germanic/docs/lexeme_reports/model_entries/2133-navel-nafola.model.md:35:1
Germanic/docs/lexeme_reports/model_entries/2133-navel-nafola.model.md:36:1	Germanic/docs/lexeme_reports/model_entries/2133-navel-nafola.model.md:36:1	explicit_tag	Germanic/docs/lexeme_reports/model_entries/2133-navel-nafola.model.md:36	\index[iv]{02oe@\ivlangheader{Old English}{West Saxon normalization unmarked}!nafola@\iventry{nafola}{}}	oe		nafola	nafola	target_form	explicit_tag	Germanic/docs/lexeme_reports/model_entries/2133-navel-nafola.model.md:36	1	Germanic/docs/lexeme_reports/model_entries/2133-navel-nafola.model.md:36:1
Germanic/docs/lexeme_reports/model_entries/2133-navel-nafola.model.md:39:2	Germanic/docs/lexeme_reports/model_entries/2133-navel-nafola.model.md:39:2	explicit_tag	Germanic/docs/lexeme_reports/model_entries/2133-navel-nafola.model.md:39	\index[iv]{02oe@\ivlangheader{Old English}{West Saxon normalization unmarked}!nabula@\iventry{nabula}{}}	oe		nabula	nabula	comparison_form	explicit_tag	Germanic/docs/lexeme_reports/model_entries/2133-navel-nafola.model.md:39	1	Germanic/docs/lexeme_reports/model_entries/2133-navel-nafola.model.md:39:2
Germanic/docs/lexeme_reports/model_entries/2133-navel-nafola.model.md:39:1	Germanic/docs/lexeme_reports/model_entries/2133-navel-nafola.model.md:39:1	explicit_tag	Germanic/docs/lexeme_reports/model_entries/2133-navel-nafola.model.md:39	\index[iv]{02oe@\ivlangheader{Old English}{West Saxon normalization unmarked}!nafela@\iventry{nafela}{}}	oe		nafela	nafela	comparison_form	explicit_tag	Germanic/docs/lexeme_reports/model_entries/2133-navel-nafola.model.md:39	1	Germanic/docs/lexeme_reports/model_entries/2133-navel-nafola.model.md:39:1
Germanic/docs/lexeme_reports/model_entries/2133-navel-nafola.model.md:41:1	Germanic/docs/lexeme_reports/model_entries/2133-navel-nafola.model.md:41:1	explicit_tag	Germanic/docs/lexeme_reports/model_entries/2133-navel-nafola.model.md:41	\index[iv]{02oe@\ivlangheader{Old English}{West Saxon normalization unmarked}!nafola@\iventry{nafola}{}}	oe		nafola	nafola	target_form	explicit_tag	Germanic/docs/lexeme_reports/model_entries/2133-navel-nafola.model.md:41	1	Germanic/docs/lexeme_reports/model_entries/2133-navel-nafola.model.md:41:1
Germanic/docs/lexeme_reports/model_entries/2133-navel-nafola.model.md:60:1	Germanic/docs/lexeme_reports/model_entries/2133-navel-nafola.model.md:60:1	explicit_tag	Germanic/docs/lexeme_reports/model_entries/2133-navel-nafola.model.md:60	\index[iv]{03pgmc@\ivlangheader{Proto-Germanic}{}!nablo@\iventry{*nablô}{}}	pgmc		*nablô	nablo	source_protoform	explicit_tag	Germanic/docs/lexeme_reports/model_entries/2133-navel-nafola.model.md:60	1	Germanic/docs/lexeme_reports/model_entries/2133-navel-nafola.model.md:60:1
Germanic/docs/lexeme_reports/model_entries/2133-navel-nafola.model.md:60:2	Germanic/docs/lexeme_reports/model_entries/2133-navel-nafola.model.md:60:2	explicit_tag	Germanic/docs/lexeme_reports/model_entries/2133-navel-nafola.model.md:60	\index[iv]{02oe@\ivlangheader{Old English}{West Saxon normalization unmarked}!nafola@\iventry{nafola}{}}	oe		nafola	nafola	target_form	explicit_tag	Germanic/docs/lexeme_reports/model_entries/2133-navel-nafola.model.md:60	1	Germanic/docs/lexeme_reports/model_entries/2133-navel-nafola.model.md:60:2
Germanic/docs/lexeme_reports/model_entries/2133-navel-nafola.model.md:61:1	Germanic/docs/lexeme_reports/model_entries/2133-navel-nafola.model.md:61:1	explicit_tag	Germanic/docs/lexeme_reports/model_entries/2133-navel-nafola.model.md:61	\index[iv]{03pgmc@\ivlangheader{Proto-Germanic}{}!nabulo@\iventry{*nábulô}{}}	pgmc		*nábulô	nabulo	selected_input	explicit_tag	Germanic/docs/lexeme_reports/model_entries/2133-navel-nafola.model.md:61	1	Germanic/docs/lexeme_reports/model_entries/2133-navel-nafola.model.md:61:1
Germanic/docs/lexeme_reports/model_entries/2133-navel-nafola.model.md:61:3	Germanic/docs/lexeme_reports/model_entries/2133-navel-nafola.model.md:61:3	explicit_tag	Germanic/docs/lexeme_reports/model_entries/2133-navel-nafola.model.md:61	\index[iv]{02oe@\ivlangheader{Old English}{West Saxon normalization unmarked}!nafola@\iventry{nafola}{}}	oe		nafola	nafola	target_form	explicit_tag	Germanic/docs/lexeme_reports/model_entries/2133-navel-nafola.model.md:61	1	Germanic/docs/lexeme_reports/model_entries/2133-navel-nafola.model.md:61:3
Germanic/docs/lexeme_reports/model_entries/2133-navel-nafola.model.md:62:2	Germanic/docs/lexeme_reports/model_entries/2133-navel-nafola.model.md:62:2	explicit_tag	Germanic/docs/lexeme_reports/model_entries/2133-navel-nafola.model.md:62	\index[iv]{02oe@\ivlangheader{Old English}{West Saxon normalization unmarked}!nabula@\iventry{nabula}{}}	oe		nabula	nabula	comparison_form	explicit_tag	Germanic/docs/lexeme_reports/model_entries/2133-navel-nafola.model.md:62	1	Germanic/docs/lexeme_reports/model_entries/2133-navel-nafola.model.md:62:2
Germanic/docs/lexeme_reports/model_entries/2133-navel-nafola.model.md:62:4	Germanic/docs/lexeme_reports/model_entries/2133-navel-nafola.model.md:62:4	explicit_tag	Germanic/docs/lexeme_reports/model_entries/2133-navel-nafola.model.md:62	\index[iv]{02oe@\ivlangheader{Old English}{West Saxon normalization unmarked}!nabula@\iventry{nabula}{}}	oe		nabula	nabula	comparison_form	explicit_tag	Germanic/docs/lexeme_reports/model_entries/2133-navel-nafola.model.md:62	1	Germanic/docs/lexeme_reports/model_entries/2133-navel-nafola.model.md:62:4
Germanic/docs/lexeme_reports/model_entries/2133-navel-nafola.model.md:62:1	Germanic/docs/lexeme_reports/model_entries/2133-navel-nafola.model.md:62:1	explicit_tag	Germanic/docs/lexeme_reports/model_entries/2133-navel-nafola.model.md:62	\index[iv]{02oe@\ivlangheader{Old English}{West Saxon normalization unmarked}!nafela@\iventry{nafela}{}}	oe		nafela	nafela	comparison_form	explicit_tag	Germanic/docs/lexeme_reports/model_entries/2133-navel-nafola.model.md:62	1	Germanic/docs/lexeme_reports/model_entries/2133-navel-nafola.model.md:62:1
Germanic/docs/lexeme_reports/model_entries/2133-navel-nafola.model.md:62:3	Germanic/docs/lexeme_reports/model_entries/2133-navel-nafola.model.md:62:3	explicit_tag	Germanic/docs/lexeme_reports/model_entries/2133-navel-nafola.model.md:62	\index[iv]{02oe@\ivlangheader{Old English}{West Saxon normalization unmarked}!nafela@\iventry{nafela}{}}	oe		nafela	nafela	comparison_form	explicit_tag	Germanic/docs/lexeme_reports/model_entries/2133-navel-nafola.model.md:62	1	Germanic/docs/lexeme_reports/model_entries/2133-navel-nafola.model.md:62:3
Germanic/docs/lexeme_reports/model_entries/2134-neck-hnecca.model.md:23:1	Germanic/docs/lexeme_reports/model_entries/2134-neck-hnecca.model.md:23:1	explicit_tag	Germanic/docs/lexeme_reports/model_entries/2134-neck-hnecca.model.md:23	\index[iv]{02oe@\ivlangheader{Old English}{West Saxon normalization unmarked}!hnecca@\iventry{hnecca}{}}	oe		hnecca	hnecca	comparison_form	explicit_tag	Germanic/docs/lexeme_reports/model_entries/2134-neck-hnecca.model.md:23	1	Germanic/docs/lexeme_reports/model_entries/2134-neck-hnecca.model.md:23:1
Germanic/docs/lexeme_reports/model_entries/2134-neck-hnecca.model.md:27:1	Germanic/docs/lexeme_reports/model_entries/2134-neck-hnecca.model.md:27:1	explicit_tag	Germanic/docs/lexeme_reports/model_entries/2134-neck-hnecca.model.md:27	\index[iv]{03pgmc@\ivlangheader{Proto-Germanic}{}!xnakkaz@\iventry{*xnákkaz}{}}	pgmc		*xnákkaz	xnakkaz	source_protoform	explicit_tag	Germanic/docs/lexeme_reports/model_entries/2134-neck-hnecca.model.md:27	1	Germanic/docs/lexeme_reports/model_entries/2134-neck-hnecca.model.md:27:1
Germanic/docs/lexeme_reports/model_entries/2134-neck-hnecca.model.md:29:1	Germanic/docs/lexeme_reports/model_entries/2134-neck-hnecca.model.md:29:1	explicit_tag	Germanic/docs/lexeme_reports/model_entries/2134-neck-hnecca.model.md:29	\index[iv]{03pgmc@\ivlangheader{Proto-Germanic}{}!xnekko@\iventry{*xnékkô}{}}	pgmc		*xnékkô	xnekko	selected_input	explicit_tag	Germanic/docs/lexeme_reports/model_entries/2134-neck-hnecca.model.md:29	1	Germanic/docs/lexeme_reports/model_entries/2134-neck-hnecca.model.md:29:1
Germanic/docs/lexeme_reports/model_entries/2134-neck-hnecca.model.md:33:1	Germanic/docs/lexeme_reports/model_entries/2134-neck-hnecca.model.md:33:1	explicit_tag	Germanic/docs/lexeme_reports/model_entries/2134-neck-hnecca.model.md:33	\index[iv]{02oe@\ivlangheader{Old English}{West Saxon normalization unmarked}!hnecca@\iventry{hnecca}{}}	oe		hnecca	hnecca	comparison_form	explicit_tag	Germanic/docs/lexeme_reports/model_entries/2134-neck-hnecca.model.md:33	1	Germanic/docs/lexeme_reports/model_entries/2134-neck-hnecca.model.md:33:1
Germanic/docs/lexeme_reports/model_entries/2134-neck-hnecca.model.md:34:1	Germanic/docs/lexeme_reports/model_entries/2134-neck-hnecca.model.md:34:1	explicit_tag	Germanic/docs/lexeme_reports/model_entries/2134-neck-hnecca.model.md:34	\index[iv]{02oe@\ivlangheader{Old English}{West Saxon normalization unmarked}!hnecca@\iventry{hnecca}{}}	oe		hnecca	hnecca	comparison_form	explicit_tag	Germanic/docs/lexeme_reports/model_entries/2134-neck-hnecca.model.md:34	1	Germanic/docs/lexeme_reports/model_entries/2134-neck-hnecca.model.md:34:1
Germanic/docs/lexeme_reports/model_entries/2134-neck-hnecca.model.md:43:1	Germanic/docs/lexeme_reports/model_entries/2134-neck-hnecca.model.md:43:1	explicit_tag	Germanic/docs/lexeme_reports/model_entries/2134-neck-hnecca.model.md:43	\index[iv]{03pgmc@\ivlangheader{Proto-Germanic}{}!xnekko@\iventry{*xnékkô}{}}	pgmc		*xnékkô	xnekko	selected_input	explicit_tag	Germanic/docs/lexeme_reports/model_entries/2134-neck-hnecca.model.md:43	1	Germanic/docs/lexeme_reports/model_entries/2134-neck-hnecca.model.md:43:1
Germanic/docs/lexeme_reports/model_entries/2134-neck-hnecca.model.md:44:1	Germanic/docs/lexeme_reports/model_entries/2134-neck-hnecca.model.md:44:1	explicit_tag	Germanic/docs/lexeme_reports/model_entries/2134-neck-hnecca.model.md:44	\index[iv]{02oe@\ivlangheader{Old English}{West Saxon normalization unmarked}!hnecca@\iventry{hnecca}{}}	oe		hnecca	hnecca	target_form	explicit_tag	Germanic/docs/lexeme_reports/model_entries/2134-neck-hnecca.model.md:44	1	Germanic/docs/lexeme_reports/model_entries/2134-neck-hnecca.model.md:44:1
Germanic/docs/lexeme_reports/model_entries/2134-neck-hnecca.model.md:56:2	Germanic/docs/lexeme_reports/model_entries/2134-neck-hnecca.model.md:56:2	explicit_tag	Germanic/docs/lexeme_reports/model_entries/2134-neck-hnecca.model.md:56	\index[iv]{16german@\ivlangheader{German}{}!nacken@\iventry{Nacken}{}}	german		Nacken	nacken	comparison_form	explicit_tag	Germanic/docs/lexeme_reports/model_entries/2134-neck-hnecca.model.md:56	1	Germanic/docs/lexeme_reports/model_entries/2134-neck-hnecca.model.md:56:2
Germanic/docs/lexeme_reports/model_entries/2134-neck-hnecca.model.md:56:1	Germanic/docs/lexeme_reports/model_entries/2134-neck-hnecca.model.md:56:1	explicit_tag	Germanic/docs/lexeme_reports/model_entries/2134-neck-hnecca.model.md:56	\index[iv]{03pgmc@\ivlangheader{Proto-Germanic}{}!xnakkaz@\iventry{*xnákkaz}{}}	pgmc		*xnákkaz	xnakkaz	source_protoform	explicit_tag	Germanic/docs/lexeme_reports/model_entries/2134-neck-hnecca.model.md:56	1	Germanic/docs/lexeme_reports/model_entries/2134-neck-hnecca.model.md:56:1
Germanic/docs/lexeme_reports/model_entries/2134-neck-hnecca.model.md:57:2	Germanic/docs/lexeme_reports/model_entries/2134-neck-hnecca.model.md:57:2	explicit_tag	Germanic/docs/lexeme_reports/model_entries/2134-neck-hnecca.model.md:57	\index[iv]{02oe@\ivlangheader{Old English}{West Saxon normalization unmarked}!hnacca@\iventry{hnacca}{}}	oe		hnacca	hnacca	comparison_form	explicit_tag	Germanic/docs/lexeme_reports/model_entries/2134-neck-hnecca.model.md:57	1	Germanic/docs/lexeme_reports/model_entries/2134-neck-hnecca.model.md:57:2
Germanic/docs/lexeme_reports/model_entries/2134-neck-hnecca.model.md:57:3	Germanic/docs/lexeme_reports/model_entries/2134-neck-hnecca.model.md:57:3	explicit_tag	Germanic/docs/lexeme_reports/model_entries/2134-neck-hnecca.model.md:57	\index[iv]{02oe@\ivlangheader{Old English}{West Saxon normalization unmarked}!hnacca@\iventry{hnacca}{}}	oe		hnacca	hnacca	comparison_form	explicit_tag	Germanic/docs/lexeme_reports/model_entries/2134-neck-hnecca.model.md:57	1	Germanic/docs/lexeme_reports/model_entries/2134-neck-hnecca.model.md:57:3
Germanic/docs/lexeme_reports/model_entries/2134-neck-hnecca.model.md:57:1	Germanic/docs/lexeme_reports/model_entries/2134-neck-hnecca.model.md:57:1	explicit_tag	Germanic/docs/lexeme_reports/model_entries/2134-neck-hnecca.model.md:57	\index[iv]{03pgmc@\ivlangheader{Proto-Germanic}{}!xnakko@\iventry{*xnakkô}{}}	pgmc		*xnakkô	xnakko	comparison_form	explicit_tag	Germanic/docs/lexeme_reports/model_entries/2134-neck-hnecca.model.md:57	1	Germanic/docs/lexeme_reports/model_entries/2134-neck-hnecca.model.md:57:1
Germanic/docs/lexeme_reports/model_entries/2134-neck-hnecca.model.md:58:3	Germanic/docs/lexeme_reports/model_entries/2134-neck-hnecca.model.md:58:3	explicit_tag	Germanic/docs/lexeme_reports/model_entries/2134-neck-hnecca.model.md:58	\index[iv]{02oe@\ivlangheader{Old English}{West Saxon normalization unmarked}!hnecca@\iventry{hnecca}{}}	oe		hnecca	hnecca	target_form	explicit_tag	Germanic/docs/lexeme_reports/model_entries/2134-neck-hnecca.model.md:58	1	Germanic/docs/lexeme_reports/model_entries/2134-neck-hnecca.model.md:58:3
Germanic/docs/lexeme_reports/model_entries/2134-neck-hnecca.model.md:58:1	Germanic/docs/lexeme_reports/model_entries/2134-neck-hnecca.model.md:58:1	explicit_tag	Germanic/docs/lexeme_reports/model_entries/2134-neck-hnecca.model.md:58	\index[iv]{03pgmc@\ivlangheader{Proto-Germanic}{}!xnekko@\iventry{*xnékkô}{}}	pgmc		*xnékkô	xnekko	selected_input	explicit_tag	Germanic/docs/lexeme_reports/model_entries/2134-neck-hnecca.model.md:58	1	Germanic/docs/lexeme_reports/model_entries/2134-neck-hnecca.model.md:58:1
Germanic/docs/lexeme_reports/model_entries/2134-neck-hnecca.model.md:59:3	Germanic/docs/lexeme_reports/model_entries/2134-neck-hnecca.model.md:59:3	explicit_tag	Germanic/docs/lexeme_reports/model_entries/2134-neck-hnecca.model.md:59	\index[iv]{08on@\ivlangheader{Old Norse}{}!hnakki@\iventry{hnakki}{}}	on		hnakki	hnakki	comparison_form	explicit_tag	Germanic/docs/lexeme_reports/model_entries/2134-neck-hnecca.model.md:59	1	Germanic/docs/lexeme_reports/model_entries/2134-neck-hnecca.model.md:59:3
Germanic/docs/lexeme_reports/model_entries/2134-neck-hnecca.model.md:59:2	Germanic/docs/lexeme_reports/model_entries/2134-neck-hnecca.model.md:59:2	explicit_tag	Germanic/docs/lexeme_reports/model_entries/2134-neck-hnecca.model.md:59	\index[iv]{03pgmc@\ivlangheader{Proto-Germanic}{}!hnakkuns@\iventry{*hnakkuns}{}}	pgmc		*hnakkuns	hnakkuns	comparison_form	explicit_tag	Germanic/docs/lexeme_reports/model_entries/2134-neck-hnecca.model.md:59	1	Germanic/docs/lexeme_reports/model_entries/2134-neck-hnecca.model.md:59:2
Germanic/docs/lexeme_reports/model_entries/2134-neck-hnecca.model.md:59:1	Germanic/docs/lexeme_reports/model_entries/2134-neck-hnecca.model.md:59:1	explicit_tag	Germanic/docs/lexeme_reports/model_entries/2134-neck-hnecca.model.md:59	\index[iv]{03pgmc@\ivlangheader{Proto-Germanic}{}!hnukkaz@\iventry{*hnukkaz}{}}	pgmc		*hnukkaz	hnukkaz	comparison_form	explicit_tag	Germanic/docs/lexeme_reports/model_entries/2134-neck-hnecca.model.md:59	1	Germanic/docs/lexeme_reports/model_entries/2134-neck-hnecca.model.md:59:1
Germanic/docs/lexeme_reports/model_entries/2134-neck-hnecca.model.md:59:4	Germanic/docs/lexeme_reports/model_entries/2134-neck-hnecca.model.md:59:4	explicit_tag	Germanic/docs/lexeme_reports/model_entries/2134-neck-hnecca.model.md:59	\index[iv]{16german@\ivlangheader{German}{}!nacken@\iventry{Nacken}{}}	german		Nacken	nacken	comparison_form	explicit_tag	Germanic/docs/lexeme_reports/model_entries/2134-neck-hnecca.model.md:59	1	Germanic/docs/lexeme_reports/model_entries/2134-neck-hnecca.model.md:59:4
Germanic/docs/lexeme_reports/model_entries/2136-needle-nǣdl.model.md:23:1	Germanic/docs/lexeme_reports/model_entries/2136-needle-nǣdl.model.md:23:1	explicit_tag	Germanic/docs/lexeme_reports/model_entries/2136-needle-nǣdl.model.md:23	\index[iv]{03pgmc@\ivlangheader{Proto-Germanic}{}!nedlo@\iventry{*nḗðlō}{}}	pgmc		*nḗðlō	nedlo	selected_input	explicit_tag	Germanic/docs/lexeme_reports/model_entries/2136-needle-nǣdl.model.md:23	1	Germanic/docs/lexeme_reports/model_entries/2136-needle-nǣdl.model.md:23:1
Germanic/docs/lexeme_reports/model_entries/2136-needle-nǣdl.model.md:24:1	Germanic/docs/lexeme_reports/model_entries/2136-needle-nǣdl.model.md:24:1	explicit_tag	Germanic/docs/lexeme_reports/model_entries/2136-needle-nǣdl.model.md:24	\index[iv]{03pgmc@\ivlangheader{Proto-Germanic}{}!nethlo@\iventry{*nḗθlō}{}}	pgmc		*nḗθlō	nethlo	source_protoform	explicit_tag	Germanic/docs/lexeme_reports/model_entries/2136-needle-nǣdl.model.md:24	1	Germanic/docs/lexeme_reports/model_entries/2136-needle-nǣdl.model.md:24:1
Germanic/docs/lexeme_reports/model_entries/2136-needle-nǣdl.model.md:57:1	Germanic/docs/lexeme_reports/model_entries/2136-needle-nǣdl.model.md:57:1	explicit_tag	Germanic/docs/lexeme_reports/model_entries/2136-needle-nǣdl.model.md:57	\index[iv]{03pgmc@\ivlangheader{Proto-Germanic}{}!nethlo@\iventry{*nḗθlō}{}}	pgmc		*nḗθlō	nethlo	source_protoform	explicit_tag	Germanic/docs/lexeme_reports/model_entries/2136-needle-nǣdl.model.md:57	1	Germanic/docs/lexeme_reports/model_entries/2136-needle-nǣdl.model.md:57:1
Germanic/docs/lexeme_reports/model_entries/2136-needle-nǣdl.model.md:58:3	Germanic/docs/lexeme_reports/model_entries/2136-needle-nǣdl.model.md:58:3	explicit_tag	Germanic/docs/lexeme_reports/model_entries/2136-needle-nǣdl.model.md:58	\index[iv]{02oe@\ivlangheader{Old English}{West Saxon normalization unmarked}!naedl@\iventry{nǣdl}{}}	oe		nǣdl	naedl	target_form	explicit_tag	Germanic/docs/lexeme_reports/model_entries/2136-needle-nǣdl.model.md:58	1	Germanic/docs/lexeme_reports/model_entries/2136-needle-nǣdl.model.md:58:3
Germanic/docs/lexeme_reports/model_entries/2136-needle-nǣdl.model.md:58:1	Germanic/docs/lexeme_reports/model_entries/2136-needle-nǣdl.model.md:58:1	explicit_tag	Germanic/docs/lexeme_reports/model_entries/2136-needle-nǣdl.model.md:58	\index[iv]{03pgmc@\ivlangheader{Proto-Germanic}{}!nedlo@\iventry{*nḗðlō}{}}	pgmc		*nḗðlō	nedlo	selected_input	explicit_tag	Germanic/docs/lexeme_reports/model_entries/2136-needle-nǣdl.model.md:58	1	Germanic/docs/lexeme_reports/model_entries/2136-needle-nǣdl.model.md:58:1
Germanic/docs/lexeme_reports/model_entries/2138-net-nett.model.md:21:1	Germanic/docs/lexeme_reports/model_entries/2138-net-nett.model.md:21:1	explicit_tag	Germanic/docs/lexeme_reports/model_entries/2138-net-nett.model.md:21	\index[iv]{02oe@\ivlangheader{Old English}{West Saxon normalization unmarked}!nett@\iventry{nett}{}}	oe		nett	nett	comparison_form	explicit_tag	Germanic/docs/lexeme_reports/model_entries/2138-net-nett.model.md:21	1	Germanic/docs/lexeme_reports/model_entries/2138-net-nett.model.md:21:1
Germanic/docs/lexeme_reports/model_entries/2138-net-nett.model.md:25:1	Germanic/docs/lexeme_reports/model_entries/2138-net-nett.model.md:25:1	explicit_tag	Germanic/docs/lexeme_reports/model_entries/2138-net-nett.model.md:25	\index[iv]{02oe@\ivlangheader{Old English}{West Saxon normalization unmarked}!nett@\iventry{nett}{}}	oe		nett	nett	comparison_form	explicit_tag	Germanic/docs/lexeme_reports/model_entries/2138-net-nett.model.md:25	1	Germanic/docs/lexeme_reports/model_entries/2138-net-nett.model.md:25:1
Germanic/docs/lexeme_reports/model_entries/2138-net-nett.model.md:29:1	Germanic/docs/lexeme_reports/model_entries/2138-net-nett.model.md:29:1	explicit_tag	Germanic/docs/lexeme_reports/model_entries/2138-net-nett.model.md:29	\index[iv]{02oe@\ivlangheader{Old English}{West Saxon normalization unmarked}!nett@\iventry{nett}{}}	oe		nett	nett	comparison_form	explicit_tag	Germanic/docs/lexeme_reports/model_entries/2138-net-nett.model.md:29	1	Germanic/docs/lexeme_reports/model_entries/2138-net-nett.model.md:29:1
Germanic/docs/lexeme_reports/model_entries/2138-net-nett.model.md:33:1	Germanic/docs/lexeme_reports/model_entries/2138-net-nett.model.md:33:1	explicit_tag	Germanic/docs/lexeme_reports/model_entries/2138-net-nett.model.md:33	\index[iv]{02oe@\ivlangheader{Old English}{West Saxon normalization unmarked}!nett@\iventry{nett}{}}	oe		nett	nett	comparison_form	explicit_tag	Germanic/docs/lexeme_reports/model_entries/2138-net-nett.model.md:33	1	Germanic/docs/lexeme_reports/model_entries/2138-net-nett.model.md:33:1
Germanic/docs/lexeme_reports/model_entries/2140-night-niht.model.md:21:1	Germanic/docs/lexeme_reports/model_entries/2140-night-niht.model.md:21:1	explicit_tag	Germanic/docs/lexeme_reports/model_entries/2140-night-niht.model.md:21	\index[iv]{02oe@\ivlangheader{Old English}{West Saxon normalization unmarked}!niht@\iventry{niht}{}}	oe		niht	niht	target_form	explicit_tag	Germanic/docs/lexeme_reports/model_entries/2140-night-niht.model.md:21	1	Germanic/docs/lexeme_reports/model_entries/2140-night-niht.model.md:21:1
Germanic/docs/lexeme_reports/model_entries/2140-night-niht.model.md:22:1	Germanic/docs/lexeme_reports/model_entries/2140-night-niht.model.md:22:1	explicit_tag	Germanic/docs/lexeme_reports/model_entries/2140-night-niht.model.md:22	\index[iv]{03pgmc@\ivlangheader{Proto-Germanic}{}!naxtz@\iventry{*náxtz}{}}	pgmc		*náxtz	naxtz	source_protoform	explicit_tag	Germanic/docs/lexeme_reports/model_entries/2140-night-niht.model.md:22	1	Germanic/docs/lexeme_reports/model_entries/2140-night-niht.model.md:22:1
Germanic/docs/lexeme_reports/model_entries/2140-night-niht.model.md:24:1	Germanic/docs/lexeme_reports/model_entries/2140-night-niht.model.md:24:1	explicit_tag	Germanic/docs/lexeme_reports/model_entries/2140-night-niht.model.md:24	\index[iv]{03pgmc@\ivlangheader{Proto-Germanic}{}!naxti@\iventry{*náxti}{}}	pgmc		*náxti	naxti	selected_input	explicit_tag	Germanic/docs/lexeme_reports/model_entries/2140-night-niht.model.md:24	1	Germanic/docs/lexeme_reports/model_entries/2140-night-niht.model.md:24:1
Germanic/docs/lexeme_reports/model_entries/2140-night-niht.model.md:27:1	Germanic/docs/lexeme_reports/model_entries/2140-night-niht.model.md:27:1	explicit_tag	Germanic/docs/lexeme_reports/model_entries/2140-night-niht.model.md:27	\index[iv]{02oe@\ivlangheader{Old English}{West Saxon normalization unmarked}!daeg@\iventry{dæg}{}}	oe		dæg	daeg	comparison_form	explicit_tag	Germanic/docs/lexeme_reports/model_entries/2140-night-niht.model.md:27	1	Germanic/docs/lexeme_reports/model_entries/2140-night-niht.model.md:27:1
Germanic/docs/lexeme_reports/model_entries/2140-night-niht.model.md:32:2	Germanic/docs/lexeme_reports/model_entries/2140-night-niht.model.md:32:2	explicit_tag	Germanic/docs/lexeme_reports/model_entries/2140-night-niht.model.md:32	\index[iv]{02oe@\ivlangheader{Old English}{West Saxon normalization unmarked}!neaht@\iventry{neaht}{}}	oe		neaht	neaht	comparison_form	explicit_tag	Germanic/docs/lexeme_reports/model_entries/2140-night-niht.model.md:32	1	Germanic/docs/lexeme_reports/model_entries/2140-night-niht.model.md:32:2
Germanic/docs/lexeme_reports/model_entries/2140-night-niht.model.md:32:1	Germanic/docs/lexeme_reports/model_entries/2140-night-niht.model.md:32:1	explicit_tag	Germanic/docs/lexeme_reports/model_entries/2140-night-niht.model.md:32	\index[iv]{02oe@\ivlangheader{Old English}{West Saxon normalization unmarked}!niht@\iventry{niht}{}}	oe		niht	niht	target_form	explicit_tag	Germanic/docs/lexeme_reports/model_entries/2140-night-niht.model.md:32	1	Germanic/docs/lexeme_reports/model_entries/2140-night-niht.model.md:32:1
Germanic/docs/lexeme_reports/model_entries/2140-night-niht.model.md:33:1	Germanic/docs/lexeme_reports/model_entries/2140-night-niht.model.md:33:1	explicit_tag	Germanic/docs/lexeme_reports/model_entries/2140-night-niht.model.md:33	\index[iv]{02oe@\ivlangheader{Old English}{West Saxon normalization unmarked}!neht@\iventry{neht}{}}	oe		neht	neht	comparison_form	explicit_tag	Germanic/docs/lexeme_reports/model_entries/2140-night-niht.model.md:33	1	Germanic/docs/lexeme_reports/model_entries/2140-night-niht.model.md:33:1
Germanic/docs/lexeme_reports/model_entries/2140-night-niht.model.md:33:2	Germanic/docs/lexeme_reports/model_entries/2140-night-niht.model.md:33:2	explicit_tag	Germanic/docs/lexeme_reports/model_entries/2140-night-niht.model.md:33	\index[iv]{02oe@\ivlangheader{Old English}{West Saxon normalization unmarked}!nieht@\iventry{nieht}{}}	oe		nieht	nieht	comparison_form	explicit_tag	Germanic/docs/lexeme_reports/model_entries/2140-night-niht.model.md:33	1	Germanic/docs/lexeme_reports/model_entries/2140-night-niht.model.md:33:2
Germanic/docs/lexeme_reports/model_entries/2140-night-niht.model.md:34:1	Germanic/docs/lexeme_reports/model_entries/2140-night-niht.model.md:34:1	explicit_tag	Germanic/docs/lexeme_reports/model_entries/2140-night-niht.model.md:34	\index[iv]{02oe@\ivlangheader{Old English}{West Saxon normalization unmarked}!neaht@\iventry{neaht}{}}	oe		neaht	neaht	comparison_form	explicit_tag	Germanic/docs/lexeme_reports/model_entries/2140-night-niht.model.md:34	1	Germanic/docs/lexeme_reports/model_entries/2140-night-niht.model.md:34:1
Germanic/docs/lexeme_reports/model_entries/2140-night-niht.model.md:34:2	Germanic/docs/lexeme_reports/model_entries/2140-night-niht.model.md:34:2	explicit_tag	Germanic/docs/lexeme_reports/model_entries/2140-night-niht.model.md:34	\index[iv]{02oe@\ivlangheader{Old English}{West Saxon normalization unmarked}!niht@\iventry{niht}{}}	oe		niht	niht	target_form	explicit_tag	Germanic/docs/lexeme_reports/model_entries/2140-night-niht.model.md:34	1	Germanic/docs/lexeme_reports/model_entries/2140-night-niht.model.md:34:2
Germanic/docs/lexeme_reports/model_entries/2140-night-niht.model.md:36:1	Germanic/docs/lexeme_reports/model_entries/2140-night-niht.model.md:36:1	explicit_tag	Germanic/docs/lexeme_reports/model_entries/2140-night-niht.model.md:36	\index[iv]{02oe@\ivlangheader{Old English}{West Saxon normalization unmarked}!neahtas@\iventry{neahtas}{}}	oe		neahtas	neahtas	comparison_form	explicit_tag	Germanic/docs/lexeme_reports/model_entries/2140-night-niht.model.md:36	1	Germanic/docs/lexeme_reports/model_entries/2140-night-niht.model.md:36:1
Germanic/docs/lexeme_reports/model_entries/2140-night-niht.model.md:40:1	Germanic/docs/lexeme_reports/model_entries/2140-night-niht.model.md:40:1	explicit_tag	Germanic/docs/lexeme_reports/model_entries/2140-night-niht.model.md:40	\index[iv]{02oe@\ivlangheader{Old English}{West Saxon normalization unmarked}!neaht@\iventry{neaht}{}}	oe		neaht	neaht	comparison_form	explicit_tag	Germanic/docs/lexeme_reports/model_entries/2140-night-niht.model.md:40	1	Germanic/docs/lexeme_reports/model_entries/2140-night-niht.model.md:40:1
Germanic/docs/lexeme_reports/model_entries/2140-night-niht.model.md:46:1	Germanic/docs/lexeme_reports/model_entries/2140-night-niht.model.md:46:1	explicit_tag	Germanic/docs/lexeme_reports/model_entries/2140-night-niht.model.md:46	\index[iv]{02oe@\ivlangheader{Old English}{West Saxon normalization unmarked}!neaht@\iventry{neaht}{}}	oe		neaht	neaht	comparison_form	explicit_tag	Germanic/docs/lexeme_reports/model_entries/2140-night-niht.model.md:46	1	Germanic/docs/lexeme_reports/model_entries/2140-night-niht.model.md:46:1
Germanic/docs/lexeme_reports/model_entries/2140-night-niht.model.md:58:1	Germanic/docs/lexeme_reports/model_entries/2140-night-niht.model.md:58:1	explicit_tag	Germanic/docs/lexeme_reports/model_entries/2140-night-niht.model.md:58	\index[iv]{03pgmc@\ivlangheader{Proto-Germanic}{}!naxtz@\iventry{*náxtz}{}}	pgmc		*náxtz	naxtz	source_protoform	explicit_tag	Germanic/docs/lexeme_reports/model_entries/2140-night-niht.model.md:58	1	Germanic/docs/lexeme_reports/model_entries/2140-night-niht.model.md:58:1
Germanic/docs/lexeme_reports/model_entries/2140-night-niht.model.md:58:3	Germanic/docs/lexeme_reports/model_entries/2140-night-niht.model.md:58:3	explicit_tag	Germanic/docs/lexeme_reports/model_entries/2140-night-niht.model.md:58	\index[iv]{02oe@\ivlangheader{Old English}{West Saxon normalization unmarked}!neaht@\iventry{neaht}{}}	oe		neaht	neaht	comparison_form	explicit_tag	Germanic/docs/lexeme_reports/model_entries/2140-night-niht.model.md:58	1	Germanic/docs/lexeme_reports/model_entries/2140-night-niht.model.md:58:3
Germanic/docs/lexeme_reports/model_entries/2140-night-niht.model.md:59:1	Germanic/docs/lexeme_reports/model_entries/2140-night-niht.model.md:59:1	explicit_tag	Germanic/docs/lexeme_reports/model_entries/2140-night-niht.model.md:59	\index[iv]{03pgmc@\ivlangheader{Proto-Germanic}{}!naxti@\iventry{*náxti}{}}	pgmc		*náxti	naxti	selected_input	explicit_tag	Germanic/docs/lexeme_reports/model_entries/2140-night-niht.model.md:59	1	Germanic/docs/lexeme_reports/model_entries/2140-night-niht.model.md:59:1
Germanic/docs/lexeme_reports/model_entries/2140-night-niht.model.md:59:3	Germanic/docs/lexeme_reports/model_entries/2140-night-niht.model.md:59:3	explicit_tag	Germanic/docs/lexeme_reports/model_entries/2140-night-niht.model.md:59	\index[iv]{02oe@\ivlangheader{Old English}{West Saxon normalization unmarked}!niht@\iventry{niht}{}}	oe		niht	niht	target_form	explicit_tag	Germanic/docs/lexeme_reports/model_entries/2140-night-niht.model.md:59	1	Germanic/docs/lexeme_reports/model_entries/2140-night-niht.model.md:59:3
Germanic/docs/lexeme_reports/model_entries/2143-nose-nosu.model.md:37:1	Germanic/docs/lexeme_reports/model_entries/2143-nose-nosu.model.md:37:1	explicit_tag	Germanic/docs/lexeme_reports/model_entries/2143-nose-nosu.model.md:37	\index[iv]{02oe@\ivlangheader{Old English}{West Saxon normalization unmarked}!nasu@\iventry{nasu}{}}	oe		nasu	nasu	comparison_form	explicit_tag	Germanic/docs/lexeme_reports/model_entries/2143-nose-nosu.model.md:37	1	Germanic/docs/lexeme_reports/model_entries/2143-nose-nosu.model.md:37:1
Germanic/docs/lexeme_reports/model_entries/2143-nose-nosu.model.md:40:1	Germanic/docs/lexeme_reports/model_entries/2143-nose-nosu.model.md:40:1	explicit_tag	Germanic/docs/lexeme_reports/model_entries/2143-nose-nosu.model.md:40	\index[iv]{02oe@\ivlangheader{Old English}{West Saxon normalization unmarked}!nasu@\iventry{nasu}{}}	oe		nasu	nasu	comparison_form	explicit_tag	Germanic/docs/lexeme_reports/model_entries/2143-nose-nosu.model.md:40	1	Germanic/docs/lexeme_reports/model_entries/2143-nose-nosu.model.md:40:1
Germanic/docs/lexeme_reports/model_entries/2143-nose-nosu.model.md:50:1	Germanic/docs/lexeme_reports/model_entries/2143-nose-nosu.model.md:50:1	explicit_tag	Germanic/docs/lexeme_reports/model_entries/2143-nose-nosu.model.md:50	\index[iv]{02oe@\ivlangheader{Old English}{West Saxon normalization unmarked}!nasu@\iventry{nasu}{}}	oe		nasu	nasu	comparison_form	explicit_tag	Germanic/docs/lexeme_reports/model_entries/2143-nose-nosu.model.md:50	1	Germanic/docs/lexeme_reports/model_entries/2143-nose-nosu.model.md:50:1
Germanic/docs/lexeme_reports/model_entries/2151-reek-rēac.model.md:21:2	Germanic/docs/lexeme_reports/model_entries/2151-reek-rēac.model.md:21:2	explicit_tag	Germanic/docs/lexeme_reports/model_entries/2151-reek-rēac.model.md:21	\index[iv]{03pgmc@\ivlangheader{Proto-Germanic}{}!rauki@\iventry{*rauki-}{}}	pgmc		*rauki-	rauki	source_protoform	explicit_tag	Germanic/docs/lexeme_reports/model_entries/2151-reek-rēac.model.md:21	1	Germanic/docs/lexeme_reports/model_entries/2151-reek-rēac.model.md:21:2
Germanic/docs/lexeme_reports/model_entries/2151-reek-rēac.model.md:21:1	Germanic/docs/lexeme_reports/model_entries/2151-reek-rēac.model.md:21:1	explicit_tag	Germanic/docs/lexeme_reports/model_entries/2151-reek-rēac.model.md:21	\index[iv]{03pgmc@\ivlangheader{Proto-Germanic}{}!raukiz@\iventry{*ráukiz}{}}	pgmc		*ráukiz	raukiz	source_protoform	explicit_tag	Germanic/docs/lexeme_reports/model_entries/2151-reek-rēac.model.md:21	1	Germanic/docs/lexeme_reports/model_entries/2151-reek-rēac.model.md:21:1
Germanic/docs/lexeme_reports/model_entries/2151-reek-rēac.model.md:22:1	Germanic/docs/lexeme_reports/model_entries/2151-reek-rēac.model.md:22:1	explicit_tag	Germanic/docs/lexeme_reports/model_entries/2151-reek-rēac.model.md:22	\index[iv]{02oe@\ivlangheader{Old English}{West Saxon normalization unmarked}!rec@\iventry{rēc}{}}	oe		rēc	rec	comparison_form	explicit_tag	Germanic/docs/lexeme_reports/model_entries/2151-reek-rēac.model.md:22	1	Germanic/docs/lexeme_reports/model_entries/2151-reek-rēac.model.md:22:1
Germanic/docs/lexeme_reports/model_entries/2151-reek-rēac.model.md:23:1	Germanic/docs/lexeme_reports/model_entries/2151-reek-rēac.model.md:23:1	explicit_tag	Germanic/docs/lexeme_reports/model_entries/2151-reek-rēac.model.md:23	\index[iv]{03pgmc@\ivlangheader{Proto-Germanic}{}!raukaz@\iventry{*ráukaz}{}}	pgmc		*ráukaz	raukaz	selected_input	explicit_tag	Germanic/docs/lexeme_reports/model_entries/2151-reek-rēac.model.md:23	1	Germanic/docs/lexeme_reports/model_entries/2151-reek-rēac.model.md:23:1
Germanic/docs/lexeme_reports/model_entries/2151-reek-rēac.model.md:28:2	Germanic/docs/lexeme_reports/model_entries/2151-reek-rēac.model.md:28:2	explicit_tag	Germanic/docs/lexeme_reports/model_entries/2151-reek-rēac.model.md:28	\index[iv]{02oe@\ivlangheader{Old English}{West Saxon normalization unmarked}!reac@\iventry{*rēac}{}}	oe		*rēac	reac	target_form	explicit_tag	Germanic/docs/lexeme_reports/model_entries/2151-reek-rēac.model.md:28	1	Germanic/docs/lexeme_reports/model_entries/2151-reek-rēac.model.md:28:2
Germanic/docs/lexeme_reports/model_entries/2151-reek-rēac.model.md:28:1	Germanic/docs/lexeme_reports/model_entries/2151-reek-rēac.model.md:28:1	explicit_tag	Germanic/docs/lexeme_reports/model_entries/2151-reek-rēac.model.md:28	\index[iv]{02oe@\ivlangheader{Old English}{West Saxon normalization unmarked}!rec@\iventry{rēc}{}}	oe		rēc	rec	comparison_form	explicit_tag	Germanic/docs/lexeme_reports/model_entries/2151-reek-rēac.model.md:28	1	Germanic/docs/lexeme_reports/model_entries/2151-reek-rēac.model.md:28:1
Germanic/docs/lexeme_reports/model_entries/2151-reek-rēac.model.md:28:3	Germanic/docs/lexeme_reports/model_entries/2151-reek-rēac.model.md:28:3	explicit_tag	Germanic/docs/lexeme_reports/model_entries/2151-reek-rēac.model.md:28	\index[iv]{02oe@\ivlangheader{Old English}{West Saxon normalization unmarked}!rec@\iventry{rēc}{}}	oe		rēc	rec	comparison_form	explicit_tag	Germanic/docs/lexeme_reports/model_entries/2151-reek-rēac.model.md:28	1	Germanic/docs/lexeme_reports/model_entries/2151-reek-rēac.model.md:28:3
Germanic/docs/lexeme_reports/model_entries/2151-reek-rēac.model.md:29:1	Germanic/docs/lexeme_reports/model_entries/2151-reek-rēac.model.md:29:1	explicit_tag	Germanic/docs/lexeme_reports/model_entries/2151-reek-rēac.model.md:29	\index[iv]{02oe@\ivlangheader{Old English}{West Saxon normalization unmarked}!recels@\iventry{rēcels}{}}	oe		rēcels	recels	comparison_form	explicit_tag	Germanic/docs/lexeme_reports/model_entries/2151-reek-rēac.model.md:29	1	Germanic/docs/lexeme_reports/model_entries/2151-reek-rēac.model.md:29:1
Germanic/docs/lexeme_reports/model_entries/2151-reek-rēac.model.md:30:1	Germanic/docs/lexeme_reports/model_entries/2151-reek-rēac.model.md:30:1	explicit_tag	Germanic/docs/lexeme_reports/model_entries/2151-reek-rēac.model.md:30	\index[iv]{02oe@\ivlangheader{Old English}{West Saxon normalization unmarked}!rec@\iventry{rēc}{}}	oe		rēc	rec	comparison_form	explicit_tag	Germanic/docs/lexeme_reports/model_entries/2151-reek-rēac.model.md:30	1	Germanic/docs/lexeme_reports/model_entries/2151-reek-rēac.model.md:30:1
Germanic/docs/lexeme_reports/model_entries/2151-reek-rēac.model.md:31:1	Germanic/docs/lexeme_reports/model_entries/2151-reek-rēac.model.md:31:1	explicit_tag	Germanic/docs/lexeme_reports/model_entries/2151-reek-rēac.model.md:31	\index[iv]{02oe@\ivlangheader{Old English}{West Saxon normalization unmarked}!reac@\iventry{rēac}{}}	oe		rēac	reac	comparison_form	explicit_tag	Germanic/docs/lexeme_reports/model_entries/2151-reek-rēac.model.md:31	1	Germanic/docs/lexeme_reports/model_entries/2151-reek-rēac.model.md:31:1
Germanic/docs/lexeme_reports/model_entries/2151-reek-rēac.model.md:31:2	Germanic/docs/lexeme_reports/model_entries/2151-reek-rēac.model.md:31:2	explicit_tag	Germanic/docs/lexeme_reports/model_entries/2151-reek-rēac.model.md:31	\index[iv]{02oe@\ivlangheader{Old English}{West Saxon normalization unmarked}!reocan@\iventry{rēocan}{}}	oe		rēocan	reocan	comparison_form	explicit_tag	Germanic/docs/lexeme_reports/model_entries/2151-reek-rēac.model.md:31	1	Germanic/docs/lexeme_reports/model_entries/2151-reek-rēac.model.md:31:2
Germanic/docs/lexeme_reports/model_entries/2151-reek-rēac.model.md:35:1	Germanic/docs/lexeme_reports/model_entries/2151-reek-rēac.model.md:35:1	explicit_tag	Germanic/docs/lexeme_reports/model_entries/2151-reek-rēac.model.md:35	\index[iv]{02oe@\ivlangheader{Old English}{West Saxon normalization unmarked}!reac@\iventry{*rēac}{}}	oe		*rēac	reac	target_form	explicit_tag	Germanic/docs/lexeme_reports/model_entries/2151-reek-rēac.model.md:35	1	Germanic/docs/lexeme_reports/model_entries/2151-reek-rēac.model.md:35:1
Germanic/docs/lexeme_reports/model_entries/2151-reek-rēac.model.md:40:1	Germanic/docs/lexeme_reports/model_entries/2151-reek-rēac.model.md:40:1	explicit_tag	Germanic/docs/lexeme_reports/model_entries/2151-reek-rēac.model.md:40	\index[iv]{03pgmc@\ivlangheader{Proto-Germanic}{}!raukaz@\iventry{*ráukaz}{}}	pgmc		*ráukaz	raukaz	selected_input	explicit_tag	Germanic/docs/lexeme_reports/model_entries/2151-reek-rēac.model.md:40	1	Germanic/docs/lexeme_reports/model_entries/2151-reek-rēac.model.md:40:1
Germanic/docs/lexeme_reports/model_entries/2151-reek-rēac.model.md:40:2	Germanic/docs/lexeme_reports/model_entries/2151-reek-rēac.model.md:40:2	explicit_tag	Germanic/docs/lexeme_reports/model_entries/2151-reek-rēac.model.md:40	\index[iv]{02oe@\ivlangheader{Old English}{West Saxon normalization unmarked}!reac@\iventry{*rēac}{}}	oe		*rēac	reac	target_form	explicit_tag	Germanic/docs/lexeme_reports/model_entries/2151-reek-rēac.model.md:40	1	Germanic/docs/lexeme_reports/model_entries/2151-reek-rēac.model.md:40:2
Germanic/docs/lexeme_reports/model_entries/2151-reek-rēac.model.md:41:1	Germanic/docs/lexeme_reports/model_entries/2151-reek-rēac.model.md:41:1	explicit_tag	Germanic/docs/lexeme_reports/model_entries/2151-reek-rēac.model.md:41	\index[iv]{02oe@\ivlangheader{Old English}{West Saxon normalization unmarked}!rec@\iventry{rēc}{}}	oe		rēc	rec	comparison_form	explicit_tag	Germanic/docs/lexeme_reports/model_entries/2151-reek-rēac.model.md:41	1	Germanic/docs/lexeme_reports/model_entries/2151-reek-rēac.model.md:41:1
Germanic/docs/lexeme_reports/model_entries/2151-reek-rēac.model.md:46:1	Germanic/docs/lexeme_reports/model_entries/2151-reek-rēac.model.md:46:1	explicit_tag	Germanic/docs/lexeme_reports/model_entries/2151-reek-rēac.model.md:46	\index[iv]{02oe@\ivlangheader{Old English}{West Saxon normalization unmarked}!rec@\iventry{rēc}{}}	oe		rēc	rec	comparison_form	explicit_tag	Germanic/docs/lexeme_reports/model_entries/2151-reek-rēac.model.md:46	1	Germanic/docs/lexeme_reports/model_entries/2151-reek-rēac.model.md:46:1
Germanic/docs/lexeme_reports/model_entries/2151-reek-rēac.model.md:47:1	Germanic/docs/lexeme_reports/model_entries/2151-reek-rēac.model.md:47:1	explicit_tag	Germanic/docs/lexeme_reports/model_entries/2151-reek-rēac.model.md:47	\index[iv]{02oe@\ivlangheader{Old English}{West Saxon normalization unmarked}!reac@\iventry{*rēac}{}}	oe		*rēac	reac	target_form	explicit_tag	Germanic/docs/lexeme_reports/model_entries/2151-reek-rēac.model.md:47	1	Germanic/docs/lexeme_reports/model_entries/2151-reek-rēac.model.md:47:1
Germanic/docs/lexeme_reports/model_entries/2152-rest-ræste.model.md:21:1	Germanic/docs/lexeme_reports/model_entries/2152-rest-ræste.model.md:21:1	explicit_tag	Germanic/docs/lexeme_reports/model_entries/2152-rest-ræste.model.md:21	\index[iv]{03pgmc@\ivlangheader{Proto-Germanic}{}!rasto@\iventry{*rastō-}{}}	pgmc		*rastō-	rasto	source_protoform	explicit_tag	Germanic/docs/lexeme_reports/model_entries/2152-rest-ræste.model.md:21	1	Germanic/docs/lexeme_reports/model_entries/2152-rest-ræste.model.md:21:1
Germanic/docs/lexeme_reports/model_entries/2152-rest-ræste.model.md:22:1	Germanic/docs/lexeme_reports/model_entries/2152-rest-ræste.model.md:22:1	explicit_tag	Germanic/docs/lexeme_reports/model_entries/2152-rest-ræste.model.md:22	\index[iv]{02oe@\ivlangheader{Old English}{West Saxon normalization unmarked}!raest@\iventry{ræst}{}}	oe		ræst	raest	comparison_form	explicit_tag	Germanic/docs/lexeme_reports/model_entries/2152-rest-ræste.model.md:22	1	Germanic/docs/lexeme_reports/model_entries/2152-rest-ræste.model.md:22:1
Germanic/docs/lexeme_reports/model_entries/2152-rest-ræste.model.md:22:2	Germanic/docs/lexeme_reports/model_entries/2152-rest-ræste.model.md:22:2	explicit_tag	Germanic/docs/lexeme_reports/model_entries/2152-rest-ræste.model.md:22	\index[iv]{03pgmc@\ivlangheader{Proto-Germanic}{}!rastoz@\iventry{*rástōz}{}}	pgmc		*rástōz	rastoz	selected_input	explicit_tag	Germanic/docs/lexeme_reports/model_entries/2152-rest-ræste.model.md:22	1	Germanic/docs/lexeme_reports/model_entries/2152-rest-ræste.model.md:22:2
Germanic/docs/lexeme_reports/model_entries/2152-rest-ræste.model.md:33:1	Germanic/docs/lexeme_reports/model_entries/2152-rest-ræste.model.md:33:1	explicit_tag	Germanic/docs/lexeme_reports/model_entries/2152-rest-ræste.model.md:33	\index[iv]{02oe@\ivlangheader{Old English}{West Saxon normalization unmarked}!raest@\iventry{ræst}{}}	oe		ræst	raest	comparison_form	explicit_tag	Germanic/docs/lexeme_reports/model_entries/2152-rest-ræste.model.md:33	1	Germanic/docs/lexeme_reports/model_entries/2152-rest-ræste.model.md:33:1
Germanic/docs/lexeme_reports/model_entries/2152-rest-ræste.model.md:34:1	Germanic/docs/lexeme_reports/model_entries/2152-rest-ræste.model.md:34:1	explicit_tag	Germanic/docs/lexeme_reports/model_entries/2152-rest-ræste.model.md:34	\index[iv]{02oe@\ivlangheader{Old English}{West Saxon normalization unmarked}!raest@\iventry{ræst}{}}	oe		ræst	raest	comparison_form	explicit_tag	Germanic/docs/lexeme_reports/model_entries/2152-rest-ræste.model.md:34	1	Germanic/docs/lexeme_reports/model_entries/2152-rest-ræste.model.md:34:1
Germanic/docs/lexeme_reports/model_entries/2152-rest-ræste.model.md:34:2	Germanic/docs/lexeme_reports/model_entries/2152-rest-ræste.model.md:34:2	explicit_tag	Germanic/docs/lexeme_reports/model_entries/2152-rest-ræste.model.md:34	\index[iv]{02oe@\ivlangheader{Old English}{West Saxon normalization unmarked}!raeste@\iventry{ræste}{}}	oe		ræste	raeste	target_form	explicit_tag	Germanic/docs/lexeme_reports/model_entries/2152-rest-ræste.model.md:34	1	Germanic/docs/lexeme_reports/model_entries/2152-rest-ræste.model.md:34:2
Germanic/docs/lexeme_reports/model_entries/2152-rest-ræste.model.md:37:1	Germanic/docs/lexeme_reports/model_entries/2152-rest-ræste.model.md:37:1	explicit_tag	Germanic/docs/lexeme_reports/model_entries/2152-rest-ræste.model.md:37	\index[iv]{02oe@\ivlangheader{Old English}{West Saxon normalization unmarked}!raeste@\iventry{ræste}{}}	oe		ræste	raeste	target_form	explicit_tag	Germanic/docs/lexeme_reports/model_entries/2152-rest-ræste.model.md:37	1	Germanic/docs/lexeme_reports/model_entries/2152-rest-ræste.model.md:37:1
Germanic/docs/lexeme_reports/model_entries/2152-rest-ræste.model.md:38:1	Germanic/docs/lexeme_reports/model_entries/2152-rest-ræste.model.md:38:1	explicit_tag	Germanic/docs/lexeme_reports/model_entries/2152-rest-ræste.model.md:38	\index[iv]{02oe@\ivlangheader{Old English}{West Saxon normalization unmarked}!raest@\iventry{ræst}{}}	oe		ræst	raest	comparison_form	explicit_tag	Germanic/docs/lexeme_reports/model_entries/2152-rest-ræste.model.md:38	1	Germanic/docs/lexeme_reports/model_entries/2152-rest-ræste.model.md:38:1
Germanic/docs/lexeme_reports/model_entries/2152-rest-ræste.model.md:59:2	Germanic/docs/lexeme_reports/model_entries/2152-rest-ræste.model.md:59:2	explicit_tag	Germanic/docs/lexeme_reports/model_entries/2152-rest-ræste.model.md:59	\index[iv]{02oe@\ivlangheader{Old English}{West Saxon normalization unmarked}!raest@\iventry{ræst}{}}	oe		ræst	raest	comparison_form	explicit_tag	Germanic/docs/lexeme_reports/model_entries/2152-rest-ræste.model.md:59	1	Germanic/docs/lexeme_reports/model_entries/2152-rest-ræste.model.md:59:2
Germanic/docs/lexeme_reports/model_entries/2152-rest-ræste.model.md:59:1	Germanic/docs/lexeme_reports/model_entries/2152-rest-ræste.model.md:59:1	explicit_tag	Germanic/docs/lexeme_reports/model_entries/2152-rest-ræste.model.md:59	\index[iv]{03pgmc@\ivlangheader{Proto-Germanic}{}!rasto@\iventry{*rastō}{}}	pgmc		*rastō	rasto	source_protoform	explicit_tag	Germanic/docs/lexeme_reports/model_entries/2152-rest-ræste.model.md:59	1	Germanic/docs/lexeme_reports/model_entries/2152-rest-ræste.model.md:59:1
Germanic/docs/lexeme_reports/model_entries/2152-rest-ræste.model.md:60:3	Germanic/docs/lexeme_reports/model_entries/2152-rest-ræste.model.md:60:3	explicit_tag	Germanic/docs/lexeme_reports/model_entries/2152-rest-ræste.model.md:60	\index[iv]{02oe@\ivlangheader{Old English}{West Saxon normalization unmarked}!raeste@\iventry{ræste}{}}	oe		ræste	raeste	target_form	explicit_tag	Germanic/docs/lexeme_reports/model_entries/2152-rest-ræste.model.md:60	1	Germanic/docs/lexeme_reports/model_entries/2152-rest-ræste.model.md:60:3
Germanic/docs/lexeme_reports/model_entries/2152-rest-ræste.model.md:60:1	Germanic/docs/lexeme_reports/model_entries/2152-rest-ræste.model.md:60:1	explicit_tag	Germanic/docs/lexeme_reports/model_entries/2152-rest-ræste.model.md:60	\index[iv]{03pgmc@\ivlangheader{Proto-Germanic}{}!rastoz@\iventry{*rástōz}{}}	pgmc		*rástōz	rastoz	selected_input	explicit_tag	Germanic/docs/lexeme_reports/model_entries/2152-rest-ræste.model.md:60	1	Germanic/docs/lexeme_reports/model_entries/2152-rest-ræste.model.md:60:1
Germanic/docs/lexeme_reports/model_entries/2162-rust-rust.model.md:22:1	Germanic/docs/lexeme_reports/model_entries/2162-rust-rust.model.md:22:1	explicit_tag	Germanic/docs/lexeme_reports/model_entries/2162-rust-rust.model.md:22	\index[iv]{02oe@\ivlangheader{Old English}{West Saxon normalization unmarked}!rust@\iventry{rust}{}}	oe		rust	rust	comparison_form	explicit_tag	Germanic/docs/lexeme_reports/model_entries/2162-rust-rust.model.md:22	1	Germanic/docs/lexeme_reports/model_entries/2162-rust-rust.model.md:22:1
Germanic/docs/lexeme_reports/model_entries/2162-rust-rust.model.md:33:1	Germanic/docs/lexeme_reports/model_entries/2162-rust-rust.model.md:33:1	explicit_tag	Germanic/docs/lexeme_reports/model_entries/2162-rust-rust.model.md:33	\index[iv]{02oe@\ivlangheader{Old English}{West Saxon normalization unmarked}!rust@\iventry{rūst}{}}	oe		rūst	rust	comparison_form	explicit_tag	Germanic/docs/lexeme_reports/model_entries/2162-rust-rust.model.md:33	1	Germanic/docs/lexeme_reports/model_entries/2162-rust-rust.model.md:33:1
Germanic/docs/lexeme_reports/model_entries/2162-rust-rust.model.md:34:1	Germanic/docs/lexeme_reports/model_entries/2162-rust-rust.model.md:34:1	explicit_tag	Germanic/docs/lexeme_reports/model_entries/2162-rust-rust.model.md:34	\index[iv]{02oe@\ivlangheader{Old English}{West Saxon normalization unmarked}!rúst@\iventry{rúst}{}}	oe		rúst	rúst	comparison_form	explicit_tag	Germanic/docs/lexeme_reports/model_entries/2162-rust-rust.model.md:34	1	Germanic/docs/lexeme_reports/model_entries/2162-rust-rust.model.md:34:1
Germanic/docs/lexeme_reports/model_entries/2162-rust-rust.model.md:35:1	Germanic/docs/lexeme_reports/model_entries/2162-rust-rust.model.md:35:1	explicit_tag	Germanic/docs/lexeme_reports/model_entries/2162-rust-rust.model.md:35	\index[iv]{02oe@\ivlangheader{Old English}{West Saxon normalization unmarked}!rust@\iventry{rust}{}}	oe		rust	rust	comparison_form	explicit_tag	Germanic/docs/lexeme_reports/model_entries/2162-rust-rust.model.md:35	1	Germanic/docs/lexeme_reports/model_entries/2162-rust-rust.model.md:35:1
Germanic/docs/lexeme_reports/model_entries/2162-rust-rust.model.md:45:1	Germanic/docs/lexeme_reports/model_entries/2162-rust-rust.model.md:45:1	explicit_tag	Germanic/docs/lexeme_reports/model_entries/2162-rust-rust.model.md:45	\index[iv]{02oe@\ivlangheader{Old English}{West Saxon normalization unmarked}!rust@\iventry{rust}{}}	oe		rust	rust	comparison_form	explicit_tag	Germanic/docs/lexeme_reports/model_entries/2162-rust-rust.model.md:45	1	Germanic/docs/lexeme_reports/model_entries/2162-rust-rust.model.md:45:1
Germanic/docs/lexeme_reports/model_entries/2162-rust-rust.model.md:49:1	Germanic/docs/lexeme_reports/model_entries/2162-rust-rust.model.md:49:1	explicit_tag	Germanic/docs/lexeme_reports/model_entries/2162-rust-rust.model.md:49	\index[iv]{02oe@\ivlangheader{Old English}{West Saxon normalization unmarked}!rust@\iventry{rust}{}}	oe		rust	rust	comparison_form	explicit_tag	Germanic/docs/lexeme_reports/model_entries/2162-rust-rust.model.md:49	1	Germanic/docs/lexeme_reports/model_entries/2162-rust-rust.model.md:49:1
Germanic/docs/lexeme_reports/model_entries/2162-rust-rust.model.md:51:1	Germanic/docs/lexeme_reports/model_entries/2162-rust-rust.model.md:51:1	explicit_tag	Germanic/docs/lexeme_reports/model_entries/2162-rust-rust.model.md:51	\index[iv]{02oe@\ivlangheader{Old English}{West Saxon normalization unmarked}!rust@\iventry{rust}{}}	oe		rust	rust	comparison_form	explicit_tag	Germanic/docs/lexeme_reports/model_entries/2162-rust-rust.model.md:51	1	Germanic/docs/lexeme_reports/model_entries/2162-rust-rust.model.md:51:1
Germanic/docs/lexeme_reports/model_entries/2168-sap-sæp.model.md:27:1	Germanic/docs/lexeme_reports/model_entries/2168-sap-sæp.model.md:27:1	explicit_tag	Germanic/docs/lexeme_reports/model_entries/2168-sap-sæp.model.md:27	\index[iv]{03pgmc@\ivlangheader{Proto-Germanic}{}!sapa@\iventry{*sápą}{}}	pgmc		*sápą	sapa	selected_input	explicit_tag	Germanic/docs/lexeme_reports/model_entries/2168-sap-sæp.model.md:27	1	Germanic/docs/lexeme_reports/model_entries/2168-sap-sæp.model.md:27:1
Germanic/docs/lexeme_reports/model_entries/2168-sap-sæp.model.md:33:1	Germanic/docs/lexeme_reports/model_entries/2168-sap-sæp.model.md:33:1	explicit_tag	Germanic/docs/lexeme_reports/model_entries/2168-sap-sæp.model.md:33	\index[iv]{02oe@\ivlangheader{Old English}{West Saxon normalization unmarked}!saep@\iventry{sæp}{}}	oe		sæp	saep	target_form	explicit_tag	Germanic/docs/lexeme_reports/model_entries/2168-sap-sæp.model.md:33	1	Germanic/docs/lexeme_reports/model_entries/2168-sap-sæp.model.md:33:1
Germanic/docs/lexeme_reports/model_entries/2168-sap-sæp.model.md:34:1	Germanic/docs/lexeme_reports/model_entries/2168-sap-sæp.model.md:34:1	explicit_tag	Germanic/docs/lexeme_reports/model_entries/2168-sap-sæp.model.md:34	\index[iv]{02oe@\ivlangheader{Old English}{West Saxon normalization unmarked}!sap@\iventry{sap}{}}	oe		sap	sap	comparison_form	explicit_tag	Germanic/docs/lexeme_reports/model_entries/2168-sap-sæp.model.md:34	1	Germanic/docs/lexeme_reports/model_entries/2168-sap-sæp.model.md:34:1
Germanic/docs/lexeme_reports/model_entries/2168-sap-sæp.model.md:40:1	Germanic/docs/lexeme_reports/model_entries/2168-sap-sæp.model.md:40:1	explicit_tag	Germanic/docs/lexeme_reports/model_entries/2168-sap-sæp.model.md:40	\index[iv]{03pgmc@\ivlangheader{Proto-Germanic}{}!sapa@\iventry{*sápą}{}}	pgmc		*sápą	sapa	selected_input	explicit_tag	Germanic/docs/lexeme_reports/model_entries/2168-sap-sæp.model.md:40	1	Germanic/docs/lexeme_reports/model_entries/2168-sap-sæp.model.md:40:1
Germanic/docs/lexeme_reports/model_entries/2168-sap-sæp.model.md:45:2	Germanic/docs/lexeme_reports/model_entries/2168-sap-sæp.model.md:45:2	explicit_tag	Germanic/docs/lexeme_reports/model_entries/2168-sap-sæp.model.md:45	\index[iv]{02oe@\ivlangheader{Old English}{West Saxon normalization unmarked}!sape@\iventry{sape}{}}	oe		sape	sape	comparison_form	explicit_tag	Germanic/docs/lexeme_reports/model_entries/2168-sap-sæp.model.md:45	1	Germanic/docs/lexeme_reports/model_entries/2168-sap-sæp.model.md:45:2
Germanic/docs/lexeme_reports/model_entries/2168-sap-sæp.model.md:45:1	Germanic/docs/lexeme_reports/model_entries/2168-sap-sæp.model.md:45:1	explicit_tag	Germanic/docs/lexeme_reports/model_entries/2168-sap-sæp.model.md:45	\index[iv]{03pgmc@\ivlangheader{Proto-Germanic}{}!sapon@\iventry{*sapōn}{}}	pgmc		*sapōn	sapon	source_protoform	explicit_tag	Germanic/docs/lexeme_reports/model_entries/2168-sap-sæp.model.md:45	1	Germanic/docs/lexeme_reports/model_entries/2168-sap-sæp.model.md:45:1
Germanic/docs/lexeme_reports/model_entries/2168-sap-sæp.model.md:46:4	Germanic/docs/lexeme_reports/model_entries/2168-sap-sæp.model.md:46:4	explicit_tag	Germanic/docs/lexeme_reports/model_entries/2168-sap-sæp.model.md:46	\index[iv]{02oe@\ivlangheader{Old English}{West Saxon normalization unmarked}!saep@\iventry{sæp}{}}	oe		sæp	saep	target_form	explicit_tag	Germanic/docs/lexeme_reports/model_entries/2168-sap-sæp.model.md:46	1	Germanic/docs/lexeme_reports/model_entries/2168-sap-sæp.model.md:46:4
Germanic/docs/lexeme_reports/model_entries/2168-sap-sæp.model.md:46:1	Germanic/docs/lexeme_reports/model_entries/2168-sap-sæp.model.md:46:1	explicit_tag	Germanic/docs/lexeme_reports/model_entries/2168-sap-sæp.model.md:46	\index[iv]{03pgmc@\ivlangheader{Proto-Germanic}{}!sapi@\iventry{*sapi-}{}}	pgmc		*sapi-	sapi	comparison_form	explicit_tag	Germanic/docs/lexeme_reports/model_entries/2168-sap-sæp.model.md:46	1	Germanic/docs/lexeme_reports/model_entries/2168-sap-sæp.model.md:46:1
Germanic/docs/lexeme_reports/model_entries/2168-sap-sæp.model.md:46:2	Germanic/docs/lexeme_reports/model_entries/2168-sap-sæp.model.md:46:2	explicit_tag	Germanic/docs/lexeme_reports/model_entries/2168-sap-sæp.model.md:46	\index[iv]{02oe@\ivlangheader{Old English}{West Saxon normalization unmarked}!sep@\iventry{sep}{}}	oe		sep	sep	comparison_form	explicit_tag	Germanic/docs/lexeme_reports/model_entries/2168-sap-sæp.model.md:46	1	Germanic/docs/lexeme_reports/model_entries/2168-sap-sæp.model.md:46:2
Germanic/docs/lexeme_reports/model_entries/2168-sap-sæp.model.md:46:3	Germanic/docs/lexeme_reports/model_entries/2168-sap-sæp.model.md:46:3	explicit_tag	Germanic/docs/lexeme_reports/model_entries/2168-sap-sæp.model.md:46	\index[iv]{02oe@\ivlangheader{Old English}{West Saxon normalization unmarked}!sepe@\iventry{sepe}{}}	oe		sepe	sepe	comparison_form	explicit_tag	Germanic/docs/lexeme_reports/model_entries/2168-sap-sæp.model.md:46	1	Germanic/docs/lexeme_reports/model_entries/2168-sap-sæp.model.md:46:3
Germanic/docs/lexeme_reports/model_entries/2168-sap-sæp.model.md:57:2	Germanic/docs/lexeme_reports/model_entries/2168-sap-sæp.model.md:57:2	explicit_tag	Germanic/docs/lexeme_reports/model_entries/2168-sap-sæp.model.md:57	\index[iv]{02oe@\ivlangheader{Old English}{West Saxon normalization unmarked}!sape@\iventry{sape}{}}	oe		sape	sape	comparison_form	explicit_tag	Germanic/docs/lexeme_reports/model_entries/2168-sap-sæp.model.md:57	1	Germanic/docs/lexeme_reports/model_entries/2168-sap-sæp.model.md:57:2
Germanic/docs/lexeme_reports/model_entries/2168-sap-sæp.model.md:57:3	Germanic/docs/lexeme_reports/model_entries/2168-sap-sæp.model.md:57:3	explicit_tag	Germanic/docs/lexeme_reports/model_entries/2168-sap-sæp.model.md:57	\index[iv]{02oe@\ivlangheader{Old English}{West Saxon normalization unmarked}!sape@\iventry{sape}{}}	oe		sape	sape	comparison_form	explicit_tag	Germanic/docs/lexeme_reports/model_entries/2168-sap-sæp.model.md:57	1	Germanic/docs/lexeme_reports/model_entries/2168-sap-sæp.model.md:57:3
Germanic/docs/lexeme_reports/model_entries/2168-sap-sæp.model.md:57:1	Germanic/docs/lexeme_reports/model_entries/2168-sap-sæp.model.md:57:1	explicit_tag	Germanic/docs/lexeme_reports/model_entries/2168-sap-sæp.model.md:57	\index[iv]{03pgmc@\ivlangheader{Proto-Germanic}{}!sapon@\iventry{*sapōn}{}}	pgmc		*sapōn	sapon	source_protoform	explicit_tag	Germanic/docs/lexeme_reports/model_entries/2168-sap-sæp.model.md:57	1	Germanic/docs/lexeme_reports/model_entries/2168-sap-sæp.model.md:57:1
Germanic/docs/lexeme_reports/model_entries/2168-sap-sæp.model.md:58:1	Germanic/docs/lexeme_reports/model_entries/2168-sap-sæp.model.md:58:1	explicit_tag	Germanic/docs/lexeme_reports/model_entries/2168-sap-sæp.model.md:58	\index[iv]{03pgmc@\ivlangheader{Proto-Germanic}{}!sapiz@\iventry{*sapiz}{}}	pgmc		*sapiz	sapiz	comparison_form	explicit_tag	Germanic/docs/lexeme_reports/model_entries/2168-sap-sæp.model.md:58	1	Germanic/docs/lexeme_reports/model_entries/2168-sap-sæp.model.md:58:1
Germanic/docs/lexeme_reports/model_entries/2168-sap-sæp.model.md:58:2	Germanic/docs/lexeme_reports/model_entries/2168-sap-sæp.model.md:58:2	explicit_tag	Germanic/docs/lexeme_reports/model_entries/2168-sap-sæp.model.md:58	\index[iv]{02oe@\ivlangheader{Old English}{West Saxon normalization unmarked}!sepe@\iventry{sepe}{}}	oe		sepe	sepe	comparison_form	explicit_tag	Germanic/docs/lexeme_reports/model_entries/2168-sap-sæp.model.md:58	1	Germanic/docs/lexeme_reports/model_entries/2168-sap-sæp.model.md:58:2
Germanic/docs/lexeme_reports/model_entries/2168-sap-sæp.model.md:58:3	Germanic/docs/lexeme_reports/model_entries/2168-sap-sæp.model.md:58:3	explicit_tag	Germanic/docs/lexeme_reports/model_entries/2168-sap-sæp.model.md:58	\index[iv]{02oe@\ivlangheader{Old English}{West Saxon normalization unmarked}!sepe@\iventry{sepe}{}}	oe		sepe	sepe	comparison_form	explicit_tag	Germanic/docs/lexeme_reports/model_entries/2168-sap-sæp.model.md:58	1	Germanic/docs/lexeme_reports/model_entries/2168-sap-sæp.model.md:58:3
Germanic/docs/lexeme_reports/model_entries/2168-sap-sæp.model.md:59:3	Germanic/docs/lexeme_reports/model_entries/2168-sap-sæp.model.md:59:3	explicit_tag	Germanic/docs/lexeme_reports/model_entries/2168-sap-sæp.model.md:59	\index[iv]{02oe@\ivlangheader{Old English}{West Saxon normalization unmarked}!saep@\iventry{sæp}{}}	oe		sæp	saep	target_form	explicit_tag	Germanic/docs/lexeme_reports/model_entries/2168-sap-sæp.model.md:59	1	Germanic/docs/lexeme_reports/model_entries/2168-sap-sæp.model.md:59:3
Germanic/docs/lexeme_reports/model_entries/2168-sap-sæp.model.md:59:1	Germanic/docs/lexeme_reports/model_entries/2168-sap-sæp.model.md:59:1	explicit_tag	Germanic/docs/lexeme_reports/model_entries/2168-sap-sæp.model.md:59	\index[iv]{03pgmc@\ivlangheader{Proto-Germanic}{}!sapa@\iventry{*sápą}{}}	pgmc		*sápą	sapa	selected_input	explicit_tag	Germanic/docs/lexeme_reports/model_entries/2168-sap-sæp.model.md:59	1	Germanic/docs/lexeme_reports/model_entries/2168-sap-sæp.model.md:59:1
Germanic/docs/lexeme_reports/model_entries/2169-sea-sǣ.model.md:22:1	Germanic/docs/lexeme_reports/model_entries/2169-sea-sǣ.model.md:22:1	explicit_tag	Germanic/docs/lexeme_reports/model_entries/2169-sea-sǣ.model.md:22	\index[iv]{02oe@\ivlangheader{Old English}{West Saxon normalization unmarked}!sae@\iventry{sæ}{}}	oe		sæ	sae	comparison_form	explicit_tag	Germanic/docs/lexeme_reports/model_entries/2169-sea-sǣ.model.md:22	1	Germanic/docs/lexeme_reports/model_entries/2169-sea-sǣ.model.md:22:1
Germanic/docs/lexeme_reports/model_entries/2169-sea-sǣ.model.md:23:1	Germanic/docs/lexeme_reports/model_entries/2169-sea-sǣ.model.md:23:1	explicit_tag	Germanic/docs/lexeme_reports/model_entries/2169-sea-sǣ.model.md:23	\index[iv]{03pgmc@\ivlangheader{Proto-Germanic}{}!saiwiz@\iventry{*saiwiz}{}}	pgmc		*saiwiz	saiwiz	selected_input	explicit_tag	Germanic/docs/lexeme_reports/model_entries/2169-sea-sǣ.model.md:23	1	Germanic/docs/lexeme_reports/model_entries/2169-sea-sǣ.model.md:23:1
Germanic/docs/lexeme_reports/model_entries/2169-sea-sǣ.model.md:25:1	Germanic/docs/lexeme_reports/model_entries/2169-sea-sǣ.model.md:25:1	explicit_tag	Germanic/docs/lexeme_reports/model_entries/2169-sea-sǣ.model.md:25	\index[iv]{03pgmc@\ivlangheader{Proto-Germanic}{}!sai@\iventry{*sái}{}}	pgmc		*sái	sai	source_protoform	explicit_tag	Germanic/docs/lexeme_reports/model_entries/2169-sea-sǣ.model.md:25	1	Germanic/docs/lexeme_reports/model_entries/2169-sea-sǣ.model.md:25:1
Germanic/docs/lexeme_reports/model_entries/2169-sea-sǣ.model.md:26:1	Germanic/docs/lexeme_reports/model_entries/2169-sea-sǣ.model.md:26:1	explicit_tag	Germanic/docs/lexeme_reports/model_entries/2169-sea-sǣ.model.md:26	\index[iv]{03pgmc@\ivlangheader{Proto-Germanic}{}!saiwiz@\iventry{*sáiwiz}{}}	pgmc		*sáiwiz	saiwiz	selected_input	explicit_tag	Germanic/docs/lexeme_reports/model_entries/2169-sea-sǣ.model.md:26	1	Germanic/docs/lexeme_reports/model_entries/2169-sea-sǣ.model.md:26:1
Germanic/docs/lexeme_reports/model_entries/2169-sea-sǣ.model.md:31:1	Germanic/docs/lexeme_reports/model_entries/2169-sea-sǣ.model.md:31:1	explicit_tag	Germanic/docs/lexeme_reports/model_entries/2169-sea-sǣ.model.md:31	\index[iv]{02oe@\ivlangheader{Old English}{West Saxon normalization unmarked}!sae@\iventry{sæ}{}}	oe		sæ	sae	comparison_form	explicit_tag	Germanic/docs/lexeme_reports/model_entries/2169-sea-sǣ.model.md:31	1	Germanic/docs/lexeme_reports/model_entries/2169-sea-sǣ.model.md:31:1
Germanic/docs/lexeme_reports/model_entries/2169-sea-sǣ.model.md:32:1	Germanic/docs/lexeme_reports/model_entries/2169-sea-sǣ.model.md:32:1	explicit_tag	Germanic/docs/lexeme_reports/model_entries/2169-sea-sǣ.model.md:32	\index[iv]{02oe@\ivlangheader{Old English}{West Saxon normalization unmarked}!sae@\iventry{sǣ}{}}	oe		sǣ	sae	target_form	explicit_tag	Germanic/docs/lexeme_reports/model_entries/2169-sea-sǣ.model.md:32	1	Germanic/docs/lexeme_reports/model_entries/2169-sea-sǣ.model.md:32:1
Germanic/docs/lexeme_reports/model_entries/2169-sea-sǣ.model.md:52:2	Germanic/docs/lexeme_reports/model_entries/2169-sea-sǣ.model.md:52:2	explicit_tag	Germanic/docs/lexeme_reports/model_entries/2169-sea-sǣ.model.md:52	\index[iv]{02oe@\ivlangheader{Old English}{West Saxon normalization unmarked}!sae@\iventry{sǣ}{}}	oe		sǣ	sae	target_form	explicit_tag	Germanic/docs/lexeme_reports/model_entries/2169-sea-sǣ.model.md:52	1	Germanic/docs/lexeme_reports/model_entries/2169-sea-sǣ.model.md:52:2
Germanic/docs/lexeme_reports/model_entries/2169-sea-sǣ.model.md:52:1	Germanic/docs/lexeme_reports/model_entries/2169-sea-sǣ.model.md:52:1	explicit_tag	Germanic/docs/lexeme_reports/model_entries/2169-sea-sǣ.model.md:52	\index[iv]{03pgmc@\ivlangheader{Proto-Germanic}{}!sai@\iventry{*sái}{}}	pgmc		*sái	sai	source_protoform	explicit_tag	Germanic/docs/lexeme_reports/model_entries/2169-sea-sǣ.model.md:52	1	Germanic/docs/lexeme_reports/model_entries/2169-sea-sǣ.model.md:52:1
Germanic/docs/lexeme_reports/model_entries/2169-sea-sǣ.model.md:53:3	Germanic/docs/lexeme_reports/model_entries/2169-sea-sǣ.model.md:53:3	explicit_tag	Germanic/docs/lexeme_reports/model_entries/2169-sea-sǣ.model.md:53	\index[iv]{02oe@\ivlangheader{Old English}{West Saxon normalization unmarked}!sae@\iventry{sǣ}{}}	oe		sǣ	sae	target_form	explicit_tag	Germanic/docs/lexeme_reports/model_entries/2169-sea-sǣ.model.md:53	1	Germanic/docs/lexeme_reports/model_entries/2169-sea-sǣ.model.md:53:3
Germanic/docs/lexeme_reports/model_entries/2169-sea-sǣ.model.md:53:1	Germanic/docs/lexeme_reports/model_entries/2169-sea-sǣ.model.md:53:1	explicit_tag	Germanic/docs/lexeme_reports/model_entries/2169-sea-sǣ.model.md:53	\index[iv]{03pgmc@\ivlangheader{Proto-Germanic}{}!saiwiz@\iventry{*sáiwiz}{}}	pgmc		*sáiwiz	saiwiz	selected_input	explicit_tag	Germanic/docs/lexeme_reports/model_entries/2169-sea-sǣ.model.md:53	1	Germanic/docs/lexeme_reports/model_entries/2169-sea-sǣ.model.md:53:1
Germanic/docs/lexeme_reports/model_entries/2181-shilling-sċilling.model.md:21:1	Germanic/docs/lexeme_reports/model_entries/2181-shilling-sċilling.model.md:21:1	explicit_tag	Germanic/docs/lexeme_reports/model_entries/2181-shilling-sċilling.model.md:21	\index[iv]{02oe@\ivlangheader{Old English}{West Saxon normalization unmarked}!scilling@\iventry{scilling}{}}	oe		scilling	scilling	comparison_form	explicit_tag	Germanic/docs/lexeme_reports/model_entries/2181-shilling-sċilling.model.md:21	1	Germanic/docs/lexeme_reports/model_entries/2181-shilling-sċilling.model.md:21:1
Germanic/docs/lexeme_reports/model_entries/2183-shoulder-sċuldrum.model.md:21:3	Germanic/docs/lexeme_reports/model_entries/2183-shoulder-sċuldrum.model.md:21:3	explicit_tag	Germanic/docs/lexeme_reports/model_entries/2183-shoulder-sċuldrum.model.md:21	\index[iv]{23mlg@\ivlangheader{Middle Low German}{}!schulder@\iventry{schulder}{}}	mlg		schulder	schulder	comparison_form	explicit_tag	Germanic/docs/lexeme_reports/model_entries/2183-shoulder-sċuldrum.model.md:21	1	Germanic/docs/lexeme_reports/model_entries/2183-shoulder-sċuldrum.model.md:21:3
Germanic/docs/lexeme_reports/model_entries/2183-shoulder-sċuldrum.model.md:21:1	Germanic/docs/lexeme_reports/model_entries/2183-shoulder-sċuldrum.model.md:21:1	explicit_tag	Germanic/docs/lexeme_reports/model_entries/2183-shoulder-sċuldrum.model.md:21	\index[iv]{02oe@\ivlangheader{Old English}{West Saxon normalization unmarked}!sculdor@\iventry{sculdor}{}}	oe		sculdor	sculdor	comparison_form	explicit_tag	Germanic/docs/lexeme_reports/model_entries/2183-shoulder-sċuldrum.model.md:21	1	Germanic/docs/lexeme_reports/model_entries/2183-shoulder-sċuldrum.model.md:21:1
Germanic/docs/lexeme_reports/model_entries/2183-shoulder-sċuldrum.model.md:21:5	Germanic/docs/lexeme_reports/model_entries/2183-shoulder-sċuldrum.model.md:21:5	explicit_tag	Germanic/docs/lexeme_reports/model_entries/2183-shoulder-sċuldrum.model.md:21	\index[iv]{09ohg@\ivlangheader{Old High German}{}!scultirra@\iventry{scultirra}{}}	ohg		scultirra	scultirra	comparison_form	explicit_tag	Germanic/docs/lexeme_reports/model_entries/2183-shoulder-sċuldrum.model.md:21	1	Germanic/docs/lexeme_reports/model_entries/2183-shoulder-sċuldrum.model.md:21:5
Germanic/docs/lexeme_reports/model_entries/2183-shoulder-sċuldrum.model.md:21:4	Germanic/docs/lexeme_reports/model_entries/2183-shoulder-sċuldrum.model.md:21:4	explicit_tag	Germanic/docs/lexeme_reports/model_entries/2183-shoulder-sċuldrum.model.md:21	\index[iv]{09ohg@\ivlangheader{Old High German}{}!scultra@\iventry{scultra}{}}	ohg		scultra	scultra	comparison_form	explicit_tag	Germanic/docs/lexeme_reports/model_entries/2183-shoulder-sċuldrum.model.md:21	1	Germanic/docs/lexeme_reports/model_entries/2183-shoulder-sċuldrum.model.md:21:4
Germanic/docs/lexeme_reports/model_entries/2183-shoulder-sċuldrum.model.md:21:2	Germanic/docs/lexeme_reports/model_entries/2183-shoulder-sċuldrum.model.md:21:2	explicit_tag	Germanic/docs/lexeme_reports/model_entries/2183-shoulder-sċuldrum.model.md:21	\index[iv]{10ofris@\ivlangheader{Old Frisian}{}!skulder@\iventry{skulder}{}}	ofris		skulder	skulder	comparison_form	explicit_tag	Germanic/docs/lexeme_reports/model_entries/2183-shoulder-sċuldrum.model.md:21	1	Germanic/docs/lexeme_reports/model_entries/2183-shoulder-sċuldrum.model.md:21:2
Germanic/docs/lexeme_reports/model_entries/2183-shoulder-sċuldrum.model.md:21:6	Germanic/docs/lexeme_reports/model_entries/2183-shoulder-sċuldrum.model.md:21:6	explicit_tag	Germanic/docs/lexeme_reports/model_entries/2183-shoulder-sċuldrum.model.md:21	\index[iv]{03pgmc@\ivlangheader{Proto-Germanic}{}!skuldra@\iventry{*skuldra-}{}}	pgmc		*skuldra-	skuldra	source_protoform	explicit_tag	Germanic/docs/lexeme_reports/model_entries/2183-shoulder-sċuldrum.model.md:21	1	Germanic/docs/lexeme_reports/model_entries/2183-shoulder-sċuldrum.model.md:21:6
Germanic/docs/lexeme_reports/model_entries/2183-shoulder-sċuldrum.model.md:21:7	Germanic/docs/lexeme_reports/model_entries/2183-shoulder-sċuldrum.model.md:21:7	explicit_tag	Germanic/docs/lexeme_reports/model_entries/2183-shoulder-sċuldrum.model.md:21	\index[iv]{03pgmc@\ivlangheader{Proto-Germanic}{}!skuldrjon@\iventry{*skuldrjōn-}{}}	pgmc		*skuldrjōn-	skuldrjon	source_protoform	explicit_tag	Germanic/docs/lexeme_reports/model_entries/2183-shoulder-sċuldrum.model.md:21	1	Germanic/docs/lexeme_reports/model_entries/2183-shoulder-sċuldrum.model.md:21:7
Germanic/docs/lexeme_reports/model_entries/2183-shoulder-sċuldrum.model.md:21:8	Germanic/docs/lexeme_reports/model_entries/2183-shoulder-sċuldrum.model.md:21:8	explicit_tag	Germanic/docs/lexeme_reports/model_entries/2183-shoulder-sċuldrum.model.md:21	\index[iv]{05pwgmc@\ivlangheader{Proto-West Germanic}{}!skuldru@\iventry{*skuldru}{}}	pwgmc		*skuldru	skuldru	comparison_form	explicit_tag	Germanic/docs/lexeme_reports/model_entries/2183-shoulder-sċuldrum.model.md:21	1	Germanic/docs/lexeme_reports/model_entries/2183-shoulder-sċuldrum.model.md:21:8
Germanic/docs/lexeme_reports/model_entries/2183-shoulder-sċuldrum.model.md:25:1	Germanic/docs/lexeme_reports/model_entries/2183-shoulder-sċuldrum.model.md:25:1	explicit_tag	Germanic/docs/lexeme_reports/model_entries/2183-shoulder-sċuldrum.model.md:25	\index[iv]{03pgmc@\ivlangheader{Proto-Germanic}{}!skuldramiz@\iventry{*skúldramiz}{}}	pgmc		*skúldramiz	skuldramiz	selected_input	explicit_tag	Germanic/docs/lexeme_reports/model_entries/2183-shoulder-sċuldrum.model.md:25	1	Germanic/docs/lexeme_reports/model_entries/2183-shoulder-sċuldrum.model.md:25:1
Germanic/docs/lexeme_reports/model_entries/2183-shoulder-sċuldrum.model.md:29:1	Germanic/docs/lexeme_reports/model_entries/2183-shoulder-sċuldrum.model.md:29:1	explicit_tag	Germanic/docs/lexeme_reports/model_entries/2183-shoulder-sċuldrum.model.md:29	\index[iv]{02oe@\ivlangheader{Old English}{West Saxon normalization unmarked}!sculdor@\iventry{sculdor}{}}	oe		sculdor	sculdor	comparison_form	explicit_tag	Germanic/docs/lexeme_reports/model_entries/2183-shoulder-sċuldrum.model.md:29	1	Germanic/docs/lexeme_reports/model_entries/2183-shoulder-sċuldrum.model.md:29:1
Germanic/docs/lexeme_reports/model_entries/2183-shoulder-sċuldrum.model.md:29:2	Germanic/docs/lexeme_reports/model_entries/2183-shoulder-sċuldrum.model.md:29:2	explicit_tag	Germanic/docs/lexeme_reports/model_entries/2183-shoulder-sċuldrum.model.md:29	\index[iv]{02oe@\ivlangheader{Old English}{West Saxon normalization unmarked}!sculdor@\iventry{sculdor}{}}	oe		sculdor	sculdor	comparison_form	explicit_tag	Germanic/docs/lexeme_reports/model_entries/2183-shoulder-sċuldrum.model.md:29	1	Germanic/docs/lexeme_reports/model_entries/2183-shoulder-sċuldrum.model.md:29:2
Germanic/docs/lexeme_reports/model_entries/2183-shoulder-sċuldrum.model.md:29:3	Germanic/docs/lexeme_reports/model_entries/2183-shoulder-sċuldrum.model.md:29:3	explicit_tag	Germanic/docs/lexeme_reports/model_entries/2183-shoulder-sċuldrum.model.md:29	\index[iv]{02oe@\ivlangheader{Old English}{West Saxon normalization unmarked}!sculdrum@\iventry{sculdrum}{}}	oe		sculdrum	sculdrum	comparison_form	explicit_tag	Germanic/docs/lexeme_reports/model_entries/2183-shoulder-sċuldrum.model.md:29	1	Germanic/docs/lexeme_reports/model_entries/2183-shoulder-sċuldrum.model.md:29:3
Germanic/docs/lexeme_reports/model_entries/2183-shoulder-sċuldrum.model.md:31:4	Germanic/docs/lexeme_reports/model_entries/2183-shoulder-sċuldrum.model.md:31:4	explicit_tag	Germanic/docs/lexeme_reports/model_entries/2183-shoulder-sċuldrum.model.md:31	\index[iv]{02oe@\ivlangheader{Old English}{West Saxon normalization unmarked}!sceoldor@\iventry{sceoldor}{}}	oe		sceoldor	sceoldor	comparison_form	explicit_tag	Germanic/docs/lexeme_reports/model_entries/2183-shoulder-sċuldrum.model.md:31	1	Germanic/docs/lexeme_reports/model_entries/2183-shoulder-sċuldrum.model.md:31:4
Germanic/docs/lexeme_reports/model_entries/2183-shoulder-sċuldrum.model.md:31:3	Germanic/docs/lexeme_reports/model_entries/2183-shoulder-sċuldrum.model.md:31:3	explicit_tag	Germanic/docs/lexeme_reports/model_entries/2183-shoulder-sċuldrum.model.md:31	\index[iv]{02oe@\ivlangheader{Old English}{West Saxon normalization unmarked}!sculdor@\iventry{sculdor}{}}	oe		sculdor	sculdor	comparison_form	explicit_tag	Germanic/docs/lexeme_reports/model_entries/2183-shoulder-sċuldrum.model.md:31	1	Germanic/docs/lexeme_reports/model_entries/2183-shoulder-sċuldrum.model.md:31:3
Germanic/docs/lexeme_reports/model_entries/2183-shoulder-sċuldrum.model.md:31:1	Germanic/docs/lexeme_reports/model_entries/2183-shoulder-sċuldrum.model.md:31:1	explicit_tag	Germanic/docs/lexeme_reports/model_entries/2183-shoulder-sċuldrum.model.md:31	\index[iv]{02oe@\ivlangheader{Old English}{West Saxon normalization unmarked}!sculdra@\iventry{sculdra}{}}	oe		sculdra	sculdra	comparison_form	explicit_tag	Germanic/docs/lexeme_reports/model_entries/2183-shoulder-sċuldrum.model.md:31	1	Germanic/docs/lexeme_reports/model_entries/2183-shoulder-sċuldrum.model.md:31:1
Germanic/docs/lexeme_reports/model_entries/2183-shoulder-sċuldrum.model.md:31:2	Germanic/docs/lexeme_reports/model_entries/2183-shoulder-sċuldrum.model.md:31:2	explicit_tag	Germanic/docs/lexeme_reports/model_entries/2183-shoulder-sċuldrum.model.md:31	\index[iv]{02oe@\ivlangheader{Old English}{West Saxon normalization unmarked}!sculdra@\iventry{sculdra}{}}	oe		sculdra	sculdra	comparison_form	explicit_tag	Germanic/docs/lexeme_reports/model_entries/2183-shoulder-sċuldrum.model.md:31	1	Germanic/docs/lexeme_reports/model_entries/2183-shoulder-sċuldrum.model.md:31:2
Germanic/docs/lexeme_reports/model_entries/2183-shoulder-sċuldrum.model.md:31:5	Germanic/docs/lexeme_reports/model_entries/2183-shoulder-sċuldrum.model.md:31:5	explicit_tag	Germanic/docs/lexeme_reports/model_entries/2183-shoulder-sċuldrum.model.md:31	\index[iv]{02oe@\ivlangheader{Old English}{West Saxon normalization unmarked}!scyldrum@\iventry{scyldrum}{}}	oe		scyldrum	scyldrum	comparison_form	explicit_tag	Germanic/docs/lexeme_reports/model_entries/2183-shoulder-sċuldrum.model.md:31	1	Germanic/docs/lexeme_reports/model_entries/2183-shoulder-sċuldrum.model.md:31:5
Germanic/docs/lexeme_reports/model_entries/2183-shoulder-sċuldrum.model.md:33:1	Germanic/docs/lexeme_reports/model_entries/2183-shoulder-sċuldrum.model.md:33:1	explicit_tag	Germanic/docs/lexeme_reports/model_entries/2183-shoulder-sċuldrum.model.md:33	\index[iv]{02oe@\ivlangheader{Old English}{West Saxon normalization unmarked}!sculdrum@\iventry{sċuldrum}{}}	oe		sċuldrum	sculdrum	target_form	explicit_tag	Germanic/docs/lexeme_reports/model_entries/2183-shoulder-sċuldrum.model.md:33	1	Germanic/docs/lexeme_reports/model_entries/2183-shoulder-sċuldrum.model.md:33:1
Germanic/docs/lexeme_reports/model_entries/2183-shoulder-sċuldrum.model.md:39:1	Germanic/docs/lexeme_reports/model_entries/2183-shoulder-sċuldrum.model.md:39:1	explicit_tag	Germanic/docs/lexeme_reports/model_entries/2183-shoulder-sċuldrum.model.md:39	\index[iv]{02oe@\ivlangheader{Old English}{West Saxon normalization unmarked}!sculdrum@\iventry{sċuldrum}{}}	oe		sċuldrum	sculdrum	comparison_form	explicit_tag	Germanic/docs/lexeme_reports/model_entries/2183-shoulder-sċuldrum.model.md:39	1	Germanic/docs/lexeme_reports/model_entries/2183-shoulder-sċuldrum.model.md:39:1
Germanic/docs/lexeme_reports/model_entries/2183-shoulder-sċuldrum.model.md:47:3	Germanic/docs/lexeme_reports/model_entries/2183-shoulder-sċuldrum.model.md:47:3	explicit_tag	Germanic/docs/lexeme_reports/model_entries/2183-shoulder-sċuldrum.model.md:47	\index[iv]{02oe@\ivlangheader{Old English}{West Saxon normalization unmarked}!sculdor@\iventry{sculdor}{}}	oe		sculdor	sculdor	comparison_form	explicit_tag	Germanic/docs/lexeme_reports/model_entries/2183-shoulder-sċuldrum.model.md:47	1	Germanic/docs/lexeme_reports/model_entries/2183-shoulder-sċuldrum.model.md:47:3
Germanic/docs/lexeme_reports/model_entries/2183-shoulder-sċuldrum.model.md:47:1	Germanic/docs/lexeme_reports/model_entries/2183-shoulder-sċuldrum.model.md:47:1	explicit_tag	Germanic/docs/lexeme_reports/model_entries/2183-shoulder-sċuldrum.model.md:47	\index[iv]{03pgmc@\ivlangheader{Proto-Germanic}{}!skuldro@\iventry{*skúldrō}{}}	pgmc		*skúldrō	skuldro	comparison_form	explicit_tag	Germanic/docs/lexeme_reports/model_entries/2183-shoulder-sċuldrum.model.md:47	1	Germanic/docs/lexeme_reports/model_entries/2183-shoulder-sċuldrum.model.md:47:1
Germanic/docs/lexeme_reports/model_entries/2183-shoulder-sċuldrum.model.md:48:3	Germanic/docs/lexeme_reports/model_entries/2183-shoulder-sċuldrum.model.md:48:3	explicit_tag	Germanic/docs/lexeme_reports/model_entries/2183-shoulder-sċuldrum.model.md:48	\index[iv]{02oe@\ivlangheader{Old English}{West Saxon normalization unmarked}!sculdor@\iventry{sculdor}{}}	oe		sculdor	sculdor	comparison_form	explicit_tag	Germanic/docs/lexeme_reports/model_entries/2183-shoulder-sċuldrum.model.md:48	1	Germanic/docs/lexeme_reports/model_entries/2183-shoulder-sċuldrum.model.md:48:3
Germanic/docs/lexeme_reports/model_entries/2183-shoulder-sċuldrum.model.md:48:1	Germanic/docs/lexeme_reports/model_entries/2183-shoulder-sċuldrum.model.md:48:1	explicit_tag	Germanic/docs/lexeme_reports/model_entries/2183-shoulder-sċuldrum.model.md:48	\index[iv]{05pwgmc@\ivlangheader{Proto-West Germanic}{}!skuldru@\iventry{*skúldru}{}}	pwgmc		*skúldru	skuldru	comparison_form	explicit_tag	Germanic/docs/lexeme_reports/model_entries/2183-shoulder-sċuldrum.model.md:48	1	Germanic/docs/lexeme_reports/model_entries/2183-shoulder-sċuldrum.model.md:48:1
Germanic/docs/lexeme_reports/model_entries/2183-shoulder-sċuldrum.model.md:49:3	Germanic/docs/lexeme_reports/model_entries/2183-shoulder-sċuldrum.model.md:49:3	explicit_tag	Germanic/docs/lexeme_reports/model_entries/2183-shoulder-sċuldrum.model.md:49	\index[iv]{02oe@\ivlangheader{Old English}{West Saxon normalization unmarked}!sculdrum@\iventry{sculdrum}{}}	oe		sculdrum	sculdrum	comparison_form	explicit_tag	Germanic/docs/lexeme_reports/model_entries/2183-shoulder-sċuldrum.model.md:49	1	Germanic/docs/lexeme_reports/model_entries/2183-shoulder-sċuldrum.model.md:49:3
Germanic/docs/lexeme_reports/model_entries/2183-shoulder-sċuldrum.model.md:49:2	Germanic/docs/lexeme_reports/model_entries/2183-shoulder-sċuldrum.model.md:49:2	explicit_tag	Germanic/docs/lexeme_reports/model_entries/2183-shoulder-sċuldrum.model.md:49	\index[iv]{02oe@\ivlangheader{Old English}{West Saxon normalization unmarked}!sculdrum@\iventry{sċuldrum}{}}	oe		sċuldrum	sculdrum	target_form	explicit_tag	Germanic/docs/lexeme_reports/model_entries/2183-shoulder-sċuldrum.model.md:49	1	Germanic/docs/lexeme_reports/model_entries/2183-shoulder-sċuldrum.model.md:49:2
Germanic/docs/lexeme_reports/model_entries/2183-shoulder-sċuldrum.model.md:49:1	Germanic/docs/lexeme_reports/model_entries/2183-shoulder-sċuldrum.model.md:49:1	explicit_tag	Germanic/docs/lexeme_reports/model_entries/2183-shoulder-sċuldrum.model.md:49	\index[iv]{03pgmc@\ivlangheader{Proto-Germanic}{}!skuldramiz@\iventry{*skúldramiz}{}}	pgmc		*skúldramiz	skuldramiz	selected_input	explicit_tag	Germanic/docs/lexeme_reports/model_entries/2183-shoulder-sċuldrum.model.md:49	1	Germanic/docs/lexeme_reports/model_entries/2183-shoulder-sċuldrum.model.md:49:1
Germanic/docs/lexeme_reports/model_entries/2183-shoulder-sċuldrum.model.md:50:1	Germanic/docs/lexeme_reports/model_entries/2183-shoulder-sċuldrum.model.md:50:1	explicit_tag	Germanic/docs/lexeme_reports/model_entries/2183-shoulder-sċuldrum.model.md:50	\index[iv]{02oe@\ivlangheader{Old English}{West Saxon normalization unmarked}!sculdra@\iventry{sculdra}{}}	oe		sculdra	sculdra	comparison_form	explicit_tag	Germanic/docs/lexeme_reports/model_entries/2183-shoulder-sċuldrum.model.md:50	1	Germanic/docs/lexeme_reports/model_entries/2183-shoulder-sċuldrum.model.md:50:1
Germanic/docs/lexeme_reports/model_entries/2183-shoulder-sċuldrum.model.md:50:2	Germanic/docs/lexeme_reports/model_entries/2183-shoulder-sċuldrum.model.md:50:2	explicit_tag	Germanic/docs/lexeme_reports/model_entries/2183-shoulder-sċuldrum.model.md:50	\index[iv]{02oe@\ivlangheader{Old English}{West Saxon normalization unmarked}!sculdra@\iventry{sculdra}{}}	oe		sculdra	sculdra	comparison_form	explicit_tag	Germanic/docs/lexeme_reports/model_entries/2183-shoulder-sċuldrum.model.md:50	1	Germanic/docs/lexeme_reports/model_entries/2183-shoulder-sċuldrum.model.md:50:2
Germanic/docs/lexeme_reports/model_entries/2183-shoulder-sċuldrum.model.md:52:1	Germanic/docs/lexeme_reports/model_entries/2183-shoulder-sċuldrum.model.md:52:1	explicit_tag	Germanic/docs/lexeme_reports/model_entries/2183-shoulder-sċuldrum.model.md:52	\index[iv]{02oe@\ivlangheader{Old English}{West Saxon normalization unmarked}!sculdrum@\iventry{sculdrum}{}}	oe		sculdrum	sculdrum	comparison_form	explicit_tag	Germanic/docs/lexeme_reports/model_entries/2183-shoulder-sċuldrum.model.md:52	1	Germanic/docs/lexeme_reports/model_entries/2183-shoulder-sċuldrum.model.md:52:1
Germanic/docs/lexeme_reports/model_entries/2184-shove-sċēaf.model.md:22:1	Germanic/docs/lexeme_reports/model_entries/2184-shove-sċēaf.model.md:22:1	explicit_tag	Germanic/docs/lexeme_reports/model_entries/2184-shove-sċēaf.model.md:22	\index[iv]{02oe@\ivlangheader{Old English}{West Saxon normalization unmarked}!sceofan@\iventry{scēofan}{}}	oe		scēofan	sceofan	comparison_form	explicit_tag	Germanic/docs/lexeme_reports/model_entries/2184-shove-sċēaf.model.md:22	1	Germanic/docs/lexeme_reports/model_entries/2184-shove-sċēaf.model.md:22:1
Germanic/docs/lexeme_reports/model_entries/2184-shove-sċēaf.model.md:22:2	Germanic/docs/lexeme_reports/model_entries/2184-shove-sċēaf.model.md:22:2	explicit_tag	Germanic/docs/lexeme_reports/model_entries/2184-shove-sċēaf.model.md:22	\index[iv]{02oe@\ivlangheader{Old English}{West Saxon normalization unmarked}!scufan@\iventry{scūfan}{}}	oe		scūfan	scufan	comparison_form	explicit_tag	Germanic/docs/lexeme_reports/model_entries/2184-shove-sċēaf.model.md:22	1	Germanic/docs/lexeme_reports/model_entries/2184-shove-sċēaf.model.md:22:2
Germanic/docs/lexeme_reports/model_entries/2184-shove-sċēaf.model.md:24:1	Germanic/docs/lexeme_reports/model_entries/2184-shove-sċēaf.model.md:24:1	explicit_tag	Germanic/docs/lexeme_reports/model_entries/2184-shove-sċēaf.model.md:24	\index[iv]{03pgmc@\ivlangheader{Proto-Germanic}{}!skaub@\iventry{*skáub}{}}	pgmc		*skáub	skaub	selected_input	explicit_tag	Germanic/docs/lexeme_reports/model_entries/2184-shove-sċēaf.model.md:24	1	Germanic/docs/lexeme_reports/model_entries/2184-shove-sċēaf.model.md:24:1
Germanic/docs/lexeme_reports/model_entries/2184-shove-sċēaf.model.md:28:2	Germanic/docs/lexeme_reports/model_entries/2184-shove-sċēaf.model.md:28:2	explicit_tag	Germanic/docs/lexeme_reports/model_entries/2184-shove-sċēaf.model.md:28	\index[iv]{02oe@\ivlangheader{Old English}{West Saxon normalization unmarked}!sceofan@\iventry{scēofan}{}}	oe		scēofan	sceofan	comparison_form	explicit_tag	Germanic/docs/lexeme_reports/model_entries/2184-shove-sċēaf.model.md:28	1	Germanic/docs/lexeme_reports/model_entries/2184-shove-sċēaf.model.md:28:2
Germanic/docs/lexeme_reports/model_entries/2184-shove-sċēaf.model.md:28:1	Germanic/docs/lexeme_reports/model_entries/2184-shove-sċēaf.model.md:28:1	explicit_tag	Germanic/docs/lexeme_reports/model_entries/2184-shove-sċēaf.model.md:28	\index[iv]{02oe@\ivlangheader{Old English}{West Saxon normalization unmarked}!scufan@\iventry{scūfan}{}}	oe		scūfan	scufan	comparison_form	explicit_tag	Germanic/docs/lexeme_reports/model_entries/2184-shove-sċēaf.model.md:28	1	Germanic/docs/lexeme_reports/model_entries/2184-shove-sċēaf.model.md:28:1
Germanic/docs/lexeme_reports/model_entries/2184-shove-sċēaf.model.md:29:2	Germanic/docs/lexeme_reports/model_entries/2184-shove-sċēaf.model.md:29:2	explicit_tag	Germanic/docs/lexeme_reports/model_entries/2184-shove-sċēaf.model.md:29	\index[iv]{02oe@\ivlangheader{Old English}{West Saxon normalization unmarked}!sceaf@\iventry{sceaf}{}}	oe		sceaf	sceaf	comparison_form	explicit_tag	Germanic/docs/lexeme_reports/model_entries/2184-shove-sċēaf.model.md:29	1	Germanic/docs/lexeme_reports/model_entries/2184-shove-sċēaf.model.md:29:2
Germanic/docs/lexeme_reports/model_entries/2184-shove-sċēaf.model.md:29:4	Germanic/docs/lexeme_reports/model_entries/2184-shove-sċēaf.model.md:29:4	explicit_tag	Germanic/docs/lexeme_reports/model_entries/2184-shove-sċēaf.model.md:29	\index[iv]{02oe@\ivlangheader{Old English}{West Saxon normalization unmarked}!scofen@\iventry{scofen}{}}	oe		scofen	scofen	comparison_form	explicit_tag	Germanic/docs/lexeme_reports/model_entries/2184-shove-sċēaf.model.md:29	1	Germanic/docs/lexeme_reports/model_entries/2184-shove-sċēaf.model.md:29:4
Germanic/docs/lexeme_reports/model_entries/2184-shove-sċēaf.model.md:29:1	Germanic/docs/lexeme_reports/model_entries/2184-shove-sċēaf.model.md:29:1	explicit_tag	Germanic/docs/lexeme_reports/model_entries/2184-shove-sċēaf.model.md:29	\index[iv]{02oe@\ivlangheader{Old English}{West Saxon normalization unmarked}!scufan@\iventry{scufan}{}}	oe		scufan	scufan	comparison_form	explicit_tag	Germanic/docs/lexeme_reports/model_entries/2184-shove-sċēaf.model.md:29	1	Germanic/docs/lexeme_reports/model_entries/2184-shove-sċēaf.model.md:29:1
Germanic/docs/lexeme_reports/model_entries/2184-shove-sċēaf.model.md:29:3	Germanic/docs/lexeme_reports/model_entries/2184-shove-sċēaf.model.md:29:3	explicit_tag	Germanic/docs/lexeme_reports/model_entries/2184-shove-sċēaf.model.md:29	\index[iv]{02oe@\ivlangheader{Old English}{West Saxon normalization unmarked}!scufon@\iventry{scufon}{}}	oe		scufon	scufon	comparison_form	explicit_tag	Germanic/docs/lexeme_reports/model_entries/2184-shove-sċēaf.model.md:29	1	Germanic/docs/lexeme_reports/model_entries/2184-shove-sċēaf.model.md:29:3
Germanic/docs/lexeme_reports/model_entries/2184-shove-sċēaf.model.md:31:1	Germanic/docs/lexeme_reports/model_entries/2184-shove-sċēaf.model.md:31:1	explicit_tag	Germanic/docs/lexeme_reports/model_entries/2184-shove-sċēaf.model.md:31	\index[iv]{02oe@\ivlangheader{Old English}{West Saxon normalization unmarked}!sceaf@\iventry{sċēaf}{}}	oe		sċēaf	sceaf	target_form	explicit_tag	Germanic/docs/lexeme_reports/model_entries/2184-shove-sċēaf.model.md:31	1	Germanic/docs/lexeme_reports/model_entries/2184-shove-sċēaf.model.md:31:1
Germanic/docs/lexeme_reports/model_entries/2184-shove-sċēaf.model.md:32:2	Germanic/docs/lexeme_reports/model_entries/2184-shove-sċēaf.model.md:32:2	explicit_tag	Germanic/docs/lexeme_reports/model_entries/2184-shove-sċēaf.model.md:32	\index[iv]{02oe@\ivlangheader{Old English}{West Saxon normalization unmarked}!asceaf@\iventry{āsceaf}{}}	oe		āsceaf	asceaf	comparison_form	explicit_tag	Germanic/docs/lexeme_reports/model_entries/2184-shove-sċēaf.model.md:32	1	Germanic/docs/lexeme_reports/model_entries/2184-shove-sċēaf.model.md:32:2
Germanic/docs/lexeme_reports/model_entries/2184-shove-sċēaf.model.md:32:1	Germanic/docs/lexeme_reports/model_entries/2184-shove-sċēaf.model.md:32:1	explicit_tag	Germanic/docs/lexeme_reports/model_entries/2184-shove-sċēaf.model.md:32	\index[iv]{02oe@\ivlangheader{Old English}{West Saxon normalization unmarked}!sceaf@\iventry{sceaf}{}}	oe		sceaf	sceaf	comparison_form	explicit_tag	Germanic/docs/lexeme_reports/model_entries/2184-shove-sċēaf.model.md:32	1	Germanic/docs/lexeme_reports/model_entries/2184-shove-sċēaf.model.md:32:1
Germanic/docs/lexeme_reports/model_entries/2184-shove-sċēaf.model.md:39:1	Germanic/docs/lexeme_reports/model_entries/2184-shove-sċēaf.model.md:39:1	explicit_tag	Germanic/docs/lexeme_reports/model_entries/2184-shove-sċēaf.model.md:39	\index[iv]{02oe@\ivlangheader{Old English}{West Saxon normalization unmarked}!sceaf@\iventry{sċēaf}{}}	oe		sċēaf	sceaf	comparison_form	explicit_tag	Germanic/docs/lexeme_reports/model_entries/2184-shove-sċēaf.model.md:39	1	Germanic/docs/lexeme_reports/model_entries/2184-shove-sċēaf.model.md:39:1
Germanic/docs/lexeme_reports/model_entries/2184-shove-sċēaf.model.md:44:1	Germanic/docs/lexeme_reports/model_entries/2184-shove-sċēaf.model.md:44:1	explicit_tag	Germanic/docs/lexeme_reports/model_entries/2184-shove-sċēaf.model.md:44	\index[iv]{02oe@\ivlangheader{Old English}{West Saxon normalization unmarked}!sceaf@\iventry{sċēaf}{}}	oe		sċēaf	sceaf	comparison_form	explicit_tag	Germanic/docs/lexeme_reports/model_entries/2184-shove-sċēaf.model.md:44	1	Germanic/docs/lexeme_reports/model_entries/2184-shove-sċēaf.model.md:44:1
Germanic/docs/lexeme_reports/model_entries/2184-shove-sċēaf.model.md:49:6	Germanic/docs/lexeme_reports/model_entries/2184-shove-sċēaf.model.md:49:6	explicit_tag	Germanic/docs/lexeme_reports/model_entries/2184-shove-sċēaf.model.md:49	\index[iv]{02oe@\ivlangheader{Old English}{West Saxon normalization unmarked}!sceaf@\iventry{sċēaf}{}}	oe		sċēaf	sceaf	comparison_form	explicit_tag	Germanic/docs/lexeme_reports/model_entries/2184-shove-sċēaf.model.md:49	1	Germanic/docs/lexeme_reports/model_entries/2184-shove-sċēaf.model.md:49:6
Germanic/docs/lexeme_reports/model_entries/2184-shove-sċēaf.model.md:49:4	Germanic/docs/lexeme_reports/model_entries/2184-shove-sċēaf.model.md:49:4	explicit_tag	Germanic/docs/lexeme_reports/model_entries/2184-shove-sċēaf.model.md:49	\index[iv]{02oe@\ivlangheader{Old English}{West Saxon normalization unmarked}!sceofan@\iventry{scēofan}{}}	oe		scēofan	sceofan	comparison_form	explicit_tag	Germanic/docs/lexeme_reports/model_entries/2184-shove-sċēaf.model.md:49	1	Germanic/docs/lexeme_reports/model_entries/2184-shove-sċēaf.model.md:49:4
Germanic/docs/lexeme_reports/model_entries/2184-shove-sċēaf.model.md:49:2	Germanic/docs/lexeme_reports/model_entries/2184-shove-sċēaf.model.md:49:2	explicit_tag	Germanic/docs/lexeme_reports/model_entries/2184-shove-sċēaf.model.md:49	\index[iv]{02oe@\ivlangheader{Old English}{West Saxon normalization unmarked}!sceofan@\iventry{sċēofan}{}}	oe		sċēofan	sceofan	comparison_form	explicit_tag	Germanic/docs/lexeme_reports/model_entries/2184-shove-sċēaf.model.md:49	1	Germanic/docs/lexeme_reports/model_entries/2184-shove-sċēaf.model.md:49:2
Germanic/docs/lexeme_reports/model_entries/2184-shove-sċēaf.model.md:49:3	Germanic/docs/lexeme_reports/model_entries/2184-shove-sċēaf.model.md:49:3	explicit_tag	Germanic/docs/lexeme_reports/model_entries/2184-shove-sċēaf.model.md:49	\index[iv]{02oe@\ivlangheader{Old English}{West Saxon normalization unmarked}!scufan@\iventry{scūfan}{}}	oe		scūfan	scufan	comparison_form	explicit_tag	Germanic/docs/lexeme_reports/model_entries/2184-shove-sċēaf.model.md:49	1	Germanic/docs/lexeme_reports/model_entries/2184-shove-sċēaf.model.md:49:3
Germanic/docs/lexeme_reports/model_entries/2184-shove-sċēaf.model.md:49:5	Germanic/docs/lexeme_reports/model_entries/2184-shove-sċēaf.model.md:49:5	explicit_tag	Germanic/docs/lexeme_reports/model_entries/2184-shove-sċēaf.model.md:49	\index[iv]{02oe@\ivlangheader{Old English}{West Saxon normalization unmarked}!scufan@\iventry{scūfan}{}}	oe		scūfan	scufan	comparison_form	explicit_tag	Germanic/docs/lexeme_reports/model_entries/2184-shove-sċēaf.model.md:49	1	Germanic/docs/lexeme_reports/model_entries/2184-shove-sċēaf.model.md:49:5
Germanic/docs/lexeme_reports/model_entries/2184-shove-sċēaf.model.md:49:1	Germanic/docs/lexeme_reports/model_entries/2184-shove-sċēaf.model.md:49:1	explicit_tag	Germanic/docs/lexeme_reports/model_entries/2184-shove-sċēaf.model.md:49	\index[iv]{03pgmc@\ivlangheader{Proto-Germanic}{}!skeubana@\iventry{*skéubaną}{}}	pgmc		*skéubaną	skeubana	source_protoform	explicit_tag	Germanic/docs/lexeme_reports/model_entries/2184-shove-sċēaf.model.md:49	1	Germanic/docs/lexeme_reports/model_entries/2184-shove-sċēaf.model.md:49:1
Germanic/docs/lexeme_reports/model_entries/2184-shove-sċēaf.model.md:50:3	Germanic/docs/lexeme_reports/model_entries/2184-shove-sċēaf.model.md:50:3	explicit_tag	Germanic/docs/lexeme_reports/model_entries/2184-shove-sċēaf.model.md:50	\index[iv]{02oe@\ivlangheader{Old English}{West Saxon normalization unmarked}!sceaf@\iventry{sċēaf}{}}	oe		sċēaf	sceaf	target_form	explicit_tag	Germanic/docs/lexeme_reports/model_entries/2184-shove-sċēaf.model.md:50	1	Germanic/docs/lexeme_reports/model_entries/2184-shove-sċēaf.model.md:50:3
Germanic/docs/lexeme_reports/model_entries/2184-shove-sċēaf.model.md:50:1	Germanic/docs/lexeme_reports/model_entries/2184-shove-sċēaf.model.md:50:1	explicit_tag	Germanic/docs/lexeme_reports/model_entries/2184-shove-sċēaf.model.md:50	\index[iv]{03pgmc@\ivlangheader{Proto-Germanic}{}!skaub@\iventry{*skáub}{}}	pgmc		*skáub	skaub	selected_input	explicit_tag	Germanic/docs/lexeme_reports/model_entries/2184-shove-sċēaf.model.md:50	1	Germanic/docs/lexeme_reports/model_entries/2184-shove-sċēaf.model.md:50:1
Germanic/docs/lexeme_reports/model_entries/2184-shove-sċēaf.model.md:51:2	Germanic/docs/lexeme_reports/model_entries/2184-shove-sċēaf.model.md:51:2	explicit_tag	Germanic/docs/lexeme_reports/model_entries/2184-shove-sċēaf.model.md:51	\index[iv]{02oe@\ivlangheader{Old English}{West Saxon normalization unmarked}!scufon@\iventry{scufon}{}}	oe		scufon	scufon	comparison_form	explicit_tag	Germanic/docs/lexeme_reports/model_entries/2184-shove-sċēaf.model.md:51	1	Germanic/docs/lexeme_reports/model_entries/2184-shove-sċēaf.model.md:51:2
Germanic/docs/lexeme_reports/model_entries/2184-shove-sċēaf.model.md:51:4	Germanic/docs/lexeme_reports/model_entries/2184-shove-sċēaf.model.md:51:4	explicit_tag	Germanic/docs/lexeme_reports/model_entries/2184-shove-sċēaf.model.md:51	\index[iv]{02oe@\ivlangheader{Old English}{West Saxon normalization unmarked}!scufon@\iventry{scufon}{}}	oe		scufon	scufon	comparison_form	explicit_tag	Germanic/docs/lexeme_reports/model_entries/2184-shove-sċēaf.model.md:51	1	Germanic/docs/lexeme_reports/model_entries/2184-shove-sċēaf.model.md:51:4
Germanic/docs/lexeme_reports/model_entries/2184-shove-sċēaf.model.md:51:3	Germanic/docs/lexeme_reports/model_entries/2184-shove-sċēaf.model.md:51:3	explicit_tag	Germanic/docs/lexeme_reports/model_entries/2184-shove-sċēaf.model.md:51	\index[iv]{02oe@\ivlangheader{Old English}{West Saxon normalization unmarked}!scufun@\iventry{sċufun}{}}	oe		sċufun	scufun	comparison_form	explicit_tag	Germanic/docs/lexeme_reports/model_entries/2184-shove-sċēaf.model.md:51	1	Germanic/docs/lexeme_reports/model_entries/2184-shove-sċēaf.model.md:51:3
Germanic/docs/lexeme_reports/model_entries/2184-shove-sċēaf.model.md:51:1	Germanic/docs/lexeme_reports/model_entries/2184-shove-sċēaf.model.md:51:1	explicit_tag	Germanic/docs/lexeme_reports/model_entries/2184-shove-sċēaf.model.md:51	\index[iv]{03pgmc@\ivlangheader{Proto-Germanic}{}!skubun@\iventry{*skúbun}{}}	pgmc		*skúbun	skubun	comparison_form	explicit_tag	Germanic/docs/lexeme_reports/model_entries/2184-shove-sċēaf.model.md:51	1	Germanic/docs/lexeme_reports/model_entries/2184-shove-sċēaf.model.md:51:1
Germanic/docs/lexeme_reports/model_entries/2184-shove-sċēaf.model.md:52:2	Germanic/docs/lexeme_reports/model_entries/2184-shove-sċēaf.model.md:52:2	explicit_tag	Germanic/docs/lexeme_reports/model_entries/2184-shove-sċēaf.model.md:52	\index[iv]{02oe@\ivlangheader{Old English}{West Saxon normalization unmarked}!scofen@\iventry{scofen}{}}	oe		scofen	scofen	comparison_form	explicit_tag	Germanic/docs/lexeme_reports/model_entries/2184-shove-sċēaf.model.md:52	1	Germanic/docs/lexeme_reports/model_entries/2184-shove-sċēaf.model.md:52:2
Germanic/docs/lexeme_reports/model_entries/2184-shove-sċēaf.model.md:52:3	Germanic/docs/lexeme_reports/model_entries/2184-shove-sċēaf.model.md:52:3	explicit_tag	Germanic/docs/lexeme_reports/model_entries/2184-shove-sċēaf.model.md:52	\index[iv]{02oe@\ivlangheader{Old English}{West Saxon normalization unmarked}!scofen@\iventry{scofen}{}}	oe		scofen	scofen	comparison_form	explicit_tag	Germanic/docs/lexeme_reports/model_entries/2184-shove-sċēaf.model.md:52	1	Germanic/docs/lexeme_reports/model_entries/2184-shove-sċēaf.model.md:52:3
Germanic/docs/lexeme_reports/model_entries/2184-shove-sċēaf.model.md:52:1	Germanic/docs/lexeme_reports/model_entries/2184-shove-sċēaf.model.md:52:1	explicit_tag	Germanic/docs/lexeme_reports/model_entries/2184-shove-sċēaf.model.md:52	\index[iv]{03pgmc@\ivlangheader{Proto-Germanic}{}!skubanaz@\iventry{*skúbanaz}{}}	pgmc		*skúbanaz	skubanaz	comparison_form	explicit_tag	Germanic/docs/lexeme_reports/model_entries/2184-shove-sċēaf.model.md:52	1	Germanic/docs/lexeme_reports/model_entries/2184-shove-sċēaf.model.md:52:1
Germanic/docs/lexeme_reports/model_entries/2186-show-sċēawian.model.md:21:4	Germanic/docs/lexeme_reports/model_entries/2186-show-sċēawian.model.md:21:4	explicit_tag	Germanic/docs/lexeme_reports/model_entries/2186-show-sċēawian.model.md:21	\index[iv]{02oe@\ivlangheader{Old English}{West Saxon normalization unmarked}!scawian@\iventry{scāwian}{}}	oe		scāwian	scawian	comparison_form	explicit_tag	Germanic/docs/lexeme_reports/model_entries/2186-show-sċēawian.model.md:21	1	Germanic/docs/lexeme_reports/model_entries/2186-show-sċēawian.model.md:21:4
Germanic/docs/lexeme_reports/model_entries/2186-show-sċēawian.model.md:21:2	Germanic/docs/lexeme_reports/model_entries/2186-show-sċēawian.model.md:21:2	explicit_tag	Germanic/docs/lexeme_reports/model_entries/2186-show-sċēawian.model.md:21	\index[iv]{02oe@\ivlangheader{Old English}{West Saxon normalization unmarked}!sceawian@\iventry{scēawian}{}}	oe		scēawian	sceawian	comparison_form	explicit_tag	Germanic/docs/lexeme_reports/model_entries/2186-show-sċēawian.model.md:21	1	Germanic/docs/lexeme_reports/model_entries/2186-show-sċēawian.model.md:21:2
Germanic/docs/lexeme_reports/model_entries/2186-show-sċēawian.model.md:21:3	Germanic/docs/lexeme_reports/model_entries/2186-show-sċēawian.model.md:21:3	explicit_tag	Germanic/docs/lexeme_reports/model_entries/2186-show-sċēawian.model.md:21	\index[iv]{02oe@\ivlangheader{Old English}{West Saxon normalization unmarked}!sceawian@\iventry{scēawian}{}}	oe		scēawian	sceawian	comparison_form	explicit_tag	Germanic/docs/lexeme_reports/model_entries/2186-show-sċēawian.model.md:21	1	Germanic/docs/lexeme_reports/model_entries/2186-show-sċēawian.model.md:21:3
Germanic/docs/lexeme_reports/model_entries/2186-show-sċēawian.model.md:21:1	Germanic/docs/lexeme_reports/model_entries/2186-show-sċēawian.model.md:21:1	explicit_tag	Germanic/docs/lexeme_reports/model_entries/2186-show-sċēawian.model.md:21	\index[iv]{03pgmc@\ivlangheader{Proto-Germanic}{}!skawojan@\iventry{*skawōjan-}{}}	pgmc		*skawōjan-	skawojan	source_protoform	explicit_tag	Germanic/docs/lexeme_reports/model_entries/2186-show-sċēawian.model.md:21	1	Germanic/docs/lexeme_reports/model_entries/2186-show-sċēawian.model.md:21:1
Germanic/docs/lexeme_reports/model_entries/2186-show-sċēawian.model.md:25:2	Germanic/docs/lexeme_reports/model_entries/2186-show-sċēawian.model.md:25:2	explicit_tag	Germanic/docs/lexeme_reports/model_entries/2186-show-sċēawian.model.md:25	\index[iv]{02oe@\ivlangheader{Old English}{West Saxon normalization unmarked}!sceawa@\iventry{scēawa}{}}	oe		scēawa	sceawa	comparison_form	explicit_tag	Germanic/docs/lexeme_reports/model_entries/2186-show-sċēawian.model.md:25	1	Germanic/docs/lexeme_reports/model_entries/2186-show-sċēawian.model.md:25:2
Germanic/docs/lexeme_reports/model_entries/2186-show-sċēawian.model.md:25:1	Germanic/docs/lexeme_reports/model_entries/2186-show-sċēawian.model.md:25:1	explicit_tag	Germanic/docs/lexeme_reports/model_entries/2186-show-sċēawian.model.md:25	\index[iv]{02oe@\ivlangheader{Old English}{West Saxon normalization unmarked}!sceawian@\iventry{scēawian}{}}	oe		scēawian	sceawian	comparison_form	explicit_tag	Germanic/docs/lexeme_reports/model_entries/2186-show-sċēawian.model.md:25	1	Germanic/docs/lexeme_reports/model_entries/2186-show-sċēawian.model.md:25:1
Germanic/docs/lexeme_reports/model_entries/2186-show-sċēawian.model.md:25:3	Germanic/docs/lexeme_reports/model_entries/2186-show-sċēawian.model.md:25:3	explicit_tag	Germanic/docs/lexeme_reports/model_entries/2186-show-sċēawian.model.md:25	\index[iv]{02oe@\ivlangheader{Old English}{West Saxon normalization unmarked}!sceawian@\iventry{scēawian}{}}	oe		scēawian	sceawian	comparison_form	explicit_tag	Germanic/docs/lexeme_reports/model_entries/2186-show-sċēawian.model.md:25	1	Germanic/docs/lexeme_reports/model_entries/2186-show-sċēawian.model.md:25:3
Germanic/docs/lexeme_reports/model_entries/2186-show-sċēawian.model.md:25:4	Germanic/docs/lexeme_reports/model_entries/2186-show-sċēawian.model.md:25:4	explicit_tag	Germanic/docs/lexeme_reports/model_entries/2186-show-sċēawian.model.md:25	\index[iv]{02oe@\ivlangheader{Old English}{West Saxon normalization unmarked}!sceawian@\iventry{sċēawian}{}}	oe		sċēawian	sceawian	target_form	explicit_tag	Germanic/docs/lexeme_reports/model_entries/2186-show-sċēawian.model.md:25	1	Germanic/docs/lexeme_reports/model_entries/2186-show-sċēawian.model.md:25:4
Germanic/docs/lexeme_reports/model_entries/2186-show-sċēawian.model.md:29:2	Germanic/docs/lexeme_reports/model_entries/2186-show-sċēawian.model.md:29:2	explicit_tag	Germanic/docs/lexeme_reports/model_entries/2186-show-sċēawian.model.md:29	\index[iv]{02oe@\ivlangheader{Old English}{West Saxon normalization unmarked}!sceawian@\iventry{sċēawian}{}}	oe		sċēawian	sceawian	target_form	explicit_tag	Germanic/docs/lexeme_reports/model_entries/2186-show-sċēawian.model.md:29	1	Germanic/docs/lexeme_reports/model_entries/2186-show-sċēawian.model.md:29:2
Germanic/docs/lexeme_reports/model_entries/2186-show-sċēawian.model.md:29:1	Germanic/docs/lexeme_reports/model_entries/2186-show-sċēawian.model.md:29:1	explicit_tag	Germanic/docs/lexeme_reports/model_entries/2186-show-sċēawian.model.md:29	\index[iv]{03pgmc@\ivlangheader{Proto-Germanic}{}!skawojana@\iventry{*skáwōjaną}{}}	pgmc		*skáwōjaną	skawojana	selected_input	explicit_tag	Germanic/docs/lexeme_reports/model_entries/2186-show-sċēawian.model.md:29	1	Germanic/docs/lexeme_reports/model_entries/2186-show-sċēawian.model.md:29:1
Germanic/docs/lexeme_reports/model_entries/2186-show-sċēawian.model.md:33:1	Germanic/docs/lexeme_reports/model_entries/2186-show-sċēawian.model.md:33:1	explicit_tag	Germanic/docs/lexeme_reports/model_entries/2186-show-sċēawian.model.md:33	\index[iv]{02oe@\ivlangheader{Old English}{West Saxon normalization unmarked}!sceawian@\iventry{scēawian}{}}	oe		scēawian	sceawian	comparison_form	explicit_tag	Germanic/docs/lexeme_reports/model_entries/2186-show-sċēawian.model.md:33	1	Germanic/docs/lexeme_reports/model_entries/2186-show-sċēawian.model.md:33:1
Germanic/docs/lexeme_reports/model_entries/2186-show-sċēawian.model.md:33:2	Germanic/docs/lexeme_reports/model_entries/2186-show-sċēawian.model.md:33:2	explicit_tag	Germanic/docs/lexeme_reports/model_entries/2186-show-sċēawian.model.md:33	\index[iv]{02oe@\ivlangheader{Old English}{West Saxon normalization unmarked}!sceawian@\iventry{sċēawian}{}}	oe		sċēawian	sceawian	target_form	explicit_tag	Germanic/docs/lexeme_reports/model_entries/2186-show-sċēawian.model.md:33	1	Germanic/docs/lexeme_reports/model_entries/2186-show-sċēawian.model.md:33:2
Germanic/docs/lexeme_reports/model_entries/2189-sieve-sife.model.md:21:1	Germanic/docs/lexeme_reports/model_entries/2189-sieve-sife.model.md:21:1	explicit_tag	Germanic/docs/lexeme_reports/model_entries/2189-sieve-sife.model.md:21	\index[iv]{02oe@\ivlangheader{Old English}{West Saxon normalization unmarked}!sife@\iventry{sife}{}}	oe		sife	sife	target_form	explicit_tag	Germanic/docs/lexeme_reports/model_entries/2189-sieve-sife.model.md:21	1	Germanic/docs/lexeme_reports/model_entries/2189-sieve-sife.model.md:21:1
Germanic/docs/lexeme_reports/model_entries/2189-sieve-sife.model.md:24:1	Germanic/docs/lexeme_reports/model_entries/2189-sieve-sife.model.md:24:1	explicit_tag	Germanic/docs/lexeme_reports/model_entries/2189-sieve-sife.model.md:24	\index[iv]{03pgmc@\ivlangheader{Proto-Germanic}{}!sibi@\iventry{*síbi}{}}	pgmc		*síbi	sibi	selected_input	explicit_tag	Germanic/docs/lexeme_reports/model_entries/2189-sieve-sife.model.md:24	1	Germanic/docs/lexeme_reports/model_entries/2189-sieve-sife.model.md:24:1
Germanic/docs/lexeme_reports/model_entries/2189-sieve-sife.model.md:27:2	Germanic/docs/lexeme_reports/model_entries/2189-sieve-sife.model.md:27:2	explicit_tag	Germanic/docs/lexeme_reports/model_entries/2189-sieve-sife.model.md:27	\index[iv]{03pgmc@\ivlangheader{Proto-Germanic}{}!sibaz@\iventry{*sibaz}{}}	pgmc		*sibaz	sibaz	source_protoform	explicit_tag	Germanic/docs/lexeme_reports/model_entries/2189-sieve-sife.model.md:27	1	Germanic/docs/lexeme_reports/model_entries/2189-sieve-sife.model.md:27:2
Germanic/docs/lexeme_reports/model_entries/2189-sieve-sife.model.md:27:1	Germanic/docs/lexeme_reports/model_entries/2189-sieve-sife.model.md:27:1	explicit_tag	Germanic/docs/lexeme_reports/model_entries/2189-sieve-sife.model.md:27	\index[iv]{02oe@\ivlangheader{Old English}{West Saxon normalization unmarked}!sibb@\iventry{sibb}{}}	oe		sibb	sibb	comparison_form	explicit_tag	Germanic/docs/lexeme_reports/model_entries/2189-sieve-sife.model.md:27	1	Germanic/docs/lexeme_reports/model_entries/2189-sieve-sife.model.md:27:1
Germanic/docs/lexeme_reports/model_entries/2189-sieve-sife.model.md:27:3	Germanic/docs/lexeme_reports/model_entries/2189-sieve-sife.model.md:27:3	explicit_tag	Germanic/docs/lexeme_reports/model_entries/2189-sieve-sife.model.md:27	\index[iv]{02oe@\ivlangheader{Old English}{West Saxon normalization unmarked}!sife@\iventry{sife}{}}	oe		sife	sife	target_form	explicit_tag	Germanic/docs/lexeme_reports/model_entries/2189-sieve-sife.model.md:27	1	Germanic/docs/lexeme_reports/model_entries/2189-sieve-sife.model.md:27:3
Germanic/docs/lexeme_reports/model_entries/2189-sieve-sife.model.md:33:1	Germanic/docs/lexeme_reports/model_entries/2189-sieve-sife.model.md:33:1	explicit_tag	Germanic/docs/lexeme_reports/model_entries/2189-sieve-sife.model.md:33	\index[iv]{02oe@\ivlangheader{Old English}{West Saxon normalization unmarked}!sibi@\iventry{sibi}{}}	oe		sibi	sibi	comparison_form	explicit_tag	Germanic/docs/lexeme_reports/model_entries/2189-sieve-sife.model.md:33	1	Germanic/docs/lexeme_reports/model_entries/2189-sieve-sife.model.md:33:1
Germanic/docs/lexeme_reports/model_entries/2189-sieve-sife.model.md:33:2	Germanic/docs/lexeme_reports/model_entries/2189-sieve-sife.model.md:33:2	explicit_tag	Germanic/docs/lexeme_reports/model_entries/2189-sieve-sife.model.md:33	\index[iv]{02oe@\ivlangheader{Old English}{West Saxon normalization unmarked}!sife@\iventry{sife}{}}	oe		sife	sife	target_form	explicit_tag	Germanic/docs/lexeme_reports/model_entries/2189-sieve-sife.model.md:33	1	Germanic/docs/lexeme_reports/model_entries/2189-sieve-sife.model.md:33:2
Germanic/docs/lexeme_reports/model_entries/2189-sieve-sife.model.md:33:3	Germanic/docs/lexeme_reports/model_entries/2189-sieve-sife.model.md:33:3	explicit_tag	Germanic/docs/lexeme_reports/model_entries/2189-sieve-sife.model.md:33	\index[iv]{02oe@\ivlangheader{Old English}{West Saxon normalization unmarked}!sife@\iventry{sife}{}}	oe		sife	sife	target_form	explicit_tag	Germanic/docs/lexeme_reports/model_entries/2189-sieve-sife.model.md:33	1	Germanic/docs/lexeme_reports/model_entries/2189-sieve-sife.model.md:33:3
Germanic/docs/lexeme_reports/model_entries/2189-sieve-sife.model.md:41:1	Germanic/docs/lexeme_reports/model_entries/2189-sieve-sife.model.md:41:1	explicit_tag	Germanic/docs/lexeme_reports/model_entries/2189-sieve-sife.model.md:41	\index[iv]{03pgmc@\ivlangheader{Proto-Germanic}{}!sibi@\iventry{*síbi}{}}	pgmc		*síbi	sibi	selected_input	explicit_tag	Germanic/docs/lexeme_reports/model_entries/2189-sieve-sife.model.md:41	1	Germanic/docs/lexeme_reports/model_entries/2189-sieve-sife.model.md:41:1
Germanic/docs/lexeme_reports/model_entries/2189-sieve-sife.model.md:44:1	Germanic/docs/lexeme_reports/model_entries/2189-sieve-sife.model.md:44:1	explicit_tag	Germanic/docs/lexeme_reports/model_entries/2189-sieve-sife.model.md:44	\index[iv]{03pgmc@\ivlangheader{Proto-Germanic}{}!sibi@\iventry{*síbi}{}}	pgmc		*síbi	sibi	selected_input	explicit_tag	Germanic/docs/lexeme_reports/model_entries/2189-sieve-sife.model.md:44	1	Germanic/docs/lexeme_reports/model_entries/2189-sieve-sife.model.md:44:1
Germanic/docs/lexeme_reports/model_entries/2189-sieve-sife.model.md:53:2	Germanic/docs/lexeme_reports/model_entries/2189-sieve-sife.model.md:53:2	explicit_tag	Germanic/docs/lexeme_reports/model_entries/2189-sieve-sife.model.md:53	\index[iv]{02oe@\ivlangheader{Old English}{West Saxon normalization unmarked}!sibb@\iventry{sibb}{}}	oe		sibb	sibb	comparison_form	explicit_tag	Germanic/docs/lexeme_reports/model_entries/2189-sieve-sife.model.md:53	1	Germanic/docs/lexeme_reports/model_entries/2189-sieve-sife.model.md:53:2
Germanic/docs/lexeme_reports/model_entries/2189-sieve-sife.model.md:53:3	Germanic/docs/lexeme_reports/model_entries/2189-sieve-sife.model.md:53:3	explicit_tag	Germanic/docs/lexeme_reports/model_entries/2189-sieve-sife.model.md:53	\index[iv]{02oe@\ivlangheader{Old English}{West Saxon normalization unmarked}!sibb@\iventry{sibb}{}}	oe		sibb	sibb	comparison_form	explicit_tag	Germanic/docs/lexeme_reports/model_entries/2189-sieve-sife.model.md:53	1	Germanic/docs/lexeme_reports/model_entries/2189-sieve-sife.model.md:53:3
Germanic/docs/lexeme_reports/model_entries/2189-sieve-sife.model.md:53:1	Germanic/docs/lexeme_reports/model_entries/2189-sieve-sife.model.md:53:1	explicit_tag	Germanic/docs/lexeme_reports/model_entries/2189-sieve-sife.model.md:53	\index[iv]{03pgmc@\ivlangheader{Proto-Germanic}{}!sibja@\iventry{*sibja}{}}	pgmc		*sibja	sibja	comparison_form	explicit_tag	Germanic/docs/lexeme_reports/model_entries/2189-sieve-sife.model.md:53	1	Germanic/docs/lexeme_reports/model_entries/2189-sieve-sife.model.md:53:1
Germanic/docs/lexeme_reports/model_entries/2189-sieve-sife.model.md:54:1	Germanic/docs/lexeme_reports/model_entries/2189-sieve-sife.model.md:54:1	explicit_tag	Germanic/docs/lexeme_reports/model_entries/2189-sieve-sife.model.md:54	\index[iv]{03pgmc@\ivlangheader{Proto-Germanic}{}!sibaz@\iventry{*síbaz}{}}	pgmc		*síbaz	sibaz	source_protoform	explicit_tag	Germanic/docs/lexeme_reports/model_entries/2189-sieve-sife.model.md:54	1	Germanic/docs/lexeme_reports/model_entries/2189-sieve-sife.model.md:54:1
Germanic/docs/lexeme_reports/model_entries/2189-sieve-sife.model.md:54:2	Germanic/docs/lexeme_reports/model_entries/2189-sieve-sife.model.md:54:2	explicit_tag	Germanic/docs/lexeme_reports/model_entries/2189-sieve-sife.model.md:54	\index[iv]{02oe@\ivlangheader{Old English}{West Saxon normalization unmarked}!sif@\iventry{sif}{}}	oe		sif	sif	comparison_form	explicit_tag	Germanic/docs/lexeme_reports/model_entries/2189-sieve-sife.model.md:54	1	Germanic/docs/lexeme_reports/model_entries/2189-sieve-sife.model.md:54:2
Germanic/docs/lexeme_reports/model_entries/2189-sieve-sife.model.md:54:3	Germanic/docs/lexeme_reports/model_entries/2189-sieve-sife.model.md:54:3	explicit_tag	Germanic/docs/lexeme_reports/model_entries/2189-sieve-sife.model.md:54	\index[iv]{02oe@\ivlangheader{Old English}{West Saxon normalization unmarked}!sif@\iventry{sif}{}}	oe		sif	sif	comparison_form	explicit_tag	Germanic/docs/lexeme_reports/model_entries/2189-sieve-sife.model.md:54	1	Germanic/docs/lexeme_reports/model_entries/2189-sieve-sife.model.md:54:3
Germanic/docs/lexeme_reports/model_entries/2189-sieve-sife.model.md:55:1	Germanic/docs/lexeme_reports/model_entries/2189-sieve-sife.model.md:55:1	explicit_tag	Germanic/docs/lexeme_reports/model_entries/2189-sieve-sife.model.md:55	\index[iv]{03pgmc@\ivlangheader{Proto-Germanic}{}!sibi@\iventry{*síbi}{}}	pgmc		*síbi	sibi	selected_input	explicit_tag	Germanic/docs/lexeme_reports/model_entries/2189-sieve-sife.model.md:55	1	Germanic/docs/lexeme_reports/model_entries/2189-sieve-sife.model.md:55:1
Germanic/docs/lexeme_reports/model_entries/2189-sieve-sife.model.md:55:4	Germanic/docs/lexeme_reports/model_entries/2189-sieve-sife.model.md:55:4	explicit_tag	Germanic/docs/lexeme_reports/model_entries/2189-sieve-sife.model.md:55	\index[iv]{02oe@\ivlangheader{Old English}{West Saxon normalization unmarked}!sibi@\iventry{sibi}{}}	oe		sibi	sibi	comparison_form	explicit_tag	Germanic/docs/lexeme_reports/model_entries/2189-sieve-sife.model.md:55	1	Germanic/docs/lexeme_reports/model_entries/2189-sieve-sife.model.md:55:4
Germanic/docs/lexeme_reports/model_entries/2189-sieve-sife.model.md:55:3	Germanic/docs/lexeme_reports/model_entries/2189-sieve-sife.model.md:55:3	explicit_tag	Germanic/docs/lexeme_reports/model_entries/2189-sieve-sife.model.md:55	\index[iv]{02oe@\ivlangheader{Old English}{West Saxon normalization unmarked}!sife@\iventry{sife}{}}	oe		sife	sife	target_form	explicit_tag	Germanic/docs/lexeme_reports/model_entries/2189-sieve-sife.model.md:55	1	Germanic/docs/lexeme_reports/model_entries/2189-sieve-sife.model.md:55:3
Germanic/docs/lexeme_reports/model_entries/2196-sleep-slǣpan.model.md:25:1	Germanic/docs/lexeme_reports/model_entries/2196-sleep-slǣpan.model.md:25:1	explicit_tag	Germanic/docs/lexeme_reports/model_entries/2196-sleep-slǣpan.model.md:25	\index[iv]{02oe@\ivlangheader{Old English}{West Saxon normalization unmarked}!slaepan@\iventry{slæpan}{}}	oe		slæpan	slaepan	comparison_form	explicit_tag	Germanic/docs/lexeme_reports/model_entries/2196-sleep-slǣpan.model.md:25	1	Germanic/docs/lexeme_reports/model_entries/2196-sleep-slǣpan.model.md:25:1
Germanic/docs/lexeme_reports/model_entries/2196-sleep-slǣpan.model.md:25:2	Germanic/docs/lexeme_reports/model_entries/2196-sleep-slǣpan.model.md:25:2	explicit_tag	Germanic/docs/lexeme_reports/model_entries/2196-sleep-slǣpan.model.md:25	\index[iv]{02oe@\ivlangheader{Old English}{West Saxon normalization unmarked}!slaepan@\iventry{slæpan}{}}	oe		slæpan	slaepan	comparison_form	explicit_tag	Germanic/docs/lexeme_reports/model_entries/2196-sleep-slǣpan.model.md:25	1	Germanic/docs/lexeme_reports/model_entries/2196-sleep-slǣpan.model.md:25:2
Germanic/docs/lexeme_reports/model_entries/2196-sleep-slǣpan.model.md:25:3	Germanic/docs/lexeme_reports/model_entries/2196-sleep-slǣpan.model.md:25:3	explicit_tag	Germanic/docs/lexeme_reports/model_entries/2196-sleep-slǣpan.model.md:25	\index[iv]{02oe@\ivlangheader{Old English}{West Saxon normalization unmarked}!slapan@\iventry{slāpan}{}}	oe		slāpan	slapan	comparison_form	explicit_tag	Germanic/docs/lexeme_reports/model_entries/2196-sleep-slǣpan.model.md:25	1	Germanic/docs/lexeme_reports/model_entries/2196-sleep-slǣpan.model.md:25:3
Germanic/docs/lexeme_reports/model_entries/2196-sleep-slǣpan.model.md:29:3	Germanic/docs/lexeme_reports/model_entries/2196-sleep-slǣpan.model.md:29:3	explicit_tag	Germanic/docs/lexeme_reports/model_entries/2196-sleep-slǣpan.model.md:29	\index[iv]{02oe@\ivlangheader{Old English}{West Saxon normalization unmarked}!slaepan@\iventry{slæpan}{}}	oe		slæpan	slaepan	comparison_form	explicit_tag	Germanic/docs/lexeme_reports/model_entries/2196-sleep-slǣpan.model.md:29	1	Germanic/docs/lexeme_reports/model_entries/2196-sleep-slǣpan.model.md:29:3
Germanic/docs/lexeme_reports/model_entries/2196-sleep-slǣpan.model.md:29:1	Germanic/docs/lexeme_reports/model_entries/2196-sleep-slǣpan.model.md:29:1	explicit_tag	Germanic/docs/lexeme_reports/model_entries/2196-sleep-slǣpan.model.md:29	\index[iv]{02oe@\ivlangheader{Old English}{West Saxon normalization unmarked}!slaepan@\iventry{slǣpan}{}}	oe		slǣpan	slaepan	comparison_form	explicit_tag	Germanic/docs/lexeme_reports/model_entries/2196-sleep-slǣpan.model.md:29	1	Germanic/docs/lexeme_reports/model_entries/2196-sleep-slǣpan.model.md:29:1
Germanic/docs/lexeme_reports/model_entries/2196-sleep-slǣpan.model.md:29:2	Germanic/docs/lexeme_reports/model_entries/2196-sleep-slǣpan.model.md:29:2	explicit_tag	Germanic/docs/lexeme_reports/model_entries/2196-sleep-slǣpan.model.md:29	\index[iv]{02oe@\ivlangheader{Old English}{West Saxon normalization unmarked}!slapan@\iventry{slāpan}{}}	oe		slāpan	slapan	comparison_form	explicit_tag	Germanic/docs/lexeme_reports/model_entries/2196-sleep-slǣpan.model.md:29	1	Germanic/docs/lexeme_reports/model_entries/2196-sleep-slǣpan.model.md:29:2
Germanic/docs/lexeme_reports/model_entries/2196-sleep-slǣpan.model.md:29:4	Germanic/docs/lexeme_reports/model_entries/2196-sleep-slǣpan.model.md:29:4	explicit_tag	Germanic/docs/lexeme_reports/model_entries/2196-sleep-slǣpan.model.md:29	\index[iv]{02oe@\ivlangheader{Old English}{West Saxon normalization unmarked}!slepan@\iventry{slēpan}{}}	oe		slēpan	slepan	comparison_form	explicit_tag	Germanic/docs/lexeme_reports/model_entries/2196-sleep-slǣpan.model.md:29	1	Germanic/docs/lexeme_reports/model_entries/2196-sleep-slǣpan.model.md:29:4
Germanic/docs/lexeme_reports/model_entries/2198-smear-smierwan.model.md:21:1	Germanic/docs/lexeme_reports/model_entries/2198-smear-smierwan.model.md:21:1	explicit_tag	Germanic/docs/lexeme_reports/model_entries/2198-smear-smierwan.model.md:21	\index[iv]{02oe@\ivlangheader{Old English}{West Saxon normalization unmarked}!smierwan@\iventry{smierwan}{}}	oe		smierwan	smierwan	comparison_form	explicit_tag	Germanic/docs/lexeme_reports/model_entries/2198-smear-smierwan.model.md:21	1	Germanic/docs/lexeme_reports/model_entries/2198-smear-smierwan.model.md:21:1
Germanic/docs/lexeme_reports/model_entries/2198-smear-smierwan.model.md:21:2	Germanic/docs/lexeme_reports/model_entries/2198-smear-smierwan.model.md:21:2	explicit_tag	Germanic/docs/lexeme_reports/model_entries/2198-smear-smierwan.model.md:21	\index[iv]{02oe@\ivlangheader{Old English}{West Saxon normalization unmarked}!smirwan~05@\iventry{smirwan}{Merc.}}	oe	merc	smirwan	smirwan	comparison_form	explicit_tag	Germanic/docs/lexeme_reports/model_entries/2198-smear-smierwan.model.md:21	1	Germanic/docs/lexeme_reports/model_entries/2198-smear-smierwan.model.md:21:2
Germanic/docs/lexeme_reports/model_entries/2198-smear-smierwan.model.md:25:1	Germanic/docs/lexeme_reports/model_entries/2198-smear-smierwan.model.md:25:1	explicit_tag	Germanic/docs/lexeme_reports/model_entries/2198-smear-smierwan.model.md:25	\index[iv]{02oe@\ivlangheader{Old English}{West Saxon normalization unmarked}!smierwan@\iventry{smierwan}{}}	oe		smierwan	smierwan	comparison_form	explicit_tag	Germanic/docs/lexeme_reports/model_entries/2198-smear-smierwan.model.md:25	1	Germanic/docs/lexeme_reports/model_entries/2198-smear-smierwan.model.md:25:1
Germanic/docs/lexeme_reports/model_entries/2198-smear-smierwan.model.md:25:2	Germanic/docs/lexeme_reports/model_entries/2198-smear-smierwan.model.md:25:2	explicit_tag	Germanic/docs/lexeme_reports/model_entries/2198-smear-smierwan.model.md:25	\index[iv]{02oe@\ivlangheader{Old English}{West Saxon normalization unmarked}!smirwan@\iventry{smirwan}{}}	oe		smirwan	smirwan	comparison_form	explicit_tag	Germanic/docs/lexeme_reports/model_entries/2198-smear-smierwan.model.md:25	1	Germanic/docs/lexeme_reports/model_entries/2198-smear-smierwan.model.md:25:2
Germanic/docs/lexeme_reports/model_entries/2198-smear-smierwan.model.md:29:1	Germanic/docs/lexeme_reports/model_entries/2198-smear-smierwan.model.md:29:1	explicit_tag	Germanic/docs/lexeme_reports/model_entries/2198-smear-smierwan.model.md:29	\index[iv]{02oe@\ivlangheader{Old English}{West Saxon normalization unmarked}!smierwan@\iventry{smierwan}{}}	oe		smierwan	smierwan	comparison_form	explicit_tag	Germanic/docs/lexeme_reports/model_entries/2198-smear-smierwan.model.md:29	1	Germanic/docs/lexeme_reports/model_entries/2198-smear-smierwan.model.md:29:1
Germanic/docs/lexeme_reports/model_entries/2198-smear-smierwan.model.md:29:2	Germanic/docs/lexeme_reports/model_entries/2198-smear-smierwan.model.md:29:2	explicit_tag	Germanic/docs/lexeme_reports/model_entries/2198-smear-smierwan.model.md:29	\index[iv]{02oe@\ivlangheader{Old English}{West Saxon normalization unmarked}!smirwan~04@\iventry{smirwan}{Angl.}}	oe	angl	smirwan	smirwan	comparison_form	explicit_tag	Germanic/docs/lexeme_reports/model_entries/2198-smear-smierwan.model.md:29	1	Germanic/docs/lexeme_reports/model_entries/2198-smear-smierwan.model.md:29:2
Germanic/docs/lexeme_reports/model_entries/2198-smear-smierwan.model.md:33:1	Germanic/docs/lexeme_reports/model_entries/2198-smear-smierwan.model.md:33:1	explicit_tag	Germanic/docs/lexeme_reports/model_entries/2198-smear-smierwan.model.md:33	\index[iv]{02oe@\ivlangheader{Old English}{West Saxon normalization unmarked}!smierwan@\iventry{smierwan}{}}	oe		smierwan	smierwan	comparison_form	explicit_tag	Germanic/docs/lexeme_reports/model_entries/2198-smear-smierwan.model.md:33	1	Germanic/docs/lexeme_reports/model_entries/2198-smear-smierwan.model.md:33:1
Germanic/docs/lexeme_reports/model_entries/2198-smear-smierwan.model.md:33:2	Germanic/docs/lexeme_reports/model_entries/2198-smear-smierwan.model.md:33:2	explicit_tag	Germanic/docs/lexeme_reports/model_entries/2198-smear-smierwan.model.md:33	\index[iv]{02oe@\ivlangheader{Old English}{West Saxon normalization unmarked}!smirwan@\iventry{smirwan}{}}	oe		smirwan	smirwan	comparison_form	explicit_tag	Germanic/docs/lexeme_reports/model_entries/2198-smear-smierwan.model.md:33	1	Germanic/docs/lexeme_reports/model_entries/2198-smear-smierwan.model.md:33:2
Germanic/docs/lexeme_reports/model_entries/2202-span-spannan.model.md:21:1	Germanic/docs/lexeme_reports/model_entries/2202-span-spannan.model.md:21:1	explicit_tag	Germanic/docs/lexeme_reports/model_entries/2202-span-spannan.model.md:21	\index[iv]{02oe@\ivlangheader{Old English}{West Saxon normalization unmarked}!spannan@\iventry{spannan}{}}	oe		spannan	spannan	comparison_form	explicit_tag	Germanic/docs/lexeme_reports/model_entries/2202-span-spannan.model.md:21	1	Germanic/docs/lexeme_reports/model_entries/2202-span-spannan.model.md:21:1
Germanic/docs/lexeme_reports/model_entries/2202-span-spannan.model.md:25:1	Germanic/docs/lexeme_reports/model_entries/2202-span-spannan.model.md:25:1	explicit_tag	Germanic/docs/lexeme_reports/model_entries/2202-span-spannan.model.md:25	\index[iv]{02oe@\ivlangheader{Old English}{West Saxon normalization unmarked}!spannan@\iventry{spannan}{}}	oe		spannan	spannan	comparison_form	explicit_tag	Germanic/docs/lexeme_reports/model_entries/2202-span-spannan.model.md:25	1	Germanic/docs/lexeme_reports/model_entries/2202-span-spannan.model.md:25:1
Germanic/docs/lexeme_reports/model_entries/2202-span-spannan.model.md:29:1	Germanic/docs/lexeme_reports/model_entries/2202-span-spannan.model.md:29:1	explicit_tag	Germanic/docs/lexeme_reports/model_entries/2202-span-spannan.model.md:29	\index[iv]{02oe@\ivlangheader{Old English}{West Saxon normalization unmarked}!spannan@\iventry{spannan}{}}	oe		spannan	spannan	comparison_form	explicit_tag	Germanic/docs/lexeme_reports/model_entries/2202-span-spannan.model.md:29	1	Germanic/docs/lexeme_reports/model_entries/2202-span-spannan.model.md:29:1
Germanic/docs/lexeme_reports/model_entries/2202-span-spannan.model.md:33:1	Germanic/docs/lexeme_reports/model_entries/2202-span-spannan.model.md:33:1	explicit_tag	Germanic/docs/lexeme_reports/model_entries/2202-span-spannan.model.md:33	\index[iv]{02oe@\ivlangheader{Old English}{West Saxon normalization unmarked}!spannan@\iventry{spannan}{}}	oe		spannan	spannan	comparison_form	explicit_tag	Germanic/docs/lexeme_reports/model_entries/2202-span-spannan.model.md:33	1	Germanic/docs/lexeme_reports/model_entries/2202-span-spannan.model.md:33:1
Germanic/docs/lexeme_reports/model_entries/2203-span-spanne.model.md:21:1	Germanic/docs/lexeme_reports/model_entries/2203-span-spanne.model.md:21:1	explicit_tag	Germanic/docs/lexeme_reports/model_entries/2203-span-spanne.model.md:21	\index[iv]{02oe@\ivlangheader{Old English}{West Saxon normalization unmarked}!spann@\iventry{spann}{}}	oe		spann	spann	comparison_form	explicit_tag	Germanic/docs/lexeme_reports/model_entries/2203-span-spanne.model.md:21	1	Germanic/docs/lexeme_reports/model_entries/2203-span-spanne.model.md:21:1
Germanic/docs/lexeme_reports/model_entries/2203-span-spanne.model.md:22:1	Germanic/docs/lexeme_reports/model_entries/2203-span-spanne.model.md:22:1	explicit_tag	Germanic/docs/lexeme_reports/model_entries/2203-span-spanne.model.md:22	\index[iv]{03pgmc@\ivlangheader{Proto-Germanic}{}!spannai@\iventry{*spánnai}{}}	pgmc		*spánnai	spannai	selected_input	explicit_tag	Germanic/docs/lexeme_reports/model_entries/2203-span-spanne.model.md:22	1	Germanic/docs/lexeme_reports/model_entries/2203-span-spanne.model.md:22:1
Germanic/docs/lexeme_reports/model_entries/2203-span-spanne.model.md:29:1	Germanic/docs/lexeme_reports/model_entries/2203-span-spanne.model.md:29:1	explicit_tag	Germanic/docs/lexeme_reports/model_entries/2203-span-spanne.model.md:29	\index[iv]{02oe@\ivlangheader{Old English}{West Saxon normalization unmarked}!spann@\iventry{spann}{}}	oe		spann	spann	comparison_form	explicit_tag	Germanic/docs/lexeme_reports/model_entries/2203-span-spanne.model.md:29	1	Germanic/docs/lexeme_reports/model_entries/2203-span-spanne.model.md:29:1
Germanic/docs/lexeme_reports/model_entries/2203-span-spanne.model.md:29:3	Germanic/docs/lexeme_reports/model_entries/2203-span-spanne.model.md:29:3	explicit_tag	Germanic/docs/lexeme_reports/model_entries/2203-span-spanne.model.md:29	\index[iv]{02oe@\ivlangheader{Old English}{West Saxon normalization unmarked}!spann@\iventry{spann}{}}	oe		spann	spann	comparison_form	explicit_tag	Germanic/docs/lexeme_reports/model_entries/2203-span-spanne.model.md:29	1	Germanic/docs/lexeme_reports/model_entries/2203-span-spanne.model.md:29:3
Germanic/docs/lexeme_reports/model_entries/2203-span-spanne.model.md:29:2	Germanic/docs/lexeme_reports/model_entries/2203-span-spanne.model.md:29:2	explicit_tag	Germanic/docs/lexeme_reports/model_entries/2203-span-spanne.model.md:29	\index[iv]{02oe@\ivlangheader{Old English}{West Saxon normalization unmarked}!spanne@\iventry{spanne}{}}	oe		spanne	spanne	target_form	explicit_tag	Germanic/docs/lexeme_reports/model_entries/2203-span-spanne.model.md:29	1	Germanic/docs/lexeme_reports/model_entries/2203-span-spanne.model.md:29:2
Germanic/docs/lexeme_reports/model_entries/2203-span-spanne.model.md:30:1	Germanic/docs/lexeme_reports/model_entries/2203-span-spanne.model.md:30:1	explicit_tag	Germanic/docs/lexeme_reports/model_entries/2203-span-spanne.model.md:30	\index[iv]{02oe@\ivlangheader{Old English}{West Saxon normalization unmarked}!spanne@\iventry{spanne}{}}	oe		spanne	spanne	target_form	explicit_tag	Germanic/docs/lexeme_reports/model_entries/2203-span-spanne.model.md:30	1	Germanic/docs/lexeme_reports/model_entries/2203-span-spanne.model.md:30:1
Germanic/docs/lexeme_reports/model_entries/2203-span-spanne.model.md:35:3	Germanic/docs/lexeme_reports/model_entries/2203-span-spanne.model.md:35:3	explicit_tag	Germanic/docs/lexeme_reports/model_entries/2203-span-spanne.model.md:35	\index[iv]{03pgmc@\ivlangheader{Proto-Germanic}{}!spannai@\iventry{*spánnai}{}}	pgmc		*spánnai	spannai	selected_input	explicit_tag	Germanic/docs/lexeme_reports/model_entries/2203-span-spanne.model.md:35	1	Germanic/docs/lexeme_reports/model_entries/2203-span-spanne.model.md:35:3
Germanic/docs/lexeme_reports/model_entries/2203-span-spanne.model.md:35:1	Germanic/docs/lexeme_reports/model_entries/2203-span-spanne.model.md:35:1	explicit_tag	Germanic/docs/lexeme_reports/model_entries/2203-span-spanne.model.md:35	\index[iv]{03pgmc@\ivlangheader{Proto-Germanic}{}!spanno@\iventry{*spannō}{}}	pgmc		*spannō	spanno	source_protoform	explicit_tag	Germanic/docs/lexeme_reports/model_entries/2203-span-spanne.model.md:35	1	Germanic/docs/lexeme_reports/model_entries/2203-span-spanne.model.md:35:1
Germanic/docs/lexeme_reports/model_entries/2203-span-spanne.model.md:37:1	Germanic/docs/lexeme_reports/model_entries/2203-span-spanne.model.md:37:1	explicit_tag	Germanic/docs/lexeme_reports/model_entries/2203-span-spanne.model.md:37	\index[iv]{02oe@\ivlangheader{Old English}{West Saxon normalization unmarked}!spanne@\iventry{spanne}{}}	oe		spanne	spanne	target_form	explicit_tag	Germanic/docs/lexeme_reports/model_entries/2203-span-spanne.model.md:37	1	Germanic/docs/lexeme_reports/model_entries/2203-span-spanne.model.md:37:1
Germanic/docs/lexeme_reports/model_entries/2203-span-spanne.model.md:37:2	Germanic/docs/lexeme_reports/model_entries/2203-span-spanne.model.md:37:2	explicit_tag	Germanic/docs/lexeme_reports/model_entries/2203-span-spanne.model.md:37	\index[iv]{03pgmc@\ivlangheader{Proto-Germanic}{}!spanno@\iventry{*spannō}{}}	pgmc		*spannō	spanno	source_protoform	explicit_tag	Germanic/docs/lexeme_reports/model_entries/2203-span-spanne.model.md:37	1	Germanic/docs/lexeme_reports/model_entries/2203-span-spanne.model.md:37:2
Germanic/docs/lexeme_reports/model_entries/2203-span-spanne.model.md:46:3	Germanic/docs/lexeme_reports/model_entries/2203-span-spanne.model.md:46:3	explicit_tag	Germanic/docs/lexeme_reports/model_entries/2203-span-spanne.model.md:46	\index[iv]{02oe@\ivlangheader{Old English}{West Saxon normalization unmarked}!spann@\iventry{spann}{}}	oe		spann	spann	comparison_form	explicit_tag	Germanic/docs/lexeme_reports/model_entries/2203-span-spanne.model.md:46	1	Germanic/docs/lexeme_reports/model_entries/2203-span-spanne.model.md:46:3
Germanic/docs/lexeme_reports/model_entries/2203-span-spanne.model.md:46:1	Germanic/docs/lexeme_reports/model_entries/2203-span-spanne.model.md:46:1	explicit_tag	Germanic/docs/lexeme_reports/model_entries/2203-span-spanne.model.md:46	\index[iv]{03pgmc@\ivlangheader{Proto-Germanic}{}!spanno@\iventry{*spannō}{}}	pgmc		*spannō	spanno	source_protoform	explicit_tag	Germanic/docs/lexeme_reports/model_entries/2203-span-spanne.model.md:46	1	Germanic/docs/lexeme_reports/model_entries/2203-span-spanne.model.md:46:1
Germanic/docs/lexeme_reports/model_entries/2203-span-spanne.model.md:47:1	Germanic/docs/lexeme_reports/model_entries/2203-span-spanne.model.md:47:1	explicit_tag	Germanic/docs/lexeme_reports/model_entries/2203-span-spanne.model.md:47	\index[iv]{03pgmc@\ivlangheader{Proto-Germanic}{}!spannai@\iventry{*spánnai}{}}	pgmc		*spánnai	spannai	selected_input	explicit_tag	Germanic/docs/lexeme_reports/model_entries/2203-span-spanne.model.md:47	1	Germanic/docs/lexeme_reports/model_entries/2203-span-spanne.model.md:47:1
Germanic/docs/lexeme_reports/model_entries/2203-span-spanne.model.md:47:3	Germanic/docs/lexeme_reports/model_entries/2203-span-spanne.model.md:47:3	explicit_tag	Germanic/docs/lexeme_reports/model_entries/2203-span-spanne.model.md:47	\index[iv]{02oe@\ivlangheader{Old English}{West Saxon normalization unmarked}!spanne@\iventry{spanne}{}}	oe		spanne	spanne	target_form	explicit_tag	Germanic/docs/lexeme_reports/model_entries/2203-span-spanne.model.md:47	1	Germanic/docs/lexeme_reports/model_entries/2203-span-spanne.model.md:47:3
Germanic/docs/lexeme_reports/model_entries/2204-spar-spearra.model.md:21:1	Germanic/docs/lexeme_reports/model_entries/2204-spar-spearra.model.md:21:1	explicit_tag	Germanic/docs/lexeme_reports/model_entries/2204-spar-spearra.model.md:21	\index[iv]{12os@\ivlangheader{Old Saxon}{}!sparro@\iventry{sparro}{}}	os		sparro	sparro	comparison_form	explicit_tag	Germanic/docs/lexeme_reports/model_entries/2204-spar-spearra.model.md:21	1	Germanic/docs/lexeme_reports/model_entries/2204-spar-spearra.model.md:21:1
Germanic/docs/lexeme_reports/model_entries/2204-spar-spearra.model.md:25:1	Germanic/docs/lexeme_reports/model_entries/2204-spar-spearra.model.md:25:1	explicit_tag	Germanic/docs/lexeme_reports/model_entries/2204-spar-spearra.model.md:25	\index[iv]{02oe@\ivlangheader{Old English}{West Saxon normalization unmarked}!spearra@\iventry{spearra}{}}	oe		spearra	spearra	comparison_form	explicit_tag	Germanic/docs/lexeme_reports/model_entries/2204-spar-spearra.model.md:25	1	Germanic/docs/lexeme_reports/model_entries/2204-spar-spearra.model.md:25:1
Germanic/docs/lexeme_reports/model_entries/2204-spar-spearra.model.md:29:1	Germanic/docs/lexeme_reports/model_entries/2204-spar-spearra.model.md:29:1	explicit_tag	Germanic/docs/lexeme_reports/model_entries/2204-spar-spearra.model.md:29	\index[iv]{02oe@\ivlangheader{Old English}{West Saxon normalization unmarked}!spearra@\iventry{spearra}{}}	oe		spearra	spearra	comparison_form	explicit_tag	Germanic/docs/lexeme_reports/model_entries/2204-spar-spearra.model.md:29	1	Germanic/docs/lexeme_reports/model_entries/2204-spar-spearra.model.md:29:1
Germanic/docs/lexeme_reports/model_entries/2204-spar-spearra.model.md:33:1	Germanic/docs/lexeme_reports/model_entries/2204-spar-spearra.model.md:33:1	explicit_tag	Germanic/docs/lexeme_reports/model_entries/2204-spar-spearra.model.md:33	\index[iv]{02oe@\ivlangheader{Old English}{West Saxon normalization unmarked}!spearra@\iventry{spearra}{}}	oe		spearra	spearra	comparison_form	explicit_tag	Germanic/docs/lexeme_reports/model_entries/2204-spar-spearra.model.md:33	1	Germanic/docs/lexeme_reports/model_entries/2204-spar-spearra.model.md:33:1
Germanic/docs/lexeme_reports/model_entries/2205-spare-sparian.model.md:21:1	Germanic/docs/lexeme_reports/model_entries/2205-spare-sparian.model.md:21:1	explicit_tag	Germanic/docs/lexeme_reports/model_entries/2205-spare-sparian.model.md:21	\index[iv]{03pgmc@\ivlangheader{Proto-Germanic}{}!sparen@\iventry{*sparēn-}{}}	pgmc		*sparēn-	sparen	evidence_form	explicit_tag	Germanic/docs/lexeme_reports/model_entries/2205-spare-sparian.model.md:21	1	Germanic/docs/lexeme_reports/model_entries/2205-spare-sparian.model.md:21:1
Germanic/docs/lexeme_reports/model_entries/2205-spare-sparian.model.md:22:1	Germanic/docs/lexeme_reports/model_entries/2205-spare-sparian.model.md:22:1	explicit_tag	Germanic/docs/lexeme_reports/model_entries/2205-spare-sparian.model.md:22	\index[iv]{03pgmc@\ivlangheader{Proto-Germanic}{}!sparenan@\iventry{*sparēnan}{}}	pgmc		*sparēnan	sparenan	evidence_form	explicit_tag	Germanic/docs/lexeme_reports/model_entries/2205-spare-sparian.model.md:22	1	Germanic/docs/lexeme_reports/model_entries/2205-spare-sparian.model.md:22:1
Germanic/docs/lexeme_reports/model_entries/2205-spare-sparian.model.md:23:1	Germanic/docs/lexeme_reports/model_entries/2205-spare-sparian.model.md:23:1	explicit_tag	Germanic/docs/lexeme_reports/model_entries/2205-spare-sparian.model.md:23	\index[iv]{07preoe@\ivlangheader{Pre-Old English / prehistoric English}{}!sparai@\iventry{*sparai-}{}}	preoe		*sparai-	sparai	comparison_form	explicit_tag	Germanic/docs/lexeme_reports/model_entries/2205-spare-sparian.model.md:23	1	Germanic/docs/lexeme_reports/model_entries/2205-spare-sparian.model.md:23:1
Germanic/docs/lexeme_reports/model_entries/2205-spare-sparian.model.md:23:2	Germanic/docs/lexeme_reports/model_entries/2205-spare-sparian.model.md:23:2	explicit_tag	Germanic/docs/lexeme_reports/model_entries/2205-spare-sparian.model.md:23	\index[iv]{07preoe@\ivlangheader{Pre-Old English / prehistoric English}{}!sparja@\iventry{*sparja-}{}}	preoe		*sparja-	sparja	comparison_form	explicit_tag	Germanic/docs/lexeme_reports/model_entries/2205-spare-sparian.model.md:23	1	Germanic/docs/lexeme_reports/model_entries/2205-spare-sparian.model.md:23:2
Germanic/docs/lexeme_reports/model_entries/2205-spare-sparian.model.md:25:1	Germanic/docs/lexeme_reports/model_entries/2205-spare-sparian.model.md:25:1	explicit_tag	Germanic/docs/lexeme_reports/model_entries/2205-spare-sparian.model.md:25	\index[iv]{03pgmc@\ivlangheader{Proto-Germanic}{}!sparojana@\iventry{*spárōjaną}{}}	pgmc		*spárōjaną	sparojana	evidence_form	explicit_tag	Germanic/docs/lexeme_reports/model_entries/2205-spare-sparian.model.md:25	1	Germanic/docs/lexeme_reports/model_entries/2205-spare-sparian.model.md:25:1
Germanic/docs/lexeme_reports/model_entries/2205-spare-sparian.model.md:26:1	Germanic/docs/lexeme_reports/model_entries/2205-spare-sparian.model.md:26:1	explicit_tag	Germanic/docs/lexeme_reports/model_entries/2205-spare-sparian.model.md:26	\index[iv]{02oe@\ivlangheader{Old English}{West Saxon normalization unmarked}!sparian@\iventry{sparian}{}}	oe		sparian	sparian	evidence_form	explicit_tag	Germanic/docs/lexeme_reports/model_entries/2205-spare-sparian.model.md:26	1	Germanic/docs/lexeme_reports/model_entries/2205-spare-sparian.model.md:26:1
Germanic/docs/lexeme_reports/model_entries/2205-spare-sparian.model.md:27:1	Germanic/docs/lexeme_reports/model_entries/2205-spare-sparian.model.md:27:1	explicit_tag	Germanic/docs/lexeme_reports/model_entries/2205-spare-sparian.model.md:27	\index[iv]{03pgmc@\ivlangheader{Proto-Germanic}{}!sparena@\iventry{*sparēną}{}}	pgmc		*sparēną	sparena	evidence_form	explicit_tag	Germanic/docs/lexeme_reports/model_entries/2205-spare-sparian.model.md:27	1	Germanic/docs/lexeme_reports/model_entries/2205-spare-sparian.model.md:27:1
Germanic/docs/lexeme_reports/model_entries/2205-spare-sparian.model.md:31:1	Germanic/docs/lexeme_reports/model_entries/2205-spare-sparian.model.md:31:1	explicit_tag	Germanic/docs/lexeme_reports/model_entries/2205-spare-sparian.model.md:31	\index[iv]{02oe@\ivlangheader{Old English}{West Saxon normalization unmarked}!sparian@\iventry{sparian}{}}	oe		sparian	sparian	evidence_form	explicit_tag	Germanic/docs/lexeme_reports/model_entries/2205-spare-sparian.model.md:31	1	Germanic/docs/lexeme_reports/model_entries/2205-spare-sparian.model.md:31:1
Germanic/docs/lexeme_reports/model_entries/2205-spare-sparian.model.md:32:2	Germanic/docs/lexeme_reports/model_entries/2205-spare-sparian.model.md:32:2	explicit_tag	Germanic/docs/lexeme_reports/model_entries/2205-spare-sparian.model.md:32	\index[iv]{02oe@\ivlangheader{Old English}{West Saxon normalization unmarked}!spaer@\iventry{spær}{}}	oe		spær	spaer	evidence_form	explicit_tag	Germanic/docs/lexeme_reports/model_entries/2205-spare-sparian.model.md:32	1	Germanic/docs/lexeme_reports/model_entries/2205-spare-sparian.model.md:32:2
Germanic/docs/lexeme_reports/model_entries/2205-spare-sparian.model.md:32:1	Germanic/docs/lexeme_reports/model_entries/2205-spare-sparian.model.md:32:1	explicit_tag	Germanic/docs/lexeme_reports/model_entries/2205-spare-sparian.model.md:32	\index[iv]{02oe@\ivlangheader{Old English}{West Saxon normalization unmarked}!spaeria@\iventry{spæria}{}}	oe		spæria	spaeria	evidence_form	explicit_tag	Germanic/docs/lexeme_reports/model_entries/2205-spare-sparian.model.md:32	1	Germanic/docs/lexeme_reports/model_entries/2205-spare-sparian.model.md:32:1
Germanic/docs/lexeme_reports/model_entries/2205-spare-sparian.model.md:33:1	Germanic/docs/lexeme_reports/model_entries/2205-spare-sparian.model.md:33:1	explicit_tag	Germanic/docs/lexeme_reports/model_entries/2205-spare-sparian.model.md:33	\index[iv]{02oe@\ivlangheader{Old English}{West Saxon normalization unmarked}!spaerede@\iventry{spærede}{}}	oe		spærede	spaerede	evidence_form	explicit_tag	Germanic/docs/lexeme_reports/model_entries/2205-spare-sparian.model.md:33	1	Germanic/docs/lexeme_reports/model_entries/2205-spare-sparian.model.md:33:1
Germanic/docs/lexeme_reports/model_entries/2205-spare-sparian.model.md:33:2	Germanic/docs/lexeme_reports/model_entries/2205-spare-sparian.model.md:33:2	explicit_tag	Germanic/docs/lexeme_reports/model_entries/2205-spare-sparian.model.md:33	\index[iv]{02oe@\ivlangheader{Old English}{West Saxon normalization unmarked}!spearad@\iventry{spearad}{}}	oe		spearad	spearad	evidence_form	explicit_tag	Germanic/docs/lexeme_reports/model_entries/2205-spare-sparian.model.md:33	1	Germanic/docs/lexeme_reports/model_entries/2205-spare-sparian.model.md:33:2
Germanic/docs/lexeme_reports/model_entries/2205-spare-sparian.model.md:35:2	Germanic/docs/lexeme_reports/model_entries/2205-spare-sparian.model.md:35:2	explicit_tag	Germanic/docs/lexeme_reports/model_entries/2205-spare-sparian.model.md:35	\index[iv]{02oe@\ivlangheader{Old English}{West Saxon normalization unmarked}!spaerede~06@\iventry{spærede}{North.}}	oe	north	spærede	spaerede	evidence_form	explicit_tag	Germanic/docs/lexeme_reports/model_entries/2205-spare-sparian.model.md:35	1	Germanic/docs/lexeme_reports/model_entries/2205-spare-sparian.model.md:35:2
Germanic/docs/lexeme_reports/model_entries/2205-spare-sparian.model.md:35:1	Germanic/docs/lexeme_reports/model_entries/2205-spare-sparian.model.md:35:1	explicit_tag	Germanic/docs/lexeme_reports/model_entries/2205-spare-sparian.model.md:35	\index[iv]{02oe@\ivlangheader{Old English}{West Saxon normalization unmarked}!spaeria~06@\iventry{spæria}{North.}}	oe	north	spæria	spaeria	evidence_form	explicit_tag	Germanic/docs/lexeme_reports/model_entries/2205-spare-sparian.model.md:35	1	Germanic/docs/lexeme_reports/model_entries/2205-spare-sparian.model.md:35:1
Germanic/docs/lexeme_reports/model_entries/2205-spare-sparian.model.md:35:3	Germanic/docs/lexeme_reports/model_entries/2205-spare-sparian.model.md:35:3	explicit_tag	Germanic/docs/lexeme_reports/model_entries/2205-spare-sparian.model.md:35	\index[iv]{02oe@\ivlangheader{Old English}{West Saxon normalization unmarked}!sparian@\iventry{sparian}{}}	oe		sparian	sparian	evidence_form	explicit_tag	Germanic/docs/lexeme_reports/model_entries/2205-spare-sparian.model.md:35	1	Germanic/docs/lexeme_reports/model_entries/2205-spare-sparian.model.md:35:3
Germanic/docs/lexeme_reports/model_entries/2205-spare-sparian.model.md:36:1	Germanic/docs/lexeme_reports/model_entries/2205-spare-sparian.model.md:36:1	explicit_tag	Germanic/docs/lexeme_reports/model_entries/2205-spare-sparian.model.md:36	\index[iv]{02oe@\ivlangheader{Old English}{West Saxon normalization unmarked}!spearad@\iventry{spearad}{}}	oe		spearad	spearad	evidence_form	explicit_tag	Germanic/docs/lexeme_reports/model_entries/2205-spare-sparian.model.md:36	1	Germanic/docs/lexeme_reports/model_entries/2205-spare-sparian.model.md:36:1
Germanic/docs/lexeme_reports/model_entries/2205-spare-sparian.model.md:37:1	Germanic/docs/lexeme_reports/model_entries/2205-spare-sparian.model.md:37:1	explicit_tag	Germanic/docs/lexeme_reports/model_entries/2205-spare-sparian.model.md:37	\index[iv]{02oe@\ivlangheader{Old English}{West Saxon normalization unmarked}!sparian@\iventry{sparian}{}}	oe		sparian	sparian	evidence_form	explicit_tag	Germanic/docs/lexeme_reports/model_entries/2205-spare-sparian.model.md:37	1	Germanic/docs/lexeme_reports/model_entries/2205-spare-sparian.model.md:37:1
Germanic/docs/lexeme_reports/model_entries/2205-spare-sparian.model.md:42:1	Germanic/docs/lexeme_reports/model_entries/2205-spare-sparian.model.md:42:1	explicit_tag	Germanic/docs/lexeme_reports/model_entries/2205-spare-sparian.model.md:42	\index[iv]{03pgmc@\ivlangheader{Proto-Germanic}{}!sparojana@\iventry{*spárōjaną}{}}	pgmc		*spárōjaną	sparojana	evidence_form	explicit_tag	Germanic/docs/lexeme_reports/model_entries/2205-spare-sparian.model.md:42	1	Germanic/docs/lexeme_reports/model_entries/2205-spare-sparian.model.md:42:1
Germanic/docs/lexeme_reports/model_entries/2205-spare-sparian.model.md:45:1	Germanic/docs/lexeme_reports/model_entries/2205-spare-sparian.model.md:45:1	explicit_tag	Germanic/docs/lexeme_reports/model_entries/2205-spare-sparian.model.md:45	\index[iv]{02oe@\ivlangheader{Old English}{West Saxon normalization unmarked}!sparian@\iventry{sparian}{}}	oe		sparian	sparian	evidence_form	explicit_tag	Germanic/docs/lexeme_reports/model_entries/2205-spare-sparian.model.md:45	1	Germanic/docs/lexeme_reports/model_entries/2205-spare-sparian.model.md:45:1
Germanic/docs/lexeme_reports/model_entries/2205-spare-sparian.model.md:46:1	Germanic/docs/lexeme_reports/model_entries/2205-spare-sparian.model.md:46:1	explicit_tag	Germanic/docs/lexeme_reports/model_entries/2205-spare-sparian.model.md:46	\index[iv]{02oe@\ivlangheader{Old English}{West Saxon normalization unmarked}!spaer@\iventry{spær}{}}	oe		spær	spaer	evidence_form	explicit_tag	Germanic/docs/lexeme_reports/model_entries/2205-spare-sparian.model.md:46	1	Germanic/docs/lexeme_reports/model_entries/2205-spare-sparian.model.md:46:1
Germanic/docs/lexeme_reports/model_entries/2205-spare-sparian.model.md:47:1	Germanic/docs/lexeme_reports/model_entries/2205-spare-sparian.model.md:47:1	explicit_tag	Germanic/docs/lexeme_reports/model_entries/2205-spare-sparian.model.md:47	\index[iv]{07preoe@\ivlangheader{Pre-Old English / prehistoric English}{}!spare@\iventry{*spárē}{}}	preoe		*spárē	spare	comparison_form	explicit_tag	Germanic/docs/lexeme_reports/model_entries/2205-spare-sparian.model.md:47	1	Germanic/docs/lexeme_reports/model_entries/2205-spare-sparian.model.md:47:1
Germanic/docs/lexeme_reports/model_entries/2205-spare-sparian.model.md:56:2	Germanic/docs/lexeme_reports/model_entries/2205-spare-sparian.model.md:56:2	explicit_tag	Germanic/docs/lexeme_reports/model_entries/2205-spare-sparian.model.md:56	\index[iv]{02oe@\ivlangheader{Old English}{West Saxon normalization unmarked}!sparen@\iventry{sparen}{}}	oe		sparen	sparen	evidence_form	explicit_tag	Germanic/docs/lexeme_reports/model_entries/2205-spare-sparian.model.md:56	1	Germanic/docs/lexeme_reports/model_entries/2205-spare-sparian.model.md:56:2
Germanic/docs/lexeme_reports/model_entries/2205-spare-sparian.model.md:56:1	Germanic/docs/lexeme_reports/model_entries/2205-spare-sparian.model.md:56:1	explicit_tag	Germanic/docs/lexeme_reports/model_entries/2205-spare-sparian.model.md:56	\index[iv]{03pgmc@\ivlangheader{Proto-Germanic}{}!sparena@\iventry{*spárēną}{}}	pgmc		*spárēną	sparena	evidence_form	explicit_tag	Germanic/docs/lexeme_reports/model_entries/2205-spare-sparian.model.md:56	1	Germanic/docs/lexeme_reports/model_entries/2205-spare-sparian.model.md:56:1
Germanic/docs/lexeme_reports/model_entries/2205-spare-sparian.model.md:56:3	Germanic/docs/lexeme_reports/model_entries/2205-spare-sparian.model.md:56:3	explicit_tag	Germanic/docs/lexeme_reports/model_entries/2205-spare-sparian.model.md:56	\index[iv]{02oe@\ivlangheader{Old English}{West Saxon normalization unmarked}!sparian@\iventry{sparian}{}}	oe		sparian	sparian	evidence_form	explicit_tag	Germanic/docs/lexeme_reports/model_entries/2205-spare-sparian.model.md:56	1	Germanic/docs/lexeme_reports/model_entries/2205-spare-sparian.model.md:56:3
Germanic/docs/lexeme_reports/model_entries/2205-spare-sparian.model.md:57:2	Germanic/docs/lexeme_reports/model_entries/2205-spare-sparian.model.md:57:2	explicit_tag	Germanic/docs/lexeme_reports/model_entries/2205-spare-sparian.model.md:57	\index[iv]{02oe@\ivlangheader{Old English}{West Saxon normalization unmarked}!spaer@\iventry{spær}{}}	oe		spær	spaer	evidence_form	explicit_tag	Germanic/docs/lexeme_reports/model_entries/2205-spare-sparian.model.md:57	1	Germanic/docs/lexeme_reports/model_entries/2205-spare-sparian.model.md:57:2
Germanic/docs/lexeme_reports/model_entries/2205-spare-sparian.model.md:57:1	Germanic/docs/lexeme_reports/model_entries/2205-spare-sparian.model.md:57:1	explicit_tag	Germanic/docs/lexeme_reports/model_entries/2205-spare-sparian.model.md:57	\index[iv]{02oe@\ivlangheader{Old English}{West Saxon normalization unmarked}!spaere@\iventry{spære}{}}	oe		spære	spaere	evidence_form	explicit_tag	Germanic/docs/lexeme_reports/model_entries/2205-spare-sparian.model.md:57	1	Germanic/docs/lexeme_reports/model_entries/2205-spare-sparian.model.md:57:1
Germanic/docs/lexeme_reports/model_entries/2205-spare-sparian.model.md:58:1	Germanic/docs/lexeme_reports/model_entries/2205-spare-sparian.model.md:58:1	explicit_tag	Germanic/docs/lexeme_reports/model_entries/2205-spare-sparian.model.md:58	\index[iv]{02oe@\ivlangheader{Old English}{West Saxon normalization unmarked}!spaereth@\iventry{spæreþ}{}}	oe		spæreþ	spaereth	evidence_form	explicit_tag	Germanic/docs/lexeme_reports/model_entries/2205-spare-sparian.model.md:58	1	Germanic/docs/lexeme_reports/model_entries/2205-spare-sparian.model.md:58:1
Germanic/docs/lexeme_reports/model_entries/2205-spare-sparian.model.md:58:2	Germanic/docs/lexeme_reports/model_entries/2205-spare-sparian.model.md:58:2	explicit_tag	Germanic/docs/lexeme_reports/model_entries/2205-spare-sparian.model.md:58	\index[iv]{02oe@\ivlangheader{Old English}{West Saxon normalization unmarked}!spearad@\iventry{spearad}{}}	oe		spearad	spearad	evidence_form	explicit_tag	Germanic/docs/lexeme_reports/model_entries/2205-spare-sparian.model.md:58	1	Germanic/docs/lexeme_reports/model_entries/2205-spare-sparian.model.md:58:2
Germanic/docs/lexeme_reports/model_entries/2205-spare-sparian.model.md:59:2	Germanic/docs/lexeme_reports/model_entries/2205-spare-sparian.model.md:59:2	explicit_tag	Germanic/docs/lexeme_reports/model_entries/2205-spare-sparian.model.md:59	\index[iv]{02oe@\ivlangheader{Old English}{West Saxon normalization unmarked}!sparian@\iventry{sparian}{}}	oe		sparian	sparian	evidence_form	explicit_tag	Germanic/docs/lexeme_reports/model_entries/2205-spare-sparian.model.md:59	1	Germanic/docs/lexeme_reports/model_entries/2205-spare-sparian.model.md:59:2
Germanic/docs/lexeme_reports/model_entries/2205-spare-sparian.model.md:59:3	Germanic/docs/lexeme_reports/model_entries/2205-spare-sparian.model.md:59:3	explicit_tag	Germanic/docs/lexeme_reports/model_entries/2205-spare-sparian.model.md:59	\index[iv]{02oe@\ivlangheader{Old English}{West Saxon normalization unmarked}!sparian@\iventry{sparian}{}}	oe		sparian	sparian	evidence_form	explicit_tag	Germanic/docs/lexeme_reports/model_entries/2205-spare-sparian.model.md:59	1	Germanic/docs/lexeme_reports/model_entries/2205-spare-sparian.model.md:59:3
Germanic/docs/lexeme_reports/model_entries/2205-spare-sparian.model.md:59:1	Germanic/docs/lexeme_reports/model_entries/2205-spare-sparian.model.md:59:1	explicit_tag	Germanic/docs/lexeme_reports/model_entries/2205-spare-sparian.model.md:59	\index[iv]{03pgmc@\ivlangheader{Proto-Germanic}{}!sparojana@\iventry{*spárōjaną}{}}	pgmc		*spárōjaną	sparojana	evidence_form	explicit_tag	Germanic/docs/lexeme_reports/model_entries/2205-spare-sparian.model.md:59	1	Germanic/docs/lexeme_reports/model_entries/2205-spare-sparian.model.md:59:1
Germanic/docs/lexeme_reports/model_entries/2212-staff-stæf.model.md:22:1	Germanic/docs/lexeme_reports/model_entries/2212-staff-stæf.model.md:22:1	explicit_tag	Germanic/docs/lexeme_reports/model_entries/2212-staff-stæf.model.md:22	\index[iv]{03pgmc@\ivlangheader{Proto-Germanic}{}!stabiz@\iventry{*stábiz}{}}	pgmc		*stábiz	stabiz	source_protoform	explicit_tag	Germanic/docs/lexeme_reports/model_entries/2212-staff-stæf.model.md:22	1	Germanic/docs/lexeme_reports/model_entries/2212-staff-stæf.model.md:22:1
Germanic/docs/lexeme_reports/model_entries/2212-staff-stæf.model.md:23:1	Germanic/docs/lexeme_reports/model_entries/2212-staff-stæf.model.md:23:1	explicit_tag	Germanic/docs/lexeme_reports/model_entries/2212-staff-stæf.model.md:23	\index[iv]{03pgmc@\ivlangheader{Proto-Germanic}{}!stabaz@\iventry{*stábaz}{}}	pgmc		*stábaz	stabaz	selected_input	explicit_tag	Germanic/docs/lexeme_reports/model_entries/2212-staff-stæf.model.md:23	1	Germanic/docs/lexeme_reports/model_entries/2212-staff-stæf.model.md:23:1
Germanic/docs/lexeme_reports/model_entries/2212-staff-stæf.model.md:29:1	Germanic/docs/lexeme_reports/model_entries/2212-staff-stæf.model.md:29:1	explicit_tag	Germanic/docs/lexeme_reports/model_entries/2212-staff-stæf.model.md:29	\index[iv]{02oe@\ivlangheader{Old English}{West Saxon normalization unmarked}!staef@\iventry{stæf}{}}	oe		stæf	staef	target_form	explicit_tag	Germanic/docs/lexeme_reports/model_entries/2212-staff-stæf.model.md:29	1	Germanic/docs/lexeme_reports/model_entries/2212-staff-stæf.model.md:29:1
Germanic/docs/lexeme_reports/model_entries/2212-staff-stæf.model.md:30:1	Germanic/docs/lexeme_reports/model_entries/2212-staff-stæf.model.md:30:1	explicit_tag	Germanic/docs/lexeme_reports/model_entries/2212-staff-stæf.model.md:30	\index[iv]{02oe@\ivlangheader{Old English}{West Saxon normalization unmarked}!staef@\iventry{stæf}{}}	oe		stæf	staef	target_form	explicit_tag	Germanic/docs/lexeme_reports/model_entries/2212-staff-stæf.model.md:30	1	Germanic/docs/lexeme_reports/model_entries/2212-staff-stæf.model.md:30:1
Germanic/docs/lexeme_reports/model_entries/2212-staff-stæf.model.md:31:1	Germanic/docs/lexeme_reports/model_entries/2212-staff-stæf.model.md:31:1	explicit_tag	Germanic/docs/lexeme_reports/model_entries/2212-staff-stæf.model.md:31	\index[iv]{02oe@\ivlangheader{Old English}{West Saxon normalization unmarked}!staef@\iventry{stæf}{}}	oe		stæf	staef	target_form	explicit_tag	Germanic/docs/lexeme_reports/model_entries/2212-staff-stæf.model.md:31	1	Germanic/docs/lexeme_reports/model_entries/2212-staff-stæf.model.md:31:1
Germanic/docs/lexeme_reports/model_entries/2212-staff-stæf.model.md:31:2	Germanic/docs/lexeme_reports/model_entries/2212-staff-stæf.model.md:31:2	explicit_tag	Germanic/docs/lexeme_reports/model_entries/2212-staff-stæf.model.md:31	\index[iv]{02oe@\ivlangheader{Old English}{West Saxon normalization unmarked}!stafas@\iventry{stafas}{}}	oe		stafas	stafas	comparison_form	explicit_tag	Germanic/docs/lexeme_reports/model_entries/2212-staff-stæf.model.md:31	1	Germanic/docs/lexeme_reports/model_entries/2212-staff-stæf.model.md:31:2
Germanic/docs/lexeme_reports/model_entries/2212-staff-stæf.model.md:41:1	Germanic/docs/lexeme_reports/model_entries/2212-staff-stæf.model.md:41:1	explicit_tag	Germanic/docs/lexeme_reports/model_entries/2212-staff-stæf.model.md:41	\index[iv]{02oe@\ivlangheader{Old English}{West Saxon normalization unmarked}!stefe@\iventry{stefe}{}}	oe		stefe	stefe	comparison_form	explicit_tag	Germanic/docs/lexeme_reports/model_entries/2212-staff-stæf.model.md:41	1	Germanic/docs/lexeme_reports/model_entries/2212-staff-stæf.model.md:41:1
Germanic/docs/lexeme_reports/model_entries/2212-staff-stæf.model.md:51:1	Germanic/docs/lexeme_reports/model_entries/2212-staff-stæf.model.md:51:1	explicit_tag	Germanic/docs/lexeme_reports/model_entries/2212-staff-stæf.model.md:51	\index[iv]{03pgmc@\ivlangheader{Proto-Germanic}{}!stabiz@\iventry{*stábiz}{}}	pgmc		*stábiz	stabiz	source_protoform	explicit_tag	Germanic/docs/lexeme_reports/model_entries/2212-staff-stæf.model.md:51	1	Germanic/docs/lexeme_reports/model_entries/2212-staff-stæf.model.md:51:1
Germanic/docs/lexeme_reports/model_entries/2212-staff-stæf.model.md:51:3	Germanic/docs/lexeme_reports/model_entries/2212-staff-stæf.model.md:51:3	explicit_tag	Germanic/docs/lexeme_reports/model_entries/2212-staff-stæf.model.md:51	\index[iv]{02oe@\ivlangheader{Old English}{West Saxon normalization unmarked}!staef@\iventry{stæf}{}}	oe		stæf	staef	target_form	explicit_tag	Germanic/docs/lexeme_reports/model_entries/2212-staff-stæf.model.md:51	1	Germanic/docs/lexeme_reports/model_entries/2212-staff-stæf.model.md:51:3
Germanic/docs/lexeme_reports/model_entries/2212-staff-stæf.model.md:53:1	Germanic/docs/lexeme_reports/model_entries/2212-staff-stæf.model.md:53:1	explicit_tag	Germanic/docs/lexeme_reports/model_entries/2212-staff-stæf.model.md:53	\index[iv]{03pgmc@\ivlangheader{Proto-Germanic}{}!stabaz@\iventry{*stábaz}{}}	pgmc		*stábaz	stabaz	selected_input	explicit_tag	Germanic/docs/lexeme_reports/model_entries/2212-staff-stæf.model.md:53	1	Germanic/docs/lexeme_reports/model_entries/2212-staff-stæf.model.md:53:1
Germanic/docs/lexeme_reports/model_entries/2212-staff-stæf.model.md:53:3	Germanic/docs/lexeme_reports/model_entries/2212-staff-stæf.model.md:53:3	explicit_tag	Germanic/docs/lexeme_reports/model_entries/2212-staff-stæf.model.md:53	\index[iv]{02oe@\ivlangheader{Old English}{West Saxon normalization unmarked}!staef@\iventry{stæf}{}}	oe		stæf	staef	target_form	explicit_tag	Germanic/docs/lexeme_reports/model_entries/2212-staff-stæf.model.md:53	1	Germanic/docs/lexeme_reports/model_entries/2212-staff-stæf.model.md:53:3
Germanic/docs/lexeme_reports/model_entries/2216-stem-stefn.model.md:106:1	Germanic/docs/lexeme_reports/model_entries/2216-stem-stefn.model.md:106:1	explicit_tag	Germanic/docs/lexeme_reports/model_entries/2216-stem-stefn.model.md:106	\index[iv]{03pgmc@\ivlangheader{Proto-Germanic}{}!stamnaz@\iventry{*stámnaz}{}}	pgmc		*stámnaz	stamnaz	source_protoform	explicit_tag	Germanic/docs/lexeme_reports/model_entries/2216-stem-stefn.model.md:106	1	Germanic/docs/lexeme_reports/model_entries/2216-stem-stefn.model.md:106:1
Germanic/docs/lexeme_reports/model_entries/2216-stem-stefn.model.md:114:1	Germanic/docs/lexeme_reports/model_entries/2216-stem-stefn.model.md:114:1	explicit_tag	Germanic/docs/lexeme_reports/model_entries/2216-stem-stefn.model.md:114	\index[iv]{03pgmc@\ivlangheader{Proto-Germanic}{}!stamnaz@\iventry{*stámnaz}{}}	pgmc		*stámnaz	stamnaz	source_protoform	explicit_tag	Germanic/docs/lexeme_reports/model_entries/2216-stem-stefn.model.md:114	1	Germanic/docs/lexeme_reports/model_entries/2216-stem-stefn.model.md:114:1
Germanic/docs/lexeme_reports/model_entries/2216-stem-stefn.model.md:115:1	Germanic/docs/lexeme_reports/model_entries/2216-stem-stefn.model.md:115:1	explicit_tag	Germanic/docs/lexeme_reports/model_entries/2216-stem-stefn.model.md:115	\index[iv]{03pgmc@\ivlangheader{Proto-Germanic}{}!stamniz@\iventry{*stámniz}{}}	pgmc		*stámniz	stamniz	source_protoform	explicit_tag	Germanic/docs/lexeme_reports/model_entries/2216-stem-stefn.model.md:115	1	Germanic/docs/lexeme_reports/model_entries/2216-stem-stefn.model.md:115:1
Germanic/docs/lexeme_reports/model_entries/2216-stem-stefn.model.md:116:1	Germanic/docs/lexeme_reports/model_entries/2216-stem-stefn.model.md:116:1	explicit_tag	Germanic/docs/lexeme_reports/model_entries/2216-stem-stefn.model.md:116	\index[iv]{02oe@\ivlangheader{Old English}{West Saxon normalization unmarked}!stefn@\iventry{stefn}{}}	oe		stefn	stefn	target_form	explicit_tag	Germanic/docs/lexeme_reports/model_entries/2216-stem-stefn.model.md:116	1	Germanic/docs/lexeme_reports/model_entries/2216-stem-stefn.model.md:116:1
Germanic/docs/lexeme_reports/model_entries/2216-stem-stefn.model.md:117:1	Germanic/docs/lexeme_reports/model_entries/2216-stem-stefn.model.md:117:1	explicit_tag	Germanic/docs/lexeme_reports/model_entries/2216-stem-stefn.model.md:117	\index[iv]{02oe@\ivlangheader{Old English}{West Saxon normalization unmarked}!stefna@\iventry{stefna}{}}	oe		stefna	stefna	comparison_form	explicit_tag	Germanic/docs/lexeme_reports/model_entries/2216-stem-stefn.model.md:117	1	Germanic/docs/lexeme_reports/model_entries/2216-stem-stefn.model.md:117:1
Germanic/docs/lexeme_reports/model_entries/2216-stem-stefn.model.md:118:1	Germanic/docs/lexeme_reports/model_entries/2216-stem-stefn.model.md:118:1	explicit_tag	Germanic/docs/lexeme_reports/model_entries/2216-stem-stefn.model.md:118	\index[iv]{02oe@\ivlangheader{Old English}{West Saxon normalization unmarked}!stofn@\iventry{stofn}{}}	oe		stofn	stofn	comparison_form	explicit_tag	Germanic/docs/lexeme_reports/model_entries/2216-stem-stefn.model.md:118	1	Germanic/docs/lexeme_reports/model_entries/2216-stem-stefn.model.md:118:1
Germanic/docs/lexeme_reports/model_entries/2216-stem-stefn.model.md:119:1	Germanic/docs/lexeme_reports/model_entries/2216-stem-stefn.model.md:119:1	explicit_tag	Germanic/docs/lexeme_reports/model_entries/2216-stem-stefn.model.md:119	\index[iv]{02oe@\ivlangheader{Old English}{West Saxon normalization unmarked}!stemn@\iventry{stemn}{}}	oe		stemn	stemn	comparison_form	explicit_tag	Germanic/docs/lexeme_reports/model_entries/2216-stem-stefn.model.md:119	1	Germanic/docs/lexeme_reports/model_entries/2216-stem-stefn.model.md:119:1
Germanic/docs/lexeme_reports/model_entries/2216-stem-stefn.model.md:21:1	Germanic/docs/lexeme_reports/model_entries/2216-stem-stefn.model.md:21:1	explicit_tag	Germanic/docs/lexeme_reports/model_entries/2216-stem-stefn.model.md:21	\index[iv]{03pgmc@\ivlangheader{Proto-Germanic}{}!stamnaz@\iventry{*stámnaz}{}}	pgmc		*stámnaz	stamnaz	source_protoform	explicit_tag	Germanic/docs/lexeme_reports/model_entries/2216-stem-stefn.model.md:21	1	Germanic/docs/lexeme_reports/model_entries/2216-stem-stefn.model.md:21:1
Germanic/docs/lexeme_reports/model_entries/2216-stem-stefn.model.md:23:1	Germanic/docs/lexeme_reports/model_entries/2216-stem-stefn.model.md:23:1	explicit_tag	Germanic/docs/lexeme_reports/model_entries/2216-stem-stefn.model.md:23	\index[iv]{08on@\ivlangheader{Old Norse}{}!stafn@\iventry{stafn}{}}	on		stafn	stafn	comparison_form	explicit_tag	Germanic/docs/lexeme_reports/model_entries/2216-stem-stefn.model.md:23	1	Germanic/docs/lexeme_reports/model_entries/2216-stem-stefn.model.md:23:1
Germanic/docs/lexeme_reports/model_entries/2216-stem-stefn.model.md:24:1	Germanic/docs/lexeme_reports/model_entries/2216-stem-stefn.model.md:24:1	explicit_tag	Germanic/docs/lexeme_reports/model_entries/2216-stem-stefn.model.md:24	\index[iv]{10ofris@\ivlangheader{Old Frisian}{}!stevene@\iventry{stevene}{}}	ofris		stevene	stevene	comparison_form	explicit_tag	Germanic/docs/lexeme_reports/model_entries/2216-stem-stefn.model.md:24	1	Germanic/docs/lexeme_reports/model_entries/2216-stem-stefn.model.md:24:1
Germanic/docs/lexeme_reports/model_entries/2216-stem-stefn.model.md:25:1	Germanic/docs/lexeme_reports/model_entries/2216-stem-stefn.model.md:25:1	explicit_tag	Germanic/docs/lexeme_reports/model_entries/2216-stem-stefn.model.md:25	\index[iv]{12os@\ivlangheader{Old Saxon}{}!stamn@\iventry{stamn}{}}	os		stamn	stamn	comparison_form	explicit_tag	Germanic/docs/lexeme_reports/model_entries/2216-stem-stefn.model.md:25	1	Germanic/docs/lexeme_reports/model_entries/2216-stem-stefn.model.md:25:1
Germanic/docs/lexeme_reports/model_entries/2216-stem-stefn.model.md:42:1	Germanic/docs/lexeme_reports/model_entries/2216-stem-stefn.model.md:42:1	explicit_tag	Germanic/docs/lexeme_reports/model_entries/2216-stem-stefn.model.md:42	\index[iv]{02oe@\ivlangheader{Old English}{West Saxon normalization unmarked}!stefn@\iventry{stefn}{}}	oe		stefn	stefn	target_form	explicit_tag	Germanic/docs/lexeme_reports/model_entries/2216-stem-stefn.model.md:42	1	Germanic/docs/lexeme_reports/model_entries/2216-stem-stefn.model.md:42:1
Germanic/docs/lexeme_reports/model_entries/2216-stem-stefn.model.md:43:1	Germanic/docs/lexeme_reports/model_entries/2216-stem-stefn.model.md:43:1	explicit_tag	Germanic/docs/lexeme_reports/model_entries/2216-stem-stefn.model.md:43	\index[iv]{02oe@\ivlangheader{Old English}{West Saxon normalization unmarked}!stefna@\iventry{stefna}{}}	oe		stefna	stefna	comparison_form	explicit_tag	Germanic/docs/lexeme_reports/model_entries/2216-stem-stefn.model.md:43	1	Germanic/docs/lexeme_reports/model_entries/2216-stem-stefn.model.md:43:1
Germanic/docs/lexeme_reports/model_entries/2216-stem-stefn.model.md:44:1	Germanic/docs/lexeme_reports/model_entries/2216-stem-stefn.model.md:44:1	explicit_tag	Germanic/docs/lexeme_reports/model_entries/2216-stem-stefn.model.md:44	\index[iv]{02oe@\ivlangheader{Old English}{West Saxon normalization unmarked}!stofn@\iventry{stofn}{}}	oe		stofn	stofn	comparison_form	explicit_tag	Germanic/docs/lexeme_reports/model_entries/2216-stem-stefn.model.md:44	1	Germanic/docs/lexeme_reports/model_entries/2216-stem-stefn.model.md:44:1
Germanic/docs/lexeme_reports/model_entries/2216-stem-stefn.model.md:47:2	Germanic/docs/lexeme_reports/model_entries/2216-stem-stefn.model.md:47:2	explicit_tag	Germanic/docs/lexeme_reports/model_entries/2216-stem-stefn.model.md:47	\index[iv]{20me@\ivlangheader{Middle English}{}!stam@\iventry{stam}{}}	me		stam	stam	comparison_form	explicit_tag	Germanic/docs/lexeme_reports/model_entries/2216-stem-stefn.model.md:47	1	Germanic/docs/lexeme_reports/model_entries/2216-stem-stefn.model.md:47:2
Germanic/docs/lexeme_reports/model_entries/2216-stem-stefn.model.md:47:1	Germanic/docs/lexeme_reports/model_entries/2216-stem-stefn.model.md:47:1	explicit_tag	Germanic/docs/lexeme_reports/model_entries/2216-stem-stefn.model.md:47	\index[iv]{12os@\ivlangheader{Old Saxon}{}!stamn@\iventry{stamn}{}}	os		stamn	stamn	comparison_form	explicit_tag	Germanic/docs/lexeme_reports/model_entries/2216-stem-stefn.model.md:47	1	Germanic/docs/lexeme_reports/model_entries/2216-stem-stefn.model.md:47:1
Germanic/docs/lexeme_reports/model_entries/2216-stem-stefn.model.md:51:1	Germanic/docs/lexeme_reports/model_entries/2216-stem-stefn.model.md:51:1	explicit_tag	Germanic/docs/lexeme_reports/model_entries/2216-stem-stefn.model.md:51	\index[iv]{02oe@\ivlangheader{Old English}{West Saxon normalization unmarked}!stefn@\iventry{stefn}{}}	oe		stefn	stefn	target_form	explicit_tag	Germanic/docs/lexeme_reports/model_entries/2216-stem-stefn.model.md:51	1	Germanic/docs/lexeme_reports/model_entries/2216-stem-stefn.model.md:51:1
Germanic/docs/lexeme_reports/model_entries/2216-stem-stefn.model.md:52:1	Germanic/docs/lexeme_reports/model_entries/2216-stem-stefn.model.md:52:1	explicit_tag	Germanic/docs/lexeme_reports/model_entries/2216-stem-stefn.model.md:52	\index[iv]{02oe@\ivlangheader{Old English}{West Saxon normalization unmarked}!stefna@\iventry{stefna}{}}	oe		stefna	stefna	comparison_form	explicit_tag	Germanic/docs/lexeme_reports/model_entries/2216-stem-stefn.model.md:52	1	Germanic/docs/lexeme_reports/model_entries/2216-stem-stefn.model.md:52:1
Germanic/docs/lexeme_reports/model_entries/2216-stem-stefn.model.md:57:1	Germanic/docs/lexeme_reports/model_entries/2216-stem-stefn.model.md:57:1	explicit_tag	Germanic/docs/lexeme_reports/model_entries/2216-stem-stefn.model.md:57	\index[iv]{02oe@\ivlangheader{Old English}{West Saxon normalization unmarked}!stefn@\iventry{stefn}{}}	oe		stefn	stefn	comparison_form	explicit_tag	Germanic/docs/lexeme_reports/model_entries/2216-stem-stefn.model.md:57	1	Germanic/docs/lexeme_reports/model_entries/2216-stem-stefn.model.md:57:1
Germanic/docs/lexeme_reports/model_entries/2216-stem-stefn.model.md:58:1	Germanic/docs/lexeme_reports/model_entries/2216-stem-stefn.model.md:58:1	explicit_tag	Germanic/docs/lexeme_reports/model_entries/2216-stem-stefn.model.md:58	\index[iv]{03pgmc@\ivlangheader{Proto-Germanic}{}!stamniz@\iventry{*stámniz}{}}	pgmc		*stámniz	stamniz	source_protoform	explicit_tag	Germanic/docs/lexeme_reports/model_entries/2216-stem-stefn.model.md:58	1	Germanic/docs/lexeme_reports/model_entries/2216-stem-stefn.model.md:58:1
Germanic/docs/lexeme_reports/model_entries/2216-stem-stefn.model.md:60:1	Germanic/docs/lexeme_reports/model_entries/2216-stem-stefn.model.md:60:1	explicit_tag	Germanic/docs/lexeme_reports/model_entries/2216-stem-stefn.model.md:60	\index[iv]{03pgmc@\ivlangheader{Proto-Germanic}{}!stamnaz@\iventry{*stámnaz}{}}	pgmc		*stámnaz	stamnaz	source_protoform	explicit_tag	Germanic/docs/lexeme_reports/model_entries/2216-stem-stefn.model.md:60	1	Germanic/docs/lexeme_reports/model_entries/2216-stem-stefn.model.md:60:1
Germanic/docs/lexeme_reports/model_entries/2216-stem-stefn.model.md:75:1	Germanic/docs/lexeme_reports/model_entries/2216-stem-stefn.model.md:75:1	explicit_tag	Germanic/docs/lexeme_reports/model_entries/2216-stem-stefn.model.md:75	\index[iv]{08on@\ivlangheader{Old Norse}{}!stafn@\iventry{stafn}{}}	on		stafn	stafn	comparison_form	explicit_tag	Germanic/docs/lexeme_reports/model_entries/2216-stem-stefn.model.md:75	1	Germanic/docs/lexeme_reports/model_entries/2216-stem-stefn.model.md:75:1
Germanic/docs/lexeme_reports/model_entries/2216-stem-stefn.model.md:76:1	Germanic/docs/lexeme_reports/model_entries/2216-stem-stefn.model.md:76:1	explicit_tag	Germanic/docs/lexeme_reports/model_entries/2216-stem-stefn.model.md:76	\index[iv]{12os@\ivlangheader{Old Saxon}{}!stamn@\iventry{stamn}{}}	os		stamn	stamn	comparison_form	explicit_tag	Germanic/docs/lexeme_reports/model_entries/2216-stem-stefn.model.md:76	1	Germanic/docs/lexeme_reports/model_entries/2216-stem-stefn.model.md:76:1
Germanic/docs/lexeme_reports/model_entries/2217-still-stillan.model.md:21:1	Germanic/docs/lexeme_reports/model_entries/2217-still-stillan.model.md:21:1	explicit_tag	Germanic/docs/lexeme_reports/model_entries/2217-still-stillan.model.md:21	\index[iv]{02oe@\ivlangheader{Old English}{West Saxon normalization unmarked}!still@\iventry{still}{}}	oe		still	still	comparison_form	explicit_tag	Germanic/docs/lexeme_reports/model_entries/2217-still-stillan.model.md:21	1	Germanic/docs/lexeme_reports/model_entries/2217-still-stillan.model.md:21:1
Germanic/docs/lexeme_reports/model_entries/2217-still-stillan.model.md:25:1	Germanic/docs/lexeme_reports/model_entries/2217-still-stillan.model.md:25:1	explicit_tag	Germanic/docs/lexeme_reports/model_entries/2217-still-stillan.model.md:25	\index[iv]{02oe@\ivlangheader{Old English}{West Saxon normalization unmarked}!stille@\iventry{stille}{}}	oe		stille	stille	comparison_form	explicit_tag	Germanic/docs/lexeme_reports/model_entries/2217-still-stillan.model.md:25	1	Germanic/docs/lexeme_reports/model_entries/2217-still-stillan.model.md:25:1
Germanic/docs/lexeme_reports/model_entries/2217-still-stillan.model.md:33:1	Germanic/docs/lexeme_reports/model_entries/2217-still-stillan.model.md:33:1	explicit_tag	Germanic/docs/lexeme_reports/model_entries/2217-still-stillan.model.md:33	\index[iv]{02oe@\ivlangheader{Old English}{West Saxon normalization unmarked}!stille@\iventry{stille}{}}	oe		stille	stille	comparison_form	explicit_tag	Germanic/docs/lexeme_reports/model_entries/2217-still-stillan.model.md:33	1	Germanic/docs/lexeme_reports/model_entries/2217-still-stillan.model.md:33:1
Germanic/docs/lexeme_reports/model_entries/2227-strew-strīeġan.model.md:22:1	Germanic/docs/lexeme_reports/model_entries/2227-strew-strīeġan.model.md:22:1	explicit_tag	Germanic/docs/lexeme_reports/model_entries/2227-strew-strīeġan.model.md:22	\index[iv]{03pgmc@\ivlangheader{Proto-Germanic}{}!straujan@\iventry{*straujan-}{}}	pgmc		*straujan-	straujan	source_protoform	explicit_tag	Germanic/docs/lexeme_reports/model_entries/2227-strew-strīeġan.model.md:22	1	Germanic/docs/lexeme_reports/model_entries/2227-strew-strīeġan.model.md:22:1
Germanic/docs/lexeme_reports/model_entries/2227-strew-strīeġan.model.md:23:1	Germanic/docs/lexeme_reports/model_entries/2227-strew-strīeġan.model.md:23:1	explicit_tag	Germanic/docs/lexeme_reports/model_entries/2227-strew-strīeġan.model.md:23	\index[iv]{02oe@\ivlangheader{Old English}{West Saxon normalization unmarked}!streowian@\iventry{streowian}{}}	oe		streowian	streowian	comparison_form	explicit_tag	Germanic/docs/lexeme_reports/model_entries/2227-strew-strīeġan.model.md:23	1	Germanic/docs/lexeme_reports/model_entries/2227-strew-strīeġan.model.md:23:1
Germanic/docs/lexeme_reports/model_entries/2227-strew-strīeġan.model.md:26:1	Germanic/docs/lexeme_reports/model_entries/2227-strew-strīeġan.model.md:26:1	explicit_tag	Germanic/docs/lexeme_reports/model_entries/2227-strew-strīeġan.model.md:26	\index[iv]{02oe@\ivlangheader{Old English}{West Saxon normalization unmarked}!stregan@\iventry{strēgan}{}}	oe		strēgan	stregan	comparison_form	explicit_tag	Germanic/docs/lexeme_reports/model_entries/2227-strew-strīeġan.model.md:26	1	Germanic/docs/lexeme_reports/model_entries/2227-strew-strīeġan.model.md:26:1
Germanic/docs/lexeme_reports/model_entries/2227-strew-strīeġan.model.md:27:1	Germanic/docs/lexeme_reports/model_entries/2227-strew-strīeġan.model.md:27:1	explicit_tag	Germanic/docs/lexeme_reports/model_entries/2227-strew-strīeġan.model.md:27	\index[iv]{02oe@\ivlangheader{Old English}{West Saxon normalization unmarked}!streowian@\iventry{streowian}{}}	oe		streowian	streowian	comparison_form	explicit_tag	Germanic/docs/lexeme_reports/model_entries/2227-strew-strīeġan.model.md:27	1	Germanic/docs/lexeme_reports/model_entries/2227-strew-strīeġan.model.md:27:1
Germanic/docs/lexeme_reports/model_entries/2227-strew-strīeġan.model.md:31:1	Germanic/docs/lexeme_reports/model_entries/2227-strew-strīeġan.model.md:31:1	explicit_tag	Germanic/docs/lexeme_reports/model_entries/2227-strew-strīeġan.model.md:31	\index[iv]{02oe@\ivlangheader{Old English}{West Saxon normalization unmarked}!strezan~04@\iventry{strēzan}{Angl.}}	oe	angl	strēzan	strezan	comparison_form	explicit_tag	Germanic/docs/lexeme_reports/model_entries/2227-strew-strīeġan.model.md:31	1	Germanic/docs/lexeme_reports/model_entries/2227-strew-strīeġan.model.md:31:1
Germanic/docs/lexeme_reports/model_entries/2227-strew-strīeġan.model.md:32:2	Germanic/docs/lexeme_reports/model_entries/2227-strew-strīeġan.model.md:32:2	explicit_tag	Germanic/docs/lexeme_reports/model_entries/2227-strew-strīeġan.model.md:32	\index[iv]{02oe@\ivlangheader{Old English}{West Saxon normalization unmarked}!ciezan@\iventry{ciezan}{}}	oe		ciezan	ciezan	comparison_form	explicit_tag	Germanic/docs/lexeme_reports/model_entries/2227-strew-strīeġan.model.md:32	1	Germanic/docs/lexeme_reports/model_entries/2227-strew-strīeġan.model.md:32:2
Germanic/docs/lexeme_reports/model_entries/2227-strew-strīeġan.model.md:32:1	Germanic/docs/lexeme_reports/model_entries/2227-strew-strīeġan.model.md:32:1	explicit_tag	Germanic/docs/lexeme_reports/model_entries/2227-strew-strīeġan.model.md:32	\index[iv]{02oe@\ivlangheader{Old English}{West Saxon normalization unmarked}!hiez@\iventry{hīez}{}}	oe		hīez	hiez	comparison_form	explicit_tag	Germanic/docs/lexeme_reports/model_entries/2227-strew-strīeġan.model.md:32	1	Germanic/docs/lexeme_reports/model_entries/2227-strew-strīeġan.model.md:32:1
Germanic/docs/lexeme_reports/model_entries/2227-strew-strīeġan.model.md:38:1	Germanic/docs/lexeme_reports/model_entries/2227-strew-strīeġan.model.md:38:1	explicit_tag	Germanic/docs/lexeme_reports/model_entries/2227-strew-strīeġan.model.md:38	\index[iv]{02oe@\ivlangheader{Old English}{West Saxon normalization unmarked}!stregan~04@\iventry{strēgan}{Angl.}}	oe	angl	strēgan	stregan	comparison_form	explicit_tag	Germanic/docs/lexeme_reports/model_entries/2227-strew-strīeġan.model.md:38	1	Germanic/docs/lexeme_reports/model_entries/2227-strew-strīeġan.model.md:38:1
Germanic/docs/lexeme_reports/model_entries/2227-strew-strīeġan.model.md:39:3	Germanic/docs/lexeme_reports/model_entries/2227-strew-strīeġan.model.md:39:3	explicit_tag	Germanic/docs/lexeme_reports/model_entries/2227-strew-strīeġan.model.md:39	\index[iv]{02oe@\ivlangheader{Old English}{West Saxon normalization unmarked}!streawian@\iventry{strēawian}{}}	oe		strēawian	streawian	comparison_form	explicit_tag	Germanic/docs/lexeme_reports/model_entries/2227-strew-strīeġan.model.md:39	1	Germanic/docs/lexeme_reports/model_entries/2227-strew-strīeġan.model.md:39:3
Germanic/docs/lexeme_reports/model_entries/2227-strew-strīeġan.model.md:39:2	Germanic/docs/lexeme_reports/model_entries/2227-strew-strīeġan.model.md:39:2	explicit_tag	Germanic/docs/lexeme_reports/model_entries/2227-strew-strīeġan.model.md:39	\index[iv]{02oe@\ivlangheader{Old English}{West Saxon normalization unmarked}!streowian@\iventry{streowian}{}}	oe		streowian	streowian	comparison_form	explicit_tag	Germanic/docs/lexeme_reports/model_entries/2227-strew-strīeġan.model.md:39	1	Germanic/docs/lexeme_reports/model_entries/2227-strew-strīeġan.model.md:39:2
Germanic/docs/lexeme_reports/model_entries/2227-strew-strīeġan.model.md:39:1	Germanic/docs/lexeme_reports/model_entries/2227-strew-strīeġan.model.md:39:1	explicit_tag	Germanic/docs/lexeme_reports/model_entries/2227-strew-strīeġan.model.md:39	\index[iv]{02oe@\ivlangheader{Old English}{West Saxon normalization unmarked}!strewian@\iventry{strewian}{}}	oe		strewian	strewian	comparison_form	explicit_tag	Germanic/docs/lexeme_reports/model_entries/2227-strew-strīeġan.model.md:39	1	Germanic/docs/lexeme_reports/model_entries/2227-strew-strīeġan.model.md:39:1
Germanic/docs/lexeme_reports/model_entries/2227-strew-strīeġan.model.md:43:1	Germanic/docs/lexeme_reports/model_entries/2227-strew-strīeġan.model.md:43:1	explicit_tag	Germanic/docs/lexeme_reports/model_entries/2227-strew-strīeġan.model.md:43	\index[iv]{02oe@\ivlangheader{Old English}{West Saxon normalization unmarked}!striegan@\iventry{*strīeġan}{}}	oe		*strīeġan	striegan	target_form	explicit_tag	Germanic/docs/lexeme_reports/model_entries/2227-strew-strīeġan.model.md:43	1	Germanic/docs/lexeme_reports/model_entries/2227-strew-strīeġan.model.md:43:1
Germanic/docs/lexeme_reports/model_entries/2227-strew-strīeġan.model.md:54:1	Germanic/docs/lexeme_reports/model_entries/2227-strew-strīeġan.model.md:54:1	explicit_tag	Germanic/docs/lexeme_reports/model_entries/2227-strew-strīeġan.model.md:54	\index[iv]{02oe@\ivlangheader{Old English}{West Saxon normalization unmarked}!stregan~04@\iventry{strēgan}{Angl.}}	oe	angl	strēgan	stregan	comparison_form	explicit_tag	Germanic/docs/lexeme_reports/model_entries/2227-strew-strīeġan.model.md:54	1	Germanic/docs/lexeme_reports/model_entries/2227-strew-strīeġan.model.md:54:1
Germanic/docs/lexeme_reports/model_entries/2227-strew-strīeġan.model.md:55:3	Germanic/docs/lexeme_reports/model_entries/2227-strew-strīeġan.model.md:55:3	explicit_tag	Germanic/docs/lexeme_reports/model_entries/2227-strew-strīeġan.model.md:55	\index[iv]{02oe@\ivlangheader{Old English}{West Saxon normalization unmarked}!streawian@\iventry{strēawian}{}}	oe		strēawian	streawian	comparison_form	explicit_tag	Germanic/docs/lexeme_reports/model_entries/2227-strew-strīeġan.model.md:55	1	Germanic/docs/lexeme_reports/model_entries/2227-strew-strīeġan.model.md:55:3
Germanic/docs/lexeme_reports/model_entries/2227-strew-strīeġan.model.md:55:2	Germanic/docs/lexeme_reports/model_entries/2227-strew-strīeġan.model.md:55:2	explicit_tag	Germanic/docs/lexeme_reports/model_entries/2227-strew-strīeġan.model.md:55	\index[iv]{02oe@\ivlangheader{Old English}{West Saxon normalization unmarked}!streowian@\iventry{streowian}{}}	oe		streowian	streowian	comparison_form	explicit_tag	Germanic/docs/lexeme_reports/model_entries/2227-strew-strīeġan.model.md:55	1	Germanic/docs/lexeme_reports/model_entries/2227-strew-strīeġan.model.md:55:2
Germanic/docs/lexeme_reports/model_entries/2227-strew-strīeġan.model.md:55:1	Germanic/docs/lexeme_reports/model_entries/2227-strew-strīeġan.model.md:55:1	explicit_tag	Germanic/docs/lexeme_reports/model_entries/2227-strew-strīeġan.model.md:55	\index[iv]{02oe@\ivlangheader{Old English}{West Saxon normalization unmarked}!strewian@\iventry{strewian}{}}	oe		strewian	strewian	comparison_form	explicit_tag	Germanic/docs/lexeme_reports/model_entries/2227-strew-strīeġan.model.md:55	1	Germanic/docs/lexeme_reports/model_entries/2227-strew-strīeġan.model.md:55:1
Germanic/docs/lexeme_reports/model_entries/2227-strew-strīeġan.model.md:63:1	Germanic/docs/lexeme_reports/model_entries/2227-strew-strīeġan.model.md:63:1	explicit_tag	Germanic/docs/lexeme_reports/model_entries/2227-strew-strīeġan.model.md:63	\index[iv]{02oe@\ivlangheader{Old English}{West Saxon normalization unmarked}!stregan~04@\iventry{strēgan}{Angl.}}	oe	angl	strēgan	stregan	comparison_form	explicit_tag	Germanic/docs/lexeme_reports/model_entries/2227-strew-strīeġan.model.md:63	1	Germanic/docs/lexeme_reports/model_entries/2227-strew-strīeġan.model.md:63:1
Germanic/docs/lexeme_reports/model_entries/2227-strew-strīeġan.model.md:64:1	Germanic/docs/lexeme_reports/model_entries/2227-strew-strīeġan.model.md:64:1	explicit_tag	Germanic/docs/lexeme_reports/model_entries/2227-strew-strīeġan.model.md:64	\index[iv]{02oe@\ivlangheader{Old English}{West Saxon normalization unmarked}!striegan@\iventry{*strīeġan}{}}	oe		*strīeġan	striegan	target_form	explicit_tag	Germanic/docs/lexeme_reports/model_entries/2227-strew-strīeġan.model.md:64	1	Germanic/docs/lexeme_reports/model_entries/2227-strew-strīeġan.model.md:64:1
Germanic/docs/lexeme_reports/model_entries/2227-strew-strīeġan.model.md:65:3	Germanic/docs/lexeme_reports/model_entries/2227-strew-strīeġan.model.md:65:3	explicit_tag	Germanic/docs/lexeme_reports/model_entries/2227-strew-strīeġan.model.md:65	\index[iv]{02oe@\ivlangheader{Old English}{West Saxon normalization unmarked}!streawian@\iventry{strēawian}{}}	oe		strēawian	streawian	comparison_form	explicit_tag	Germanic/docs/lexeme_reports/model_entries/2227-strew-strīeġan.model.md:65	1	Germanic/docs/lexeme_reports/model_entries/2227-strew-strīeġan.model.md:65:3
Germanic/docs/lexeme_reports/model_entries/2227-strew-strīeġan.model.md:65:2	Germanic/docs/lexeme_reports/model_entries/2227-strew-strīeġan.model.md:65:2	explicit_tag	Germanic/docs/lexeme_reports/model_entries/2227-strew-strīeġan.model.md:65	\index[iv]{02oe@\ivlangheader{Old English}{West Saxon normalization unmarked}!streowian@\iventry{streowian}{}}	oe		streowian	streowian	comparison_form	explicit_tag	Germanic/docs/lexeme_reports/model_entries/2227-strew-strīeġan.model.md:65	1	Germanic/docs/lexeme_reports/model_entries/2227-strew-strīeġan.model.md:65:2
Germanic/docs/lexeme_reports/model_entries/2227-strew-strīeġan.model.md:65:1	Germanic/docs/lexeme_reports/model_entries/2227-strew-strīeġan.model.md:65:1	explicit_tag	Germanic/docs/lexeme_reports/model_entries/2227-strew-strīeġan.model.md:65	\index[iv]{02oe@\ivlangheader{Old English}{West Saxon normalization unmarked}!strewian@\iventry{strewian}{}}	oe		strewian	strewian	comparison_form	explicit_tag	Germanic/docs/lexeme_reports/model_entries/2227-strew-strīeġan.model.md:65	1	Germanic/docs/lexeme_reports/model_entries/2227-strew-strīeġan.model.md:65:1
Germanic/docs/lexeme_reports/model_entries/2230-summer-sumer.model.md:25:7	Germanic/docs/lexeme_reports/model_entries/2230-summer-sumer.model.md:25:7	explicit_tag	Germanic/docs/lexeme_reports/model_entries/2230-summer-sumer.model.md:25	\index[iv]{02oe@\ivlangheader{Old English}{West Saxon normalization unmarked}!sumer@\iventry{sumer}{}}	oe		sumer	sumer	comparison_form	explicit_tag	Germanic/docs/lexeme_reports/model_entries/2230-summer-sumer.model.md:25	1	Germanic/docs/lexeme_reports/model_entries/2230-summer-sumer.model.md:25:7
Germanic/docs/lexeme_reports/model_entries/2230-summer-sumer.model.md:25:3	Germanic/docs/lexeme_reports/model_entries/2230-summer-sumer.model.md:25:3	explicit_tag	Germanic/docs/lexeme_reports/model_entries/2230-summer-sumer.model.md:25	\index[iv]{02oe@\ivlangheader{Old English}{West Saxon normalization unmarked}!sumera@\iventry{sumera}{}}	oe		sumera	sumera	comparison_form	explicit_tag	Germanic/docs/lexeme_reports/model_entries/2230-summer-sumer.model.md:25	1	Germanic/docs/lexeme_reports/model_entries/2230-summer-sumer.model.md:25:3
Germanic/docs/lexeme_reports/model_entries/2230-summer-sumer.model.md:25:4	Germanic/docs/lexeme_reports/model_entries/2230-summer-sumer.model.md:25:4	explicit_tag	Germanic/docs/lexeme_reports/model_entries/2230-summer-sumer.model.md:25	\index[iv]{02oe@\ivlangheader{Old English}{West Saxon normalization unmarked}!sumere@\iventry{sumere}{}}	oe		sumere	sumere	comparison_form	explicit_tag	Germanic/docs/lexeme_reports/model_entries/2230-summer-sumer.model.md:25	1	Germanic/docs/lexeme_reports/model_entries/2230-summer-sumer.model.md:25:4
Germanic/docs/lexeme_reports/model_entries/2230-summer-sumer.model.md:25:2	Germanic/docs/lexeme_reports/model_entries/2230-summer-sumer.model.md:25:2	explicit_tag	Germanic/docs/lexeme_reports/model_entries/2230-summer-sumer.model.md:25	\index[iv]{02oe@\ivlangheader{Old English}{West Saxon normalization unmarked}!sumeres@\iventry{sumeres}{}}	oe		sumeres	sumeres	comparison_form	explicit_tag	Germanic/docs/lexeme_reports/model_entries/2230-summer-sumer.model.md:25	1	Germanic/docs/lexeme_reports/model_entries/2230-summer-sumer.model.md:25:2
Germanic/docs/lexeme_reports/model_entries/2230-summer-sumer.model.md:25:5	Germanic/docs/lexeme_reports/model_entries/2230-summer-sumer.model.md:25:5	explicit_tag	Germanic/docs/lexeme_reports/model_entries/2230-summer-sumer.model.md:25	\index[iv]{02oe@\ivlangheader{Old English}{West Saxon normalization unmarked}!sumeres@\iventry{sumeres}{}}	oe		sumeres	sumeres	comparison_form	explicit_tag	Germanic/docs/lexeme_reports/model_entries/2230-summer-sumer.model.md:25	1	Germanic/docs/lexeme_reports/model_entries/2230-summer-sumer.model.md:25:5
Germanic/docs/lexeme_reports/model_entries/2230-summer-sumer.model.md:25:1	Germanic/docs/lexeme_reports/model_entries/2230-summer-sumer.model.md:25:1	explicit_tag	Germanic/docs/lexeme_reports/model_entries/2230-summer-sumer.model.md:25	\index[iv]{02oe@\ivlangheader{Old English}{West Saxon normalization unmarked}!sumor@\iventry{sumor}{}}	oe		sumor	sumor	comparison_form	explicit_tag	Germanic/docs/lexeme_reports/model_entries/2230-summer-sumer.model.md:25	1	Germanic/docs/lexeme_reports/model_entries/2230-summer-sumer.model.md:25:1
Germanic/docs/lexeme_reports/model_entries/2230-summer-sumer.model.md:25:6	Germanic/docs/lexeme_reports/model_entries/2230-summer-sumer.model.md:25:6	explicit_tag	Germanic/docs/lexeme_reports/model_entries/2230-summer-sumer.model.md:25	\index[iv]{02oe@\ivlangheader{Old English}{West Saxon normalization unmarked}!sumor@\iventry{sumor}{}}	oe		sumor	sumor	comparison_form	explicit_tag	Germanic/docs/lexeme_reports/model_entries/2230-summer-sumer.model.md:25	1	Germanic/docs/lexeme_reports/model_entries/2230-summer-sumer.model.md:25:6
Germanic/docs/lexeme_reports/model_entries/2230-summer-sumer.model.md:29:1	Germanic/docs/lexeme_reports/model_entries/2230-summer-sumer.model.md:29:1	explicit_tag	Germanic/docs/lexeme_reports/model_entries/2230-summer-sumer.model.md:29	\index[iv]{02oe@\ivlangheader{Old English}{West Saxon normalization unmarked}!sumer@\iventry{sumer}{}}	oe		sumer	sumer	comparison_form	explicit_tag	Germanic/docs/lexeme_reports/model_entries/2230-summer-sumer.model.md:29	1	Germanic/docs/lexeme_reports/model_entries/2230-summer-sumer.model.md:29:1
Germanic/docs/lexeme_reports/model_entries/2230-summer-sumer.model.md:29:2	Germanic/docs/lexeme_reports/model_entries/2230-summer-sumer.model.md:29:2	explicit_tag	Germanic/docs/lexeme_reports/model_entries/2230-summer-sumer.model.md:29	\index[iv]{02oe@\ivlangheader{Old English}{West Saxon normalization unmarked}!sumor@\iventry{sumor}{}}	oe		sumor	sumor	comparison_form	explicit_tag	Germanic/docs/lexeme_reports/model_entries/2230-summer-sumer.model.md:29	1	Germanic/docs/lexeme_reports/model_entries/2230-summer-sumer.model.md:29:2
Germanic/docs/lexeme_reports/model_entries/2230-summer-sumer.model.md:33:2	Germanic/docs/lexeme_reports/model_entries/2230-summer-sumer.model.md:33:2	explicit_tag	Germanic/docs/lexeme_reports/model_entries/2230-summer-sumer.model.md:33	\index[iv]{02oe@\ivlangheader{Old English}{West Saxon normalization unmarked}!sumer@\iventry{sumer}{}}	oe		sumer	sumer	comparison_form	explicit_tag	Germanic/docs/lexeme_reports/model_entries/2230-summer-sumer.model.md:33	1	Germanic/docs/lexeme_reports/model_entries/2230-summer-sumer.model.md:33:2
Germanic/docs/lexeme_reports/model_entries/2230-summer-sumer.model.md:33:5	Germanic/docs/lexeme_reports/model_entries/2230-summer-sumer.model.md:33:5	explicit_tag	Germanic/docs/lexeme_reports/model_entries/2230-summer-sumer.model.md:33	\index[iv]{02oe@\ivlangheader{Old English}{West Saxon normalization unmarked}!sumere@\iventry{sumere}{}}	oe		sumere	sumere	comparison_form	explicit_tag	Germanic/docs/lexeme_reports/model_entries/2230-summer-sumer.model.md:33	1	Germanic/docs/lexeme_reports/model_entries/2230-summer-sumer.model.md:33:5
Germanic/docs/lexeme_reports/model_entries/2230-summer-sumer.model.md:33:4	Germanic/docs/lexeme_reports/model_entries/2230-summer-sumer.model.md:33:4	explicit_tag	Germanic/docs/lexeme_reports/model_entries/2230-summer-sumer.model.md:33	\index[iv]{02oe@\ivlangheader{Old English}{West Saxon normalization unmarked}!sumeres@\iventry{sumeres}{}}	oe		sumeres	sumeres	comparison_form	explicit_tag	Germanic/docs/lexeme_reports/model_entries/2230-summer-sumer.model.md:33	1	Germanic/docs/lexeme_reports/model_entries/2230-summer-sumer.model.md:33:4
Germanic/docs/lexeme_reports/model_entries/2230-summer-sumer.model.md:33:1	Germanic/docs/lexeme_reports/model_entries/2230-summer-sumer.model.md:33:1	explicit_tag	Germanic/docs/lexeme_reports/model_entries/2230-summer-sumer.model.md:33	\index[iv]{02oe@\ivlangheader{Old English}{West Saxon normalization unmarked}!sumor@\iventry{sumor}{}}	oe		sumor	sumor	comparison_form	explicit_tag	Germanic/docs/lexeme_reports/model_entries/2230-summer-sumer.model.md:33	1	Germanic/docs/lexeme_reports/model_entries/2230-summer-sumer.model.md:33:1
Germanic/docs/lexeme_reports/model_entries/2230-summer-sumer.model.md:33:3	Germanic/docs/lexeme_reports/model_entries/2230-summer-sumer.model.md:33:3	explicit_tag	Germanic/docs/lexeme_reports/model_entries/2230-summer-sumer.model.md:33	\index[iv]{02oe@\ivlangheader{Old English}{West Saxon normalization unmarked}!sumor@\iventry{sumor}{}}	oe		sumor	sumor	comparison_form	explicit_tag	Germanic/docs/lexeme_reports/model_entries/2230-summer-sumer.model.md:33	1	Germanic/docs/lexeme_reports/model_entries/2230-summer-sumer.model.md:33:3
Germanic/docs/lexeme_reports/model_entries/2232-sunder-sundrian.model.md:21:1	Germanic/docs/lexeme_reports/model_entries/2232-sunder-sundrian.model.md:21:1	explicit_tag	Germanic/docs/lexeme_reports/model_entries/2232-sunder-sundrian.model.md:21	\index[iv]{02oe@\ivlangheader{Old English}{West Saxon normalization unmarked}!sundor@\iventry{sundor}{}}	oe		sundor	sundor	comparison_form	explicit_tag	Germanic/docs/lexeme_reports/model_entries/2232-sunder-sundrian.model.md:21	1	Germanic/docs/lexeme_reports/model_entries/2232-sunder-sundrian.model.md:21:1
Germanic/docs/lexeme_reports/model_entries/2232-sunder-sundrian.model.md:21:2	Germanic/docs/lexeme_reports/model_entries/2232-sunder-sundrian.model.md:21:2	explicit_tag	Germanic/docs/lexeme_reports/model_entries/2232-sunder-sundrian.model.md:21	\index[iv]{02oe@\ivlangheader{Old English}{West Saxon normalization unmarked}!syndrian@\iventry{syndrian}{}}	oe		syndrian	syndrian	comparison_form	explicit_tag	Germanic/docs/lexeme_reports/model_entries/2232-sunder-sundrian.model.md:21	1	Germanic/docs/lexeme_reports/model_entries/2232-sunder-sundrian.model.md:21:2
Germanic/docs/lexeme_reports/model_entries/2232-sunder-sundrian.model.md:23:2	Germanic/docs/lexeme_reports/model_entries/2232-sunder-sundrian.model.md:23:2	explicit_tag	Germanic/docs/lexeme_reports/model_entries/2232-sunder-sundrian.model.md:23	\index[iv]{02oe@\ivlangheader{Old English}{West Saxon normalization unmarked}!gesundrian@\iventry{gesundrian}{}}	oe		gesundrian	gesundrian	comparison_form	explicit_tag	Germanic/docs/lexeme_reports/model_entries/2232-sunder-sundrian.model.md:23	1	Germanic/docs/lexeme_reports/model_entries/2232-sunder-sundrian.model.md:23:2
Germanic/docs/lexeme_reports/model_entries/2232-sunder-sundrian.model.md:23:1	Germanic/docs/lexeme_reports/model_entries/2232-sunder-sundrian.model.md:23:1	explicit_tag	Germanic/docs/lexeme_reports/model_entries/2232-sunder-sundrian.model.md:23	\index[iv]{16german@\ivlangheader{German}{}!sondern@\iventry{sondern}{}}	german		sondern	sondern	comparison_form	explicit_tag	Germanic/docs/lexeme_reports/model_entries/2232-sunder-sundrian.model.md:23	1	Germanic/docs/lexeme_reports/model_entries/2232-sunder-sundrian.model.md:23:1
Germanic/docs/lexeme_reports/model_entries/2232-sunder-sundrian.model.md:31:1	Germanic/docs/lexeme_reports/model_entries/2232-sunder-sundrian.model.md:31:1	explicit_tag	Germanic/docs/lexeme_reports/model_entries/2232-sunder-sundrian.model.md:31	\index[iv]{02oe@\ivlangheader{Old English}{West Saxon normalization unmarked}!syndrian@\iventry{syndrian}{}}	oe		syndrian	syndrian	comparison_form	explicit_tag	Germanic/docs/lexeme_reports/model_entries/2232-sunder-sundrian.model.md:31	1	Germanic/docs/lexeme_reports/model_entries/2232-sunder-sundrian.model.md:31:1
Germanic/docs/lexeme_reports/model_entries/2232-sunder-sundrian.model.md:35:1	Germanic/docs/lexeme_reports/model_entries/2232-sunder-sundrian.model.md:35:1	explicit_tag	Germanic/docs/lexeme_reports/model_entries/2232-sunder-sundrian.model.md:35	\index[iv]{02oe@\ivlangheader{Old English}{West Saxon normalization unmarked}!sundor@\iventry{sundor}{}}	oe		sundor	sundor	comparison_form	explicit_tag	Germanic/docs/lexeme_reports/model_entries/2232-sunder-sundrian.model.md:35	1	Germanic/docs/lexeme_reports/model_entries/2232-sunder-sundrian.model.md:35:1
Germanic/docs/lexeme_reports/model_entries/2232-sunder-sundrian.model.md:35:2	Germanic/docs/lexeme_reports/model_entries/2232-sunder-sundrian.model.md:35:2	explicit_tag	Germanic/docs/lexeme_reports/model_entries/2232-sunder-sundrian.model.md:35	\index[iv]{02oe@\ivlangheader{Old English}{West Saxon normalization unmarked}!syndrian@\iventry{syndrian}{}}	oe		syndrian	syndrian	comparison_form	explicit_tag	Germanic/docs/lexeme_reports/model_entries/2232-sunder-sundrian.model.md:35	1	Germanic/docs/lexeme_reports/model_entries/2232-sunder-sundrian.model.md:35:2
Germanic/docs/lexeme_reports/model_entries/2234-swallow-swealwe.model.md:21:2	Germanic/docs/lexeme_reports/model_entries/2234-swallow-swealwe.model.md:21:2	explicit_tag	Germanic/docs/lexeme_reports/model_entries/2234-swallow-swealwe.model.md:21	\index[iv]{02oe@\ivlangheader{Old English}{West Saxon normalization unmarked}!swalwe~05@\iventry{swalwe}{Merc.}}	oe	merc	swalwe	swalwe	comparison_form	explicit_tag	Germanic/docs/lexeme_reports/model_entries/2234-swallow-swealwe.model.md:21	1	Germanic/docs/lexeme_reports/model_entries/2234-swallow-swealwe.model.md:21:2
Germanic/docs/lexeme_reports/model_entries/2234-swallow-swealwe.model.md:21:1	Germanic/docs/lexeme_reports/model_entries/2234-swallow-swealwe.model.md:21:1	explicit_tag	Germanic/docs/lexeme_reports/model_entries/2234-swallow-swealwe.model.md:21	\index[iv]{02oe@\ivlangheader{Old English}{West Saxon normalization unmarked}!swealwe@\iventry{swealwe}{}}	oe		swealwe	swealwe	comparison_form	explicit_tag	Germanic/docs/lexeme_reports/model_entries/2234-swallow-swealwe.model.md:21	1	Germanic/docs/lexeme_reports/model_entries/2234-swallow-swealwe.model.md:21:1
Germanic/docs/lexeme_reports/model_entries/2235-swan-swanes.model.md:21:1	Germanic/docs/lexeme_reports/model_entries/2235-swan-swanes.model.md:21:1	explicit_tag	Germanic/docs/lexeme_reports/model_entries/2235-swan-swanes.model.md:21	\index[iv]{03pgmc@\ivlangheader{Proto-Germanic}{}!swanaz@\iventry{*swánaz}{}}	pgmc		*swánaz	swanaz	source_protoform	explicit_tag	Germanic/docs/lexeme_reports/model_entries/2235-swan-swanes.model.md:21	1	Germanic/docs/lexeme_reports/model_entries/2235-swan-swanes.model.md:21:1
Germanic/docs/lexeme_reports/model_entries/2235-swan-swanes.model.md:23:1	Germanic/docs/lexeme_reports/model_entries/2235-swan-swanes.model.md:23:1	explicit_tag	Germanic/docs/lexeme_reports/model_entries/2235-swan-swanes.model.md:23	\index[iv]{03pgmc@\ivlangheader{Proto-Germanic}{}!swanas@\iventry{*swánas}{}}	pgmc		*swánas	swanas	selected_input	explicit_tag	Germanic/docs/lexeme_reports/model_entries/2235-swan-swanes.model.md:23	1	Germanic/docs/lexeme_reports/model_entries/2235-swan-swanes.model.md:23:1
Germanic/docs/lexeme_reports/model_entries/2235-swan-swanes.model.md:26:2	Germanic/docs/lexeme_reports/model_entries/2235-swan-swanes.model.md:26:2	explicit_tag	Germanic/docs/lexeme_reports/model_entries/2235-swan-swanes.model.md:26	\index[iv]{02oe@\ivlangheader{Old English}{West Saxon normalization unmarked}!swan@\iventry{swan}{}}	oe		swan	swan	comparison_form	explicit_tag	Germanic/docs/lexeme_reports/model_entries/2235-swan-swanes.model.md:26	1	Germanic/docs/lexeme_reports/model_entries/2235-swan-swanes.model.md:26:2
Germanic/docs/lexeme_reports/model_entries/2235-swan-swanes.model.md:26:1	Germanic/docs/lexeme_reports/model_entries/2235-swan-swanes.model.md:26:1	explicit_tag	Germanic/docs/lexeme_reports/model_entries/2235-swan-swanes.model.md:26	\index[iv]{03pgmc@\ivlangheader{Proto-Germanic}{}!swanaz@\iventry{*swánaz}{}}	pgmc		*swánaz	swanaz	source_protoform	explicit_tag	Germanic/docs/lexeme_reports/model_entries/2235-swan-swanes.model.md:26	1	Germanic/docs/lexeme_reports/model_entries/2235-swan-swanes.model.md:26:1
Germanic/docs/lexeme_reports/model_entries/2235-swan-swanes.model.md:27:1	Germanic/docs/lexeme_reports/model_entries/2235-swan-swanes.model.md:27:1	explicit_tag	Germanic/docs/lexeme_reports/model_entries/2235-swan-swanes.model.md:27	\index[iv]{03pgmc@\ivlangheader{Proto-Germanic}{}!swanas@\iventry{*swánas}{}}	pgmc		*swánas	swanas	selected_input	explicit_tag	Germanic/docs/lexeme_reports/model_entries/2235-swan-swanes.model.md:27	1	Germanic/docs/lexeme_reports/model_entries/2235-swan-swanes.model.md:27:1
Germanic/docs/lexeme_reports/model_entries/2235-swan-swanes.model.md:27:2	Germanic/docs/lexeme_reports/model_entries/2235-swan-swanes.model.md:27:2	explicit_tag	Germanic/docs/lexeme_reports/model_entries/2235-swan-swanes.model.md:27	\index[iv]{02oe@\ivlangheader{Old English}{West Saxon normalization unmarked}!swanes@\iventry{swanes}{}}	oe		swanes	swanes	target_form	explicit_tag	Germanic/docs/lexeme_reports/model_entries/2235-swan-swanes.model.md:27	1	Germanic/docs/lexeme_reports/model_entries/2235-swan-swanes.model.md:27:2
Germanic/docs/lexeme_reports/model_entries/2235-swan-swanes.model.md:31:1	Germanic/docs/lexeme_reports/model_entries/2235-swan-swanes.model.md:31:1	explicit_tag	Germanic/docs/lexeme_reports/model_entries/2235-swan-swanes.model.md:31	\index[iv]{02oe@\ivlangheader{Old English}{West Saxon normalization unmarked}!swan@\iventry{swan}{}}	oe		swan	swan	comparison_form	explicit_tag	Germanic/docs/lexeme_reports/model_entries/2235-swan-swanes.model.md:31	1	Germanic/docs/lexeme_reports/model_entries/2235-swan-swanes.model.md:31:1
Germanic/docs/lexeme_reports/model_entries/2235-swan-swanes.model.md:32:1	Germanic/docs/lexeme_reports/model_entries/2235-swan-swanes.model.md:32:1	explicit_tag	Germanic/docs/lexeme_reports/model_entries/2235-swan-swanes.model.md:32	\index[iv]{02oe@\ivlangheader{Old English}{West Saxon normalization unmarked}!swanes@\iventry{swanes}{}}	oe		swanes	swanes	target_form	explicit_tag	Germanic/docs/lexeme_reports/model_entries/2235-swan-swanes.model.md:32	1	Germanic/docs/lexeme_reports/model_entries/2235-swan-swanes.model.md:32:1
Germanic/docs/lexeme_reports/model_entries/2235-swan-swanes.model.md:52:2	Germanic/docs/lexeme_reports/model_entries/2235-swan-swanes.model.md:52:2	explicit_tag	Germanic/docs/lexeme_reports/model_entries/2235-swan-swanes.model.md:52	\index[iv]{02oe@\ivlangheader{Old English}{West Saxon normalization unmarked}!swan@\iventry{swan}{}}	oe		swan	swan	comparison_form	explicit_tag	Germanic/docs/lexeme_reports/model_entries/2235-swan-swanes.model.md:52	1	Germanic/docs/lexeme_reports/model_entries/2235-swan-swanes.model.md:52:2
Germanic/docs/lexeme_reports/model_entries/2235-swan-swanes.model.md:52:3	Germanic/docs/lexeme_reports/model_entries/2235-swan-swanes.model.md:52:3	explicit_tag	Germanic/docs/lexeme_reports/model_entries/2235-swan-swanes.model.md:52	\index[iv]{02oe@\ivlangheader{Old English}{West Saxon normalization unmarked}!swan@\iventry{swan}{}}	oe		swan	swan	comparison_form	explicit_tag	Germanic/docs/lexeme_reports/model_entries/2235-swan-swanes.model.md:52	1	Germanic/docs/lexeme_reports/model_entries/2235-swan-swanes.model.md:52:3
Germanic/docs/lexeme_reports/model_entries/2235-swan-swanes.model.md:52:1	Germanic/docs/lexeme_reports/model_entries/2235-swan-swanes.model.md:52:1	explicit_tag	Germanic/docs/lexeme_reports/model_entries/2235-swan-swanes.model.md:52	\index[iv]{03pgmc@\ivlangheader{Proto-Germanic}{}!swanaz@\iventry{*swánaz}{}}	pgmc		*swánaz	swanaz	source_protoform	explicit_tag	Germanic/docs/lexeme_reports/model_entries/2235-swan-swanes.model.md:52	1	Germanic/docs/lexeme_reports/model_entries/2235-swan-swanes.model.md:52:1
Germanic/docs/lexeme_reports/model_entries/2235-swan-swanes.model.md:53:1	Germanic/docs/lexeme_reports/model_entries/2235-swan-swanes.model.md:53:1	explicit_tag	Germanic/docs/lexeme_reports/model_entries/2235-swan-swanes.model.md:53	\index[iv]{03pgmc@\ivlangheader{Proto-Germanic}{}!swanas@\iventry{*swánas}{}}	pgmc		*swánas	swanas	selected_input	explicit_tag	Germanic/docs/lexeme_reports/model_entries/2235-swan-swanes.model.md:53	1	Germanic/docs/lexeme_reports/model_entries/2235-swan-swanes.model.md:53:1
Germanic/docs/lexeme_reports/model_entries/2235-swan-swanes.model.md:53:3	Germanic/docs/lexeme_reports/model_entries/2235-swan-swanes.model.md:53:3	explicit_tag	Germanic/docs/lexeme_reports/model_entries/2235-swan-swanes.model.md:53	\index[iv]{02oe@\ivlangheader{Old English}{West Saxon normalization unmarked}!swanes@\iventry{swanes}{}}	oe		swanes	swanes	target_form	explicit_tag	Germanic/docs/lexeme_reports/model_entries/2235-swan-swanes.model.md:53	1	Germanic/docs/lexeme_reports/model_entries/2235-swan-swanes.model.md:53:3
Germanic/docs/lexeme_reports/model_entries/2238-swine-swīn.model.md:29:1	Germanic/docs/lexeme_reports/model_entries/2238-swine-swīn.model.md:29:1	explicit_tag	Germanic/docs/lexeme_reports/model_entries/2238-swine-swīn.model.md:29	\index[iv]{02oe@\ivlangheader{Old English}{West Saxon normalization unmarked}!swin@\iventry{swīn}{}}	oe		swīn	swin	comparison_form	explicit_tag	Germanic/docs/lexeme_reports/model_entries/2238-swine-swīn.model.md:29	1	Germanic/docs/lexeme_reports/model_entries/2238-swine-swīn.model.md:29:1
Germanic/docs/lexeme_reports/model_entries/2240-tap-tæppa.model.md:22:1	Germanic/docs/lexeme_reports/model_entries/2240-tap-tæppa.model.md:22:1	explicit_tag	Germanic/docs/lexeme_reports/model_entries/2240-tap-tæppa.model.md:22	\index[iv]{02oe@\ivlangheader{Old English}{West Saxon normalization unmarked}!taeppa@\iventry{tæppa}{}}	oe		tæppa	taeppa	target_form	explicit_tag	Germanic/docs/lexeme_reports/model_entries/2240-tap-tæppa.model.md:22	1	Germanic/docs/lexeme_reports/model_entries/2240-tap-tæppa.model.md:22:1
Germanic/docs/lexeme_reports/model_entries/2240-tap-tæppa.model.md:22:2	Germanic/docs/lexeme_reports/model_entries/2240-tap-tæppa.model.md:22:2	explicit_tag	Germanic/docs/lexeme_reports/model_entries/2240-tap-tæppa.model.md:22	\index[iv]{03pgmc@\ivlangheader{Proto-Germanic}{}!tappo@\iventry{*táppô}{}}	pgmc		*táppô	tappo	selected_input	explicit_tag	Germanic/docs/lexeme_reports/model_entries/2240-tap-tæppa.model.md:22	1	Germanic/docs/lexeme_reports/model_entries/2240-tap-tæppa.model.md:22:2
Germanic/docs/lexeme_reports/model_entries/2240-tap-tæppa.model.md:28:1	Germanic/docs/lexeme_reports/model_entries/2240-tap-tæppa.model.md:28:1	explicit_tag	Germanic/docs/lexeme_reports/model_entries/2240-tap-tæppa.model.md:28	\index[iv]{02oe@\ivlangheader{Old English}{West Saxon normalization unmarked}!taeppa@\iventry{tæppa}{}}	oe		tæppa	taeppa	target_form	explicit_tag	Germanic/docs/lexeme_reports/model_entries/2240-tap-tæppa.model.md:28	1	Germanic/docs/lexeme_reports/model_entries/2240-tap-tæppa.model.md:28:1
Germanic/docs/lexeme_reports/model_entries/2240-tap-tæppa.model.md:29:1	Germanic/docs/lexeme_reports/model_entries/2240-tap-tæppa.model.md:29:1	explicit_tag	Germanic/docs/lexeme_reports/model_entries/2240-tap-tæppa.model.md:29	\index[iv]{02oe@\ivlangheader{Old English}{West Saxon normalization unmarked}!taeppa@\iventry{tæppa}{}}	oe		tæppa	taeppa	target_form	explicit_tag	Germanic/docs/lexeme_reports/model_entries/2240-tap-tæppa.model.md:29	1	Germanic/docs/lexeme_reports/model_entries/2240-tap-tæppa.model.md:29:1
Germanic/docs/lexeme_reports/model_entries/2240-tap-tæppa.model.md:35:1	Germanic/docs/lexeme_reports/model_entries/2240-tap-tæppa.model.md:35:1	explicit_tag	Germanic/docs/lexeme_reports/model_entries/2240-tap-tæppa.model.md:35	\index[iv]{03pgmc@\ivlangheader{Proto-Germanic}{}!tappo@\iventry{*táppô}{}}	pgmc		*táppô	tappo	selected_input	explicit_tag	Germanic/docs/lexeme_reports/model_entries/2240-tap-tæppa.model.md:35	1	Germanic/docs/lexeme_reports/model_entries/2240-tap-tæppa.model.md:35:1
Germanic/docs/lexeme_reports/model_entries/2240-tap-tæppa.model.md:36:1	Germanic/docs/lexeme_reports/model_entries/2240-tap-tæppa.model.md:36:1	explicit_tag	Germanic/docs/lexeme_reports/model_entries/2240-tap-tæppa.model.md:36	\index[iv]{02oe@\ivlangheader{Old English}{West Saxon normalization unmarked}!taeppa@\iventry{tæppa}{}}	oe		tæppa	taeppa	target_form	explicit_tag	Germanic/docs/lexeme_reports/model_entries/2240-tap-tæppa.model.md:36	1	Germanic/docs/lexeme_reports/model_entries/2240-tap-tæppa.model.md:36:1
Germanic/docs/lexeme_reports/model_entries/2240-tap-tæppa.model.md:39:1	Germanic/docs/lexeme_reports/model_entries/2240-tap-tæppa.model.md:39:1	explicit_tag	Germanic/docs/lexeme_reports/model_entries/2240-tap-tæppa.model.md:39	\index[iv]{02oe@\ivlangheader{Old English}{West Saxon normalization unmarked}!teppan@\iventry{teppan}{}}	oe		teppan	teppan	comparison_form	explicit_tag	Germanic/docs/lexeme_reports/model_entries/2240-tap-tæppa.model.md:39	1	Germanic/docs/lexeme_reports/model_entries/2240-tap-tæppa.model.md:39:1
Germanic/docs/lexeme_reports/model_entries/2240-tap-tæppa.model.md:40:1	Germanic/docs/lexeme_reports/model_entries/2240-tap-tæppa.model.md:40:1	explicit_tag	Germanic/docs/lexeme_reports/model_entries/2240-tap-tæppa.model.md:40	\index[iv]{02oe@\ivlangheader{Old English}{West Saxon normalization unmarked}!taeppa@\iventry{tæppa}{}}	oe		tæppa	taeppa	target_form	explicit_tag	Germanic/docs/lexeme_reports/model_entries/2240-tap-tæppa.model.md:40	1	Germanic/docs/lexeme_reports/model_entries/2240-tap-tæppa.model.md:40:1
Germanic/docs/lexeme_reports/model_entries/2240-tap-tæppa.model.md:46:1	Germanic/docs/lexeme_reports/model_entries/2240-tap-tæppa.model.md:46:1	explicit_tag	Germanic/docs/lexeme_reports/model_entries/2240-tap-tæppa.model.md:46	\index[iv]{03pgmc@\ivlangheader{Proto-Germanic}{}!tappo@\iventry{*táppô}{}}	pgmc		*táppô	tappo	selected_input	explicit_tag	Germanic/docs/lexeme_reports/model_entries/2240-tap-tæppa.model.md:46	1	Germanic/docs/lexeme_reports/model_entries/2240-tap-tæppa.model.md:46:1
Germanic/docs/lexeme_reports/model_entries/2240-tap-tæppa.model.md:47:1	Germanic/docs/lexeme_reports/model_entries/2240-tap-tæppa.model.md:47:1	explicit_tag	Germanic/docs/lexeme_reports/model_entries/2240-tap-tæppa.model.md:47	\index[iv]{02oe@\ivlangheader{Old English}{West Saxon normalization unmarked}!taeppa@\iventry{tæppa}{}}	oe		tæppa	taeppa	target_form	explicit_tag	Germanic/docs/lexeme_reports/model_entries/2240-tap-tæppa.model.md:47	1	Germanic/docs/lexeme_reports/model_entries/2240-tap-tæppa.model.md:47:1
Germanic/docs/lexeme_reports/model_entries/2240-tap-tæppa.model.md:48:1	Germanic/docs/lexeme_reports/model_entries/2240-tap-tæppa.model.md:48:1	explicit_tag	Germanic/docs/lexeme_reports/model_entries/2240-tap-tæppa.model.md:48	\index[iv]{03pgmc@\ivlangheader{Proto-Germanic}{}!tappjana@\iventry{*táppjaną}{}}	pgmc		*táppjaną	tappjana	comparison_form	explicit_tag	Germanic/docs/lexeme_reports/model_entries/2240-tap-tæppa.model.md:48	1	Germanic/docs/lexeme_reports/model_entries/2240-tap-tæppa.model.md:48:1
Germanic/docs/lexeme_reports/model_entries/2240-tap-tæppa.model.md:48:2	Germanic/docs/lexeme_reports/model_entries/2240-tap-tæppa.model.md:48:2	explicit_tag	Germanic/docs/lexeme_reports/model_entries/2240-tap-tæppa.model.md:48	\index[iv]{02oe@\ivlangheader{Old English}{West Saxon normalization unmarked}!teppan@\iventry{teppan}{}}	oe		teppan	teppan	comparison_form	explicit_tag	Germanic/docs/lexeme_reports/model_entries/2240-tap-tæppa.model.md:48	1	Germanic/docs/lexeme_reports/model_entries/2240-tap-tæppa.model.md:48:2
Germanic/docs/lexeme_reports/model_entries/2250-thistle-þistles.model.md:22:1	Germanic/docs/lexeme_reports/model_entries/2250-thistle-þistles.model.md:22:1	explicit_tag	Germanic/docs/lexeme_reports/model_entries/2250-thistle-þistles.model.md:22	\index[iv]{03pgmc@\ivlangheader{Proto-Germanic}{}!thestilaz@\iventry{*θéstilaz}{}}	pgmc		*θéstilaz	thestilaz	source_protoform	explicit_tag	Germanic/docs/lexeme_reports/model_entries/2250-thistle-þistles.model.md:22	1	Germanic/docs/lexeme_reports/model_entries/2250-thistle-þistles.model.md:22:1
Germanic/docs/lexeme_reports/model_entries/2250-thistle-þistles.model.md:23:1	Germanic/docs/lexeme_reports/model_entries/2250-thistle-þistles.model.md:23:1	explicit_tag	Germanic/docs/lexeme_reports/model_entries/2250-thistle-þistles.model.md:23	\index[iv]{03pgmc@\ivlangheader{Proto-Germanic}{}!thistilas@\iventry{*θístilas}{}}	pgmc		*θístilas	thistilas	selected_input	explicit_tag	Germanic/docs/lexeme_reports/model_entries/2250-thistle-þistles.model.md:23	1	Germanic/docs/lexeme_reports/model_entries/2250-thistle-þistles.model.md:23:1
Germanic/docs/lexeme_reports/model_entries/2250-thistle-þistles.model.md:27:2	Germanic/docs/lexeme_reports/model_entries/2250-thistle-þistles.model.md:27:2	explicit_tag	Germanic/docs/lexeme_reports/model_entries/2250-thistle-þistles.model.md:27	\index[iv]{02oe@\ivlangheader{Old English}{West Saxon normalization unmarked}!thistel@\iventry{ðistel}{}}	oe		ðistel	thistel	comparison_form	explicit_tag	Germanic/docs/lexeme_reports/model_entries/2250-thistle-þistles.model.md:27	1	Germanic/docs/lexeme_reports/model_entries/2250-thistle-þistles.model.md:27:2
Germanic/docs/lexeme_reports/model_entries/2250-thistle-þistles.model.md:27:1	Germanic/docs/lexeme_reports/model_entries/2250-thistle-þistles.model.md:27:1	explicit_tag	Germanic/docs/lexeme_reports/model_entries/2250-thistle-þistles.model.md:27	\index[iv]{02oe@\ivlangheader{Old English}{West Saxon normalization unmarked}!thistel@\iventry{þistel}{}}	oe		þistel	thistel	comparison_form	explicit_tag	Germanic/docs/lexeme_reports/model_entries/2250-thistle-þistles.model.md:27	1	Germanic/docs/lexeme_reports/model_entries/2250-thistle-þistles.model.md:27:1
Germanic/docs/lexeme_reports/model_entries/2250-thistle-þistles.model.md:28:1	Germanic/docs/lexeme_reports/model_entries/2250-thistle-þistles.model.md:28:1	explicit_tag	Germanic/docs/lexeme_reports/model_entries/2250-thistle-þistles.model.md:28	\index[iv]{02oe@\ivlangheader{Old English}{West Saxon normalization unmarked}!thistel@\iventry{ðistel}{}}	oe		ðistel	thistel	comparison_form	explicit_tag	Germanic/docs/lexeme_reports/model_entries/2250-thistle-þistles.model.md:28	1	Germanic/docs/lexeme_reports/model_entries/2250-thistle-þistles.model.md:28:1
Germanic/docs/lexeme_reports/model_entries/2250-thistle-þistles.model.md:29:1	Germanic/docs/lexeme_reports/model_entries/2250-thistle-þistles.model.md:29:1	explicit_tag	Germanic/docs/lexeme_reports/model_entries/2250-thistle-þistles.model.md:29	\index[iv]{02oe@\ivlangheader{Old English}{West Saxon normalization unmarked}!thistles@\iventry{þistles}{}}	oe		þistles	thistles	target_form	explicit_tag	Germanic/docs/lexeme_reports/model_entries/2250-thistle-þistles.model.md:29	1	Germanic/docs/lexeme_reports/model_entries/2250-thistle-þistles.model.md:29:1
Germanic/docs/lexeme_reports/model_entries/2250-thistle-þistles.model.md:37:3	Germanic/docs/lexeme_reports/model_entries/2250-thistle-þistles.model.md:37:3	explicit_tag	Germanic/docs/lexeme_reports/model_entries/2250-thistle-þistles.model.md:37	\index[iv]{02oe@\ivlangheader{Old English}{West Saxon normalization unmarked}!botm@\iventry{botm}{}}	oe		botm	botm	comparison_form	explicit_tag	Germanic/docs/lexeme_reports/model_entries/2250-thistle-þistles.model.md:37	1	Germanic/docs/lexeme_reports/model_entries/2250-thistle-þistles.model.md:37:3
Germanic/docs/lexeme_reports/model_entries/2250-thistle-þistles.model.md:37:1	Germanic/docs/lexeme_reports/model_entries/2250-thistle-þistles.model.md:37:1	explicit_tag	Germanic/docs/lexeme_reports/model_entries/2250-thistle-þistles.model.md:37	\index[iv]{02oe@\ivlangheader{Old English}{West Saxon normalization unmarked}!tacn@\iventry{tacn}{}}	oe		tacn	tacn	comparison_form	explicit_tag	Germanic/docs/lexeme_reports/model_entries/2250-thistle-þistles.model.md:37	1	Germanic/docs/lexeme_reports/model_entries/2250-thistle-þistles.model.md:37:1
Germanic/docs/lexeme_reports/model_entries/2250-thistle-þistles.model.md:37:2	Germanic/docs/lexeme_reports/model_entries/2250-thistle-þistles.model.md:37:2	explicit_tag	Germanic/docs/lexeme_reports/model_entries/2250-thistle-þistles.model.md:37	\index[iv]{02oe@\ivlangheader{Old English}{West Saxon normalization unmarked}!wépn@\iventry{wépn}{}}	oe		wépn	wépn	comparison_form	explicit_tag	Germanic/docs/lexeme_reports/model_entries/2250-thistle-þistles.model.md:37	1	Germanic/docs/lexeme_reports/model_entries/2250-thistle-þistles.model.md:37:2
Germanic/docs/lexeme_reports/model_entries/2250-thistle-þistles.model.md:38:1	Germanic/docs/lexeme_reports/model_entries/2250-thistle-þistles.model.md:38:1	explicit_tag	Germanic/docs/lexeme_reports/model_entries/2250-thistle-þistles.model.md:38	\index[iv]{03pgmc@\ivlangheader{Proto-Germanic}{}!thistilas@\iventry{*θístilas}{}}	pgmc		*θístilas	thistilas	selected_input	explicit_tag	Germanic/docs/lexeme_reports/model_entries/2250-thistle-þistles.model.md:38	1	Germanic/docs/lexeme_reports/model_entries/2250-thistle-þistles.model.md:38:1
Germanic/docs/lexeme_reports/model_entries/2250-thistle-þistles.model.md:41:1	Germanic/docs/lexeme_reports/model_entries/2250-thistle-þistles.model.md:41:1	explicit_tag	Germanic/docs/lexeme_reports/model_entries/2250-thistle-þistles.model.md:41	\index[iv]{02oe@\ivlangheader{Old English}{West Saxon normalization unmarked}!thistel@\iventry{þistel}{}}	oe		þistel	thistel	comparison_form	explicit_tag	Germanic/docs/lexeme_reports/model_entries/2250-thistle-þistles.model.md:41	1	Germanic/docs/lexeme_reports/model_entries/2250-thistle-þistles.model.md:41:1
Germanic/docs/lexeme_reports/model_entries/2250-thistle-þistles.model.md:50:1	Germanic/docs/lexeme_reports/model_entries/2250-thistle-þistles.model.md:50:1	explicit_tag	Germanic/docs/lexeme_reports/model_entries/2250-thistle-þistles.model.md:50	\index[iv]{03pgmc@\ivlangheader{Proto-Germanic}{}!thestilaz@\iventry{*θéstilaz}{}}	pgmc		*θéstilaz	thestilaz	source_protoform	explicit_tag	Germanic/docs/lexeme_reports/model_entries/2250-thistle-þistles.model.md:50	1	Germanic/docs/lexeme_reports/model_entries/2250-thistle-þistles.model.md:50:1
Germanic/docs/lexeme_reports/model_entries/2250-thistle-þistles.model.md:50:3	Germanic/docs/lexeme_reports/model_entries/2250-thistle-þistles.model.md:50:3	explicit_tag	Germanic/docs/lexeme_reports/model_entries/2250-thistle-þistles.model.md:50	\index[iv]{02oe@\ivlangheader{Old English}{West Saxon normalization unmarked}!thistel@\iventry{þistel}{}}	oe		þistel	thistel	comparison_form	explicit_tag	Germanic/docs/lexeme_reports/model_entries/2250-thistle-þistles.model.md:50	1	Germanic/docs/lexeme_reports/model_entries/2250-thistle-þistles.model.md:50:3
Germanic/docs/lexeme_reports/model_entries/2250-thistle-þistles.model.md:51:1	Germanic/docs/lexeme_reports/model_entries/2250-thistle-þistles.model.md:51:1	explicit_tag	Germanic/docs/lexeme_reports/model_entries/2250-thistle-þistles.model.md:51	\index[iv]{03pgmc@\ivlangheader{Proto-Germanic}{}!thistilas@\iventry{*θístilas}{}}	pgmc		*θístilas	thistilas	selected_input	explicit_tag	Germanic/docs/lexeme_reports/model_entries/2250-thistle-þistles.model.md:51	1	Germanic/docs/lexeme_reports/model_entries/2250-thistle-þistles.model.md:51:1
Germanic/docs/lexeme_reports/model_entries/2250-thistle-þistles.model.md:51:3	Germanic/docs/lexeme_reports/model_entries/2250-thistle-þistles.model.md:51:3	explicit_tag	Germanic/docs/lexeme_reports/model_entries/2250-thistle-þistles.model.md:51	\index[iv]{02oe@\ivlangheader{Old English}{West Saxon normalization unmarked}!thistles@\iventry{þistles}{}}	oe		þistles	thistles	target_form	explicit_tag	Germanic/docs/lexeme_reports/model_entries/2250-thistle-þistles.model.md:51	1	Germanic/docs/lexeme_reports/model_entries/2250-thistle-þistles.model.md:51:3
Germanic/docs/lexeme_reports/model_entries/2252-thousand-þūsend.model.md:21:1	Germanic/docs/lexeme_reports/model_entries/2252-thousand-þūsend.model.md:21:1	explicit_tag	Germanic/docs/lexeme_reports/model_entries/2252-thousand-þūsend.model.md:21	\index[iv]{03pgmc@\ivlangheader{Proto-Germanic}{}!thusundi@\iventry{*þūsundī-}{}}	pgmc		*þūsundī-	thusundi	source_protoform	explicit_tag	Germanic/docs/lexeme_reports/model_entries/2252-thousand-þūsend.model.md:21	1	Germanic/docs/lexeme_reports/model_entries/2252-thousand-þūsend.model.md:21:1
Germanic/docs/lexeme_reports/model_entries/2252-thousand-þūsend.model.md:22:1	Germanic/docs/lexeme_reports/model_entries/2252-thousand-þūsend.model.md:22:1	explicit_tag	Germanic/docs/lexeme_reports/model_entries/2252-thousand-þūsend.model.md:22	\index[iv]{02oe@\ivlangheader{Old English}{West Saxon normalization unmarked}!thusend@\iventry{þūsend}{}}	oe		þūsend	thusend	target_form	explicit_tag	Germanic/docs/lexeme_reports/model_entries/2252-thousand-þūsend.model.md:22	1	Germanic/docs/lexeme_reports/model_entries/2252-thousand-þūsend.model.md:22:1
Germanic/docs/lexeme_reports/model_entries/2252-thousand-þūsend.model.md:23:1	Germanic/docs/lexeme_reports/model_entries/2252-thousand-þūsend.model.md:23:1	explicit_tag	Germanic/docs/lexeme_reports/model_entries/2252-thousand-þūsend.model.md:23	\index[iv]{03pgmc@\ivlangheader{Proto-Germanic}{}!thusendi@\iventry{*θūs-èndi}{}}	pgmc		*θūs-èndi	thusendi	selected_input	explicit_tag	Germanic/docs/lexeme_reports/model_entries/2252-thousand-þūsend.model.md:23	1	Germanic/docs/lexeme_reports/model_entries/2252-thousand-þūsend.model.md:23:1
Germanic/docs/lexeme_reports/model_entries/2252-thousand-þūsend.model.md:28:1	Germanic/docs/lexeme_reports/model_entries/2252-thousand-þūsend.model.md:28:1	explicit_tag	Germanic/docs/lexeme_reports/model_entries/2252-thousand-þūsend.model.md:28	\index[iv]{02oe@\ivlangheader{Old English}{West Saxon normalization unmarked}!thusend@\iventry{þūsend}{}}	oe		þūsend	thusend	target_form	explicit_tag	Germanic/docs/lexeme_reports/model_entries/2252-thousand-þūsend.model.md:28	1	Germanic/docs/lexeme_reports/model_entries/2252-thousand-þūsend.model.md:28:1
Germanic/docs/lexeme_reports/model_entries/2252-thousand-þūsend.model.md:42:1	Germanic/docs/lexeme_reports/model_entries/2252-thousand-þūsend.model.md:42:1	explicit_tag	Germanic/docs/lexeme_reports/model_entries/2252-thousand-þūsend.model.md:42	\index[iv]{02oe@\ivlangheader{Old English}{West Saxon normalization unmarked}!thysend@\iventry{*þȳsend}{}}	oe		*þȳsend	thysend	comparison_form	explicit_tag	Germanic/docs/lexeme_reports/model_entries/2252-thousand-þūsend.model.md:42	1	Germanic/docs/lexeme_reports/model_entries/2252-thousand-þūsend.model.md:42:1
Germanic/docs/lexeme_reports/model_entries/2252-thousand-þūsend.model.md:43:1	Germanic/docs/lexeme_reports/model_entries/2252-thousand-þūsend.model.md:43:1	explicit_tag	Germanic/docs/lexeme_reports/model_entries/2252-thousand-þūsend.model.md:43	\index[iv]{02oe@\ivlangheader{Old English}{West Saxon normalization unmarked}!thusend@\iventry{þūsend}{}}	oe		þūsend	thusend	target_form	explicit_tag	Germanic/docs/lexeme_reports/model_entries/2252-thousand-þūsend.model.md:43	1	Germanic/docs/lexeme_reports/model_entries/2252-thousand-þūsend.model.md:43:1
Germanic/docs/lexeme_reports/model_entries/2252-thousand-þūsend.model.md:49:1	Germanic/docs/lexeme_reports/model_entries/2252-thousand-þūsend.model.md:49:1	explicit_tag	Germanic/docs/lexeme_reports/model_entries/2252-thousand-þūsend.model.md:49	\index[iv]{02oe@\ivlangheader{Old English}{West Saxon normalization unmarked}!aerende@\iventry{ærende}{}}	oe		ærende	aerende	comparison_form	explicit_tag	Germanic/docs/lexeme_reports/model_entries/2252-thousand-þūsend.model.md:49	1	Germanic/docs/lexeme_reports/model_entries/2252-thousand-þūsend.model.md:49:1
Germanic/docs/lexeme_reports/model_entries/2252-thousand-þūsend.model.md:56:1	Germanic/docs/lexeme_reports/model_entries/2252-thousand-þūsend.model.md:56:1	explicit_tag	Germanic/docs/lexeme_reports/model_entries/2252-thousand-þūsend.model.md:56	\index[iv]{03pgmc@\ivlangheader{Proto-Germanic}{}!thusendi@\iventry{*θūs-èndi}{}}	pgmc		*θūs-èndi	thusendi	selected_input	explicit_tag	Germanic/docs/lexeme_reports/model_entries/2252-thousand-þūsend.model.md:56	1	Germanic/docs/lexeme_reports/model_entries/2252-thousand-þūsend.model.md:56:1
Germanic/docs/lexeme_reports/model_entries/2252-thousand-þūsend.model.md:66:1	Germanic/docs/lexeme_reports/model_entries/2252-thousand-þūsend.model.md:66:1	explicit_tag	Germanic/docs/lexeme_reports/model_entries/2252-thousand-þūsend.model.md:66	\index[iv]{03pgmc@\ivlangheader{Proto-Germanic}{}!thusundi@\iventry{*þūsundī-}{}}	pgmc		*þūsundī-	thusundi	source_protoform	explicit_tag	Germanic/docs/lexeme_reports/model_entries/2252-thousand-þūsend.model.md:66	1	Germanic/docs/lexeme_reports/model_entries/2252-thousand-þūsend.model.md:66:1
Germanic/docs/lexeme_reports/model_entries/2252-thousand-þūsend.model.md:66:2	Germanic/docs/lexeme_reports/model_entries/2252-thousand-þūsend.model.md:66:2	explicit_tag	Germanic/docs/lexeme_reports/model_entries/2252-thousand-þūsend.model.md:66	\index[iv]{02oe@\ivlangheader{Old English}{West Saxon normalization unmarked}!thysend@\iventry{*þȳsend}{}}	oe		*þȳsend	thysend	comparison_form	explicit_tag	Germanic/docs/lexeme_reports/model_entries/2252-thousand-þūsend.model.md:66	1	Germanic/docs/lexeme_reports/model_entries/2252-thousand-þūsend.model.md:66:2
Germanic/docs/lexeme_reports/model_entries/2252-thousand-þūsend.model.md:68:1	Germanic/docs/lexeme_reports/model_entries/2252-thousand-þūsend.model.md:68:1	explicit_tag	Germanic/docs/lexeme_reports/model_entries/2252-thousand-þūsend.model.md:68	\index[iv]{03pgmc@\ivlangheader{Proto-Germanic}{}!thusendi@\iventry{*θūs-èndi}{}}	pgmc		*θūs-èndi	thusendi	selected_input	explicit_tag	Germanic/docs/lexeme_reports/model_entries/2252-thousand-þūsend.model.md:68	1	Germanic/docs/lexeme_reports/model_entries/2252-thousand-þūsend.model.md:68:1
Germanic/docs/lexeme_reports/model_entries/2254-three-þrīe.model.md:23:1	Germanic/docs/lexeme_reports/model_entries/2254-three-þrīe.model.md:23:1	explicit_tag	Germanic/docs/lexeme_reports/model_entries/2254-three-þrīe.model.md:23	\index[iv]{03pgmc@\ivlangheader{Proto-Germanic}{}!threjez@\iventry{*θréjez}{}}	pgmc		*θréjez	threjez	selected_input	explicit_tag	Germanic/docs/lexeme_reports/model_entries/2254-three-þrīe.model.md:23	1	Germanic/docs/lexeme_reports/model_entries/2254-three-þrīe.model.md:23:1
Germanic/docs/lexeme_reports/model_entries/2254-three-þrīe.model.md:33:1	Germanic/docs/lexeme_reports/model_entries/2254-three-þrīe.model.md:33:1	explicit_tag	Germanic/docs/lexeme_reports/model_entries/2254-three-þrīe.model.md:33	\index[iv]{02oe@\ivlangheader{Old English}{West Saxon normalization unmarked}!thrie@\iventry{þrīe}{}}	oe		þrīe	thrie	target_form	explicit_tag	Germanic/docs/lexeme_reports/model_entries/2254-three-þrīe.model.md:33	1	Germanic/docs/lexeme_reports/model_entries/2254-three-þrīe.model.md:33:1
Germanic/docs/lexeme_reports/model_entries/2254-three-þrīe.model.md:34:1	Germanic/docs/lexeme_reports/model_entries/2254-three-þrīe.model.md:34:1	explicit_tag	Germanic/docs/lexeme_reports/model_entries/2254-three-þrīe.model.md:34	\index[iv]{02oe@\ivlangheader{Old English}{West Saxon normalization unmarked}!threo@\iventry{þrēo}{}}	oe		þrēo	threo	comparison_form	explicit_tag	Germanic/docs/lexeme_reports/model_entries/2254-three-þrīe.model.md:34	1	Germanic/docs/lexeme_reports/model_entries/2254-three-þrīe.model.md:34:1
Germanic/docs/lexeme_reports/model_entries/2254-three-þrīe.model.md:34:2	Germanic/docs/lexeme_reports/model_entries/2254-three-þrīe.model.md:34:2	explicit_tag	Germanic/docs/lexeme_reports/model_entries/2254-three-þrīe.model.md:34	\index[iv]{02oe@\ivlangheader{Old English}{West Saxon normalization unmarked}!threora@\iventry{þrēora}{}}	oe		þrēora	threora	comparison_form	explicit_tag	Germanic/docs/lexeme_reports/model_entries/2254-three-þrīe.model.md:34	1	Germanic/docs/lexeme_reports/model_entries/2254-three-þrīe.model.md:34:2
Germanic/docs/lexeme_reports/model_entries/2254-three-þrīe.model.md:35:1	Germanic/docs/lexeme_reports/model_entries/2254-three-þrīe.model.md:35:1	explicit_tag	Germanic/docs/lexeme_reports/model_entries/2254-three-þrīe.model.md:35	\index[iv]{02oe@\ivlangheader{Old English}{West Saxon normalization unmarked}!thrim@\iventry{þrim}{}}	oe		þrim	thrim	comparison_form	explicit_tag	Germanic/docs/lexeme_reports/model_entries/2254-three-þrīe.model.md:35	1	Germanic/docs/lexeme_reports/model_entries/2254-three-þrīe.model.md:35:1
Germanic/docs/lexeme_reports/model_entries/2254-three-þrīe.model.md:36:1	Germanic/docs/lexeme_reports/model_entries/2254-three-þrīe.model.md:36:1	explicit_tag	Germanic/docs/lexeme_reports/model_entries/2254-three-þrīe.model.md:36	\index[iv]{02oe@\ivlangheader{Old English}{West Saxon normalization unmarked}!thrie@\iventry{þrīe}{}}	oe		þrīe	thrie	target_form	explicit_tag	Germanic/docs/lexeme_reports/model_entries/2254-three-þrīe.model.md:36	1	Germanic/docs/lexeme_reports/model_entries/2254-three-þrīe.model.md:36:1
Germanic/docs/lexeme_reports/model_entries/2254-three-þrīe.model.md:40:1	Germanic/docs/lexeme_reports/model_entries/2254-three-þrīe.model.md:40:1	explicit_tag	Germanic/docs/lexeme_reports/model_entries/2254-three-þrīe.model.md:40	\index[iv]{02oe@\ivlangheader{Old English}{West Saxon normalization unmarked}!thrie@\iventry{þrīe}{}}	oe		þrīe	thrie	target_form	explicit_tag	Germanic/docs/lexeme_reports/model_entries/2254-three-þrīe.model.md:40	1	Germanic/docs/lexeme_reports/model_entries/2254-three-þrīe.model.md:40:1
Germanic/docs/lexeme_reports/model_entries/2254-three-þrīe.model.md:54:1	Germanic/docs/lexeme_reports/model_entries/2254-three-þrīe.model.md:54:1	explicit_tag	Germanic/docs/lexeme_reports/model_entries/2254-three-þrīe.model.md:54	\index[iv]{02oe@\ivlangheader{Old English}{West Saxon normalization unmarked}!thrie@\iventry{þrīe}{}}	oe		þrīe	thrie	target_form	explicit_tag	Germanic/docs/lexeme_reports/model_entries/2254-three-þrīe.model.md:54	1	Germanic/docs/lexeme_reports/model_entries/2254-three-þrīe.model.md:54:1
Germanic/docs/lexeme_reports/model_entries/2254-three-þrīe.model.md:56:1	Germanic/docs/lexeme_reports/model_entries/2254-three-þrīe.model.md:56:1	explicit_tag	Germanic/docs/lexeme_reports/model_entries/2254-three-þrīe.model.md:56	\index[iv]{02oe@\ivlangheader{Old English}{West Saxon normalization unmarked}!threo@\iventry{þrēo}{}}	oe		þrēo	threo	comparison_form	explicit_tag	Germanic/docs/lexeme_reports/model_entries/2254-three-þrīe.model.md:56	1	Germanic/docs/lexeme_reports/model_entries/2254-three-þrīe.model.md:56:1
Germanic/docs/lexeme_reports/model_entries/2254-three-þrīe.model.md:57:1	Germanic/docs/lexeme_reports/model_entries/2254-three-þrīe.model.md:57:1	explicit_tag	Germanic/docs/lexeme_reports/model_entries/2254-three-þrīe.model.md:57	\index[iv]{02oe@\ivlangheader{Old English}{West Saxon normalization unmarked}!threora@\iventry{þrēora}{}}	oe		þrēora	threora	comparison_form	explicit_tag	Germanic/docs/lexeme_reports/model_entries/2254-three-þrīe.model.md:57	1	Germanic/docs/lexeme_reports/model_entries/2254-three-þrīe.model.md:57:1
Germanic/docs/lexeme_reports/model_entries/2254-three-þrīe.model.md:57:2	Germanic/docs/lexeme_reports/model_entries/2254-three-þrīe.model.md:57:2	explicit_tag	Germanic/docs/lexeme_reports/model_entries/2254-three-þrīe.model.md:57	\index[iv]{02oe@\ivlangheader{Old English}{West Saxon normalization unmarked}!thrim@\iventry{þrim}{}}	oe		þrim	thrim	comparison_form	explicit_tag	Germanic/docs/lexeme_reports/model_entries/2254-three-þrīe.model.md:57	1	Germanic/docs/lexeme_reports/model_entries/2254-three-þrīe.model.md:57:2
Germanic/docs/lexeme_reports/model_entries/2258-timber-timber.model.md:21:1	Germanic/docs/lexeme_reports/model_entries/2258-timber-timber.model.md:21:1	explicit_tag	Germanic/docs/lexeme_reports/model_entries/2258-timber-timber.model.md:21	\index[iv]{03pgmc@\ivlangheader{Proto-Germanic}{}!timbra@\iventry{*timbra-}{}}	pgmc		*timbra-	timbra	source_protoform	explicit_tag	Germanic/docs/lexeme_reports/model_entries/2258-timber-timber.model.md:21	1	Germanic/docs/lexeme_reports/model_entries/2258-timber-timber.model.md:21:1
Germanic/docs/lexeme_reports/model_entries/2258-timber-timber.model.md:22:1	Germanic/docs/lexeme_reports/model_entries/2258-timber-timber.model.md:22:1	explicit_tag	Germanic/docs/lexeme_reports/model_entries/2258-timber-timber.model.md:22	\index[iv]{02oe@\ivlangheader{Old English}{West Saxon normalization unmarked}!timber@\iventry{timber}{}}	oe		timber	timber	target_form	explicit_tag	Germanic/docs/lexeme_reports/model_entries/2258-timber-timber.model.md:22	1	Germanic/docs/lexeme_reports/model_entries/2258-timber-timber.model.md:22:1
Germanic/docs/lexeme_reports/model_entries/2258-timber-timber.model.md:24:2	Germanic/docs/lexeme_reports/model_entries/2258-timber-timber.model.md:24:2	explicit_tag	Germanic/docs/lexeme_reports/model_entries/2258-timber-timber.model.md:24	\index[iv]{02oe@\ivlangheader{Old English}{West Saxon normalization unmarked}!timber@\iventry{timber}{}}	oe		timber	timber	target_form	explicit_tag	Germanic/docs/lexeme_reports/model_entries/2258-timber-timber.model.md:24	1	Germanic/docs/lexeme_reports/model_entries/2258-timber-timber.model.md:24:2
Germanic/docs/lexeme_reports/model_entries/2258-timber-timber.model.md:24:1	Germanic/docs/lexeme_reports/model_entries/2258-timber-timber.model.md:24:1	explicit_tag	Germanic/docs/lexeme_reports/model_entries/2258-timber-timber.model.md:24	\index[iv]{05pwgmc@\ivlangheader{Proto-West Germanic}{}!timbr@\iventry{*timbr}{}}	pwgmc		*timbr	timbr	comparison_form	explicit_tag	Germanic/docs/lexeme_reports/model_entries/2258-timber-timber.model.md:24	1	Germanic/docs/lexeme_reports/model_entries/2258-timber-timber.model.md:24:1
Germanic/docs/lexeme_reports/model_entries/2258-timber-timber.model.md:32:1	Germanic/docs/lexeme_reports/model_entries/2258-timber-timber.model.md:32:1	explicit_tag	Germanic/docs/lexeme_reports/model_entries/2258-timber-timber.model.md:32	\index[iv]{02oe@\ivlangheader{Old English}{West Saxon normalization unmarked}!timber@\iventry{timber}{}}	oe		timber	timber	target_form	explicit_tag	Germanic/docs/lexeme_reports/model_entries/2258-timber-timber.model.md:32	1	Germanic/docs/lexeme_reports/model_entries/2258-timber-timber.model.md:32:1
Germanic/docs/lexeme_reports/model_entries/2258-timber-timber.model.md:32:2	Germanic/docs/lexeme_reports/model_entries/2258-timber-timber.model.md:32:2	explicit_tag	Germanic/docs/lexeme_reports/model_entries/2258-timber-timber.model.md:32	\index[iv]{02oe@\ivlangheader{Old English}{West Saxon normalization unmarked}!timbor@\iventry{timbor}{}}	oe		timbor	timbor	comparison_form	explicit_tag	Germanic/docs/lexeme_reports/model_entries/2258-timber-timber.model.md:32	1	Germanic/docs/lexeme_reports/model_entries/2258-timber-timber.model.md:32:2
Germanic/docs/lexeme_reports/model_entries/2258-timber-timber.model.md:47:2	Germanic/docs/lexeme_reports/model_entries/2258-timber-timber.model.md:47:2	explicit_tag	Germanic/docs/lexeme_reports/model_entries/2258-timber-timber.model.md:47	\index[iv]{02oe@\ivlangheader{Old English}{West Saxon normalization unmarked}!timber@\iventry{timber}{}}	oe		timber	timber	target_form	explicit_tag	Germanic/docs/lexeme_reports/model_entries/2258-timber-timber.model.md:47	1	Germanic/docs/lexeme_reports/model_entries/2258-timber-timber.model.md:47:2
Germanic/docs/lexeme_reports/model_entries/2258-timber-timber.model.md:47:1	Germanic/docs/lexeme_reports/model_entries/2258-timber-timber.model.md:47:1	explicit_tag	Germanic/docs/lexeme_reports/model_entries/2258-timber-timber.model.md:47	\index[iv]{03pgmc@\ivlangheader{Proto-Germanic}{}!timbra@\iventry{*timbra-}{}}	pgmc		*timbra-	timbra	source_protoform	explicit_tag	Germanic/docs/lexeme_reports/model_entries/2258-timber-timber.model.md:47	1	Germanic/docs/lexeme_reports/model_entries/2258-timber-timber.model.md:47:1
Germanic/docs/lexeme_reports/model_entries/2258-timber-timber.model.md:48:2	Germanic/docs/lexeme_reports/model_entries/2258-timber-timber.model.md:48:2	explicit_tag	Germanic/docs/lexeme_reports/model_entries/2258-timber-timber.model.md:48	\index[iv]{05pwgmc@\ivlangheader{Proto-West Germanic}{}!timbr@\iventry{*timbr}{}}	pwgmc		*timbr	timbr	comparison_form	explicit_tag	Germanic/docs/lexeme_reports/model_entries/2258-timber-timber.model.md:48	1	Germanic/docs/lexeme_reports/model_entries/2258-timber-timber.model.md:48:2
Germanic/docs/lexeme_reports/model_entries/2258-timber-timber.model.md:48:1	Germanic/docs/lexeme_reports/model_entries/2258-timber-timber.model.md:48:1	explicit_tag	Germanic/docs/lexeme_reports/model_entries/2258-timber-timber.model.md:48	\index[iv]{03pgmc@\ivlangheader{Proto-Germanic}{}!timra@\iventry{*timra}{}}	pgmc		*timra	timra	source_protoform	explicit_tag	Germanic/docs/lexeme_reports/model_entries/2258-timber-timber.model.md:48	1	Germanic/docs/lexeme_reports/model_entries/2258-timber-timber.model.md:48:1
Germanic/docs/lexeme_reports/model_entries/2258-timber-timber.model.md:49:1	Germanic/docs/lexeme_reports/model_entries/2258-timber-timber.model.md:49:1	explicit_tag	Germanic/docs/lexeme_reports/model_entries/2258-timber-timber.model.md:49	\index[iv]{03pgmc@\ivlangheader{Proto-Germanic}{}!timbra@\iventry{*tímbrą}{}}	pgmc		*tímbrą	timbra	selected_input	explicit_tag	Germanic/docs/lexeme_reports/model_entries/2258-timber-timber.model.md:49	1	Germanic/docs/lexeme_reports/model_entries/2258-timber-timber.model.md:49:1
Germanic/docs/lexeme_reports/model_entries/2266-wade-wadan.model.md:21:1	Germanic/docs/lexeme_reports/model_entries/2266-wade-wadan.model.md:21:1	explicit_tag	Germanic/docs/lexeme_reports/model_entries/2266-wade-wadan.model.md:21	\index[iv]{02oe@\ivlangheader{Old English}{West Saxon normalization unmarked}!wadan@\iventry{wadan}{}}	oe		wadan	wadan	comparison_form	explicit_tag	Germanic/docs/lexeme_reports/model_entries/2266-wade-wadan.model.md:21	1	Germanic/docs/lexeme_reports/model_entries/2266-wade-wadan.model.md:21:1
Germanic/docs/lexeme_reports/model_entries/2266-wade-wadan.model.md:25:1	Germanic/docs/lexeme_reports/model_entries/2266-wade-wadan.model.md:25:1	explicit_tag	Germanic/docs/lexeme_reports/model_entries/2266-wade-wadan.model.md:25	\index[iv]{02oe@\ivlangheader{Old English}{West Saxon normalization unmarked}!wadan@\iventry{wadan}{}}	oe		wadan	wadan	comparison_form	explicit_tag	Germanic/docs/lexeme_reports/model_entries/2266-wade-wadan.model.md:25	1	Germanic/docs/lexeme_reports/model_entries/2266-wade-wadan.model.md:25:1
Germanic/docs/lexeme_reports/model_entries/2266-wade-wadan.model.md:29:1	Germanic/docs/lexeme_reports/model_entries/2266-wade-wadan.model.md:29:1	explicit_tag	Germanic/docs/lexeme_reports/model_entries/2266-wade-wadan.model.md:29	\index[iv]{02oe@\ivlangheader{Old English}{West Saxon normalization unmarked}!wadan@\iventry{wadan}{}}	oe		wadan	wadan	comparison_form	explicit_tag	Germanic/docs/lexeme_reports/model_entries/2266-wade-wadan.model.md:29	1	Germanic/docs/lexeme_reports/model_entries/2266-wade-wadan.model.md:29:1
Germanic/docs/lexeme_reports/model_entries/2268-wake-wacan.model.md:22:1	Germanic/docs/lexeme_reports/model_entries/2268-wake-wacan.model.md:22:1	explicit_tag	Germanic/docs/lexeme_reports/model_entries/2268-wake-wacan.model.md:22	\index[iv]{02oe@\ivlangheader{Old English}{West Saxon normalization unmarked}!wacan@\iventry{wacan}{}}	oe		wacan	wacan	target_form	explicit_tag	Germanic/docs/lexeme_reports/model_entries/2268-wake-wacan.model.md:22	1	Germanic/docs/lexeme_reports/model_entries/2268-wake-wacan.model.md:22:1
Germanic/docs/lexeme_reports/model_entries/2268-wake-wacan.model.md:23:1	Germanic/docs/lexeme_reports/model_entries/2268-wake-wacan.model.md:23:1	explicit_tag	Germanic/docs/lexeme_reports/model_entries/2268-wake-wacan.model.md:23	\index[iv]{02oe@\ivlangheader{Old English}{West Saxon normalization unmarked}!wacian@\iventry{wacian}{}}	oe		wacian	wacian	comparison_form	explicit_tag	Germanic/docs/lexeme_reports/model_entries/2268-wake-wacan.model.md:23	1	Germanic/docs/lexeme_reports/model_entries/2268-wake-wacan.model.md:23:1
Germanic/docs/lexeme_reports/model_entries/2268-wake-wacan.model.md:26:1	Germanic/docs/lexeme_reports/model_entries/2268-wake-wacan.model.md:26:1	explicit_tag	Germanic/docs/lexeme_reports/model_entries/2268-wake-wacan.model.md:26	\index[iv]{02oe@\ivlangheader{Old English}{West Saxon normalization unmarked}!wacan@\iventry{wacan}{}}	oe		wacan	wacan	target_form	explicit_tag	Germanic/docs/lexeme_reports/model_entries/2268-wake-wacan.model.md:26	1	Germanic/docs/lexeme_reports/model_entries/2268-wake-wacan.model.md:26:1
Germanic/docs/lexeme_reports/model_entries/2268-wake-wacan.model.md:26:2	Germanic/docs/lexeme_reports/model_entries/2268-wake-wacan.model.md:26:2	explicit_tag	Germanic/docs/lexeme_reports/model_entries/2268-wake-wacan.model.md:26	\index[iv]{02oe@\ivlangheader{Old English}{West Saxon normalization unmarked}!wacian@\iventry{wacian}{}}	oe		wacian	wacian	comparison_form	explicit_tag	Germanic/docs/lexeme_reports/model_entries/2268-wake-wacan.model.md:26	1	Germanic/docs/lexeme_reports/model_entries/2268-wake-wacan.model.md:26:2
Germanic/docs/lexeme_reports/model_entries/2268-wake-wacan.model.md:31:1	Germanic/docs/lexeme_reports/model_entries/2268-wake-wacan.model.md:31:1	explicit_tag	Germanic/docs/lexeme_reports/model_entries/2268-wake-wacan.model.md:31	\index[iv]{02oe@\ivlangheader{Old English}{West Saxon normalization unmarked}!wacan@\iventry{wacan}{}}	oe		wacan	wacan	target_form	explicit_tag	Germanic/docs/lexeme_reports/model_entries/2268-wake-wacan.model.md:31	1	Germanic/docs/lexeme_reports/model_entries/2268-wake-wacan.model.md:31:1
Germanic/docs/lexeme_reports/model_entries/2268-wake-wacan.model.md:31:2	Germanic/docs/lexeme_reports/model_entries/2268-wake-wacan.model.md:31:2	explicit_tag	Germanic/docs/lexeme_reports/model_entries/2268-wake-wacan.model.md:31	\index[iv]{02oe@\ivlangheader{Old English}{West Saxon normalization unmarked}!wacian@\iventry{wacian}{}}	oe		wacian	wacian	comparison_form	explicit_tag	Germanic/docs/lexeme_reports/model_entries/2268-wake-wacan.model.md:31	1	Germanic/docs/lexeme_reports/model_entries/2268-wake-wacan.model.md:31:2
Germanic/docs/lexeme_reports/model_entries/2268-wake-wacan.model.md:33:1	Germanic/docs/lexeme_reports/model_entries/2268-wake-wacan.model.md:33:1	explicit_tag	Germanic/docs/lexeme_reports/model_entries/2268-wake-wacan.model.md:33	\index[iv]{02oe@\ivlangheader{Old English}{West Saxon normalization unmarked}!wacan@\iventry{wacan}{}}	oe		wacan	wacan	target_form	explicit_tag	Germanic/docs/lexeme_reports/model_entries/2268-wake-wacan.model.md:33	1	Germanic/docs/lexeme_reports/model_entries/2268-wake-wacan.model.md:33:1
Germanic/docs/lexeme_reports/model_entries/2268-wake-wacan.model.md:34:1	Germanic/docs/lexeme_reports/model_entries/2268-wake-wacan.model.md:34:1	explicit_tag	Germanic/docs/lexeme_reports/model_entries/2268-wake-wacan.model.md:34	\index[iv]{02oe@\ivlangheader{Old English}{West Saxon normalization unmarked}!waecnan@\iventry{wæcnan}{}}	oe		wæcnan	waecnan	comparison_form	explicit_tag	Germanic/docs/lexeme_reports/model_entries/2268-wake-wacan.model.md:34	1	Germanic/docs/lexeme_reports/model_entries/2268-wake-wacan.model.md:34:1
Germanic/docs/lexeme_reports/model_entries/2268-wake-wacan.model.md:36:1	Germanic/docs/lexeme_reports/model_entries/2268-wake-wacan.model.md:36:1	explicit_tag	Germanic/docs/lexeme_reports/model_entries/2268-wake-wacan.model.md:36	\index[iv]{02oe@\ivlangheader{Old English}{West Saxon normalization unmarked}!wacan@\iventry{wacan}{}}	oe		wacan	wacan	target_form	explicit_tag	Germanic/docs/lexeme_reports/model_entries/2268-wake-wacan.model.md:36	1	Germanic/docs/lexeme_reports/model_entries/2268-wake-wacan.model.md:36:1
Germanic/docs/lexeme_reports/model_entries/2268-wake-wacan.model.md:42:1	Germanic/docs/lexeme_reports/model_entries/2268-wake-wacan.model.md:42:1	explicit_tag	Germanic/docs/lexeme_reports/model_entries/2268-wake-wacan.model.md:42	\index[iv]{03pgmc@\ivlangheader{Proto-Germanic}{}!wakana@\iventry{*wákaną}{}}	pgmc		*wákaną	wakana	selected_input	explicit_tag	Germanic/docs/lexeme_reports/model_entries/2268-wake-wacan.model.md:42	1	Germanic/docs/lexeme_reports/model_entries/2268-wake-wacan.model.md:42:1
Germanic/docs/lexeme_reports/model_entries/2268-wake-wacan.model.md:44:2	Germanic/docs/lexeme_reports/model_entries/2268-wake-wacan.model.md:44:2	explicit_tag	Germanic/docs/lexeme_reports/model_entries/2268-wake-wacan.model.md:44	\index[iv]{02oe@\ivlangheader{Old English}{West Saxon normalization unmarked}!wacian@\iventry{wacian}{}}	oe		wacian	wacian	comparison_form	explicit_tag	Germanic/docs/lexeme_reports/model_entries/2268-wake-wacan.model.md:44	1	Germanic/docs/lexeme_reports/model_entries/2268-wake-wacan.model.md:44:2
Germanic/docs/lexeme_reports/model_entries/2268-wake-wacan.model.md:53:2	Germanic/docs/lexeme_reports/model_entries/2268-wake-wacan.model.md:53:2	explicit_tag	Germanic/docs/lexeme_reports/model_entries/2268-wake-wacan.model.md:53	\index[iv]{02oe@\ivlangheader{Old English}{West Saxon normalization unmarked}!wacian@\iventry{wacian}{}}	oe		wacian	wacian	comparison_form	explicit_tag	Germanic/docs/lexeme_reports/model_entries/2268-wake-wacan.model.md:53	1	Germanic/docs/lexeme_reports/model_entries/2268-wake-wacan.model.md:53:2
Germanic/docs/lexeme_reports/model_entries/2268-wake-wacan.model.md:53:1	Germanic/docs/lexeme_reports/model_entries/2268-wake-wacan.model.md:53:1	explicit_tag	Germanic/docs/lexeme_reports/model_entries/2268-wake-wacan.model.md:53	\index[iv]{03pgmc@\ivlangheader{Proto-Germanic}{}!wakena@\iventry{*wakēną}{}}	pgmc		*wakēną	wakena	comparison_form	explicit_tag	Germanic/docs/lexeme_reports/model_entries/2268-wake-wacan.model.md:53	1	Germanic/docs/lexeme_reports/model_entries/2268-wake-wacan.model.md:53:1
Germanic/docs/lexeme_reports/model_entries/2268-wake-wacan.model.md:54:1	Germanic/docs/lexeme_reports/model_entries/2268-wake-wacan.model.md:54:1	explicit_tag	Germanic/docs/lexeme_reports/model_entries/2268-wake-wacan.model.md:54	\index[iv]{03pgmc@\ivlangheader{Proto-Germanic}{}!wakana@\iventry{*wákaną}{}}	pgmc		*wákaną	wakana	selected_input	explicit_tag	Germanic/docs/lexeme_reports/model_entries/2268-wake-wacan.model.md:54	1	Germanic/docs/lexeme_reports/model_entries/2268-wake-wacan.model.md:54:1
Germanic/docs/lexeme_reports/model_entries/2268-wake-wacan.model.md:55:1	Germanic/docs/lexeme_reports/model_entries/2268-wake-wacan.model.md:55:1	explicit_tag	Germanic/docs/lexeme_reports/model_entries/2268-wake-wacan.model.md:55	\index[iv]{02oe@\ivlangheader{Old English}{West Saxon normalization unmarked}!wacan@\iventry{wacan}{}}	oe		wacan	wacan	target_form	explicit_tag	Germanic/docs/lexeme_reports/model_entries/2268-wake-wacan.model.md:55	1	Germanic/docs/lexeme_reports/model_entries/2268-wake-wacan.model.md:55:1
Germanic/docs/lexeme_reports/model_entries/2273-wasp-wæfs.model.md:21:1	Germanic/docs/lexeme_reports/model_entries/2273-wasp-wæfs.model.md:21:1	explicit_tag	Germanic/docs/lexeme_reports/model_entries/2273-wasp-wæfs.model.md:21	\index[iv]{03pgmc@\ivlangheader{Proto-Germanic}{}!wabsaz@\iventry{*wábsaz}{}}	pgmc		*wábsaz	wabsaz	selected_input	explicit_tag	Germanic/docs/lexeme_reports/model_entries/2273-wasp-wæfs.model.md:21	1	Germanic/docs/lexeme_reports/model_entries/2273-wasp-wæfs.model.md:21:1
Germanic/docs/lexeme_reports/model_entries/2273-wasp-wæfs.model.md:26:1	Germanic/docs/lexeme_reports/model_entries/2273-wasp-wæfs.model.md:26:1	explicit_tag	Germanic/docs/lexeme_reports/model_entries/2273-wasp-wæfs.model.md:26	\index[iv]{02oe@\ivlangheader{Old English}{West Saxon normalization unmarked}!waefs@\iventry{wæfs}{}}	oe		wæfs	waefs	target_form	explicit_tag	Germanic/docs/lexeme_reports/model_entries/2273-wasp-wæfs.model.md:26	1	Germanic/docs/lexeme_reports/model_entries/2273-wasp-wæfs.model.md:26:1
Germanic/docs/lexeme_reports/model_entries/2273-wasp-wæfs.model.md:26:2	Germanic/docs/lexeme_reports/model_entries/2273-wasp-wæfs.model.md:26:2	explicit_tag	Germanic/docs/lexeme_reports/model_entries/2273-wasp-wæfs.model.md:26	\index[iv]{02oe@\ivlangheader{Old English}{West Saxon normalization unmarked}!waesp@\iventry{wæsp}{}}	oe		wæsp	waesp	comparison_form	explicit_tag	Germanic/docs/lexeme_reports/model_entries/2273-wasp-wæfs.model.md:26	1	Germanic/docs/lexeme_reports/model_entries/2273-wasp-wæfs.model.md:26:2
Germanic/docs/lexeme_reports/model_entries/2273-wasp-wæfs.model.md:27:1	Germanic/docs/lexeme_reports/model_entries/2273-wasp-wæfs.model.md:27:1	explicit_tag	Germanic/docs/lexeme_reports/model_entries/2273-wasp-wæfs.model.md:27	\index[iv]{02oe@\ivlangheader{Old English}{West Saxon normalization unmarked}!waeps@\iventry{wæps}{}}	oe		wæps	waeps	comparison_form	explicit_tag	Germanic/docs/lexeme_reports/model_entries/2273-wasp-wæfs.model.md:27	1	Germanic/docs/lexeme_reports/model_entries/2273-wasp-wæfs.model.md:27:1
Germanic/docs/lexeme_reports/model_entries/2273-wasp-wæfs.model.md:28:1	Germanic/docs/lexeme_reports/model_entries/2273-wasp-wæfs.model.md:28:1	explicit_tag	Germanic/docs/lexeme_reports/model_entries/2273-wasp-wæfs.model.md:28	\index[iv]{02oe@\ivlangheader{Old English}{West Saxon normalization unmarked}!wasp~03@\iventry{wasp}{LWS}}	oe	lws	wasp	wasp	comparison_form	explicit_tag	Germanic/docs/lexeme_reports/model_entries/2273-wasp-wæfs.model.md:28	1	Germanic/docs/lexeme_reports/model_entries/2273-wasp-wæfs.model.md:28:1
Germanic/docs/lexeme_reports/model_entries/2273-wasp-wæfs.model.md:34:2	Germanic/docs/lexeme_reports/model_entries/2273-wasp-wæfs.model.md:34:2	explicit_tag	Germanic/docs/lexeme_reports/model_entries/2273-wasp-wæfs.model.md:34	\index[iv]{02oe@\ivlangheader{Old English}{West Saxon normalization unmarked}!waefs@\iventry{waefs}{}}	oe		waefs	waefs	comparison_form	explicit_tag	Germanic/docs/lexeme_reports/model_entries/2273-wasp-wæfs.model.md:34	1	Germanic/docs/lexeme_reports/model_entries/2273-wasp-wæfs.model.md:34:2
Germanic/docs/lexeme_reports/model_entries/2273-wasp-wæfs.model.md:34:1	Germanic/docs/lexeme_reports/model_entries/2273-wasp-wæfs.model.md:34:1	explicit_tag	Germanic/docs/lexeme_reports/model_entries/2273-wasp-wæfs.model.md:34	\index[iv]{02oe@\ivlangheader{Old English}{West Saxon normalization unmarked}!waefs@\iventry{wæfs}{}}	oe		wæfs	waefs	target_form	explicit_tag	Germanic/docs/lexeme_reports/model_entries/2273-wasp-wæfs.model.md:34	1	Germanic/docs/lexeme_reports/model_entries/2273-wasp-wæfs.model.md:34:1
Germanic/docs/lexeme_reports/model_entries/2273-wasp-wæfs.model.md:37:1	Germanic/docs/lexeme_reports/model_entries/2273-wasp-wæfs.model.md:37:1	explicit_tag	Germanic/docs/lexeme_reports/model_entries/2273-wasp-wæfs.model.md:37	\index[iv]{02oe@\ivlangheader{Old English}{West Saxon normalization unmarked}!waeps@\iventry{wæps}{}}	oe		wæps	waeps	comparison_form	explicit_tag	Germanic/docs/lexeme_reports/model_entries/2273-wasp-wæfs.model.md:37	1	Germanic/docs/lexeme_reports/model_entries/2273-wasp-wæfs.model.md:37:1
Germanic/docs/lexeme_reports/model_entries/2273-wasp-wæfs.model.md:37:2	Germanic/docs/lexeme_reports/model_entries/2273-wasp-wæfs.model.md:37:2	explicit_tag	Germanic/docs/lexeme_reports/model_entries/2273-wasp-wæfs.model.md:37	\index[iv]{02oe@\ivlangheader{Old English}{West Saxon normalization unmarked}!waesp@\iventry{wæsp}{}}	oe		wæsp	waesp	comparison_form	explicit_tag	Germanic/docs/lexeme_reports/model_entries/2273-wasp-wæfs.model.md:37	1	Germanic/docs/lexeme_reports/model_entries/2273-wasp-wæfs.model.md:37:2
Germanic/docs/lexeme_reports/model_entries/2273-wasp-wæfs.model.md:37:3	Germanic/docs/lexeme_reports/model_entries/2273-wasp-wæfs.model.md:37:3	explicit_tag	Germanic/docs/lexeme_reports/model_entries/2273-wasp-wæfs.model.md:37	\index[iv]{02oe@\ivlangheader{Old English}{West Saxon normalization unmarked}!wasp@\iventry{wasp}{}}	oe		wasp	wasp	comparison_form	explicit_tag	Germanic/docs/lexeme_reports/model_entries/2273-wasp-wæfs.model.md:37	1	Germanic/docs/lexeme_reports/model_entries/2273-wasp-wæfs.model.md:37:3
Germanic/docs/lexeme_reports/model_entries/2273-wasp-wæfs.model.md:38:1	Germanic/docs/lexeme_reports/model_entries/2273-wasp-wæfs.model.md:38:1	explicit_tag	Germanic/docs/lexeme_reports/model_entries/2273-wasp-wæfs.model.md:38	\index[iv]{02oe@\ivlangheader{Old English}{West Saxon normalization unmarked}!waeps@\iventry{wæps}{}}	oe		wæps	waeps	comparison_form	explicit_tag	Germanic/docs/lexeme_reports/model_entries/2273-wasp-wæfs.model.md:38	1	Germanic/docs/lexeme_reports/model_entries/2273-wasp-wæfs.model.md:38:1
Germanic/docs/lexeme_reports/model_entries/2273-wasp-wæfs.model.md:41:1	Germanic/docs/lexeme_reports/model_entries/2273-wasp-wæfs.model.md:41:1	explicit_tag	Germanic/docs/lexeme_reports/model_entries/2273-wasp-wæfs.model.md:41	\index[iv]{02oe@\ivlangheader{Old English}{West Saxon normalization unmarked}!waefs@\iventry{wæfs}{}}	oe		wæfs	waefs	target_form	explicit_tag	Germanic/docs/lexeme_reports/model_entries/2273-wasp-wæfs.model.md:41	1	Germanic/docs/lexeme_reports/model_entries/2273-wasp-wæfs.model.md:41:1
Germanic/docs/lexeme_reports/model_entries/2273-wasp-wæfs.model.md:46:1	Germanic/docs/lexeme_reports/model_entries/2273-wasp-wæfs.model.md:46:1	explicit_tag	Germanic/docs/lexeme_reports/model_entries/2273-wasp-wæfs.model.md:46	\index[iv]{03pgmc@\ivlangheader{Proto-Germanic}{}!wabsaz@\iventry{*wábsaz}{}}	pgmc		*wábsaz	wabsaz	selected_input	explicit_tag	Germanic/docs/lexeme_reports/model_entries/2273-wasp-wæfs.model.md:46	1	Germanic/docs/lexeme_reports/model_entries/2273-wasp-wæfs.model.md:46:1
Germanic/docs/lexeme_reports/model_entries/2273-wasp-wæfs.model.md:50:1	Germanic/docs/lexeme_reports/model_entries/2273-wasp-wæfs.model.md:50:1	explicit_tag	Germanic/docs/lexeme_reports/model_entries/2273-wasp-wæfs.model.md:50	\index[iv]{02oe@\ivlangheader{Old English}{West Saxon normalization unmarked}!waeps@\iventry{wæps}{}}	oe		wæps	waeps	comparison_form	explicit_tag	Germanic/docs/lexeme_reports/model_entries/2273-wasp-wæfs.model.md:50	1	Germanic/docs/lexeme_reports/model_entries/2273-wasp-wæfs.model.md:50:1
Germanic/docs/lexeme_reports/model_entries/2273-wasp-wæfs.model.md:50:2	Germanic/docs/lexeme_reports/model_entries/2273-wasp-wæfs.model.md:50:2	explicit_tag	Germanic/docs/lexeme_reports/model_entries/2273-wasp-wæfs.model.md:50	\index[iv]{02oe@\ivlangheader{Old English}{West Saxon normalization unmarked}!waesp@\iventry{wæsp}{}}	oe		wæsp	waesp	comparison_form	explicit_tag	Germanic/docs/lexeme_reports/model_entries/2273-wasp-wæfs.model.md:50	1	Germanic/docs/lexeme_reports/model_entries/2273-wasp-wæfs.model.md:50:2
Germanic/docs/lexeme_reports/model_entries/2273-wasp-wæfs.model.md:50:3	Germanic/docs/lexeme_reports/model_entries/2273-wasp-wæfs.model.md:50:3	explicit_tag	Germanic/docs/lexeme_reports/model_entries/2273-wasp-wæfs.model.md:50	\index[iv]{02oe@\ivlangheader{Old English}{West Saxon normalization unmarked}!wasp@\iventry{wasp}{}}	oe		wasp	wasp	comparison_form	explicit_tag	Germanic/docs/lexeme_reports/model_entries/2273-wasp-wæfs.model.md:50	1	Germanic/docs/lexeme_reports/model_entries/2273-wasp-wæfs.model.md:50:3
Germanic/docs/lexeme_reports/model_entries/2273-wasp-wæfs.model.md:61:1	Germanic/docs/lexeme_reports/model_entries/2273-wasp-wæfs.model.md:61:1	explicit_tag	Germanic/docs/lexeme_reports/model_entries/2273-wasp-wæfs.model.md:61	\index[iv]{02oe@\ivlangheader{Old English}{West Saxon normalization unmarked}!waefs@\iventry{wæfs}{}}	oe		wæfs	waefs	target_form	explicit_tag	Germanic/docs/lexeme_reports/model_entries/2273-wasp-wæfs.model.md:61	1	Germanic/docs/lexeme_reports/model_entries/2273-wasp-wæfs.model.md:61:1
Germanic/docs/lexeme_reports/model_entries/2273-wasp-wæfs.model.md:62:1	Germanic/docs/lexeme_reports/model_entries/2273-wasp-wæfs.model.md:62:1	explicit_tag	Germanic/docs/lexeme_reports/model_entries/2273-wasp-wæfs.model.md:62	\index[iv]{02oe@\ivlangheader{Old English}{West Saxon normalization unmarked}!waeps@\iventry{wæps}{}}	oe		wæps	waeps	comparison_form	explicit_tag	Germanic/docs/lexeme_reports/model_entries/2273-wasp-wæfs.model.md:62	1	Germanic/docs/lexeme_reports/model_entries/2273-wasp-wæfs.model.md:62:1
Germanic/docs/lexeme_reports/model_entries/2273-wasp-wæfs.model.md:63:1	Germanic/docs/lexeme_reports/model_entries/2273-wasp-wæfs.model.md:63:1	explicit_tag	Germanic/docs/lexeme_reports/model_entries/2273-wasp-wæfs.model.md:63	\index[iv]{02oe@\ivlangheader{Old English}{West Saxon normalization unmarked}!waesp@\iventry{wæsp}{}}	oe		wæsp	waesp	comparison_form	explicit_tag	Germanic/docs/lexeme_reports/model_entries/2273-wasp-wæfs.model.md:63	1	Germanic/docs/lexeme_reports/model_entries/2273-wasp-wæfs.model.md:63:1
Germanic/docs/lexeme_reports/model_entries/2273-wasp-wæfs.model.md:63:2	Germanic/docs/lexeme_reports/model_entries/2273-wasp-wæfs.model.md:63:2	explicit_tag	Germanic/docs/lexeme_reports/model_entries/2273-wasp-wæfs.model.md:63	\index[iv]{02oe@\ivlangheader{Old English}{West Saxon normalization unmarked}!wasp@\iventry{wasp}{}}	oe		wasp	wasp	comparison_form	explicit_tag	Germanic/docs/lexeme_reports/model_entries/2273-wasp-wæfs.model.md:63	1	Germanic/docs/lexeme_reports/model_entries/2273-wasp-wæfs.model.md:63:2
Germanic/docs/lexeme_reports/model_entries/2274-water-wæter.model.md:27:1	Germanic/docs/lexeme_reports/model_entries/2274-water-wæter.model.md:27:1	explicit_tag	Germanic/docs/lexeme_reports/model_entries/2274-water-wæter.model.md:27	\index[iv]{02oe@\ivlangheader{Old English}{West Saxon normalization unmarked}!waeter@\iventry{wæter}{}}	oe		wæter	waeter	target_form	explicit_tag	Germanic/docs/lexeme_reports/model_entries/2274-water-wæter.model.md:27	1	Germanic/docs/lexeme_reports/model_entries/2274-water-wæter.model.md:27:1
Germanic/docs/lexeme_reports/model_entries/2274-water-wæter.model.md:28:1	Germanic/docs/lexeme_reports/model_entries/2274-water-wæter.model.md:28:1	explicit_tag	Germanic/docs/lexeme_reports/model_entries/2274-water-wæter.model.md:28	\index[iv]{03pgmc@\ivlangheader{Proto-Germanic}{}!wator@\iventry{*wátōr}{}}	pgmc		*wátōr	wator	selected_input	explicit_tag	Germanic/docs/lexeme_reports/model_entries/2274-water-wæter.model.md:28	1	Germanic/docs/lexeme_reports/model_entries/2274-water-wæter.model.md:28:1
Germanic/docs/lexeme_reports/model_entries/2274-water-wæter.model.md:32:1	Germanic/docs/lexeme_reports/model_entries/2274-water-wæter.model.md:32:1	explicit_tag	Germanic/docs/lexeme_reports/model_entries/2274-water-wæter.model.md:32	\index[iv]{02oe@\ivlangheader{Old English}{West Saxon normalization unmarked}!waeter@\iventry{wæter}{}}	oe		wæter	waeter	target_form	explicit_tag	Germanic/docs/lexeme_reports/model_entries/2274-water-wæter.model.md:32	1	Germanic/docs/lexeme_reports/model_entries/2274-water-wæter.model.md:32:1
Germanic/docs/lexeme_reports/model_entries/2274-water-wæter.model.md:33:3	Germanic/docs/lexeme_reports/model_entries/2274-water-wæter.model.md:33:3	explicit_tag	Germanic/docs/lexeme_reports/model_entries/2274-water-wæter.model.md:33	\index[iv]{02oe@\ivlangheader{Old English}{West Saxon normalization unmarked}!waetera@\iventry{wætera}{}}	oe		wætera	waetera	comparison_form	explicit_tag	Germanic/docs/lexeme_reports/model_entries/2274-water-wæter.model.md:33	1	Germanic/docs/lexeme_reports/model_entries/2274-water-wæter.model.md:33:3
Germanic/docs/lexeme_reports/model_entries/2274-water-wæter.model.md:33:2	Germanic/docs/lexeme_reports/model_entries/2274-water-wæter.model.md:33:2	explicit_tag	Germanic/docs/lexeme_reports/model_entries/2274-water-wæter.model.md:33	\index[iv]{02oe@\ivlangheader{Old English}{West Saxon normalization unmarked}!waetere@\iventry{wætere}{}}	oe		wætere	waetere	comparison_form	explicit_tag	Germanic/docs/lexeme_reports/model_entries/2274-water-wæter.model.md:33	1	Germanic/docs/lexeme_reports/model_entries/2274-water-wæter.model.md:33:2
Germanic/docs/lexeme_reports/model_entries/2274-water-wæter.model.md:33:1	Germanic/docs/lexeme_reports/model_entries/2274-water-wæter.model.md:33:1	explicit_tag	Germanic/docs/lexeme_reports/model_entries/2274-water-wæter.model.md:33	\index[iv]{02oe@\ivlangheader{Old English}{West Saxon normalization unmarked}!waeteres@\iventry{wæteres}{}}	oe		wæteres	waeteres	comparison_form	explicit_tag	Germanic/docs/lexeme_reports/model_entries/2274-water-wæter.model.md:33	1	Germanic/docs/lexeme_reports/model_entries/2274-water-wæter.model.md:33:1
Germanic/docs/lexeme_reports/model_entries/2274-water-wæter.model.md:33:4	Germanic/docs/lexeme_reports/model_entries/2274-water-wæter.model.md:33:4	explicit_tag	Germanic/docs/lexeme_reports/model_entries/2274-water-wæter.model.md:33	\index[iv]{02oe@\ivlangheader{Old English}{West Saxon normalization unmarked}!waeterum@\iventry{wæterum}{}}	oe		wæterum	waeterum	comparison_form	explicit_tag	Germanic/docs/lexeme_reports/model_entries/2274-water-wæter.model.md:33	1	Germanic/docs/lexeme_reports/model_entries/2274-water-wæter.model.md:33:4
Germanic/docs/lexeme_reports/model_entries/2274-water-wæter.model.md:53:2	Germanic/docs/lexeme_reports/model_entries/2274-water-wæter.model.md:53:2	explicit_tag	Germanic/docs/lexeme_reports/model_entries/2274-water-wæter.model.md:53	\index[iv]{02oe@\ivlangheader{Old English}{West Saxon normalization unmarked}!waeter@\iventry{wæter}{}}	oe		wæter	waeter	target_form	explicit_tag	Germanic/docs/lexeme_reports/model_entries/2274-water-wæter.model.md:53	1	Germanic/docs/lexeme_reports/model_entries/2274-water-wæter.model.md:53:2
Germanic/docs/lexeme_reports/model_entries/2274-water-wæter.model.md:53:1	Germanic/docs/lexeme_reports/model_entries/2274-water-wæter.model.md:53:1	explicit_tag	Germanic/docs/lexeme_reports/model_entries/2274-water-wæter.model.md:53	\index[iv]{03pgmc@\ivlangheader{Proto-Germanic}{}!watna@\iventry{*wátną}{}}	pgmc		*wátną	watna	source_protoform	explicit_tag	Germanic/docs/lexeme_reports/model_entries/2274-water-wæter.model.md:53	1	Germanic/docs/lexeme_reports/model_entries/2274-water-wæter.model.md:53:1
Germanic/docs/lexeme_reports/model_entries/2274-water-wæter.model.md:55:1	Germanic/docs/lexeme_reports/model_entries/2274-water-wæter.model.md:55:1	explicit_tag	Germanic/docs/lexeme_reports/model_entries/2274-water-wæter.model.md:55	\index[iv]{03pgmc@\ivlangheader{Proto-Germanic}{}!wator@\iventry{*wátōr}{}}	pgmc		*wátōr	wator	selected_input	explicit_tag	Germanic/docs/lexeme_reports/model_entries/2274-water-wæter.model.md:55	1	Germanic/docs/lexeme_reports/model_entries/2274-water-wæter.model.md:55:1
Germanic/docs/lexeme_reports/model_entries/2284-whale-hwæl.model.md:22:1	Germanic/docs/lexeme_reports/model_entries/2284-whale-hwæl.model.md:22:1	explicit_tag	Germanic/docs/lexeme_reports/model_entries/2284-whale-hwæl.model.md:22	\index[iv]{03pgmc@\ivlangheader{Proto-Germanic}{}!xwalaz@\iventry{*xwalaz}{}}	pgmc		*xwalaz	xwalaz	source_protoform	explicit_tag	Germanic/docs/lexeme_reports/model_entries/2284-whale-hwæl.model.md:22	1	Germanic/docs/lexeme_reports/model_entries/2284-whale-hwæl.model.md:22:1
Germanic/docs/lexeme_reports/model_entries/2284-whale-hwæl.model.md:23:1	Germanic/docs/lexeme_reports/model_entries/2284-whale-hwæl.model.md:23:1	explicit_tag	Germanic/docs/lexeme_reports/model_entries/2284-whale-hwæl.model.md:23	\index[iv]{03pgmc@\ivlangheader{Proto-Germanic}{}!xwaliz@\iventry{*xwaliz}{}}	pgmc		*xwaliz	xwaliz	comparison_form	explicit_tag	Germanic/docs/lexeme_reports/model_entries/2284-whale-hwæl.model.md:23	1	Germanic/docs/lexeme_reports/model_entries/2284-whale-hwæl.model.md:23:1
Germanic/docs/lexeme_reports/model_entries/2284-whale-hwæl.model.md:25:1	Germanic/docs/lexeme_reports/model_entries/2284-whale-hwæl.model.md:25:1	explicit_tag	Germanic/docs/lexeme_reports/model_entries/2284-whale-hwæl.model.md:25	\index[iv]{03pgmc@\ivlangheader{Proto-Germanic}{}!hwali@\iventry{*hwali-}{}}	pgmc		*hwali-	hwali	comparison_form	explicit_tag	Germanic/docs/lexeme_reports/model_entries/2284-whale-hwæl.model.md:25	1	Germanic/docs/lexeme_reports/model_entries/2284-whale-hwæl.model.md:25:1
Germanic/docs/lexeme_reports/model_entries/2284-whale-hwæl.model.md:33:1	Germanic/docs/lexeme_reports/model_entries/2284-whale-hwæl.model.md:33:1	explicit_tag	Germanic/docs/lexeme_reports/model_entries/2284-whale-hwæl.model.md:33	\index[iv]{02oe@\ivlangheader{Old English}{West Saxon normalization unmarked}!hwal@\iventry{hwal}{}}	oe		hwal	hwal	comparison_form	explicit_tag	Germanic/docs/lexeme_reports/model_entries/2284-whale-hwæl.model.md:33	1	Germanic/docs/lexeme_reports/model_entries/2284-whale-hwæl.model.md:33:1
Germanic/docs/lexeme_reports/model_entries/2284-whale-hwæl.model.md:34:1	Germanic/docs/lexeme_reports/model_entries/2284-whale-hwæl.model.md:34:1	explicit_tag	Germanic/docs/lexeme_reports/model_entries/2284-whale-hwæl.model.md:34	\index[iv]{02oe@\ivlangheader{Old English}{West Saxon normalization unmarked}!hwalas@\iventry{hwalas}{}}	oe		hwalas	hwalas	comparison_form	explicit_tag	Germanic/docs/lexeme_reports/model_entries/2284-whale-hwæl.model.md:34	1	Germanic/docs/lexeme_reports/model_entries/2284-whale-hwæl.model.md:34:1
Germanic/docs/lexeme_reports/model_entries/2284-whale-hwæl.model.md:36:1	Germanic/docs/lexeme_reports/model_entries/2284-whale-hwæl.model.md:36:1	explicit_tag	Germanic/docs/lexeme_reports/model_entries/2284-whale-hwæl.model.md:36	\index[iv]{02oe@\ivlangheader{Old English}{West Saxon normalization unmarked}!hwael@\iventry{hwæl}{}}	oe		hwæl	hwael	target_form	explicit_tag	Germanic/docs/lexeme_reports/model_entries/2284-whale-hwæl.model.md:36	1	Germanic/docs/lexeme_reports/model_entries/2284-whale-hwæl.model.md:36:1
Germanic/docs/lexeme_reports/model_entries/2284-whale-hwæl.model.md:39:1	Germanic/docs/lexeme_reports/model_entries/2284-whale-hwæl.model.md:39:1	explicit_tag	Germanic/docs/lexeme_reports/model_entries/2284-whale-hwæl.model.md:39	\index[iv]{02oe@\ivlangheader{Old English}{West Saxon normalization unmarked}!hwalas@\iventry{hwalas}{}}	oe		hwalas	hwalas	comparison_form	explicit_tag	Germanic/docs/lexeme_reports/model_entries/2284-whale-hwæl.model.md:39	1	Germanic/docs/lexeme_reports/model_entries/2284-whale-hwæl.model.md:39:1
Germanic/docs/lexeme_reports/model_entries/2284-whale-hwæl.model.md:41:1	Germanic/docs/lexeme_reports/model_entries/2284-whale-hwæl.model.md:41:1	explicit_tag	Germanic/docs/lexeme_reports/model_entries/2284-whale-hwæl.model.md:41	\index[iv]{02oe@\ivlangheader{Old English}{West Saxon normalization unmarked}!hwael@\iventry{hwæl}{}}	oe		hwæl	hwael	target_form	explicit_tag	Germanic/docs/lexeme_reports/model_entries/2284-whale-hwæl.model.md:41	1	Germanic/docs/lexeme_reports/model_entries/2284-whale-hwæl.model.md:41:1
Germanic/docs/lexeme_reports/model_entries/2284-whale-hwæl.model.md:47:1	Germanic/docs/lexeme_reports/model_entries/2284-whale-hwæl.model.md:47:1	explicit_tag	Germanic/docs/lexeme_reports/model_entries/2284-whale-hwæl.model.md:47	\index[iv]{02oe@\ivlangheader{Old English}{West Saxon normalization unmarked}!hwael@\iventry{hwæl}{}}	oe		hwæl	hwael	comparison_form	explicit_tag	Germanic/docs/lexeme_reports/model_entries/2284-whale-hwæl.model.md:47	1	Germanic/docs/lexeme_reports/model_entries/2284-whale-hwæl.model.md:47:1
Germanic/docs/lexeme_reports/model_entries/2284-whale-hwæl.model.md:56:1	Germanic/docs/lexeme_reports/model_entries/2284-whale-hwæl.model.md:56:1	explicit_tag	Germanic/docs/lexeme_reports/model_entries/2284-whale-hwæl.model.md:56	\index[iv]{03pgmc@\ivlangheader{Proto-Germanic}{}!xwalaz@\iventry{*xwalaz}{}}	pgmc		*xwalaz	xwalaz	source_protoform	explicit_tag	Germanic/docs/lexeme_reports/model_entries/2284-whale-hwæl.model.md:56	1	Germanic/docs/lexeme_reports/model_entries/2284-whale-hwæl.model.md:56:1
Germanic/docs/lexeme_reports/model_entries/2284-whale-hwæl.model.md:57:1	Germanic/docs/lexeme_reports/model_entries/2284-whale-hwæl.model.md:57:1	explicit_tag	Germanic/docs/lexeme_reports/model_entries/2284-whale-hwæl.model.md:57	\index[iv]{03pgmc@\ivlangheader{Proto-Germanic}{}!hwali@\iventry{*hwali-}{}}	pgmc		*hwali-	hwali	comparison_form	explicit_tag	Germanic/docs/lexeme_reports/model_entries/2284-whale-hwæl.model.md:57	1	Germanic/docs/lexeme_reports/model_entries/2284-whale-hwæl.model.md:57:1
Germanic/docs/lexeme_reports/model_entries/2284-whale-hwæl.model.md:58:1	Germanic/docs/lexeme_reports/model_entries/2284-whale-hwæl.model.md:58:1	explicit_tag	Germanic/docs/lexeme_reports/model_entries/2284-whale-hwæl.model.md:58	\index[iv]{03pgmc@\ivlangheader{Proto-Germanic}{}!xwalaz@\iventry{*xwálaz}{}}	pgmc		*xwálaz	xwalaz	selected_input	explicit_tag	Germanic/docs/lexeme_reports/model_entries/2284-whale-hwæl.model.md:58	1	Germanic/docs/lexeme_reports/model_entries/2284-whale-hwæl.model.md:58:1
Germanic/docs/lexeme_reports/model_entries/2284-whale-hwæl.model.md:59:2	Germanic/docs/lexeme_reports/model_entries/2284-whale-hwæl.model.md:59:2	explicit_tag	Germanic/docs/lexeme_reports/model_entries/2284-whale-hwæl.model.md:59	\index[iv]{02oe@\ivlangheader{Old English}{West Saxon normalization unmarked}!hwael@\iventry{hwæl}{}}	oe		hwæl	hwael	target_form	explicit_tag	Germanic/docs/lexeme_reports/model_entries/2284-whale-hwæl.model.md:59	1	Germanic/docs/lexeme_reports/model_entries/2284-whale-hwæl.model.md:59:2
Germanic/docs/lexeme_reports/model_entries/2284-whale-hwæl.model.md:59:1	Germanic/docs/lexeme_reports/model_entries/2284-whale-hwæl.model.md:59:1	explicit_tag	Germanic/docs/lexeme_reports/model_entries/2284-whale-hwæl.model.md:59	\index[iv]{02oe@\ivlangheader{Old English}{West Saxon normalization unmarked}!hwalas@\iventry{hwalas}{}}	oe		hwalas	hwalas	comparison_form	explicit_tag	Germanic/docs/lexeme_reports/model_entries/2284-whale-hwæl.model.md:59	1	Germanic/docs/lexeme_reports/model_entries/2284-whale-hwæl.model.md:59:1
Germanic/docs/lexeme_reports/model_entries/2286-whine-hwīnan.model.md:22:2	Germanic/docs/lexeme_reports/model_entries/2286-whine-hwīnan.model.md:22:2	explicit_tag	Germanic/docs/lexeme_reports/model_entries/2286-whine-hwīnan.model.md:22	\index[iv]{02oe@\ivlangheader{Old English}{West Saxon normalization unmarked}!wanian@\iventry{wānian}{}}	oe		wānian	wanian	comparison_form	explicit_tag	Germanic/docs/lexeme_reports/model_entries/2286-whine-hwīnan.model.md:22	1	Germanic/docs/lexeme_reports/model_entries/2286-whine-hwīnan.model.md:22:2
Germanic/docs/lexeme_reports/model_entries/2286-whine-hwīnan.model.md:22:1	Germanic/docs/lexeme_reports/model_entries/2286-whine-hwīnan.model.md:22:1	explicit_tag	Germanic/docs/lexeme_reports/model_entries/2286-whine-hwīnan.model.md:22	\index[iv]{16german@\ivlangheader{German}{}!weinen@\iventry{weinen}{}}	german		weinen	weinen	comparison_form	explicit_tag	Germanic/docs/lexeme_reports/model_entries/2286-whine-hwīnan.model.md:22	1	Germanic/docs/lexeme_reports/model_entries/2286-whine-hwīnan.model.md:22:1
Germanic/docs/lexeme_reports/model_entries/2286-whine-hwīnan.model.md:23:1	Germanic/docs/lexeme_reports/model_entries/2286-whine-hwīnan.model.md:23:1	explicit_tag	Germanic/docs/lexeme_reports/model_entries/2286-whine-hwīnan.model.md:23	\index[iv]{02oe@\ivlangheader{Old English}{West Saxon normalization unmarked}!hwinan@\iventry{hwīnan}{}}	oe		hwīnan	hwinan	target_form	explicit_tag	Germanic/docs/lexeme_reports/model_entries/2286-whine-hwīnan.model.md:23	1	Germanic/docs/lexeme_reports/model_entries/2286-whine-hwīnan.model.md:23:1
Germanic/docs/lexeme_reports/model_entries/2286-whine-hwīnan.model.md:24:2	Germanic/docs/lexeme_reports/model_entries/2286-whine-hwīnan.model.md:24:2	explicit_tag	Germanic/docs/lexeme_reports/model_entries/2286-whine-hwīnan.model.md:24	\index[iv]{03pgmc@\ivlangheader{Proto-Germanic}{}!wainojanan@\iventry{*wainōjanan}{}}	pgmc		*wainōjanan	wainojanan	source_protoform	explicit_tag	Germanic/docs/lexeme_reports/model_entries/2286-whine-hwīnan.model.md:24	1	Germanic/docs/lexeme_reports/model_entries/2286-whine-hwīnan.model.md:24:2
Germanic/docs/lexeme_reports/model_entries/2286-whine-hwīnan.model.md:24:1	Germanic/docs/lexeme_reports/model_entries/2286-whine-hwīnan.model.md:24:1	explicit_tag	Germanic/docs/lexeme_reports/model_entries/2286-whine-hwīnan.model.md:24	\index[iv]{03pgmc@\ivlangheader{Proto-Germanic}{}!xwinanan@\iventry{*xwinanan}{}}	pgmc		*xwinanan	xwinanan	source_protoform	explicit_tag	Germanic/docs/lexeme_reports/model_entries/2286-whine-hwīnan.model.md:24	1	Germanic/docs/lexeme_reports/model_entries/2286-whine-hwīnan.model.md:24:1
Germanic/docs/lexeme_reports/model_entries/2286-whine-hwīnan.model.md:26:1	Germanic/docs/lexeme_reports/model_entries/2286-whine-hwīnan.model.md:26:1	explicit_tag	Germanic/docs/lexeme_reports/model_entries/2286-whine-hwīnan.model.md:26	\index[iv]{08on@\ivlangheader{Old Norse}{}!hvina@\iventry{hvina}{}}	on		hvina	hvina	comparison_form	explicit_tag	Germanic/docs/lexeme_reports/model_entries/2286-whine-hwīnan.model.md:26	1	Germanic/docs/lexeme_reports/model_entries/2286-whine-hwīnan.model.md:26:1
Germanic/docs/lexeme_reports/model_entries/2286-whine-hwīnan.model.md:26:2	Germanic/docs/lexeme_reports/model_entries/2286-whine-hwīnan.model.md:26:2	explicit_tag	Germanic/docs/lexeme_reports/model_entries/2286-whine-hwīnan.model.md:26	\index[iv]{02oe@\ivlangheader{Old English}{West Saxon normalization unmarked}!hwinan@\iventry{hwinan}{}}	oe		hwinan	hwinan	comparison_form	explicit_tag	Germanic/docs/lexeme_reports/model_entries/2286-whine-hwīnan.model.md:26	1	Germanic/docs/lexeme_reports/model_entries/2286-whine-hwīnan.model.md:26:2
Germanic/docs/lexeme_reports/model_entries/2286-whine-hwīnan.model.md:32:1	Germanic/docs/lexeme_reports/model_entries/2286-whine-hwīnan.model.md:32:1	explicit_tag	Germanic/docs/lexeme_reports/model_entries/2286-whine-hwīnan.model.md:32	\index[iv]{03pgmc@\ivlangheader{Proto-Germanic}{}!xwinana@\iventry{*xwī́naną}{}}	pgmc		*xwī́naną	xwinana	selected_input	explicit_tag	Germanic/docs/lexeme_reports/model_entries/2286-whine-hwīnan.model.md:32	1	Germanic/docs/lexeme_reports/model_entries/2286-whine-hwīnan.model.md:32:1
Germanic/docs/lexeme_reports/model_entries/2286-whine-hwīnan.model.md:37:1	Germanic/docs/lexeme_reports/model_entries/2286-whine-hwīnan.model.md:37:1	explicit_tag	Germanic/docs/lexeme_reports/model_entries/2286-whine-hwīnan.model.md:37	\index[iv]{02oe@\ivlangheader{Old English}{West Saxon normalization unmarked}!hwinan@\iventry{hwinan}{}}	oe		hwinan	hwinan	comparison_form	explicit_tag	Germanic/docs/lexeme_reports/model_entries/2286-whine-hwīnan.model.md:37	1	Germanic/docs/lexeme_reports/model_entries/2286-whine-hwīnan.model.md:37:1
Germanic/docs/lexeme_reports/model_entries/2286-whine-hwīnan.model.md:41:1	Germanic/docs/lexeme_reports/model_entries/2286-whine-hwīnan.model.md:41:1	explicit_tag	Germanic/docs/lexeme_reports/model_entries/2286-whine-hwīnan.model.md:41	\index[iv]{02oe@\ivlangheader{Old English}{West Saxon normalization unmarked}!hwinan@\iventry{hwīnan}{}}	oe		hwīnan	hwinan	target_form	explicit_tag	Germanic/docs/lexeme_reports/model_entries/2286-whine-hwīnan.model.md:41	1	Germanic/docs/lexeme_reports/model_entries/2286-whine-hwīnan.model.md:41:1
Germanic/docs/lexeme_reports/model_entries/2286-whine-hwīnan.model.md:42:1	Germanic/docs/lexeme_reports/model_entries/2286-whine-hwīnan.model.md:42:1	explicit_tag	Germanic/docs/lexeme_reports/model_entries/2286-whine-hwīnan.model.md:42	\index[iv]{02oe@\ivlangheader{Old English}{West Saxon normalization unmarked}!hwinan@\iventry{hwinan}{}}	oe		hwinan	hwinan	comparison_form	explicit_tag	Germanic/docs/lexeme_reports/model_entries/2286-whine-hwīnan.model.md:42	1	Germanic/docs/lexeme_reports/model_entries/2286-whine-hwīnan.model.md:42:1
Germanic/docs/lexeme_reports/model_entries/2286-whine-hwīnan.model.md:47:1	Germanic/docs/lexeme_reports/model_entries/2286-whine-hwīnan.model.md:47:1	explicit_tag	Germanic/docs/lexeme_reports/model_entries/2286-whine-hwīnan.model.md:47	\index[iv]{03pgmc@\ivlangheader{Proto-Germanic}{}!xwinana@\iventry{*xwī́naną}{}}	pgmc		*xwī́naną	xwinana	selected_input	explicit_tag	Germanic/docs/lexeme_reports/model_entries/2286-whine-hwīnan.model.md:47	1	Germanic/docs/lexeme_reports/model_entries/2286-whine-hwīnan.model.md:47:1
Germanic/docs/lexeme_reports/model_entries/2286-whine-hwīnan.model.md:50:1	Germanic/docs/lexeme_reports/model_entries/2286-whine-hwīnan.model.md:50:1	explicit_tag	Germanic/docs/lexeme_reports/model_entries/2286-whine-hwīnan.model.md:50	\index[iv]{02oe@\ivlangheader{Old English}{West Saxon normalization unmarked}!hwinan@\iventry{hwīnan}{}}	oe		hwīnan	hwinan	target_form	explicit_tag	Germanic/docs/lexeme_reports/model_entries/2286-whine-hwīnan.model.md:50	1	Germanic/docs/lexeme_reports/model_entries/2286-whine-hwīnan.model.md:50:1
Germanic/docs/lexeme_reports/model_entries/2286-whine-hwīnan.model.md:63:1	Germanic/docs/lexeme_reports/model_entries/2286-whine-hwīnan.model.md:63:1	explicit_tag	Germanic/docs/lexeme_reports/model_entries/2286-whine-hwīnan.model.md:63	\index[iv]{03pgmc@\ivlangheader{Proto-Germanic}{}!wainojana@\iventry{*wainōjaną}{}}	pgmc		*wainōjaną	wainojana	source_protoform	explicit_tag	Germanic/docs/lexeme_reports/model_entries/2286-whine-hwīnan.model.md:63	1	Germanic/docs/lexeme_reports/model_entries/2286-whine-hwīnan.model.md:63:1
Germanic/docs/lexeme_reports/model_entries/2286-whine-hwīnan.model.md:63:2	Germanic/docs/lexeme_reports/model_entries/2286-whine-hwīnan.model.md:63:2	explicit_tag	Germanic/docs/lexeme_reports/model_entries/2286-whine-hwīnan.model.md:63	\index[iv]{02oe@\ivlangheader{Old English}{West Saxon normalization unmarked}!wanian@\iventry{wānian}{}}	oe		wānian	wanian	comparison_form	explicit_tag	Germanic/docs/lexeme_reports/model_entries/2286-whine-hwīnan.model.md:63	1	Germanic/docs/lexeme_reports/model_entries/2286-whine-hwīnan.model.md:63:2
Germanic/docs/lexeme_reports/model_entries/2286-whine-hwīnan.model.md:63:3	Germanic/docs/lexeme_reports/model_entries/2286-whine-hwīnan.model.md:63:3	explicit_tag	Germanic/docs/lexeme_reports/model_entries/2286-whine-hwīnan.model.md:63	\index[iv]{02oe@\ivlangheader{Old English}{West Saxon normalization unmarked}!wanian@\iventry{wānian}{}}	oe		wānian	wanian	comparison_form	explicit_tag	Germanic/docs/lexeme_reports/model_entries/2286-whine-hwīnan.model.md:63	1	Germanic/docs/lexeme_reports/model_entries/2286-whine-hwīnan.model.md:63:3
Germanic/docs/lexeme_reports/model_entries/2286-whine-hwīnan.model.md:64:3	Germanic/docs/lexeme_reports/model_entries/2286-whine-hwīnan.model.md:64:3	explicit_tag	Germanic/docs/lexeme_reports/model_entries/2286-whine-hwīnan.model.md:64	\index[iv]{02oe@\ivlangheader{Old English}{West Saxon normalization unmarked}!hwinan@\iventry{hwīnan}{}}	oe		hwīnan	hwinan	target_form	explicit_tag	Germanic/docs/lexeme_reports/model_entries/2286-whine-hwīnan.model.md:64	1	Germanic/docs/lexeme_reports/model_entries/2286-whine-hwīnan.model.md:64:3
Germanic/docs/lexeme_reports/model_entries/2286-whine-hwīnan.model.md:64:1	Germanic/docs/lexeme_reports/model_entries/2286-whine-hwīnan.model.md:64:1	explicit_tag	Germanic/docs/lexeme_reports/model_entries/2286-whine-hwīnan.model.md:64	\index[iv]{03pgmc@\ivlangheader{Proto-Germanic}{}!xwinana@\iventry{*xwī́naną}{}}	pgmc		*xwī́naną	xwinana	selected_input	explicit_tag	Germanic/docs/lexeme_reports/model_entries/2286-whine-hwīnan.model.md:64	1	Germanic/docs/lexeme_reports/model_entries/2286-whine-hwīnan.model.md:64:1
Germanic/docs/lexeme_reports/model_entries/2286-whine-hwīnan.model.md:65:1	Germanic/docs/lexeme_reports/model_entries/2286-whine-hwīnan.model.md:65:1	explicit_tag	Germanic/docs/lexeme_reports/model_entries/2286-whine-hwīnan.model.md:65	\index[iv]{08on@\ivlangheader{Old Norse}{}!hvina@\iventry{hvina}{}}	on		hvina	hvina	comparison_form	explicit_tag	Germanic/docs/lexeme_reports/model_entries/2286-whine-hwīnan.model.md:65	1	Germanic/docs/lexeme_reports/model_entries/2286-whine-hwīnan.model.md:65:1
Germanic/docs/lexeme_reports/model_entries/2286-whine-hwīnan.model.md:65:3	Germanic/docs/lexeme_reports/model_entries/2286-whine-hwīnan.model.md:65:3	explicit_tag	Germanic/docs/lexeme_reports/model_entries/2286-whine-hwīnan.model.md:65	\index[iv]{08on@\ivlangheader{Old Norse}{}!hvina@\iventry{hvina}{}}	on		hvina	hvina	comparison_form	explicit_tag	Germanic/docs/lexeme_reports/model_entries/2286-whine-hwīnan.model.md:65	1	Germanic/docs/lexeme_reports/model_entries/2286-whine-hwīnan.model.md:65:3
Germanic/docs/lexeme_reports/model_entries/2286-whine-hwīnan.model.md:65:2	Germanic/docs/lexeme_reports/model_entries/2286-whine-hwīnan.model.md:65:2	explicit_tag	Germanic/docs/lexeme_reports/model_entries/2286-whine-hwīnan.model.md:65	\index[iv]{02oe@\ivlangheader{Old English}{West Saxon normalization unmarked}!hwinan@\iventry{hwinan}{}}	oe		hwinan	hwinan	comparison_form	explicit_tag	Germanic/docs/lexeme_reports/model_entries/2286-whine-hwīnan.model.md:65	1	Germanic/docs/lexeme_reports/model_entries/2286-whine-hwīnan.model.md:65:2
Germanic/docs/lexeme_reports/model_entries/2286-whine-hwīnan.model.md:65:4	Germanic/docs/lexeme_reports/model_entries/2286-whine-hwīnan.model.md:65:4	explicit_tag	Germanic/docs/lexeme_reports/model_entries/2286-whine-hwīnan.model.md:65	\index[iv]{02oe@\ivlangheader{Old English}{West Saxon normalization unmarked}!hwinan@\iventry{hwinan}{}}	oe		hwinan	hwinan	comparison_form	explicit_tag	Germanic/docs/lexeme_reports/model_entries/2286-whine-hwīnan.model.md:65	1	Germanic/docs/lexeme_reports/model_entries/2286-whine-hwīnan.model.md:65:4
Germanic/docs/lexeme_reports/model_entries/2286-whine-hwīnan.model.md:65:5	Germanic/docs/lexeme_reports/model_entries/2286-whine-hwīnan.model.md:65:5	explicit_tag	Germanic/docs/lexeme_reports/model_entries/2286-whine-hwīnan.model.md:65	\index[iv]{02oe@\ivlangheader{Old English}{West Saxon normalization unmarked}!hwinan@\iventry{hwīnan}{}}	oe		hwīnan	hwinan	target_form	explicit_tag	Germanic/docs/lexeme_reports/model_entries/2286-whine-hwīnan.model.md:65	1	Germanic/docs/lexeme_reports/model_entries/2286-whine-hwīnan.model.md:65:5
Germanic/docs/lexeme_reports/model_entries/2293-will-willa.model.md:25:1	Germanic/docs/lexeme_reports/model_entries/2293-will-willa.model.md:25:1	explicit_tag	Germanic/docs/lexeme_reports/model_entries/2293-will-willa.model.md:25	\index[iv]{02oe@\ivlangheader{Old English}{West Saxon normalization unmarked}!willan@\iventry{willan}{}}	oe		willan	willan	comparison_form	explicit_tag	Germanic/docs/lexeme_reports/model_entries/2293-will-willa.model.md:25	1	Germanic/docs/lexeme_reports/model_entries/2293-will-willa.model.md:25:1
Germanic/docs/lexeme_reports/model_entries/2293-will-willa.model.md:29:1	Germanic/docs/lexeme_reports/model_entries/2293-will-willa.model.md:29:1	explicit_tag	Germanic/docs/lexeme_reports/model_entries/2293-will-willa.model.md:29	\index[iv]{02oe@\ivlangheader{Old English}{West Saxon normalization unmarked}!willa@\iventry{willa}{}}	oe		willa	willa	comparison_form	explicit_tag	Germanic/docs/lexeme_reports/model_entries/2293-will-willa.model.md:29	1	Germanic/docs/lexeme_reports/model_entries/2293-will-willa.model.md:29:1
Germanic/docs/lexeme_reports/model_entries/2293-will-willa.model.md:33:1	Germanic/docs/lexeme_reports/model_entries/2293-will-willa.model.md:33:1	explicit_tag	Germanic/docs/lexeme_reports/model_entries/2293-will-willa.model.md:33	\index[iv]{02oe@\ivlangheader{Old English}{West Saxon normalization unmarked}!willan@\iventry{willan}{}}	oe		willan	willan	comparison_form	explicit_tag	Germanic/docs/lexeme_reports/model_entries/2293-will-willa.model.md:33	1	Germanic/docs/lexeme_reports/model_entries/2293-will-willa.model.md:33:1
Germanic/docs/lexeme_reports/model_entries/2294-wind-windan.model.md:25:1	Germanic/docs/lexeme_reports/model_entries/2294-wind-windan.model.md:25:1	explicit_tag	Germanic/docs/lexeme_reports/model_entries/2294-wind-windan.model.md:25	\index[iv]{02oe@\ivlangheader{Old English}{West Saxon normalization unmarked}!windan@\iventry{windan}{}}	oe		windan	windan	comparison_form	explicit_tag	Germanic/docs/lexeme_reports/model_entries/2294-wind-windan.model.md:25	1	Germanic/docs/lexeme_reports/model_entries/2294-wind-windan.model.md:25:1
Germanic/docs/lexeme_reports/model_entries/2296-withy-wīþiġ.model.md:29:1	Germanic/docs/lexeme_reports/model_entries/2296-withy-wīþiġ.model.md:29:1	explicit_tag	Germanic/docs/lexeme_reports/model_entries/2296-withy-wīþiġ.model.md:29	\index[iv]{03pgmc@\ivlangheader{Proto-Germanic}{}!withaga@\iventry{*wī́θagą}{}}	pgmc		*wī́θagą	withaga	selected_input	explicit_tag	Germanic/docs/lexeme_reports/model_entries/2296-withy-wīþiġ.model.md:29	1	Germanic/docs/lexeme_reports/model_entries/2296-withy-wīþiġ.model.md:29:1
Germanic/docs/lexeme_reports/model_entries/2296-withy-wīþiġ.model.md:35:1	Germanic/docs/lexeme_reports/model_entries/2296-withy-wīþiġ.model.md:35:1	explicit_tag	Germanic/docs/lexeme_reports/model_entries/2296-withy-wīþiġ.model.md:35	\index[iv]{02oe@\ivlangheader{Old English}{West Saxon normalization unmarked}!withig@\iventry{wiðig}{}}	oe		wiðig	withig	comparison_form	explicit_tag	Germanic/docs/lexeme_reports/model_entries/2296-withy-wīþiġ.model.md:35	1	Germanic/docs/lexeme_reports/model_entries/2296-withy-wīþiġ.model.md:35:1
Germanic/docs/lexeme_reports/model_entries/2296-withy-wīþiġ.model.md:36:1	Germanic/docs/lexeme_reports/model_entries/2296-withy-wīþiġ.model.md:36:1	explicit_tag	Germanic/docs/lexeme_reports/model_entries/2296-withy-wīþiġ.model.md:36	\index[iv]{02oe@\ivlangheader{Old English}{West Saxon normalization unmarked}!withig@\iventry{wīþiġ}{}}	oe		wīþiġ	withig	target_form	explicit_tag	Germanic/docs/lexeme_reports/model_entries/2296-withy-wīþiġ.model.md:36	1	Germanic/docs/lexeme_reports/model_entries/2296-withy-wīþiġ.model.md:36:1
Germanic/docs/lexeme_reports/model_entries/2296-withy-wīþiġ.model.md:41:1	Germanic/docs/lexeme_reports/model_entries/2296-withy-wīþiġ.model.md:41:1	explicit_tag	Germanic/docs/lexeme_reports/model_entries/2296-withy-wīþiġ.model.md:41	\index[iv]{03pgmc@\ivlangheader{Proto-Germanic}{}!withaga@\iventry{*wī́θagą}{}}	pgmc		*wī́θagą	withaga	selected_input	explicit_tag	Germanic/docs/lexeme_reports/model_entries/2296-withy-wīþiġ.model.md:41	1	Germanic/docs/lexeme_reports/model_entries/2296-withy-wīþiġ.model.md:41:1
Germanic/docs/lexeme_reports/model_entries/2296-withy-wīþiġ.model.md:46:1	Germanic/docs/lexeme_reports/model_entries/2296-withy-wīþiġ.model.md:46:1	explicit_tag	Germanic/docs/lexeme_reports/model_entries/2296-withy-wīþiġ.model.md:46	\index[iv]{03pgmc@\ivlangheader{Proto-Germanic}{}!withaga@\iventry{*wī́θagą}{}}	pgmc		*wī́θagą	withaga	selected_input	explicit_tag	Germanic/docs/lexeme_reports/model_entries/2296-withy-wīþiġ.model.md:46	1	Germanic/docs/lexeme_reports/model_entries/2296-withy-wīþiġ.model.md:46:1
Germanic/docs/lexeme_reports/model_entries/2296-withy-wīþiġ.model.md:64:1	Germanic/docs/lexeme_reports/model_entries/2296-withy-wīþiġ.model.md:64:1	explicit_tag	Germanic/docs/lexeme_reports/model_entries/2296-withy-wīþiġ.model.md:64	\index[iv]{03pgmc@\ivlangheader{Proto-Germanic}{}!waithiz@\iventry{*wáiθiz}{}}	pgmc		*wáiθiz	waithiz	source_protoform	explicit_tag	Germanic/docs/lexeme_reports/model_entries/2296-withy-wīþiġ.model.md:64	1	Germanic/docs/lexeme_reports/model_entries/2296-withy-wīþiġ.model.md:64:1
Germanic/docs/lexeme_reports/model_entries/2296-withy-wīþiġ.model.md:65:1	Germanic/docs/lexeme_reports/model_entries/2296-withy-wīþiġ.model.md:65:1	explicit_tag	Germanic/docs/lexeme_reports/model_entries/2296-withy-wīþiġ.model.md:65	\index[iv]{02oe@\ivlangheader{Old English}{West Saxon normalization unmarked}!withig@\iventry{wīþiġ}{}}	oe		wīþiġ	withig	target_form	explicit_tag	Germanic/docs/lexeme_reports/model_entries/2296-withy-wīþiġ.model.md:65	1	Germanic/docs/lexeme_reports/model_entries/2296-withy-wīþiġ.model.md:65:1
Germanic/docs/lexeme_reports/model_entries/2296-withy-wīþiġ.model.md:66:1	Germanic/docs/lexeme_reports/model_entries/2296-withy-wīþiġ.model.md:66:1	explicit_tag	Germanic/docs/lexeme_reports/model_entries/2296-withy-wīþiġ.model.md:66	\index[iv]{03pgmc@\ivlangheader{Proto-Germanic}{}!withaga@\iventry{*wī́θagą}{}}	pgmc		*wī́θagą	withaga	selected_input	explicit_tag	Germanic/docs/lexeme_reports/model_entries/2296-withy-wīþiġ.model.md:66	1	Germanic/docs/lexeme_reports/model_entries/2296-withy-wīþiġ.model.md:66:1
Germanic/docs/lexeme_reports/model_entries/2296-withy-wīþiġ.model.md:66:3	Germanic/docs/lexeme_reports/model_entries/2296-withy-wīþiġ.model.md:66:3	explicit_tag	Germanic/docs/lexeme_reports/model_entries/2296-withy-wīþiġ.model.md:66	\index[iv]{02oe@\ivlangheader{Old English}{West Saxon normalization unmarked}!withig@\iventry{wīþiġ}{}}	oe		wīþiġ	withig	target_form	explicit_tag	Germanic/docs/lexeme_reports/model_entries/2296-withy-wīþiġ.model.md:66	1	Germanic/docs/lexeme_reports/model_entries/2296-withy-wīþiġ.model.md:66:3
Germanic/docs/lexeme_reports/model_entries/2297-wold-weald.model.md:21:2	Germanic/docs/lexeme_reports/model_entries/2297-wold-weald.model.md:21:2	explicit_tag	Germanic/docs/lexeme_reports/model_entries/2297-wold-weald.model.md:21	\index[iv]{02oe@\ivlangheader{Old English}{West Saxon normalization unmarked}!wald@\iventry{wald}{}}	oe		wald	wald	comparison_form	explicit_tag	Germanic/docs/lexeme_reports/model_entries/2297-wold-weald.model.md:21	1	Germanic/docs/lexeme_reports/model_entries/2297-wold-weald.model.md:21:2
Germanic/docs/lexeme_reports/model_entries/2297-wold-weald.model.md:21:1	Germanic/docs/lexeme_reports/model_entries/2297-wold-weald.model.md:21:1	explicit_tag	Germanic/docs/lexeme_reports/model_entries/2297-wold-weald.model.md:21	\index[iv]{02oe@\ivlangheader{Old English}{West Saxon normalization unmarked}!weald@\iventry{weald}{}}	oe		weald	weald	comparison_form	explicit_tag	Germanic/docs/lexeme_reports/model_entries/2297-wold-weald.model.md:21	1	Germanic/docs/lexeme_reports/model_entries/2297-wold-weald.model.md:21:1
Germanic/docs/lexeme_reports/model_entries/2297-wold-weald.model.md:25:2	Germanic/docs/lexeme_reports/model_entries/2297-wold-weald.model.md:25:2	explicit_tag	Germanic/docs/lexeme_reports/model_entries/2297-wold-weald.model.md:25	\index[iv]{02oe@\ivlangheader{Old English}{West Saxon normalization unmarked}!wald~04@\iventry{wald}{Angl.}}	oe	angl	wald	wald	comparison_form	explicit_tag	Germanic/docs/lexeme_reports/model_entries/2297-wold-weald.model.md:25	1	Germanic/docs/lexeme_reports/model_entries/2297-wold-weald.model.md:25:2
Germanic/docs/lexeme_reports/model_entries/2297-wold-weald.model.md:25:1	Germanic/docs/lexeme_reports/model_entries/2297-wold-weald.model.md:25:1	explicit_tag	Germanic/docs/lexeme_reports/model_entries/2297-wold-weald.model.md:25	\index[iv]{02oe@\ivlangheader{Old English}{West Saxon normalization unmarked}!weald@\iventry{weald}{}}	oe		weald	weald	comparison_form	explicit_tag	Germanic/docs/lexeme_reports/model_entries/2297-wold-weald.model.md:25	1	Germanic/docs/lexeme_reports/model_entries/2297-wold-weald.model.md:25:1
Germanic/docs/lexeme_reports/model_entries/2297-wold-weald.model.md:25:3	Germanic/docs/lexeme_reports/model_entries/2297-wold-weald.model.md:25:3	explicit_tag	Germanic/docs/lexeme_reports/model_entries/2297-wold-weald.model.md:25	\index[iv]{02oe@\ivlangheader{Old English}{West Saxon normalization unmarked}!wold@\iventry{wold}{}}	oe		wold	wold	comparison_form	explicit_tag	Germanic/docs/lexeme_reports/model_entries/2297-wold-weald.model.md:25	1	Germanic/docs/lexeme_reports/model_entries/2297-wold-weald.model.md:25:3
Germanic/docs/lexeme_reports/model_entries/2297-wold-weald.model.md:29:1	Germanic/docs/lexeme_reports/model_entries/2297-wold-weald.model.md:29:1	explicit_tag	Germanic/docs/lexeme_reports/model_entries/2297-wold-weald.model.md:29	\index[iv]{02oe@\ivlangheader{Old English}{West Saxon normalization unmarked}!weald@\iventry{weald}{}}	oe		weald	weald	comparison_form	explicit_tag	Germanic/docs/lexeme_reports/model_entries/2297-wold-weald.model.md:29	1	Germanic/docs/lexeme_reports/model_entries/2297-wold-weald.model.md:29:1
Germanic/docs/lexeme_reports/model_entries/2297-wold-weald.model.md:33:1	Germanic/docs/lexeme_reports/model_entries/2297-wold-weald.model.md:33:1	explicit_tag	Germanic/docs/lexeme_reports/model_entries/2297-wold-weald.model.md:33	\index[iv]{02oe@\ivlangheader{Old English}{West Saxon normalization unmarked}!wald~04@\iventry{wald}{Angl.}}	oe	angl	wald	wald	comparison_form	explicit_tag	Germanic/docs/lexeme_reports/model_entries/2297-wold-weald.model.md:33	1	Germanic/docs/lexeme_reports/model_entries/2297-wold-weald.model.md:33:1
Germanic/docs/lexeme_reports/model_entries/2297-wold-weald.model.md:33:2	Germanic/docs/lexeme_reports/model_entries/2297-wold-weald.model.md:33:2	explicit_tag	Germanic/docs/lexeme_reports/model_entries/2297-wold-weald.model.md:33	\index[iv]{02oe@\ivlangheader{Old English}{West Saxon normalization unmarked}!weald@\iventry{weald}{}}	oe		weald	weald	comparison_form	explicit_tag	Germanic/docs/lexeme_reports/model_entries/2297-wold-weald.model.md:33	1	Germanic/docs/lexeme_reports/model_entries/2297-wold-weald.model.md:33:2
Germanic/docs/lexeme_reports/model_entries/2298-wolf-wulf.model.md:37:1	Germanic/docs/lexeme_reports/model_entries/2298-wolf-wulf.model.md:37:1	explicit_tag	Germanic/docs/lexeme_reports/model_entries/2298-wolf-wulf.model.md:37	\index[iv]{02oe@\ivlangheader{Old English}{West Saxon normalization unmarked}!wulfe@\iventry{wulfe}{}}	oe		wulfe	wulfe	comparison_form	explicit_tag	Germanic/docs/lexeme_reports/model_entries/2298-wolf-wulf.model.md:37	1	Germanic/docs/lexeme_reports/model_entries/2298-wolf-wulf.model.md:37:1
Germanic/docs/lexeme_reports/model_entries/2298-wolf-wulf.model.md:38:2	Germanic/docs/lexeme_reports/model_entries/2298-wolf-wulf.model.md:38:2	explicit_tag	Germanic/docs/lexeme_reports/model_entries/2298-wolf-wulf.model.md:38	\index[iv]{02oe@\ivlangheader{Old English}{West Saxon normalization unmarked}!wulfai@\iventry{wulfai}{}}	oe		wulfai	wulfai	comparison_form	explicit_tag	Germanic/docs/lexeme_reports/model_entries/2298-wolf-wulf.model.md:38	1	Germanic/docs/lexeme_reports/model_entries/2298-wolf-wulf.model.md:38:2
Germanic/docs/lexeme_reports/model_entries/2298-wolf-wulf.model.md:38:1	Germanic/docs/lexeme_reports/model_entries/2298-wolf-wulf.model.md:38:1	explicit_tag	Germanic/docs/lexeme_reports/model_entries/2298-wolf-wulf.model.md:38	\index[iv]{02oe@\ivlangheader{Old English}{West Saxon normalization unmarked}!wulfi@\iventry{wulfi}{}}	oe		wulfi	wulfi	comparison_form	explicit_tag	Germanic/docs/lexeme_reports/model_entries/2298-wolf-wulf.model.md:38	1	Germanic/docs/lexeme_reports/model_entries/2298-wolf-wulf.model.md:38:1
Germanic/docs/lexeme_reports/model_entries/2298-wolf-wulf.model.md:53:1	Germanic/docs/lexeme_reports/model_entries/2298-wolf-wulf.model.md:53:1	explicit_tag	Germanic/docs/lexeme_reports/model_entries/2298-wolf-wulf.model.md:53	\index[iv]{02oe@\ivlangheader{Old English}{West Saxon normalization unmarked}!wylf@\iventry{wylf}{}}	oe		wylf	wylf	comparison_form	explicit_tag	Germanic/docs/lexeme_reports/model_entries/2298-wolf-wulf.model.md:53	1	Germanic/docs/lexeme_reports/model_entries/2298-wolf-wulf.model.md:53:1
Germanic/docs/lexeme_reports/model_entries/2300-wool-wull.model.md:24:1	Germanic/docs/lexeme_reports/model_entries/2300-wool-wull.model.md:24:1	explicit_tag	Germanic/docs/lexeme_reports/model_entries/2300-wool-wull.model.md:24	\index[iv]{09ohg@\ivlangheader{Old High German}{}!foll@\iventry{foll}{}}	ohg		foll	foll	comparison_form	explicit_tag	Germanic/docs/lexeme_reports/model_entries/2300-wool-wull.model.md:24	1	Germanic/docs/lexeme_reports/model_entries/2300-wool-wull.model.md:24:1
Germanic/docs/lexeme_reports/model_entries/2300-wool-wull.model.md:28:1	Germanic/docs/lexeme_reports/model_entries/2300-wool-wull.model.md:28:1	explicit_tag	Germanic/docs/lexeme_reports/model_entries/2300-wool-wull.model.md:28	\index[iv]{02oe@\ivlangheader{Old English}{West Saxon normalization unmarked}!wulle@\iventry{wulle}{}}	oe		wulle	wulle	comparison_form	explicit_tag	Germanic/docs/lexeme_reports/model_entries/2300-wool-wull.model.md:28	1	Germanic/docs/lexeme_reports/model_entries/2300-wool-wull.model.md:28:1
Germanic/docs/lexeme_reports/model_entries/2300-wool-wull.model.md:31:1	Germanic/docs/lexeme_reports/model_entries/2300-wool-wull.model.md:31:1	explicit_tag	Germanic/docs/lexeme_reports/model_entries/2300-wool-wull.model.md:31	\index[iv]{02oe@\ivlangheader{Old English}{West Saxon normalization unmarked}!wull@\iventry{wull}{}}	oe		wull	wull	comparison_form	explicit_tag	Germanic/docs/lexeme_reports/model_entries/2300-wool-wull.model.md:31	1	Germanic/docs/lexeme_reports/model_entries/2300-wool-wull.model.md:31:1
Germanic/docs/lexeme_reports/model_entries/2300-wool-wull.model.md:31:2	Germanic/docs/lexeme_reports/model_entries/2300-wool-wull.model.md:31:2	explicit_tag	Germanic/docs/lexeme_reports/model_entries/2300-wool-wull.model.md:31	\index[iv]{02oe@\ivlangheader{Old English}{West Saxon normalization unmarked}!wulle@\iventry{wulle}{}}	oe		wulle	wulle	comparison_form	explicit_tag	Germanic/docs/lexeme_reports/model_entries/2300-wool-wull.model.md:31	1	Germanic/docs/lexeme_reports/model_entries/2300-wool-wull.model.md:31:2
Germanic/docs/lexeme_reports/model_entries/2300-wool-wull.model.md:35:1	Germanic/docs/lexeme_reports/model_entries/2300-wool-wull.model.md:35:1	explicit_tag	Germanic/docs/lexeme_reports/model_entries/2300-wool-wull.model.md:35	\index[iv]{02oe@\ivlangheader{Old English}{West Saxon normalization unmarked}!wull@\iventry{wull}{}}	oe		wull	wull	target_form	explicit_tag	Germanic/docs/lexeme_reports/model_entries/2300-wool-wull.model.md:35	1	Germanic/docs/lexeme_reports/model_entries/2300-wool-wull.model.md:35:1
Germanic/docs/lexeme_reports/model_entries/2300-wool-wull.model.md:35:2	Germanic/docs/lexeme_reports/model_entries/2300-wool-wull.model.md:35:2	explicit_tag	Germanic/docs/lexeme_reports/model_entries/2300-wool-wull.model.md:35	\index[iv]{02oe@\ivlangheader{Old English}{West Saxon normalization unmarked}!wulle@\iventry{wulle}{}}	oe		wulle	wulle	comparison_form	explicit_tag	Germanic/docs/lexeme_reports/model_entries/2300-wool-wull.model.md:35	1	Germanic/docs/lexeme_reports/model_entries/2300-wool-wull.model.md:35:2
Germanic/docs/lexeme_reports/model_entries/2302-world-weorold.model.md:28:1	Germanic/docs/lexeme_reports/model_entries/2302-world-weorold.model.md:28:1	explicit_tag	Germanic/docs/lexeme_reports/model_entries/2302-world-weorold.model.md:28	\index[iv]{03pgmc@\ivlangheader{Proto-Germanic}{}!wiraldu@\iventry{*wír-àldu}{}}	pgmc		*wír-àldu	wiraldu	selected_input	explicit_tag	Germanic/docs/lexeme_reports/model_entries/2302-world-weorold.model.md:28	1	Germanic/docs/lexeme_reports/model_entries/2302-world-weorold.model.md:28:1
Germanic/docs/lexeme_reports/model_entries/2302-world-weorold.model.md:37:1	Germanic/docs/lexeme_reports/model_entries/2302-world-weorold.model.md:37:1	explicit_tag	Germanic/docs/lexeme_reports/model_entries/2302-world-weorold.model.md:37	\index[iv]{02oe@\ivlangheader{Old English}{West Saxon normalization unmarked}!weorold@\iventry{weorold}{}}	oe		weorold	weorold	target_form	explicit_tag	Germanic/docs/lexeme_reports/model_entries/2302-world-weorold.model.md:37	1	Germanic/docs/lexeme_reports/model_entries/2302-world-weorold.model.md:37:1
Germanic/docs/lexeme_reports/model_entries/2302-world-weorold.model.md:37:3	Germanic/docs/lexeme_reports/model_entries/2302-world-weorold.model.md:37:3	explicit_tag	Germanic/docs/lexeme_reports/model_entries/2302-world-weorold.model.md:37	\index[iv]{02oe@\ivlangheader{Old English}{West Saxon normalization unmarked}!weoruld~05@\iventry{weoruld}{Merc.}}	oe	merc	weoruld	weoruld	comparison_form	explicit_tag	Germanic/docs/lexeme_reports/model_entries/2302-world-weorold.model.md:37	1	Germanic/docs/lexeme_reports/model_entries/2302-world-weorold.model.md:37:3
Germanic/docs/lexeme_reports/model_entries/2302-world-weorold.model.md:37:2	Germanic/docs/lexeme_reports/model_entries/2302-world-weorold.model.md:37:2	explicit_tag	Germanic/docs/lexeme_reports/model_entries/2302-world-weorold.model.md:37	\index[iv]{02oe@\ivlangheader{Old English}{West Saxon normalization unmarked}!worold@\iventry{worold}{}}	oe		worold	worold	comparison_form	explicit_tag	Germanic/docs/lexeme_reports/model_entries/2302-world-weorold.model.md:37	1	Germanic/docs/lexeme_reports/model_entries/2302-world-weorold.model.md:37:2
Germanic/docs/lexeme_reports/model_entries/2302-world-weorold.model.md:38:2	Germanic/docs/lexeme_reports/model_entries/2302-world-weorold.model.md:38:2	explicit_tag	Germanic/docs/lexeme_reports/model_entries/2302-world-weorold.model.md:38	\index[iv]{02oe@\ivlangheader{Old English}{West Saxon normalization unmarked}!wiarald~07@\iventry{wiarald}{Kent.}}	oe	kent	wiarald	wiarald	comparison_form	explicit_tag	Germanic/docs/lexeme_reports/model_entries/2302-world-weorold.model.md:38	1	Germanic/docs/lexeme_reports/model_entries/2302-world-weorold.model.md:38:2
Germanic/docs/lexeme_reports/model_entries/2302-world-weorold.model.md:38:1	Germanic/docs/lexeme_reports/model_entries/2302-world-weorold.model.md:38:1	explicit_tag	Germanic/docs/lexeme_reports/model_entries/2302-world-weorold.model.md:38	\index[iv]{02oe@\ivlangheader{Old English}{West Saxon normalization unmarked}!woruld@\iventry{woruld}{}}	oe		woruld	woruld	comparison_form	explicit_tag	Germanic/docs/lexeme_reports/model_entries/2302-world-weorold.model.md:38	1	Germanic/docs/lexeme_reports/model_entries/2302-world-weorold.model.md:38:1
Germanic/docs/lexeme_reports/model_entries/2302-world-weorold.model.md:39:1	Germanic/docs/lexeme_reports/model_entries/2302-world-weorold.model.md:39:1	explicit_tag	Germanic/docs/lexeme_reports/model_entries/2302-world-weorold.model.md:39	\index[iv]{02oe@\ivlangheader{Old English}{West Saxon normalization unmarked}!world@\iventry{world}{}}	oe		world	world	comparison_form	explicit_tag	Germanic/docs/lexeme_reports/model_entries/2302-world-weorold.model.md:39	1	Germanic/docs/lexeme_reports/model_entries/2302-world-weorold.model.md:39:1
Germanic/docs/lexeme_reports/model_entries/2302-world-weorold.model.md:39:2	Germanic/docs/lexeme_reports/model_entries/2302-world-weorold.model.md:39:2	explicit_tag	Germanic/docs/lexeme_reports/model_entries/2302-world-weorold.model.md:39	\index[iv]{02oe@\ivlangheader{Old English}{West Saxon normalization unmarked}!wurold@\iventry{wurold}{}}	oe		wurold	wurold	comparison_form	explicit_tag	Germanic/docs/lexeme_reports/model_entries/2302-world-weorold.model.md:39	1	Germanic/docs/lexeme_reports/model_entries/2302-world-weorold.model.md:39:2
Germanic/docs/lexeme_reports/model_entries/2302-world-weorold.model.md:42:1	Germanic/docs/lexeme_reports/model_entries/2302-world-weorold.model.md:42:1	explicit_tag	Germanic/docs/lexeme_reports/model_entries/2302-world-weorold.model.md:42	\index[iv]{02oe@\ivlangheader{Old English}{West Saxon normalization unmarked}!weorold@\iventry{weorold}{}}	oe		weorold	weorold	target_form	explicit_tag	Germanic/docs/lexeme_reports/model_entries/2302-world-weorold.model.md:42	1	Germanic/docs/lexeme_reports/model_entries/2302-world-weorold.model.md:42:1
Germanic/docs/lexeme_reports/model_entries/2302-world-weorold.model.md:67:1	Germanic/docs/lexeme_reports/model_entries/2302-world-weorold.model.md:67:1	explicit_tag	Germanic/docs/lexeme_reports/model_entries/2302-world-weorold.model.md:67	\index[iv]{03pgmc@\ivlangheader{Proto-Germanic}{}!wiraaldiz@\iventry{*wíra-àldiz}{}}	pgmc		*wíra-àldiz	wiraaldiz	source_protoform	explicit_tag	Germanic/docs/lexeme_reports/model_entries/2302-world-weorold.model.md:67	1	Germanic/docs/lexeme_reports/model_entries/2302-world-weorold.model.md:67:1
Germanic/docs/lexeme_reports/model_entries/2302-world-weorold.model.md:68:4	Germanic/docs/lexeme_reports/model_entries/2302-world-weorold.model.md:68:4	explicit_tag	Germanic/docs/lexeme_reports/model_entries/2302-world-weorold.model.md:68	\index[iv]{02oe@\ivlangheader{Old English}{West Saxon normalization unmarked}!weorold@\iventry{weorold}{}}	oe		weorold	weorold	target_form	explicit_tag	Germanic/docs/lexeme_reports/model_entries/2302-world-weorold.model.md:68	1	Germanic/docs/lexeme_reports/model_entries/2302-world-weorold.model.md:68:4
Germanic/docs/lexeme_reports/model_entries/2302-world-weorold.model.md:68:1	Germanic/docs/lexeme_reports/model_entries/2302-world-weorold.model.md:68:1	explicit_tag	Germanic/docs/lexeme_reports/model_entries/2302-world-weorold.model.md:68	\index[iv]{07preoe@\ivlangheader{Pre-Old English / prehistoric English}{}!weraldiz@\iventry{*weraldiz}{}}	preoe		*weraldiz	weraldiz	comparison_form	explicit_tag	Germanic/docs/lexeme_reports/model_entries/2302-world-weorold.model.md:68	1	Germanic/docs/lexeme_reports/model_entries/2302-world-weorold.model.md:68:1
Germanic/docs/lexeme_reports/model_entries/2302-world-weorold.model.md:68:2	Germanic/docs/lexeme_reports/model_entries/2302-world-weorold.model.md:68:2	explicit_tag	Germanic/docs/lexeme_reports/model_entries/2302-world-weorold.model.md:68	\index[iv]{07preoe@\ivlangheader{Pre-Old English / prehistoric English}{}!weraldu@\iventry{*weraldu}{}}	preoe		*weraldu	weraldu	comparison_form	explicit_tag	Germanic/docs/lexeme_reports/model_entries/2302-world-weorold.model.md:68	1	Germanic/docs/lexeme_reports/model_entries/2302-world-weorold.model.md:68:2
Germanic/docs/lexeme_reports/model_entries/2302-world-weorold.model.md:68:3	Germanic/docs/lexeme_reports/model_entries/2302-world-weorold.model.md:68:3	explicit_tag	Germanic/docs/lexeme_reports/model_entries/2302-world-weorold.model.md:68	\index[iv]{07preoe@\ivlangheader{Pre-Old English / prehistoric English}{}!weruld@\iventry{*weruld}{}}	preoe		*weruld	weruld	comparison_form	explicit_tag	Germanic/docs/lexeme_reports/model_entries/2302-world-weorold.model.md:68	1	Germanic/docs/lexeme_reports/model_entries/2302-world-weorold.model.md:68:3
Germanic/docs/lexeme_reports/model_entries/2302-world-weorold.model.md:68:5	Germanic/docs/lexeme_reports/model_entries/2302-world-weorold.model.md:68:5	explicit_tag	Germanic/docs/lexeme_reports/model_entries/2302-world-weorold.model.md:68	\index[iv]{02oe@\ivlangheader{Old English}{West Saxon normalization unmarked}!worold@\iventry{worold}{}}	oe		worold	worold	comparison_form	explicit_tag	Germanic/docs/lexeme_reports/model_entries/2302-world-weorold.model.md:68	1	Germanic/docs/lexeme_reports/model_entries/2302-world-weorold.model.md:68:5
Germanic/docs/lexeme_reports/model_entries/2302-world-weorold.model.md:69:1	Germanic/docs/lexeme_reports/model_entries/2302-world-weorold.model.md:69:1	explicit_tag	Germanic/docs/lexeme_reports/model_entries/2302-world-weorold.model.md:69	\index[iv]{03pgmc@\ivlangheader{Proto-Germanic}{}!wiraldu@\iventry{*wír-àldu}{}}	pgmc		*wír-àldu	wiraldu	selected_input	explicit_tag	Germanic/docs/lexeme_reports/model_entries/2302-world-weorold.model.md:69	1	Germanic/docs/lexeme_reports/model_entries/2302-world-weorold.model.md:69:1
Germanic/docs/lexeme_reports/model_entries/2302-world-weorold.model.md:70:2	Germanic/docs/lexeme_reports/model_entries/2302-world-weorold.model.md:70:2	explicit_tag	Germanic/docs/lexeme_reports/model_entries/2302-world-weorold.model.md:70	\index[iv]{02oe@\ivlangheader{Old English}{West Saxon normalization unmarked}!weoruld@\iventry{weoruld}{}}	oe		weoruld	weoruld	comparison_form	explicit_tag	Germanic/docs/lexeme_reports/model_entries/2302-world-weorold.model.md:70	1	Germanic/docs/lexeme_reports/model_entries/2302-world-weorold.model.md:70:2
Germanic/docs/lexeme_reports/model_entries/2302-world-weorold.model.md:70:4	Germanic/docs/lexeme_reports/model_entries/2302-world-weorold.model.md:70:4	explicit_tag	Germanic/docs/lexeme_reports/model_entries/2302-world-weorold.model.md:70	\index[iv]{02oe@\ivlangheader{Old English}{West Saxon normalization unmarked}!wiarald@\iventry{wiarald}{}}	oe		wiarald	wiarald	comparison_form	explicit_tag	Germanic/docs/lexeme_reports/model_entries/2302-world-weorold.model.md:70	1	Germanic/docs/lexeme_reports/model_entries/2302-world-weorold.model.md:70:4
Germanic/docs/lexeme_reports/model_entries/2302-world-weorold.model.md:70:5	Germanic/docs/lexeme_reports/model_entries/2302-world-weorold.model.md:70:5	explicit_tag	Germanic/docs/lexeme_reports/model_entries/2302-world-weorold.model.md:70	\index[iv]{02oe@\ivlangheader{Old English}{West Saxon normalization unmarked}!world@\iventry{world}{}}	oe		world	world	comparison_form	explicit_tag	Germanic/docs/lexeme_reports/model_entries/2302-world-weorold.model.md:70	1	Germanic/docs/lexeme_reports/model_entries/2302-world-weorold.model.md:70:5
Germanic/docs/lexeme_reports/model_entries/2302-world-weorold.model.md:70:1	Germanic/docs/lexeme_reports/model_entries/2302-world-weorold.model.md:70:1	explicit_tag	Germanic/docs/lexeme_reports/model_entries/2302-world-weorold.model.md:70	\index[iv]{02oe@\ivlangheader{Old English}{West Saxon normalization unmarked}!worold@\iventry{worold}{}}	oe		worold	worold	comparison_form	explicit_tag	Germanic/docs/lexeme_reports/model_entries/2302-world-weorold.model.md:70	1	Germanic/docs/lexeme_reports/model_entries/2302-world-weorold.model.md:70:1
Germanic/docs/lexeme_reports/model_entries/2302-world-weorold.model.md:70:3	Germanic/docs/lexeme_reports/model_entries/2302-world-weorold.model.md:70:3	explicit_tag	Germanic/docs/lexeme_reports/model_entries/2302-world-weorold.model.md:70	\index[iv]{02oe@\ivlangheader{Old English}{West Saxon normalization unmarked}!woruld@\iventry{woruld}{}}	oe		woruld	woruld	comparison_form	explicit_tag	Germanic/docs/lexeme_reports/model_entries/2302-world-weorold.model.md:70	1	Germanic/docs/lexeme_reports/model_entries/2302-world-weorold.model.md:70:3
Germanic/docs/lexeme_reports/model_entries/2305-yarn-ġearn.model.md:21:1	Germanic/docs/lexeme_reports/model_entries/2305-yarn-ġearn.model.md:21:1	explicit_tag	Germanic/docs/lexeme_reports/model_entries/2305-yarn-ġearn.model.md:21	\index[iv]{02oe@\ivlangheader{Old English}{West Saxon normalization unmarked}!gearn@\iventry{gearn}{}}	oe		gearn	gearn	comparison_form	explicit_tag	Germanic/docs/lexeme_reports/model_entries/2305-yarn-ġearn.model.md:21	1	Germanic/docs/lexeme_reports/model_entries/2305-yarn-ġearn.model.md:21:1
Germanic/docs/lexeme_reports/model_entries/2305-yarn-ġearn.model.md:25:1	Germanic/docs/lexeme_reports/model_entries/2305-yarn-ġearn.model.md:25:1	explicit_tag	Germanic/docs/lexeme_reports/model_entries/2305-yarn-ġearn.model.md:25	\index[iv]{02oe@\ivlangheader{Old English}{West Saxon normalization unmarked}!gearn@\iventry{gearn}{}}	oe		gearn	gearn	comparison_form	explicit_tag	Germanic/docs/lexeme_reports/model_entries/2305-yarn-ġearn.model.md:25	1	Germanic/docs/lexeme_reports/model_entries/2305-yarn-ġearn.model.md:25:1
Germanic/docs/lexeme_reports/model_entries/2308-youth-ġeoguþ.model.md:22:1	Germanic/docs/lexeme_reports/model_entries/2308-youth-ġeoguþ.model.md:22:1	explicit_tag	Germanic/docs/lexeme_reports/model_entries/2308-youth-ġeoguþ.model.md:22	\index[iv]{03pgmc@\ivlangheader{Proto-Germanic}{}!juwunthi@\iventry{*ju(w)unþi-}{}}	pgmc		*ju(w)unþi-	juwunthi	source_protoform	explicit_tag	Germanic/docs/lexeme_reports/model_entries/2308-youth-ġeoguþ.model.md:22	1	Germanic/docs/lexeme_reports/model_entries/2308-youth-ġeoguþ.model.md:22:1
Germanic/docs/lexeme_reports/model_entries/2308-youth-ġeoguþ.model.md:23:1	Germanic/docs/lexeme_reports/model_entries/2308-youth-ġeoguþ.model.md:23:1	explicit_tag	Germanic/docs/lexeme_reports/model_entries/2308-youth-ġeoguþ.model.md:23	\index[iv]{03pgmc@\ivlangheader{Proto-Germanic}{}!jugunthiz@\iventry{*júgunθiz}{}}	pgmc		*júgunθiz	jugunthiz	source_protoform	explicit_tag	Germanic/docs/lexeme_reports/model_entries/2308-youth-ġeoguþ.model.md:23	1	Germanic/docs/lexeme_reports/model_entries/2308-youth-ġeoguþ.model.md:23:1
Germanic/docs/lexeme_reports/model_entries/2308-youth-ġeoguþ.model.md:24:1	Germanic/docs/lexeme_reports/model_entries/2308-youth-ġeoguþ.model.md:24:1	explicit_tag	Germanic/docs/lexeme_reports/model_entries/2308-youth-ġeoguþ.model.md:24	\index[iv]{03pgmc@\ivlangheader{Proto-Germanic}{}!jugunth@\iventry{*júgunθ}{}}	pgmc		*júgunθ	jugunth	selected_input	explicit_tag	Germanic/docs/lexeme_reports/model_entries/2308-youth-ġeoguþ.model.md:24	1	Germanic/docs/lexeme_reports/model_entries/2308-youth-ġeoguþ.model.md:24:1
Germanic/docs/lexeme_reports/model_entries/2308-youth-ġeoguþ.model.md:35:1	Germanic/docs/lexeme_reports/model_entries/2308-youth-ġeoguþ.model.md:35:1	explicit_tag	Germanic/docs/lexeme_reports/model_entries/2308-youth-ġeoguþ.model.md:35	\index[iv]{02oe@\ivlangheader{Old English}{West Saxon normalization unmarked}!geoguth@\iventry{geoguþ}{}}	oe		geoguþ	geoguth	target_form	explicit_tag	Germanic/docs/lexeme_reports/model_entries/2308-youth-ġeoguþ.model.md:35	1	Germanic/docs/lexeme_reports/model_entries/2308-youth-ġeoguþ.model.md:35:1
Germanic/docs/lexeme_reports/model_entries/2308-youth-ġeoguþ.model.md:35:2	Germanic/docs/lexeme_reports/model_entries/2308-youth-ġeoguþ.model.md:35:2	explicit_tag	Germanic/docs/lexeme_reports/model_entries/2308-youth-ġeoguþ.model.md:35	\index[iv]{02oe@\ivlangheader{Old English}{West Saxon normalization unmarked}!iuguth@\iventry{iuguþ}{}}	oe		iuguþ	iuguth	comparison_form	explicit_tag	Germanic/docs/lexeme_reports/model_entries/2308-youth-ġeoguþ.model.md:35	1	Germanic/docs/lexeme_reports/model_entries/2308-youth-ġeoguþ.model.md:35:2
Germanic/docs/lexeme_reports/model_entries/2308-youth-ġeoguþ.model.md:36:1	Germanic/docs/lexeme_reports/model_entries/2308-youth-ġeoguþ.model.md:36:1	explicit_tag	Germanic/docs/lexeme_reports/model_entries/2308-youth-ġeoguþ.model.md:36	\index[iv]{02oe@\ivlangheader{Old English}{West Saxon normalization unmarked}!geoguth@\iventry{ġeoguþ}{}}	oe		ġeoguþ	geoguth	target_form	explicit_tag	Germanic/docs/lexeme_reports/model_entries/2308-youth-ġeoguþ.model.md:36	1	Germanic/docs/lexeme_reports/model_entries/2308-youth-ġeoguþ.model.md:36:1
Germanic/docs/lexeme_reports/model_entries/2308-youth-ġeoguþ.model.md:40:1	Germanic/docs/lexeme_reports/model_entries/2308-youth-ġeoguþ.model.md:40:1	explicit_tag	Germanic/docs/lexeme_reports/model_entries/2308-youth-ġeoguþ.model.md:40	\index[iv]{02oe@\ivlangheader{Old English}{West Saxon normalization unmarked}!geoguth@\iventry{ġeoguþ}{}}	oe		ġeoguþ	geoguth	target_form	explicit_tag	Germanic/docs/lexeme_reports/model_entries/2308-youth-ġeoguþ.model.md:40	1	Germanic/docs/lexeme_reports/model_entries/2308-youth-ġeoguþ.model.md:40:1
Germanic/docs/lexeme_reports/model_entries/2308-youth-ġeoguþ.model.md:48:1	Germanic/docs/lexeme_reports/model_entries/2308-youth-ġeoguþ.model.md:48:1	explicit_tag	Germanic/docs/lexeme_reports/model_entries/2308-youth-ġeoguþ.model.md:48	\index[iv]{03pgmc@\ivlangheader{Proto-Germanic}{}!jugunth@\iventry{*júgunθ}{}}	pgmc		*júgunθ	jugunth	selected_input	explicit_tag	Germanic/docs/lexeme_reports/model_entries/2308-youth-ġeoguþ.model.md:48	1	Germanic/docs/lexeme_reports/model_entries/2308-youth-ġeoguþ.model.md:48:1
Germanic/docs/lexeme_reports/model_entries/2308-youth-ġeoguþ.model.md:52:1	Germanic/docs/lexeme_reports/model_entries/2308-youth-ġeoguþ.model.md:52:1	explicit_tag	Germanic/docs/lexeme_reports/model_entries/2308-youth-ġeoguþ.model.md:52	\index[iv]{02oe@\ivlangheader{Old English}{West Saxon normalization unmarked}!duguth@\iventry{duguþ}{}}	oe		duguþ	duguth	comparison_form	explicit_tag	Germanic/docs/lexeme_reports/model_entries/2308-youth-ġeoguþ.model.md:52	1	Germanic/docs/lexeme_reports/model_entries/2308-youth-ġeoguþ.model.md:52:1
Germanic/docs/lexeme_reports/model_entries/2308-youth-ġeoguþ.model.md:52:2	Germanic/docs/lexeme_reports/model_entries/2308-youth-ġeoguþ.model.md:52:2	explicit_tag	Germanic/docs/lexeme_reports/model_entries/2308-youth-ġeoguþ.model.md:52	\index[iv]{02oe@\ivlangheader{Old English}{West Saxon normalization unmarked}!munuc@\iventry{munuc}{}}	oe		munuc	munuc	comparison_form	explicit_tag	Germanic/docs/lexeme_reports/model_entries/2308-youth-ġeoguþ.model.md:52	1	Germanic/docs/lexeme_reports/model_entries/2308-youth-ġeoguþ.model.md:52:2
Germanic/docs/lexeme_reports/model_entries/2308-youth-ġeoguþ.model.md:53:1	Germanic/docs/lexeme_reports/model_entries/2308-youth-ġeoguþ.model.md:53:1	explicit_tag	Germanic/docs/lexeme_reports/model_entries/2308-youth-ġeoguþ.model.md:53	\index[iv]{02oe@\ivlangheader{Old English}{West Saxon normalization unmarked}!iuzuth@\iventry{iuzuð}{}}	oe		iuzuð	iuzuth	comparison_form	explicit_tag	Germanic/docs/lexeme_reports/model_entries/2308-youth-ġeoguþ.model.md:53	1	Germanic/docs/lexeme_reports/model_entries/2308-youth-ġeoguþ.model.md:53:1
Germanic/docs/lexeme_reports/model_entries/2308-youth-ġeoguþ.model.md:53:2	Germanic/docs/lexeme_reports/model_entries/2308-youth-ġeoguþ.model.md:53:2	explicit_tag	Germanic/docs/lexeme_reports/model_entries/2308-youth-ġeoguþ.model.md:53	\index[iv]{02oe@\ivlangheader{Old English}{West Saxon normalization unmarked}!munuc@\iventry{munuc}{}}	oe		munuc	munuc	comparison_form	explicit_tag	Germanic/docs/lexeme_reports/model_entries/2308-youth-ġeoguþ.model.md:53	1	Germanic/docs/lexeme_reports/model_entries/2308-youth-ġeoguþ.model.md:53:2
Germanic/docs/lexeme_reports/model_entries/2308-youth-ġeoguþ.model.md:63:1	Germanic/docs/lexeme_reports/model_entries/2308-youth-ġeoguþ.model.md:63:1	explicit_tag	Germanic/docs/lexeme_reports/model_entries/2308-youth-ġeoguþ.model.md:63	\index[iv]{03pgmc@\ivlangheader{Proto-Germanic}{}!juwunthi@\iventry{*ju(w)unþi-}{}}	pgmc		*ju(w)unþi-	juwunthi	source_protoform	explicit_tag	Germanic/docs/lexeme_reports/model_entries/2308-youth-ġeoguþ.model.md:63	1	Germanic/docs/lexeme_reports/model_entries/2308-youth-ġeoguþ.model.md:63:1
Germanic/docs/lexeme_reports/model_entries/2308-youth-ġeoguþ.model.md:64:1	Germanic/docs/lexeme_reports/model_entries/2308-youth-ġeoguþ.model.md:64:1	explicit_tag	Germanic/docs/lexeme_reports/model_entries/2308-youth-ġeoguþ.model.md:64	\index[iv]{03pgmc@\ivlangheader{Proto-Germanic}{}!jugunthiz@\iventry{*júgunθiz}{}}	pgmc		*júgunθiz	jugunthiz	source_protoform	explicit_tag	Germanic/docs/lexeme_reports/model_entries/2308-youth-ġeoguþ.model.md:64	1	Germanic/docs/lexeme_reports/model_entries/2308-youth-ġeoguþ.model.md:64:1
Germanic/docs/lexeme_reports/model_entries/2308-youth-ġeoguþ.model.md:65:1	Germanic/docs/lexeme_reports/model_entries/2308-youth-ġeoguþ.model.md:65:1	explicit_tag	Germanic/docs/lexeme_reports/model_entries/2308-youth-ġeoguþ.model.md:65	\index[iv]{03pgmc@\ivlangheader{Proto-Germanic}{}!jugunth@\iventry{*júgunθ}{}}	pgmc		*júgunθ	jugunth	selected_input	explicit_tag	Germanic/docs/lexeme_reports/model_entries/2308-youth-ġeoguþ.model.md:65	1	Germanic/docs/lexeme_reports/model_entries/2308-youth-ġeoguþ.model.md:65:1
Germanic/docs/lexeme_reports/model_entries/2308-youth-ġeoguþ.model.md:66:1	Germanic/docs/lexeme_reports/model_entries/2308-youth-ġeoguþ.model.md:66:1	explicit_tag	Germanic/docs/lexeme_reports/model_entries/2308-youth-ġeoguþ.model.md:66	\index[iv]{03pgmc@\ivlangheader{Proto-Germanic}{}!jugunthi@\iventry{*jugunþi}{}}	pgmc		*jugunþi	jugunthi	comparison_form	explicit_tag	Germanic/docs/lexeme_reports/model_entries/2308-youth-ġeoguþ.model.md:66	1	Germanic/docs/lexeme_reports/model_entries/2308-youth-ġeoguþ.model.md:66:1
Germanic/docs/lexeme_reports/model_entries/2309-make-(iptv.2sg)-maca.model.md:22:1	Germanic/docs/lexeme_reports/model_entries/2309-make-(iptv.2sg)-maca.model.md:22:1	explicit_tag	Germanic/docs/lexeme_reports/model_entries/2309-make-(iptv.2sg)-maca.model.md:22	\index[iv]{02oe@\ivlangheader{Old English}{West Saxon normalization unmarked}!macian@\iventry{macian}{}}	oe		macian	macian	comparison_form	explicit_tag	Germanic/docs/lexeme_reports/model_entries/2309-make-(iptv.2sg)-maca.model.md:22	1	Germanic/docs/lexeme_reports/model_entries/2309-make-(iptv.2sg)-maca.model.md:22:1
Germanic/docs/lexeme_reports/model_entries/2309-make-(iptv.2sg)-maca.model.md:24:1	Germanic/docs/lexeme_reports/model_entries/2309-make-(iptv.2sg)-maca.model.md:24:1	explicit_tag	Germanic/docs/lexeme_reports/model_entries/2309-make-(iptv.2sg)-maca.model.md:24	\index[iv]{10ofris@\ivlangheader{Old Frisian}{}!makia@\iventry{makia}{}}	ofris		makia	makia	comparison_form	explicit_tag	Germanic/docs/lexeme_reports/model_entries/2309-make-(iptv.2sg)-maca.model.md:24	1	Germanic/docs/lexeme_reports/model_entries/2309-make-(iptv.2sg)-maca.model.md:24:1
Germanic/docs/lexeme_reports/model_entries/2309-make-(iptv.2sg)-maca.model.md:24:2	Germanic/docs/lexeme_reports/model_entries/2309-make-(iptv.2sg)-maca.model.md:24:2	explicit_tag	Germanic/docs/lexeme_reports/model_entries/2309-make-(iptv.2sg)-maca.model.md:24	\index[iv]{12os@\ivlangheader{Old Saxon}{}!makon@\iventry{makon}{}}	os		makon	makon	comparison_form	explicit_tag	Germanic/docs/lexeme_reports/model_entries/2309-make-(iptv.2sg)-maca.model.md:24	1	Germanic/docs/lexeme_reports/model_entries/2309-make-(iptv.2sg)-maca.model.md:24:2
Germanic/docs/lexeme_reports/model_entries/2309-make-(iptv.2sg)-maca.model.md:25:1	Germanic/docs/lexeme_reports/model_entries/2309-make-(iptv.2sg)-maca.model.md:25:1	explicit_tag	Germanic/docs/lexeme_reports/model_entries/2309-make-(iptv.2sg)-maca.model.md:25	\index[iv]{09ohg@\ivlangheader{Old High German}{}!mahhon@\iventry{mahhon}{}}	ohg		mahhon	mahhon	comparison_form	explicit_tag	Germanic/docs/lexeme_reports/model_entries/2309-make-(iptv.2sg)-maca.model.md:25	1	Germanic/docs/lexeme_reports/model_entries/2309-make-(iptv.2sg)-maca.model.md:25:1
Germanic/docs/lexeme_reports/model_entries/2309-make-(iptv.2sg)-maca.model.md:27:1	Germanic/docs/lexeme_reports/model_entries/2309-make-(iptv.2sg)-maca.model.md:27:1	explicit_tag	Germanic/docs/lexeme_reports/model_entries/2309-make-(iptv.2sg)-maca.model.md:27	\index[iv]{03pgmc@\ivlangheader{Proto-Germanic}{}!mako@\iventry{*mákô}{}}	pgmc		*mákô	mako	selected_input	explicit_tag	Germanic/docs/lexeme_reports/model_entries/2309-make-(iptv.2sg)-maca.model.md:27	1	Germanic/docs/lexeme_reports/model_entries/2309-make-(iptv.2sg)-maca.model.md:27:1
Germanic/docs/lexeme_reports/model_entries/2309-make-(iptv.2sg)-maca.model.md:34:1	Germanic/docs/lexeme_reports/model_entries/2309-make-(iptv.2sg)-maca.model.md:34:1	explicit_tag	Germanic/docs/lexeme_reports/model_entries/2309-make-(iptv.2sg)-maca.model.md:34	\index[iv]{02oe@\ivlangheader{Old English}{West Saxon normalization unmarked}!macian@\iventry{macian}{}}	oe		macian	macian	comparison_form	explicit_tag	Germanic/docs/lexeme_reports/model_entries/2309-make-(iptv.2sg)-maca.model.md:34	1	Germanic/docs/lexeme_reports/model_entries/2309-make-(iptv.2sg)-maca.model.md:34:1
Germanic/docs/lexeme_reports/model_entries/2309-make-(iptv.2sg)-maca.model.md:35:1	Germanic/docs/lexeme_reports/model_entries/2309-make-(iptv.2sg)-maca.model.md:35:1	explicit_tag	Germanic/docs/lexeme_reports/model_entries/2309-make-(iptv.2sg)-maca.model.md:35	\index[iv]{02oe@\ivlangheader{Old English}{West Saxon normalization unmarked}!maca@\iventry{maca}{}}	oe		maca	maca	target_form	explicit_tag	Germanic/docs/lexeme_reports/model_entries/2309-make-(iptv.2sg)-maca.model.md:35	1	Germanic/docs/lexeme_reports/model_entries/2309-make-(iptv.2sg)-maca.model.md:35:1
Germanic/docs/lexeme_reports/model_entries/2309-make-(iptv.2sg)-maca.model.md:36:2	Germanic/docs/lexeme_reports/model_entries/2309-make-(iptv.2sg)-maca.model.md:36:2	explicit_tag	Germanic/docs/lexeme_reports/model_entries/2309-make-(iptv.2sg)-maca.model.md:36	\index[iv]{02oe@\ivlangheader{Old English}{West Saxon normalization unmarked}!macath@\iventry{macaþ}{}}	oe		macaþ	macath	comparison_form	explicit_tag	Germanic/docs/lexeme_reports/model_entries/2309-make-(iptv.2sg)-maca.model.md:36	1	Germanic/docs/lexeme_reports/model_entries/2309-make-(iptv.2sg)-maca.model.md:36:2
Germanic/docs/lexeme_reports/model_entries/2309-make-(iptv.2sg)-maca.model.md:36:1	Germanic/docs/lexeme_reports/model_entries/2309-make-(iptv.2sg)-maca.model.md:36:1	explicit_tag	Germanic/docs/lexeme_reports/model_entries/2309-make-(iptv.2sg)-maca.model.md:36	\index[iv]{02oe@\ivlangheader{Old English}{West Saxon normalization unmarked}!macian@\iventry{macian}{}}	oe		macian	macian	comparison_form	explicit_tag	Germanic/docs/lexeme_reports/model_entries/2309-make-(iptv.2sg)-maca.model.md:36	1	Germanic/docs/lexeme_reports/model_entries/2309-make-(iptv.2sg)-maca.model.md:36:1
Germanic/docs/lexeme_reports/model_entries/2309-make-(iptv.2sg)-maca.model.md:60:2	Germanic/docs/lexeme_reports/model_entries/2309-make-(iptv.2sg)-maca.model.md:60:2	explicit_tag	Germanic/docs/lexeme_reports/model_entries/2309-make-(iptv.2sg)-maca.model.md:60	\index[iv]{02oe@\ivlangheader{Old English}{West Saxon normalization unmarked}!macian@\iventry{macian}{}}	oe		macian	macian	comparison_form	explicit_tag	Germanic/docs/lexeme_reports/model_entries/2309-make-(iptv.2sg)-maca.model.md:60	1	Germanic/docs/lexeme_reports/model_entries/2309-make-(iptv.2sg)-maca.model.md:60:2
Germanic/docs/lexeme_reports/model_entries/2309-make-(iptv.2sg)-maca.model.md:60:3	Germanic/docs/lexeme_reports/model_entries/2309-make-(iptv.2sg)-maca.model.md:60:3	explicit_tag	Germanic/docs/lexeme_reports/model_entries/2309-make-(iptv.2sg)-maca.model.md:60	\index[iv]{02oe@\ivlangheader{Old English}{West Saxon normalization unmarked}!macian@\iventry{macian}{}}	oe		macian	macian	comparison_form	explicit_tag	Germanic/docs/lexeme_reports/model_entries/2309-make-(iptv.2sg)-maca.model.md:60	1	Germanic/docs/lexeme_reports/model_entries/2309-make-(iptv.2sg)-maca.model.md:60:3
Germanic/docs/lexeme_reports/model_entries/2309-make-(iptv.2sg)-maca.model.md:60:1	Germanic/docs/lexeme_reports/model_entries/2309-make-(iptv.2sg)-maca.model.md:60:1	explicit_tag	Germanic/docs/lexeme_reports/model_entries/2309-make-(iptv.2sg)-maca.model.md:60	\index[iv]{03pgmc@\ivlangheader{Proto-Germanic}{}!makojana@\iventry{*mákōjaną}{}}	pgmc		*mákōjaną	makojana	source_protoform	explicit_tag	Germanic/docs/lexeme_reports/model_entries/2309-make-(iptv.2sg)-maca.model.md:60	1	Germanic/docs/lexeme_reports/model_entries/2309-make-(iptv.2sg)-maca.model.md:60:1
Germanic/docs/lexeme_reports/model_entries/2309-make-(iptv.2sg)-maca.model.md:61:3	Germanic/docs/lexeme_reports/model_entries/2309-make-(iptv.2sg)-maca.model.md:61:3	explicit_tag	Germanic/docs/lexeme_reports/model_entries/2309-make-(iptv.2sg)-maca.model.md:61	\index[iv]{02oe@\ivlangheader{Old English}{West Saxon normalization unmarked}!maca@\iventry{maca}{}}	oe		maca	maca	target_form	explicit_tag	Germanic/docs/lexeme_reports/model_entries/2309-make-(iptv.2sg)-maca.model.md:61	1	Germanic/docs/lexeme_reports/model_entries/2309-make-(iptv.2sg)-maca.model.md:61:3
Germanic/docs/lexeme_reports/model_entries/2309-make-(iptv.2sg)-maca.model.md:61:1	Germanic/docs/lexeme_reports/model_entries/2309-make-(iptv.2sg)-maca.model.md:61:1	explicit_tag	Germanic/docs/lexeme_reports/model_entries/2309-make-(iptv.2sg)-maca.model.md:61	\index[iv]{03pgmc@\ivlangheader{Proto-Germanic}{}!mako@\iventry{*mákô}{}}	pgmc		*mákô	mako	selected_input	explicit_tag	Germanic/docs/lexeme_reports/model_entries/2309-make-(iptv.2sg)-maca.model.md:61	1	Germanic/docs/lexeme_reports/model_entries/2309-make-(iptv.2sg)-maca.model.md:61:1
Germanic/docs/lexeme_reports/model_entries/2309-make-(iptv.2sg)-maca.model.md:62:2	Germanic/docs/lexeme_reports/model_entries/2309-make-(iptv.2sg)-maca.model.md:62:2	explicit_tag	Germanic/docs/lexeme_reports/model_entries/2309-make-(iptv.2sg)-maca.model.md:62	\index[iv]{02oe@\ivlangheader{Old English}{West Saxon normalization unmarked}!macath@\iventry{macaþ}{}}	oe		macaþ	macath	comparison_form	explicit_tag	Germanic/docs/lexeme_reports/model_entries/2309-make-(iptv.2sg)-maca.model.md:62	1	Germanic/docs/lexeme_reports/model_entries/2309-make-(iptv.2sg)-maca.model.md:62:2
Germanic/docs/lexeme_reports/model_entries/2309-make-(iptv.2sg)-maca.model.md:62:3	Germanic/docs/lexeme_reports/model_entries/2309-make-(iptv.2sg)-maca.model.md:62:3	explicit_tag	Germanic/docs/lexeme_reports/model_entries/2309-make-(iptv.2sg)-maca.model.md:62	\index[iv]{02oe@\ivlangheader{Old English}{West Saxon normalization unmarked}!macath@\iventry{macaþ}{}}	oe		macaþ	macath	comparison_form	explicit_tag	Germanic/docs/lexeme_reports/model_entries/2309-make-(iptv.2sg)-maca.model.md:62	1	Germanic/docs/lexeme_reports/model_entries/2309-make-(iptv.2sg)-maca.model.md:62:3
Germanic/docs/lexeme_reports/model_entries/2309-make-(iptv.2sg)-maca.model.md:62:1	Germanic/docs/lexeme_reports/model_entries/2309-make-(iptv.2sg)-maca.model.md:62:1	explicit_tag	Germanic/docs/lexeme_reports/model_entries/2309-make-(iptv.2sg)-maca.model.md:62	\index[iv]{03pgmc@\ivlangheader{Proto-Germanic}{}!makothi@\iventry{*mákōθi}{}}	pgmc		*mákōθi	makothi	comparison_form	explicit_tag	Germanic/docs/lexeme_reports/model_entries/2309-make-(iptv.2sg)-maca.model.md:62	1	Germanic/docs/lexeme_reports/model_entries/2309-make-(iptv.2sg)-maca.model.md:62:1
Germanic/docs/lexeme_reports/model_entries/2310-make-(3sg)-macaþ.model.md:22:1	Germanic/docs/lexeme_reports/model_entries/2310-make-(3sg)-macaþ.model.md:22:1	explicit_tag	Germanic/docs/lexeme_reports/model_entries/2310-make-(3sg)-macaþ.model.md:22	\index[iv]{03pgmc@\ivlangheader{Proto-Germanic}{}!makojan@\iventry{*makōjan-}{}}	pgmc		*makōjan-	makojan	source_protoform	explicit_tag	Germanic/docs/lexeme_reports/model_entries/2310-make-(3sg)-macaþ.model.md:22	1	Germanic/docs/lexeme_reports/model_entries/2310-make-(3sg)-macaþ.model.md:22:1
Germanic/docs/lexeme_reports/model_entries/2310-make-(3sg)-macaþ.model.md:24:1	Germanic/docs/lexeme_reports/model_entries/2310-make-(3sg)-macaþ.model.md:24:1	explicit_tag	Germanic/docs/lexeme_reports/model_entries/2310-make-(3sg)-macaþ.model.md:24	\index[iv]{02oe@\ivlangheader{Old English}{West Saxon normalization unmarked}!macian@\iventry{macian}{}}	oe		macian	macian	comparison_form	explicit_tag	Germanic/docs/lexeme_reports/model_entries/2310-make-(3sg)-macaþ.model.md:24	1	Germanic/docs/lexeme_reports/model_entries/2310-make-(3sg)-macaþ.model.md:24:1
Germanic/docs/lexeme_reports/model_entries/2310-make-(3sg)-macaþ.model.md:28:1	Germanic/docs/lexeme_reports/model_entries/2310-make-(3sg)-macaþ.model.md:28:1	explicit_tag	Germanic/docs/lexeme_reports/model_entries/2310-make-(3sg)-macaþ.model.md:28	\index[iv]{03pgmc@\ivlangheader{Proto-Germanic}{}!makothi@\iventry{*mákōθi}{}}	pgmc		*mákōθi	makothi	selected_input	explicit_tag	Germanic/docs/lexeme_reports/model_entries/2310-make-(3sg)-macaþ.model.md:28	1	Germanic/docs/lexeme_reports/model_entries/2310-make-(3sg)-macaþ.model.md:28:1
Germanic/docs/lexeme_reports/model_entries/2310-make-(3sg)-macaþ.model.md:33:1	Germanic/docs/lexeme_reports/model_entries/2310-make-(3sg)-macaþ.model.md:33:1	explicit_tag	Germanic/docs/lexeme_reports/model_entries/2310-make-(3sg)-macaþ.model.md:33	\index[iv]{02oe@\ivlangheader{Old English}{West Saxon normalization unmarked}!macian@\iventry{macian}{}}	oe		macian	macian	comparison_form	explicit_tag	Germanic/docs/lexeme_reports/model_entries/2310-make-(3sg)-macaþ.model.md:33	1	Germanic/docs/lexeme_reports/model_entries/2310-make-(3sg)-macaþ.model.md:33:1
Germanic/docs/lexeme_reports/model_entries/2310-make-(3sg)-macaþ.model.md:34:1	Germanic/docs/lexeme_reports/model_entries/2310-make-(3sg)-macaþ.model.md:34:1	explicit_tag	Germanic/docs/lexeme_reports/model_entries/2310-make-(3sg)-macaþ.model.md:34	\index[iv]{02oe@\ivlangheader{Old English}{West Saxon normalization unmarked}!macath@\iventry{macaþ}{}}	oe		macaþ	macath	target_form	explicit_tag	Germanic/docs/lexeme_reports/model_entries/2310-make-(3sg)-macaþ.model.md:34	1	Germanic/docs/lexeme_reports/model_entries/2310-make-(3sg)-macaþ.model.md:34:1
Germanic/docs/lexeme_reports/model_entries/2310-make-(3sg)-macaþ.model.md:36:1	Germanic/docs/lexeme_reports/model_entries/2310-make-(3sg)-macaþ.model.md:36:1	explicit_tag	Germanic/docs/lexeme_reports/model_entries/2310-make-(3sg)-macaþ.model.md:36	\index[iv]{02oe@\ivlangheader{Old English}{West Saxon normalization unmarked}!maca@\iventry{maca}{}}	oe		maca	maca	comparison_form	explicit_tag	Germanic/docs/lexeme_reports/model_entries/2310-make-(3sg)-macaþ.model.md:36	1	Germanic/docs/lexeme_reports/model_entries/2310-make-(3sg)-macaþ.model.md:36:1
Germanic/docs/lexeme_reports/model_entries/2310-make-(3sg)-macaþ.model.md:40:1	Germanic/docs/lexeme_reports/model_entries/2310-make-(3sg)-macaþ.model.md:40:1	explicit_tag	Germanic/docs/lexeme_reports/model_entries/2310-make-(3sg)-macaþ.model.md:40	\index[iv]{02oe@\ivlangheader{Old English}{West Saxon normalization unmarked}!macath@\iventry{Macaþ}{}}	oe		Macaþ	macath	comparison_form	explicit_tag	Germanic/docs/lexeme_reports/model_entries/2310-make-(3sg)-macaþ.model.md:40	1	Germanic/docs/lexeme_reports/model_entries/2310-make-(3sg)-macaþ.model.md:40:1
Germanic/docs/lexeme_reports/model_entries/2310-make-(3sg)-macaþ.model.md:47:1	Germanic/docs/lexeme_reports/model_entries/2310-make-(3sg)-macaþ.model.md:47:1	explicit_tag	Germanic/docs/lexeme_reports/model_entries/2310-make-(3sg)-macaþ.model.md:47	\index[iv]{02oe@\ivlangheader{Old English}{West Saxon normalization unmarked}!macian@\iventry{macian}{}}	oe		macian	macian	comparison_form	explicit_tag	Germanic/docs/lexeme_reports/model_entries/2310-make-(3sg)-macaþ.model.md:47	1	Germanic/docs/lexeme_reports/model_entries/2310-make-(3sg)-macaþ.model.md:47:1
Germanic/docs/lexeme_reports/model_entries/2310-make-(3sg)-macaþ.model.md:62:2	Germanic/docs/lexeme_reports/model_entries/2310-make-(3sg)-macaþ.model.md:62:2	explicit_tag	Germanic/docs/lexeme_reports/model_entries/2310-make-(3sg)-macaþ.model.md:62	\index[iv]{02oe@\ivlangheader{Old English}{West Saxon normalization unmarked}!macian@\iventry{macian}{}}	oe		macian	macian	comparison_form	explicit_tag	Germanic/docs/lexeme_reports/model_entries/2310-make-(3sg)-macaþ.model.md:62	1	Germanic/docs/lexeme_reports/model_entries/2310-make-(3sg)-macaþ.model.md:62:2
Germanic/docs/lexeme_reports/model_entries/2310-make-(3sg)-macaþ.model.md:62:3	Germanic/docs/lexeme_reports/model_entries/2310-make-(3sg)-macaþ.model.md:62:3	explicit_tag	Germanic/docs/lexeme_reports/model_entries/2310-make-(3sg)-macaþ.model.md:62	\index[iv]{02oe@\ivlangheader{Old English}{West Saxon normalization unmarked}!macian@\iventry{macian}{}}	oe		macian	macian	comparison_form	explicit_tag	Germanic/docs/lexeme_reports/model_entries/2310-make-(3sg)-macaþ.model.md:62	1	Germanic/docs/lexeme_reports/model_entries/2310-make-(3sg)-macaþ.model.md:62:3
Germanic/docs/lexeme_reports/model_entries/2310-make-(3sg)-macaþ.model.md:62:1	Germanic/docs/lexeme_reports/model_entries/2310-make-(3sg)-macaþ.model.md:62:1	explicit_tag	Germanic/docs/lexeme_reports/model_entries/2310-make-(3sg)-macaþ.model.md:62	\index[iv]{03pgmc@\ivlangheader{Proto-Germanic}{}!makojana@\iventry{*makōjaną}{}}	pgmc		*makōjaną	makojana	source_protoform	explicit_tag	Germanic/docs/lexeme_reports/model_entries/2310-make-(3sg)-macaþ.model.md:62	1	Germanic/docs/lexeme_reports/model_entries/2310-make-(3sg)-macaþ.model.md:62:1
Germanic/docs/lexeme_reports/model_entries/2310-make-(3sg)-macaþ.model.md:63:3	Germanic/docs/lexeme_reports/model_entries/2310-make-(3sg)-macaþ.model.md:63:3	explicit_tag	Germanic/docs/lexeme_reports/model_entries/2310-make-(3sg)-macaþ.model.md:63	\index[iv]{02oe@\ivlangheader{Old English}{West Saxon normalization unmarked}!macath@\iventry{macaþ}{}}	oe		macaþ	macath	target_form	explicit_tag	Germanic/docs/lexeme_reports/model_entries/2310-make-(3sg)-macaþ.model.md:63	1	Germanic/docs/lexeme_reports/model_entries/2310-make-(3sg)-macaþ.model.md:63:3
Germanic/docs/lexeme_reports/model_entries/2310-make-(3sg)-macaþ.model.md:63:1	Germanic/docs/lexeme_reports/model_entries/2310-make-(3sg)-macaþ.model.md:63:1	explicit_tag	Germanic/docs/lexeme_reports/model_entries/2310-make-(3sg)-macaþ.model.md:63	\index[iv]{03pgmc@\ivlangheader{Proto-Germanic}{}!makothi@\iventry{*mákōθi}{}}	pgmc		*mákōθi	makothi	selected_input	explicit_tag	Germanic/docs/lexeme_reports/model_entries/2310-make-(3sg)-macaþ.model.md:63	1	Germanic/docs/lexeme_reports/model_entries/2310-make-(3sg)-macaþ.model.md:63:1
Germanic/docs/lexeme_reports/model_entries/2310-make-(3sg)-macaþ.model.md:64:2	Germanic/docs/lexeme_reports/model_entries/2310-make-(3sg)-macaþ.model.md:64:2	explicit_tag	Germanic/docs/lexeme_reports/model_entries/2310-make-(3sg)-macaþ.model.md:64	\index[iv]{02oe@\ivlangheader{Old English}{West Saxon normalization unmarked}!maca@\iventry{maca}{}}	oe		maca	maca	comparison_form	explicit_tag	Germanic/docs/lexeme_reports/model_entries/2310-make-(3sg)-macaþ.model.md:64	1	Germanic/docs/lexeme_reports/model_entries/2310-make-(3sg)-macaþ.model.md:64:2
Germanic/docs/lexeme_reports/model_entries/2310-make-(3sg)-macaþ.model.md:64:3	Germanic/docs/lexeme_reports/model_entries/2310-make-(3sg)-macaþ.model.md:64:3	explicit_tag	Germanic/docs/lexeme_reports/model_entries/2310-make-(3sg)-macaþ.model.md:64	\index[iv]{02oe@\ivlangheader{Old English}{West Saxon normalization unmarked}!maca@\iventry{maca}{}}	oe		maca	maca	comparison_form	explicit_tag	Germanic/docs/lexeme_reports/model_entries/2310-make-(3sg)-macaþ.model.md:64	1	Germanic/docs/lexeme_reports/model_entries/2310-make-(3sg)-macaþ.model.md:64:3
Germanic/docs/lexeme_reports/model_entries/2310-make-(3sg)-macaþ.model.md:64:1	Germanic/docs/lexeme_reports/model_entries/2310-make-(3sg)-macaþ.model.md:64:1	explicit_tag	Germanic/docs/lexeme_reports/model_entries/2310-make-(3sg)-macaþ.model.md:64	\index[iv]{03pgmc@\ivlangheader{Proto-Germanic}{}!mako@\iventry{*mákô}{}}	pgmc		*mákô	mako	comparison_form	explicit_tag	Germanic/docs/lexeme_reports/model_entries/2310-make-(3sg)-macaþ.model.md:64	1	Germanic/docs/lexeme_reports/model_entries/2310-make-(3sg)-macaþ.model.md:64:1
Germanic/docs/lexeme_reports/model_entries/2311-bore-(iptv.2sg)-bora.model.md:22:1	Germanic/docs/lexeme_reports/model_entries/2311-bore-(iptv.2sg)-bora.model.md:22:1	explicit_tag	Germanic/docs/lexeme_reports/model_entries/2311-bore-(iptv.2sg)-bora.model.md:22	\index[iv]{02oe@\ivlangheader{Old English}{West Saxon normalization unmarked}!borian@\iventry{borian}{}}	oe		borian	borian	comparison_form	explicit_tag	Germanic/docs/lexeme_reports/model_entries/2311-bore-(iptv.2sg)-bora.model.md:22	1	Germanic/docs/lexeme_reports/model_entries/2311-bore-(iptv.2sg)-bora.model.md:22:1
Germanic/docs/lexeme_reports/model_entries/2311-bore-(iptv.2sg)-bora.model.md:31:1	Germanic/docs/lexeme_reports/model_entries/2311-bore-(iptv.2sg)-bora.model.md:31:1	explicit_tag	Germanic/docs/lexeme_reports/model_entries/2311-bore-(iptv.2sg)-bora.model.md:31	\index[iv]{02oe@\ivlangheader{Old English}{West Saxon normalization unmarked}!borian@\iventry{borian}{}}	oe		borian	borian	comparison_form	explicit_tag	Germanic/docs/lexeme_reports/model_entries/2311-bore-(iptv.2sg)-bora.model.md:31	1	Germanic/docs/lexeme_reports/model_entries/2311-bore-(iptv.2sg)-bora.model.md:31:1
Germanic/docs/lexeme_reports/model_entries/2311-bore-(iptv.2sg)-bora.model.md:57:2	Germanic/docs/lexeme_reports/model_entries/2311-bore-(iptv.2sg)-bora.model.md:57:2	explicit_tag	Germanic/docs/lexeme_reports/model_entries/2311-bore-(iptv.2sg)-bora.model.md:57	\index[iv]{02oe@\ivlangheader{Old English}{West Saxon normalization unmarked}!borian@\iventry{borian}{}}	oe		borian	borian	comparison_form	explicit_tag	Germanic/docs/lexeme_reports/model_entries/2311-bore-(iptv.2sg)-bora.model.md:57	1	Germanic/docs/lexeme_reports/model_entries/2311-bore-(iptv.2sg)-bora.model.md:57:2
Germanic/docs/lexeme_reports/model_entries/2311-bore-(iptv.2sg)-bora.model.md:57:3	Germanic/docs/lexeme_reports/model_entries/2311-bore-(iptv.2sg)-bora.model.md:57:3	explicit_tag	Germanic/docs/lexeme_reports/model_entries/2311-bore-(iptv.2sg)-bora.model.md:57	\index[iv]{02oe@\ivlangheader{Old English}{West Saxon normalization unmarked}!borian@\iventry{borian}{}}	oe		borian	borian	comparison_form	explicit_tag	Germanic/docs/lexeme_reports/model_entries/2311-bore-(iptv.2sg)-bora.model.md:57	1	Germanic/docs/lexeme_reports/model_entries/2311-bore-(iptv.2sg)-bora.model.md:57:3
Germanic/docs/lexeme_reports/model_entries/2311-bore-(iptv.2sg)-bora.model.md:57:1	Germanic/docs/lexeme_reports/model_entries/2311-bore-(iptv.2sg)-bora.model.md:57:1	explicit_tag	Germanic/docs/lexeme_reports/model_entries/2311-bore-(iptv.2sg)-bora.model.md:57	\index[iv]{03pgmc@\ivlangheader{Proto-Germanic}{}!burojana@\iventry{*burōjaną}{}}	pgmc		*burōjaną	burojana	source_protoform	explicit_tag	Germanic/docs/lexeme_reports/model_entries/2311-bore-(iptv.2sg)-bora.model.md:57	1	Germanic/docs/lexeme_reports/model_entries/2311-bore-(iptv.2sg)-bora.model.md:57:1
Germanic/docs/lexeme_reports/model_entries/2311-bore-(iptv.2sg)-bora.model.md:58:3	Germanic/docs/lexeme_reports/model_entries/2311-bore-(iptv.2sg)-bora.model.md:58:3	explicit_tag	Germanic/docs/lexeme_reports/model_entries/2311-bore-(iptv.2sg)-bora.model.md:58	\index[iv]{02oe@\ivlangheader{Old English}{West Saxon normalization unmarked}!bora@\iventry{bora}{}}	oe		bora	bora	target_form	explicit_tag	Germanic/docs/lexeme_reports/model_entries/2311-bore-(iptv.2sg)-bora.model.md:58	1	Germanic/docs/lexeme_reports/model_entries/2311-bore-(iptv.2sg)-bora.model.md:58:3
Germanic/docs/lexeme_reports/model_entries/2311-bore-(iptv.2sg)-bora.model.md:58:1	Germanic/docs/lexeme_reports/model_entries/2311-bore-(iptv.2sg)-bora.model.md:58:1	explicit_tag	Germanic/docs/lexeme_reports/model_entries/2311-bore-(iptv.2sg)-bora.model.md:58	\index[iv]{03pgmc@\ivlangheader{Proto-Germanic}{}!buro@\iventry{*búrô}{}}	pgmc		*búrô	buro	selected_input	explicit_tag	Germanic/docs/lexeme_reports/model_entries/2311-bore-(iptv.2sg)-bora.model.md:58	1	Germanic/docs/lexeme_reports/model_entries/2311-bore-(iptv.2sg)-bora.model.md:58:1
Germanic/docs/lexeme_reports/model_entries/2311-bore-(iptv.2sg)-bora.model.md:59:2	Germanic/docs/lexeme_reports/model_entries/2311-bore-(iptv.2sg)-bora.model.md:59:2	explicit_tag	Germanic/docs/lexeme_reports/model_entries/2311-bore-(iptv.2sg)-bora.model.md:59	\index[iv]{02oe@\ivlangheader{Old English}{West Saxon normalization unmarked}!borath@\iventry{boraþ}{}}	oe		boraþ	borath	comparison_form	explicit_tag	Germanic/docs/lexeme_reports/model_entries/2311-bore-(iptv.2sg)-bora.model.md:59	1	Germanic/docs/lexeme_reports/model_entries/2311-bore-(iptv.2sg)-bora.model.md:59:2
Germanic/docs/lexeme_reports/model_entries/2311-bore-(iptv.2sg)-bora.model.md:59:3	Germanic/docs/lexeme_reports/model_entries/2311-bore-(iptv.2sg)-bora.model.md:59:3	explicit_tag	Germanic/docs/lexeme_reports/model_entries/2311-bore-(iptv.2sg)-bora.model.md:59	\index[iv]{02oe@\ivlangheader{Old English}{West Saxon normalization unmarked}!borath@\iventry{boraþ}{}}	oe		boraþ	borath	comparison_form	explicit_tag	Germanic/docs/lexeme_reports/model_entries/2311-bore-(iptv.2sg)-bora.model.md:59	1	Germanic/docs/lexeme_reports/model_entries/2311-bore-(iptv.2sg)-bora.model.md:59:3
Germanic/docs/lexeme_reports/model_entries/2311-bore-(iptv.2sg)-bora.model.md:59:1	Germanic/docs/lexeme_reports/model_entries/2311-bore-(iptv.2sg)-bora.model.md:59:1	explicit_tag	Germanic/docs/lexeme_reports/model_entries/2311-bore-(iptv.2sg)-bora.model.md:59	\index[iv]{03pgmc@\ivlangheader{Proto-Germanic}{}!burothi@\iventry{*búrōθi}{}}	pgmc		*búrōθi	burothi	comparison_form	explicit_tag	Germanic/docs/lexeme_reports/model_entries/2311-bore-(iptv.2sg)-bora.model.md:59	1	Germanic/docs/lexeme_reports/model_entries/2311-bore-(iptv.2sg)-bora.model.md:59:1
Germanic/docs/lexeme_reports/model_entries/2312-bore-(3sg)-boraþ.model.md:22:1	Germanic/docs/lexeme_reports/model_entries/2312-bore-(3sg)-boraþ.model.md:22:1	explicit_tag	Germanic/docs/lexeme_reports/model_entries/2312-bore-(3sg)-boraþ.model.md:22	\index[iv]{02oe@\ivlangheader{Old English}{West Saxon normalization unmarked}!borian@\iventry{borian}{}}	oe		borian	borian	comparison_form	explicit_tag	Germanic/docs/lexeme_reports/model_entries/2312-bore-(3sg)-boraþ.model.md:22	1	Germanic/docs/lexeme_reports/model_entries/2312-bore-(3sg)-boraþ.model.md:22:1
Germanic/docs/lexeme_reports/model_entries/2312-bore-(3sg)-boraþ.model.md:31:1	Germanic/docs/lexeme_reports/model_entries/2312-bore-(3sg)-boraþ.model.md:31:1	explicit_tag	Germanic/docs/lexeme_reports/model_entries/2312-bore-(3sg)-boraþ.model.md:31	\index[iv]{02oe@\ivlangheader{Old English}{West Saxon normalization unmarked}!borian@\iventry{borian}{}}	oe		borian	borian	comparison_form	explicit_tag	Germanic/docs/lexeme_reports/model_entries/2312-bore-(3sg)-boraþ.model.md:31	1	Germanic/docs/lexeme_reports/model_entries/2312-bore-(3sg)-boraþ.model.md:31:1
Germanic/docs/lexeme_reports/model_entries/2312-bore-(3sg)-boraþ.model.md:32:1	Germanic/docs/lexeme_reports/model_entries/2312-bore-(3sg)-boraþ.model.md:32:1	explicit_tag	Germanic/docs/lexeme_reports/model_entries/2312-bore-(3sg)-boraþ.model.md:32	\index[iv]{02oe@\ivlangheader{Old English}{West Saxon normalization unmarked}!borath@\iventry{boraþ}{}}	oe		boraþ	borath	comparison_form	explicit_tag	Germanic/docs/lexeme_reports/model_entries/2312-bore-(3sg)-boraþ.model.md:32	1	Germanic/docs/lexeme_reports/model_entries/2312-bore-(3sg)-boraþ.model.md:32:1
Germanic/docs/lexeme_reports/model_entries/2312-bore-(3sg)-boraþ.model.md:37:1	Germanic/docs/lexeme_reports/model_entries/2312-bore-(3sg)-boraþ.model.md:37:1	explicit_tag	Germanic/docs/lexeme_reports/model_entries/2312-bore-(3sg)-boraþ.model.md:37	\index[iv]{02oe@\ivlangheader{Old English}{West Saxon normalization unmarked}!borath@\iventry{boraþ}{}}	oe		boraþ	borath	comparison_form	explicit_tag	Germanic/docs/lexeme_reports/model_entries/2312-bore-(3sg)-boraþ.model.md:37	1	Germanic/docs/lexeme_reports/model_entries/2312-bore-(3sg)-boraþ.model.md:37:1
Germanic/docs/lexeme_reports/model_entries/2312-bore-(3sg)-boraþ.model.md:43:1	Germanic/docs/lexeme_reports/model_entries/2312-bore-(3sg)-boraþ.model.md:43:1	explicit_tag	Germanic/docs/lexeme_reports/model_entries/2312-bore-(3sg)-boraþ.model.md:43	\index[iv]{02oe@\ivlangheader{Old English}{West Saxon normalization unmarked}!borath@\iventry{Boraþ}{}}	oe		Boraþ	borath	comparison_form	explicit_tag	Germanic/docs/lexeme_reports/model_entries/2312-bore-(3sg)-boraþ.model.md:43	1	Germanic/docs/lexeme_reports/model_entries/2312-bore-(3sg)-boraþ.model.md:43:1
Germanic/docs/lexeme_reports/model_entries/2312-bore-(3sg)-boraþ.model.md:57:2	Germanic/docs/lexeme_reports/model_entries/2312-bore-(3sg)-boraþ.model.md:57:2	explicit_tag	Germanic/docs/lexeme_reports/model_entries/2312-bore-(3sg)-boraþ.model.md:57	\index[iv]{02oe@\ivlangheader{Old English}{West Saxon normalization unmarked}!borian@\iventry{borian}{}}	oe		borian	borian	comparison_form	explicit_tag	Germanic/docs/lexeme_reports/model_entries/2312-bore-(3sg)-boraþ.model.md:57	1	Germanic/docs/lexeme_reports/model_entries/2312-bore-(3sg)-boraþ.model.md:57:2
Germanic/docs/lexeme_reports/model_entries/2312-bore-(3sg)-boraþ.model.md:57:3	Germanic/docs/lexeme_reports/model_entries/2312-bore-(3sg)-boraþ.model.md:57:3	explicit_tag	Germanic/docs/lexeme_reports/model_entries/2312-bore-(3sg)-boraþ.model.md:57	\index[iv]{02oe@\ivlangheader{Old English}{West Saxon normalization unmarked}!borian@\iventry{borian}{}}	oe		borian	borian	comparison_form	explicit_tag	Germanic/docs/lexeme_reports/model_entries/2312-bore-(3sg)-boraþ.model.md:57	1	Germanic/docs/lexeme_reports/model_entries/2312-bore-(3sg)-boraþ.model.md:57:3
Germanic/docs/lexeme_reports/model_entries/2312-bore-(3sg)-boraþ.model.md:57:1	Germanic/docs/lexeme_reports/model_entries/2312-bore-(3sg)-boraþ.model.md:57:1	explicit_tag	Germanic/docs/lexeme_reports/model_entries/2312-bore-(3sg)-boraþ.model.md:57	\index[iv]{03pgmc@\ivlangheader{Proto-Germanic}{}!burojana@\iventry{*burōjaną}{}}	pgmc		*burōjaną	burojana	source_protoform	explicit_tag	Germanic/docs/lexeme_reports/model_entries/2312-bore-(3sg)-boraþ.model.md:57	1	Germanic/docs/lexeme_reports/model_entries/2312-bore-(3sg)-boraþ.model.md:57:1
Germanic/docs/lexeme_reports/model_entries/2312-bore-(3sg)-boraþ.model.md:58:3	Germanic/docs/lexeme_reports/model_entries/2312-bore-(3sg)-boraþ.model.md:58:3	explicit_tag	Germanic/docs/lexeme_reports/model_entries/2312-bore-(3sg)-boraþ.model.md:58	\index[iv]{02oe@\ivlangheader{Old English}{West Saxon normalization unmarked}!borath@\iventry{boraþ}{}}	oe		boraþ	borath	target_form	explicit_tag	Germanic/docs/lexeme_reports/model_entries/2312-bore-(3sg)-boraþ.model.md:58	1	Germanic/docs/lexeme_reports/model_entries/2312-bore-(3sg)-boraþ.model.md:58:3
Germanic/docs/lexeme_reports/model_entries/2312-bore-(3sg)-boraþ.model.md:58:1	Germanic/docs/lexeme_reports/model_entries/2312-bore-(3sg)-boraþ.model.md:58:1	explicit_tag	Germanic/docs/lexeme_reports/model_entries/2312-bore-(3sg)-boraþ.model.md:58	\index[iv]{03pgmc@\ivlangheader{Proto-Germanic}{}!burothi@\iventry{*búrōθi}{}}	pgmc		*búrōθi	burothi	selected_input	explicit_tag	Germanic/docs/lexeme_reports/model_entries/2312-bore-(3sg)-boraþ.model.md:58	1	Germanic/docs/lexeme_reports/model_entries/2312-bore-(3sg)-boraþ.model.md:58:1
Germanic/docs/lexeme_reports/model_entries/2312-bore-(3sg)-boraþ.model.md:59:2	Germanic/docs/lexeme_reports/model_entries/2312-bore-(3sg)-boraþ.model.md:59:2	explicit_tag	Germanic/docs/lexeme_reports/model_entries/2312-bore-(3sg)-boraþ.model.md:59	\index[iv]{02oe@\ivlangheader{Old English}{West Saxon normalization unmarked}!bora@\iventry{bora}{}}	oe		bora	bora	comparison_form	explicit_tag	Germanic/docs/lexeme_reports/model_entries/2312-bore-(3sg)-boraþ.model.md:59	1	Germanic/docs/lexeme_reports/model_entries/2312-bore-(3sg)-boraþ.model.md:59:2
Germanic/docs/lexeme_reports/model_entries/2312-bore-(3sg)-boraþ.model.md:59:3	Germanic/docs/lexeme_reports/model_entries/2312-bore-(3sg)-boraþ.model.md:59:3	explicit_tag	Germanic/docs/lexeme_reports/model_entries/2312-bore-(3sg)-boraþ.model.md:59	\index[iv]{02oe@\ivlangheader{Old English}{West Saxon normalization unmarked}!bora@\iventry{bora}{}}	oe		bora	bora	comparison_form	explicit_tag	Germanic/docs/lexeme_reports/model_entries/2312-bore-(3sg)-boraþ.model.md:59	1	Germanic/docs/lexeme_reports/model_entries/2312-bore-(3sg)-boraþ.model.md:59:3
Germanic/docs/lexeme_reports/model_entries/2312-bore-(3sg)-boraþ.model.md:59:1	Germanic/docs/lexeme_reports/model_entries/2312-bore-(3sg)-boraþ.model.md:59:1	explicit_tag	Germanic/docs/lexeme_reports/model_entries/2312-bore-(3sg)-boraþ.model.md:59	\index[iv]{03pgmc@\ivlangheader{Proto-Germanic}{}!buro@\iventry{*búrô}{}}	pgmc		*búrô	buro	comparison_form	explicit_tag	Germanic/docs/lexeme_reports/model_entries/2312-bore-(3sg)-boraþ.model.md:59	1	Germanic/docs/lexeme_reports/model_entries/2312-bore-(3sg)-boraþ.model.md:59:1
Germanic/docs/lexeme_reports/model_entries/2313-learn-(iptv.2sg)-liorna.model.md:21:1	Germanic/docs/lexeme_reports/model_entries/2313-learn-(iptv.2sg)-liorna.model.md:21:1	explicit_tag	Germanic/docs/lexeme_reports/model_entries/2313-learn-(iptv.2sg)-liorna.model.md:21	\index[iv]{02oe@\ivlangheader{Old English}{West Saxon normalization unmarked}!liornian@\iventry{liornian}{}}	oe		liornian	liornian	comparison_form	explicit_tag	Germanic/docs/lexeme_reports/model_entries/2313-learn-(iptv.2sg)-liorna.model.md:21	1	Germanic/docs/lexeme_reports/model_entries/2313-learn-(iptv.2sg)-liorna.model.md:21:1
Germanic/docs/lexeme_reports/model_entries/2313-learn-(iptv.2sg)-liorna.model.md:22:1	Germanic/docs/lexeme_reports/model_entries/2313-learn-(iptv.2sg)-liorna.model.md:22:1	explicit_tag	Germanic/docs/lexeme_reports/model_entries/2313-learn-(iptv.2sg)-liorna.model.md:22	\index[iv]{02oe@\ivlangheader{Old English}{West Saxon normalization unmarked}!leornian@\iventry{leornian}{}}	oe		leornian	leornian	comparison_form	explicit_tag	Germanic/docs/lexeme_reports/model_entries/2313-learn-(iptv.2sg)-liorna.model.md:22	1	Germanic/docs/lexeme_reports/model_entries/2313-learn-(iptv.2sg)-liorna.model.md:22:1
Germanic/docs/lexeme_reports/model_entries/2313-learn-(iptv.2sg)-liorna.model.md:27:1	Germanic/docs/lexeme_reports/model_entries/2313-learn-(iptv.2sg)-liorna.model.md:27:1	explicit_tag	Germanic/docs/lexeme_reports/model_entries/2313-learn-(iptv.2sg)-liorna.model.md:27	\index[iv]{03pgmc@\ivlangheader{Proto-Germanic}{}!lizno@\iventry{*líznô}{}}	pgmc		*líznô	lizno	selected_input	explicit_tag	Germanic/docs/lexeme_reports/model_entries/2313-learn-(iptv.2sg)-liorna.model.md:27	1	Germanic/docs/lexeme_reports/model_entries/2313-learn-(iptv.2sg)-liorna.model.md:27:1
Germanic/docs/lexeme_reports/model_entries/2313-learn-(iptv.2sg)-liorna.model.md:37:1	Germanic/docs/lexeme_reports/model_entries/2313-learn-(iptv.2sg)-liorna.model.md:37:1	explicit_tag	Germanic/docs/lexeme_reports/model_entries/2313-learn-(iptv.2sg)-liorna.model.md:37	\index[iv]{02oe@\ivlangheader{Old English}{West Saxon normalization unmarked}!liorna@\iventry{Liorna}{}}	oe		Liorna	liorna	target_form	explicit_tag	Germanic/docs/lexeme_reports/model_entries/2313-learn-(iptv.2sg)-liorna.model.md:37	1	Germanic/docs/lexeme_reports/model_entries/2313-learn-(iptv.2sg)-liorna.model.md:37:1
Germanic/docs/lexeme_reports/model_entries/2313-learn-(iptv.2sg)-liorna.model.md:38:1	Germanic/docs/lexeme_reports/model_entries/2313-learn-(iptv.2sg)-liorna.model.md:38:1	explicit_tag	Germanic/docs/lexeme_reports/model_entries/2313-learn-(iptv.2sg)-liorna.model.md:38	\index[iv]{02oe@\ivlangheader{Old English}{West Saxon normalization unmarked}!leornian@\iventry{leornian}{}}	oe		leornian	leornian	comparison_form	explicit_tag	Germanic/docs/lexeme_reports/model_entries/2313-learn-(iptv.2sg)-liorna.model.md:38	1	Germanic/docs/lexeme_reports/model_entries/2313-learn-(iptv.2sg)-liorna.model.md:38:1
Germanic/docs/lexeme_reports/model_entries/2313-learn-(iptv.2sg)-liorna.model.md:60:3	Germanic/docs/lexeme_reports/model_entries/2313-learn-(iptv.2sg)-liorna.model.md:60:3	explicit_tag	Germanic/docs/lexeme_reports/model_entries/2313-learn-(iptv.2sg)-liorna.model.md:60	\index[iv]{02oe@\ivlangheader{Old English}{West Saxon normalization unmarked}!leornian@\iventry{leornian}{}}	oe		leornian	leornian	comparison_form	explicit_tag	Germanic/docs/lexeme_reports/model_entries/2313-learn-(iptv.2sg)-liorna.model.md:60	1	Germanic/docs/lexeme_reports/model_entries/2313-learn-(iptv.2sg)-liorna.model.md:60:3
Germanic/docs/lexeme_reports/model_entries/2313-learn-(iptv.2sg)-liorna.model.md:60:5	Germanic/docs/lexeme_reports/model_entries/2313-learn-(iptv.2sg)-liorna.model.md:60:5	explicit_tag	Germanic/docs/lexeme_reports/model_entries/2313-learn-(iptv.2sg)-liorna.model.md:60	\index[iv]{02oe@\ivlangheader{Old English}{West Saxon normalization unmarked}!leornian@\iventry{leornian}{}}	oe		leornian	leornian	comparison_form	explicit_tag	Germanic/docs/lexeme_reports/model_entries/2313-learn-(iptv.2sg)-liorna.model.md:60	1	Germanic/docs/lexeme_reports/model_entries/2313-learn-(iptv.2sg)-liorna.model.md:60:5
Germanic/docs/lexeme_reports/model_entries/2313-learn-(iptv.2sg)-liorna.model.md:60:2	Germanic/docs/lexeme_reports/model_entries/2313-learn-(iptv.2sg)-liorna.model.md:60:2	explicit_tag	Germanic/docs/lexeme_reports/model_entries/2313-learn-(iptv.2sg)-liorna.model.md:60	\index[iv]{02oe@\ivlangheader{Old English}{West Saxon normalization unmarked}!liornian~06@\iventry{liornian}{North.}}	oe	north	liornian	liornian	comparison_form	explicit_tag	Germanic/docs/lexeme_reports/model_entries/2313-learn-(iptv.2sg)-liorna.model.md:60	1	Germanic/docs/lexeme_reports/model_entries/2313-learn-(iptv.2sg)-liorna.model.md:60:2
Germanic/docs/lexeme_reports/model_entries/2313-learn-(iptv.2sg)-liorna.model.md:60:4	Germanic/docs/lexeme_reports/model_entries/2313-learn-(iptv.2sg)-liorna.model.md:60:4	explicit_tag	Germanic/docs/lexeme_reports/model_entries/2313-learn-(iptv.2sg)-liorna.model.md:60	\index[iv]{02oe@\ivlangheader{Old English}{West Saxon normalization unmarked}!liornian~06@\iventry{liornian}{North.}}	oe	north	liornian	liornian	comparison_form	explicit_tag	Germanic/docs/lexeme_reports/model_entries/2313-learn-(iptv.2sg)-liorna.model.md:60	1	Germanic/docs/lexeme_reports/model_entries/2313-learn-(iptv.2sg)-liorna.model.md:60:4
Germanic/docs/lexeme_reports/model_entries/2313-learn-(iptv.2sg)-liorna.model.md:60:1	Germanic/docs/lexeme_reports/model_entries/2313-learn-(iptv.2sg)-liorna.model.md:60:1	explicit_tag	Germanic/docs/lexeme_reports/model_entries/2313-learn-(iptv.2sg)-liorna.model.md:60	\index[iv]{03pgmc@\ivlangheader{Proto-Germanic}{}!liznojana@\iventry{*liznōjaną}{}}	pgmc		*liznōjaną	liznojana	source_protoform	explicit_tag	Germanic/docs/lexeme_reports/model_entries/2313-learn-(iptv.2sg)-liorna.model.md:60	1	Germanic/docs/lexeme_reports/model_entries/2313-learn-(iptv.2sg)-liorna.model.md:60:1
Germanic/docs/lexeme_reports/model_entries/2313-learn-(iptv.2sg)-liorna.model.md:61:3	Germanic/docs/lexeme_reports/model_entries/2313-learn-(iptv.2sg)-liorna.model.md:61:3	explicit_tag	Germanic/docs/lexeme_reports/model_entries/2313-learn-(iptv.2sg)-liorna.model.md:61	\index[iv]{02oe@\ivlangheader{Old English}{West Saxon normalization unmarked}!liorna@\iventry{liorna}{}}	oe		liorna	liorna	target_form	explicit_tag	Germanic/docs/lexeme_reports/model_entries/2313-learn-(iptv.2sg)-liorna.model.md:61	1	Germanic/docs/lexeme_reports/model_entries/2313-learn-(iptv.2sg)-liorna.model.md:61:3
Germanic/docs/lexeme_reports/model_entries/2313-learn-(iptv.2sg)-liorna.model.md:61:1	Germanic/docs/lexeme_reports/model_entries/2313-learn-(iptv.2sg)-liorna.model.md:61:1	explicit_tag	Germanic/docs/lexeme_reports/model_entries/2313-learn-(iptv.2sg)-liorna.model.md:61	\index[iv]{03pgmc@\ivlangheader{Proto-Germanic}{}!lizno@\iventry{*líznô}{}}	pgmc		*líznô	lizno	selected_input	explicit_tag	Germanic/docs/lexeme_reports/model_entries/2313-learn-(iptv.2sg)-liorna.model.md:61	1	Germanic/docs/lexeme_reports/model_entries/2313-learn-(iptv.2sg)-liorna.model.md:61:1
Germanic/docs/lexeme_reports/model_entries/2313-learn-(iptv.2sg)-liorna.model.md:62:2	Germanic/docs/lexeme_reports/model_entries/2313-learn-(iptv.2sg)-liorna.model.md:62:2	explicit_tag	Germanic/docs/lexeme_reports/model_entries/2313-learn-(iptv.2sg)-liorna.model.md:62	\index[iv]{02oe@\ivlangheader{Old English}{West Saxon normalization unmarked}!liornath@\iventry{liornaþ}{}}	oe		liornaþ	liornath	comparison_form	explicit_tag	Germanic/docs/lexeme_reports/model_entries/2313-learn-(iptv.2sg)-liorna.model.md:62	1	Germanic/docs/lexeme_reports/model_entries/2313-learn-(iptv.2sg)-liorna.model.md:62:2
Germanic/docs/lexeme_reports/model_entries/2313-learn-(iptv.2sg)-liorna.model.md:62:3	Germanic/docs/lexeme_reports/model_entries/2313-learn-(iptv.2sg)-liorna.model.md:62:3	explicit_tag	Germanic/docs/lexeme_reports/model_entries/2313-learn-(iptv.2sg)-liorna.model.md:62	\index[iv]{02oe@\ivlangheader{Old English}{West Saxon normalization unmarked}!liornath@\iventry{liornaþ}{}}	oe		liornaþ	liornath	comparison_form	explicit_tag	Germanic/docs/lexeme_reports/model_entries/2313-learn-(iptv.2sg)-liorna.model.md:62	1	Germanic/docs/lexeme_reports/model_entries/2313-learn-(iptv.2sg)-liorna.model.md:62:3
Germanic/docs/lexeme_reports/model_entries/2313-learn-(iptv.2sg)-liorna.model.md:62:1	Germanic/docs/lexeme_reports/model_entries/2313-learn-(iptv.2sg)-liorna.model.md:62:1	explicit_tag	Germanic/docs/lexeme_reports/model_entries/2313-learn-(iptv.2sg)-liorna.model.md:62	\index[iv]{03pgmc@\ivlangheader{Proto-Germanic}{}!liznothi@\iventry{*líznōθi}{}}	pgmc		*líznōθi	liznothi	comparison_form	explicit_tag	Germanic/docs/lexeme_reports/model_entries/2313-learn-(iptv.2sg)-liorna.model.md:62	1	Germanic/docs/lexeme_reports/model_entries/2313-learn-(iptv.2sg)-liorna.model.md:62:1
Germanic/docs/lexeme_reports/model_entries/2314-learn-(3sg)-liornaþ.model.md:21:1	Germanic/docs/lexeme_reports/model_entries/2314-learn-(3sg)-liornaþ.model.md:21:1	explicit_tag	Germanic/docs/lexeme_reports/model_entries/2314-learn-(3sg)-liornaþ.model.md:21	\index[iv]{02oe@\ivlangheader{Old English}{West Saxon normalization unmarked}!liornian@\iventry{liornian}{}}	oe		liornian	liornian	comparison_form	explicit_tag	Germanic/docs/lexeme_reports/model_entries/2314-learn-(3sg)-liornaþ.model.md:21	1	Germanic/docs/lexeme_reports/model_entries/2314-learn-(3sg)-liornaþ.model.md:21:1
Germanic/docs/lexeme_reports/model_entries/2314-learn-(3sg)-liornaþ.model.md:22:1	Germanic/docs/lexeme_reports/model_entries/2314-learn-(3sg)-liornaþ.model.md:22:1	explicit_tag	Germanic/docs/lexeme_reports/model_entries/2314-learn-(3sg)-liornaþ.model.md:22	\index[iv]{02oe@\ivlangheader{Old English}{West Saxon normalization unmarked}!leornian@\iventry{leornian}{}}	oe		leornian	leornian	comparison_form	explicit_tag	Germanic/docs/lexeme_reports/model_entries/2314-learn-(3sg)-liornaþ.model.md:22	1	Germanic/docs/lexeme_reports/model_entries/2314-learn-(3sg)-liornaþ.model.md:22:1
Germanic/docs/lexeme_reports/model_entries/2314-learn-(3sg)-liornaþ.model.md:25:1	Germanic/docs/lexeme_reports/model_entries/2314-learn-(3sg)-liornaþ.model.md:25:1	explicit_tag	Germanic/docs/lexeme_reports/model_entries/2314-learn-(3sg)-liornaþ.model.md:25	\index[iv]{03pgmc@\ivlangheader{Proto-Germanic}{}!liznothi@\iventry{*líznōθi}{}}	pgmc		*líznōθi	liznothi	selected_input	explicit_tag	Germanic/docs/lexeme_reports/model_entries/2314-learn-(3sg)-liornaþ.model.md:25	1	Germanic/docs/lexeme_reports/model_entries/2314-learn-(3sg)-liornaþ.model.md:25:1
Germanic/docs/lexeme_reports/model_entries/2314-learn-(3sg)-liornaþ.model.md:35:1	Germanic/docs/lexeme_reports/model_entries/2314-learn-(3sg)-liornaþ.model.md:35:1	explicit_tag	Germanic/docs/lexeme_reports/model_entries/2314-learn-(3sg)-liornaþ.model.md:35	\index[iv]{02oe@\ivlangheader{Old English}{West Saxon normalization unmarked}!leornian@\iventry{leornian}{}}	oe		leornian	leornian	comparison_form	explicit_tag	Germanic/docs/lexeme_reports/model_entries/2314-learn-(3sg)-liornaþ.model.md:35	1	Germanic/docs/lexeme_reports/model_entries/2314-learn-(3sg)-liornaþ.model.md:35:1
Germanic/docs/lexeme_reports/model_entries/2314-learn-(3sg)-liornaþ.model.md:37:1	Germanic/docs/lexeme_reports/model_entries/2314-learn-(3sg)-liornaþ.model.md:37:1	explicit_tag	Germanic/docs/lexeme_reports/model_entries/2314-learn-(3sg)-liornaþ.model.md:37	\index[iv]{02oe@\ivlangheader{Old English}{West Saxon normalization unmarked}!liorna@\iventry{liorna}{}}	oe		liorna	liorna	comparison_form	explicit_tag	Germanic/docs/lexeme_reports/model_entries/2314-learn-(3sg)-liornaþ.model.md:37	1	Germanic/docs/lexeme_reports/model_entries/2314-learn-(3sg)-liornaþ.model.md:37:1
Germanic/docs/lexeme_reports/model_entries/2314-learn-(3sg)-liornaþ.model.md:38:1	Germanic/docs/lexeme_reports/model_entries/2314-learn-(3sg)-liornaþ.model.md:38:1	explicit_tag	Germanic/docs/lexeme_reports/model_entries/2314-learn-(3sg)-liornaþ.model.md:38	\index[iv]{02oe@\ivlangheader{Old English}{West Saxon normalization unmarked}!liornes@\iventry{liornes}{}}	oe		liornes	liornes	comparison_form	explicit_tag	Germanic/docs/lexeme_reports/model_entries/2314-learn-(3sg)-liornaþ.model.md:38	1	Germanic/docs/lexeme_reports/model_entries/2314-learn-(3sg)-liornaþ.model.md:38:1
Germanic/docs/lexeme_reports/model_entries/2314-learn-(3sg)-liornaþ.model.md:39:1	Germanic/docs/lexeme_reports/model_entries/2314-learn-(3sg)-liornaþ.model.md:39:1	explicit_tag	Germanic/docs/lexeme_reports/model_entries/2314-learn-(3sg)-liornaþ.model.md:39	\index[iv]{02oe@\ivlangheader{Old English}{West Saxon normalization unmarked}!leornian@\iventry{leornian}{}}	oe		leornian	leornian	comparison_form	explicit_tag	Germanic/docs/lexeme_reports/model_entries/2314-learn-(3sg)-liornaþ.model.md:39	1	Germanic/docs/lexeme_reports/model_entries/2314-learn-(3sg)-liornaþ.model.md:39:1
Germanic/docs/lexeme_reports/model_entries/2314-learn-(3sg)-liornaþ.model.md:44:1	Germanic/docs/lexeme_reports/model_entries/2314-learn-(3sg)-liornaþ.model.md:44:1	explicit_tag	Germanic/docs/lexeme_reports/model_entries/2314-learn-(3sg)-liornaþ.model.md:44	\index[iv]{02oe@\ivlangheader{Old English}{West Saxon normalization unmarked}!liornath@\iventry{liornaþ}{}}	oe		liornaþ	liornath	target_form	explicit_tag	Germanic/docs/lexeme_reports/model_entries/2314-learn-(3sg)-liornaþ.model.md:44	1	Germanic/docs/lexeme_reports/model_entries/2314-learn-(3sg)-liornaþ.model.md:44:1
Germanic/docs/lexeme_reports/model_entries/2314-learn-(3sg)-liornaþ.model.md:53:1	Germanic/docs/lexeme_reports/model_entries/2314-learn-(3sg)-liornaþ.model.md:53:1	explicit_tag	Germanic/docs/lexeme_reports/model_entries/2314-learn-(3sg)-liornaþ.model.md:53	\index[iv]{02oe@\ivlangheader{Old English}{West Saxon normalization unmarked}!liornath@\iventry{liornaþ}{}}	oe		liornaþ	liornath	comparison_form	explicit_tag	Germanic/docs/lexeme_reports/model_entries/2314-learn-(3sg)-liornaþ.model.md:53	1	Germanic/docs/lexeme_reports/model_entries/2314-learn-(3sg)-liornaþ.model.md:53:1
Germanic/docs/lexeme_reports/model_entries/2314-learn-(3sg)-liornaþ.model.md:67:3	Germanic/docs/lexeme_reports/model_entries/2314-learn-(3sg)-liornaþ.model.md:67:3	explicit_tag	Germanic/docs/lexeme_reports/model_entries/2314-learn-(3sg)-liornaþ.model.md:67	\index[iv]{02oe@\ivlangheader{Old English}{West Saxon normalization unmarked}!leornian@\iventry{leornian}{}}	oe		leornian	leornian	comparison_form	explicit_tag	Germanic/docs/lexeme_reports/model_entries/2314-learn-(3sg)-liornaþ.model.md:67	1	Germanic/docs/lexeme_reports/model_entries/2314-learn-(3sg)-liornaþ.model.md:67:3
Germanic/docs/lexeme_reports/model_entries/2314-learn-(3sg)-liornaþ.model.md:67:5	Germanic/docs/lexeme_reports/model_entries/2314-learn-(3sg)-liornaþ.model.md:67:5	explicit_tag	Germanic/docs/lexeme_reports/model_entries/2314-learn-(3sg)-liornaþ.model.md:67	\index[iv]{02oe@\ivlangheader{Old English}{West Saxon normalization unmarked}!leornian@\iventry{leornian}{}}	oe		leornian	leornian	comparison_form	explicit_tag	Germanic/docs/lexeme_reports/model_entries/2314-learn-(3sg)-liornaþ.model.md:67	1	Germanic/docs/lexeme_reports/model_entries/2314-learn-(3sg)-liornaþ.model.md:67:5
Germanic/docs/lexeme_reports/model_entries/2314-learn-(3sg)-liornaþ.model.md:67:2	Germanic/docs/lexeme_reports/model_entries/2314-learn-(3sg)-liornaþ.model.md:67:2	explicit_tag	Germanic/docs/lexeme_reports/model_entries/2314-learn-(3sg)-liornaþ.model.md:67	\index[iv]{02oe@\ivlangheader{Old English}{West Saxon normalization unmarked}!liornian~06@\iventry{liornian}{North.}}	oe	north	liornian	liornian	comparison_form	explicit_tag	Germanic/docs/lexeme_reports/model_entries/2314-learn-(3sg)-liornaþ.model.md:67	1	Germanic/docs/lexeme_reports/model_entries/2314-learn-(3sg)-liornaþ.model.md:67:2
Germanic/docs/lexeme_reports/model_entries/2314-learn-(3sg)-liornaþ.model.md:67:4	Germanic/docs/lexeme_reports/model_entries/2314-learn-(3sg)-liornaþ.model.md:67:4	explicit_tag	Germanic/docs/lexeme_reports/model_entries/2314-learn-(3sg)-liornaþ.model.md:67	\index[iv]{02oe@\ivlangheader{Old English}{West Saxon normalization unmarked}!liornian~06@\iventry{liornian}{North.}}	oe	north	liornian	liornian	comparison_form	explicit_tag	Germanic/docs/lexeme_reports/model_entries/2314-learn-(3sg)-liornaþ.model.md:67	1	Germanic/docs/lexeme_reports/model_entries/2314-learn-(3sg)-liornaþ.model.md:67:4
Germanic/docs/lexeme_reports/model_entries/2314-learn-(3sg)-liornaþ.model.md:67:1	Germanic/docs/lexeme_reports/model_entries/2314-learn-(3sg)-liornaþ.model.md:67:1	explicit_tag	Germanic/docs/lexeme_reports/model_entries/2314-learn-(3sg)-liornaþ.model.md:67	\index[iv]{03pgmc@\ivlangheader{Proto-Germanic}{}!liznojana@\iventry{*liznōjaną}{}}	pgmc		*liznōjaną	liznojana	source_protoform	explicit_tag	Germanic/docs/lexeme_reports/model_entries/2314-learn-(3sg)-liornaþ.model.md:67	1	Germanic/docs/lexeme_reports/model_entries/2314-learn-(3sg)-liornaþ.model.md:67:1
Germanic/docs/lexeme_reports/model_entries/2314-learn-(3sg)-liornaþ.model.md:68:3	Germanic/docs/lexeme_reports/model_entries/2314-learn-(3sg)-liornaþ.model.md:68:3	explicit_tag	Germanic/docs/lexeme_reports/model_entries/2314-learn-(3sg)-liornaþ.model.md:68	\index[iv]{02oe@\ivlangheader{Old English}{West Saxon normalization unmarked}!liornath@\iventry{liornaþ}{}}	oe		liornaþ	liornath	target_form	explicit_tag	Germanic/docs/lexeme_reports/model_entries/2314-learn-(3sg)-liornaþ.model.md:68	1	Germanic/docs/lexeme_reports/model_entries/2314-learn-(3sg)-liornaþ.model.md:68:3
Germanic/docs/lexeme_reports/model_entries/2314-learn-(3sg)-liornaþ.model.md:68:1	Germanic/docs/lexeme_reports/model_entries/2314-learn-(3sg)-liornaþ.model.md:68:1	explicit_tag	Germanic/docs/lexeme_reports/model_entries/2314-learn-(3sg)-liornaþ.model.md:68	\index[iv]{03pgmc@\ivlangheader{Proto-Germanic}{}!liznothi@\iventry{*líznōθi}{}}	pgmc		*líznōθi	liznothi	selected_input	explicit_tag	Germanic/docs/lexeme_reports/model_entries/2314-learn-(3sg)-liornaþ.model.md:68	1	Germanic/docs/lexeme_reports/model_entries/2314-learn-(3sg)-liornaþ.model.md:68:1
Germanic/docs/lexeme_reports/model_entries/2314-learn-(3sg)-liornaþ.model.md:69:2	Germanic/docs/lexeme_reports/model_entries/2314-learn-(3sg)-liornaþ.model.md:69:2	explicit_tag	Germanic/docs/lexeme_reports/model_entries/2314-learn-(3sg)-liornaþ.model.md:69	\index[iv]{02oe@\ivlangheader{Old English}{West Saxon normalization unmarked}!liorna~06@\iventry{liorna}{North.}}	oe	north	liorna	liorna	comparison_form	explicit_tag	Germanic/docs/lexeme_reports/model_entries/2314-learn-(3sg)-liornaþ.model.md:69	1	Germanic/docs/lexeme_reports/model_entries/2314-learn-(3sg)-liornaþ.model.md:69:2
Germanic/docs/lexeme_reports/model_entries/2314-learn-(3sg)-liornaþ.model.md:69:3	Germanic/docs/lexeme_reports/model_entries/2314-learn-(3sg)-liornaþ.model.md:69:3	explicit_tag	Germanic/docs/lexeme_reports/model_entries/2314-learn-(3sg)-liornaþ.model.md:69	\index[iv]{02oe@\ivlangheader{Old English}{West Saxon normalization unmarked}!liorna~06@\iventry{liorna}{North.}}	oe	north	liorna	liorna	comparison_form	explicit_tag	Germanic/docs/lexeme_reports/model_entries/2314-learn-(3sg)-liornaþ.model.md:69	1	Germanic/docs/lexeme_reports/model_entries/2314-learn-(3sg)-liornaþ.model.md:69:3
Germanic/docs/lexeme_reports/model_entries/2314-learn-(3sg)-liornaþ.model.md:69:1	Germanic/docs/lexeme_reports/model_entries/2314-learn-(3sg)-liornaþ.model.md:69:1	explicit_tag	Germanic/docs/lexeme_reports/model_entries/2314-learn-(3sg)-liornaþ.model.md:69	\index[iv]{03pgmc@\ivlangheader{Proto-Germanic}{}!lizno@\iventry{*líznô}{}}	pgmc		*líznô	lizno	comparison_form	explicit_tag	Germanic/docs/lexeme_reports/model_entries/2314-learn-(3sg)-liornaþ.model.md:69	1	Germanic/docs/lexeme_reports/model_entries/2314-learn-(3sg)-liornaþ.model.md:69:1
Germanic/docs/lexeme_reports/model_entries/2315-lick-(iptv.2sg)-licca.model.md:22:3	Germanic/docs/lexeme_reports/model_entries/2315-lick-(iptv.2sg)-licca.model.md:22:3	explicit_tag	Germanic/docs/lexeme_reports/model_entries/2315-lick-(iptv.2sg)-licca.model.md:22	\index[iv]{09ohg@\ivlangheader{Old High German}{}!lecchon@\iventry{lecchon}{}}	ohg		lecchon	lecchon	comparison_form	explicit_tag	Germanic/docs/lexeme_reports/model_entries/2315-lick-(iptv.2sg)-licca.model.md:22	1	Germanic/docs/lexeme_reports/model_entries/2315-lick-(iptv.2sg)-licca.model.md:22:3
Germanic/docs/lexeme_reports/model_entries/2315-lick-(iptv.2sg)-licca.model.md:22:1	Germanic/docs/lexeme_reports/model_entries/2315-lick-(iptv.2sg)-licca.model.md:22:1	explicit_tag	Germanic/docs/lexeme_reports/model_entries/2315-lick-(iptv.2sg)-licca.model.md:22	\index[iv]{02oe@\ivlangheader{Old English}{West Saxon normalization unmarked}!liccian@\iventry{liccian}{}}	oe		liccian	liccian	comparison_form	explicit_tag	Germanic/docs/lexeme_reports/model_entries/2315-lick-(iptv.2sg)-licca.model.md:22	1	Germanic/docs/lexeme_reports/model_entries/2315-lick-(iptv.2sg)-licca.model.md:22:1
Germanic/docs/lexeme_reports/model_entries/2315-lick-(iptv.2sg)-licca.model.md:22:4	Germanic/docs/lexeme_reports/model_entries/2315-lick-(iptv.2sg)-licca.model.md:22:4	explicit_tag	Germanic/docs/lexeme_reports/model_entries/2315-lick-(iptv.2sg)-licca.model.md:22	\index[iv]{03pgmc@\ivlangheader{Proto-Germanic}{}!likkojanan@\iventry{*likkōjanan}{}}	pgmc		*likkōjanan	likkojanan	source_protoform	explicit_tag	Germanic/docs/lexeme_reports/model_entries/2315-lick-(iptv.2sg)-licca.model.md:22	1	Germanic/docs/lexeme_reports/model_entries/2315-lick-(iptv.2sg)-licca.model.md:22:4
Germanic/docs/lexeme_reports/model_entries/2315-lick-(iptv.2sg)-licca.model.md:22:2	Germanic/docs/lexeme_reports/model_entries/2315-lick-(iptv.2sg)-licca.model.md:22:2	explicit_tag	Germanic/docs/lexeme_reports/model_entries/2315-lick-(iptv.2sg)-licca.model.md:22	\index[iv]{12os@\ivlangheader{Old Saxon}{}!likkon@\iventry{likkon}{}}	os		likkon	likkon	comparison_form	explicit_tag	Germanic/docs/lexeme_reports/model_entries/2315-lick-(iptv.2sg)-licca.model.md:22	1	Germanic/docs/lexeme_reports/model_entries/2315-lick-(iptv.2sg)-licca.model.md:22:2
Germanic/docs/lexeme_reports/model_entries/2315-lick-(iptv.2sg)-licca.model.md:30:1	Germanic/docs/lexeme_reports/model_entries/2315-lick-(iptv.2sg)-licca.model.md:30:1	explicit_tag	Germanic/docs/lexeme_reports/model_entries/2315-lick-(iptv.2sg)-licca.model.md:30	\index[iv]{02oe@\ivlangheader{Old English}{West Saxon normalization unmarked}!licca@\iventry{licca}{}}	oe		licca	licca	target_form	explicit_tag	Germanic/docs/lexeme_reports/model_entries/2315-lick-(iptv.2sg)-licca.model.md:30	1	Germanic/docs/lexeme_reports/model_entries/2315-lick-(iptv.2sg)-licca.model.md:30:1
Germanic/docs/lexeme_reports/model_entries/2315-lick-(iptv.2sg)-licca.model.md:30:3	Germanic/docs/lexeme_reports/model_entries/2315-lick-(iptv.2sg)-licca.model.md:30:3	explicit_tag	Germanic/docs/lexeme_reports/model_entries/2315-lick-(iptv.2sg)-licca.model.md:30	\index[iv]{02oe@\ivlangheader{Old English}{West Saxon normalization unmarked}!liccath@\iventry{liccaþ}{}}	oe		liccaþ	liccath	comparison_form	explicit_tag	Germanic/docs/lexeme_reports/model_entries/2315-lick-(iptv.2sg)-licca.model.md:30	1	Germanic/docs/lexeme_reports/model_entries/2315-lick-(iptv.2sg)-licca.model.md:30:3
Germanic/docs/lexeme_reports/model_entries/2315-lick-(iptv.2sg)-licca.model.md:30:2	Germanic/docs/lexeme_reports/model_entries/2315-lick-(iptv.2sg)-licca.model.md:30:2	explicit_tag	Germanic/docs/lexeme_reports/model_entries/2315-lick-(iptv.2sg)-licca.model.md:30	\index[iv]{02oe@\ivlangheader{Old English}{West Saxon normalization unmarked}!liccian@\iventry{liccian}{}}	oe		liccian	liccian	comparison_form	explicit_tag	Germanic/docs/lexeme_reports/model_entries/2315-lick-(iptv.2sg)-licca.model.md:30	1	Germanic/docs/lexeme_reports/model_entries/2315-lick-(iptv.2sg)-licca.model.md:30:2
Germanic/docs/lexeme_reports/model_entries/2315-lick-(iptv.2sg)-licca.model.md:42:2	Germanic/docs/lexeme_reports/model_entries/2315-lick-(iptv.2sg)-licca.model.md:42:2	explicit_tag	Germanic/docs/lexeme_reports/model_entries/2315-lick-(iptv.2sg)-licca.model.md:42	\index[iv]{02oe@\ivlangheader{Old English}{West Saxon normalization unmarked}!liccian@\iventry{liccian}{}}	oe		liccian	liccian	comparison_form	explicit_tag	Germanic/docs/lexeme_reports/model_entries/2315-lick-(iptv.2sg)-licca.model.md:42	1	Germanic/docs/lexeme_reports/model_entries/2315-lick-(iptv.2sg)-licca.model.md:42:2
Germanic/docs/lexeme_reports/model_entries/2315-lick-(iptv.2sg)-licca.model.md:42:3	Germanic/docs/lexeme_reports/model_entries/2315-lick-(iptv.2sg)-licca.model.md:42:3	explicit_tag	Germanic/docs/lexeme_reports/model_entries/2315-lick-(iptv.2sg)-licca.model.md:42	\index[iv]{02oe@\ivlangheader{Old English}{West Saxon normalization unmarked}!liccian@\iventry{liccian}{}}	oe		liccian	liccian	comparison_form	explicit_tag	Germanic/docs/lexeme_reports/model_entries/2315-lick-(iptv.2sg)-licca.model.md:42	1	Germanic/docs/lexeme_reports/model_entries/2315-lick-(iptv.2sg)-licca.model.md:42:3
Germanic/docs/lexeme_reports/model_entries/2315-lick-(iptv.2sg)-licca.model.md:42:1	Germanic/docs/lexeme_reports/model_entries/2315-lick-(iptv.2sg)-licca.model.md:42:1	explicit_tag	Germanic/docs/lexeme_reports/model_entries/2315-lick-(iptv.2sg)-licca.model.md:42	\index[iv]{03pgmc@\ivlangheader{Proto-Germanic}{}!likkojana@\iventry{*líkkōjaną}{}}	pgmc		*líkkōjaną	likkojana	source_protoform	explicit_tag	Germanic/docs/lexeme_reports/model_entries/2315-lick-(iptv.2sg)-licca.model.md:42	1	Germanic/docs/lexeme_reports/model_entries/2315-lick-(iptv.2sg)-licca.model.md:42:1
Germanic/docs/lexeme_reports/model_entries/2315-lick-(iptv.2sg)-licca.model.md:43:3	Germanic/docs/lexeme_reports/model_entries/2315-lick-(iptv.2sg)-licca.model.md:43:3	explicit_tag	Germanic/docs/lexeme_reports/model_entries/2315-lick-(iptv.2sg)-licca.model.md:43	\index[iv]{02oe@\ivlangheader{Old English}{West Saxon normalization unmarked}!licca@\iventry{licca}{}}	oe		licca	licca	target_form	explicit_tag	Germanic/docs/lexeme_reports/model_entries/2315-lick-(iptv.2sg)-licca.model.md:43	1	Germanic/docs/lexeme_reports/model_entries/2315-lick-(iptv.2sg)-licca.model.md:43:3
Germanic/docs/lexeme_reports/model_entries/2315-lick-(iptv.2sg)-licca.model.md:43:1	Germanic/docs/lexeme_reports/model_entries/2315-lick-(iptv.2sg)-licca.model.md:43:1	explicit_tag	Germanic/docs/lexeme_reports/model_entries/2315-lick-(iptv.2sg)-licca.model.md:43	\index[iv]{03pgmc@\ivlangheader{Proto-Germanic}{}!likko@\iventry{*líkkô}{}}	pgmc		*líkkô	likko	selected_input	explicit_tag	Germanic/docs/lexeme_reports/model_entries/2315-lick-(iptv.2sg)-licca.model.md:43	1	Germanic/docs/lexeme_reports/model_entries/2315-lick-(iptv.2sg)-licca.model.md:43:1
Germanic/docs/lexeme_reports/model_entries/2315-lick-(iptv.2sg)-licca.model.md:44:2	Germanic/docs/lexeme_reports/model_entries/2315-lick-(iptv.2sg)-licca.model.md:44:2	explicit_tag	Germanic/docs/lexeme_reports/model_entries/2315-lick-(iptv.2sg)-licca.model.md:44	\index[iv]{02oe@\ivlangheader{Old English}{West Saxon normalization unmarked}!liccath@\iventry{liccaþ}{}}	oe		liccaþ	liccath	comparison_form	explicit_tag	Germanic/docs/lexeme_reports/model_entries/2315-lick-(iptv.2sg)-licca.model.md:44	1	Germanic/docs/lexeme_reports/model_entries/2315-lick-(iptv.2sg)-licca.model.md:44:2
Germanic/docs/lexeme_reports/model_entries/2315-lick-(iptv.2sg)-licca.model.md:44:3	Germanic/docs/lexeme_reports/model_entries/2315-lick-(iptv.2sg)-licca.model.md:44:3	explicit_tag	Germanic/docs/lexeme_reports/model_entries/2315-lick-(iptv.2sg)-licca.model.md:44	\index[iv]{02oe@\ivlangheader{Old English}{West Saxon normalization unmarked}!liccath@\iventry{liccaþ}{}}	oe		liccaþ	liccath	comparison_form	explicit_tag	Germanic/docs/lexeme_reports/model_entries/2315-lick-(iptv.2sg)-licca.model.md:44	1	Germanic/docs/lexeme_reports/model_entries/2315-lick-(iptv.2sg)-licca.model.md:44:3
Germanic/docs/lexeme_reports/model_entries/2315-lick-(iptv.2sg)-licca.model.md:44:1	Germanic/docs/lexeme_reports/model_entries/2315-lick-(iptv.2sg)-licca.model.md:44:1	explicit_tag	Germanic/docs/lexeme_reports/model_entries/2315-lick-(iptv.2sg)-licca.model.md:44	\index[iv]{03pgmc@\ivlangheader{Proto-Germanic}{}!likkothi@\iventry{*líkkōθi}{}}	pgmc		*líkkōθi	likkothi	comparison_form	explicit_tag	Germanic/docs/lexeme_reports/model_entries/2315-lick-(iptv.2sg)-licca.model.md:44	1	Germanic/docs/lexeme_reports/model_entries/2315-lick-(iptv.2sg)-licca.model.md:44:1
Germanic/docs/lexeme_reports/model_entries/2316-lick-(3sg)-liccaþ.model.md:22:3	Germanic/docs/lexeme_reports/model_entries/2316-lick-(3sg)-liccaþ.model.md:22:3	explicit_tag	Germanic/docs/lexeme_reports/model_entries/2316-lick-(3sg)-liccaþ.model.md:22	\index[iv]{09ohg@\ivlangheader{Old High German}{}!lecchon@\iventry{lecchon}{}}	ohg		lecchon	lecchon	comparison_form	explicit_tag	Germanic/docs/lexeme_reports/model_entries/2316-lick-(3sg)-liccaþ.model.md:22	1	Germanic/docs/lexeme_reports/model_entries/2316-lick-(3sg)-liccaþ.model.md:22:3
Germanic/docs/lexeme_reports/model_entries/2316-lick-(3sg)-liccaþ.model.md:22:1	Germanic/docs/lexeme_reports/model_entries/2316-lick-(3sg)-liccaþ.model.md:22:1	explicit_tag	Germanic/docs/lexeme_reports/model_entries/2316-lick-(3sg)-liccaþ.model.md:22	\index[iv]{02oe@\ivlangheader{Old English}{West Saxon normalization unmarked}!liccian@\iventry{liccian}{}}	oe		liccian	liccian	comparison_form	explicit_tag	Germanic/docs/lexeme_reports/model_entries/2316-lick-(3sg)-liccaþ.model.md:22	1	Germanic/docs/lexeme_reports/model_entries/2316-lick-(3sg)-liccaþ.model.md:22:1
Germanic/docs/lexeme_reports/model_entries/2316-lick-(3sg)-liccaþ.model.md:22:4	Germanic/docs/lexeme_reports/model_entries/2316-lick-(3sg)-liccaþ.model.md:22:4	explicit_tag	Germanic/docs/lexeme_reports/model_entries/2316-lick-(3sg)-liccaþ.model.md:22	\index[iv]{03pgmc@\ivlangheader{Proto-Germanic}{}!likkojanan@\iventry{*likkōjanan}{}}	pgmc		*likkōjanan	likkojanan	source_protoform	explicit_tag	Germanic/docs/lexeme_reports/model_entries/2316-lick-(3sg)-liccaþ.model.md:22	1	Germanic/docs/lexeme_reports/model_entries/2316-lick-(3sg)-liccaþ.model.md:22:4
Germanic/docs/lexeme_reports/model_entries/2316-lick-(3sg)-liccaþ.model.md:22:2	Germanic/docs/lexeme_reports/model_entries/2316-lick-(3sg)-liccaþ.model.md:22:2	explicit_tag	Germanic/docs/lexeme_reports/model_entries/2316-lick-(3sg)-liccaþ.model.md:22	\index[iv]{12os@\ivlangheader{Old Saxon}{}!likkon@\iventry{likkon}{}}	os		likkon	likkon	comparison_form	explicit_tag	Germanic/docs/lexeme_reports/model_entries/2316-lick-(3sg)-liccaþ.model.md:22	1	Germanic/docs/lexeme_reports/model_entries/2316-lick-(3sg)-liccaþ.model.md:22:2
Germanic/docs/lexeme_reports/model_entries/2316-lick-(3sg)-liccaþ.model.md:30:3	Germanic/docs/lexeme_reports/model_entries/2316-lick-(3sg)-liccaþ.model.md:30:3	explicit_tag	Germanic/docs/lexeme_reports/model_entries/2316-lick-(3sg)-liccaþ.model.md:30	\index[iv]{02oe@\ivlangheader{Old English}{West Saxon normalization unmarked}!licca@\iventry{licca}{}}	oe		licca	licca	comparison_form	explicit_tag	Germanic/docs/lexeme_reports/model_entries/2316-lick-(3sg)-liccaþ.model.md:30	1	Germanic/docs/lexeme_reports/model_entries/2316-lick-(3sg)-liccaþ.model.md:30:3
Germanic/docs/lexeme_reports/model_entries/2316-lick-(3sg)-liccaþ.model.md:30:1	Germanic/docs/lexeme_reports/model_entries/2316-lick-(3sg)-liccaþ.model.md:30:1	explicit_tag	Germanic/docs/lexeme_reports/model_entries/2316-lick-(3sg)-liccaþ.model.md:30	\index[iv]{02oe@\ivlangheader{Old English}{West Saxon normalization unmarked}!liccath@\iventry{liccaþ}{}}	oe		liccaþ	liccath	target_form	explicit_tag	Germanic/docs/lexeme_reports/model_entries/2316-lick-(3sg)-liccaþ.model.md:30	1	Germanic/docs/lexeme_reports/model_entries/2316-lick-(3sg)-liccaþ.model.md:30:1
Germanic/docs/lexeme_reports/model_entries/2316-lick-(3sg)-liccaþ.model.md:30:2	Germanic/docs/lexeme_reports/model_entries/2316-lick-(3sg)-liccaþ.model.md:30:2	explicit_tag	Germanic/docs/lexeme_reports/model_entries/2316-lick-(3sg)-liccaþ.model.md:30	\index[iv]{02oe@\ivlangheader{Old English}{West Saxon normalization unmarked}!liccian@\iventry{liccian}{}}	oe		liccian	liccian	comparison_form	explicit_tag	Germanic/docs/lexeme_reports/model_entries/2316-lick-(3sg)-liccaþ.model.md:30	1	Germanic/docs/lexeme_reports/model_entries/2316-lick-(3sg)-liccaþ.model.md:30:2
Germanic/docs/lexeme_reports/model_entries/2316-lick-(3sg)-liccaþ.model.md:34:1	Germanic/docs/lexeme_reports/model_entries/2316-lick-(3sg)-liccaþ.model.md:34:1	explicit_tag	Germanic/docs/lexeme_reports/model_entries/2316-lick-(3sg)-liccaþ.model.md:34	\index[iv]{03pgmc@\ivlangheader{Proto-Germanic}{}!likkothi@\iventry{*líkkōθi}{}}	pgmc		*líkkōθi	likkothi	selected_input	explicit_tag	Germanic/docs/lexeme_reports/model_entries/2316-lick-(3sg)-liccaþ.model.md:34	1	Germanic/docs/lexeme_reports/model_entries/2316-lick-(3sg)-liccaþ.model.md:34:1
Germanic/docs/lexeme_reports/model_entries/2316-lick-(3sg)-liccaþ.model.md:42:2	Germanic/docs/lexeme_reports/model_entries/2316-lick-(3sg)-liccaþ.model.md:42:2	explicit_tag	Germanic/docs/lexeme_reports/model_entries/2316-lick-(3sg)-liccaþ.model.md:42	\index[iv]{02oe@\ivlangheader{Old English}{West Saxon normalization unmarked}!liccian@\iventry{liccian}{}}	oe		liccian	liccian	comparison_form	explicit_tag	Germanic/docs/lexeme_reports/model_entries/2316-lick-(3sg)-liccaþ.model.md:42	1	Germanic/docs/lexeme_reports/model_entries/2316-lick-(3sg)-liccaþ.model.md:42:2
Germanic/docs/lexeme_reports/model_entries/2316-lick-(3sg)-liccaþ.model.md:42:3	Germanic/docs/lexeme_reports/model_entries/2316-lick-(3sg)-liccaþ.model.md:42:3	explicit_tag	Germanic/docs/lexeme_reports/model_entries/2316-lick-(3sg)-liccaþ.model.md:42	\index[iv]{02oe@\ivlangheader{Old English}{West Saxon normalization unmarked}!liccian@\iventry{liccian}{}}	oe		liccian	liccian	comparison_form	explicit_tag	Germanic/docs/lexeme_reports/model_entries/2316-lick-(3sg)-liccaþ.model.md:42	1	Germanic/docs/lexeme_reports/model_entries/2316-lick-(3sg)-liccaþ.model.md:42:3
Germanic/docs/lexeme_reports/model_entries/2316-lick-(3sg)-liccaþ.model.md:42:1	Germanic/docs/lexeme_reports/model_entries/2316-lick-(3sg)-liccaþ.model.md:42:1	explicit_tag	Germanic/docs/lexeme_reports/model_entries/2316-lick-(3sg)-liccaþ.model.md:42	\index[iv]{03pgmc@\ivlangheader{Proto-Germanic}{}!likkojana@\iventry{*líkkōjaną}{}}	pgmc		*líkkōjaną	likkojana	source_protoform	explicit_tag	Germanic/docs/lexeme_reports/model_entries/2316-lick-(3sg)-liccaþ.model.md:42	1	Germanic/docs/lexeme_reports/model_entries/2316-lick-(3sg)-liccaþ.model.md:42:1
Germanic/docs/lexeme_reports/model_entries/2316-lick-(3sg)-liccaþ.model.md:43:3	Germanic/docs/lexeme_reports/model_entries/2316-lick-(3sg)-liccaþ.model.md:43:3	explicit_tag	Germanic/docs/lexeme_reports/model_entries/2316-lick-(3sg)-liccaþ.model.md:43	\index[iv]{02oe@\ivlangheader{Old English}{West Saxon normalization unmarked}!licca@\iventry{licca}{}}	oe		licca	licca	comparison_form	explicit_tag	Germanic/docs/lexeme_reports/model_entries/2316-lick-(3sg)-liccaþ.model.md:43	1	Germanic/docs/lexeme_reports/model_entries/2316-lick-(3sg)-liccaþ.model.md:43:3
Germanic/docs/lexeme_reports/model_entries/2316-lick-(3sg)-liccaþ.model.md:43:1	Germanic/docs/lexeme_reports/model_entries/2316-lick-(3sg)-liccaþ.model.md:43:1	explicit_tag	Germanic/docs/lexeme_reports/model_entries/2316-lick-(3sg)-liccaþ.model.md:43	\index[iv]{03pgmc@\ivlangheader{Proto-Germanic}{}!likko@\iventry{*líkkô}{}}	pgmc		*líkkô	likko	comparison_form	explicit_tag	Germanic/docs/lexeme_reports/model_entries/2316-lick-(3sg)-liccaþ.model.md:43	1	Germanic/docs/lexeme_reports/model_entries/2316-lick-(3sg)-liccaþ.model.md:43:1
Germanic/docs/lexeme_reports/model_entries/2316-lick-(3sg)-liccaþ.model.md:44:3	Germanic/docs/lexeme_reports/model_entries/2316-lick-(3sg)-liccaþ.model.md:44:3	explicit_tag	Germanic/docs/lexeme_reports/model_entries/2316-lick-(3sg)-liccaþ.model.md:44	\index[iv]{02oe@\ivlangheader{Old English}{West Saxon normalization unmarked}!liccath@\iventry{liccaþ}{}}	oe		liccaþ	liccath	target_form	explicit_tag	Germanic/docs/lexeme_reports/model_entries/2316-lick-(3sg)-liccaþ.model.md:44	1	Germanic/docs/lexeme_reports/model_entries/2316-lick-(3sg)-liccaþ.model.md:44:3
Germanic/docs/lexeme_reports/model_entries/2316-lick-(3sg)-liccaþ.model.md:44:1	Germanic/docs/lexeme_reports/model_entries/2316-lick-(3sg)-liccaþ.model.md:44:1	explicit_tag	Germanic/docs/lexeme_reports/model_entries/2316-lick-(3sg)-liccaþ.model.md:44	\index[iv]{03pgmc@\ivlangheader{Proto-Germanic}{}!likkothi@\iventry{*líkkōθi}{}}	pgmc		*líkkōθi	likkothi	selected_input	explicit_tag	Germanic/docs/lexeme_reports/model_entries/2316-lick-(3sg)-liccaþ.model.md:44	1	Germanic/docs/lexeme_reports/model_entries/2316-lick-(3sg)-liccaþ.model.md:44:1
Germanic/docs/lexeme_reports/model_entries/2317-show-(iptv.2sg)-sċēawa.model.md:42:3	Germanic/docs/lexeme_reports/model_entries/2317-show-(iptv.2sg)-sċēawa.model.md:42:3	explicit_tag	Germanic/docs/lexeme_reports/model_entries/2317-show-(iptv.2sg)-sċēawa.model.md:42	\index[iv]{02oe@\ivlangheader{Old English}{West Saxon normalization unmarked}!sceawian@\iventry{scēawian}{}}	oe		scēawian	sceawian	evidence_form	explicit_tag	Germanic/docs/lexeme_reports/model_entries/2317-show-(iptv.2sg)-sċēawa.model.md:42	1	Germanic/docs/lexeme_reports/model_entries/2317-show-(iptv.2sg)-sċēawa.model.md:42:3
Germanic/docs/lexeme_reports/model_entries/2317-show-(iptv.2sg)-sċēawa.model.md:42:2	Germanic/docs/lexeme_reports/model_entries/2317-show-(iptv.2sg)-sċēawa.model.md:42:2	explicit_tag	Germanic/docs/lexeme_reports/model_entries/2317-show-(iptv.2sg)-sċēawa.model.md:42	\index[iv]{02oe@\ivlangheader{Old English}{West Saxon normalization unmarked}!sceawian@\iventry{sċēawian}{}}	oe		sċēawian	sceawian	evidence_form	explicit_tag	Germanic/docs/lexeme_reports/model_entries/2317-show-(iptv.2sg)-sċēawa.model.md:42	1	Germanic/docs/lexeme_reports/model_entries/2317-show-(iptv.2sg)-sċēawa.model.md:42:2
Germanic/docs/lexeme_reports/model_entries/2317-show-(iptv.2sg)-sċēawa.model.md:42:1	Germanic/docs/lexeme_reports/model_entries/2317-show-(iptv.2sg)-sċēawa.model.md:42:1	explicit_tag	Germanic/docs/lexeme_reports/model_entries/2317-show-(iptv.2sg)-sċēawa.model.md:42	\index[iv]{03pgmc@\ivlangheader{Proto-Germanic}{}!skawojana@\iventry{*skáwōjaną}{}}	pgmc		*skáwōjaną	skawojana	evidence_form	explicit_tag	Germanic/docs/lexeme_reports/model_entries/2317-show-(iptv.2sg)-sċēawa.model.md:42	1	Germanic/docs/lexeme_reports/model_entries/2317-show-(iptv.2sg)-sċēawa.model.md:42:1
Germanic/docs/lexeme_reports/model_entries/2317-show-(iptv.2sg)-sċēawa.model.md:43:3	Germanic/docs/lexeme_reports/model_entries/2317-show-(iptv.2sg)-sċēawa.model.md:43:3	explicit_tag	Germanic/docs/lexeme_reports/model_entries/2317-show-(iptv.2sg)-sċēawa.model.md:43	\index[iv]{02oe@\ivlangheader{Old English}{West Saxon normalization unmarked}!sceawa@\iventry{scēawa}{}}	oe		scēawa	sceawa	evidence_form	explicit_tag	Germanic/docs/lexeme_reports/model_entries/2317-show-(iptv.2sg)-sċēawa.model.md:43	1	Germanic/docs/lexeme_reports/model_entries/2317-show-(iptv.2sg)-sċēawa.model.md:43:3
Germanic/docs/lexeme_reports/model_entries/2317-show-(iptv.2sg)-sċēawa.model.md:43:2	Germanic/docs/lexeme_reports/model_entries/2317-show-(iptv.2sg)-sċēawa.model.md:43:2	explicit_tag	Germanic/docs/lexeme_reports/model_entries/2317-show-(iptv.2sg)-sċēawa.model.md:43	\index[iv]{02oe@\ivlangheader{Old English}{West Saxon normalization unmarked}!sceawa@\iventry{sċēawa}{}}	oe		sċēawa	sceawa	evidence_form	explicit_tag	Germanic/docs/lexeme_reports/model_entries/2317-show-(iptv.2sg)-sċēawa.model.md:43	1	Germanic/docs/lexeme_reports/model_entries/2317-show-(iptv.2sg)-sċēawa.model.md:43:2
Germanic/docs/lexeme_reports/model_entries/2317-show-(iptv.2sg)-sċēawa.model.md:43:4	Germanic/docs/lexeme_reports/model_entries/2317-show-(iptv.2sg)-sċēawa.model.md:43:4	explicit_tag	Germanic/docs/lexeme_reports/model_entries/2317-show-(iptv.2sg)-sċēawa.model.md:43	\index[iv]{02oe@\ivlangheader{Old English}{West Saxon normalization unmarked}!sceawa@\iventry{sċēawa}{}}	oe		sċēawa	sceawa	evidence_form	explicit_tag	Germanic/docs/lexeme_reports/model_entries/2317-show-(iptv.2sg)-sċēawa.model.md:43	1	Germanic/docs/lexeme_reports/model_entries/2317-show-(iptv.2sg)-sċēawa.model.md:43:4
Germanic/docs/lexeme_reports/model_entries/2317-show-(iptv.2sg)-sċēawa.model.md:43:1	Germanic/docs/lexeme_reports/model_entries/2317-show-(iptv.2sg)-sċēawa.model.md:43:1	explicit_tag	Germanic/docs/lexeme_reports/model_entries/2317-show-(iptv.2sg)-sċēawa.model.md:43	\index[iv]{03pgmc@\ivlangheader{Proto-Germanic}{}!skawo@\iventry{*skáwô}{}}	pgmc		*skáwô	skawo	evidence_form	explicit_tag	Germanic/docs/lexeme_reports/model_entries/2317-show-(iptv.2sg)-sċēawa.model.md:43	1	Germanic/docs/lexeme_reports/model_entries/2317-show-(iptv.2sg)-sċēawa.model.md:43:1
Germanic/docs/lexeme_reports/model_entries/2317-show-(iptv.2sg)-sċēawa.model.md:44:2	Germanic/docs/lexeme_reports/model_entries/2317-show-(iptv.2sg)-sċēawa.model.md:44:2	explicit_tag	Germanic/docs/lexeme_reports/model_entries/2317-show-(iptv.2sg)-sċēawa.model.md:44	\index[iv]{02oe@\ivlangheader{Old English}{West Saxon normalization unmarked}!sceawath@\iventry{sċēawaþ}{}}	oe		sċēawaþ	sceawath	evidence_form	explicit_tag	Germanic/docs/lexeme_reports/model_entries/2317-show-(iptv.2sg)-sċēawa.model.md:44	1	Germanic/docs/lexeme_reports/model_entries/2317-show-(iptv.2sg)-sċēawa.model.md:44:2
Germanic/docs/lexeme_reports/model_entries/2317-show-(iptv.2sg)-sċēawa.model.md:44:3	Germanic/docs/lexeme_reports/model_entries/2317-show-(iptv.2sg)-sċēawa.model.md:44:3	explicit_tag	Germanic/docs/lexeme_reports/model_entries/2317-show-(iptv.2sg)-sċēawa.model.md:44	\index[iv]{02oe@\ivlangheader{Old English}{West Saxon normalization unmarked}!sceawath@\iventry{sċēawaþ}{}}	oe		sċēawaþ	sceawath	evidence_form	explicit_tag	Germanic/docs/lexeme_reports/model_entries/2317-show-(iptv.2sg)-sċēawa.model.md:44	1	Germanic/docs/lexeme_reports/model_entries/2317-show-(iptv.2sg)-sċēawa.model.md:44:3
Germanic/docs/lexeme_reports/model_entries/2317-show-(iptv.2sg)-sċēawa.model.md:44:1	Germanic/docs/lexeme_reports/model_entries/2317-show-(iptv.2sg)-sċēawa.model.md:44:1	explicit_tag	Germanic/docs/lexeme_reports/model_entries/2317-show-(iptv.2sg)-sċēawa.model.md:44	\index[iv]{03pgmc@\ivlangheader{Proto-Germanic}{}!skawothi@\iventry{*skáwōθi}{}}	pgmc		*skáwōθi	skawothi	evidence_form	explicit_tag	Germanic/docs/lexeme_reports/model_entries/2317-show-(iptv.2sg)-sċēawa.model.md:44	1	Germanic/docs/lexeme_reports/model_entries/2317-show-(iptv.2sg)-sċēawa.model.md:44:1
Germanic/docs/lexeme_reports/model_entries/2318-show-(3sg)-sċēawaþ.model.md:22:2	Germanic/docs/lexeme_reports/model_entries/2318-show-(3sg)-sċēawaþ.model.md:22:2	explicit_tag	Germanic/docs/lexeme_reports/model_entries/2318-show-(3sg)-sċēawaþ.model.md:22	\index[iv]{02oe@\ivlangheader{Old English}{West Saxon normalization unmarked}!sceawian@\iventry{sceáwian}{}}	oe		sceáwian	sceawian	comparison_form	explicit_tag	Germanic/docs/lexeme_reports/model_entries/2318-show-(3sg)-sċēawaþ.model.md:22	1	Germanic/docs/lexeme_reports/model_entries/2318-show-(3sg)-sċēawaþ.model.md:22:2
Germanic/docs/lexeme_reports/model_entries/2318-show-(3sg)-sċēawaþ.model.md:22:5	Germanic/docs/lexeme_reports/model_entries/2318-show-(3sg)-sċēawaþ.model.md:22:5	explicit_tag	Germanic/docs/lexeme_reports/model_entries/2318-show-(3sg)-sċēawaþ.model.md:22	\index[iv]{09ohg@\ivlangheader{Old High German}{}!scouwon@\iventry{scouwōn}{}}	ohg		scouwōn	scouwon	comparison_form	explicit_tag	Germanic/docs/lexeme_reports/model_entries/2318-show-(3sg)-sċēawaþ.model.md:22	1	Germanic/docs/lexeme_reports/model_entries/2318-show-(3sg)-sċēawaþ.model.md:22:5
Germanic/docs/lexeme_reports/model_entries/2318-show-(3sg)-sċēawaþ.model.md:22:3	Germanic/docs/lexeme_reports/model_entries/2318-show-(3sg)-sċēawaþ.model.md:22:3	explicit_tag	Germanic/docs/lexeme_reports/model_entries/2318-show-(3sg)-sċēawaþ.model.md:22	\index[iv]{10ofris@\ivlangheader{Old Frisian}{}!skawia@\iventry{skawia}{}}	ofris		skawia	skawia	comparison_form	explicit_tag	Germanic/docs/lexeme_reports/model_entries/2318-show-(3sg)-sċēawaþ.model.md:22	1	Germanic/docs/lexeme_reports/model_entries/2318-show-(3sg)-sċēawaþ.model.md:22:3
Germanic/docs/lexeme_reports/model_entries/2318-show-(3sg)-sċēawaþ.model.md:22:1	Germanic/docs/lexeme_reports/model_entries/2318-show-(3sg)-sċēawaþ.model.md:22:1	explicit_tag	Germanic/docs/lexeme_reports/model_entries/2318-show-(3sg)-sċēawaþ.model.md:22	\index[iv]{03pgmc@\ivlangheader{Proto-Germanic}{}!skawojanan@\iventry{*skawōjanan}{}}	pgmc		*skawōjanan	skawojanan	source_protoform	explicit_tag	Germanic/docs/lexeme_reports/model_entries/2318-show-(3sg)-sċēawaþ.model.md:22	1	Germanic/docs/lexeme_reports/model_entries/2318-show-(3sg)-sċēawaþ.model.md:22:1
Germanic/docs/lexeme_reports/model_entries/2318-show-(3sg)-sċēawaþ.model.md:22:4	Germanic/docs/lexeme_reports/model_entries/2318-show-(3sg)-sċēawaþ.model.md:22:4	explicit_tag	Germanic/docs/lexeme_reports/model_entries/2318-show-(3sg)-sċēawaþ.model.md:22	\index[iv]{12os@\ivlangheader{Old Saxon}{}!skawon@\iventry{skawōn}{}}	os		skawōn	skawon	comparison_form	explicit_tag	Germanic/docs/lexeme_reports/model_entries/2318-show-(3sg)-sċēawaþ.model.md:22	1	Germanic/docs/lexeme_reports/model_entries/2318-show-(3sg)-sċēawaþ.model.md:22:4
Germanic/docs/lexeme_reports/model_entries/2318-show-(3sg)-sċēawaþ.model.md:22:6	Germanic/docs/lexeme_reports/model_entries/2318-show-(3sg)-sċēawaþ.model.md:22:6	explicit_tag	Germanic/docs/lexeme_reports/model_entries/2318-show-(3sg)-sċēawaþ.model.md:22	\index[iv]{03pgmc@\ivlangheader{Proto-Germanic}{}!skawothi@\iventry{*skáwōθi}{}}	pgmc		*skáwōθi	skawothi	selected_input	explicit_tag	Germanic/docs/lexeme_reports/model_entries/2318-show-(3sg)-sċēawaþ.model.md:22	1	Germanic/docs/lexeme_reports/model_entries/2318-show-(3sg)-sċēawaþ.model.md:22:6
Germanic/docs/lexeme_reports/model_entries/2318-show-(3sg)-sċēawaþ.model.md:28:2	Germanic/docs/lexeme_reports/model_entries/2318-show-(3sg)-sċēawaþ.model.md:28:2	explicit_tag	Germanic/docs/lexeme_reports/model_entries/2318-show-(3sg)-sċēawaþ.model.md:28	\index[iv]{02oe@\ivlangheader{Old English}{West Saxon normalization unmarked}!sceawa@\iventry{scēawa}{}}	oe		scēawa	sceawa	comparison_form	explicit_tag	Germanic/docs/lexeme_reports/model_entries/2318-show-(3sg)-sċēawaþ.model.md:28	1	Germanic/docs/lexeme_reports/model_entries/2318-show-(3sg)-sċēawaþ.model.md:28:2
Germanic/docs/lexeme_reports/model_entries/2318-show-(3sg)-sċēawaþ.model.md:28:1	Germanic/docs/lexeme_reports/model_entries/2318-show-(3sg)-sċēawaþ.model.md:28:1	explicit_tag	Germanic/docs/lexeme_reports/model_entries/2318-show-(3sg)-sċēawaþ.model.md:28	\index[iv]{02oe@\ivlangheader{Old English}{West Saxon normalization unmarked}!sceawian@\iventry{scēawian}{}}	oe		scēawian	sceawian	comparison_form	explicit_tag	Germanic/docs/lexeme_reports/model_entries/2318-show-(3sg)-sċēawaþ.model.md:28	1	Germanic/docs/lexeme_reports/model_entries/2318-show-(3sg)-sċēawaþ.model.md:28:1
Germanic/docs/lexeme_reports/model_entries/2318-show-(3sg)-sċēawaþ.model.md:30:1	Germanic/docs/lexeme_reports/model_entries/2318-show-(3sg)-sċēawaþ.model.md:30:1	explicit_tag	Germanic/docs/lexeme_reports/model_entries/2318-show-(3sg)-sċēawaþ.model.md:30	\index[iv]{02oe@\ivlangheader{Old English}{West Saxon normalization unmarked}!sceawath@\iventry{sċēawaþ}{}}	oe		sċēawaþ	sceawath	target_form	explicit_tag	Germanic/docs/lexeme_reports/model_entries/2318-show-(3sg)-sċēawaþ.model.md:30	1	Germanic/docs/lexeme_reports/model_entries/2318-show-(3sg)-sċēawaþ.model.md:30:1
Germanic/docs/lexeme_reports/model_entries/2318-show-(3sg)-sċēawaþ.model.md:34:1	Germanic/docs/lexeme_reports/model_entries/2318-show-(3sg)-sċēawaþ.model.md:34:1	explicit_tag	Germanic/docs/lexeme_reports/model_entries/2318-show-(3sg)-sċēawaþ.model.md:34	\index[iv]{02oe@\ivlangheader{Old English}{West Saxon normalization unmarked}!sceawian@\iventry{scéawian}{}}	oe		scéawian	sceawian	comparison_form	explicit_tag	Germanic/docs/lexeme_reports/model_entries/2318-show-(3sg)-sċēawaþ.model.md:34	1	Germanic/docs/lexeme_reports/model_entries/2318-show-(3sg)-sċēawaþ.model.md:34:1
Germanic/docs/lexeme_reports/model_entries/2318-show-(3sg)-sċēawaþ.model.md:34:2	Germanic/docs/lexeme_reports/model_entries/2318-show-(3sg)-sċēawaþ.model.md:34:2	explicit_tag	Germanic/docs/lexeme_reports/model_entries/2318-show-(3sg)-sċēawaþ.model.md:34	\index[iv]{03pgmc@\ivlangheader{Proto-Germanic}{}!skawothi@\iventry{*skáwōθi}{}}	pgmc		*skáwōθi	skawothi	selected_input	explicit_tag	Germanic/docs/lexeme_reports/model_entries/2318-show-(3sg)-sċēawaþ.model.md:34	1	Germanic/docs/lexeme_reports/model_entries/2318-show-(3sg)-sċēawaþ.model.md:34:2
Germanic/docs/lexeme_reports/model_entries/2318-show-(3sg)-sċēawaþ.model.md:42:3	Germanic/docs/lexeme_reports/model_entries/2318-show-(3sg)-sċēawaþ.model.md:42:3	explicit_tag	Germanic/docs/lexeme_reports/model_entries/2318-show-(3sg)-sċēawaþ.model.md:42	\index[iv]{02oe@\ivlangheader{Old English}{West Saxon normalization unmarked}!sceawian@\iventry{scēawian}{}}	oe		scēawian	sceawian	comparison_form	explicit_tag	Germanic/docs/lexeme_reports/model_entries/2318-show-(3sg)-sċēawaþ.model.md:42	1	Germanic/docs/lexeme_reports/model_entries/2318-show-(3sg)-sċēawaþ.model.md:42:3
Germanic/docs/lexeme_reports/model_entries/2318-show-(3sg)-sċēawaþ.model.md:42:1	Germanic/docs/lexeme_reports/model_entries/2318-show-(3sg)-sċēawaþ.model.md:42:1	explicit_tag	Germanic/docs/lexeme_reports/model_entries/2318-show-(3sg)-sċēawaþ.model.md:42	\index[iv]{03pgmc@\ivlangheader{Proto-Germanic}{}!skawojana@\iventry{*skáwōjaną}{}}	pgmc		*skáwōjaną	skawojana	comparison_form	explicit_tag	Germanic/docs/lexeme_reports/model_entries/2318-show-(3sg)-sċēawaþ.model.md:42	1	Germanic/docs/lexeme_reports/model_entries/2318-show-(3sg)-sċēawaþ.model.md:42:1
Germanic/docs/lexeme_reports/model_entries/2318-show-(3sg)-sċēawaþ.model.md:43:3	Germanic/docs/lexeme_reports/model_entries/2318-show-(3sg)-sċēawaþ.model.md:43:3	explicit_tag	Germanic/docs/lexeme_reports/model_entries/2318-show-(3sg)-sċēawaþ.model.md:43	\index[iv]{02oe@\ivlangheader{Old English}{West Saxon normalization unmarked}!sceawa@\iventry{scēawa}{}}	oe		scēawa	sceawa	comparison_form	explicit_tag	Germanic/docs/lexeme_reports/model_entries/2318-show-(3sg)-sċēawaþ.model.md:43	1	Germanic/docs/lexeme_reports/model_entries/2318-show-(3sg)-sċēawaþ.model.md:43:3
Germanic/docs/lexeme_reports/model_entries/2318-show-(3sg)-sċēawaþ.model.md:43:1	Germanic/docs/lexeme_reports/model_entries/2318-show-(3sg)-sċēawaþ.model.md:43:1	explicit_tag	Germanic/docs/lexeme_reports/model_entries/2318-show-(3sg)-sċēawaþ.model.md:43	\index[iv]{03pgmc@\ivlangheader{Proto-Germanic}{}!skawo@\iventry{*skáwô}{}}	pgmc		*skáwô	skawo	comparison_form	explicit_tag	Germanic/docs/lexeme_reports/model_entries/2318-show-(3sg)-sċēawaþ.model.md:43	1	Germanic/docs/lexeme_reports/model_entries/2318-show-(3sg)-sċēawaþ.model.md:43:1
Germanic/docs/lexeme_reports/model_entries/2318-show-(3sg)-sċēawaþ.model.md:44:2	Germanic/docs/lexeme_reports/model_entries/2318-show-(3sg)-sċēawaþ.model.md:44:2	explicit_tag	Germanic/docs/lexeme_reports/model_entries/2318-show-(3sg)-sċēawaþ.model.md:44	\index[iv]{02oe@\ivlangheader{Old English}{West Saxon normalization unmarked}!sceawath@\iventry{sċēawaþ}{}}	oe		sċēawaþ	sceawath	target_form	explicit_tag	Germanic/docs/lexeme_reports/model_entries/2318-show-(3sg)-sċēawaþ.model.md:44	1	Germanic/docs/lexeme_reports/model_entries/2318-show-(3sg)-sċēawaþ.model.md:44:2
Germanic/docs/lexeme_reports/model_entries/2318-show-(3sg)-sċēawaþ.model.md:44:3	Germanic/docs/lexeme_reports/model_entries/2318-show-(3sg)-sċēawaþ.model.md:44:3	explicit_tag	Germanic/docs/lexeme_reports/model_entries/2318-show-(3sg)-sċēawaþ.model.md:44	\index[iv]{02oe@\ivlangheader{Old English}{West Saxon normalization unmarked}!sceawath@\iventry{sċēawaþ}{}}	oe		sċēawaþ	sceawath	target_form	explicit_tag	Germanic/docs/lexeme_reports/model_entries/2318-show-(3sg)-sċēawaþ.model.md:44	1	Germanic/docs/lexeme_reports/model_entries/2318-show-(3sg)-sċēawaþ.model.md:44:3
Germanic/docs/lexeme_reports/model_entries/2318-show-(3sg)-sċēawaþ.model.md:44:1	Germanic/docs/lexeme_reports/model_entries/2318-show-(3sg)-sċēawaþ.model.md:44:1	explicit_tag	Germanic/docs/lexeme_reports/model_entries/2318-show-(3sg)-sċēawaþ.model.md:44	\index[iv]{03pgmc@\ivlangheader{Proto-Germanic}{}!skawothi@\iventry{*skáwōθi}{}}	pgmc		*skáwōθi	skawothi	selected_input	explicit_tag	Germanic/docs/lexeme_reports/model_entries/2318-show-(3sg)-sċēawaþ.model.md:44	1	Germanic/docs/lexeme_reports/model_entries/2318-show-(3sg)-sċēawaþ.model.md:44:1
Germanic/docs/sound_changes/reader_facing/reader_facing_local_section_19.md:231:13	Germanic/docs/sound_changes/reader_facing/reader_facing_local_section_19.md:231:13	explicit_tag	Germanic/docs/sound_changes/reader_facing/reader_facing_local_section_19.md:231	\index[iv]{11goth@\ivlangheader{Gothic}{}!bairam@\iventry{baíram}{}}	goth		baíram	bairam	evidence_form	explicit_tag	Germanic/docs/sound_changes/reader_facing/reader_facing_local_section_19.md:231	1	Germanic/docs/sound_changes/reader_facing/reader_facing_local_section_19.md:231:13
Germanic/docs/sound_changes/reader_facing/reader_facing_local_section_19.md:231:11	Germanic/docs/sound_changes/reader_facing/reader_facing_local_section_19.md:231:11	explicit_tag	Germanic/docs/sound_changes/reader_facing/reader_facing_local_section_19.md:231	\index[iv]{08on@\ivlangheader{Old Norse}{}!berum@\iventry{berum}{}}	on		berum	berum	evidence_form	explicit_tag	Germanic/docs/sound_changes/reader_facing/reader_facing_local_section_19.md:231	1	Germanic/docs/sound_changes/reader_facing/reader_facing_local_section_19.md:231:11
Germanic/docs/sound_changes/reader_facing/reader_facing_local_section_19.md:231:12	Germanic/docs/sound_changes/reader_facing/reader_facing_local_section_19.md:231:12	explicit_tag	Germanic/docs/sound_changes/reader_facing/reader_facing_local_section_19.md:231	\index[iv]{09ohg@\ivlangheader{Old High German}{}!berumes@\iventry{berumēs}{}}	ohg		berumēs	berumes	evidence_form	explicit_tag	Germanic/docs/sound_changes/reader_facing/reader_facing_local_section_19.md:231	1	Germanic/docs/sound_changes/reader_facing/reader_facing_local_section_19.md:231:12
Germanic/docs/sound_changes/reader_facing/reader_facing_local_section_19.md:231:6	Germanic/docs/sound_changes/reader_facing/reader_facing_local_section_19.md:231:6	explicit_tag	Germanic/docs/sound_changes/reader_facing/reader_facing_local_section_19.md:231	\index[iv]{11goth@\ivlangheader{Gothic}{}!dagam@\iventry{dagam}{}}	goth		dagam	dagam	evidence_form	explicit_tag	Germanic/docs/sound_changes/reader_facing/reader_facing_local_section_19.md:231	1	Germanic/docs/sound_changes/reader_facing/reader_facing_local_section_19.md:231:6
Germanic/docs/sound_changes/reader_facing/reader_facing_local_section_19.md:231:3	Germanic/docs/sound_changes/reader_facing/reader_facing_local_section_19.md:231:3	explicit_tag	Germanic/docs/sound_changes/reader_facing/reader_facing_local_section_19.md:231	\index[iv]{02oe@\ivlangheader{Old English}{West Saxon normalization unmarked}!dagum@\iventry{dagum}{}}	oe		dagum	dagum	evidence_form	explicit_tag	Germanic/docs/sound_changes/reader_facing/reader_facing_local_section_19.md:231	1	Germanic/docs/sound_changes/reader_facing/reader_facing_local_section_19.md:231:3
Germanic/docs/sound_changes/reader_facing/reader_facing_local_section_19.md:231:4	Germanic/docs/sound_changes/reader_facing/reader_facing_local_section_19.md:231:4	explicit_tag	Germanic/docs/sound_changes/reader_facing/reader_facing_local_section_19.md:231	\index[iv]{12os@\ivlangheader{Old Saxon}{}!dagun@\iventry{dagun}{}}	os		dagun	dagun	evidence_form	explicit_tag	Germanic/docs/sound_changes/reader_facing/reader_facing_local_section_19.md:231	1	Germanic/docs/sound_changes/reader_facing/reader_facing_local_section_19.md:231:4
Germanic/docs/sound_changes/reader_facing/reader_facing_local_section_19.md:231:2	Germanic/docs/sound_changes/reader_facing/reader_facing_local_section_19.md:231:2	explicit_tag	Germanic/docs/sound_changes/reader_facing/reader_facing_local_section_19.md:231	\index[iv]{08on@\ivlangheader{Old Norse}{}!dogum@\iventry{dǫgum}{}}	on		dǫgum	dogum	evidence_form	explicit_tag	Germanic/docs/sound_changes/reader_facing/reader_facing_local_section_19.md:231	1	Germanic/docs/sound_changes/reader_facing/reader_facing_local_section_19.md:231:2
Germanic/docs/sound_changes/reader_facing/reader_facing_local_section_19.md:231:10	Germanic/docs/sound_changes/reader_facing/reader_facing_local_section_19.md:231:10	explicit_tag	Germanic/docs/sound_changes/reader_facing/reader_facing_local_section_19.md:231	\index[iv]{11goth@\ivlangheader{Gothic}{}!godamma@\iventry{godamma}{}}	goth		godamma	godamma	evidence_form	explicit_tag	Germanic/docs/sound_changes/reader_facing/reader_facing_local_section_19.md:231	1	Germanic/docs/sound_changes/reader_facing/reader_facing_local_section_19.md:231:10
Germanic/docs/sound_changes/reader_facing/reader_facing_local_section_19.md:231:7	Germanic/docs/sound_changes/reader_facing/reader_facing_local_section_19.md:231:7	explicit_tag	Germanic/docs/sound_changes/reader_facing/reader_facing_local_section_19.md:231	\index[iv]{08on@\ivlangheader{Old Norse}{}!godum@\iventry{góðum}{}}	on		góðum	godum	evidence_form	explicit_tag	Germanic/docs/sound_changes/reader_facing/reader_facing_local_section_19.md:231	1	Germanic/docs/sound_changes/reader_facing/reader_facing_local_section_19.md:231:7
Germanic/docs/sound_changes/reader_facing/reader_facing_local_section_19.md:231:8	Germanic/docs/sound_changes/reader_facing/reader_facing_local_section_19.md:231:8	explicit_tag	Germanic/docs/sound_changes/reader_facing/reader_facing_local_section_19.md:231	\index[iv]{02oe@\ivlangheader{Old English}{West Saxon normalization unmarked}!godum@\iventry{gōdum}{}}	oe		gōdum	godum	evidence_form	explicit_tag	Germanic/docs/sound_changes/reader_facing/reader_facing_local_section_19.md:231	1	Germanic/docs/sound_changes/reader_facing/reader_facing_local_section_19.md:231:8
Germanic/docs/sound_changes/reader_facing/reader_facing_local_section_19.md:231:9	Germanic/docs/sound_changes/reader_facing/reader_facing_local_section_19.md:231:9	explicit_tag	Germanic/docs/sound_changes/reader_facing/reader_facing_local_section_19.md:231	\index[iv]{12os@\ivlangheader{Old Saxon}{}!godum@\iventry{gōdum}{}}	os		gōdum	godum	evidence_form	explicit_tag	Germanic/docs/sound_changes/reader_facing/reader_facing_local_section_19.md:231	1	Germanic/docs/sound_changes/reader_facing/reader_facing_local_section_19.md:231:9
Germanic/docs/sound_changes/reader_facing/reader_facing_local_section_19.md:231:5	Germanic/docs/sound_changes/reader_facing/reader_facing_local_section_19.md:231:5	explicit_tag	Germanic/docs/sound_changes/reader_facing/reader_facing_local_section_19.md:231	\index[iv]{09ohg@\ivlangheader{Old High German}{}!tagum@\iventry{tagum}{}}	ohg		tagum	tagum	evidence_form	explicit_tag	Germanic/docs/sound_changes/reader_facing/reader_facing_local_section_19.md:231	1	Germanic/docs/sound_changes/reader_facing/reader_facing_local_section_19.md:231:5
Germanic/docs/sound_changes/reader_facing/reader_facing_local_section_19.md:262:1	Germanic/docs/sound_changes/reader_facing/reader_facing_local_section_19.md:262:1	explicit_tag	Germanic/docs/sound_changes/reader_facing/reader_facing_local_section_19.md:262	\index[iv]{03pgmc@\ivlangheader{Proto-Germanic}{}!fedwor@\iventry{*fedwōr}{}}	pgmc		*fedwōr	fedwor	evidence_form	explicit_tag	Germanic/docs/sound_changes/reader_facing/reader_facing_local_section_19.md:262	1	Germanic/docs/sound_changes/reader_facing/reader_facing_local_section_19.md:262:1
Germanic/docs/sound_changes/reader_facing/reader_facing_local_section_19.md:262:2	Germanic/docs/sound_changes/reader_facing/reader_facing_local_section_19.md:262:2	explicit_tag	Germanic/docs/sound_changes/reader_facing/reader_facing_local_section_19.md:262	\index[iv]{02oe@\ivlangheader{Old English}{West Saxon normalization unmarked}!feower@\iventry{fēower}{}}	oe		fēower	feower	evidence_form	explicit_tag	Germanic/docs/sound_changes/reader_facing/reader_facing_local_section_19.md:262	1	Germanic/docs/sound_changes/reader_facing/reader_facing_local_section_19.md:262:2
Germanic/docs/sound_changes/reader_facing/reader_facing_local_section_19.md:262:4	Germanic/docs/sound_changes/reader_facing/reader_facing_local_section_19.md:262:4	explicit_tag	Germanic/docs/sound_changes/reader_facing/reader_facing_local_section_19.md:262	\index[iv]{12os@\ivlangheader{Old Saxon}{}!fiuwar@\iventry{fiuwar}{}}	os		fiuwar	fiuwar	evidence_form	explicit_tag	Germanic/docs/sound_changes/reader_facing/reader_facing_local_section_19.md:262	1	Germanic/docs/sound_changes/reader_facing/reader_facing_local_section_19.md:262:4
Germanic/docs/sound_changes/reader_facing/reader_facing_local_section_19.md:262:3	Germanic/docs/sound_changes/reader_facing/reader_facing_local_section_19.md:262:3	explicit_tag	Germanic/docs/sound_changes/reader_facing/reader_facing_local_section_19.md:262	\index[iv]{10ofris@\ivlangheader{Old Frisian}{}!fiuwer@\iventry{fiuwer}{}}	ofris		fiuwer	fiuwer	evidence_form	explicit_tag	Germanic/docs/sound_changes/reader_facing/reader_facing_local_section_19.md:262	1	Germanic/docs/sound_changes/reader_facing/reader_facing_local_section_19.md:262:3
Germanic/docs/sound_changes/reader_facing/reader_facing_local_section_19.md:262:6	Germanic/docs/sound_changes/reader_facing/reader_facing_local_section_19.md:262:6	explicit_tag	Germanic/docs/sound_changes/reader_facing/reader_facing_local_section_19.md:262	\index[iv]{02oe@\ivlangheader{Old English}{West Saxon normalization unmarked}!waeter@\iventry{wæter}{}}	oe		wæter	waeter	evidence_form	explicit_tag	Germanic/docs/sound_changes/reader_facing/reader_facing_local_section_19.md:262	1	Germanic/docs/sound_changes/reader_facing/reader_facing_local_section_19.md:262:6
Germanic/docs/sound_changes/reader_facing/reader_facing_local_section_19.md:262:5	Germanic/docs/sound_changes/reader_facing/reader_facing_local_section_19.md:262:5	explicit_tag	Germanic/docs/sound_changes/reader_facing/reader_facing_local_section_19.md:262	\index[iv]{03pgmc@\ivlangheader{Proto-Germanic}{}!wator@\iventry{*watōr}{}}	pgmc		*watōr	wator	evidence_form	explicit_tag	Germanic/docs/sound_changes/reader_facing/reader_facing_local_section_19.md:262	1	Germanic/docs/sound_changes/reader_facing/reader_facing_local_section_19.md:262:5
Germanic/docs/sound_changes/reader_facing/reader_facing_local_section_19.md:277:1	Germanic/docs/sound_changes/reader_facing/reader_facing_local_section_19.md:277:1	explicit_tag	Germanic/docs/sound_changes/reader_facing/reader_facing_local_section_19.md:277	\index[iv]{03pgmc@\ivlangheader{Proto-Germanic}{}!fedwor@\iventry{*fedwōr}{}}	pgmc		*fedwōr	fedwor	evidence_form	explicit_tag	Germanic/docs/sound_changes/reader_facing/reader_facing_local_section_19.md:277	1	Germanic/docs/sound_changes/reader_facing/reader_facing_local_section_19.md:277:1
Germanic/docs/sound_changes/reader_facing/reader_facing_local_section_19.md:277:3	Germanic/docs/sound_changes/reader_facing/reader_facing_local_section_19.md:277:3	explicit_tag	Germanic/docs/sound_changes/reader_facing/reader_facing_local_section_19.md:277	\index[iv]{02oe@\ivlangheader{Old English}{West Saxon normalization unmarked}!waeter@\iventry{wæter}{}}	oe		wæter	waeter	evidence_form	explicit_tag	Germanic/docs/sound_changes/reader_facing/reader_facing_local_section_19.md:277	1	Germanic/docs/sound_changes/reader_facing/reader_facing_local_section_19.md:277:3
Germanic/docs/sound_changes/reader_facing/reader_facing_local_section_19.md:277:2	Germanic/docs/sound_changes/reader_facing/reader_facing_local_section_19.md:277:2	explicit_tag	Germanic/docs/sound_changes/reader_facing/reader_facing_local_section_19.md:277	\index[iv]{03pgmc@\ivlangheader{Proto-Germanic}{}!wator@\iventry{*watōr}{}}	pgmc		*watōr	wator	evidence_form	explicit_tag	Germanic/docs/sound_changes/reader_facing/reader_facing_local_section_19.md:277	1	Germanic/docs/sound_changes/reader_facing/reader_facing_local_section_19.md:277:2
Germanic/docs/sound_changes/reader_facing/reader_facing_local_section_19.md:54:1	Germanic/docs/sound_changes/reader_facing/reader_facing_local_section_19.md:54:1	explicit_tag	Germanic/docs/sound_changes/reader_facing/reader_facing_local_section_19.md:54	\index[iv]{03pgmc@\ivlangheader{Proto-Germanic}{}!draugma@\iventry{*draugma-}{}}	pgmc		*draugma-	draugma	evidence_form	explicit_tag	Germanic/docs/sound_changes/reader_facing/reader_facing_local_section_19.md:54	1	Germanic/docs/sound_changes/reader_facing/reader_facing_local_section_19.md:54:1
Germanic/docs/sound_changes/reader_facing/reader_facing_local_section_19.md:55:1	Germanic/docs/sound_changes/reader_facing/reader_facing_local_section_19.md:55:1	explicit_tag	Germanic/docs/sound_changes/reader_facing/reader_facing_local_section_19.md:55	\index[iv]{03pgmc@\ivlangheader{Proto-Germanic}{}!taugma@\iventry{*taugma-}{}}	pgmc		*taugma-	taugma	evidence_form	explicit_tag	Germanic/docs/sound_changes/reader_facing/reader_facing_local_section_19.md:55	1	Germanic/docs/sound_changes/reader_facing/reader_facing_local_section_19.md:55:1
Germanic/docs/sound_changes/reader_facing/reader_facing_local_section_19.md:575:4	Germanic/docs/sound_changes/reader_facing/reader_facing_local_section_19.md:575:4	explicit_tag	Germanic/docs/sound_changes/reader_facing/reader_facing_local_section_19.md:575	\index[iv]{12os@\ivlangheader{Old Saxon}{}!heban@\iventry{heban}{}}	os		heban	heban	evidence_form	explicit_tag	Germanic/docs/sound_changes/reader_facing/reader_facing_local_section_19.md:575	1	Germanic/docs/sound_changes/reader_facing/reader_facing_local_section_19.md:575:4
Germanic/docs/sound_changes/reader_facing/reader_facing_local_section_19.md:575:2	Germanic/docs/sound_changes/reader_facing/reader_facing_local_section_19.md:575:2	explicit_tag	Germanic/docs/sound_changes/reader_facing/reader_facing_local_section_19.md:575	\index[iv]{05pwgmc@\ivlangheader{Proto-West Germanic}{}!hebun@\iventry{*hebun}{}}	pwgmc		*hebun	hebun	evidence_form	explicit_tag	Germanic/docs/sound_changes/reader_facing/reader_facing_local_section_19.md:575	1	Germanic/docs/sound_changes/reader_facing/reader_facing_local_section_19.md:575:2
Germanic/docs/sound_changes/reader_facing/reader_facing_local_section_19.md:575:1	Germanic/docs/sound_changes/reader_facing/reader_facing_local_section_19.md:575:1	explicit_tag	Germanic/docs/sound_changes/reader_facing/reader_facing_local_section_19.md:575	\index[iv]{02oe@\ivlangheader{Old English}{West Saxon normalization unmarked}!heofon@\iventry{heofon}{}}	oe		heofon	heofon	evidence_form	explicit_tag	Germanic/docs/sound_changes/reader_facing/reader_facing_local_section_19.md:575	1	Germanic/docs/sound_changes/reader_facing/reader_facing_local_section_19.md:575:1
Germanic/docs/sound_changes/reader_facing/reader_facing_local_section_19.md:575:3	Germanic/docs/sound_changes/reader_facing/reader_facing_local_section_19.md:575:3	explicit_tag	Germanic/docs/sound_changes/reader_facing/reader_facing_local_section_19.md:575	\index[iv]{02oe@\ivlangheader{Old English}{West Saxon normalization unmarked}!heofon@\iventry{heofon}{}}	oe		heofon	heofon	evidence_form	explicit_tag	Germanic/docs/sound_changes/reader_facing/reader_facing_local_section_19.md:575	1	Germanic/docs/sound_changes/reader_facing/reader_facing_local_section_19.md:575:3
Germanic/docs/sound_changes/reader_facing/reader_facing_local_section_19.md:873:1	Germanic/docs/sound_changes/reader_facing/reader_facing_local_section_19.md:873:1	explicit_tag	Germanic/docs/sound_changes/reader_facing/reader_facing_local_section_19.md:873	\index[iv]{03pgmc@\ivlangheader{Proto-Germanic}{}!deuzaz@\iventry{*déuzaz}{}}	pgmc		*déuzaz	deuzaz	evidence_form	explicit_tag	Germanic/docs/sound_changes/reader_facing/reader_facing_local_section_19.md:873	1	Germanic/docs/sound_changes/reader_facing/reader_facing_local_section_19.md:873:1
Germanic/docs/sound_changes/reader_facing/reader_facing_local_section_19.md:874:1	Germanic/docs/sound_changes/reader_facing/reader_facing_local_section_19.md:874:1	explicit_tag	Germanic/docs/sound_changes/reader_facing/reader_facing_local_section_19.md:874	\index[iv]{03pgmc@\ivlangheader{Proto-Germanic}{}!xurdaz@\iventry{*xúrdaz}{}}	pgmc		*xúrdaz	xurdaz	evidence_form	explicit_tag	Germanic/docs/sound_changes/reader_facing/reader_facing_local_section_19.md:874	1	Germanic/docs/sound_changes/reader_facing/reader_facing_local_section_19.md:874:1
Germanic/docs/sound_changes/reader_facing/reader_facing_local_section_19.md:875:1	Germanic/docs/sound_changes/reader_facing/reader_facing_local_section_19.md:875:1	explicit_tag	Germanic/docs/sound_changes/reader_facing/reader_facing_local_section_19.md:875	\index[iv]{03pgmc@\ivlangheader{Proto-Germanic}{}!liznojana@\iventry{*líznōjaną}{}}	pgmc		*líznōjaną	liznojana	evidence_form	explicit_tag	Germanic/docs/sound_changes/reader_facing/reader_facing_local_section_19.md:875	1	Germanic/docs/sound_changes/reader_facing/reader_facing_local_section_19.md:875:1
Germanic/docs/sound_changes/reader_facing/reader_facing_local_section_19.md:892:1	Germanic/docs/sound_changes/reader_facing/reader_facing_local_section_19.md:892:1	explicit_tag	Germanic/docs/sound_changes/reader_facing/reader_facing_local_section_19.md:892	\index[iv]{03pgmc@\ivlangheader{Proto-Germanic}{}!rastoz@\iventry{*rástōz}{}}	pgmc		*rástōz	rastoz	evidence_form	explicit_tag	Germanic/docs/sound_changes/reader_facing/reader_facing_local_section_19.md:892	1	Germanic/docs/sound_changes/reader_facing/reader_facing_local_section_19.md:892:1
emit:1c416cf6288bba	heading:3e68388c0b2d16	heading_injection	adder — OE nǣdre	\index[iv]{02oe@\ivlangheader{Old English}{West Saxon normalization unmarked}!naedre@\iventry{nǣdre}{}}	oe		nǣdre	naedre	target_form	lexical_heading	adder — OE nǣdre	1	heading:3e68388c0b2d16
emit:e8a28d4a85b765	lexical-protoform:ac8dc35a461471	heading_injection	adder — OE nǣdre	\index[iv]{03pgmc@\ivlangheader{Proto-Germanic}{}!nedron@\iventry{*nḗdrōn}{}}	pgmc		*nḗdrōn	nedron	source_protoform	lexical_protoform	adder — OE nǣdre	2	lexical-protoform:ac8dc35a461471|trace:873629123e34ee
emit:b0bd2706481a68	heading:8dee27cedce6ef	heading_injection	bake — OE bacan	\index[iv]{02oe@\ivlangheader{Old English}{West Saxon normalization unmarked}!bacan@\iventry{bacan}{}}	oe		bacan	bacan	target_form	lexical_heading	bake — OE bacan	1	heading:8dee27cedce6ef
emit:76895742e48e41	override:12424de7dbc9e8	heading_injection	bake — OE bacan	\index[iv]{09ohg@\ivlangheader{Old High German}{}!backan@\iventry{backan}{}}	ohg		backan	backan	comparison_form	override	Germanic/docs/lexeme_reports/model_entries/1934-bake-bacan.model.md:21	1	override:12424de7dbc9e8
emit:a3b91d9b9f5557	override:b45cea0e3fefe5	heading_injection	bake — OE bacan	\index[iv]{09ohg@\ivlangheader{Old High German}{}!bahhan@\iventry{bahhan}{}}	ohg		bahhan	bahhan	comparison_form	override	Germanic/docs/lexeme_reports/model_entries/1934-bake-bacan.model.md:21	1	override:b45cea0e3fefe5
emit:66b6fac62b9c9a	lexical-protoform:b89df6e81fa55d	heading_injection	bake — OE bacan	\index[iv]{03pgmc@\ivlangheader{Proto-Germanic}{}!bakana@\iventry{*bákaną}{}}	pgmc		*bákaną	bakana	source_protoform	lexical_protoform	bake — OE bacan	2	lexical-protoform:b89df6e81fa55d|trace:49e0f6b5d87c8e
emit:756244d5742340	lexical-proto:26725b41edc264	heading_injection	ban — OE bannes	\index[iv]{03pgmc@\ivlangheader{Proto-Germanic}{}!banna@\iventry{*bánną}{}}	pgmc		*bánną	banna	source_protoform	lexical_proto	ban — OE bannes	1	lexical-proto:26725b41edc264
emit:0fb9ee56c9ec95	lexical-protoform:b7d0b84a60d61e	heading_injection	ban — OE bannes	\index[iv]{03pgmc@\ivlangheader{Proto-Germanic}{}!bannas@\iventry{*bánnas}{}}	pgmc		*bánnas	bannas	source_protoform	lexical_protoform	ban — OE bannes	2	lexical-protoform:b7d0b84a60d61e|trace:b11d78c245d9a3
emit:b30ee83982f903	heading:74a46f0b74dd0e	heading_injection	ban — OE bannes	\index[iv]{02oe@\ivlangheader{Old English}{West Saxon normalization unmarked}!bannes@\iventry{bannes}{}}	oe		bannes	bannes	target_form	lexical_heading	ban — OE bannes	1	heading:74a46f0b74dd0e
emit:67f8270ea6ff0f	broad-prose:52fed6865505ad	heading_injection	beech — OE bōc	\index[iv]{02oe@\ivlangheader{Old English}{West Saxon normalization unmarked}!boc@\iventry{boc}{}}	oe		boc	boc	comparison_form	broad_prose_decision	Germanic/docs/lexeme_reports/model_entries/1942-beech-bōc.model.md:21	2	broad-prose:52fed6865505ad|broad-prose:9ae2550e7750fb
emit:1019f11bf2184d	heading:8451f4f6cf0e4c	heading_injection	beech — OE bōc	\index[iv]{02oe@\ivlangheader{Old English}{West Saxon normalization unmarked}!boc@\iventry{bōc}{}}	oe		bōc	boc	target_form	lexical_heading	beech — OE bōc	1	heading:8451f4f6cf0e4c
emit:1d480f4d3695f3	lexical-protoform:271a16dee28f62	heading_injection	beech — OE bōc	\index[iv]{03pgmc@\ivlangheader{Proto-Germanic}{}!boko@\iventry{*bōkō}{}}	pgmc		*bōkō	boko	source_protoform	lexical_protoform	beech — OE bōc	2	lexical-protoform:271a16dee28f62|trace:802f2f665ec939
emit:0dbfaa50532ff4	heading:5c8f7a4c7cd7cd	heading_injection	begin — OE beġinnan	\index[iv]{02oe@\ivlangheader{Old English}{West Saxon normalization unmarked}!beginnan@\iventry{beġinnan}{}}	oe		beġinnan	beginnan	target_form	lexical_heading	begin — OE beġinnan	1	heading:5c8f7a4c7cd7cd
emit:7c672e1cda4a3a	lexical-protoform:65607de8a0ac21	heading_injection	begin — OE beġinnan	\index[iv]{03pgmc@\ivlangheader{Proto-Germanic}{}!biginnana@\iventry{*bigínnaną}{}}	pgmc		*bigínnaną	biginnana	source_protoform	lexical_protoform	begin — OE beġinnan	2	lexical-protoform:65607de8a0ac21|trace:6dba73681f0979
emit:c246a0739fb204	lexical-proto:3f3ad17fd57502	heading_injection	berry — OE berġes	\index[iv]{03pgmc@\ivlangheader{Proto-Germanic}{}!bazja@\iventry{*bázją}{}}	pgmc		*bázją	bazja	source_protoform	lexical_proto	berry — OE berġes	1	lexical-proto:3f3ad17fd57502
emit:0d395a1f58f641	lexical-protoform:500efa9657376b	heading_injection	berry — OE berġes	\index[iv]{03pgmc@\ivlangheader{Proto-Germanic}{}!bazjas@\iventry{*bázjas}{}}	pgmc		*bázjas	bazjas	source_protoform	lexical_protoform	berry — OE berġes	2	lexical-protoform:500efa9657376b|trace:e42363375a07ef
emit:52d72e33ee3f9f	heading:36443cfa49f883	heading_injection	berry — OE berġes	\index[iv]{02oe@\ivlangheader{Old English}{West Saxon normalization unmarked}!berges@\iventry{berġes}{}}	oe		berġes	berges	target_form	lexical_heading	berry — OE berġes	1	heading:36443cfa49f883
emit:8c87750d85844e	heading:f3a7f08bc28ac3	heading_injection	bier — OE bǣr	\index[iv]{02oe@\ivlangheader{Old English}{West Saxon normalization unmarked}!baer@\iventry{bǣr}{}}	oe		bǣr	baer	target_form	lexical_heading	bier — OE bǣr	1	heading:f3a7f08bc28ac3
emit:f486895ad9f25a	lexical-protoform:8eada8b99996c1	heading_injection	bier — OE bǣr	\index[iv]{03pgmc@\ivlangheader{Proto-Germanic}{}!bero@\iventry{*bḗrō}{}}	pgmc		*bḗrō	bero	source_protoform	lexical_protoform	bier — OE bǣr	2	lexical-protoform:8eada8b99996c1|trace:3c9a19bdbccad6
emit:2cc5437408ec8e	lexical-protoform:2d9ccfeac47380	heading_injection	birth — OE byrd	\index[iv]{03pgmc@\ivlangheader{Proto-Germanic}{}!burdiz@\iventry{*búrdiz}{}}	pgmc		*búrdiz	burdiz	source_protoform	lexical_protoform	birth — OE byrd	2	lexical-protoform:2d9ccfeac47380|trace:bfcea2f12f823c
emit:6151f481db0d75	heading:3af902748bd49e	heading_injection	birth — OE byrd	\index[iv]{02oe@\ivlangheader{Old English}{West Saxon normalization unmarked}!byrd@\iventry{byrd}{}}	oe		byrd	byrd	target_form	lexical_heading	birth — OE byrd	1	heading:3af902748bd49e
emit:2cecb51e9c0475	broad-prose:50ea8df499c585	heading_injection	birth — OE byrd	\index[iv]{02oe@\ivlangheader{Old English}{West Saxon normalization unmarked}!gebyrd@\iventry{ge-byrd}{}}	oe		ge-byrd	gebyrd	comparison_form	broad_prose_decision	Germanic/docs/lexeme_reports/model_entries/1951-birth-byrd.model.md:25	1	broad-prose:50ea8df499c585
emit:4dcd986ae6feed	broad-prose:d6bdd15afc0680	heading_injection	birth — OE byrd	\index[iv]{02oe@\ivlangheader{Old English}{West Saxon normalization unmarked}!gebyrd@\iventry{gebyrd}{}}	oe		gebyrd	gebyrd	comparison_form	broad_prose_decision	Germanic/docs/lexeme_reports/model_entries/1951-birth-byrd.model.md:25	1	broad-prose:d6bdd15afc0680
emit:1812c6e004295e	broad-prose:5dcb4753633519	heading_injection	birth — OE byrd	\index[iv]{02oe@\ivlangheader{Old English}{West Saxon normalization unmarked}!gebyrdu@\iventry{gebyrdu}{}}	oe		gebyrdu	gebyrdu	comparison_form	broad_prose_decision	Germanic/docs/lexeme_reports/model_entries/1951-birth-byrd.model.md:25	1	broad-prose:5dcb4753633519
emit:23f776363ccd4d	lexical-protoform:ea51fe9fee0d6b	heading_injection	bone — OE bān	\index[iv]{03pgmc@\ivlangheader{Proto-Germanic}{}!baina@\iventry{*báiną}{}}	pgmc		*báiną	baina	source_protoform	lexical_protoform	bone — OE bān	2	lexical-protoform:ea51fe9fee0d6b|trace:bbaf9dbb5f9ccc
emit:07bea379aad673	heading:ac842636e66927	heading_injection	bone — OE bān	\index[iv]{02oe@\ivlangheader{Old English}{West Saxon normalization unmarked}!ban@\iventry{bān}{}}	oe		bān	ban	target_form	lexical_heading	bone — OE bān	1	heading:ac842636e66927
emit:5f537ff35be7f9	heading:323f402ad3e1af	heading_injection	bore (3sg) — OE boraþ	\index[iv]{02oe@\ivlangheader{Old English}{West Saxon normalization unmarked}!borath@\iventry{boraþ}{}}	oe		boraþ	borath	target_form	lexical_heading	bore (3sg) — OE boraþ	1	heading:323f402ad3e1af
emit:5ef4e4429fa7ca	lexical-proto:d1a07cf1bd6329	heading_injection	bore (3sg) — OE boraþ	\index[iv]{03pgmc@\ivlangheader{Proto-Germanic}{}!burona@\iventry{*burōną}{}}	pgmc		*burōną	burona	source_protoform	lexical_proto	bore (3sg) — OE boraþ	1	lexical-proto:d1a07cf1bd6329
emit:cea7137bc74ef8	lexical-protoform:cba68383389ebf	heading_injection	bore (3sg) — OE boraþ	\index[iv]{03pgmc@\ivlangheader{Proto-Germanic}{}!burothi@\iventry{*búrōθi}{}}	pgmc		*búrōθi	burothi	source_protoform	lexical_protoform	bore (3sg) — OE boraþ	2	lexical-protoform:cba68383389ebf|trace:3ac64722b0d456
emit:d34c557f9d02d2	heading:9c92cd4c008734	heading_injection	bore (iptv.2sg) — OE bora	\index[iv]{02oe@\ivlangheader{Old English}{West Saxon normalization unmarked}!bora@\iventry{bora}{}}	oe		bora	bora	target_form	lexical_heading	bore (iptv.2sg) — OE bora	1	heading:9c92cd4c008734
emit:00387c4c1b7723	lexical-protoform:48bd3dbc21bc47	heading_injection	bore (iptv.2sg) — OE bora	\index[iv]{03pgmc@\ivlangheader{Proto-Germanic}{}!buro@\iventry{*búrô}{}}	pgmc		*búrô	buro	source_protoform	lexical_protoform	bore (iptv.2sg) — OE bora	2	lexical-protoform:48bd3dbc21bc47|trace:549c5d08d8c27d
emit:5b966b797fbf17	lexical-proto:fc7c5e5cd32383	heading_injection	bore (iptv.2sg) — OE bora	\index[iv]{03pgmc@\ivlangheader{Proto-Germanic}{}!burona@\iventry{*burōną}{}}	pgmc		*burōną	burona	source_protoform	lexical_proto	bore (iptv.2sg) — OE bora	1	lexical-proto:fc7c5e5cd32383
emit:e7fbada64ec0ed	lexical-protoform:b882f40efbeec6	heading_injection	both — OE bū	\index[iv]{03pgmc@\ivlangheader{Proto-Germanic}{}!bo@\iventry{*bō}{}}	pgmc		*bō	bo	source_protoform	lexical_protoform	both — OE bū	2	lexical-protoform:b882f40efbeec6|trace:3f50275b8859e8
emit:bf72410fb9443e	heading:50ed4a059a31df	heading_injection	both — OE bū	\index[iv]{02oe@\ivlangheader{Old English}{West Saxon normalization unmarked}!bu@\iventry{bū}{}}	oe		bū	bu	target_form	lexical_heading	both — OE bū	1	heading:50ed4a059a31df
emit:244cb029219be5	broad-prose:ee2ef4923db7a6	heading_injection	both — OE bū	\index[iv]{02oe@\ivlangheader{Old English}{West Saxon normalization unmarked}!cu@\iventry{cū}{}}	oe		cū	cu	evidence_form	broad_prose_decision	Germanic/docs/lexeme_reports/model_entries/1958-both-bū.model.md:51	1	broad-prose:ee2ef4923db7a6
emit:e18113d98c9f9c	broad-prose:623670d7292b08	heading_injection	both — OE bū	\index[iv]{02oe@\ivlangheader{Old English}{West Saxon normalization unmarked}!hu@\iventry{hū}{}}	oe		hū	hu	evidence_form	broad_prose_decision	Germanic/docs/lexeme_reports/model_entries/1958-both-bū.model.md:51	1	broad-prose:623670d7292b08
emit:16bb69132acc23	broad-prose:47f18fe7505b2f	heading_injection	both — OE bū	\index[iv]{02oe@\ivlangheader{Old English}{West Saxon normalization unmarked}!tu@\iventry{tū}{}}	oe		tū	tu	evidence_form	broad_prose_decision	Germanic/docs/lexeme_reports/model_entries/1958-both-bū.model.md:51	1	broad-prose:47f18fe7505b2f
emit:24fd9e306f85e1	heading:039a406307d634	heading_injection	bottom — OE botm	\index[iv]{02oe@\ivlangheader{Old English}{West Saxon normalization unmarked}!botm@\iventry{botm}{}}	oe		botm	botm	target_form	lexical_heading	bottom — OE botm	1	heading:039a406307d634
emit:6c517200fcb125	lexical-proto:da70c4e89a32d9	heading_injection	bottom — OE botm	\index[iv]{03pgmc@\ivlangheader{Proto-Germanic}{}!budmaz@\iventry{*búdmaz}{}}	pgmc		*búdmaz	budmaz	source_protoform	lexical_proto	bottom — OE botm	1	lexical-proto:da70c4e89a32d9
emit:9cdc044c3dc659	lexical-protoform:e29808b0195469	heading_injection	bottom — OE botm	\index[iv]{03pgmc@\ivlangheader{Proto-Germanic}{}!buttmaz@\iventry{*búttmaz}{}}	pgmc		*búttmaz	buttmaz	source_protoform	lexical_protoform	bottom — OE botm	2	lexical-protoform:e29808b0195469|trace:6ab21678be2bcc
emit:67657129636da5	lexical-protoform:7aeda9f0d8c883	heading_injection	bow — OE bēag	\index[iv]{03pgmc@\ivlangheader{Proto-Germanic}{}!baug@\iventry{*báug}{}}	pgmc		*báug	baug	source_protoform	lexical_protoform	bow — OE bēag	2	lexical-protoform:7aeda9f0d8c883|trace:b4bec4e114b8f2
emit:217aea175ac0ca	heading:3ed62e28fbbfe2	heading_injection	bow — OE bēag	\index[iv]{02oe@\ivlangheader{Old English}{West Saxon normalization unmarked}!beag@\iventry{bēag}{}}	oe		bēag	beag	target_form	lexical_heading	bow — OE bēag	1	heading:3ed62e28fbbfe2
emit:6247bb3d773ccf	lexical-proto:5231aefe65c19a	heading_injection	bow — OE bēag	\index[iv]{03pgmc@\ivlangheader{Proto-Germanic}{}!beugana@\iventry{*béuganą}{}}	pgmc		*béuganą	beugana	source_protoform	lexical_proto	bow — OE bēag	1	lexical-proto:5231aefe65c19a
emit:d252b16b8f32f0	lexical-protoform:2908e44438c970	heading_injection	bow — OE bīeġan	\index[iv]{03pgmc@\ivlangheader{Proto-Germanic}{}!baugijana@\iventry{*báugijaną}{}}	pgmc		*báugijaną	baugijana	source_protoform	lexical_protoform	bow — OE bīeġan	2	lexical-protoform:2908e44438c970|trace:1f700009fea56f
emit:295d3372301e61	heading:104d44dc0e90d4	heading_injection	bow — OE bīeġan	\index[iv]{02oe@\ivlangheader{Old English}{West Saxon normalization unmarked}!biegan@\iventry{bīeġan}{}}	oe		bīeġan	biegan	target_form	lexical_heading	bow — OE bīeġan	1	heading:104d44dc0e90d4
emit:f0365090b0aa70	broad-prose:21377d5c7e1520	heading_injection	bow — OE bīeġan	\index[iv]{02oe@\ivlangheader{Old English}{West Saxon normalization unmarked}!bigan@\iventry{bigan}{}}	oe		bigan	bigan	comparison_form	broad_prose_decision	Germanic/docs/lexeme_reports/model_entries/1961-bow-bīeġan.model.md:25	1	broad-prose:21377d5c7e1520
emit:3e5d9fc76ae2e5	lexical-protoform:6e3ccedde8664d	heading_injection	brand — OE brandes	\index[iv]{03pgmc@\ivlangheader{Proto-Germanic}{}!brandas@\iventry{*brándas}{}}	pgmc		*brándas	brandas	source_protoform	lexical_protoform	brand — OE brandes	2	lexical-protoform:6e3ccedde8664d|trace:4a8f5f36737244
emit:3cb1174edbba00	lexical-proto:0e2439912be2af	heading_injection	brand — OE brandes	\index[iv]{03pgmc@\ivlangheader{Proto-Germanic}{}!brandaz@\iventry{*brándaz}{}}	pgmc		*brándaz	brandaz	source_protoform	lexical_proto	brand — OE brandes	1	lexical-proto:0e2439912be2af
emit:6644a236fdfcab	heading:34e64f81d94adb	heading_injection	brand — OE brandes	\index[iv]{02oe@\ivlangheader{Old English}{West Saxon normalization unmarked}!brandes@\iventry{brandes}{}}	oe		brandes	brandes	target_form	lexical_heading	brand — OE brandes	1	heading:34e64f81d94adb
emit:0e966a828a8aa6	heading:161d6bc9bb1a5d	heading_injection	breast — OE brēost	\index[iv]{02oe@\ivlangheader{Old English}{West Saxon normalization unmarked}!breost@\iventry{brēost}{}}	oe		brēost	breost	target_form	lexical_heading	breast — OE brēost	1	heading:161d6bc9bb1a5d
emit:5d60c6f1365c95	lexical-protoform:254b905cafc4bb	heading_injection	breast — OE brēost	\index[iv]{03pgmc@\ivlangheader{Proto-Germanic}{}!breusta@\iventry{*bréustą}{}}	pgmc		*bréustą	breusta	source_protoform	lexical_protoform	breast — OE brēost	2	lexical-protoform:254b905cafc4bb|trace:e8a0265f912a2c
emit:f66f241b93a3ed	lexical-proto:7ef9fbb85b467a	heading_injection	breast — OE brēost	\index[iv]{03pgmc@\ivlangheader{Proto-Germanic}{}!brustz@\iventry{*brústz}{}}	pgmc		*brústz	brustz	source_protoform	lexical_proto	breast — OE brēost	1	lexical-proto:7ef9fbb85b467a
emit:5e365cb8216e7d	broad-prose:9962ed91749f8f	heading_injection	breeches — OE brēċ	\index[iv]{02oe@\ivlangheader{Old English}{West Saxon normalization unmarked}!brec@\iventry{bréc}{}}	oe		bréc	brec	comparison_form	broad_prose_decision	Germanic/docs/lexeme_reports/model_entries/1969-breeches-brēċ.model.md:21	1	broad-prose:9962ed91749f8f
emit:b12db350b2bd9d	broad-prose:99a82c43b99f9e	heading_injection	breeches — OE brēċ	\index[iv]{02oe@\ivlangheader{Old English}{West Saxon normalization unmarked}!brec@\iventry{brēc}{}}	oe		brēc	brec	comparison_form	broad_prose_decision	Germanic/docs/lexeme_reports/model_entries/1969-breeches-brēċ.model.md:25	1	broad-prose:99a82c43b99f9e
emit:55b478cd2a4f75	heading:e01446d2ffa975	heading_injection	breeches — OE brēċ	\index[iv]{02oe@\ivlangheader{Old English}{West Saxon normalization unmarked}!brec@\iventry{brēċ}{}}	oe		brēċ	brec	target_form	lexical_heading	breeches — OE brēċ	1	heading:e01446d2ffa975
emit:2aab3aa36f9d0d	broad-prose:7f4f373d991d23	heading_injection	breeches — OE brēċ	\index[iv]{02oe@\ivlangheader{Old English}{West Saxon normalization unmarked}!broc@\iventry{broc}{}}	oe		broc	broc	comparison_form	broad_prose_decision	Germanic/docs/lexeme_reports/model_entries/1969-breeches-brēċ.model.md:25	1	broad-prose:7f4f373d991d23
emit:609612e47a0f02	broad-prose:d8e33b6ae5d7b4	heading_injection	breeches — OE brēċ	\index[iv]{02oe@\ivlangheader{Old English}{West Saxon normalization unmarked}!broc@\iventry{brōc}{}}	oe		brōc	broc	comparison_form	broad_prose_decision	Germanic/docs/lexeme_reports/model_entries/1969-breeches-brēċ.model.md:21	2	broad-prose:d8e33b6ae5d7b4|broad-prose:e19491deada507
emit:1a070e67fd6a4f	lexical-protoform:302c42b1f80404	heading_injection	breeches — OE brēċ	\index[iv]{03pgmc@\ivlangheader{Proto-Germanic}{}!brokiz@\iventry{*brōkiz}{}}	pgmc		*brōkiz	brokiz	source_protoform	lexical_protoform	breeches — OE brēċ	2	lexical-protoform:302c42b1f80404|trace:7088a29220449b
emit:9d850ff591ef0b	heading:b59122b387ed70	heading_injection	buck — OE bucc	\index[iv]{02oe@\ivlangheader{Old English}{West Saxon normalization unmarked}!bucc@\iventry{bucc}{}}	oe		bucc	bucc	target_form	lexical_heading	buck — OE bucc	1	heading:b59122b387ed70
emit:7939d5847a1935	lexical-protoform:43dbd64c691f4c	heading_injection	buck — OE bucc	\index[iv]{03pgmc@\ivlangheader{Proto-Germanic}{}!bukkaz@\iventry{*búkkaz}{}}	pgmc		*búkkaz	bukkaz	source_protoform	lexical_protoform	buck — OE bucc	2	lexical-protoform:43dbd64c691f4c|trace:f6dc79ae869a90
emit:68455232b1cfd7	broad-prose:652635c9a4e957	heading_injection	calf — OE ċealf	\index[iv]{02oe@\ivlangheader{Old English}{West Saxon normalization unmarked}!calfur@\iventry{calfur}{}}	oe		calfur	calfur	comparison_form	broad_prose_decision	Germanic/docs/lexeme_reports/model_entries/1975-calf-ċealf.model.md:25	1	broad-prose:652635c9a4e957
emit:f378afba10b1ca	heading:86c3e167fdbba1	heading_injection	calf — OE ċealf	\index[iv]{02oe@\ivlangheader{Old English}{West Saxon normalization unmarked}!cealf@\iventry{ċealf}{}}	oe		ċealf	cealf	target_form	lexical_heading	calf — OE ċealf	1	heading:86c3e167fdbba1
emit:77096b76447c06	lexical-protoform:6a47e754f24bba	heading_injection	calf — OE ċealf	\index[iv]{03pgmc@\ivlangheader{Proto-Germanic}{}!kalbaz@\iventry{*kálbaz}{}}	pgmc		*kálbaz	kalbaz	source_protoform	lexical_protoform	calf — OE ċealf	2	lexical-protoform:6a47e754f24bba|trace:aca0c7283aeb51
emit:4433d34b1d8b3f	heading:364b0e9e2f7530	heading_injection	coat — OE rocc	\index[iv]{02oe@\ivlangheader{Old English}{West Saxon normalization unmarked}!rocc@\iventry{rocc}{}}	oe		rocc	rocc	target_form	lexical_heading	coat — OE rocc	1	heading:364b0e9e2f7530
emit:2353ad93c5f555	lexical-protoform:b7e9f439220e47	heading_injection	coat — OE rocc	\index[iv]{03pgmc@\ivlangheader{Proto-Germanic}{}!rukkaz@\iventry{*rúkkaz}{}}	pgmc		*rúkkaz	rukkaz	source_protoform	lexical_protoform	coat — OE rocc	2	lexical-protoform:b7e9f439220e47|trace:17ad447739867c
emit:e1a2a594a547fc	broad-prose:e61ee8b2db1f61	heading_injection	coat — OE rocc	\index[iv]{02oe@\ivlangheader{Old English}{West Saxon normalization unmarked}!stanrocc@\iventry{stānrocc}{}}	oe		stānrocc	stanrocc	comparison_form	broad_prose_decision	Germanic/docs/lexeme_reports/model_entries/2155-coat-rocc.model.md:33	1	broad-prose:e61ee8b2db1f61
emit:814acf88db7b14	heading:b62522bf6dfbfc	heading_injection	corn — OE corn	\index[iv]{02oe@\ivlangheader{Old English}{West Saxon normalization unmarked}!corn@\iventry{corn}{}}	oe		corn	corn	target_form	lexical_heading	corn — OE corn	1	heading:b62522bf6dfbfc
emit:dcc574e4765caa	broad-prose:bc6e957192fb00	heading_injection	corn — OE corn	\index[iv]{02oe@\ivlangheader{Old English}{West Saxon normalization unmarked}!cornes@\iventry{cornes}{}}	oe		cornes	cornes	comparison_form	broad_prose_decision	Germanic/docs/lexeme_reports/model_entries/1979-corn-corn.model.md:25	1	broad-prose:bc6e957192fb00
emit:d07d632000b536	lexical-protoform:bb38907668cf8b	heading_injection	corn — OE corn	\index[iv]{03pgmc@\ivlangheader{Proto-Germanic}{}!kurna@\iventry{*kúrną}{}}	pgmc		*kúrną	kurna	source_protoform	lexical_protoform	corn — OE corn	2	lexical-protoform:bb38907668cf8b|trace:c037f4a6aee688
emit:28b7af789ce8e5	broad-prose:b6a7b1a19ef544	heading_injection	cow — OE cȳ	\index[iv]{02oe@\ivlangheader{Old English}{West Saxon normalization unmarked}!cum@\iventry{cūm}{}}	oe		cūm	cum	comparison_form	broad_prose_decision	Germanic/docs/lexeme_reports/model_entries/1980-cow-cȳ.model.md:34	1	broad-prose:b6a7b1a19ef544
emit:f4b25bb56f6220	heading:ac48df645a3e16	heading_injection	cow — OE cȳ	\index[iv]{02oe@\ivlangheader{Old English}{West Saxon normalization unmarked}!cy@\iventry{cȳ}{}}	oe		cȳ	cy	target_form	lexical_heading	cow — OE cȳ	1	heading:ac48df645a3e16
emit:c45b20550fc739	lexical-proto:5392012da8e3a1	heading_injection	cow — OE cȳ	\index[iv]{03pgmc@\ivlangheader{Proto-Germanic}{}!koz@\iventry{*kōz}{}}	pgmc		*kōz	koz	source_protoform	lexical_proto	cow — OE cȳ	1	lexical-proto:5392012da8e3a1
emit:b574552fbbf9dc	lexical-protoform:6e657af57870ec	heading_injection	cow — OE cȳ	\index[iv]{03pgmc@\ivlangheader{Proto-Germanic}{}!kui@\iventry{*kūi}{}}	pgmc		*kūi	kui	source_protoform	lexical_protoform	cow — OE cȳ	2	lexical-protoform:6e657af57870ec|trace:0c9d8f231d9b75
emit:a1e7c9e737ef96	table-auto:6fddf751320ac5	heading_injection	craft — OE cræft	\index[iv]{02oe@\ivlangheader{Old English}{West Saxon normalization unmarked}!craeft@\iventry{cræft}{}}	oe		cræft	craeft	target_form	table_semantic_auto	Germanic/docs/lexeme_reports/model_entries/1981-craft-cræft.model.md:50	2	heading:d744dda71f7de8|table-auto:6fddf751320ac5
emit:09c51a8441faca	table-decision:c2dd1b6d1858b2	heading_injection	craft — OE cræft	\index[iv]{02oe@\ivlangheader{Old English}{West Saxon normalization unmarked}!craft@\iventry{craft}{}}	oe		craft	craft	comparison_form	table_semantic_decision	Germanic/docs/lexeme_reports/model_entries/1981-craft-cræft.model.md:49	1	table-decision:c2dd1b6d1858b2
emit:ec006dca8bb927	table-decision:6b322c72aa3555	heading_injection	craft — OE cræft	\index[iv]{02oe@\ivlangheader{Old English}{West Saxon normalization unmarked}!creft@\iventry{creft}{}}	oe		creft	creft	comparison_form	table_semantic_decision	Germanic/docs/lexeme_reports/model_entries/1981-craft-cræft.model.md:48	1	table-decision:6b322c72aa3555
emit:a594b30c1ac709	table-auto:b9f2380aa469e0	heading_injection	craft — OE cræft	\index[iv]{03pgmc@\ivlangheader{Proto-Germanic}{}!kraftaz@\iventry{*kráftaz}{}}	pgmc		*kráftaz	kraftaz	selected_input	table_semantic_auto	Germanic/docs/lexeme_reports/model_entries/1981-craft-cræft.model.md:50	3	lexical-protoform:4cace55e54a66b|table-auto:b9f2380aa469e0|trace:0e5dd097a73a39
emit:7bf10daf53c31f	lexical-proto:36e27f3d268d9d	heading_injection	craft — OE cræft	\index[iv]{03pgmc@\ivlangheader{Proto-Germanic}{}!kraftiz@\iventry{*kráftiz}{}}	pgmc		*kráftiz	kraftiz	source_protoform	lexical_proto	craft — OE cræft	1	lexical-proto:36e27f3d268d9d
emit:e5fb5ce10e953f	heading:90d39b54c47e1c	heading_injection	cud — OE cwedu	\index[iv]{02oe@\ivlangheader{Old English}{West Saxon normalization unmarked}!cwedu@\iventry{cwedu}{}}	oe		cwedu	cwedu	target_form	lexical_heading	cud — OE cwedu	1	heading:90d39b54c47e1c
emit:c5f8bd1402f229	broad-prose:311c274f2957bf	heading_injection	cud — OE cwedu	\index[iv]{03pgmc@\ivlangheader{Proto-Germanic}{}!kwedu2@\iventry{*kwedu-2}{}}	pgmc		*kwedu-2	kwedu2	source_protoform	broad_prose_decision	Germanic/docs/lexeme_reports/model_entries/1983-cud-cwedu.model.md:21	1	broad-prose:311c274f2957bf
emit:a7e4158eb31a21	lexical-protoform:cfba067b668455	heading_injection	cud — OE cwedu	\index[iv]{03pgmc@\ivlangheader{Proto-Germanic}{}!kweduz@\iventry{*kwéðuz}{}}	pgmc		*kwéðuz	kweduz	source_protoform	lexical_protoform	cud — OE cwedu	2	lexical-protoform:cfba067b668455|trace:25643f6054f48f
emit:69be4706e811ea	lexical-proto:039a370068cb1b	heading_injection	cud — OE cwedu	\index[iv]{03pgmc@\ivlangheader{Proto-Germanic}{}!kwithuz@\iventry{*kwíθuz}{}}	pgmc		*kwíθuz	kwithuz	source_protoform	lexical_proto	cud — OE cwedu	1	lexical-proto:039a370068cb1b
emit:007800708d1eef	broad-prose:4a16c6ccefe1fd	heading_injection	deed — OE dǣd	\index[iv]{02oe@\ivlangheader{Old English}{West Saxon normalization unmarked}!daed@\iventry{dæd}{}}	oe		dæd	daed	comparison_form	broad_prose_decision	Germanic/docs/lexeme_reports/model_entries/1987-deed-dǣd.model.md:25	1	broad-prose:4a16c6ccefe1fd
emit:51e292a0154aac	heading:8469c0d6256975	heading_injection	deed — OE dǣd	\index[iv]{02oe@\ivlangheader{Old English}{West Saxon normalization unmarked}!daed@\iventry{dǣd}{}}	oe		dǣd	daed	target_form	lexical_heading	deed — OE dǣd	1	heading:8469c0d6256975
emit:fc76e9c2c4d7aa	broad-prose:48970283c96a05	heading_injection	deed — OE dǣd	\index[iv]{02oe@\ivlangheader{Old English}{West Saxon normalization unmarked}!ded~04@\iventry{dēd}{Angl.}}	oe	angl	dēd	ded	comparison_form	broad_prose_decision	Germanic/docs/lexeme_reports/model_entries/1987-deed-dǣd.model.md:25	1	broad-prose:48970283c96a05
emit:4378e5faee2f46	broad-prose:57afa838ded184	heading_injection	deed — OE dǣd	\index[iv]{03pgmc@\ivlangheader{Proto-Germanic}{}!dediz@\iventry{*dēdiz}{}}	pgmc		*dēdiz	dediz	source_protoform	broad_prose_decision	Germanic/docs/lexeme_reports/model_entries/1987-deed-dǣd.model.md:21	1	broad-prose:57afa838ded184
emit:a185b99c5a193c	lexical-protoform:5604541e94cd59	heading_injection	deed — OE dǣd	\index[iv]{03pgmc@\ivlangheader{Proto-Germanic}{}!dediz@\iventry{*dḗdiz}{}}	pgmc		*dḗdiz	dediz	source_protoform	lexical_protoform	deed — OE dǣd	2	lexical-protoform:5604541e94cd59|trace:06f738a0ad72f2
emit:bfb5c9ea573f8f	lexical-protoform:a69fb74f9d4b1c	heading_injection	dill — OE dile	\index[iv]{03pgmc@\ivlangheader{Proto-Germanic}{}!deliz@\iventry{*déliz}{}}	pgmc		*déliz	deliz	source_protoform	lexical_protoform	dill — OE dile	2	lexical-protoform:a69fb74f9d4b1c|trace:02d72b7792e737
emit:f7d45a49476b78	lexical-proto:ca5a56551f754c	heading_injection	dill — OE dile	\index[iv]{03pgmc@\ivlangheader{Proto-Germanic}{}!deljaz@\iventry{*déljaz}{}}	pgmc		*déljaz	deljaz	source_protoform	lexical_proto	dill — OE dile	1	lexical-proto:ca5a56551f754c
emit:731f7144d4475b	heading:6518cf8eeeaa76	heading_injection	dill — OE dile	\index[iv]{02oe@\ivlangheader{Old English}{West Saxon normalization unmarked}!dile@\iventry{dile}{}}	oe		dile	dile	target_form	lexical_heading	dill — OE dile	1	heading:6518cf8eeeaa76
emit:d66c84d35e67f3	heading:0dad645b8ce5a8	heading_injection	door — OE dor	\index[iv]{02oe@\ivlangheader{Old English}{West Saxon normalization unmarked}!dor@\iventry{dor}{}}	oe		dor	dor	target_form	lexical_heading	door — OE dor	1	heading:0dad645b8ce5a8
emit:d23f786f11a74f	override:23a9199827ab7c	heading_injection	door — OE dor	\index[iv]{10ofris@\ivlangheader{Old Frisian}{}!dore@\iventry{dore}{}}	ofris		dore	dore	comparison_form	override	Germanic/docs/lexeme_reports/model_entries/1992-door-dor.model.md:21	1	override:23a9199827ab7c
emit:107c1f923d67ed	lexical-protoform:561793cd0bef47	heading_injection	door — OE dor	\index[iv]{03pgmc@\ivlangheader{Proto-Germanic}{}!dura@\iventry{*dúrą}{}}	pgmc		*dúrą	dura	source_protoform	lexical_protoform	door — OE dor	2	lexical-protoform:561793cd0bef47|trace:82692f52a61936
emit:2652de557d5327	override:6480254dc2969a	heading_injection	door — OE dor	\index[iv]{09ohg@\ivlangheader{Old High German}{}!tura@\iventry{tura}{}}	ohg		tura	tura	comparison_form	override	Germanic/docs/lexeme_reports/model_entries/1992-door-dor.model.md:21	1	override:6480254dc2969a
emit:b28f98ef19a71e	broad-prose:6bb110ae14b451	heading_injection	fare — OE faran	\index[iv]{02oe@\ivlangheader{Old English}{West Saxon normalization unmarked}!faeran@\iventry{færan}{}}	oe		færan	faeran	comparison_form	broad_prose_decision	Germanic/docs/lexeme_reports/model_entries/2003-fare-faran.model.md:25	1	broad-prose:6bb110ae14b451
emit:c056ae072100af	heading:22bd205eb937c8	heading_injection	fare — OE faran	\index[iv]{02oe@\ivlangheader{Old English}{West Saxon normalization unmarked}!faran@\iventry{faran}{}}	oe		faran	faran	target_form	lexical_heading	fare — OE faran	1	heading:22bd205eb937c8
emit:bcf39bb6858275	lexical-protoform:824ec184ad2cba	heading_injection	fare — OE faran	\index[iv]{03pgmc@\ivlangheader{Proto-Germanic}{}!farana@\iventry{*fáraną}{}}	pgmc		*fáraną	farana	source_protoform	lexical_protoform	fare — OE faran	2	lexical-protoform:824ec184ad2cba|trace:7936231043e7d3
emit:983fbf324e5c11	broad-prose:cd6bffe9102318	heading_injection	fare — OE faran	\index[iv]{03pgmc@\ivlangheader{Proto-Germanic}{}!faranan@\iventry{*faranan}{}}	pgmc		*faranan	faranan	source_protoform	broad_prose_decision	Germanic/docs/lexeme_reports/model_entries/2003-fare-faran.model.md:21	1	broad-prose:cd6bffe9102318
emit:dca9fe3b51fa20	lexical-proto:49a79e01ba6247	heading_injection	fast — OE festan	\index[iv]{03pgmc@\ivlangheader{Proto-Germanic}{}!fastena@\iventry{*fastēną}{}}	pgmc		*fastēną	fastena	source_protoform	lexical_proto	fast — OE festan	1	lexical-proto:49a79e01ba6247
emit:537983ff41ebad	lexical-protoform:6d4d484b989fea	heading_injection	fast — OE festan	\index[iv]{03pgmc@\ivlangheader{Proto-Germanic}{}!fastijana@\iventry{*fástijaną}{}}	pgmc		*fástijaną	fastijana	source_protoform	lexical_protoform	fast — OE festan	2	lexical-protoform:6d4d484b989fea|trace:29fd603e92bdde
emit:9cfe4ddcae70f2	heading:c1f59e9688ce44	heading_injection	fast — OE festan	\index[iv]{02oe@\ivlangheader{Old English}{West Saxon normalization unmarked}!festan@\iventry{festan}{}}	oe		festan	festan	target_form	lexical_heading	fast — OE festan	1	heading:c1f59e9688ce44
emit:34956b2e8fc2a4	broad-prose:f65c4c5207a991	heading_injection	fell — OE fell	\index[iv]{02oe@\ivlangheader{Old English}{West Saxon normalization unmarked}!fel@\iventry{fel}{}}	oe		fel	fel	comparison_form	broad_prose_decision	Germanic/docs/lexeme_reports/model_entries/2007-fell-fell.model.md:25	1	broad-prose:f65c4c5207a991
emit:c28133c61038a2	heading:569ee940028407	heading_injection	fell — OE fell	\index[iv]{02oe@\ivlangheader{Old English}{West Saxon normalization unmarked}!fell@\iventry{fell}{}}	oe		fell	fell	target_form	lexical_heading	fell — OE fell	1	heading:569ee940028407
emit:c6721c64e296b3	lexical-protoform:8e50489203b815	heading_injection	fell — OE fell	\index[iv]{03pgmc@\ivlangheader{Proto-Germanic}{}!fella@\iventry{*féllą}{}}	pgmc		*féllą	fella	source_protoform	lexical_protoform	fell — OE fell	2	lexical-protoform:8e50489203b815|trace:94c1bf15476a04
emit:5bb5861fa26b67	broad-prose:654180425d4b1f	heading_injection	fell — OE fell	\index[iv]{02oe@\ivlangheader{Old English}{West Saxon normalization unmarked}!fellan@\iventry{fellan}{}}	oe		fellan	fellan	comparison_form	broad_prose_decision	Germanic/docs/lexeme_reports/model_entries/2007-fell-fell.model.md:25	1	broad-prose:654180425d4b1f
emit:34890479bb5384	broad-prose:7a01ffe48540bd	heading_injection	fell — OE fell	\index[iv]{02oe@\ivlangheader{Old English}{West Saxon normalization unmarked}!fellum@\iventry{fellum}{}}	oe		fellum	fellum	comparison_form	broad_prose_decision	Germanic/docs/lexeme_reports/model_entries/2007-fell-fell.model.md:25	1	broad-prose:7a01ffe48540bd
emit:ee5335ca31e582	broad-prose:2f170e059616ba	heading_injection	fell — OE fell	\index[iv]{02oe@\ivlangheader{Old English}{West Saxon normalization unmarked}!feoll@\iventry{feoll}{}}	oe		feoll	feoll	comparison_form	broad_prose_decision	Germanic/docs/lexeme_reports/model_entries/2007-fell-fell.model.md:25	1	broad-prose:2f170e059616ba
emit:223a0cac25dab9	broad-prose:cb9d714efb78f0	heading_injection	fern — OE fearn	\index[iv]{03pgmc@\ivlangheader{Proto-Germanic}{}!farnan@\iventry{*farnan}{}}	pgmc		*farnan	farnan	source_protoform	broad_prose_decision	Germanic/docs/lexeme_reports/model_entries/2008-fern-fearn.model.md:21	1	broad-prose:cb9d714efb78f0
emit:0ab09060f932c9	lexical-protoform:0b58e27f84bd49	heading_injection	fern — OE fearn	\index[iv]{03pgmc@\ivlangheader{Proto-Germanic}{}!farnaz@\iventry{*fárnaz}{}}	pgmc		*fárnaz	farnaz	source_protoform	lexical_protoform	fern — OE fearn	2	lexical-protoform:0b58e27f84bd49|trace:821741bd9b02c7
emit:79b5fa7b698833	heading:ec9c4542ccbb81	heading_injection	fern — OE fearn	\index[iv]{02oe@\ivlangheader{Old English}{West Saxon normalization unmarked}!fearn@\iventry{fearn}{}}	oe		fearn	fearn	target_form	lexical_heading	fern — OE fearn	1	heading:ec9c4542ccbb81
emit:39818570d1e4fe	broad-prose:db855eb6832ef7	heading_injection	fern — OE fearn	\index[iv]{02oe@\ivlangheader{Old English}{West Saxon normalization unmarked}!fearna@\iventry{fearna}{}}	oe		fearna	fearna	comparison_form	broad_prose_decision	Germanic/docs/lexeme_reports/model_entries/2008-fern-fearn.model.md:25	1	broad-prose:db855eb6832ef7
emit:46735bc07422a3	broad-prose:c1978037c0e797	heading_injection	fern — OE fearn	\index[iv]{02oe@\ivlangheader{Old English}{West Saxon normalization unmarked}!fearne@\iventry{fearne}{}}	oe		fearne	fearne	comparison_form	broad_prose_decision	Germanic/docs/lexeme_reports/model_entries/2008-fern-fearn.model.md:25	1	broad-prose:c1978037c0e797
emit:faf01d071abf7b	broad-prose:7bda8f375b1c0a	heading_injection	fern — OE fearn	\index[iv]{02oe@\ivlangheader{Old English}{West Saxon normalization unmarked}!fearnes@\iventry{fearnes}{}}	oe		fearnes	fearnes	comparison_form	broad_prose_decision	Germanic/docs/lexeme_reports/model_entries/2008-fern-fearn.model.md:25	1	broad-prose:7bda8f375b1c0a
emit:41f71fc3a944c5	heading:e8290bf9944202	heading_injection	field — OE feld	\index[iv]{02oe@\ivlangheader{Old English}{West Saxon normalization unmarked}!feld@\iventry{feld}{}}	oe		feld	feld	target_form	lexical_heading	field — OE feld	1	heading:e8290bf9944202
emit:bed76c77969914	broad-prose:713e30596b4eda	heading_injection	field — OE feld	\index[iv]{02oe@\ivlangheader{Old English}{West Saxon normalization unmarked}!felda@\iventry{felda}{}}	oe		felda	felda	comparison_form	broad_prose_decision	Germanic/docs/lexeme_reports/model_entries/2009-field-feld.model.md:25	1	broad-prose:713e30596b4eda
emit:f6206b99d1431e	broad-prose:38c11553f17abc	heading_injection	field — OE feld	\index[iv]{02oe@\ivlangheader{Old English}{West Saxon normalization unmarked}!felde@\iventry{felde}{}}	oe		felde	felde	comparison_form	broad_prose_decision	Germanic/docs/lexeme_reports/model_entries/2009-field-feld.model.md:25	1	broad-prose:38c11553f17abc
emit:bb76b6edcb7486	lexical-protoform:670334ad3e4dfc	heading_injection	field — OE feld	\index[iv]{03pgmc@\ivlangheader{Proto-Germanic}{}!felthuz@\iventry{*félθuz}{}}	pgmc		*félθuz	felthuz	source_protoform	lexical_protoform	field — OE feld	2	lexical-protoform:670334ad3e4dfc|trace:115d3d249e3b19
emit:41f6d480715bca	lexical-proto:cecefdd0c9507c	heading_injection	find — OE fundene	\index[iv]{03pgmc@\ivlangheader{Proto-Germanic}{}!finthana@\iventry{*fínθaną}{}}	pgmc		*fínθaną	finthana	source_protoform	lexical_proto	find — OE fundene	1	lexical-proto:cecefdd0c9507c
emit:f0628bd2a18228	lexical-protoform:0419ca9db83752	heading_injection	find — OE fundene	\index[iv]{03pgmc@\ivlangheader{Proto-Germanic}{}!fundano@\iventry{*fúnðanǭ}{}}	pgmc		*fúnðanǭ	fundano	source_protoform	lexical_protoform	find — OE fundene	2	lexical-protoform:0419ca9db83752|trace:64b52e4804ad3b
emit:8fcd0c0822751f	heading:169b226b83bb09	heading_injection	find — OE fundene	\index[iv]{02oe@\ivlangheader{Old English}{West Saxon normalization unmarked}!fundene@\iventry{fundene}{}}	oe		fundene	fundene	target_form	lexical_heading	find — OE fundene	1	heading:169b226b83bb09
emit:d5a85a7ae60dc0	broad-prose:5fed28d4411b0b	heading_injection	find — OE fundene	\index[iv]{02oe@\ivlangheader{Old English}{West Saxon normalization unmarked}!tofundennes@\iventry{tō-fundennes}{}}	oe		tō-fundennes	tofundennes	comparison_form	broad_prose_decision	Germanic/docs/lexeme_reports/model_entries/2011-find-fundene.model.md:36	1	broad-prose:5fed28d4411b0b
emit:247fb7cef4a9c2	lexical-protoform:ed8f68bce195dd	heading_injection	fire — OE fȳre	\index[iv]{03pgmc@\ivlangheader{Proto-Germanic}{}!furi@\iventry{*fūri}{}}	pgmc		*fūri	furi	source_protoform	lexical_protoform	fire — OE fȳre	2	lexical-protoform:ed8f68bce195dd|trace:5fbb5f7c97dbf0
emit:2429d65631b19c	heading:be16b13dab0739	heading_injection	fire — OE fȳre	\index[iv]{02oe@\ivlangheader{Old English}{West Saxon normalization unmarked}!fyre@\iventry{fȳre}{}}	oe		fȳre	fyre	target_form	lexical_heading	fire — OE fȳre	1	heading:be16b13dab0739
emit:45dc53e641a3a1	heading:62f4609ba8b7d9	heading_injection	flask — OE flasce	\index[iv]{02oe@\ivlangheader{Old English}{West Saxon normalization unmarked}!flasce@\iventry{flasce}{}}	oe		flasce	flasce	target_form	lexical_heading	flask — OE flasce	1	heading:62f4609ba8b7d9
emit:e59d371c3e4e78	lexical-proto:bf0ec172647b85	heading_injection	flask — OE flasce	\index[iv]{03pgmc@\ivlangheader{Proto-Germanic}{}!flasko@\iventry{*flaskō}{}}	pgmc		*flaskō	flasko	source_protoform	lexical_proto	flask — OE flasce	1	lexical-proto:bf0ec172647b85
emit:eb922b99cf5998	lexical-protoform:1b319c6fc4ef22	heading_injection	flask — OE flasce	\index[iv]{03pgmc@\ivlangheader{Proto-Germanic}{}!flaskon@\iventry{*fláskōn}{}}	pgmc		*fláskōn	flaskon	source_protoform	lexical_protoform	flask — OE flasce	2	lexical-protoform:1b319c6fc4ef22|trace:4b1c0d345132fb
emit:62602f02ab7cf5	broad-prose:6a64fc282ee962	heading_injection	fly — OE flēogan	\index[iv]{02oe@\ivlangheader{Old English}{West Saxon normalization unmarked}!flegan~04@\iventry{flégan}{Angl.}}	oe	angl	flégan	flegan	comparison_form	broad_prose_decision	Germanic/docs/lexeme_reports/model_entries/2022-fly-flēogan.model.md:29	1	broad-prose:6a64fc282ee962
emit:90c44a421cac52	broad-prose:a1eec5298e8248	heading_injection	fly — OE flēogan	\index[iv]{02oe@\ivlangheader{Old English}{West Saxon normalization unmarked}!fleogan@\iventry{fléogan}{}}	oe		fléogan	fleogan	comparison_form	broad_prose_decision	Germanic/docs/lexeme_reports/model_entries/2022-fly-flēogan.model.md:21	1	broad-prose:a1eec5298e8248
emit:0847f80af31e8a	heading:fc26f7f7d6f9f6	heading_injection	fly — OE flēogan	\index[iv]{02oe@\ivlangheader{Old English}{West Saxon normalization unmarked}!fleogan@\iventry{flēogan}{}}	oe		flēogan	fleogan	target_form	lexical_heading	fly — OE flēogan	1	heading:fc26f7f7d6f9f6
emit:2faf2f261c1c24	broad-prose:68905e13ebdfdb	heading_injection	fly — OE flēogan	\index[iv]{02oe@\ivlangheader{Old English}{West Saxon normalization unmarked}!fleoged@\iventry{fleogeð}{}}	oe		fleogeð	fleoged	comparison_form	broad_prose_decision	Germanic/docs/lexeme_reports/model_entries/2022-fly-flēogan.model.md:25	1	broad-prose:68905e13ebdfdb
emit:705a812155b994	lexical-protoform:a9e23522ebf58d	heading_injection	fly — OE flēogan	\index[iv]{03pgmc@\ivlangheader{Proto-Germanic}{}!fleugana@\iventry{*fléuganą}{}}	pgmc		*fléuganą	fleugana	source_protoform	lexical_protoform	fly — OE flēogan	2	lexical-protoform:a9e23522ebf58d|trace:75e45e741a8b86
emit:2f21df6b428325	lexical-proto:05f1efd7b74003	heading_injection	follow — OE fylġan	\index[iv]{03pgmc@\ivlangheader{Proto-Germanic}{}!fulgena@\iventry{*fulgēną}{}}	pgmc		*fulgēną	fulgena	source_protoform	lexical_proto	follow — OE fylġan	1	lexical-proto:05f1efd7b74003
emit:ffcf78c0f00a75	lexical-protoform:1e6267d3d129f8	heading_injection	follow — OE fylġan	\index[iv]{03pgmc@\ivlangheader{Proto-Germanic}{}!fulgijana@\iventry{*fúlgijaną}{}}	pgmc		*fúlgijaną	fulgijana	source_protoform	lexical_protoform	follow — OE fylġan	2	lexical-protoform:1e6267d3d129f8|trace:e6a3e9b791fc07
emit:744c6b25fbecb8	heading:dc60df54332288	heading_injection	follow — OE fylġan	\index[iv]{02oe@\ivlangheader{Old English}{West Saxon normalization unmarked}!fylgan@\iventry{fylġan}{}}	oe		fylġan	fylgan	target_form	lexical_heading	follow — OE fylġan	1	heading:dc60df54332288
emit:b8a540d5c51b18	broad-prose:f0096aeed8d3b7	heading_injection	forlorn — OE lēosan	\index[iv]{02oe@\ivlangheader{Old English}{West Saxon normalization unmarked}!forleosan@\iventry{for-leósan}{}}	oe		for-leósan	forleosan	comparison_form	broad_prose_decision	Germanic/docs/lexeme_reports/model_entries/2028-forlorn-lēosan.model.md:21	1	broad-prose:f0096aeed8d3b7
emit:012f0490b8fb69	broad-prose:674c88db1ca3f2	heading_injection	forlorn — OE lēosan	\index[iv]{02oe@\ivlangheader{Old English}{West Saxon normalization unmarked}!forleosan@\iventry{for-lēosan}{}}	oe		for-lēosan	forleosan	comparison_form	broad_prose_decision	Germanic/docs/lexeme_reports/model_entries/2028-forlorn-lēosan.model.md:21	1	broad-prose:674c88db1ca3f2
emit:ad8424e9c6b299	broad-prose:860a2a26944221	heading_injection	forlorn — OE lēosan	\index[iv]{02oe@\ivlangheader{Old English}{West Saxon normalization unmarked}!forleosan@\iventry{forlēosan}{}}	oe		forlēosan	forleosan	comparison_form	broad_prose_decision	Germanic/docs/lexeme_reports/model_entries/2028-forlorn-lēosan.model.md:25	1	broad-prose:860a2a26944221
emit:ae56cff5caa5bc	broad-prose:5ebadbdccd42e4	heading_injection	forlorn — OE lēosan	\index[iv]{02oe@\ivlangheader{Old English}{West Saxon normalization unmarked}!forloren@\iventry{forloren}{}}	oe		forloren	forloren	comparison_form	broad_prose_decision	Germanic/docs/lexeme_reports/model_entries/2028-forlorn-lēosan.model.md:25	1	broad-prose:5ebadbdccd42e4
emit:b233346d407333	broad-prose:e4c63fed47319d	heading_injection	forlorn — OE lēosan	\index[iv]{02oe@\ivlangheader{Old English}{West Saxon normalization unmarked}!forlorn@\iventry{forlorn}{}}	oe		forlorn	forlorn	comparison_form	broad_prose_decision	Germanic/docs/lexeme_reports/model_entries/2028-forlorn-lēosan.model.md:25	1	broad-prose:e4c63fed47319d
emit:3a5098feaad8cb	broad-prose:b01b4c13b8fc57	heading_injection	forlorn — OE lēosan	\index[iv]{11goth@\ivlangheader{Gothic}{}!fraliusan@\iventry{fra-liusan}{}}	goth		fra-liusan	fraliusan	comparison_form	broad_prose_decision	Germanic/docs/lexeme_reports/model_entries/2028-forlorn-lēosan.model.md:21	1	broad-prose:b01b4c13b8fc57
emit:bd197f7c5dd246	heading:a2da6b42e978e8	heading_injection	forlorn — OE lēosan	\index[iv]{02oe@\ivlangheader{Old English}{West Saxon normalization unmarked}!leosan@\iventry{lēosan}{}}	oe		lēosan	leosan	target_form	lexical_heading	forlorn — OE lēosan	1	heading:a2da6b42e978e8
emit:8c876a6e117c1a	lexical-protoform:ce145436945e74	heading_injection	forlorn — OE lēosan	\index[iv]{03pgmc@\ivlangheader{Proto-Germanic}{}!leusana@\iventry{*léusaną}{}}	pgmc		*léusaną	leusana	source_protoform	lexical_protoform	forlorn — OE lēosan	2	lexical-protoform:ce145436945e74|trace:e5859a29f35e7e
emit:687c705fee51b6	override:e0fa79bba85c89	heading_injection	fowl — OE fugol	\index[iv]{09ohg@\ivlangheader{Old High German}{}!fogal@\iventry{fogal}{}}	ohg		fogal	fogal	comparison_form	override	Germanic/docs/lexeme_reports/model_entries/2030-fowl-fugol.model.md:22	1	override:e0fa79bba85c89
emit:eadb08d76354f2	broad-prose:cb84e3c973e699	heading_injection	fowl — OE fugol	\index[iv]{02oe@\ivlangheader{Old English}{West Saxon normalization unmarked}!fugel@\iventry{fugel}{}}	oe		fugel	fugel	comparison_form	broad_prose_decision	Germanic/docs/lexeme_reports/model_entries/2030-fowl-fugol.model.md:35	1	broad-prose:cb84e3c973e699
emit:4641e6a2ee19b9	override:3871f937b6ba8a	heading_injection	fowl — OE fugol	\index[iv]{08on@\ivlangheader{Old Norse}{}!fugl@\iventry{fugl}{}}	on		fugl	fugl	comparison_form	override	Germanic/docs/lexeme_reports/model_entries/2030-fowl-fugol.model.md:22	1	override:3871f937b6ba8a
emit:519721a52774f9	lexical-protoform:a93db0831f703c	heading_injection	fowl — OE fugol	\index[iv]{03pgmc@\ivlangheader{Proto-Germanic}{}!fuglaz@\iventry{*fúglaz}{}}	pgmc		*fúglaz	fuglaz	source_protoform	lexical_protoform	fowl — OE fugol	2	lexical-protoform:a93db0831f703c|trace:bc40b2e01c0f19
emit:787c0062832827	heading:9af88ea1381247	heading_injection	fowl — OE fugol	\index[iv]{02oe@\ivlangheader{Old English}{West Saxon normalization unmarked}!fugol@\iventry{fugol}{}}	oe		fugol	fugol	target_form	lexical_heading	fowl — OE fugol	1	heading:9af88ea1381247
emit:2736606565a6fe	lexical-proto:e4f37eb61fdb37	heading_injection	fright — OE fyrhte	\index[iv]{03pgmc@\ivlangheader{Proto-Germanic}{}!furxtin@\iventry{*furxtīn}{}}	pgmc		*furxtīn	furxtin	source_protoform	lexical_proto	fright — OE fyrhte	1	lexical-proto:e4f37eb61fdb37
emit:1c3039e4f36457	lexical-protoform:984b08efde1d17	heading_injection	fright — OE fyrhte	\index[iv]{03pgmc@\ivlangheader{Proto-Germanic}{}!furxtinaz@\iventry{*fúrxtīnaz}{}}	pgmc		*fúrxtīnaz	furxtinaz	source_protoform	lexical_protoform	fright — OE fyrhte	2	lexical-protoform:984b08efde1d17|trace:16987b80865266
emit:b0061a06fa6723	heading:bd9973c59ea02b	heading_injection	fright — OE fyrhte	\index[iv]{02oe@\ivlangheader{Old English}{West Saxon normalization unmarked}!fyrhte@\iventry{fyrhte}{}}	oe		fyrhte	fyrhte	target_form	lexical_heading	fright — OE fyrhte	1	heading:bd9973c59ea02b
emit:1c38cf284fb16f	lexical-proto:2154992d338154	heading_injection	gall — OE ġealla	\index[iv]{03pgmc@\ivlangheader{Proto-Germanic}{}!galla@\iventry{*gállą}{}}	pgmc		*gállą	galla	source_protoform	lexical_proto	gall — OE ġealla	1	lexical-proto:2154992d338154
emit:b63ecfaf8b773b	lexical-protoform:f9fb19f54252b2	heading_injection	gall — OE ġealla	\index[iv]{03pgmc@\ivlangheader{Proto-Germanic}{}!gallo@\iventry{*gállô}{}}	pgmc		*gállô	gallo	source_protoform	lexical_protoform	gall — OE ġealla	2	lexical-protoform:f9fb19f54252b2|trace:e84f26cb92407a
emit:9fc2903b905f33	heading:735af3a6379a4f	heading_injection	gall — OE ġealla	\index[iv]{02oe@\ivlangheader{Old English}{West Saxon normalization unmarked}!gealla@\iventry{ġealla}{}}	oe		ġealla	gealla	target_form	lexical_heading	gall — OE ġealla	1	heading:735af3a6379a4f
emit:279a0bc0cec826	heading:f146462721f64c	heading_injection	gang — OE gang	\index[iv]{02oe@\ivlangheader{Old English}{West Saxon normalization unmarked}!gang@\iventry{gang}{}}	oe		gang	gang	target_form	lexical_heading	gang — OE gang	1	heading:f146462721f64c
emit:b2101afb156340	broad-prose:c839c54a5df609	heading_injection	gang — OE gang	\index[iv]{02oe@\ivlangheader{Old English}{West Saxon normalization unmarked}!gangan@\iventry{gangan}{}}	oe		gangan	gangan	comparison_form	broad_prose_decision	Germanic/docs/lexeme_reports/model_entries/2038-gang-gang.model.md:29	1	broad-prose:c839c54a5df609
emit:d967ce7aae7a58	broad-prose:f7e58e5a08fd55	heading_injection	gang — OE gang	\index[iv]{03pgmc@\ivlangheader{Proto-Germanic}{}!gangaz@\iventry{*gangaz}{}}	pgmc		*gangaz	gangaz	selected_input	broad_prose_decision	Germanic/docs/lexeme_reports/model_entries/2038-gang-gang.model.md:21	1	broad-prose:f7e58e5a08fd55
emit:0ef897b73b5686	lexical-protoform:cb3e13067e9869	heading_injection	gang — OE gang	\index[iv]{03pgmc@\ivlangheader{Proto-Germanic}{}!gangaz@\iventry{*gángaz}{}}	pgmc		*gángaz	gangaz	source_protoform	lexical_protoform	gang — OE gang	2	lexical-protoform:cb3e13067e9869|trace:eba50190cacfaa
emit:845551bdda3b3f	override:547cdcc505ed11	heading_injection	gang — OE gang	\index[iv]{08on@\ivlangheader{Old Norse}{}!gangr@\iventry{gangr}{}}	on		gangr	gangr	comparison_form	override	Germanic/docs/lexeme_reports/model_entries/2038-gang-gang.model.md:21	1	override:547cdcc505ed11
emit:9e2bacb9c75d67	broad-prose:a403939cd5c2e6	heading_injection	give — OE ġiefan	\index[iv]{02oe@\ivlangheader{Old English}{West Saxon normalization unmarked}!forgeofan~05@\iventry{for-geofan}{Merc.}}	oe	merc	for-geofan	forgeofan	comparison_form	broad_prose_decision	Germanic/docs/lexeme_reports/model_entries/2041-give-ġiefan.model.md:21	1	broad-prose:a403939cd5c2e6
emit:fd1d4c6295bb02	broad-prose:f7e13e1cfac34e	heading_injection	give — OE ġiefan	\index[iv]{02oe@\ivlangheader{Old English}{West Saxon normalization unmarked}!forgeofan@\iventry{for-geofan}{}}	oe		for-geofan	forgeofan	comparison_form	broad_prose_decision	Germanic/docs/lexeme_reports/model_entries/2041-give-ġiefan.model.md:29	1	broad-prose:f7e13e1cfac34e
emit:0ebaf361523ee0	broad-prose:cea1b88e4bdd51	heading_injection	give — OE ġiefan	\index[iv]{02oe@\ivlangheader{Old English}{West Saxon normalization unmarked}!geafa@\iventry{geafa}{}}	oe		geafa	geafa	comparison_form	broad_prose_decision	Germanic/docs/lexeme_reports/model_entries/2041-give-ġiefan.model.md:29	1	broad-prose:cea1b88e4bdd51
emit:fc9f6427981a01	broad-prose:9ed67651a9b7d1	heading_injection	give — OE ġiefan	\index[iv]{02oe@\ivlangheader{Old English}{West Saxon normalization unmarked}!geafa~06@\iventry{geafa}{North.}}	oe	north	geafa	geafa	comparison_form	broad_prose_decision	Germanic/docs/lexeme_reports/model_entries/2041-give-ġiefan.model.md:21	1	broad-prose:9ed67651a9b7d1
emit:cf120b1aaf8458	lexical-protoform:0435cf28d154d0	heading_injection	give — OE ġiefan	\index[iv]{03pgmc@\ivlangheader{Proto-Germanic}{}!gebana@\iventry{*gébaną}{}}	pgmc		*gébaną	gebana	source_protoform	lexical_protoform	give — OE ġiefan	2	lexical-protoform:0435cf28d154d0|trace:d85f7f60c345e3
emit:077e674334cd21	heading:023c1f5f65de46	heading_injection	give — OE ġiefan	\index[iv]{02oe@\ivlangheader{Old English}{West Saxon normalization unmarked}!giefan@\iventry{ġiefan}{}}	oe		ġiefan	giefan	target_form	lexical_heading	give — OE ġiefan	1	heading:023c1f5f65de46
emit:d397ccf13e75d5	heading:3e3796a1ddf7c9	heading_injection	gold — OE gold	\index[iv]{02oe@\ivlangheader{Old English}{West Saxon normalization unmarked}!gold@\iventry{gold}{}}	oe		gold	gold	target_form	lexical_heading	gold — OE gold	1	heading:3e3796a1ddf7c9
emit:3e4ebbb9df5a94	lexical-protoform:082c843154c732	heading_injection	gold — OE gold	\index[iv]{03pgmc@\ivlangheader{Proto-Germanic}{}!gultha@\iventry{*gúlθą}{}}	pgmc		*gúlθą	gultha	source_protoform	lexical_protoform	gold — OE gold	2	lexical-protoform:082c843154c732|trace:23c9618ad551b0
emit:a36842044aa59f	lexical-protoform:32a460fe0c557e	heading_injection	grave — OE grafan	\index[iv]{03pgmc@\ivlangheader{Proto-Germanic}{}!grabana@\iventry{*grábaną}{}}	pgmc		*grábaną	grabana	source_protoform	lexical_protoform	grave — OE grafan	2	lexical-protoform:32a460fe0c557e|trace:d78dbfd42a1e14
emit:66b310ffb0ce25	broad-prose:121ef99b9940bf	heading_injection	grave — OE grafan	\index[iv]{02oe@\ivlangheader{Old English}{West Saxon normalization unmarked}!graef@\iventry{græf}{}}	oe		græf	graef	comparison_form	broad_prose_decision	Germanic/docs/lexeme_reports/model_entries/2046-grave-grafan.model.md:25	2	broad-prose:121ef99b9940bf|broad-prose:ac878008008c69
emit:04e92f1bd41b59	broad-prose:be4723687934a7	heading_injection	grave — OE grafan	\index[iv]{02oe@\ivlangheader{Old English}{West Saxon normalization unmarked}!graefd@\iventry{græfð}{}}	oe		græfð	graefd	comparison_form	broad_prose_decision	Germanic/docs/lexeme_reports/model_entries/2046-grave-grafan.model.md:33	1	broad-prose:be4723687934a7
emit:8f9a3cc49f4dbe	broad-prose:8d068dd4963add	heading_injection	grave — OE grafan	\index[iv]{02oe@\ivlangheader{Old English}{West Saxon normalization unmarked}!graefen@\iventry{græfen}{}}	oe		græfen	graefen	comparison_form	broad_prose_decision	Germanic/docs/lexeme_reports/model_entries/2046-grave-grafan.model.md:33	1	broad-prose:8d068dd4963add
emit:4c4640275eaf25	heading:08f4a11d8454d2	heading_injection	grave — OE grafan	\index[iv]{02oe@\ivlangheader{Old English}{West Saxon normalization unmarked}!grafan@\iventry{grafan}{}}	oe		grafan	grafan	target_form	lexical_heading	grave — OE grafan	1	heading:08f4a11d8454d2
emit:3b85c3b1da29b1	lexical-protoform:9f6fee2afa2059	heading_injection	guest — OE ġiest	\index[iv]{03pgmc@\ivlangheader{Proto-Germanic}{}!gastiz@\iventry{*gástiz}{}}	pgmc		*gástiz	gastiz	source_protoform	lexical_protoform	guest — OE ġiest	2	lexical-protoform:9f6fee2afa2059|trace:326d87990cd254
emit:dcd33a2b2e26a3	heading:bef1277a4414ca	heading_injection	guest — OE ġiest	\index[iv]{02oe@\ivlangheader{Old English}{West Saxon normalization unmarked}!giest@\iventry{ġiest}{}}	oe		ġiest	giest	target_form	lexical_heading	guest — OE ġiest	1	heading:bef1277a4414ca
emit:eaf90c4f986009	heading:2a3670141681f5	heading_injection	hair — OE hǣr	\index[iv]{02oe@\ivlangheader{Old English}{West Saxon normalization unmarked}!haer@\iventry{hǣr}{}}	oe		hǣr	haer	target_form	lexical_heading	hair — OE hǣr	1	heading:2a3670141681f5
emit:dc8ee6b63b8969	lexical-protoform:3b1dd15825faa1	heading_injection	hair — OE hǣr	\index[iv]{03pgmc@\ivlangheader{Proto-Germanic}{}!xera@\iventry{*xḗrą}{}}	pgmc		*xḗrą	xera	source_protoform	lexical_protoform	hair — OE hǣr	2	lexical-protoform:3b1dd15825faa1|trace:35cf82b41edbb5
emit:69f598fa8e70eb	heading:4573b228a20d6f	heading_injection	hammer — OE hameres	\index[iv]{02oe@\ivlangheader{Old English}{West Saxon normalization unmarked}!hameres@\iventry{hameres}{}}	oe		hameres	hameres	target_form	lexical_heading	hammer — OE hameres	1	heading:4573b228a20d6f
emit:513f511e0bee2d	lexical-protoform:883ccb95cfe828	heading_injection	hammer — OE hameres	\index[iv]{03pgmc@\ivlangheader{Proto-Germanic}{}!xamaras@\iventry{*xámaras}{}}	pgmc		*xámaras	xamaras	source_protoform	lexical_protoform	hammer — OE hameres	2	lexical-protoform:883ccb95cfe828|trace:5374c1236398c7
emit:fc76dc84c7070b	lexical-proto:1fb87dc3739fc4	heading_injection	hammer — OE hameres	\index[iv]{03pgmc@\ivlangheader{Proto-Germanic}{}!xamaraz@\iventry{*xámaraz}{}}	pgmc		*xámaraz	xamaraz	source_protoform	lexical_proto	hammer — OE hameres	1	lexical-proto:1fb87dc3739fc4
emit:69f87fff85aa77	heading:063983c9f0543c	heading_injection	harvest — OE hierfest	\index[iv]{02oe@\ivlangheader{Old English}{West Saxon normalization unmarked}!hierfest@\iventry{hierfest}{}}	oe		hierfest	hierfest	target_form	lexical_heading	harvest — OE hierfest	1	heading:063983c9f0543c
emit:01245db1ed1cce	lexical-protoform:8c05393196eeb8	heading_injection	harvest — OE hierfest	\index[iv]{03pgmc@\ivlangheader{Proto-Germanic}{}!xarbistuz@\iventry{*xárbistuz}{}}	pgmc		*xárbistuz	xarbistuz	source_protoform	lexical_protoform	harvest — OE hierfest	2	lexical-protoform:8c05393196eeb8|trace:272acfd5c7f371
emit:354b5b18f3fce6	heading:3f95012fa730a7	heading_injection	have — OE hæfeþ	\index[iv]{02oe@\ivlangheader{Old English}{West Saxon normalization unmarked}!haefeth@\iventry{hæfeþ}{}}	oe		hæfeþ	haefeth	target_form	lexical_heading	have — OE hæfeþ	1	heading:3f95012fa730a7
emit:d761a2d33e42f4	lexical-proto:ff3a3f7371d4f2	heading_injection	have — OE hæfeþ	\index[iv]{03pgmc@\ivlangheader{Proto-Germanic}{}!xabena@\iventry{*xabēną}{}}	pgmc		*xabēną	xabena	source_protoform	lexical_proto	have — OE hæfeþ	1	lexical-proto:ff3a3f7371d4f2
emit:9f9be66a8355a5	lexical-protoform:83cda0a929fd54	heading_injection	have — OE hæfeþ	\index[iv]{03pgmc@\ivlangheader{Proto-Germanic}{}!xabethi@\iventry{*xábēθi}{}}	pgmc		*xábēθi	xabethi	source_protoform	lexical_protoform	have — OE hæfeþ	2	lexical-protoform:83cda0a929fd54|trace:e10ada4240e330
emit:2d03c239c65420	heading:0adfdf758474ad	heading_injection	heaven — OE heofon	\index[iv]{02oe@\ivlangheader{Old English}{West Saxon normalization unmarked}!heofon@\iventry{heofon}{}}	oe		heofon	heofon	target_form	lexical_heading	heaven — OE heofon	1	heading:0adfdf758474ad
emit:acb18b626828f0	broad-prose:0fdacbd471e6f8	heading_injection	heaven — OE heofon	\index[iv]{03pgmc@\ivlangheader{Proto-Germanic}{}!sebun@\iventry{*sébun}{}}	pgmc		*sébun	sebun	comparison_form	broad_prose_decision	Germanic/docs/lexeme_reports/model_entries/2068-heaven-heofon.model.md:79	1	broad-prose:0fdacbd471e6f8
emit:7fceacb5fb9e84	broad-prose:5b3079162bd855	heading_injection	heaven — OE heofon	\index[iv]{02oe@\ivlangheader{Old English}{West Saxon normalization unmarked}!seofon@\iventry{seofon}{}}	oe		seofon	seofon	comparison_form	broad_prose_decision	Germanic/docs/lexeme_reports/model_entries/2068-heaven-heofon.model.md:79	1	broad-prose:5b3079162bd855
emit:e4e629a9a6ac61	lexical-protoform:4ceb786610ce75	heading_injection	heaven — OE heofon	\index[iv]{03pgmc@\ivlangheader{Proto-Germanic}{}!xebun@\iventry{*xébun}{}}	pgmc		*xébun	xebun	source_protoform	lexical_protoform	heaven — OE heofon	2	lexical-protoform:4ceb786610ce75|trace:af1b3adf5ad387
emit:cacf6e9ffd1a4f	lexical-proto:0e3b580164ae73	heading_injection	heaven — OE heofon	\index[iv]{03pgmc@\ivlangheader{Proto-Germanic}{}!xemenaz@\iventry{*xémenaz}{}}	pgmc		*xémenaz	xemenaz	source_protoform	lexical_proto	heaven — OE heofon	1	lexical-proto:0e3b580164ae73
emit:3135764073bcc6	heading:c6cec5ce2d083f	heading_injection	hedge — OE heġġ	\index[iv]{02oe@\ivlangheader{Old English}{West Saxon normalization unmarked}!hegg@\iventry{heġġ}{}}	oe		heġġ	hegg	target_form	lexical_heading	hedge — OE heġġ	1	heading:c6cec5ce2d083f
emit:bda7408c4bd8ea	lexical-protoform:70d8470624ba44	heading_injection	hedge — OE heġġ	\index[iv]{03pgmc@\ivlangheader{Proto-Germanic}{}!xagjaz@\iventry{*xágjaz}{}}	pgmc		*xágjaz	xagjaz	source_protoform	lexical_protoform	hedge — OE heġġ	2	lexical-protoform:70d8470624ba44|trace:7b4585cc6fbe74
emit:63ed1628e886fa	heading:f4f5cc99c8ce6d	heading_injection	helm — OE helm	\index[iv]{02oe@\ivlangheader{Old English}{West Saxon normalization unmarked}!helm@\iventry{helm}{}}	oe		helm	helm	target_form	lexical_heading	helm — OE helm	1	heading:f4f5cc99c8ce6d
emit:c36e6ac92b6b9f	lexical-protoform:772089ed28e613	heading_injection	helm — OE helm	\index[iv]{03pgmc@\ivlangheader{Proto-Germanic}{}!xelmaz@\iventry{*xélmaz}{}}	pgmc		*xélmaz	xelmaz	source_protoform	lexical_protoform	helm — OE helm	2	lexical-protoform:772089ed28e613|trace:8f821830ab5ccd
emit:e073d3a8033a9e	heading:4299b2702c559e	heading_injection	help — OE helpan	\index[iv]{02oe@\ivlangheader{Old English}{West Saxon normalization unmarked}!helpan@\iventry{helpan}{}}	oe		helpan	helpan	target_form	lexical_heading	help — OE helpan	1	heading:4299b2702c559e
emit:67c3bbac2de47c	lexical-protoform:2dc021d91a03e4	heading_injection	help — OE helpan	\index[iv]{03pgmc@\ivlangheader{Proto-Germanic}{}!xelpana@\iventry{*xélpaną}{}}	pgmc		*xélpaną	xelpana	source_protoform	lexical_protoform	help — OE helpan	2	lexical-protoform:2dc021d91a03e4|trace:f088fa7f6b9676
emit:c43ff61ce55b13	heading:032261a2ddddeb	heading_injection	hind — OE hind	\index[iv]{02oe@\ivlangheader{Old English}{West Saxon normalization unmarked}!hind@\iventry{hind}{}}	oe		hind	hind	target_form	lexical_heading	hind — OE hind	1	heading:032261a2ddddeb
emit:5eb869ccd25f0a	lexical-protoform:25d08b62d62449	heading_injection	hind — OE hind	\index[iv]{03pgmc@\ivlangheader{Proto-Germanic}{}!xendjo@\iventry{*xéndjō}{}}	pgmc		*xéndjō	xendjo	source_protoform	lexical_protoform	hind — OE hind	2	lexical-protoform:25d08b62d62449|trace:64eaf52333284a
emit:23c9fb50e7a0f5	heading:58668b4fe5515b	heading_injection	hold — OE healdan	\index[iv]{02oe@\ivlangheader{Old English}{West Saxon normalization unmarked}!healdan@\iventry{healdan}{}}	oe		healdan	healdan	target_form	lexical_heading	hold — OE healdan	1	heading:58668b4fe5515b
emit:ab6a7168427932	lexical-protoform:ef1135494b3e88	heading_injection	hold — OE healdan	\index[iv]{03pgmc@\ivlangheader{Proto-Germanic}{}!xaldana@\iventry{*xáldaną}{}}	pgmc		*xáldaną	xaldana	source_protoform	lexical_protoform	hold — OE healdan	2	lexical-protoform:ef1135494b3e88|trace:339a7c8781a5b3
emit:75c9109a91beac	heading:a4fa34d91c94ba	heading_injection	horn — OE horn	\index[iv]{02oe@\ivlangheader{Old English}{West Saxon normalization unmarked}!horn@\iventry{horn}{}}	oe		horn	horn	target_form	lexical_heading	horn — OE horn	1	heading:a4fa34d91c94ba
emit:49345039e0c41d	lexical-protoform:4c14bfe715aec8	heading_injection	horn — OE horn	\index[iv]{03pgmc@\ivlangheader{Proto-Germanic}{}!xurna@\iventry{*xúrną}{}}	pgmc		*xúrną	xurna	source_protoform	lexical_protoform	horn — OE horn	2	lexical-protoform:4c14bfe715aec8|trace:6793ea7d98cdf8
emit:a23c466a9af165	heading:ba873e5ec5a855	heading_injection	knight — OE cniht	\index[iv]{02oe@\ivlangheader{Old English}{West Saxon normalization unmarked}!cniht@\iventry{cniht}{}}	oe		cniht	cniht	target_form	lexical_heading	knight — OE cniht	1	heading:ba873e5ec5a855
emit:9c1dc10160de2a	lexical-protoform:1b5d3cee2ea274	heading_injection	knight — OE cniht	\index[iv]{03pgmc@\ivlangheader{Proto-Germanic}{}!knextaz@\iventry{*knéxtaz}{}}	pgmc		*knéxtaz	knextaz	source_protoform	lexical_protoform	knight — OE cniht	2	lexical-protoform:1b5d3cee2ea274|trace:03260ebefcb332
emit:df87640dcc82c9	lexical-proto:e37505b5285ce4	heading_injection	knight — OE cniht	\index[iv]{03pgmc@\ivlangheader{Proto-Germanic}{}!knixtaz@\iventry{*kníxtaz}{}}	pgmc		*kníxtaz	knixtaz	source_protoform	lexical_proto	knight — OE cniht	1	lexical-proto:e37505b5285ce4
emit:6c71c0a7164745	heading:648d7099abb7c3	heading_injection	knob — OE *cnobba	\index[iv]{02oe@\ivlangheader{Old English}{West Saxon normalization unmarked}!cnobba@\iventry{*cnobba}{}}	oe		*cnobba	cnobba	target_form	lexical_heading	knob — OE *cnobba	1	heading:648d7099abb7c3
emit:7523bdc6d6cf5a	lexical-protoform:3ab4de74e61461	heading_injection	knob — OE *cnobba	\index[iv]{03pgmc@\ivlangheader{Proto-Germanic}{}!knubbo@\iventry{*knúbbô}{}}	pgmc		*knúbbô	knubbo	source_protoform	lexical_protoform	knob — OE *cnobba	2	lexical-protoform:3ab4de74e61461|trace:437fb1e1a0be66
emit:3904205143a910	lexical-proto:75e83e26ed6a2d	heading_injection	knob — OE *cnobba	\index[iv]{03pgmc@\ivlangheader{Proto-Germanic}{}!knuppaz@\iventry{*knúppaz}{}}	pgmc		*knúppaz	knuppaz	source_protoform	lexical_proto	knob — OE *cnobba	1	lexical-proto:75e83e26ed6a2d
emit:fc67381cf957e5	table-auto:2f9ec13c6a360e	heading_injection	lade — OE hladan	\index[iv]{02oe@\ivlangheader{Old English}{West Saxon normalization unmarked}!hladan@\iventry{hladan}{}}	oe		hladan	hladan	target_form	table_semantic_auto	Germanic/docs/lexeme_reports/model_entries/2088-lade-hladan.model.md:56	2	heading:aa7848d7b640ff|table-auto:2f9ec13c6a360e
emit:88be47dc966143	lexical-proto:3fc6c1e361b4b7	heading_injection	lade — OE hladan	\index[iv]{03pgmc@\ivlangheader{Proto-Germanic}{}!lathojana@\iventry{*laθōjaną}{}}	pgmc		*laθōjaną	lathojana	source_protoform	lexical_proto	lade — OE hladan	1	lexical-proto:3fc6c1e361b4b7
emit:b4b20038f839e1	table-auto:49bf89315b4430	heading_injection	lade — OE hladan	\index[iv]{03pgmc@\ivlangheader{Proto-Germanic}{}!xladana@\iventry{*xláðaną}{}}	pgmc		*xláðaną	xladana	selected_input	table_semantic_auto	Germanic/docs/lexeme_reports/model_entries/2088-lade-hladan.model.md:56	3	lexical-protoform:70f8e52269514c|table-auto:49bf89315b4430|trace:5338f1c9fbc520
emit:980720cb4b012e	table-auto:ce40023e681c63	heading_injection	lap — OE lappa	\index[iv]{03pgmc@\ivlangheader{Proto-Germanic}{}!labbaz@\iventry{*lábbaz}{}}	pgmc		*lábbaz	labbaz	source_protoform	table_semantic_auto	Germanic/docs/lexeme_reports/model_entries/2090-lap-lappa.model.md:57	2	lexical-proto:a78d48ccc7b855|table-auto:ce40023e681c63
emit:4a07decf9931f5	table-auto:f5005a141b1bdf	heading_injection	lap — OE lappa	\index[iv]{02oe@\ivlangheader{Old English}{West Saxon normalization unmarked}!lappa@\iventry{lappa}{}}	oe		lappa	lappa	target_form	table_semantic_auto	Germanic/docs/lexeme_reports/model_entries/2090-lap-lappa.model.md:58	2	heading:1ac25895de66a0|table-auto:f5005a141b1bdf
emit:d659189c7b0566	table-auto:dbcc202127549b	heading_injection	lap — OE lappa	\index[iv]{03pgmc@\ivlangheader{Proto-Germanic}{}!lappo@\iventry{*láppô}{}}	pgmc		*láppô	lappo	selected_input	table_semantic_auto	Germanic/docs/lexeme_reports/model_entries/2090-lap-lappa.model.md:58	3	lexical-protoform:025c17904502e5|table-auto:dbcc202127549b|trace:54ce1b493d93e3
emit:7b1abe0a51e32a	table-decision:8372159fc887a9	heading_injection	laugh — OE hliehhan	\index[iv]{02oe@\ivlangheader{Old English}{West Saxon normalization unmarked}!hlaehhan@\iventry{hlæhhan}{}}	oe		hlæhhan	hlaehhan	comparison_form	table_semantic_decision	Germanic/docs/lexeme_reports/model_entries/2092-laugh-hliehhan.model.md:58	1	table-decision:8372159fc887a9
emit:9a49b0a4a2af1b	broad-prose:e232fdaa36644d	heading_injection	laugh — OE hliehhan	\index[iv]{03pgmc@\ivlangheader{Proto-Germanic}{}!hlahtraz@\iventry{*hlahtraz}{}}	pgmc		*hlahtraz	hlahtraz	comparison_form	broad_prose_decision	Germanic/docs/lexeme_reports/model_entries/2092-laugh-hliehhan.model.md:47	1	broad-prose:e232fdaa36644d
emit:77b3bea891712e	broad-prose:172368c4f5143f	heading_injection	laugh — OE hliehhan	\index[iv]{02oe@\ivlangheader{Old English}{West Saxon normalization unmarked}!hleahtor@\iventry{hleahtor}{}}	oe		hleahtor	hleahtor	comparison_form	broad_prose_decision	Germanic/docs/lexeme_reports/model_entries/2092-laugh-hliehhan.model.md:46	1	broad-prose:172368c4f5143f
emit:32d2532191a17d	table-decision:b0a95b2fd63b72	heading_injection	laugh — OE hliehhan	\index[iv]{02oe@\ivlangheader{Old English}{West Saxon normalization unmarked}!hlehhan@\iventry{hlehhan}{}}	oe		hlehhan	hlehhan	comparison_form	table_semantic_decision	Germanic/docs/lexeme_reports/model_entries/2092-laugh-hliehhan.model.md:58	1	table-decision:b0a95b2fd63b72
emit:f2a52070935c43	table-auto:414a6f60736b18	heading_injection	laugh — OE hliehhan	\index[iv]{02oe@\ivlangheader{Old English}{West Saxon normalization unmarked}!hliehhan@\iventry{hliehhan}{}}	oe		hliehhan	hliehhan	target_form	table_semantic_auto	Germanic/docs/lexeme_reports/model_entries/2092-laugh-hliehhan.model.md:57	2	heading:765f580fc28d58|table-auto:414a6f60736b18
emit:af57e9dc31dbae	lexical-proto:2dfc192317a81e	heading_injection	laugh — OE hliehhan	\index[iv]{03pgmc@\ivlangheader{Proto-Germanic}{}!lakana@\iventry{*lákaną}{}}	pgmc		*lákaną	lakana	source_protoform	lexical_proto	laugh — OE hliehhan	1	lexical-proto:2dfc192317a81e
emit:1b981ae03c358c	table-auto:d5149956c36807	heading_injection	laugh — OE hliehhan	\index[iv]{03pgmc@\ivlangheader{Proto-Germanic}{}!xlaxjana@\iventry{*xláxjaną}{}}	pgmc		*xláxjaną	xlaxjana	selected_input	table_semantic_auto	Germanic/docs/lexeme_reports/model_entries/2092-laugh-hliehhan.model.md:57	3	lexical-protoform:80beb1135fa668|table-auto:d5149956c36807|trace:ae106a41e6e152
emit:f323d0ee2ad8b8	heading:b7799d6e2805f3	heading_injection	lead — OE lǣdan	\index[iv]{02oe@\ivlangheader{Old English}{West Saxon normalization unmarked}!laedan@\iventry{lǣdan}{}}	oe		lǣdan	laedan	target_form	lexical_heading	lead — OE lǣdan	1	heading:b7799d6e2805f3
emit:d89fe407d197bf	lexical-protoform:b362e3966d35e6	heading_injection	lead — OE lǣdan	\index[iv]{03pgmc@\ivlangheader{Proto-Germanic}{}!laidijana@\iventry{*láidijaną}{}}	pgmc		*láidijaną	laidijana	source_protoform	lexical_protoform	lead — OE lǣdan	2	lexical-protoform:b362e3966d35e6|trace:aae2455bebfad2
emit:12ba0cd4cf9ef5	heading:c410e8b6fdc66a	heading_injection	learn (3sg) — OE liornaþ	\index[iv]{02oe@\ivlangheader{Old English}{West Saxon normalization unmarked}!liornath@\iventry{liornaþ}{}}	oe		liornaþ	liornath	target_form	lexical_heading	learn (3sg) — OE liornaþ	1	heading:c410e8b6fdc66a
emit:66c4c49e72b38a	lexical-proto:2b1ab6cca37b40	heading_injection	learn (3sg) — OE liornaþ	\index[iv]{03pgmc@\ivlangheader{Proto-Germanic}{}!liznojana@\iventry{*liznōjaną}{}}	pgmc		*liznōjaną	liznojana	source_protoform	lexical_proto	learn (3sg) — OE liornaþ	1	lexical-proto:2b1ab6cca37b40
emit:7eb4fd86c7c0bd	lexical-protoform:705c958b000129	heading_injection	learn (3sg) — OE liornaþ	\index[iv]{03pgmc@\ivlangheader{Proto-Germanic}{}!liznothi@\iventry{*líznōθi}{}}	pgmc		*líznōθi	liznothi	source_protoform	lexical_protoform	learn (3sg) — OE liornaþ	2	lexical-protoform:705c958b000129|trace:9f55ba2f00a669
emit:ecc9aa54a82441	heading:122ce3f24fd0d8	heading_injection	learn (iptv.2sg) — OE liorna	\index[iv]{02oe@\ivlangheader{Old English}{West Saxon normalization unmarked}!liorna@\iventry{liorna}{}}	oe		liorna	liorna	target_form	lexical_heading	learn (iptv.2sg) — OE liorna	1	heading:122ce3f24fd0d8
emit:f5580be32e7bec	lexical-protoform:7b3e74be0c0dcb	heading_injection	learn (iptv.2sg) — OE liorna	\index[iv]{03pgmc@\ivlangheader{Proto-Germanic}{}!lizno@\iventry{*líznô}{}}	pgmc		*líznô	lizno	source_protoform	lexical_protoform	learn (iptv.2sg) — OE liorna	2	lexical-protoform:7b3e74be0c0dcb|trace:511b10e965321d
emit:9a1caed638c9a4	lexical-proto:efbbc59d52846b	heading_injection	learn (iptv.2sg) — OE liorna	\index[iv]{03pgmc@\ivlangheader{Proto-Germanic}{}!liznojana@\iventry{*liznōjaną}{}}	pgmc		*liznōjaną	liznojana	source_protoform	lexical_proto	learn (iptv.2sg) — OE liorna	1	lexical-proto:efbbc59d52846b
emit:4318761d5a8805	table-decision:fb034e33b367b8	heading_injection	learn — OE liornian	\index[iv]{02oe@\ivlangheader{Old English}{West Saxon normalization unmarked}!leornian@\iventry{leornian}{}}	oe		leornian	leornian	comparison_form	table_semantic_decision	Germanic/docs/lexeme_reports/model_entries/2095-learn-liornian.model.md:59	1	table-decision:fb034e33b367b8
emit:43466180106189	heading:ae7043094658d9	heading_injection	learn — OE liornian	\index[iv]{02oe@\ivlangheader{Old English}{West Saxon normalization unmarked}!liornian@\iventry{liornian}{}}	oe		liornian	liornian	target_form	lexical_heading	learn — OE liornian	1	heading:ae7043094658d9
emit:5ba7883b55c37f	lexical-protoform:2f012a15028d6a	heading_injection	learn — OE liornian	\index[iv]{03pgmc@\ivlangheader{Proto-Germanic}{}!liznojana@\iventry{*líznōjaną}{}}	pgmc		*líznōjaną	liznojana	source_protoform	lexical_protoform	learn — OE liornian	2	lexical-protoform:2f012a15028d6a|trace:ac79220f9676e0
emit:8f04345e375bc4	heading:707b41c0ab65fe	heading_injection	lick (3sg) — OE liccaþ	\index[iv]{02oe@\ivlangheader{Old English}{West Saxon normalization unmarked}!liccath@\iventry{liccaþ}{}}	oe		liccaþ	liccath	target_form	lexical_heading	lick (3sg) — OE liccaþ	1	heading:707b41c0ab65fe
emit:dbd6847b5ee1a0	lexical-proto:5c062c148dbec5	heading_injection	lick (3sg) — OE liccaþ	\index[iv]{03pgmc@\ivlangheader{Proto-Germanic}{}!likkona@\iventry{*likkōną}{}}	pgmc		*likkōną	likkona	source_protoform	lexical_proto	lick (3sg) — OE liccaþ	1	lexical-proto:5c062c148dbec5
emit:720f7e80be05f9	lexical-protoform:b1df7e11f86a6e	heading_injection	lick (3sg) — OE liccaþ	\index[iv]{03pgmc@\ivlangheader{Proto-Germanic}{}!likkothi@\iventry{*líkkōθi}{}}	pgmc		*líkkōθi	likkothi	source_protoform	lexical_protoform	lick (3sg) — OE liccaþ	2	lexical-protoform:b1df7e11f86a6e|trace:0b69f637c772f3
emit:46358354584247	heading:f37a386990c9b9	heading_injection	lick (iptv.2sg) — OE licca	\index[iv]{02oe@\ivlangheader{Old English}{West Saxon normalization unmarked}!licca@\iventry{licca}{}}	oe		licca	licca	target_form	lexical_heading	lick (iptv.2sg) — OE licca	1	heading:f37a386990c9b9
emit:d819b04185af13	lexical-protoform:a27579236f6eff	heading_injection	lick (iptv.2sg) — OE licca	\index[iv]{03pgmc@\ivlangheader{Proto-Germanic}{}!likko@\iventry{*líkkô}{}}	pgmc		*líkkô	likko	source_protoform	lexical_protoform	lick (iptv.2sg) — OE licca	2	lexical-protoform:a27579236f6eff|trace:40a137410a865d
emit:452727ec39fec3	lexical-proto:83271766b519f6	heading_injection	lick (iptv.2sg) — OE licca	\index[iv]{03pgmc@\ivlangheader{Proto-Germanic}{}!likkona@\iventry{*likkōną}{}}	pgmc		*likkōną	likkona	source_protoform	lexical_proto	lick (iptv.2sg) — OE licca	1	lexical-proto:83271766b519f6
emit:e1c1caddc1096d	heading:4bea6a50d07f6f	heading_injection	lid — OE hlid	\index[iv]{02oe@\ivlangheader{Old English}{West Saxon normalization unmarked}!hlid@\iventry{hlid}{}}	oe		hlid	hlid	target_form	lexical_heading	lid — OE hlid	1	heading:4bea6a50d07f6f
emit:4659c0bfb550e7	override:ecc04b481fd1ef	heading_injection	lid — OE hlid	\index[iv]{08on@\ivlangheader{Old Norse}{}!hlitho@\iventry{hliþó}{}}	on		hliþó	hlitho	comparison_form	override	Germanic/docs/lexeme_reports/model_entries/2100-lid-hlid.model.md:21	1	override:ecc04b481fd1ef
emit:829423a45fc5e1	lexical-protoform:ddf7b6320e5e13	heading_injection	lid — OE hlid	\index[iv]{03pgmc@\ivlangheader{Proto-Germanic}{}!xlida@\iventry{*xlídą}{}}	pgmc		*xlídą	xlida	source_protoform	lexical_protoform	lid — OE hlid	2	lexical-protoform:ddf7b6320e5e13|trace:7f53b2347da1fc
emit:54ebb4e8f68b70	lexical-protoform:bee40df82ea1f7	heading_injection	light — OE līehtan	\index[iv]{03pgmc@\ivlangheader{Proto-Germanic}{}!leuxtijana@\iventry{*léuxtijaną}{}}	pgmc		*léuxtijaną	leuxtijana	source_protoform	lexical_protoform	light — OE līehtan	2	lexical-protoform:bee40df82ea1f7|trace:39049841c60764
emit:f645211dd8fe4a	heading:a9af8dff4afdd9	heading_injection	light — OE līehtan	\index[iv]{02oe@\ivlangheader{Old English}{West Saxon normalization unmarked}!liehtan@\iventry{līehtan}{}}	oe		līehtan	liehtan	target_form	lexical_heading	light — OE līehtan	1	heading:a9af8dff4afdd9
emit:6af15a13a97525	heading:7a8aef57dba305	heading_injection	linden — OE lind	\index[iv]{02oe@\ivlangheader{Old English}{West Saxon normalization unmarked}!lind@\iventry{lind}{}}	oe		lind	lind	target_form	lexical_heading	linden — OE lind	1	heading:7a8aef57dba305
emit:e9d029554eea92	lexical-protoform:264d731783dd4e	heading_injection	linden — OE lind	\index[iv]{03pgmc@\ivlangheader{Proto-Germanic}{}!lindo@\iventry{*líndō}{}}	pgmc		*líndō	lindo	source_protoform	lexical_protoform	linden — OE lind	2	lexical-protoform:264d731783dd4e|trace:bd1f7a6f938c76
emit:bd8fbc92c52c9d	lexical-proto:5a4246b8befcb8	heading_injection	live — OE lifeþ	\index[iv]{03pgmc@\ivlangheader{Proto-Germanic}{}!libena@\iventry{*libēną}{}}	pgmc		*libēną	libena	source_protoform	lexical_proto	live — OE lifeþ	1	lexical-proto:5a4246b8befcb8
emit:0e62545caa712f	lexical-protoform:ae969d35a1d426	heading_injection	live — OE lifeþ	\index[iv]{03pgmc@\ivlangheader{Proto-Germanic}{}!libethi@\iventry{*líbēθi}{}}	pgmc		*líbēθi	libethi	source_protoform	lexical_protoform	live — OE lifeþ	2	lexical-protoform:ae969d35a1d426|trace:bb92f18075767c
emit:f51825ed992274	heading:dffc084383b450	heading_injection	live — OE lifeþ	\index[iv]{02oe@\ivlangheader{Old English}{West Saxon normalization unmarked}!lifeth@\iventry{lifeþ}{}}	oe		lifeþ	lifeth	target_form	lexical_heading	live — OE lifeþ	1	heading:dffc084383b450
emit:6d9a4bca3c394f	table-auto:aed2a7eed0fd2f	heading_injection	loam — OE lām	\index[iv]{03pgmc@\ivlangheader{Proto-Germanic}{}!laima@\iventry{*láimą}{}}	pgmc		*láimą	laima	selected_input	table_semantic_auto	Germanic/docs/lexeme_reports/model_entries/2109-loam-lām.model.md:53	3	lexical-protoform:b2d94645c77fea|table-auto:aed2a7eed0fd2f|trace:74d8d3156a4eab
emit:59d179ee378102	table-auto:83abfd90087878	heading_injection	loam — OE lām	\index[iv]{03pgmc@\ivlangheader{Proto-Germanic}{}!laimon@\iventry{*laimōn}{}}	pgmc		*laimōn	laimon	selected_input	table_semantic_auto	Germanic/docs/lexeme_reports/model_entries/2109-loam-lām.model.md:52	2	lexical-proto:79e35a6e4b4ac6|table-auto:83abfd90087878
emit:97cafe4809d5e2	table-auto:70db264cf5e1b9	heading_injection	loam — OE lām	\index[iv]{02oe@\ivlangheader{Old English}{West Saxon normalization unmarked}!lam@\iventry{lām}{}}	oe		lām	lam	target_form	table_semantic_auto	Germanic/docs/lexeme_reports/model_entries/2109-loam-lām.model.md:53	2	heading:76614bc1c6a57f|table-auto:70db264cf5e1b9
emit:50c5e158434adb	table-auto:98205ce12b914b	heading_injection	lung — OE lungen	\index[iv]{03pgmc@\ivlangheader{Proto-Germanic}{}!lunganjo@\iventry{*lúnganjō}{}}	pgmc		*lúnganjō	lunganjo	selected_input	table_semantic_auto	Germanic/docs/lexeme_reports/model_entries/2114-lung-lungen.model.md:56	3	lexical-protoform:41eaa43d6faa67|table-auto:98205ce12b914b|trace:6824a946360545
emit:d13a015b60e218	table-auto:10983402ed7fa7	heading_injection	lung — OE lungen	\index[iv]{02oe@\ivlangheader{Old English}{West Saxon normalization unmarked}!lungen@\iventry{lungen}{}}	oe		lungen	lungen	target_form	table_semantic_auto	Germanic/docs/lexeme_reports/model_entries/2114-lung-lungen.model.md:56	2	heading:f7ff6afcccae65|table-auto:10983402ed7fa7
emit:b75f2c8659d891	lexical-proto:13466a614c08be	heading_injection	lung — OE lungen	\index[iv]{03pgmc@\ivlangheader{Proto-Germanic}{}!lungo@\iventry{*lungō}{}}	pgmc		*lungō	lungo	source_protoform	lexical_proto	lung — OE lungen	1	lexical-proto:13466a614c08be
emit:7f7b24c0c16043	heading:619ca54ddaeb9b	heading_injection	make (3sg) — OE macaþ	\index[iv]{02oe@\ivlangheader{Old English}{West Saxon normalization unmarked}!macath@\iventry{macaþ}{}}	oe		macaþ	macath	target_form	lexical_heading	make (3sg) — OE macaþ	1	heading:619ca54ddaeb9b
emit:441a658d28ccd7	lexical-proto:9daf78923def1a	heading_injection	make (3sg) — OE macaþ	\index[iv]{03pgmc@\ivlangheader{Proto-Germanic}{}!makona@\iventry{*makōną}{}}	pgmc		*makōną	makona	source_protoform	lexical_proto	make (3sg) — OE macaþ	1	lexical-proto:9daf78923def1a
emit:ed78adda25ceb8	lexical-protoform:d2be841eefab80	heading_injection	make (3sg) — OE macaþ	\index[iv]{03pgmc@\ivlangheader{Proto-Germanic}{}!makothi@\iventry{*mákōθi}{}}	pgmc		*mákōθi	makothi	source_protoform	lexical_protoform	make (3sg) — OE macaþ	2	lexical-protoform:d2be841eefab80|trace:756e697b82e90f
emit:3e6af6623107ee	broad-prose:ace14310d97865	heading_injection	make (iptv.2sg) — OE maca	\index[iv]{02oe@\ivlangheader{Old English}{West Saxon normalization unmarked}!lapian@\iventry{lapian}{}}	oe		lapian	lapian	evidence_form	broad_prose_decision	Germanic/docs/lexeme_reports/model_entries/2309-make-(iptv.2sg)-maca.model.md:22	1	broad-prose:ace14310d97865
emit:d13148a675dafc	heading:4001b86faebec6	heading_injection	make (iptv.2sg) — OE maca	\index[iv]{02oe@\ivlangheader{Old English}{West Saxon normalization unmarked}!maca@\iventry{maca}{}}	oe		maca	maca	target_form	lexical_heading	make (iptv.2sg) — OE maca	1	heading:4001b86faebec6
emit:0ce44da50a684e	lexical-protoform:c583e7cc72c998	heading_injection	make (iptv.2sg) — OE maca	\index[iv]{03pgmc@\ivlangheader{Proto-Germanic}{}!mako@\iventry{*mákô}{}}	pgmc		*mákô	mako	source_protoform	lexical_protoform	make (iptv.2sg) — OE maca	2	lexical-protoform:c583e7cc72c998|trace:44fdab5db419a4
emit:fe5301fce224c1	lexical-proto:ac12e38ae0ae92	heading_injection	make (iptv.2sg) — OE maca	\index[iv]{03pgmc@\ivlangheader{Proto-Germanic}{}!makona@\iventry{*makōną}{}}	pgmc		*makōną	makona	source_protoform	lexical_proto	make (iptv.2sg) — OE maca	1	lexical-proto:ac12e38ae0ae92
emit:52b802bb5331ff	lexical-protoform:d8976969cda78c	heading_injection	man — OE mannes	\index[iv]{03pgmc@\ivlangheader{Proto-Germanic}{}!mannas@\iventry{*mánnas}{}}	pgmc		*mánnas	mannas	source_protoform	lexical_protoform	man — OE mannes	2	lexical-protoform:d8976969cda78c|trace:d512bcbbf1f294
emit:e8ad4a73544645	lexical-proto:1eafd1bf6bb2d7	heading_injection	man — OE mannes	\index[iv]{03pgmc@\ivlangheader{Proto-Germanic}{}!mannaz@\iventry{*mánnaz}{}}	pgmc		*mánnaz	mannaz	source_protoform	lexical_proto	man — OE mannes	1	lexical-proto:1eafd1bf6bb2d7
emit:f047970eedff3d	heading:b4e2db489a2983	heading_injection	man — OE mannes	\index[iv]{02oe@\ivlangheader{Old English}{West Saxon normalization unmarked}!mannes@\iventry{mannes}{}}	oe		mannes	mannes	target_form	lexical_heading	man — OE mannes	1	heading:b4e2db489a2983
emit:f1b9c9f17682b2	heading:94a32c772b5968	heading_injection	meed — OE meorde	\index[iv]{02oe@\ivlangheader{Old English}{West Saxon normalization unmarked}!meorde@\iventry{meorde}{}}	oe		meorde	meorde	target_form	lexical_heading	meed — OE meorde	1	heading:94a32c772b5968
emit:2b6bd28de9865e	lexical-protoform:b700df10aea4ea	heading_injection	meed — OE meorde	\index[iv]{03pgmc@\ivlangheader{Proto-Germanic}{}!mizdai@\iventry{*mízdai}{}}	pgmc		*mízdai	mizdai	source_protoform	lexical_protoform	meed — OE meorde	2	lexical-protoform:b700df10aea4ea|trace:790355f95aab9f
emit:4f805842ca1b64	lexical-proto:aba4be33882f25	heading_injection	meed — OE meorde	\index[iv]{03pgmc@\ivlangheader{Proto-Germanic}{}!mizdo@\iventry{*mizdō}{}}	pgmc		*mizdō	mizdo	source_protoform	lexical_proto	meed — OE meorde	1	lexical-proto:aba4be33882f25
emit:d9ee549e3447ce	lexical-protoform:eb8a82a6c9d3e5	heading_injection	milk — OE meoloc	\index[iv]{03pgmc@\ivlangheader{Proto-Germanic}{}!melukz@\iventry{*mélukz}{}}	pgmc		*mélukz	melukz	source_protoform	lexical_protoform	milk — OE meoloc	2	lexical-protoform:eb8a82a6c9d3e5|trace:ddc62ffb5bc282
emit:0444bead4a6fc2	heading:036dc94bbb58c2	heading_injection	milk — OE meoloc	\index[iv]{02oe@\ivlangheader{Old English}{West Saxon normalization unmarked}!meoloc@\iventry{meoloc}{}}	oe		meoloc	meoloc	target_form	lexical_heading	milk — OE meoloc	1	heading:036dc94bbb58c2
emit:5e094d97b08366	lexical-protoform:f3bf2dd9558578	heading_injection	mother — OE mōder	\index[iv]{03pgmc@\ivlangheader{Proto-Germanic}{}!moder@\iventry{*mōdēr}{}}	pgmc		*mōdēr	moder	source_protoform	lexical_protoform	mother — OE mōder	2	lexical-protoform:f3bf2dd9558578|trace:daba0ee2ffa5df
emit:1941c21b8c1dd4	heading:3ee30fbdedd0d1	heading_injection	mother — OE mōder	\index[iv]{02oe@\ivlangheader{Old English}{West Saxon normalization unmarked}!moder@\iventry{mōder}{}}	oe		mōder	moder	target_form	lexical_heading	mother — OE mōder	1	heading:3ee30fbdedd0d1
emit:43dd11f7c730f2	lexical-proto:5a1643e6d9fab9	heading_injection	navel — OE nafola	\index[iv]{03pgmc@\ivlangheader{Proto-Germanic}{}!nablo@\iventry{*nablô}{}}	pgmc		*nablô	nablo	source_protoform	lexical_proto	navel — OE nafola	1	lexical-proto:5a1643e6d9fab9
emit:c345830082a259	lexical-protoform:25f85aba175ba0	heading_injection	navel — OE nafola	\index[iv]{03pgmc@\ivlangheader{Proto-Germanic}{}!nabulo@\iventry{*nábulô}{}}	pgmc		*nábulô	nabulo	source_protoform	lexical_protoform	navel — OE nafola	2	lexical-protoform:25f85aba175ba0|trace:6aee5793bc4c44
emit:ab32f14ebe1a07	table-decision:faa7d8c1e4395d	heading_injection	navel — OE nafola	\index[iv]{02oe@\ivlangheader{Old English}{West Saxon normalization unmarked}!naefla@\iventry{næfla}{}}	oe		næfla	naefla	comparison_form	table_semantic_decision	Germanic/docs/lexeme_reports/model_entries/2133-navel-nafola.model.md:60	1	table-decision:faa7d8c1e4395d
emit:046677a642cd7e	heading:7efcdd01cb17ed	heading_injection	navel — OE nafola	\index[iv]{02oe@\ivlangheader{Old English}{West Saxon normalization unmarked}!nafola@\iventry{nafola}{}}	oe		nafola	nafola	target_form	lexical_heading	navel — OE nafola	1	heading:7efcdd01cb17ed
emit:1eba1874ab5440	heading:e0f08e7c4940d4	heading_injection	neck — OE hnecca	\index[iv]{02oe@\ivlangheader{Old English}{West Saxon normalization unmarked}!hnecca@\iventry{hnecca}{}}	oe		hnecca	hnecca	target_form	lexical_heading	neck — OE hnecca	1	heading:e0f08e7c4940d4
emit:fb9c5354789d1c	lexical-proto:46a7d8e0f5ef2c	heading_injection	neck — OE hnecca	\index[iv]{03pgmc@\ivlangheader{Proto-Germanic}{}!xnakkaz@\iventry{*xnákkaz}{}}	pgmc		*xnákkaz	xnakkaz	source_protoform	lexical_proto	neck — OE hnecca	1	lexical-proto:46a7d8e0f5ef2c
emit:0112f0b2d0844b	lexical-protoform:aaae1e5ce2ae94	heading_injection	neck — OE hnecca	\index[iv]{03pgmc@\ivlangheader{Proto-Germanic}{}!xnekko@\iventry{*xnékkô}{}}	pgmc		*xnékkô	xnekko	source_protoform	lexical_protoform	neck — OE hnecca	2	lexical-protoform:aaae1e5ce2ae94|trace:8cf1370af7b831
emit:00b2d4b237d7fd	heading:6da2c97f6a7ac7	heading_injection	needle — OE nǣdl	\index[iv]{02oe@\ivlangheader{Old English}{West Saxon normalization unmarked}!naedl@\iventry{nǣdl}{}}	oe		nǣdl	naedl	target_form	lexical_heading	needle — OE nǣdl	1	heading:6da2c97f6a7ac7
emit:a58d8f02b8d0ed	lexical-protoform:aba427d012c417	heading_injection	needle — OE nǣdl	\index[iv]{03pgmc@\ivlangheader{Proto-Germanic}{}!nedlo@\iventry{*nḗðlō}{}}	pgmc		*nḗðlō	nedlo	source_protoform	lexical_protoform	needle — OE nǣdl	2	lexical-protoform:aba427d012c417|trace:761e1ce2597ceb
emit:c96df18560f401	lexical-proto:c3a06f8bb85e4b	heading_injection	needle — OE nǣdl	\index[iv]{03pgmc@\ivlangheader{Proto-Germanic}{}!nethlo@\iventry{*nḗθlō}{}}	pgmc		*nḗθlō	nethlo	source_protoform	lexical_proto	needle — OE nǣdl	1	lexical-proto:c3a06f8bb85e4b
emit:44af52ee69c0ff	lexical-protoform:d58abe9339fa3b	heading_injection	net — OE nett	\index[iv]{03pgmc@\ivlangheader{Proto-Germanic}{}!natja@\iventry{*nátją}{}}	pgmc		*nátją	natja	source_protoform	lexical_protoform	net — OE nett	2	lexical-protoform:d58abe9339fa3b|trace:a1e7e89e43b08c
emit:21d76f37b4154a	heading:acbea4f762394e	heading_injection	net — OE nett	\index[iv]{02oe@\ivlangheader{Old English}{West Saxon normalization unmarked}!nett@\iventry{nett}{}}	oe		nett	nett	target_form	lexical_heading	net — OE nett	1	heading:acbea4f762394e
emit:92a07c0364acd8	lexical-protoform:d28ac3a68459a3	heading_injection	night — OE niht	\index[iv]{03pgmc@\ivlangheader{Proto-Germanic}{}!naxti@\iventry{*náxti}{}}	pgmc		*náxti	naxti	source_protoform	lexical_protoform	night — OE niht	2	lexical-protoform:d28ac3a68459a3|trace:62a9eec3788d99
emit:d1e1692772e8ba	lexical-proto:218ce381b78cda	heading_injection	night — OE niht	\index[iv]{03pgmc@\ivlangheader{Proto-Germanic}{}!naxtz@\iventry{*náxtz}{}}	pgmc		*náxtz	naxtz	source_protoform	lexical_proto	night — OE niht	1	lexical-proto:218ce381b78cda
emit:c26f5f4023ca28	heading:582b8aa782836d	heading_injection	night — OE niht	\index[iv]{02oe@\ivlangheader{Old English}{West Saxon normalization unmarked}!niht@\iventry{niht}{}}	oe		niht	niht	target_form	lexical_heading	night — OE niht	1	heading:582b8aa782836d
emit:211988d539664f	heading:cbdcfa9304932f	heading_injection	nightmare — OE mare	\index[iv]{02oe@\ivlangheader{Old English}{West Saxon normalization unmarked}!mare@\iventry{mare}{}}	oe		mare	mare	target_form	lexical_heading	nightmare — OE mare	1	heading:cbdcfa9304932f
emit:e590a82aec8c40	lexical-protoform:5c1be9e53a900a	heading_injection	nightmare — OE mare	\index[iv]{03pgmc@\ivlangheader{Proto-Germanic}{}!maron@\iventry{*márōn}{}}	pgmc		*márōn	maron	source_protoform	lexical_protoform	nightmare — OE mare	2	lexical-protoform:5c1be9e53a900a|trace:02a4b72ef3fb4e
emit:5b415aa187e0e3	lexical-proto:043889b65c287d	heading_injection	nose — OE nosu	\index[iv]{03pgmc@\ivlangheader{Proto-Germanic}{}!naso@\iventry{*nasō}{}}	pgmc		*nasō	naso	source_protoform	lexical_proto	nose — OE nosu	1	lexical-proto:043889b65c287d
emit:a54b338354422c	table-decision:5dc9a93d12cd52	heading_injection	nose — OE nosu	\index[iv]{02oe@\ivlangheader{Old English}{West Saxon normalization unmarked}!nasu@\iventry{nasu}{}}	oe		nasu	nasu	comparison_form	table_semantic_decision	Germanic/docs/lexeme_reports/model_entries/2143-nose-nosu.model.md:59	1	table-decision:5dc9a93d12cd52
emit:245c6aa5137f6a	table-auto:657d2b010aa686	heading_injection	nose — OE nosu	\index[iv]{02oe@\ivlangheader{Old English}{West Saxon normalization unmarked}!nosu@\iventry{nosu}{}}	oe		nosu	nosu	target_form	table_semantic_auto	Germanic/docs/lexeme_reports/model_entries/2143-nose-nosu.model.md:60	2	heading:e28189d000c6d0|table-auto:657d2b010aa686
emit:023f045b98ae8f	lexical-protoform:f8cca464546e77	heading_injection	nose — OE nosu	\index[iv]{03pgmc@\ivlangheader{Proto-Germanic}{}!nuso@\iventry{*núsō}{}}	pgmc		*núsō	nuso	source_protoform	lexical_protoform	nose — OE nosu	2	lexical-protoform:f8cca464546e77|trace:e08e9ab4d51d06
emit:a422447bf7ffc1	lexical-protoform:5fa50fe62f173d	heading_injection	reek — OE *rēac	\index[iv]{03pgmc@\ivlangheader{Proto-Germanic}{}!raukaz@\iventry{*ráukaz}{}}	pgmc		*ráukaz	raukaz	source_protoform	lexical_protoform	reek — OE *rēac	2	lexical-protoform:5fa50fe62f173d|trace:de8df4419afdd0
emit:f8dc49e7921f7a	lexical-proto:7a8dd8eed5bfde	heading_injection	reek — OE *rēac	\index[iv]{03pgmc@\ivlangheader{Proto-Germanic}{}!raukiz@\iventry{*ráukiz}{}}	pgmc		*ráukiz	raukiz	source_protoform	lexical_proto	reek — OE *rēac	1	lexical-proto:7a8dd8eed5bfde
emit:0dffae70cf562b	heading:ad7a7e1e12e7a1	heading_injection	reek — OE *rēac	\index[iv]{02oe@\ivlangheader{Old English}{West Saxon normalization unmarked}!reac@\iventry{*rēac}{}}	oe		*rēac	reac	target_form	lexical_heading	reek — OE *rēac	1	heading:ad7a7e1e12e7a1
emit:a9b054580628ac	heading:c7321ed0221f3e	heading_injection	rest — OE ræste	\index[iv]{02oe@\ivlangheader{Old English}{West Saxon normalization unmarked}!raeste@\iventry{ræste}{}}	oe		ræste	raeste	target_form	lexical_heading	rest — OE ræste	1	heading:c7321ed0221f3e
emit:2e5ec5323311e4	table-decision:27bb06c20e6b43	heading_injection	rest — OE ræste	\index[iv]{02oe@\ivlangheader{Old English}{West Saxon normalization unmarked}!rast@\iventry{rast}{}}	oe		rast	rast	comparison_form	table_semantic_decision	Germanic/docs/lexeme_reports/model_entries/2152-rest-ræste.model.md:59	1	table-decision:27bb06c20e6b43
emit:6ecbcfaad96b6c	lexical-proto:dce9c9cafc000a	heading_injection	rest — OE ræste	\index[iv]{03pgmc@\ivlangheader{Proto-Germanic}{}!rasto@\iventry{*rastō}{}}	pgmc		*rastō	rasto	source_protoform	lexical_proto	rest — OE ræste	1	lexical-proto:dce9c9cafc000a
emit:7e99154b5e6751	lexical-protoform:f38543a6e85aef	heading_injection	rest — OE ræste	\index[iv]{03pgmc@\ivlangheader{Proto-Germanic}{}!rastoz@\iventry{*rástōz}{}}	pgmc		*rástōz	rastoz	source_protoform	lexical_protoform	rest — OE ræste	2	lexical-protoform:f38543a6e85aef|trace:b6c04d886b3ef2
emit:ba5a8b5614b4ed	broad-prose:2475ed46c30efe	heading_injection	rust — OE rust	\index[iv]{09ohg@\ivlangheader{Old High German}{}!rost@\iventry{rost}{}}	ohg		rost	rost	comparison_form	broad_prose_decision	Germanic/docs/lexeme_reports/model_entries/2162-rust-rust.model.md:23	1	broad-prose:2475ed46c30efe
emit:daec060bf71304	heading:97e9b5f3f6716a	heading_injection	rust — OE rust	\index[iv]{02oe@\ivlangheader{Old English}{West Saxon normalization unmarked}!rust@\iventry{rust}{}}	oe		rust	rust	target_form	lexical_heading	rust — OE rust	1	heading:97e9b5f3f6716a
emit:5711d81f67db24	lexical-protoform:1bfe8064ac9cf9	heading_injection	rust — OE rust	\index[iv]{03pgmc@\ivlangheader{Proto-Germanic}{}!rusto@\iventry{*rústō}{}}	pgmc		*rústō	rusto	source_protoform	lexical_protoform	rust — OE rust	2	lexical-protoform:1bfe8064ac9cf9|trace:0ea0cd8a6813c9
emit:a67457d474d640	heading:0f486232cf1326	heading_injection	sap — OE sæp	\index[iv]{02oe@\ivlangheader{Old English}{West Saxon normalization unmarked}!saep@\iventry{sæp}{}}	oe		sæp	saep	target_form	lexical_heading	sap — OE sæp	1	heading:0f486232cf1326
emit:cf86266311adcb	lexical-protoform:7b9f801944c954	heading_injection	sap — OE sæp	\index[iv]{03pgmc@\ivlangheader{Proto-Germanic}{}!sapa@\iventry{*sápą}{}}	pgmc		*sápą	sapa	source_protoform	lexical_protoform	sap — OE sæp	2	lexical-protoform:7b9f801944c954|trace:97d33bd45a5fb0
emit:03b8a1d2f0c762	lexical-proto:51da4016e5ce31	heading_injection	sap — OE sæp	\index[iv]{03pgmc@\ivlangheader{Proto-Germanic}{}!sapon@\iventry{*sapōn}{}}	pgmc		*sapōn	sapon	source_protoform	lexical_proto	sap — OE sæp	1	lexical-proto:51da4016e5ce31
emit:61ff1976a1105f	heading:d7bde180566413	heading_injection	sea — OE sǣ	\index[iv]{02oe@\ivlangheader{Old English}{West Saxon normalization unmarked}!sae@\iventry{sǣ}{}}	oe		sǣ	sae	target_form	lexical_heading	sea — OE sǣ	1	heading:d7bde180566413
emit:897b1c4f2c3a6a	lexical-proto:5e1e65373f214c	heading_injection	sea — OE sǣ	\index[iv]{03pgmc@\ivlangheader{Proto-Germanic}{}!sai@\iventry{*sái}{}}	pgmc		*sái	sai	source_protoform	lexical_proto	sea — OE sǣ	1	lexical-proto:5e1e65373f214c
emit:fd338acbc72f77	lexical-protoform:0da4b3bf284ee7	heading_injection	sea — OE sǣ	\index[iv]{03pgmc@\ivlangheader{Proto-Germanic}{}!saiwiz@\iventry{*sáiwiz}{}}	pgmc		*sáiwiz	saiwiz	source_protoform	lexical_protoform	sea — OE sǣ	2	lexical-protoform:0da4b3bf284ee7|trace:59055e2714838c
emit:5324fd4255cdf4	heading:282da99e7b82d1	heading_injection	sheep — OE sċēap	\index[iv]{02oe@\ivlangheader{Old English}{West Saxon normalization unmarked}!sceap@\iventry{sċēap}{}}	oe		sċēap	sceap	target_form	lexical_heading	sheep — OE sċēap	1	heading:282da99e7b82d1
emit:14d9d0c1b7a355	lexical-protoform:e82e0ff95b7e30	heading_injection	sheep — OE sċēap	\index[iv]{03pgmc@\ivlangheader{Proto-Germanic}{}!skepa@\iventry{*skḗpą}{}}	pgmc		*skḗpą	skepa	source_protoform	lexical_protoform	sheep — OE sċēap	2	lexical-protoform:e82e0ff95b7e30|trace:63166e66f6da00
emit:5073eef67f4eb9	heading:49c80b8c801f73	heading_injection	shilling — OE sċilling	\index[iv]{02oe@\ivlangheader{Old English}{West Saxon normalization unmarked}!scilling@\iventry{sċilling}{}}	oe		sċilling	scilling	target_form	lexical_heading	shilling — OE sċilling	1	heading:49c80b8c801f73
emit:f93afcada1258d	lexical-protoform:150347b7ec103a	heading_injection	shilling — OE sċilling	\index[iv]{03pgmc@\ivlangheader{Proto-Germanic}{}!skillingaz@\iventry{*skíllingaz}{}}	pgmc		*skíllingaz	skillingaz	source_protoform	lexical_protoform	shilling — OE sċilling	2	lexical-protoform:150347b7ec103a|trace:42d08b93a5ebf9
emit:c00dc56287e363	heading:60ce212dc19642	heading_injection	shoulder — OE sċuldrum	\index[iv]{02oe@\ivlangheader{Old English}{West Saxon normalization unmarked}!sculdrum@\iventry{sċuldrum}{}}	oe		sċuldrum	sculdrum	target_form	lexical_heading	shoulder — OE sċuldrum	1	heading:60ce212dc19642
emit:49ba91181db771	lexical-protoform:2f4f017af078b8	heading_injection	shoulder — OE sċuldrum	\index[iv]{03pgmc@\ivlangheader{Proto-Germanic}{}!skuldramiz@\iventry{*skúldramiz}{}}	pgmc		*skúldramiz	skuldramiz	source_protoform	lexical_protoform	shoulder — OE sċuldrum	2	lexical-protoform:2f4f017af078b8|trace:5f082b1be4b6a4
emit:9830a22f169bf7	lexical-proto:61000e5044101e	heading_injection	shoulder — OE sċuldrum	\index[iv]{03pgmc@\ivlangheader{Proto-Germanic}{}!skuldro@\iventry{*skuldrō}{}}	pgmc		*skuldrō	skuldro	source_protoform	lexical_proto	shoulder — OE sċuldrum	1	lexical-proto:61000e5044101e
emit:7f9948db890032	heading:a3e0fc559a486a	heading_injection	shove — OE sċēaf	\index[iv]{02oe@\ivlangheader{Old English}{West Saxon normalization unmarked}!sceaf@\iventry{sċēaf}{}}	oe		sċēaf	sceaf	target_form	lexical_heading	shove — OE sċēaf	1	heading:a3e0fc559a486a
emit:c4c4709c6a545c	lexical-protoform:a4bbd780d5fb43	heading_injection	shove — OE sċēaf	\index[iv]{03pgmc@\ivlangheader{Proto-Germanic}{}!skaub@\iventry{*skáub}{}}	pgmc		*skáub	skaub	source_protoform	lexical_protoform	shove — OE sċēaf	2	lexical-protoform:a4bbd780d5fb43|trace:0b1064439f1340
emit:143e61d7b27803	lexical-proto:31ae7445eef320	heading_injection	shove — OE sċēaf	\index[iv]{03pgmc@\ivlangheader{Proto-Germanic}{}!skeubana@\iventry{*skéubaną}{}}	pgmc		*skéubaną	skeubana	source_protoform	lexical_proto	shove — OE sċēaf	1	lexical-proto:31ae7445eef320
emit:024db2857e1759	table-auto:545177f4c1ae4b	heading_injection	show (3sg) — OE sċēawaþ	\index[iv]{02oe@\ivlangheader{Old English}{West Saxon normalization unmarked}!sceawad@\iventry{sceawað}{}}	oe		sceawað	sceawad	comparison_form	table_semantic_auto	Germanic/docs/lexeme_reports/model_entries/2318-show-(3sg)-sċēawaþ.model.md:44	1	table-auto:545177f4c1ae4b
emit:b472b9d5545b78	heading:32848e98eaa477	heading_injection	show (3sg) — OE sċēawaþ	\index[iv]{02oe@\ivlangheader{Old English}{West Saxon normalization unmarked}!sceawath@\iventry{sċēawaþ}{}}	oe		sċēawaþ	sceawath	target_form	lexical_heading	show (3sg) — OE sċēawaþ	1	heading:32848e98eaa477
emit:b1afef949e1e88	lexical-proto:ee15f62daa3d3e	heading_injection	show (3sg) — OE sċēawaþ	\index[iv]{03pgmc@\ivlangheader{Proto-Germanic}{}!skawona@\iventry{*skawōną}{}}	pgmc		*skawōną	skawona	source_protoform	lexical_proto	show (3sg) — OE sċēawaþ	1	lexical-proto:ee15f62daa3d3e
emit:95280f65547bd0	lexical-protoform:5e3c5c8b6ebf18	heading_injection	show (3sg) — OE sċēawaþ	\index[iv]{03pgmc@\ivlangheader{Proto-Germanic}{}!skawothi@\iventry{*skáwōθi}{}}	pgmc		*skáwōθi	skawothi	source_protoform	lexical_protoform	show (3sg) — OE sċēawaþ	2	lexical-protoform:5e3c5c8b6ebf18|trace:dc32d9ff88d6c5
emit:13c185811c4054	heading:1161095d9502eb	heading_injection	show (iptv.2sg) — OE sċēawa	\index[iv]{02oe@\ivlangheader{Old English}{West Saxon normalization unmarked}!sceawa@\iventry{sċēawa}{}}	oe		sċēawa	sceawa	target_form	lexical_heading	show (iptv.2sg) — OE sċēawa	1	heading:1161095d9502eb
emit:a653a081aef270	override:998a50fc9db3fb	heading_injection	show (iptv.2sg) — OE sċēawa	\index[iv]{09ohg@\ivlangheader{Old High German}{}!scouwon@\iventry{scouwōn}{}}	ohg		scouwōn	scouwon	comparison_form	override	Germanic/docs/lexeme_reports/model_entries/2317-show-(iptv.2sg)-sċēawa.model.md:22	1	override:998a50fc9db3fb
emit:af52924c182761	override:71bf05d8abd8b5	heading_injection	show (iptv.2sg) — OE sċēawa	\index[iv]{10ofris@\ivlangheader{Old Frisian}{}!skawia@\iventry{skawia}{}}	ofris		skawia	skawia	comparison_form	override	Germanic/docs/lexeme_reports/model_entries/2317-show-(iptv.2sg)-sċēawa.model.md:22	1	override:71bf05d8abd8b5
emit:7acb9b79c38247	lexical-protoform:ec8502ecfce3f4	heading_injection	show (iptv.2sg) — OE sċēawa	\index[iv]{03pgmc@\ivlangheader{Proto-Germanic}{}!skawo@\iventry{*skáwô}{}}	pgmc		*skáwô	skawo	source_protoform	lexical_protoform	show (iptv.2sg) — OE sċēawa	2	lexical-protoform:ec8502ecfce3f4|trace:81f89f8c032f40
emit:b81e63b3a43d08	override:589c209dd8389b	heading_injection	show (iptv.2sg) — OE sċēawa	\index[iv]{12os@\ivlangheader{Old Saxon}{}!skawon@\iventry{skawōn}{}}	os		skawōn	skawon	comparison_form	override	Germanic/docs/lexeme_reports/model_entries/2317-show-(iptv.2sg)-sċēawa.model.md:22	1	override:589c209dd8389b
emit:b93681720d94c2	lexical-proto:5ddf55c08a53ec	heading_injection	show (iptv.2sg) — OE sċēawa	\index[iv]{03pgmc@\ivlangheader{Proto-Germanic}{}!skawona@\iventry{*skawōną}{}}	pgmc		*skawōną	skawona	source_protoform	lexical_proto	show (iptv.2sg) — OE sċēawa	1	lexical-proto:5ddf55c08a53ec
emit:0a5a5f62b41266	heading:674b64b75f358d	heading_injection	show — OE sċēawian	\index[iv]{02oe@\ivlangheader{Old English}{West Saxon normalization unmarked}!sceawian@\iventry{sċēawian}{}}	oe		sċēawian	sceawian	target_form	lexical_heading	show — OE sċēawian	1	heading:674b64b75f358d
emit:5b0429a1954dbe	lexical-protoform:6b68259d29e308	heading_injection	show — OE sċēawian	\index[iv]{03pgmc@\ivlangheader{Proto-Germanic}{}!skawojana@\iventry{*skáwōjaną}{}}	pgmc		*skáwōjaną	skawojana	source_protoform	lexical_protoform	show — OE sċēawian	2	lexical-protoform:6b68259d29e308|trace:ca3a4060c226fd
emit:9c6e07ad6efe37	lexical-proto:7e69a012825142	heading_injection	sieve — OE sife	\index[iv]{03pgmc@\ivlangheader{Proto-Germanic}{}!sibaz@\iventry{*síbaz}{}}	pgmc		*síbaz	sibaz	source_protoform	lexical_proto	sieve — OE sife	1	lexical-proto:7e69a012825142
emit:86eb5604c6cfb5	lexical-protoform:604bb114214a99	heading_injection	sieve — OE sife	\index[iv]{03pgmc@\ivlangheader{Proto-Germanic}{}!sibi@\iventry{*síbi}{}}	pgmc		*síbi	sibi	source_protoform	lexical_protoform	sieve — OE sife	2	lexical-protoform:604bb114214a99|trace:e61a2c98013f72
emit:6d4cb105ad23ab	table-auto:75b9e3aa161d1a	heading_injection	sieve — OE sife	\index[iv]{03pgmc@\ivlangheader{Proto-Germanic}{}!sibiz@\iventry{*sib-iz}{}}	pgmc		*sib-iz	sibiz	selected_input	table_semantic_auto	Germanic/docs/lexeme_reports/model_entries/2189-sieve-sife.model.md:55	1	table-auto:75b9e3aa161d1a
emit:c0c499fc16523d	heading:5dd44e40ae45a0	heading_injection	sieve — OE sife	\index[iv]{02oe@\ivlangheader{Old English}{West Saxon normalization unmarked}!sife@\iventry{sife}{}}	oe		sife	sife	target_form	lexical_heading	sieve — OE sife	1	heading:5dd44e40ae45a0
emit:d5394cc6200a15	broad-prose:076b4a34e75915	heading_injection	sieve — OE sife	\index[iv]{02oe@\ivlangheader{Old English}{West Saxon normalization unmarked}!spere@\iventry{spere}{}}	oe		spere	spere	evidence_form	broad_prose_decision	Germanic/docs/lexeme_reports/model_entries/2189-sieve-sife.model.md:22	1	broad-prose:076b4a34e75915
emit:162a5a40b89ba2	heading:0d63b3a0c5fd8d	heading_injection	sleep — OE slǣpan	\index[iv]{02oe@\ivlangheader{Old English}{West Saxon normalization unmarked}!slaepan@\iventry{slǣpan}{}}	oe		slǣpan	slaepan	target_form	lexical_heading	sleep — OE slǣpan	1	heading:0d63b3a0c5fd8d
emit:d2512fafe5e658	lexical-protoform:18f6199d417877	heading_injection	sleep — OE slǣpan	\index[iv]{03pgmc@\ivlangheader{Proto-Germanic}{}!slepana@\iventry{*slḗpaną}{}}	pgmc		*slḗpaną	slepana	source_protoform	lexical_protoform	sleep — OE slǣpan	2	lexical-protoform:18f6199d417877|trace:f948b21c28b95f
emit:00d9827d98733f	lexical-protoform:b6c8bdff937f0b	heading_injection	smear — OE smierwan	\index[iv]{03pgmc@\ivlangheader{Proto-Germanic}{}!smerwijana@\iventry{*smérwijaną}{}}	pgmc		*smérwijaną	smerwijana	source_protoform	lexical_protoform	smear — OE smierwan	2	lexical-protoform:b6c8bdff937f0b|trace:06425d023f4ca9
emit:f1f0448b724a57	heading:a7a04fe7e272b0	heading_injection	smear — OE smierwan	\index[iv]{02oe@\ivlangheader{Old English}{West Saxon normalization unmarked}!smierwan@\iventry{smierwan}{}}	oe		smierwan	smierwan	target_form	lexical_heading	smear — OE smierwan	1	heading:a7a04fe7e272b0
emit:b8c16da7abdf8e	heading:4c4eb86e8eedd5	heading_injection	span — OE spannan	\index[iv]{02oe@\ivlangheader{Old English}{West Saxon normalization unmarked}!spannan@\iventry{spannan}{}}	oe		spannan	spannan	target_form	lexical_heading	span — OE spannan	1	heading:4c4eb86e8eedd5
emit:7916f8285eb5ca	lexical-protoform:3dd1448b820de4	heading_injection	span — OE spannan	\index[iv]{03pgmc@\ivlangheader{Proto-Germanic}{}!spannana@\iventry{*spánnaną}{}}	pgmc		*spánnaną	spannana	source_protoform	lexical_protoform	span — OE spannan	2	lexical-protoform:3dd1448b820de4|trace:6cd853835640ee
emit:d3353707668573	lexical-protoform:143033292f72e1	heading_injection	span — OE spanne	\index[iv]{03pgmc@\ivlangheader{Proto-Germanic}{}!spannai@\iventry{*spánnai}{}}	pgmc		*spánnai	spannai	source_protoform	lexical_protoform	span — OE spanne	2	lexical-protoform:143033292f72e1|trace:3f72facd573886
emit:94213ee871e5aa	heading:6eae9c95aa1d17	heading_injection	span — OE spanne	\index[iv]{02oe@\ivlangheader{Old English}{West Saxon normalization unmarked}!spanne@\iventry{spanne}{}}	oe		spanne	spanne	target_form	lexical_heading	span — OE spanne	1	heading:6eae9c95aa1d17
emit:f61a13a7a0f230	lexical-proto:0be080844ac986	heading_injection	span — OE spanne	\index[iv]{03pgmc@\ivlangheader{Proto-Germanic}{}!spanno@\iventry{*spannō}{}}	pgmc		*spannō	spanno	source_protoform	lexical_proto	span — OE spanne	1	lexical-proto:0be080844ac986
emit:9ce8e682e41bb4	lexical-protoform:6640deea03dc84	heading_injection	spar — OE spearra	\index[iv]{03pgmc@\ivlangheader{Proto-Germanic}{}!sparro@\iventry{*spárrô}{}}	pgmc		*spárrô	sparro	source_protoform	lexical_protoform	spar — OE spearra	2	lexical-protoform:6640deea03dc84|trace:ed26e31d63df4c
emit:3c4dcdb3705e1e	heading:f086910b727e3c	heading_injection	spar — OE spearra	\index[iv]{02oe@\ivlangheader{Old English}{West Saxon normalization unmarked}!spearra@\iventry{spearra}{}}	oe		spearra	spearra	target_form	lexical_heading	spar — OE spearra	1	heading:f086910b727e3c
emit:a593f0e653c32a	lexical-proto:0187509cd56f4c	heading_injection	spare — OE sparian	\index[iv]{03pgmc@\ivlangheader{Proto-Germanic}{}!sparena@\iventry{*sparēną}{}}	pgmc		*sparēną	sparena	source_protoform	lexical_proto	spare — OE sparian	1	lexical-proto:0187509cd56f4c
emit:84911dcc09e05e	heading:e927288a8df0e9	heading_injection	spare — OE sparian	\index[iv]{02oe@\ivlangheader{Old English}{West Saxon normalization unmarked}!sparian@\iventry{sparian}{}}	oe		sparian	sparian	target_form	lexical_heading	spare — OE sparian	1	heading:e927288a8df0e9
emit:37a2d23ce1b5a1	lexical-protoform:90a8a6f3db2226	heading_injection	spare — OE sparian	\index[iv]{03pgmc@\ivlangheader{Proto-Germanic}{}!sparojana@\iventry{*spárōjaną}{}}	pgmc		*spárōjaną	sparojana	source_protoform	lexical_protoform	spare — OE sparian	2	lexical-protoform:90a8a6f3db2226|trace:b8eeebed446117
emit:71106e8b6d9aa5	lexical-protoform:e2cf07ccb437ba	heading_injection	staff — OE stæf	\index[iv]{03pgmc@\ivlangheader{Proto-Germanic}{}!stabaz@\iventry{*stábaz}{}}	pgmc		*stábaz	stabaz	source_protoform	lexical_protoform	staff — OE stæf	2	lexical-protoform:e2cf07ccb437ba|trace:f46d13a004f70a
emit:6f49652d8be3e4	lexical-proto:92bacf18bdda9f	heading_injection	staff — OE stæf	\index[iv]{03pgmc@\ivlangheader{Proto-Germanic}{}!stabiz@\iventry{*stábiz}{}}	pgmc		*stábiz	stabiz	source_protoform	lexical_proto	staff — OE stæf	1	lexical-proto:92bacf18bdda9f
emit:47db4573883eb5	heading:c7717ec09c3a06	heading_injection	staff — OE stæf	\index[iv]{02oe@\ivlangheader{Old English}{West Saxon normalization unmarked}!staef@\iventry{stæf}{}}	oe		stæf	staef	target_form	lexical_heading	staff — OE stæf	1	heading:c7717ec09c3a06
emit:cef700951b4591	lexical-proto:b7e59a0785db6a	heading_injection	stem — OE stefn	\index[iv]{03pgmc@\ivlangheader{Proto-Germanic}{}!stamnaz@\iventry{*stámnaz}{}}	pgmc		*stámnaz	stamnaz	source_protoform	lexical_proto	stem — OE stefn	1	lexical-proto:b7e59a0785db6a
emit:758d101595635e	lexical-protoform:9e567bcf4e9ef0	heading_injection	stem — OE stefn	\index[iv]{03pgmc@\ivlangheader{Proto-Germanic}{}!stamniz@\iventry{*stámniz}{}}	pgmc		*stámniz	stamniz	source_protoform	lexical_protoform	stem — OE stefn	2	lexical-protoform:9e567bcf4e9ef0|trace:feb88dca74a7e7
emit:3e2f172a1355ff	heading:0a246d649423e1	heading_injection	stem — OE stefn	\index[iv]{02oe@\ivlangheader{Old English}{West Saxon normalization unmarked}!stefn@\iventry{stefn}{}}	oe		stefn	stefn	target_form	lexical_heading	stem — OE stefn	1	heading:0a246d649423e1
emit:da528e8636c6f1	lexical-protoform:41abc9d187a190	heading_injection	still — OE stillan	\index[iv]{03pgmc@\ivlangheader{Proto-Germanic}{}!stellijana@\iventry{*stéllijaną}{}}	pgmc		*stéllijaną	stellijana	source_protoform	lexical_protoform	still — OE stillan	2	lexical-protoform:41abc9d187a190|trace:7af070e107ab02
emit:d033c75e1f5ec4	heading:e526ea7a6839d5	heading_injection	still — OE stillan	\index[iv]{02oe@\ivlangheader{Old English}{West Saxon normalization unmarked}!stillan@\iventry{stillan}{}}	oe		stillan	stillan	target_form	lexical_heading	still — OE stillan	1	heading:e526ea7a6839d5
emit:785f60e01ca803	broad-prose:cca31059172b27	heading_injection	still — OE stillan	\index[iv]{16german@\ivlangheader{German}{}!stillen@\iventry{stillen}{}}	german		stillen	stillen	comparison_form	broad_prose_decision	Germanic/docs/lexeme_reports/model_entries/2217-still-stillan.model.md:21	1	broad-prose:cca31059172b27
emit:d8b67204fb5385	lexical-protoform:412f1a508d9850	heading_injection	strew — OE *strīeġan	\index[iv]{03pgmc@\ivlangheader{Proto-Germanic}{}!strawjana@\iventry{*stráwjaną}{}}	pgmc		*stráwjaną	strawjana	source_protoform	lexical_protoform	strew — OE *strīeġan	2	lexical-protoform:412f1a508d9850|trace:94d31b08f07948
emit:f934374bbdf890	heading:976875df3766c6	heading_injection	strew — OE *strīeġan	\index[iv]{02oe@\ivlangheader{Old English}{West Saxon normalization unmarked}!striegan@\iventry{*strīeġan}{}}	oe		*strīeġan	striegan	target_form	lexical_heading	strew — OE *strīeġan	1	heading:976875df3766c6
emit:48ef83e003c388	lexical-protoform:2a8c982d94acc6	heading_injection	summer — OE sumer	\index[iv]{03pgmc@\ivlangheader{Proto-Germanic}{}!sumaraz@\iventry{*súmaraz}{}}	pgmc		*súmaraz	sumaraz	source_protoform	lexical_protoform	summer — OE sumer	2	lexical-protoform:2a8c982d94acc6|trace:22a31b0a420983
emit:a994f255e957b4	heading:f4a34a00e5ac27	heading_injection	summer — OE sumer	\index[iv]{02oe@\ivlangheader{Old English}{West Saxon normalization unmarked}!sumer@\iventry{sumer}{}}	oe		sumer	sumer	target_form	lexical_heading	summer — OE sumer	1	heading:f4a34a00e5ac27
emit:2e67312fdb913f	heading:e5f46c3ce90241	heading_injection	sunder — OE sundrian	\index[iv]{02oe@\ivlangheader{Old English}{West Saxon normalization unmarked}!sundrian@\iventry{sundrian}{}}	oe		sundrian	sundrian	target_form	lexical_heading	sunder — OE sundrian	1	heading:e5f46c3ce90241
emit:25030285be1fa3	lexical-protoform:16eb8c6cf40bd0	heading_injection	sunder — OE sundrian	\index[iv]{03pgmc@\ivlangheader{Proto-Germanic}{}!sundrojana@\iventry{*súndrōjaną}{}}	pgmc		*súndrōjaną	sundrojana	source_protoform	lexical_protoform	sunder — OE sundrian	2	lexical-protoform:16eb8c6cf40bd0|trace:360b1e26dcb073
emit:b76b9b523decd8	lexical-protoform:1c819fd6ad0d00	heading_injection	swallow — OE swealwe	\index[iv]{03pgmc@\ivlangheader{Proto-Germanic}{}!swalwon@\iventry{*swálwōn}{}}	pgmc		*swálwōn	swalwon	source_protoform	lexical_protoform	swallow — OE swealwe	2	lexical-protoform:1c819fd6ad0d00|trace:d56ea8c1466c7e
emit:cd034510b35edb	heading:0d0357e104e00a	heading_injection	swallow — OE swealwe	\index[iv]{02oe@\ivlangheader{Old English}{West Saxon normalization unmarked}!swealwe@\iventry{swealwe}{}}	oe		swealwe	swealwe	target_form	lexical_heading	swallow — OE swealwe	1	heading:0d0357e104e00a
emit:074209d0abcf1f	lexical-protoform:1da7ccd9996a30	heading_injection	swan — OE swanes	\index[iv]{03pgmc@\ivlangheader{Proto-Germanic}{}!swanas@\iventry{*swánas}{}}	pgmc		*swánas	swanas	source_protoform	lexical_protoform	swan — OE swanes	2	lexical-protoform:1da7ccd9996a30|trace:701dcf14e97f4c
emit:2c0e425b2cf79a	lexical-proto:ec082dd01bf236	heading_injection	swan — OE swanes	\index[iv]{03pgmc@\ivlangheader{Proto-Germanic}{}!swanaz@\iventry{*swánaz}{}}	pgmc		*swánaz	swanaz	source_protoform	lexical_proto	swan — OE swanes	1	lexical-proto:ec082dd01bf236
emit:626bf80d78ebda	heading:951fe94bff3fa9	heading_injection	swan — OE swanes	\index[iv]{02oe@\ivlangheader{Old English}{West Saxon normalization unmarked}!swanes@\iventry{swanes}{}}	oe		swanes	swanes	target_form	lexical_heading	swan — OE swanes	1	heading:951fe94bff3fa9
emit:7e9ef3eb946711	heading:d9a3f39af567f4	heading_injection	swine — OE swīn	\index[iv]{02oe@\ivlangheader{Old English}{West Saxon normalization unmarked}!swin@\iventry{swīn}{}}	oe		swīn	swin	target_form	lexical_heading	swine — OE swīn	1	heading:d9a3f39af567f4
emit:028eb5d84ebd40	lexical-proto:38da5f1c6d5584	heading_injection	swine — OE swīn	\index[iv]{03pgmc@\ivlangheader{Proto-Germanic}{}!swina@\iventry{*swī́ną}{}}	pgmc		*swī́ną	swina	source_protoform	lexical_proto	swine — OE swīn	3	lexical-proto:38da5f1c6d5584|lexical-protoform:b3101e5b75b903|trace:d3ef38d3369d09
emit:7eaf826af34338	heading:f968e4301ef78b	heading_injection	tap — OE tæppa	\index[iv]{02oe@\ivlangheader{Old English}{West Saxon normalization unmarked}!taeppa@\iventry{tæppa}{}}	oe		tæppa	taeppa	target_form	lexical_heading	tap — OE tæppa	1	heading:f968e4301ef78b
emit:329ae48ba10e9f	lexical-protoform:79a88d55210db8	heading_injection	tap — OE tæppa	\index[iv]{03pgmc@\ivlangheader{Proto-Germanic}{}!tappo@\iventry{*táppô}{}}	pgmc		*táppô	tappo	source_protoform	lexical_protoform	tap — OE tæppa	2	lexical-protoform:79a88d55210db8|trace:1d35008c8715c0
emit:8a1af161628c30	table-auto:ad7b971d749775	heading_injection	ten — OE tēon	\index[iv]{02oe@\ivlangheader{Old English}{West Saxon normalization unmarked}!teon@\iventry{tēon}{}}	oe		tēon	teon	target_form	table_semantic_auto	Germanic/docs/lexeme_reports/model_entries/2242-ten-tēon.model.md:49	2	heading:490651f7000f22|table-auto:ad7b971d749775
emit:397e11be6109c8	lexical-protoform:4b6e553fb44f42	heading_injection	ten — OE tēon	\index[iv]{03pgmc@\ivlangheader{Proto-Germanic}{}!texun@\iventry{*téxun}{}}	pgmc		*téxun	texun	source_protoform	lexical_protoform	ten — OE tēon	2	lexical-protoform:4b6e553fb44f42|trace:65ce26c2aeabde
emit:16a09e37cf5a78	broad-prose:d3bd6836c8a9a6	heading_injection	think — OE þenċan	\index[iv]{02oe@\ivlangheader{Old English}{West Saxon normalization unmarked}!hycgan@\iventry{hycgan}{}}	oe		hycgan	hycgan	comparison_form	broad_prose_decision	Germanic/docs/lexeme_reports/model_entries/2248-think-þenċan.model.md:33	1	broad-prose:d3bd6836c8a9a6
emit:03b3bd154c903a	lexical-protoform:ac3390c776f744	heading_injection	think — OE þenċan	\index[iv]{03pgmc@\ivlangheader{Proto-Germanic}{}!thankijana@\iventry{*θánkijaną}{}}	pgmc		*θánkijaną	thankijana	source_protoform	lexical_protoform	think — OE þenċan	2	lexical-protoform:ac3390c776f744|trace:be69d1b0d88fd2
emit:91fa6eed971f9f	heading:1901f8c0eaf484	heading_injection	think — OE þenċan	\index[iv]{02oe@\ivlangheader{Old English}{West Saxon normalization unmarked}!thencan@\iventry{þenċan}{}}	oe		þenċan	thencan	target_form	lexical_heading	think — OE þenċan	1	heading:1901f8c0eaf484
emit:6bf5fc695eb398	broad-prose:fd853591b58ec5	heading_injection	thistle — OE þistles	\index[iv]{02oe@\ivlangheader{Old English}{West Saxon normalization unmarked}!hrefn@\iventry{hrefn}{}}	oe		hrefn	hrefn	evidence_form	broad_prose_decision	Germanic/docs/lexeme_reports/model_entries/2250-thistle-þistles.model.md:36	1	broad-prose:fd853591b58ec5
emit:cb25e1fe2f1da9	lexical-proto:dadb95fd2fa571	heading_injection	thistle — OE þistles	\index[iv]{03pgmc@\ivlangheader{Proto-Germanic}{}!thestilaz@\iventry{*θéstilaz}{}}	pgmc		*θéstilaz	thestilaz	source_protoform	lexical_proto	thistle — OE þistles	1	lexical-proto:dadb95fd2fa571
emit:8d89d8ce9d7207	lexical-protoform:ac855146222966	heading_injection	thistle — OE þistles	\index[iv]{03pgmc@\ivlangheader{Proto-Germanic}{}!thistilas@\iventry{*θístilas}{}}	pgmc		*θístilas	thistilas	source_protoform	lexical_protoform	thistle — OE þistles	2	lexical-protoform:ac855146222966|trace:6b3ee758ef7c13
emit:707a7a6d76fb91	heading:4b200891a8c996	heading_injection	thistle — OE þistles	\index[iv]{02oe@\ivlangheader{Old English}{West Saxon normalization unmarked}!thistles@\iventry{þistles}{}}	oe		þistles	thistles	target_form	lexical_heading	thistle — OE þistles	1	heading:4b200891a8c996
emit:b47522cdd4d6a3	heading:725511f004dab1	heading_injection	thorn — OE þorn	\index[iv]{02oe@\ivlangheader{Old English}{West Saxon normalization unmarked}!thorn@\iventry{þorn}{}}	oe		þorn	thorn	target_form	lexical_heading	thorn — OE þorn	1	heading:725511f004dab1
emit:a7bd24cdb7b903	lexical-protoform:606158d580ffe6	heading_injection	thorn — OE þorn	\index[iv]{03pgmc@\ivlangheader{Proto-Germanic}{}!thurnaz@\iventry{*θúrnaz}{}}	pgmc		*θúrnaz	thurnaz	source_protoform	lexical_protoform	thorn — OE þorn	2	lexical-protoform:606158d580ffe6|trace:78477457de4dc8
emit:4d85a8c02e3095	override:715f73f874c689	heading_injection	thousand — OE þūsend	\index[iv]{02oe@\ivlangheader{Old English}{West Saxon normalization unmarked}!aerende@\iventry{ærende}{}}	oe		ærende	aerende	comparison_form	override	Germanic/docs/lexeme_reports/model_entries/2252-thousand-þūsend.model.md:47	2	override:715f73f874c689|override:992fc00b17d360
emit:7645c46fd17e18	heading:a3b912598ada08	heading_injection	thousand — OE þūsend	\index[iv]{02oe@\ivlangheader{Old English}{West Saxon normalization unmarked}!thusend@\iventry{þūsend}{}}	oe		þūsend	thusend	target_form	lexical_heading	thousand — OE þūsend	1	heading:a3b912598ada08
emit:721287768a21f3	lexical-protoform:b6c0788d249658	heading_injection	thousand — OE þūsend	\index[iv]{03pgmc@\ivlangheader{Proto-Germanic}{}!thusendi@\iventry{*θūs-èndi}{}}	pgmc		*θūs-èndi	thusendi	source_protoform	lexical_protoform	thousand — OE þūsend	1	lexical-protoform:b6c0788d249658
emit:55b94c72f6ecbb	trace:e9e39279f86e11	heading_injection	thousand — OE þūsend	\index[iv]{03pgmc@\ivlangheader{Proto-Germanic}{}!thusendi@\iventry{*θūsèndi}{}}	pgmc		*θūsèndi	thusendi	selected_input	trace_proto_input	thousand — OE þūsend	1	trace:e9e39279f86e11
emit:b859129e0ac8cc	lexical-proto:1b3410fbf87975	heading_injection	thousand — OE þūsend	\index[iv]{03pgmc@\ivlangheader{Proto-Germanic}{}!thusundi@\iventry{*θūs-undī}{}}	pgmc		*θūs-undī	thusundi	source_protoform	lexical_proto	thousand — OE þūsend	1	lexical-proto:1b3410fbf87975
emit:ef1804bc16b26b	lexical-protoform:f4f22a63b46380	heading_injection	three — OE þrīe	\index[iv]{03pgmc@\ivlangheader{Proto-Germanic}{}!threjez@\iventry{*θréjez}{}}	pgmc		*θréjez	threjez	source_protoform	lexical_protoform	three — OE þrīe	2	lexical-protoform:f4f22a63b46380|trace:27354e8ef07432
emit:9baadfc7373f99	heading:d0c9587fb04064	heading_injection	three — OE þrīe	\index[iv]{02oe@\ivlangheader{Old English}{West Saxon normalization unmarked}!thrie@\iventry{þrīe}{}}	oe		þrīe	thrie	target_form	lexical_heading	three — OE þrīe	1	heading:d0c9587fb04064
emit:99e64ce15c586e	heading:06f5095f53cca6	heading_injection	tide — OE tīd	\index[iv]{02oe@\ivlangheader{Old English}{West Saxon normalization unmarked}!tid@\iventry{tīd}{}}	oe		tīd	tid	target_form	lexical_heading	tide — OE tīd	1	heading:06f5095f53cca6
emit:ceb41f1ed2110f	broad-prose:701853028546c3	heading_injection	tide — OE tīd	\index[iv]{02oe@\ivlangheader{Old English}{West Saxon normalization unmarked}!tidan@\iventry{tīdan}{}}	oe		tīdan	tidan	comparison_form	broad_prose_decision	Germanic/docs/lexeme_reports/model_entries/2257-tide-tīd.model.md:33	1	broad-prose:701853028546c3
emit:58f0372eeab4b4	lexical-proto:436ca872641f47	heading_injection	tide — OE tīd	\index[iv]{03pgmc@\ivlangheader{Proto-Germanic}{}!tidiz@\iventry{*tī́diz}{}}	pgmc		*tī́diz	tidiz	source_protoform	lexical_proto	tide — OE tīd	3	lexical-proto:436ca872641f47|lexical-protoform:080a57061721a2|trace:581f0c52da32cc
emit:cf317f90be9bfa	heading:54768e6a4b42f5	heading_injection	timber — OE timber	\index[iv]{02oe@\ivlangheader{Old English}{West Saxon normalization unmarked}!timber@\iventry{timber}{}}	oe		timber	timber	target_form	lexical_heading	timber — OE timber	1	heading:54768e6a4b42f5
emit:ffde64bd08c4b3	lexical-protoform:389cc6e3aa02e8	heading_injection	timber — OE timber	\index[iv]{03pgmc@\ivlangheader{Proto-Germanic}{}!timbra@\iventry{*tímbrą}{}}	pgmc		*tímbrą	timbra	source_protoform	lexical_protoform	timber — OE timber	2	lexical-protoform:389cc6e3aa02e8|trace:3678df588b9b6b
emit:b455a55639482b	lexical-proto:5f216cdcb6a171	heading_injection	timber — OE timber	\index[iv]{03pgmc@\ivlangheader{Proto-Germanic}{}!timra@\iventry{*tímrą}{}}	pgmc		*tímrą	timra	source_protoform	lexical_proto	timber — OE timber	1	lexical-proto:5f216cdcb6a171
emit:b8a59b08156cc3	heading:5ac8e10fcc7771	heading_injection	token — OE tācn	\index[iv]{02oe@\ivlangheader{Old English}{West Saxon normalization unmarked}!tacn@\iventry{tācn}{}}	oe		tācn	tacn	target_form	lexical_heading	token — OE tācn	1	heading:5ac8e10fcc7771
emit:428ad2174da05f	lexical-protoform:01202ffdfac74e	heading_injection	token — OE tācn	\index[iv]{03pgmc@\ivlangheader{Proto-Germanic}{}!taikna@\iventry{*táikną}{}}	pgmc		*táikną	taikna	source_protoform	lexical_protoform	token — OE tācn	2	lexical-protoform:01202ffdfac74e|trace:dae432db7586b8
emit:d655964e40c43a	heading:8e2ba95afbeeae	heading_injection	town — OE tūn	\index[iv]{02oe@\ivlangheader{Old English}{West Saxon normalization unmarked}!tun@\iventry{tūn}{}}	oe		tūn	tun	target_form	lexical_heading	town — OE tūn	1	heading:8e2ba95afbeeae
emit:808d631480ab74	lexical-protoform:16af0c4c4055a5	heading_injection	town — OE tūn	\index[iv]{03pgmc@\ivlangheader{Proto-Germanic}{}!tuna@\iventry{*tūną}{}}	pgmc		*tūną	tuna	source_protoform	lexical_protoform	town — OE tūn	2	lexical-protoform:16af0c4c4055a5|trace:50e0a21117dd2b
emit:bb3e9da01f408b	heading:fc0887ad2e01cf	heading_injection	wade — OE wadan	\index[iv]{02oe@\ivlangheader{Old English}{West Saxon normalization unmarked}!wadan@\iventry{wadan}{}}	oe		wadan	wadan	target_form	lexical_heading	wade — OE wadan	1	heading:fc0887ad2e01cf
emit:edc5c94826b19c	lexical-protoform:e4da0c1622827b	heading_injection	wade — OE wadan	\index[iv]{03pgmc@\ivlangheader{Proto-Germanic}{}!wadana@\iventry{*wádaną}{}}	pgmc		*wádaną	wadana	source_protoform	lexical_protoform	wade — OE wadan	2	lexical-protoform:e4da0c1622827b|trace:fd5668ab41a299
emit:0cb15f525d2cdb	heading:a17e9a17ec84d5	heading_injection	wake — OE wacan	\index[iv]{02oe@\ivlangheader{Old English}{West Saxon normalization unmarked}!wacan@\iventry{wacan}{}}	oe		wacan	wacan	target_form	lexical_heading	wake — OE wacan	1	heading:a17e9a17ec84d5
emit:e865e6b2da6f63	lexical-protoform:e29d32aa05a231	heading_injection	wake — OE wacan	\index[iv]{03pgmc@\ivlangheader{Proto-Germanic}{}!wakana@\iventry{*wákaną}{}}	pgmc		*wákaną	wakana	source_protoform	lexical_protoform	wake — OE wacan	2	lexical-protoform:e29d32aa05a231|trace:790a7e1d7e0709
emit:bb981fcff4779b	lexical-proto:6dff8fda3ae706	heading_injection	wake — OE wacan	\index[iv]{03pgmc@\ivlangheader{Proto-Germanic}{}!wakena@\iventry{*wakēną}{}}	pgmc		*wakēną	wakena	source_protoform	lexical_proto	wake — OE wacan	1	lexical-proto:6dff8fda3ae706
emit:fba4ee5f212e78	heading:87073cbf395d4f	heading_injection	warp — OE weorpan	\index[iv]{02oe@\ivlangheader{Old English}{West Saxon normalization unmarked}!weorpan@\iventry{weorpan}{}}	oe		weorpan	weorpan	target_form	lexical_heading	warp — OE weorpan	1	heading:87073cbf395d4f
emit:bc7222198ef402	lexical-protoform:b04fc57dd5c691	heading_injection	warp — OE weorpan	\index[iv]{03pgmc@\ivlangheader{Proto-Germanic}{}!werpana@\iventry{*wérpaną}{}}	pgmc		*wérpaną	werpana	source_protoform	lexical_protoform	warp — OE weorpan	2	lexical-protoform:b04fc57dd5c691|trace:66b30a787dc43b
emit:5fbb2702a06f5b	heading:e6ec64f3cb4736	heading_injection	wash — OE wascan	\index[iv]{02oe@\ivlangheader{Old English}{West Saxon normalization unmarked}!wascan@\iventry{wascan}{}}	oe		wascan	wascan	target_form	lexical_heading	wash — OE wascan	1	heading:e6ec64f3cb4736
emit:85b5dc8755204a	lexical-protoform:328444bd9c776c	heading_injection	wash — OE wascan	\index[iv]{03pgmc@\ivlangheader{Proto-Germanic}{}!waskana@\iventry{*wáskaną}{}}	pgmc		*wáskaną	waskana	source_protoform	lexical_protoform	wash — OE wascan	2	lexical-protoform:328444bd9c776c|trace:15b5332c31e493
emit:bf7d9c61dd7cd2	lexical-protoform:701c0278b21d79	heading_injection	wasp — OE wæfs	\index[iv]{03pgmc@\ivlangheader{Proto-Germanic}{}!wabsaz@\iventry{*wábsaz}{}}	pgmc		*wábsaz	wabsaz	source_protoform	lexical_protoform	wasp — OE wæfs	2	lexical-protoform:701c0278b21d79|trace:01037fd3de4487
emit:d5d9ca9d1af9cb	heading:1d83415fd31812	heading_injection	wasp — OE wæfs	\index[iv]{02oe@\ivlangheader{Old English}{West Saxon normalization unmarked}!waefs@\iventry{wæfs}{}}	oe		wæfs	waefs	target_form	lexical_heading	wasp — OE wæfs	1	heading:1d83415fd31812
emit:bf698656c7f103	heading:62f1e213e4f99b	heading_injection	water — OE wæter	\index[iv]{02oe@\ivlangheader{Old English}{West Saxon normalization unmarked}!waeter@\iventry{wæter}{}}	oe		wæter	waeter	target_form	lexical_heading	water — OE wæter	1	heading:62f1e213e4f99b
emit:03c471448ab9bd	lexical-proto:777ea57e33d9c1	heading_injection	water — OE wæter	\index[iv]{03pgmc@\ivlangheader{Proto-Germanic}{}!watna@\iventry{*wátną}{}}	pgmc		*wátną	watna	source_protoform	lexical_proto	water — OE wæter	1	lexical-proto:777ea57e33d9c1
emit:a3f413e078d0e8	lexical-protoform:d37b032d8603ea	heading_injection	water — OE wæter	\index[iv]{03pgmc@\ivlangheader{Proto-Germanic}{}!wator@\iventry{*wátōr}{}}	pgmc		*wátōr	wator	source_protoform	lexical_protoform	water — OE wæter	2	lexical-protoform:d37b032d8603ea|trace:18923b30bc35c1
emit:6fa4fc896812a1	lexical-protoform:ed60dacab3a0f8	heading_injection	wax — OE weaxan	\index[iv]{03pgmc@\ivlangheader{Proto-Germanic}{}!waxsana@\iventry{*wáxsaną}{}}	pgmc		*wáxsaną	waxsana	source_protoform	lexical_protoform	wax — OE weaxan	2	lexical-protoform:ed60dacab3a0f8|trace:0b2efeaac944c7
emit:9738115dd04b80	heading:9d404a0de1171f	heading_injection	wax — OE weaxan	\index[iv]{02oe@\ivlangheader{Old English}{West Saxon normalization unmarked}!weaxan@\iventry{weaxan}{}}	oe		weaxan	weaxan	target_form	lexical_heading	wax — OE weaxan	1	heading:9d404a0de1171f
emit:f4fb84b16a578d	heading:4ae87724dd6373	heading_injection	way — OE weġ	\index[iv]{02oe@\ivlangheader{Old English}{West Saxon normalization unmarked}!weg@\iventry{weġ}{}}	oe		weġ	weg	target_form	lexical_heading	way — OE weġ	1	heading:4ae87724dd6373
emit:b7674ef71092bf	lexical-protoform:73414eeb19bbbf	heading_injection	way — OE weġ	\index[iv]{03pgmc@\ivlangheader{Proto-Germanic}{}!wegaz@\iventry{*wégaz}{}}	pgmc		*wégaz	wegaz	source_protoform	lexical_protoform	way — OE weġ	2	lexical-protoform:73414eeb19bbbf|trace:ddd022808ac2d8
emit:9816a24c97e03f	heading:ac4618d9063f32	heading_injection	weapon — OE wǣpn	\index[iv]{02oe@\ivlangheader{Old English}{West Saxon normalization unmarked}!waepn@\iventry{wǣpn}{}}	oe		wǣpn	waepn	target_form	lexical_heading	weapon — OE wǣpn	1	heading:ac4618d9063f32
emit:44f1837aa39de3	lexical-protoform:29bbe004134330	heading_injection	weapon — OE wǣpn	\index[iv]{03pgmc@\ivlangheader{Proto-Germanic}{}!wepna@\iventry{*wḗpną}{}}	pgmc		*wḗpną	wepna	source_protoform	lexical_protoform	weapon — OE wǣpn	2	lexical-protoform:29bbe004134330|trace:80911d40af6dc1
emit:4ee917663c661b	heading:15f4653560aa81	heading_injection	whale — OE hwæl	\index[iv]{02oe@\ivlangheader{Old English}{West Saxon normalization unmarked}!hwael@\iventry{hwæl}{}}	oe		hwæl	hwael	target_form	lexical_heading	whale — OE hwæl	1	heading:15f4653560aa81
emit:09e0fc6079be80	lexical-proto:7d07f425af5ceb	heading_injection	whale — OE hwæl	\index[iv]{03pgmc@\ivlangheader{Proto-Germanic}{}!walaz@\iventry{*wálaz}{}}	pgmc		*wálaz	walaz	source_protoform	lexical_proto	whale — OE hwæl	1	lexical-proto:7d07f425af5ceb
emit:b772ecd38a6bc4	lexical-protoform:ecc5baa40e7a47	heading_injection	whale — OE hwæl	\index[iv]{03pgmc@\ivlangheader{Proto-Germanic}{}!xwalaz@\iventry{*xwálaz}{}}	pgmc		*xwálaz	xwalaz	source_protoform	lexical_protoform	whale — OE hwæl	2	lexical-protoform:ecc5baa40e7a47|trace:f3d1044716c94d
emit:bf4a174be8bc59	heading:50166eb71da9e4	heading_injection	whine — OE hwīnan	\index[iv]{02oe@\ivlangheader{Old English}{West Saxon normalization unmarked}!hwinan@\iventry{hwīnan}{}}	oe		hwīnan	hwinan	target_form	lexical_heading	whine — OE hwīnan	1	heading:50166eb71da9e4
emit:d533c18c610259	lexical-proto:5f8784fb530c0f	heading_injection	whine — OE hwīnan	\index[iv]{03pgmc@\ivlangheader{Proto-Germanic}{}!wainojana@\iventry{*wainōjaną}{}}	pgmc		*wainōjaną	wainojana	source_protoform	lexical_proto	whine — OE hwīnan	1	lexical-proto:5f8784fb530c0f
emit:4a55c2036cb7b7	lexical-protoform:18c8a9799229f7	heading_injection	whine — OE hwīnan	\index[iv]{03pgmc@\ivlangheader{Proto-Germanic}{}!xwinana@\iventry{*xwī́naną}{}}	pgmc		*xwī́naną	xwinana	source_protoform	lexical_protoform	whine — OE hwīnan	2	lexical-protoform:18c8a9799229f7|trace:72dd914d7f500b
emit:fc478134010119	lexical-protoform:2264691f997107	heading_injection	will — OE willa	\index[iv]{03pgmc@\ivlangheader{Proto-Germanic}{}!weljo@\iventry{*wéljô}{}}	pgmc		*wéljô	weljo	source_protoform	lexical_protoform	will — OE willa	2	lexical-protoform:2264691f997107|trace:ef56e3e46e321c
emit:15204926b625b7	heading:aaff9f8d7dcca7	heading_injection	will — OE willa	\index[iv]{02oe@\ivlangheader{Old English}{West Saxon normalization unmarked}!willa@\iventry{willa}{}}	oe		willa	willa	target_form	lexical_heading	will — OE willa	1	heading:aaff9f8d7dcca7
emit:43d4209b78900f	heading:96ecf29b45c584	heading_injection	wind — OE windan	\index[iv]{02oe@\ivlangheader{Old English}{West Saxon normalization unmarked}!windan@\iventry{windan}{}}	oe		windan	windan	target_form	lexical_heading	wind — OE windan	1	heading:96ecf29b45c584
emit:febafe510515ec	lexical-protoform:6cc82008b737bd	heading_injection	wind — OE windan	\index[iv]{03pgmc@\ivlangheader{Proto-Germanic}{}!windana@\iventry{*wíndaną}{}}	pgmc		*wíndaną	windana	source_protoform	lexical_protoform	wind — OE windan	2	lexical-protoform:6cc82008b737bd|trace:1b850e227b9ea5
emit:bcc78d663ff3d6	broad-prose:aaa9cb7e640d4c	heading_injection	withy — OE wīþiġ	\index[iv]{02oe@\ivlangheader{Old English}{West Saxon normalization unmarked}!hunig@\iventry{hunig}{}}	oe		hunig	hunig	evidence_form	broad_prose_decision	Germanic/docs/lexeme_reports/model_entries/2296-withy-wīþiġ.model.md:27	1	broad-prose:aaa9cb7e640d4c
emit:d3e297d7e7c1da	lexical-proto:b0ee205901edc7	heading_injection	withy — OE wīþiġ	\index[iv]{03pgmc@\ivlangheader{Proto-Germanic}{}!waithiz@\iventry{*wáiθiz}{}}	pgmc		*wáiθiz	waithiz	source_protoform	lexical_proto	withy — OE wīþiġ	1	lexical-proto:b0ee205901edc7
emit:d99cfb7a79cfa2	lexical-protoform:d7c1e59728797a	heading_injection	withy — OE wīþiġ	\index[iv]{03pgmc@\ivlangheader{Proto-Germanic}{}!withaga@\iventry{*wī́θagą}{}}	pgmc		*wī́θagą	withaga	source_protoform	lexical_protoform	withy — OE wīþiġ	2	lexical-protoform:d7c1e59728797a|trace:1ac625ae36d283
emit:965acf1567fecb	heading:69c83a81065cc8	heading_injection	withy — OE wīþiġ	\index[iv]{02oe@\ivlangheader{Old English}{West Saxon normalization unmarked}!withig@\iventry{wīþiġ}{}}	oe		wīþiġ	withig	target_form	lexical_heading	withy — OE wīþiġ	1	heading:69c83a81065cc8
emit:c87aedf2e136ab	lexical-protoform:1bcbf45cee03dc	heading_injection	wold — OE weald	\index[iv]{03pgmc@\ivlangheader{Proto-Germanic}{}!walthuz@\iventry{*wálθuz}{}}	pgmc		*wálθuz	walthuz	source_protoform	lexical_protoform	wold — OE weald	2	lexical-protoform:1bcbf45cee03dc|trace:9e23037d4a02ca
emit:57cc6bc2913d0b	heading:f8aa21c1ff6424	heading_injection	wold — OE weald	\index[iv]{02oe@\ivlangheader{Old English}{West Saxon normalization unmarked}!weald@\iventry{weald}{}}	oe		weald	weald	target_form	lexical_heading	wold — OE weald	1	heading:f8aa21c1ff6424
emit:61fdc22455f61e	broad-prose:79752fc2a3a681	heading_injection	wolf — OE wulf	\index[iv]{02oe@\ivlangheader{Old English}{West Saxon normalization unmarked}!bolt@\iventry{bolt}{}}	oe		bolt	bolt	evidence_form	broad_prose_decision	Germanic/docs/lexeme_reports/model_entries/2298-wolf-wulf.model.md:30	1	broad-prose:79752fc2a3a681
emit:e59cbf6405540c	broad-prose:251eaeb2aa4d65	heading_injection	wolf — OE wulf	\index[iv]{09ohg@\ivlangheader{Old High German}{}!wolf@\iventry{wolf}{}}	ohg		wolf	wolf	comparison_form	broad_prose_decision	Germanic/docs/lexeme_reports/model_entries/2298-wolf-wulf.model.md:23	1	broad-prose:251eaeb2aa4d65
emit:4a790e6ace095e	heading:5d6330760caaf8	heading_injection	wolf — OE wulf	\index[iv]{02oe@\ivlangheader{Old English}{West Saxon normalization unmarked}!wulf@\iventry{wulf}{}}	oe		wulf	wulf	target_form	lexical_heading	wolf — OE wulf	1	heading:5d6330760caaf8
emit:f50ff17489f04b	lexical-protoform:dced723f5d87c5	heading_injection	wolf — OE wulf	\index[iv]{03pgmc@\ivlangheader{Proto-Germanic}{}!wulfaz@\iventry{*wúlfaz}{}}	pgmc		*wúlfaz	wulfaz	source_protoform	lexical_protoform	wolf — OE wulf	2	lexical-protoform:dced723f5d87c5|trace:0230a68cf55a0c
emit:693d1c16712b26	broad-prose:2435619d6eb9aa	heading_injection	wool — OE wull	\index[iv]{02oe@\ivlangheader{Old English}{West Saxon normalization unmarked}!full@\iventry{full}{}}	oe		full	full	evidence_form	broad_prose_decision	Germanic/docs/lexeme_reports/model_entries/2300-wool-wull.model.md:24	1	broad-prose:2435619d6eb9aa
emit:ab4cc0799e82e3	heading:2c885b07c24f99	heading_injection	wool — OE wull	\index[iv]{02oe@\ivlangheader{Old English}{West Saxon normalization unmarked}!wull@\iventry{wull}{}}	oe		wull	wull	target_form	lexical_heading	wool — OE wull	1	heading:2c885b07c24f99
emit:aa145bd557361f	lexical-protoform:bd293dee2dc01f	heading_injection	wool — OE wull	\index[iv]{03pgmc@\ivlangheader{Proto-Germanic}{}!wullo@\iventry{*wúllō}{}}	pgmc		*wúllō	wullo	source_protoform	lexical_protoform	wool — OE wull	2	lexical-protoform:bd293dee2dc01f|trace:60ba6c6371ce46
emit:ab5db056e0e703	heading:a1a7df1f0f855b	heading_injection	world — OE weorold	\index[iv]{02oe@\ivlangheader{Old English}{West Saxon normalization unmarked}!weorold@\iventry{weorold}{}}	oe		weorold	weorold	target_form	lexical_heading	world — OE weorold	1	heading:a1a7df1f0f855b
emit:06324ce1a19e9c	lexical-proto:618aa4cf9506f9	heading_injection	world — OE weorold	\index[iv]{03pgmc@\ivlangheader{Proto-Germanic}{}!wiraaldiz@\iventry{*wíra-àldiz}{}}	pgmc		*wíra-àldiz	wiraaldiz	source_protoform	lexical_proto	world — OE weorold	1	lexical-proto:618aa4cf9506f9
emit:1f1421639891c2	lexical-protoform:28aa5d927e0616	heading_injection	world — OE weorold	\index[iv]{03pgmc@\ivlangheader{Proto-Germanic}{}!wiraldu@\iventry{*wír-àldu}{}}	pgmc		*wír-àldu	wiraldu	source_protoform	lexical_protoform	world — OE weorold	1	lexical-protoform:28aa5d927e0616
emit:e89843d97f636d	trace:1ee2eadc562326	heading_injection	world — OE weorold	\index[iv]{03pgmc@\ivlangheader{Proto-Germanic}{}!wiraldu@\iventry{*wíràldu}{}}	pgmc		*wíràldu	wiraldu	selected_input	trace_proto_input	world — OE weorold	1	trace:1ee2eadc562326
emit:05794f07a294c5	lexical-protoform:9d197988807001	heading_injection	yarn — OE ġearn	\index[iv]{03pgmc@\ivlangheader{Proto-Germanic}{}!garna@\iventry{*gárną}{}}	pgmc		*gárną	garna	source_protoform	lexical_protoform	yarn — OE ġearn	2	lexical-protoform:9d197988807001|trace:6d23d2d0258c48
emit:ffff1dab991d58	heading:1f65d83d005ee2	heading_injection	yarn — OE ġearn	\index[iv]{02oe@\ivlangheader{Old English}{West Saxon normalization unmarked}!gearn@\iventry{ġearn}{}}	oe		ġearn	gearn	target_form	lexical_heading	yarn — OE ġearn	1	heading:1f65d83d005ee2
emit:3d8c7075f80b0b	heading:47639502fed82d	heading_injection	youth — OE ġeoguþ	\index[iv]{02oe@\ivlangheader{Old English}{West Saxon normalization unmarked}!geoguth@\iventry{ġeoguþ}{}}	oe		ġeoguþ	geoguth	target_form	lexical_heading	youth — OE ġeoguþ	1	heading:47639502fed82d
emit:4bfda3e8e3a36d	lexical-protoform:146a8f1725f37f	heading_injection	youth — OE ġeoguþ	\index[iv]{03pgmc@\ivlangheader{Proto-Germanic}{}!jugunth@\iventry{*júgunθ}{}}	pgmc		*júgunθ	jugunth	source_protoform	lexical_protoform	youth — OE ġeoguþ	2	lexical-protoform:146a8f1725f37f|trace:377fdabb5b0c23
emit:0accbb39a2c6ea	lexical-proto:880f932f8f0ce2	heading_injection	youth — OE ġeoguþ	\index[iv]{03pgmc@\ivlangheader{Proto-Germanic}{}!jugunthiz@\iventry{*júgunθiz}{}}	pgmc		*júgunθiz	jugunthiz	source_protoform	lexical_proto	youth — OE ġeoguþ	1	lexical-proto:880f932f8f0ce2
