language	form_role	sort_key	occurrence_id	variety
oe	comparison_form	aerende	Germanic/docs/lexeme_reports/model_entries/2252-thousand-þūsend.model.md:49:1	
oe	comparison_form	asceaf	Germanic/docs/lexeme_reports/model_entries/2184-shove-sċēaf.model.md:32:2	
oe	comparison_form	ba	Germanic/docs/lexeme_reports/model_entries/1958-both-bū.model.md:22:2	
oe	comparison_form	ba	Germanic/docs/lexeme_reports/model_entries/1958-both-bū.model.md:37:2	
oe	comparison_form	ba	Germanic/docs/lexeme_reports/model_entries/1958-both-bū.model.md:68:1	
oe	evidence_form	bacan	Germanic/docs/lexeme_reports/model_entries/1934-bake-bacan.model.md:21:2	
oe	evidence_form	bacan	Germanic/docs/lexeme_reports/model_entries/1934-bake-bacan.model.md:21:3	
oe	evidence_form	bacan	Germanic/docs/lexeme_reports/model_entries/1934-bake-bacan.model.md:21:5	
oe	evidence_form	bacan	Germanic/docs/lexeme_reports/model_entries/1934-bake-bacan.model.md:25:1	
oe	evidence_form	bacan	Germanic/docs/lexeme_reports/model_entries/1934-bake-bacan.model.md:29:2	
oe	evidence_form	bacan	Germanic/docs/lexeme_reports/model_entries/1934-bake-bacan.model.md:29:4	
oe	comparison_form	baem	Germanic/docs/lexeme_reports/model_entries/1958-both-bū.model.md:40:1	
oe	evidence_form	baer	Germanic/docs/lexeme_reports/model_entries/1949-bier-bǣr.model.md:21:3	
oe	evidence_form	baer	Germanic/docs/lexeme_reports/model_entries/1949-bier-bǣr.model.md:25:1	
oe	evidence_form	baer	Germanic/docs/lexeme_reports/model_entries/1949-bier-bǣr.model.md:29:1	
oe	evidence_form	baer	Germanic/docs/lexeme_reports/model_entries/1949-bier-bǣr.model.md:25:3	
oe	evidence_form	baer	Germanic/docs/lexeme_reports/model_entries/1949-bier-bǣr.model.md:29:3	
oe	evidence_form	baer	Germanic/docs/lexeme_reports/model_entries/1949-bier-bǣr.model.md:33:2	
oe	comparison_form	ban	Germanic/docs/lexeme_reports/model_entries/1936-ban-bannes.model.md:42:1	
oe	evidence_form	ban	Germanic/docs/lexeme_reports/model_entries/1954-bone-bān.model.md:21:3	
oe	evidence_form	ban	Germanic/docs/lexeme_reports/model_entries/1954-bone-bān.model.md:25:1	
oe	evidence_form	ban	Germanic/docs/lexeme_reports/model_entries/1954-bone-bān.model.md:25:2	
oe	evidence_form	ban	Germanic/docs/lexeme_reports/model_entries/1954-bone-bān.model.md:33:1	
oe	evidence_form	bane	Germanic/docs/lexeme_reports/model_entries/1954-bone-bān.model.md:25:3	
oe	target_form	bannes	Germanic/docs/lexeme_reports/model_entries/1936-ban-bannes.model.md:34:1	
oe	target_form	bannes	Germanic/docs/lexeme_reports/model_entries/1936-ban-bannes.model.md:41:1	
oe	target_form	bannes	Germanic/docs/lexeme_reports/model_entries/1936-ban-bannes.model.md:53:2	
oe	evidence_form	bar	Germanic/docs/lexeme_reports/model_entries/1949-bier-bǣr.model.md:21:2	
oe	evidence_form	bar	Germanic/docs/lexeme_reports/model_entries/1949-bier-bǣr.model.md:25:2	
oe	evidence_form	bar	Germanic/docs/lexeme_reports/model_entries/1949-bier-bǣr.model.md:29:2	
oe	evidence_form	beag	Germanic/docs/lexeme_reports/model_entries/1962-bow-bēag.model.md:30:1	
oe	evidence_form	beag	Germanic/docs/lexeme_reports/model_entries/1962-bow-bēag.model.md:36:1	
oe	evidence_form	beag	Germanic/docs/lexeme_reports/model_entries/1962-bow-bēag.model.md:42:1	
oe	evidence_form	beag	Germanic/docs/lexeme_reports/model_entries/1962-bow-bēag.model.md:48:1	
oe	evidence_form	beag	Germanic/docs/lexeme_reports/model_entries/1962-bow-bēag.model.md:65:2	
oe	evidence_form	beag	Germanic/docs/lexeme_reports/model_entries/1962-bow-bēag.model.md:65:3	
oe	evidence_form	beag	Germanic/docs/lexeme_reports/model_entries/1962-bow-bēag.model.md:69:1	
oe	evidence_form	bece	Germanic/docs/lexeme_reports/model_entries/1942-beech-bōc.model.md:21:1	
oe	evidence_form	bece	Germanic/docs/lexeme_reports/model_entries/1942-beech-bōc.model.md:25:1	
oe	evidence_form	bece	Germanic/docs/lexeme_reports/model_entries/1942-beech-bōc.model.md:25:2	
oe	comparison_form	begen	Germanic/docs/lexeme_reports/model_entries/1958-both-bū.model.md:22:1	
oe	comparison_form	begen	Germanic/docs/lexeme_reports/model_entries/1958-both-bū.model.md:26:1	
oe	comparison_form	begen	Germanic/docs/lexeme_reports/model_entries/1958-both-bū.model.md:30:1	
oe	comparison_form	begen	Germanic/docs/lexeme_reports/model_entries/1958-both-bū.model.md:37:1	
oe	comparison_form	begen	Germanic/docs/lexeme_reports/model_entries/1958-both-bū.model.md:39:1	
oe	comparison_form	begen	Germanic/docs/lexeme_reports/model_entries/1958-both-bū.model.md:44:1	
oe	comparison_form	begen	Germanic/docs/lexeme_reports/model_entries/1958-both-bū.model.md:67:1	
oe	evidence_form	beginnan	Germanic/docs/lexeme_reports/model_entries/1943-begin-beġinnan.model.md:25:1	
oe	evidence_form	beginnan	Germanic/docs/lexeme_reports/model_entries/1943-begin-beġinnan.model.md:25:2	
oe	evidence_form	beginnan	Germanic/docs/lexeme_reports/model_entries/1943-begin-beġinnan.model.md:25:3	
oe	evidence_form	beginnan	Germanic/docs/lexeme_reports/model_entries/1943-begin-beġinnan.model.md:33:2	
oe	comparison_form	berge	Germanic/docs/lexeme_reports/model_entries/1946-berry-berġes.model.md:51:4	
oe	target_form	berges	Germanic/docs/lexeme_reports/model_entries/1946-berry-berġes.model.md:33:1	
oe	target_form	berges	Germanic/docs/lexeme_reports/model_entries/1946-berry-berġes.model.md:40:2	
oe	target_form	berges	Germanic/docs/lexeme_reports/model_entries/1946-berry-berġes.model.md:52:2	
oe	comparison_form	berige	Germanic/docs/lexeme_reports/model_entries/1946-berry-berġes.model.md:31:1	
oe	comparison_form	berige	Germanic/docs/lexeme_reports/model_entries/1946-berry-berġes.model.md:51:3	
oe	comparison_form	bezen	Germanic/docs/lexeme_reports/model_entries/1958-both-bū.model.md:27:1	
oe	comparison_form	biegan	Germanic/docs/lexeme_reports/model_entries/1961-bow-bīeġan.model.md:21:1	
oe	comparison_form	biegan	Germanic/docs/lexeme_reports/model_entries/1961-bow-bīeġan.model.md:21:2	
oe	comparison_form	bodan	Germanic/docs/lexeme_reports/model_entries/1959-bottom-botm.model.md:34:1	
oe	target_form	bora	Germanic/docs/lexeme_reports/model_entries/2311-bore-(iptv.2sg)-bora.model.md:58:3	
oe	comparison_form	bora	Germanic/docs/lexeme_reports/model_entries/2312-bore-(3sg)-boraþ.model.md:59:2	
oe	comparison_form	bora	Germanic/docs/lexeme_reports/model_entries/2312-bore-(3sg)-boraþ.model.md:59:3	
oe	comparison_form	borath	Germanic/docs/lexeme_reports/model_entries/2312-bore-(3sg)-boraþ.model.md:43:1	
oe	comparison_form	borath	Germanic/docs/lexeme_reports/model_entries/2311-bore-(iptv.2sg)-bora.model.md:59:2	
oe	comparison_form	borath	Germanic/docs/lexeme_reports/model_entries/2311-bore-(iptv.2sg)-bora.model.md:59:3	
oe	comparison_form	borath	Germanic/docs/lexeme_reports/model_entries/2312-bore-(3sg)-boraþ.model.md:32:1	
oe	comparison_form	borath	Germanic/docs/lexeme_reports/model_entries/2312-bore-(3sg)-boraþ.model.md:37:1	
oe	target_form	borath	Germanic/docs/lexeme_reports/model_entries/2312-bore-(3sg)-boraþ.model.md:58:3	
oe	comparison_form	borian	Germanic/docs/lexeme_reports/model_entries/2311-bore-(iptv.2sg)-bora.model.md:22:1	
oe	comparison_form	borian	Germanic/docs/lexeme_reports/model_entries/2311-bore-(iptv.2sg)-bora.model.md:31:1	
oe	comparison_form	borian	Germanic/docs/lexeme_reports/model_entries/2311-bore-(iptv.2sg)-bora.model.md:57:2	
oe	comparison_form	borian	Germanic/docs/lexeme_reports/model_entries/2311-bore-(iptv.2sg)-bora.model.md:57:3	
oe	comparison_form	borian	Germanic/docs/lexeme_reports/model_entries/2312-bore-(3sg)-boraþ.model.md:22:1	
oe	comparison_form	borian	Germanic/docs/lexeme_reports/model_entries/2312-bore-(3sg)-boraþ.model.md:31:1	
oe	comparison_form	borian	Germanic/docs/lexeme_reports/model_entries/2312-bore-(3sg)-boraþ.model.md:57:2	
oe	comparison_form	borian	Germanic/docs/lexeme_reports/model_entries/2312-bore-(3sg)-boraþ.model.md:57:3	
oe	comparison_form	botm	Germanic/docs/lexeme_reports/model_entries/1959-bottom-botm.model.md:22:1	
oe	comparison_form	botm	Germanic/docs/lexeme_reports/model_entries/1959-bottom-botm.model.md:33:1	
oe	comparison_form	botm	Germanic/docs/lexeme_reports/model_entries/1959-bottom-botm.model.md:34:2	
oe	comparison_form	botm	Germanic/docs/lexeme_reports/model_entries/1959-bottom-botm.model.md:41:1	
oe	comparison_form	botm	Germanic/docs/lexeme_reports/model_entries/2250-thistle-þistles.model.md:37:3	
oe	evidence_form	brand	Germanic/docs/lexeme_reports/model_entries/1965-brand-brandes.model.md:22:1	
oe	evidence_form	brand	Germanic/docs/lexeme_reports/model_entries/1965-brand-brandes.model.md:31:1	
oe	evidence_form	brand	Germanic/docs/lexeme_reports/model_entries/1965-brand-brandes.model.md:44:1	
oe	evidence_form	brand	Germanic/docs/lexeme_reports/model_entries/1965-brand-brandes.model.md:57:2	
oe	evidence_form	brand	Germanic/docs/lexeme_reports/model_entries/1965-brand-brandes.model.md:57:3	
oe	evidence_form	brand	Germanic/docs/lexeme_reports/model_entries/1965-brand-brandes.model.md:61:2	
oe	evidence_form	branda	Germanic/docs/lexeme_reports/model_entries/1965-brand-brandes.model.md:33:2	
oe	evidence_form	brandas	Germanic/docs/lexeme_reports/model_entries/1965-brand-brandes.model.md:33:1	
oe	evidence_form	brandes	Germanic/docs/lexeme_reports/model_entries/1965-brand-brandes.model.md:35:1	
oe	evidence_form	brandes	Germanic/docs/lexeme_reports/model_entries/1965-brand-brandes.model.md:42:1	
oe	evidence_form	brandes	Germanic/docs/lexeme_reports/model_entries/1965-brand-brandes.model.md:58:2	
oe	evidence_form	brandes	Germanic/docs/lexeme_reports/model_entries/1965-brand-brandes.model.md:58:3	
oe	evidence_form	brandes	Germanic/docs/lexeme_reports/model_entries/1965-brand-brandes.model.md:61:1	
oe	evidence_form	brandum	Germanic/docs/lexeme_reports/model_entries/1965-brand-brandes.model.md:33:3	
oe	comparison_form	breost	Germanic/docs/lexeme_reports/model_entries/1968-breast-brēost.model.md:34:2	
oe	target_form	breost	Germanic/docs/lexeme_reports/model_entries/1968-breast-brēost.model.md:23:1	
oe	target_form	breost	Germanic/docs/lexeme_reports/model_entries/1968-breast-brēost.model.md:34:1	
oe	target_form	breost	Germanic/docs/lexeme_reports/model_entries/1968-breast-brēost.model.md:40:1	
oe	target_form	breost	Germanic/docs/lexeme_reports/model_entries/1968-breast-brēost.model.md:44:2	
oe	target_form	breost	Germanic/docs/lexeme_reports/model_entries/1968-breast-brēost.model.md:59:2	
oe	target_form	breost	Germanic/docs/lexeme_reports/model_entries/1968-breast-brēost.model.md:61:1	
oe	target_form	bu	Germanic/docs/lexeme_reports/model_entries/1958-both-bū.model.md:23:1	
oe	target_form	bu	Germanic/docs/lexeme_reports/model_entries/1958-both-bū.model.md:32:2	
oe	target_form	bu	Germanic/docs/lexeme_reports/model_entries/1958-both-bū.model.md:37:3	
oe	target_form	bu	Germanic/docs/lexeme_reports/model_entries/1958-both-bū.model.md:43:1	
oe	target_form	bu	Germanic/docs/lexeme_reports/model_entries/1958-both-bū.model.md:52:1	
oe	target_form	bu	Germanic/docs/lexeme_reports/model_entries/1958-both-bū.model.md:57:2	
oe	target_form	bu	Germanic/docs/lexeme_reports/model_entries/1958-both-bū.model.md:66:2	
oe	target_form	bucc	Germanic/docs/lexeme_reports/model_entries/1973-buck-bucc.model.md:31:2	
oe	target_form	bucc	Germanic/docs/lexeme_reports/model_entries/1973-buck-bucc.model.md:32:1	
oe	target_form	bucc	Germanic/docs/lexeme_reports/model_entries/1973-buck-bucc.model.md:39:1	
oe	target_form	bucc	Germanic/docs/lexeme_reports/model_entries/1973-buck-bucc.model.md:44:1	
oe	target_form	bucc	Germanic/docs/lexeme_reports/model_entries/1973-buck-bucc.model.md:52:1	
oe	comparison_form	bucca	Germanic/docs/lexeme_reports/model_entries/1973-buck-bucc.model.md:23:1	
oe	comparison_form	bucca	Germanic/docs/lexeme_reports/model_entries/1973-buck-bucc.model.md:29:1	
oe	comparison_form	bucca	Germanic/docs/lexeme_reports/model_entries/1973-buck-bucc.model.md:31:1	
oe	comparison_form	bucca	Germanic/docs/lexeme_reports/model_entries/1973-buck-bucc.model.md:33:1	
oe	comparison_form	bucca	Germanic/docs/lexeme_reports/model_entries/1973-buck-bucc.model.md:53:1	
oe	evidence_form	bugan	Germanic/docs/lexeme_reports/model_entries/1962-bow-bēag.model.md:31:1	
oe	evidence_form	bugan	Germanic/docs/lexeme_reports/model_entries/1962-bow-bēag.model.md:37:1	
oe	evidence_form	bugan	Germanic/docs/lexeme_reports/model_entries/1962-bow-bēag.model.md:41:1	
oe	evidence_form	bugan	Germanic/docs/lexeme_reports/model_entries/1962-bow-bēag.model.md:53:1	
oe	evidence_form	bugan	Germanic/docs/lexeme_reports/model_entries/1962-bow-bēag.model.md:64:2	
oe	evidence_form	bugan	Germanic/docs/lexeme_reports/model_entries/1962-bow-bēag.model.md:64:3	
oe	evidence_form	bugan	Germanic/docs/lexeme_reports/model_entries/1962-bow-bēag.model.md:69:2	
oe	comparison_form	bycc	Germanic/docs/lexeme_reports/model_entries/1973-buck-bucc.model.md:43:1	
oe	comparison_form	byrd	Germanic/docs/lexeme_reports/model_entries/1951-birth-byrd.model.md:25:1	
oe	comparison_form	ca	Germanic/docs/lexeme_reports/model_entries/1980-cow-cȳ.model.md:36:2	
oe	comparison_form	ca	Germanic/docs/lexeme_reports/model_entries/1980-cow-cȳ.model.md:42:1	
oe	comparison_form	ca	Germanic/docs/lexeme_reports/model_entries/1980-cow-cȳ.model.md:67:1	
oe	evidence_form	cealf	Germanic/docs/lexeme_reports/model_entries/1975-calf-ċealf.model.md:25:1	
oe	evidence_form	cealf	Germanic/docs/lexeme_reports/model_entries/1975-calf-ċealf.model.md:25:4	
oe	evidence_form	cealfru	Germanic/docs/lexeme_reports/model_entries/1975-calf-ċealf.model.md:25:2	
oe	evidence_form	cealfru	Germanic/docs/lexeme_reports/model_entries/1975-calf-ċealf.model.md:25:3	
oe	comparison_form	ciezan	Germanic/docs/lexeme_reports/model_entries/2227-strew-strīeġan.model.md:32:2	
oe	evidence_form	cnaep	Germanic/docs/lexeme_reports/model_entries/2087-knob-cnobba.model.md:58:1	
oe	comparison_form	cneohtas	Germanic/docs/lexeme_reports/model_entries/2086-knight-cniht.model.md:34:1	
oe	comparison_form	cneohtas	Germanic/docs/lexeme_reports/model_entries/2086-knight-cniht.model.md:45:2	
oe	comparison_form	cneohtas	Germanic/docs/lexeme_reports/model_entries/2086-knight-cniht.model.md:59:1	
oe	comparison_form	cneohtas	Germanic/docs/lexeme_reports/model_entries/2086-knight-cniht.model.md:59:2	
oe	target_form	cniht	Germanic/docs/lexeme_reports/model_entries/2086-knight-cniht.model.md:33:1	
oe	target_form	cniht	Germanic/docs/lexeme_reports/model_entries/2086-knight-cniht.model.md:44:1	
oe	target_form	cniht	Germanic/docs/lexeme_reports/model_entries/2086-knight-cniht.model.md:45:1	
oe	target_form	cniht	Germanic/docs/lexeme_reports/model_entries/2086-knight-cniht.model.md:58:3	
oe	evidence_form	cnopp	Germanic/docs/lexeme_reports/model_entries/2087-knob-cnobba.model.md:57:1	
oe	comparison_form	cnoppa	Germanic/docs/lexeme_reports/model_entries/2087-knob-cnobba.model.md:34:1	
oe	comparison_form	cnoppa	Germanic/docs/lexeme_reports/model_entries/2087-knob-cnobba.model.md:39:1	
oe	evidence_form	cnoppa	Germanic/docs/lexeme_reports/model_entries/2087-knob-cnobba.model.md:57:2	
oe	comparison_form	cnoppa	Germanic/docs/lexeme_reports/model_entries/2087-knob-cnobba.model.md:61:1	
oe	comparison_form	corn	Germanic/docs/lexeme_reports/model_entries/1979-corn-corn.model.md:21:1	
oe	comparison_form	corn	Germanic/docs/lexeme_reports/model_entries/1979-corn-corn.model.md:25:1	
oe	comparison_form	corn	Germanic/docs/lexeme_reports/model_entries/1979-corn-corn.model.md:29:1	
oe	comparison_form	cu	Germanic/docs/lexeme_reports/model_entries/1980-cow-cȳ.model.md:27:1	
oe	comparison_form	cu	Germanic/docs/lexeme_reports/model_entries/1980-cow-cȳ.model.md:33:1	
oe	comparison_form	cu	Germanic/docs/lexeme_reports/model_entries/1980-cow-cȳ.model.md:33:2	
oe	comparison_form	cu	Germanic/docs/lexeme_reports/model_entries/1980-cow-cȳ.model.md:35:1	
oe	comparison_form	cu	Germanic/docs/lexeme_reports/model_entries/1980-cow-cȳ.model.md:39:1	
oe	comparison_form	cu	Germanic/docs/lexeme_reports/model_entries/1980-cow-cȳ.model.md:54:1	
oe	comparison_form	cu	Germanic/docs/lexeme_reports/model_entries/1980-cow-cȳ.model.md:64:1	
oe	comparison_form	cu	Germanic/docs/lexeme_reports/model_entries/1980-cow-cȳ.model.md:65:1	
oe	comparison_form	cudu	Germanic/docs/lexeme_reports/model_entries/1983-cud-cwedu.model.md:31:3	
oe	comparison_form	cudu	Germanic/docs/lexeme_reports/model_entries/1983-cud-cwedu.model.md:32:4	
oe	comparison_form	cudu	Germanic/docs/lexeme_reports/model_entries/1983-cud-cwedu.model.md:52:1	
oe	comparison_form	cue	Germanic/docs/lexeme_reports/model_entries/1980-cow-cȳ.model.md:33:3	
oe	comparison_form	cus	Germanic/docs/lexeme_reports/model_entries/1980-cow-cȳ.model.md:33:5	
oe	comparison_form	cus	Germanic/docs/lexeme_reports/model_entries/1980-cow-cȳ.model.md:42:3	
oe	target_form	cwedu	Germanic/docs/lexeme_reports/model_entries/1983-cud-cwedu.model.md:26:1	
oe	target_form	cwedu	Germanic/docs/lexeme_reports/model_entries/1983-cud-cwedu.model.md:40:1	
oe	target_form	cwedu	Germanic/docs/lexeme_reports/model_entries/1983-cud-cwedu.model.md:49:1	
oe	comparison_form	cweodu	Germanic/docs/lexeme_reports/model_entries/1983-cud-cwedu.model.md:22:2	
oe	comparison_form	cweodu	Germanic/docs/lexeme_reports/model_entries/1983-cud-cwedu.model.md:32:1	lws
oe	comparison_form	cweodu	Germanic/docs/lexeme_reports/model_entries/1983-cud-cwedu.model.md:32:3	lws
oe	comparison_form	cweodu	Germanic/docs/lexeme_reports/model_entries/1983-cud-cwedu.model.md:51:1	
oe	comparison_form	cwidu	Germanic/docs/lexeme_reports/model_entries/1983-cud-cwedu.model.md:22:1	
oe	comparison_form	cwidu	Germanic/docs/lexeme_reports/model_entries/1983-cud-cwedu.model.md:23:1	
oe	comparison_form	cwidu	Germanic/docs/lexeme_reports/model_entries/1983-cud-cwedu.model.md:31:1	
oe	comparison_form	cwidu	Germanic/docs/lexeme_reports/model_entries/1983-cud-cwedu.model.md:50:1	
oe	comparison_form	cwudu	Germanic/docs/lexeme_reports/model_entries/1983-cud-cwedu.model.md:22:3	
oe	comparison_form	cwudu	Germanic/docs/lexeme_reports/model_entries/1983-cud-cwedu.model.md:31:2	
oe	comparison_form	cwudu	Germanic/docs/lexeme_reports/model_entries/1983-cud-cwedu.model.md:32:2	
oe	comparison_form	cwudu	Germanic/docs/lexeme_reports/model_entries/1983-cud-cwedu.model.md:51:2	
oe	comparison_form	cy	Germanic/docs/lexeme_reports/model_entries/1980-cow-cȳ.model.md:33:4	
oe	comparison_form	cy	Germanic/docs/lexeme_reports/model_entries/1980-cow-cȳ.model.md:34:1	
oe	comparison_form	cy	Germanic/docs/lexeme_reports/model_entries/1980-cow-cȳ.model.md:34:2	
oe	comparison_form	cy	Germanic/docs/lexeme_reports/model_entries/1980-cow-cȳ.model.md:36:1	
oe	comparison_form	cy	Germanic/docs/lexeme_reports/model_entries/1980-cow-cȳ.model.md:39:2	
oe	comparison_form	cy	Germanic/docs/lexeme_reports/model_entries/1980-cow-cȳ.model.md:42:2	
oe	comparison_form	cy	Germanic/docs/lexeme_reports/model_entries/1980-cow-cȳ.model.md:49:1	
oe	comparison_form	cy	Germanic/docs/lexeme_reports/model_entries/1980-cow-cȳ.model.md:52:1	
oe	comparison_form	cy	Germanic/docs/lexeme_reports/model_entries/1980-cow-cȳ.model.md:64:2	
oe	comparison_form	cy	Germanic/docs/lexeme_reports/model_entries/1980-cow-cȳ.model.md:66:1	
oe	comparison_form	cy	Germanic/docs/lexeme_reports/model_entries/1980-cow-cȳ.model.md:70:1	
oe	comparison_form	daeg	Germanic/docs/lexeme_reports/model_entries/2140-night-niht.model.md:27:1	
oe	evidence_form	dagum	Germanic/docs/sound_changes/reader_facing/reader_facing_local_section_19.md:258:3	
oe	target_form	dile	Germanic/docs/lexeme_reports/model_entries/1990-dill-dile.model.md:22:1	
oe	target_form	dile	Germanic/docs/lexeme_reports/model_entries/1990-dill-dile.model.md:35:1	
oe	target_form	dile	Germanic/docs/lexeme_reports/model_entries/1990-dill-dile.model.md:41:1	
oe	target_form	dile	Germanic/docs/lexeme_reports/model_entries/1990-dill-dile.model.md:46:1	
oe	target_form	dile	Germanic/docs/lexeme_reports/model_entries/1990-dill-dile.model.md:60:3	
oe	target_form	dile	Germanic/docs/lexeme_reports/model_entries/1990-dill-dile.model.md:62:1	
oe	comparison_form	dili	Germanic/docs/lexeme_reports/model_entries/1990-dill-dile.model.md:36:1	
oe	comparison_form	dill	Germanic/docs/lexeme_reports/model_entries/1990-dill-dile.model.md:41:2	
oe	comparison_form	dill	Germanic/docs/lexeme_reports/model_entries/1990-dill-dile.model.md:59:2	
oe	comparison_form	dor	Germanic/docs/lexeme_reports/model_entries/1992-door-dor.model.md:21:1	
oe	comparison_form	dor	Germanic/docs/lexeme_reports/model_entries/1992-door-dor.model.md:25:1	
oe	target_form	dor	Germanic/docs/lexeme_reports/model_entries/1992-door-dor.model.md:25:4	
oe	comparison_form	dor	Germanic/docs/lexeme_reports/model_entries/1992-door-dor.model.md:29:1	
oe	comparison_form	duguth	Germanic/docs/lexeme_reports/model_entries/2308-youth-ġeoguþ.model.md:52:1	
oe	comparison_form	duru	Germanic/docs/lexeme_reports/model_entries/1992-door-dor.model.md:21:2	
oe	comparison_form	duru	Germanic/docs/lexeme_reports/model_entries/1992-door-dor.model.md:25:2	
oe	comparison_form	duru	Germanic/docs/lexeme_reports/model_entries/1992-door-dor.model.md:25:3	
oe	comparison_form	duru	Germanic/docs/lexeme_reports/model_entries/1992-door-dor.model.md:25:5	
oe	comparison_form	duru	Germanic/docs/lexeme_reports/model_entries/1992-door-dor.model.md:29:2	
oe	evidence_form	faerd	Germanic/docs/lexeme_reports/model_entries/2003-fare-faran.model.md:25:3	
oe	evidence_form	faere	Germanic/docs/lexeme_reports/model_entries/2003-fare-faran.model.md:25:1	
oe	evidence_form	faerst	Germanic/docs/lexeme_reports/model_entries/2003-fare-faran.model.md:25:2	
oe	comparison_form	faest	Germanic/docs/lexeme_reports/model_entries/2004-fast-festan.model.md:39:1	
oe	comparison_form	faest	Germanic/docs/lexeme_reports/model_entries/2004-fast-festan.model.md:61:1	
oe	comparison_form	faestan	Germanic/docs/lexeme_reports/model_entries/2004-fast-festan.model.md:34:1	
oe	comparison_form	faestan	Germanic/docs/lexeme_reports/model_entries/2004-fast-festan.model.md:61:2	
oe	comparison_form	faestan	Germanic/docs/lexeme_reports/model_entries/2004-fast-festan.model.md:34:2	
oe	comparison_form	faestan	Germanic/docs/lexeme_reports/model_entries/2004-fast-festan.model.md:61:3	
oe	comparison_form	fearn	Germanic/docs/lexeme_reports/model_entries/2008-fern-fearn.model.md:21:1	
oe	comparison_form	fearn	Germanic/docs/lexeme_reports/model_entries/2008-fern-fearn.model.md:25:1	
oe	comparison_form	fearn	Germanic/docs/lexeme_reports/model_entries/2008-fern-fearn.model.md:25:2	
oe	comparison_form	fearn	Germanic/docs/lexeme_reports/model_entries/2008-fern-fearn.model.md:25:4	
oe	comparison_form	fearn	Germanic/docs/lexeme_reports/model_entries/2008-fern-fearn.model.md:29:1	
oe	comparison_form	feld	Germanic/docs/lexeme_reports/model_entries/2009-field-feld.model.md:21:1	
oe	comparison_form	feld	Germanic/docs/lexeme_reports/model_entries/2009-field-feld.model.md:25:1	
oe	comparison_form	feld	Germanic/docs/lexeme_reports/model_entries/2009-field-feld.model.md:25:2	
oe	comparison_form	feld	Germanic/docs/lexeme_reports/model_entries/2009-field-feld.model.md:29:1	
oe	comparison_form	fell	Germanic/docs/lexeme_reports/model_entries/2007-fell-fell.model.md:21:1	
oe	comparison_form	fell	Germanic/docs/lexeme_reports/model_entries/2007-fell-fell.model.md:25:1	
oe	comparison_form	fell	Germanic/docs/lexeme_reports/model_entries/2007-fell-fell.model.md:25:2	
oe	comparison_form	fell	Germanic/docs/lexeme_reports/model_entries/2007-fell-fell.model.md:25:3	
oe	comparison_form	fell	Germanic/docs/lexeme_reports/model_entries/2007-fell-fell.model.md:29:1	
oe	evidence_form	feower	Germanic/docs/sound_changes/reader_facing/reader_facing_local_section_19.md:289:2	
oe	comparison_form	fern	Germanic/docs/lexeme_reports/model_entries/2008-fern-fearn.model.md:25:3	
oe	target_form	festan	Germanic/docs/lexeme_reports/model_entries/2004-fast-festan.model.md:33:1	
oe	target_form	festan	Germanic/docs/lexeme_reports/model_entries/2004-fast-festan.model.md:34:3	
oe	target_form	festan	Germanic/docs/lexeme_reports/model_entries/2004-fast-festan.model.md:39:2	
oe	target_form	festan	Germanic/docs/lexeme_reports/model_entries/2004-fast-festan.model.md:45:1	
oe	target_form	festan	Germanic/docs/lexeme_reports/model_entries/2004-fast-festan.model.md:48:1	
oe	target_form	festan	Germanic/docs/lexeme_reports/model_entries/2004-fast-festan.model.md:59:2	
oe	target_form	festan	Germanic/docs/lexeme_reports/model_entries/2004-fast-festan.model.md:60:3	
oe	target_form	festan	Germanic/docs/lexeme_reports/model_entries/2004-fast-festan.model.md:63:1	
oe	comparison_form	findan	Germanic/docs/lexeme_reports/model_entries/2011-find-fundene.model.md:22:1	
oe	comparison_form	findan	Germanic/docs/lexeme_reports/model_entries/2011-find-fundene.model.md:34:2	
oe	comparison_form	findan	Germanic/docs/lexeme_reports/model_entries/2011-find-fundene.model.md:61:2	
oe	comparison_form	findan	Germanic/docs/lexeme_reports/model_entries/2011-find-fundene.model.md:61:3	
oe	comparison_form	flascan	Germanic/docs/lexeme_reports/model_entries/2016-flask-flasce.model.md:28:1	
oe	comparison_form	flascan	Germanic/docs/lexeme_reports/model_entries/2016-flask-flasce.model.md:33:1	
oe	comparison_form	flascan	Germanic/docs/lexeme_reports/model_entries/2016-flask-flasce.model.md:45:1	
oe	target_form	flasce	Germanic/docs/lexeme_reports/model_entries/2016-flask-flasce.model.md:27:1	
oe	target_form	flasce	Germanic/docs/lexeme_reports/model_entries/2016-flask-flasce.model.md:32:1	
oe	target_form	flasce	Germanic/docs/lexeme_reports/model_entries/2016-flask-flasce.model.md:36:1	
oe	target_form	flasce	Germanic/docs/lexeme_reports/model_entries/2016-flask-flasce.model.md:43:1	
oe	target_form	flasce	Germanic/docs/lexeme_reports/model_entries/2016-flask-flasce.model.md:44:1	
oe	target_form	flasce	Germanic/docs/lexeme_reports/model_entries/2016-flask-flasce.model.md:60:3	
oe	target_form	flasce	Germanic/docs/lexeme_reports/model_entries/2016-flask-flasce.model.md:63:1	
oe	comparison_form	flaxe	Germanic/docs/lexeme_reports/model_entries/2016-flask-flasce.model.md:33:2	
oe	comparison_form	folgian	Germanic/docs/lexeme_reports/model_entries/2027-follow-fylġan.model.md:21:2	
oe	comparison_form	folgian	Germanic/docs/lexeme_reports/model_entries/2027-follow-fylġan.model.md:26:2	
oe	comparison_form	folgian	Germanic/docs/lexeme_reports/model_entries/2027-follow-fylġan.model.md:30:2	
oe	comparison_form	folgian	Germanic/docs/lexeme_reports/model_entries/2027-follow-fylġan.model.md:40:1	
oe	comparison_form	folgian	Germanic/docs/lexeme_reports/model_entries/2027-follow-fylġan.model.md:57:1	
oe	comparison_form	folgian	Germanic/docs/lexeme_reports/model_entries/2027-follow-fylġan.model.md:68:3	
oe	comparison_form	folgian	Germanic/docs/lexeme_reports/model_entries/2027-follow-fylġan.model.md:69:1	
oe	comparison_form	folgian	Germanic/docs/lexeme_reports/model_entries/2027-follow-fylġan.model.md:69:2	
oe	comparison_form	folgian	Germanic/docs/lexeme_reports/model_entries/2027-follow-fylġan.model.md:73:1	
oe	comparison_form	funden	Germanic/docs/lexeme_reports/model_entries/2011-find-fundene.model.md:26:1	
oe	comparison_form	funden	Germanic/docs/lexeme_reports/model_entries/2011-find-fundene.model.md:36:1	
oe	comparison_form	funden	Germanic/docs/lexeme_reports/model_entries/2011-find-fundene.model.md:39:1	
oe	comparison_form	funden	Germanic/docs/lexeme_reports/model_entries/2011-find-fundene.model.md:50:1	
oe	comparison_form	funden	Germanic/docs/lexeme_reports/model_entries/2011-find-fundene.model.md:62:2	
oe	comparison_form	funden	Germanic/docs/lexeme_reports/model_entries/2011-find-fundene.model.md:62:3	
oe	target_form	fundene	Germanic/docs/lexeme_reports/model_entries/2011-find-fundene.model.md:29:1	
oe	target_form	fundene	Germanic/docs/lexeme_reports/model_entries/2011-find-fundene.model.md:34:1	
oe	target_form	fundene	Germanic/docs/lexeme_reports/model_entries/2011-find-fundene.model.md:40:1	
oe	target_form	fundene	Germanic/docs/lexeme_reports/model_entries/2011-find-fundene.model.md:46:1	
oe	target_form	fundene	Germanic/docs/lexeme_reports/model_entries/2011-find-fundene.model.md:51:1	
oe	target_form	fundene	Germanic/docs/lexeme_reports/model_entries/2011-find-fundene.model.md:63:3	
oe	comparison_form	fylgan	Germanic/docs/lexeme_reports/model_entries/2027-follow-fylġan.model.md:21:1	
oe	comparison_form	fylgan	Germanic/docs/lexeme_reports/model_entries/2027-follow-fylġan.model.md:26:1	
oe	comparison_form	fylgan	Germanic/docs/lexeme_reports/model_entries/2027-follow-fylġan.model.md:34:1	
oe	comparison_form	fylgan	Germanic/docs/lexeme_reports/model_entries/2027-follow-fylġan.model.md:42:1	
oe	comparison_form	fylgan	Germanic/docs/lexeme_reports/model_entries/2027-follow-fylġan.model.md:70:4	
oe	target_form	fylgan	Germanic/docs/lexeme_reports/model_entries/2027-follow-fylġan.model.md:42:3	
oe	target_form	fylgan	Germanic/docs/lexeme_reports/model_entries/2027-follow-fylġan.model.md:56:1	
oe	target_form	fylgan	Germanic/docs/lexeme_reports/model_entries/2027-follow-fylġan.model.md:70:3	
oe	target_form	fylgan	Germanic/docs/lexeme_reports/model_entries/2027-follow-fylġan.model.md:72:1	
oe	comparison_form	fylgean	Germanic/docs/lexeme_reports/model_entries/2027-follow-fylġan.model.md:22:2	
oe	comparison_form	fylgean	Germanic/docs/lexeme_reports/model_entries/2027-follow-fylġan.model.md:39:1	
oe	comparison_form	fylgean	Germanic/docs/lexeme_reports/model_entries/2027-follow-fylġan.model.md:36:1	
oe	comparison_form	fylgean	Germanic/docs/lexeme_reports/model_entries/2027-follow-fylġan.model.md:40:2	
oe	comparison_form	fylgean	Germanic/docs/lexeme_reports/model_entries/2027-follow-fylġan.model.md:42:2	
oe	comparison_form	fylgian	Germanic/docs/lexeme_reports/model_entries/2027-follow-fylġan.model.md:35:1	
oe	comparison_form	fyligan	Germanic/docs/lexeme_reports/model_entries/2027-follow-fylġan.model.md:35:2	
oe	comparison_form	fyr	Germanic/docs/lexeme_reports/model_entries/2013-fire-fȳre.model.md:32:1	
oe	comparison_form	fyr	Germanic/docs/lexeme_reports/model_entries/2013-fire-fȳre.model.md:28:1	
oe	comparison_form	fyr	Germanic/docs/lexeme_reports/model_entries/2013-fire-fȳre.model.md:63:3	
oe	target_form	fyre	Germanic/docs/lexeme_reports/model_entries/2013-fire-fȳre.model.md:33:1	
oe	target_form	fyre	Germanic/docs/lexeme_reports/model_entries/2013-fire-fȳre.model.md:28:2	
oe	target_form	fyre	Germanic/docs/lexeme_reports/model_entries/2013-fire-fȳre.model.md:48:1	
oe	target_form	fyre	Germanic/docs/lexeme_reports/model_entries/2013-fire-fȳre.model.md:64:1	
oe	target_form	fyre	Germanic/docs/lexeme_reports/model_entries/2013-fire-fȳre.model.md:64:2	
oe	target_form	fyrhte	Germanic/docs/lexeme_reports/model_entries/2034-fright-fyrhte.model.md:32:1	
oe	target_form	fyrhte	Germanic/docs/lexeme_reports/model_entries/2034-fright-fyrhte.model.md:37:1	
oe	target_form	fyrhte	Germanic/docs/lexeme_reports/model_entries/2034-fright-fyrhte.model.md:44:1	
oe	target_form	fyrhte	Germanic/docs/lexeme_reports/model_entries/2034-fright-fyrhte.model.md:62:3	
oe	target_form	fyrhte	Germanic/docs/lexeme_reports/model_entries/2034-fright-fyrhte.model.md:65:1	
oe	comparison_form	fyrhto	Germanic/docs/lexeme_reports/model_entries/2034-fright-fyrhte.model.md:33:2	
oe	comparison_form	fyrhto	Germanic/docs/lexeme_reports/model_entries/2034-fright-fyrhte.model.md:61:2	
oe	comparison_form	fyrhto	Germanic/docs/lexeme_reports/model_entries/2034-fright-fyrhte.model.md:61:4	
oe	comparison_form	fyrhtu	Germanic/docs/lexeme_reports/model_entries/2034-fright-fyrhte.model.md:33:1	
oe	comparison_form	fyrhtu	Germanic/docs/lexeme_reports/model_entries/2034-fright-fyrhte.model.md:61:1	
oe	comparison_form	fyrhtu	Germanic/docs/lexeme_reports/model_entries/2034-fright-fyrhte.model.md:61:3	
oe	comparison_form	galla	Germanic/docs/lexeme_reports/model_entries/2037-gall-ġealla.model.md:38:2	angl
oe	comparison_form	galla	Germanic/docs/lexeme_reports/model_entries/2037-gall-ġealla.model.md:61:1	angl
oe	comparison_form	galla	Germanic/docs/lexeme_reports/model_entries/2037-gall-ġealla.model.md:61:2	angl
oe	comparison_form	gang	Germanic/docs/lexeme_reports/model_entries/2038-gang-gang.model.md:21:1	
oe	comparison_form	gang	Germanic/docs/lexeme_reports/model_entries/2038-gang-gang.model.md:21:2	
oe	comparison_form	gang	Germanic/docs/lexeme_reports/model_entries/2038-gang-gang.model.md:21:3	
oe	comparison_form	gang	Germanic/docs/lexeme_reports/model_entries/2038-gang-gang.model.md:25:1	
oe	comparison_form	gang	Germanic/docs/lexeme_reports/model_entries/2038-gang-gang.model.md:29:1	
oe	comparison_form	gang	Germanic/docs/lexeme_reports/model_entries/2038-gang-gang.model.md:33:1	
oe	target_form	gealla	Germanic/docs/lexeme_reports/model_entries/2037-gall-ġealla.model.md:32:1	
oe	target_form	gealla	Germanic/docs/lexeme_reports/model_entries/2037-gall-ġealla.model.md:38:1	
oe	target_form	gealla	Germanic/docs/lexeme_reports/model_entries/2037-gall-ġealla.model.md:35:1	
oe	target_form	gealla	Germanic/docs/lexeme_reports/model_entries/2037-gall-ġealla.model.md:39:1	
oe	target_form	gealla	Germanic/docs/lexeme_reports/model_entries/2037-gall-ġealla.model.md:60:3	
oe	comparison_form	geallan	Germanic/docs/lexeme_reports/model_entries/2037-gall-ġealla.model.md:33:1	
oe	comparison_form	gearn	Germanic/docs/lexeme_reports/model_entries/2305-yarn-ġearn.model.md:21:1	
oe	comparison_form	gearn	Germanic/docs/lexeme_reports/model_entries/2305-yarn-ġearn.model.md:25:1	
oe	comparison_form	gebann	Germanic/docs/lexeme_reports/model_entries/1936-ban-bannes.model.md:32:1	
oe	comparison_form	gebann	Germanic/docs/lexeme_reports/model_entries/1936-ban-bannes.model.md:22:1	
oe	comparison_form	gebanne	Germanic/docs/lexeme_reports/model_entries/1936-ban-bannes.model.md:33:1	
oe	target_form	geoguth	Germanic/docs/lexeme_reports/model_entries/2308-youth-ġeoguþ.model.md:35:1	
oe	target_form	geoguth	Germanic/docs/lexeme_reports/model_entries/2308-youth-ġeoguþ.model.md:36:1	
oe	target_form	geoguth	Germanic/docs/lexeme_reports/model_entries/2308-youth-ġeoguþ.model.md:40:1	
oe	comparison_form	gesundrian	Germanic/docs/lexeme_reports/model_entries/2232-sunder-sundrian.model.md:23:2	
oe	comparison_form	giefan	Germanic/docs/lexeme_reports/model_entries/2041-give-ġiefan.model.md:21:1	
oe	comparison_form	giefan	Germanic/docs/lexeme_reports/model_entries/2041-give-ġiefan.model.md:33:1	
oe	evidence_form	ginnan	Germanic/docs/lexeme_reports/model_entries/1943-begin-beġinnan.model.md:21:2	
oe	evidence_form	godum	Germanic/docs/sound_changes/reader_facing/reader_facing_local_section_19.md:258:8	
oe	comparison_form	grafan	Germanic/docs/lexeme_reports/model_entries/2046-grave-grafan.model.md:21:1	
oe	target_form	grafan	Germanic/docs/lexeme_reports/model_entries/2046-grave-grafan.model.md:25:1	
oe	comparison_form	grafan	Germanic/docs/lexeme_reports/model_entries/2046-grave-grafan.model.md:29:1	
oe	comparison_form	habban	Germanic/docs/lexeme_reports/model_entries/2058-have-hæfeþ.model.md:22:2	
oe	comparison_form	habban	Germanic/docs/lexeme_reports/model_entries/2058-have-hæfeþ.model.md:34:1	
oe	comparison_form	habban	Germanic/docs/lexeme_reports/model_entries/2058-have-hæfeþ.model.md:41:1	
oe	comparison_form	habban	Germanic/docs/lexeme_reports/model_entries/2058-have-hæfeþ.model.md:46:1	
oe	comparison_form	habban	Germanic/docs/lexeme_reports/model_entries/2058-have-hæfeþ.model.md:50:1	
oe	comparison_form	habban	Germanic/docs/lexeme_reports/model_entries/2058-have-hæfeþ.model.md:61:2	
oe	comparison_form	habban	Germanic/docs/lexeme_reports/model_entries/2058-have-hæfeþ.model.md:61:3	
oe	comparison_form	haefed	Germanic/docs/lexeme_reports/model_entries/2058-have-hæfeþ.model.md:35:1	angl
oe	comparison_form	haefed	Germanic/docs/lexeme_reports/model_entries/2058-have-hæfeþ.model.md:48:2	
oe	target_form	haefeth	Germanic/docs/lexeme_reports/model_entries/2058-have-hæfeþ.model.md:37:1	
oe	target_form	haefeth	Germanic/docs/lexeme_reports/model_entries/2058-have-hæfeþ.model.md:45:2	
oe	target_form	haefeth	Germanic/docs/lexeme_reports/model_entries/2058-have-hæfeþ.model.md:48:1	
oe	target_form	haefeth	Germanic/docs/lexeme_reports/model_entries/2058-have-hæfeþ.model.md:62:3	
oe	comparison_form	haefth	Germanic/docs/lexeme_reports/model_entries/2058-have-hæfeþ.model.md:63:1	
oe	comparison_form	haefth	Germanic/docs/lexeme_reports/model_entries/2058-have-hæfeþ.model.md:63:2	
oe	comparison_form	haldan	Germanic/docs/lexeme_reports/model_entries/2077-hold-healdan.model.md:21:2	angl
oe	comparison_form	haldan	Germanic/docs/lexeme_reports/model_entries/2077-hold-healdan.model.md:33:2	angl
oe	comparison_form	hamer	Germanic/docs/lexeme_reports/model_entries/2053-hammer-hameres.model.md:22:2	
oe	comparison_form	hamer	Germanic/docs/lexeme_reports/model_entries/2053-hammer-hameres.model.md:34:1	
oe	comparison_form	hamer	Germanic/docs/lexeme_reports/model_entries/2053-hammer-hameres.model.md:46:2	
oe	comparison_form	hamer	Germanic/docs/lexeme_reports/model_entries/2053-hammer-hameres.model.md:57:2	
oe	comparison_form	hamer	Germanic/docs/lexeme_reports/model_entries/2053-hammer-hameres.model.md:57:5	
oe	target_form	hameres	Germanic/docs/lexeme_reports/model_entries/2053-hammer-hameres.model.md:32:1	
oe	target_form	hameres	Germanic/docs/lexeme_reports/model_entries/2053-hammer-hameres.model.md:38:1	
oe	target_form	hameres	Germanic/docs/lexeme_reports/model_entries/2053-hammer-hameres.model.md:43:1	
oe	target_form	hameres	Germanic/docs/lexeme_reports/model_entries/2053-hammer-hameres.model.md:58:3	
oe	comparison_form	hamor	Germanic/docs/lexeme_reports/model_entries/2053-hammer-hameres.model.md:22:1	
oe	comparison_form	hamor	Germanic/docs/lexeme_reports/model_entries/2053-hammer-hameres.model.md:34:2	
oe	comparison_form	hamor	Germanic/docs/lexeme_reports/model_entries/2053-hammer-hameres.model.md:36:1	
oe	comparison_form	hamor	Germanic/docs/lexeme_reports/model_entries/2053-hammer-hameres.model.md:46:1	
oe	comparison_form	hamor	Germanic/docs/lexeme_reports/model_entries/2053-hammer-hameres.model.md:57:3	
oe	comparison_form	hamor	Germanic/docs/lexeme_reports/model_entries/2053-hammer-hameres.model.md:57:4	
oe	comparison_form	hamores	Germanic/docs/lexeme_reports/model_entries/2053-hammer-hameres.model.md:36:2	
oe	comparison_form	hamores	Germanic/docs/lexeme_reports/model_entries/2053-hammer-hameres.model.md:59:1	
oe	comparison_form	hamores	Germanic/docs/lexeme_reports/model_entries/2053-hammer-hameres.model.md:59:2	
oe	comparison_form	healdan	Germanic/docs/lexeme_reports/model_entries/2077-hold-healdan.model.md:21:1	
oe	comparison_form	healdan	Germanic/docs/lexeme_reports/model_entries/2077-hold-healdan.model.md:29:1	
oe	comparison_form	healdan	Germanic/docs/lexeme_reports/model_entries/2077-hold-healdan.model.md:33:1	
oe	evidence_form	hefen	Germanic/docs/lexeme_reports/model_entries/2068-heaven-heofon.model.md:29:1	
oe	evidence_form	hefen	Germanic/docs/lexeme_reports/model_entries/2068-heaven-heofon.model.md:34:1	angl
oe	evidence_form	hefen	Germanic/docs/lexeme_reports/model_entries/2068-heaven-heofon.model.md:46:2	
oe	evidence_form	hefen	Germanic/docs/lexeme_reports/model_entries/2068-heaven-heofon.model.md:50:1	merc
oe	evidence_form	hefen	Germanic/docs/lexeme_reports/model_entries/2068-heaven-heofon.model.md:61:2	
oe	evidence_form	hefen	Germanic/docs/lexeme_reports/model_entries/2068-heaven-heofon.model.md:61:3	
oe	evidence_form	hefzen	Germanic/docs/lexeme_reports/model_entries/2068-heaven-heofon.model.md:35:1	merc
oe	evidence_form	hefzen	Germanic/docs/lexeme_reports/model_entries/2068-heaven-heofon.model.md:46:3	merc
oe	evidence_form	hefzen	Germanic/docs/lexeme_reports/model_entries/2068-heaven-heofon.model.md:63:1	
oe	evidence_form	hefzen	Germanic/docs/lexeme_reports/model_entries/2068-heaven-heofon.model.md:63:2	
oe	comparison_form	helm	Germanic/docs/lexeme_reports/model_entries/2070-helm-helm.model.md:25:1	
oe	comparison_form	helm	Germanic/docs/lexeme_reports/model_entries/2070-helm-helm.model.md:29:1	
oe	comparison_form	helma	Germanic/docs/lexeme_reports/model_entries/2070-helm-helm.model.md:25:2	
oe	comparison_form	helma	Germanic/docs/lexeme_reports/model_entries/2070-helm-helm.model.md:33:1	
oe	comparison_form	help	Germanic/docs/lexeme_reports/model_entries/2071-help-helpan.model.md:21:1	
oe	comparison_form	help	Germanic/docs/lexeme_reports/model_entries/2071-help-helpan.model.md:33:1	
oe	comparison_form	helpan	Germanic/docs/lexeme_reports/model_entries/2071-help-helpan.model.md:25:1	
oe	comparison_form	helpan	Germanic/docs/lexeme_reports/model_entries/2071-help-helpan.model.md:29:1	
oe	comparison_form	helpan	Germanic/docs/lexeme_reports/model_entries/2071-help-helpan.model.md:33:2	
oe	evidence_form	heofen	Germanic/docs/lexeme_reports/model_entries/2068-heaven-heofon.model.md:28:1	
oe	evidence_form	heofen	Germanic/docs/lexeme_reports/model_entries/2068-heaven-heofon.model.md:61:4	
oe	evidence_form	heofon	Germanic/docs/lexeme_reports/model_entries/2068-heaven-heofon.model.md:27:2	
oe	evidence_form	heofon	Germanic/docs/lexeme_reports/model_entries/2068-heaven-heofon.model.md:28:2	
oe	evidence_form	heofon	Germanic/docs/lexeme_reports/model_entries/2068-heaven-heofon.model.md:33:1	
oe	evidence_form	heofon	Germanic/docs/lexeme_reports/model_entries/2068-heaven-heofon.model.md:38:1	
oe	evidence_form	heofon	Germanic/docs/lexeme_reports/model_entries/2068-heaven-heofon.model.md:46:1	
oe	evidence_form	heofon	Germanic/docs/lexeme_reports/model_entries/2068-heaven-heofon.model.md:47:1	
oe	evidence_form	heofon	Germanic/docs/lexeme_reports/model_entries/2068-heaven-heofon.model.md:51:1	
oe	comparison_form	heofon	Germanic/docs/lexeme_reports/model_entries/2068-heaven-heofon.model.md:57:1	
oe	evidence_form	heofon	Germanic/docs/lexeme_reports/model_entries/2068-heaven-heofon.model.md:62:2	
oe	evidence_form	heofon	Germanic/docs/lexeme_reports/model_entries/2068-heaven-heofon.model.md:62:3	
oe	comparison_form	heofon	Germanic/docs/lexeme_reports/model_entries/2216-stem-stefn.model.md:69:1	
oe	evidence_form	heofon	Germanic/docs/sound_changes/reader_facing/reader_facing_local_section_19.md:602:1	
oe	evidence_form	heofon	Germanic/docs/sound_changes/reader_facing/reader_facing_local_section_19.md:602:3	
oe	comparison_form	here	Germanic/docs/lexeme_reports/model_entries/1946-berry-berġes.model.md:26:1	
oe	comparison_form	here	Germanic/docs/lexeme_reports/model_entries/1946-berry-berġes.model.md:41:2	
oe	comparison_form	herges	Germanic/docs/lexeme_reports/model_entries/1946-berry-berġes.model.md:26:2	
oe	comparison_form	herges	Germanic/docs/lexeme_reports/model_entries/1946-berry-berġes.model.md:41:1	
oe	comparison_form	hiez	Germanic/docs/lexeme_reports/model_entries/2227-strew-strīeġan.model.md:32:1	
oe	comparison_form	hind	Germanic/docs/lexeme_reports/model_entries/2075-hind-hind.model.md:25:1	
oe	comparison_form	hladan	Germanic/docs/lexeme_reports/model_entries/2088-lade-hladan.model.md:21:1	
oe	comparison_form	hlid	Germanic/docs/lexeme_reports/model_entries/2100-lid-hlid.model.md:21:1	
oe	comparison_form	hlid	Germanic/docs/lexeme_reports/model_entries/2100-lid-hlid.model.md:25:1	
oe	comparison_form	hliehhan	Germanic/docs/lexeme_reports/model_entries/2092-laugh-hliehhan.model.md:23:1	
oe	comparison_form	hliehhan	Germanic/docs/lexeme_reports/model_entries/2092-laugh-hliehhan.model.md:33:1	
oe	comparison_form	hliehhan	Germanic/docs/lexeme_reports/model_entries/2092-laugh-hliehhan.model.md:36:1	
oe	comparison_form	hliehhan	Germanic/docs/lexeme_reports/model_entries/2092-laugh-hliehhan.model.md:38:1	
oe	comparison_form	hliehhan	Germanic/docs/lexeme_reports/model_entries/2092-laugh-hliehhan.model.md:44:1	
oe	comparison_form	hlihhan	Germanic/docs/lexeme_reports/model_entries/2092-laugh-hliehhan.model.md:31:1	
oe	comparison_form	hnacca	Germanic/docs/lexeme_reports/model_entries/2134-neck-hnecca.model.md:57:2	
oe	comparison_form	hnacca	Germanic/docs/lexeme_reports/model_entries/2134-neck-hnecca.model.md:57:3	
oe	comparison_form	hnecca	Germanic/docs/lexeme_reports/model_entries/2134-neck-hnecca.model.md:23:1	
oe	comparison_form	hnecca	Germanic/docs/lexeme_reports/model_entries/2134-neck-hnecca.model.md:33:1	
oe	comparison_form	hnecca	Germanic/docs/lexeme_reports/model_entries/2134-neck-hnecca.model.md:34:1	
oe	target_form	hnecca	Germanic/docs/lexeme_reports/model_entries/2134-neck-hnecca.model.md:44:1	
oe	target_form	hnecca	Germanic/docs/lexeme_reports/model_entries/2134-neck-hnecca.model.md:58:3	
oe	target_form	hwael	Germanic/docs/lexeme_reports/model_entries/2284-whale-hwæl.model.md:36:1	
oe	target_form	hwael	Germanic/docs/lexeme_reports/model_entries/2284-whale-hwæl.model.md:41:1	
oe	comparison_form	hwael	Germanic/docs/lexeme_reports/model_entries/2284-whale-hwæl.model.md:47:1	
oe	target_form	hwael	Germanic/docs/lexeme_reports/model_entries/2284-whale-hwæl.model.md:59:2	
oe	comparison_form	hwal	Germanic/docs/lexeme_reports/model_entries/2284-whale-hwæl.model.md:33:1	
oe	comparison_form	hwalas	Germanic/docs/lexeme_reports/model_entries/2284-whale-hwæl.model.md:34:1	
oe	comparison_form	hwalas	Germanic/docs/lexeme_reports/model_entries/2284-whale-hwæl.model.md:39:1	
oe	comparison_form	hwalas	Germanic/docs/lexeme_reports/model_entries/2284-whale-hwæl.model.md:59:1	
oe	comparison_form	hwinan	Germanic/docs/lexeme_reports/model_entries/2286-whine-hwīnan.model.md:26:2	
oe	comparison_form	hwinan	Germanic/docs/lexeme_reports/model_entries/2286-whine-hwīnan.model.md:37:1	
oe	comparison_form	hwinan	Germanic/docs/lexeme_reports/model_entries/2286-whine-hwīnan.model.md:42:1	
oe	comparison_form	hwinan	Germanic/docs/lexeme_reports/model_entries/2286-whine-hwīnan.model.md:65:2	
oe	comparison_form	hwinan	Germanic/docs/lexeme_reports/model_entries/2286-whine-hwīnan.model.md:65:4	
oe	target_form	hwinan	Germanic/docs/lexeme_reports/model_entries/2286-whine-hwīnan.model.md:23:1	
oe	target_form	hwinan	Germanic/docs/lexeme_reports/model_entries/2286-whine-hwīnan.model.md:41:1	
oe	target_form	hwinan	Germanic/docs/lexeme_reports/model_entries/2286-whine-hwīnan.model.md:50:1	
oe	target_form	hwinan	Germanic/docs/lexeme_reports/model_entries/2286-whine-hwīnan.model.md:64:3	
oe	target_form	hwinan	Germanic/docs/lexeme_reports/model_entries/2286-whine-hwīnan.model.md:65:5	
oe	comparison_form	iuguth	Germanic/docs/lexeme_reports/model_entries/2308-youth-ġeoguþ.model.md:35:2	
oe	comparison_form	iuzuth	Germanic/docs/lexeme_reports/model_entries/2308-youth-ġeoguþ.model.md:53:1	
oe	comparison_form	leornian	Germanic/docs/lexeme_reports/model_entries/2313-learn-(iptv.2sg)-liorna.model.md:22:1	
oe	comparison_form	leornian	Germanic/docs/lexeme_reports/model_entries/2313-learn-(iptv.2sg)-liorna.model.md:38:1	
oe	comparison_form	leornian	Germanic/docs/lexeme_reports/model_entries/2313-learn-(iptv.2sg)-liorna.model.md:60:3	
oe	comparison_form	leornian	Germanic/docs/lexeme_reports/model_entries/2313-learn-(iptv.2sg)-liorna.model.md:60:5	
oe	comparison_form	leornian	Germanic/docs/lexeme_reports/model_entries/2314-learn-(3sg)-liornaþ.model.md:22:1	
oe	comparison_form	leornian	Germanic/docs/lexeme_reports/model_entries/2314-learn-(3sg)-liornaþ.model.md:35:1	
oe	comparison_form	leornian	Germanic/docs/lexeme_reports/model_entries/2314-learn-(3sg)-liornaþ.model.md:39:1	
oe	comparison_form	leornian	Germanic/docs/lexeme_reports/model_entries/2314-learn-(3sg)-liornaþ.model.md:67:3	
oe	comparison_form	leornian	Germanic/docs/lexeme_reports/model_entries/2314-learn-(3sg)-liornaþ.model.md:67:5	
oe	comparison_form	libban	Germanic/docs/lexeme_reports/model_entries/2107-live-lifeþ.model.md:22:1	
oe	comparison_form	libban	Germanic/docs/lexeme_reports/model_entries/2107-live-lifeþ.model.md:33:1	
oe	comparison_form	libban	Germanic/docs/lexeme_reports/model_entries/2107-live-lifeþ.model.md:56:2	
oe	comparison_form	libban	Germanic/docs/lexeme_reports/model_entries/2107-live-lifeþ.model.md:56:3	
oe	target_form	licca	Germanic/docs/lexeme_reports/model_entries/2315-lick-(iptv.2sg)-licca.model.md:30:1	
oe	target_form	licca	Germanic/docs/lexeme_reports/model_entries/2315-lick-(iptv.2sg)-licca.model.md:43:3	
oe	comparison_form	licca	Germanic/docs/lexeme_reports/model_entries/2316-lick-(3sg)-liccaþ.model.md:30:3	
oe	comparison_form	licca	Germanic/docs/lexeme_reports/model_entries/2316-lick-(3sg)-liccaþ.model.md:43:3	
oe	comparison_form	liccath	Germanic/docs/lexeme_reports/model_entries/2315-lick-(iptv.2sg)-licca.model.md:30:3	
oe	comparison_form	liccath	Germanic/docs/lexeme_reports/model_entries/2315-lick-(iptv.2sg)-licca.model.md:44:2	
oe	comparison_form	liccath	Germanic/docs/lexeme_reports/model_entries/2315-lick-(iptv.2sg)-licca.model.md:44:3	
oe	target_form	liccath	Germanic/docs/lexeme_reports/model_entries/2316-lick-(3sg)-liccaþ.model.md:30:1	
oe	target_form	liccath	Germanic/docs/lexeme_reports/model_entries/2316-lick-(3sg)-liccaþ.model.md:44:3	
oe	comparison_form	liccian	Germanic/docs/lexeme_reports/model_entries/2315-lick-(iptv.2sg)-licca.model.md:22:1	
oe	comparison_form	liccian	Germanic/docs/lexeme_reports/model_entries/2315-lick-(iptv.2sg)-licca.model.md:30:2	
oe	comparison_form	liccian	Germanic/docs/lexeme_reports/model_entries/2315-lick-(iptv.2sg)-licca.model.md:42:2	
oe	comparison_form	liccian	Germanic/docs/lexeme_reports/model_entries/2315-lick-(iptv.2sg)-licca.model.md:42:3	
oe	comparison_form	liccian	Germanic/docs/lexeme_reports/model_entries/2316-lick-(3sg)-liccaþ.model.md:22:1	
oe	comparison_form	liccian	Germanic/docs/lexeme_reports/model_entries/2316-lick-(3sg)-liccaþ.model.md:30:2	
oe	comparison_form	liccian	Germanic/docs/lexeme_reports/model_entries/2316-lick-(3sg)-liccaþ.model.md:42:2	
oe	comparison_form	liccian	Germanic/docs/lexeme_reports/model_entries/2316-lick-(3sg)-liccaþ.model.md:42:3	
oe	comparison_form	liehtan	Germanic/docs/lexeme_reports/model_entries/2102-light-līehtan.model.md:21:1	
oe	comparison_form	liehtan	Germanic/docs/lexeme_reports/model_entries/2102-light-līehtan.model.md:33:1	
oe	comparison_form	lifed	Germanic/docs/lexeme_reports/model_entries/2107-live-lifeþ.model.md:24:1	north
oe	comparison_form	lifed	Germanic/docs/lexeme_reports/model_entries/2107-live-lifeþ.model.md:35:1	
oe	comparison_form	lifed	Germanic/docs/lexeme_reports/model_entries/2107-live-lifeþ.model.md:45:2	
oe	comparison_form	lifed	Germanic/docs/lexeme_reports/model_entries/2107-live-lifeþ.model.md:57:3	
oe	comparison_form	lifed	Germanic/docs/lexeme_reports/model_entries/2107-live-lifeþ.model.md:57:4	
oe	target_form	lifeth	Germanic/docs/lexeme_reports/model_entries/2107-live-lifeþ.model.md:36:1	
oe	target_form	lifeth	Germanic/docs/lexeme_reports/model_entries/2107-live-lifeþ.model.md:57:5	
oe	comparison_form	lifian	Germanic/docs/lexeme_reports/model_entries/2107-live-lifeþ.model.md:29:1	
oe	comparison_form	lifian	Germanic/docs/lexeme_reports/model_entries/2107-live-lifeþ.model.md:34:1	
oe	comparison_form	lifian	Germanic/docs/lexeme_reports/model_entries/2107-live-lifeþ.model.md:58:1	
oe	comparison_form	lifian	Germanic/docs/lexeme_reports/model_entries/2107-live-lifeþ.model.md:58:2	
oe	comparison_form	lihtan	Germanic/docs/lexeme_reports/model_entries/2102-light-līehtan.model.md:25:1	
oe	comparison_form	lihtan	Germanic/docs/lexeme_reports/model_entries/2102-light-līehtan.model.md:33:2	angl
oe	comparison_form	lind	Germanic/docs/lexeme_reports/model_entries/2104-linden-lind.model.md:21:1	
oe	comparison_form	lind	Germanic/docs/lexeme_reports/model_entries/2104-linden-lind.model.md:25:1	
oe	comparison_form	lind	Germanic/docs/lexeme_reports/model_entries/2104-linden-lind.model.md:29:1	
oe	comparison_form	lind	Germanic/docs/lexeme_reports/model_entries/2104-linden-lind.model.md:33:1	
oe	target_form	liorna	Germanic/docs/lexeme_reports/model_entries/2313-learn-(iptv.2sg)-liorna.model.md:37:1	
oe	target_form	liorna	Germanic/docs/lexeme_reports/model_entries/2313-learn-(iptv.2sg)-liorna.model.md:61:3	
oe	comparison_form	liorna	Germanic/docs/lexeme_reports/model_entries/2314-learn-(3sg)-liornaþ.model.md:37:1	
oe	comparison_form	liorna	Germanic/docs/lexeme_reports/model_entries/2314-learn-(3sg)-liornaþ.model.md:69:2	north
oe	comparison_form	liorna	Germanic/docs/lexeme_reports/model_entries/2314-learn-(3sg)-liornaþ.model.md:69:3	north
oe	comparison_form	liornath	Germanic/docs/lexeme_reports/model_entries/2313-learn-(iptv.2sg)-liorna.model.md:62:2	
oe	comparison_form	liornath	Germanic/docs/lexeme_reports/model_entries/2313-learn-(iptv.2sg)-liorna.model.md:62:3	
oe	target_form	liornath	Germanic/docs/lexeme_reports/model_entries/2314-learn-(3sg)-liornaþ.model.md:44:1	
oe	comparison_form	liornath	Germanic/docs/lexeme_reports/model_entries/2314-learn-(3sg)-liornaþ.model.md:53:1	
oe	target_form	liornath	Germanic/docs/lexeme_reports/model_entries/2314-learn-(3sg)-liornaþ.model.md:68:3	
oe	comparison_form	liornes	Germanic/docs/lexeme_reports/model_entries/2314-learn-(3sg)-liornaþ.model.md:38:1	
oe	comparison_form	liornian	Germanic/docs/lexeme_reports/model_entries/2313-learn-(iptv.2sg)-liorna.model.md:21:1	
oe	comparison_form	liornian	Germanic/docs/lexeme_reports/model_entries/2313-learn-(iptv.2sg)-liorna.model.md:60:2	north
oe	comparison_form	liornian	Germanic/docs/lexeme_reports/model_entries/2313-learn-(iptv.2sg)-liorna.model.md:60:4	north
oe	comparison_form	liornian	Germanic/docs/lexeme_reports/model_entries/2314-learn-(3sg)-liornaþ.model.md:21:1	
oe	comparison_form	liornian	Germanic/docs/lexeme_reports/model_entries/2314-learn-(3sg)-liornaþ.model.md:67:2	north
oe	comparison_form	liornian	Germanic/docs/lexeme_reports/model_entries/2314-learn-(3sg)-liornaþ.model.md:67:4	north
oe	comparison_form	lungen	Germanic/docs/lexeme_reports/model_entries/2114-lung-lungen.model.md:22:1	
oe	comparison_form	lungen	Germanic/docs/lexeme_reports/model_entries/2114-lung-lungen.model.md:29:1	
oe	comparison_form	lungen	Germanic/docs/lexeme_reports/model_entries/2114-lung-lungen.model.md:34:1	
oe	comparison_form	lungen	Germanic/docs/lexeme_reports/model_entries/2114-lung-lungen.model.md:45:1	
oe	comparison_form	lyhtan	Germanic/docs/lexeme_reports/model_entries/2102-light-līehtan.model.md:33:3	lws
oe	target_form	maca	Germanic/docs/lexeme_reports/model_entries/2309-make-(iptv.2sg)-maca.model.md:35:1	
oe	target_form	maca	Germanic/docs/lexeme_reports/model_entries/2309-make-(iptv.2sg)-maca.model.md:61:3	
oe	comparison_form	maca	Germanic/docs/lexeme_reports/model_entries/2310-make-(3sg)-macaþ.model.md:36:1	
oe	comparison_form	maca	Germanic/docs/lexeme_reports/model_entries/2310-make-(3sg)-macaþ.model.md:64:2	
oe	comparison_form	maca	Germanic/docs/lexeme_reports/model_entries/2310-make-(3sg)-macaþ.model.md:64:3	
oe	comparison_form	macath	Germanic/docs/lexeme_reports/model_entries/2310-make-(3sg)-macaþ.model.md:40:1	
oe	comparison_form	macath	Germanic/docs/lexeme_reports/model_entries/2309-make-(iptv.2sg)-maca.model.md:36:2	
oe	comparison_form	macath	Germanic/docs/lexeme_reports/model_entries/2309-make-(iptv.2sg)-maca.model.md:62:2	
oe	comparison_form	macath	Germanic/docs/lexeme_reports/model_entries/2309-make-(iptv.2sg)-maca.model.md:62:3	
oe	target_form	macath	Germanic/docs/lexeme_reports/model_entries/2310-make-(3sg)-macaþ.model.md:34:1	
oe	target_form	macath	Germanic/docs/lexeme_reports/model_entries/2310-make-(3sg)-macaþ.model.md:63:3	
oe	comparison_form	macian	Germanic/docs/lexeme_reports/model_entries/2309-make-(iptv.2sg)-maca.model.md:22:1	
oe	comparison_form	macian	Germanic/docs/lexeme_reports/model_entries/2309-make-(iptv.2sg)-maca.model.md:34:1	
oe	comparison_form	macian	Germanic/docs/lexeme_reports/model_entries/2309-make-(iptv.2sg)-maca.model.md:36:1	
oe	comparison_form	macian	Germanic/docs/lexeme_reports/model_entries/2309-make-(iptv.2sg)-maca.model.md:60:2	
oe	comparison_form	macian	Germanic/docs/lexeme_reports/model_entries/2309-make-(iptv.2sg)-maca.model.md:60:3	
oe	comparison_form	macian	Germanic/docs/lexeme_reports/model_entries/2310-make-(3sg)-macaþ.model.md:24:1	
oe	comparison_form	macian	Germanic/docs/lexeme_reports/model_entries/2310-make-(3sg)-macaþ.model.md:33:1	
oe	comparison_form	macian	Germanic/docs/lexeme_reports/model_entries/2310-make-(3sg)-macaþ.model.md:47:1	
oe	comparison_form	macian	Germanic/docs/lexeme_reports/model_entries/2310-make-(3sg)-macaþ.model.md:62:2	
oe	comparison_form	macian	Germanic/docs/lexeme_reports/model_entries/2310-make-(3sg)-macaþ.model.md:62:3	
oe	comparison_form	man	Germanic/docs/lexeme_reports/model_entries/2119-man-mannes.model.md:31:2	
oe	comparison_form	man	Germanic/docs/lexeme_reports/model_entries/2119-man-mannes.model.md:33:1	
oe	comparison_form	man	Germanic/docs/lexeme_reports/model_entries/2119-man-mannes.model.md:34:1	
oe	comparison_form	man	Germanic/docs/lexeme_reports/model_entries/2119-man-mannes.model.md:58:3	
oe	comparison_form	mann	Germanic/docs/lexeme_reports/model_entries/2119-man-mannes.model.md:31:1	
oe	comparison_form	mann	Germanic/docs/lexeme_reports/model_entries/2119-man-mannes.model.md:35:2	
oe	comparison_form	mann	Germanic/docs/lexeme_reports/model_entries/2119-man-mannes.model.md:39:2	
oe	comparison_form	mann	Germanic/docs/lexeme_reports/model_entries/2119-man-mannes.model.md:57:3	
oe	comparison_form	manne	Germanic/docs/lexeme_reports/model_entries/2119-man-mannes.model.md:59:3	
oe	target_form	mannes	Germanic/docs/lexeme_reports/model_entries/2119-man-mannes.model.md:31:3	
oe	target_form	mannes	Germanic/docs/lexeme_reports/model_entries/2119-man-mannes.model.md:33:2	
oe	target_form	mannes	Germanic/docs/lexeme_reports/model_entries/2119-man-mannes.model.md:39:1	
oe	target_form	mannes	Germanic/docs/lexeme_reports/model_entries/2119-man-mannes.model.md:60:3	
oe	comparison_form	med	Germanic/docs/lexeme_reports/model_entries/2124-meed-meorde.model.md:25:1	
oe	comparison_form	med	Germanic/docs/lexeme_reports/model_entries/2124-meed-meorde.model.md:53:1	
oe	comparison_form	menn	Germanic/docs/lexeme_reports/model_entries/2119-man-mannes.model.md:31:4	
oe	comparison_form	menn	Germanic/docs/lexeme_reports/model_entries/2119-man-mannes.model.md:43:1	
oe	comparison_form	meoloc	Germanic/docs/lexeme_reports/model_entries/2126-milk-meoloc.model.md:25:1	
oe	comparison_form	meoloc	Germanic/docs/lexeme_reports/model_entries/2126-milk-meoloc.model.md:29:1	
oe	comparison_form	meord	Germanic/docs/lexeme_reports/model_entries/2124-meed-meorde.model.md:23:1	
oe	comparison_form	meord	Germanic/docs/lexeme_reports/model_entries/2124-meed-meorde.model.md:35:1	
oe	comparison_form	meord	Germanic/docs/lexeme_reports/model_entries/2124-meed-meorde.model.md:40:1	
oe	comparison_form	meord	Germanic/docs/lexeme_reports/model_entries/2124-meed-meorde.model.md:62:2	
oe	comparison_form	meord	Germanic/docs/lexeme_reports/model_entries/2124-meed-meorde.model.md:62:3	
oe	comparison_form	meorda	Germanic/docs/lexeme_reports/model_entries/2124-meed-meorde.model.md:34:1	
oe	comparison_form	meorda	Germanic/docs/lexeme_reports/model_entries/2124-meed-meorde.model.md:65:1	
oe	comparison_form	meorda	Germanic/docs/lexeme_reports/model_entries/2124-meed-meorde.model.md:65:2	
oe	target_form	meorde	Germanic/docs/lexeme_reports/model_entries/2124-meed-meorde.model.md:33:1	
oe	target_form	meorde	Germanic/docs/lexeme_reports/model_entries/2124-meed-meorde.model.md:39:1	
oe	target_form	meorde	Germanic/docs/lexeme_reports/model_entries/2124-meed-meorde.model.md:63:3	
oe	target_form	meorde	Germanic/docs/lexeme_reports/model_entries/2124-meed-meorde.model.md:64:3	
oe	comparison_form	monn	Germanic/docs/lexeme_reports/model_entries/2119-man-mannes.model.md:57:4	
oe	comparison_form	monnes	Germanic/docs/lexeme_reports/model_entries/2119-man-mannes.model.md:35:1	
oe	comparison_form	munuc	Germanic/docs/lexeme_reports/model_entries/2308-youth-ġeoguþ.model.md:52:2	
oe	comparison_form	munuc	Germanic/docs/lexeme_reports/model_entries/2308-youth-ġeoguþ.model.md:53:2	
oe	comparison_form	nabula	Germanic/docs/lexeme_reports/model_entries/2133-navel-nafola.model.md:35:1	
oe	comparison_form	nabula	Germanic/docs/lexeme_reports/model_entries/2133-navel-nafola.model.md:39:2	
oe	comparison_form	nabula	Germanic/docs/lexeme_reports/model_entries/2133-navel-nafola.model.md:62:2	
oe	comparison_form	nabula	Germanic/docs/lexeme_reports/model_entries/2133-navel-nafola.model.md:62:4	
oe	evidence_form	naeddre	Germanic/docs/lexeme_reports/model_entries/1933-adder-nǣdre.model.md:22:3	
oe	evidence_form	naeddre	Germanic/docs/lexeme_reports/model_entries/1933-adder-nǣdre.model.md:31:2	
oe	evidence_form	naeddre	Germanic/docs/lexeme_reports/model_entries/1933-adder-nǣdre.model.md:32:1	
oe	evidence_form	naeddre	Germanic/docs/lexeme_reports/model_entries/1933-adder-nǣdre.model.md:33:1	
oe	evidence_form	naeddre	Germanic/docs/lexeme_reports/model_entries/1933-adder-nǣdre.model.md:40:1	
oe	target_form	naedl	Germanic/docs/lexeme_reports/model_entries/2136-needle-nǣdl.model.md:58:3	
oe	evidence_form	naedre	Germanic/docs/lexeme_reports/model_entries/1933-adder-nǣdre.model.md:32:2	
oe	evidence_form	naedre	Germanic/docs/lexeme_reports/model_entries/1933-adder-nǣdre.model.md:22:2	
oe	evidence_form	naedre	Germanic/docs/lexeme_reports/model_entries/1933-adder-nǣdre.model.md:31:1	
oe	evidence_form	naedre	Germanic/docs/lexeme_reports/model_entries/1933-adder-nǣdre.model.md:38:2	
oe	evidence_form	naedre	Germanic/docs/lexeme_reports/model_entries/1933-adder-nǣdre.model.md:39:1	
oe	comparison_form	nafela	Germanic/docs/lexeme_reports/model_entries/2133-navel-nafola.model.md:21:1	
oe	comparison_form	nafela	Germanic/docs/lexeme_reports/model_entries/2133-navel-nafola.model.md:33:2	
oe	comparison_form	nafela	Germanic/docs/lexeme_reports/model_entries/2133-navel-nafola.model.md:39:1	
oe	comparison_form	nafela	Germanic/docs/lexeme_reports/model_entries/2133-navel-nafola.model.md:62:1	
oe	comparison_form	nafela	Germanic/docs/lexeme_reports/model_entries/2133-navel-nafola.model.md:62:3	
oe	target_form	nafola	Germanic/docs/lexeme_reports/model_entries/2133-navel-nafola.model.md:33:1	
oe	target_form	nafola	Germanic/docs/lexeme_reports/model_entries/2133-navel-nafola.model.md:36:1	
oe	target_form	nafola	Germanic/docs/lexeme_reports/model_entries/2133-navel-nafola.model.md:41:1	
oe	target_form	nafola	Germanic/docs/lexeme_reports/model_entries/2133-navel-nafola.model.md:60:2	
oe	target_form	nafola	Germanic/docs/lexeme_reports/model_entries/2133-navel-nafola.model.md:61:3	
oe	comparison_form	nasu	Germanic/docs/lexeme_reports/model_entries/2143-nose-nosu.model.md:37:1	
oe	comparison_form	nasu	Germanic/docs/lexeme_reports/model_entries/2143-nose-nosu.model.md:40:1	
oe	comparison_form	nasu	Germanic/docs/lexeme_reports/model_entries/2143-nose-nosu.model.md:50:1	
oe	comparison_form	neaht	Germanic/docs/lexeme_reports/model_entries/2140-night-niht.model.md:32:2	
oe	comparison_form	neaht	Germanic/docs/lexeme_reports/model_entries/2140-night-niht.model.md:34:1	
oe	comparison_form	neaht	Germanic/docs/lexeme_reports/model_entries/2140-night-niht.model.md:40:1	
oe	comparison_form	neaht	Germanic/docs/lexeme_reports/model_entries/2140-night-niht.model.md:46:1	
oe	comparison_form	neaht	Germanic/docs/lexeme_reports/model_entries/2140-night-niht.model.md:58:3	
oe	comparison_form	neahtas	Germanic/docs/lexeme_reports/model_entries/2140-night-niht.model.md:36:1	
oe	comparison_form	neht	Germanic/docs/lexeme_reports/model_entries/2140-night-niht.model.md:33:1	
oe	comparison_form	nett	Germanic/docs/lexeme_reports/model_entries/2138-net-nett.model.md:21:1	
oe	comparison_form	nett	Germanic/docs/lexeme_reports/model_entries/2138-net-nett.model.md:25:1	
oe	comparison_form	nett	Germanic/docs/lexeme_reports/model_entries/2138-net-nett.model.md:29:1	
oe	comparison_form	nett	Germanic/docs/lexeme_reports/model_entries/2138-net-nett.model.md:33:1	
oe	comparison_form	nieht	Germanic/docs/lexeme_reports/model_entries/2140-night-niht.model.md:33:2	
oe	target_form	niht	Germanic/docs/lexeme_reports/model_entries/2140-night-niht.model.md:21:1	
oe	target_form	niht	Germanic/docs/lexeme_reports/model_entries/2140-night-niht.model.md:32:1	
oe	target_form	niht	Germanic/docs/lexeme_reports/model_entries/2140-night-niht.model.md:34:2	
oe	target_form	niht	Germanic/docs/lexeme_reports/model_entries/2140-night-niht.model.md:59:3	
oe	comparison_form	raest	Germanic/docs/lexeme_reports/model_entries/2152-rest-ræste.model.md:22:1	
oe	comparison_form	raest	Germanic/docs/lexeme_reports/model_entries/2152-rest-ræste.model.md:33:1	
oe	comparison_form	raest	Germanic/docs/lexeme_reports/model_entries/2152-rest-ræste.model.md:34:1	
oe	comparison_form	raest	Germanic/docs/lexeme_reports/model_entries/2152-rest-ræste.model.md:38:1	
oe	comparison_form	raest	Germanic/docs/lexeme_reports/model_entries/2152-rest-ræste.model.md:59:2	
oe	target_form	raeste	Germanic/docs/lexeme_reports/model_entries/2152-rest-ræste.model.md:34:2	
oe	target_form	raeste	Germanic/docs/lexeme_reports/model_entries/2152-rest-ræste.model.md:37:1	
oe	target_form	raeste	Germanic/docs/lexeme_reports/model_entries/2152-rest-ræste.model.md:60:3	
oe	target_form	reac	Germanic/docs/lexeme_reports/model_entries/2151-reek-rēac.model.md:28:2	
oe	target_form	reac	Germanic/docs/lexeme_reports/model_entries/2151-reek-rēac.model.md:35:1	
oe	target_form	reac	Germanic/docs/lexeme_reports/model_entries/2151-reek-rēac.model.md:40:2	
oe	target_form	reac	Germanic/docs/lexeme_reports/model_entries/2151-reek-rēac.model.md:47:1	
oe	comparison_form	reac	Germanic/docs/lexeme_reports/model_entries/2151-reek-rēac.model.md:31:1	
oe	comparison_form	rec	Germanic/docs/lexeme_reports/model_entries/2151-reek-rēac.model.md:22:1	
oe	comparison_form	rec	Germanic/docs/lexeme_reports/model_entries/2151-reek-rēac.model.md:28:1	
oe	comparison_form	rec	Germanic/docs/lexeme_reports/model_entries/2151-reek-rēac.model.md:28:3	
oe	comparison_form	rec	Germanic/docs/lexeme_reports/model_entries/2151-reek-rēac.model.md:30:1	
oe	comparison_form	rec	Germanic/docs/lexeme_reports/model_entries/2151-reek-rēac.model.md:41:1	
oe	comparison_form	rec	Germanic/docs/lexeme_reports/model_entries/2151-reek-rēac.model.md:46:1	
oe	comparison_form	recels	Germanic/docs/lexeme_reports/model_entries/2151-reek-rēac.model.md:29:1	
oe	comparison_form	reocan	Germanic/docs/lexeme_reports/model_entries/2151-reek-rēac.model.md:31:2	
oe	comparison_form	rust	Germanic/docs/lexeme_reports/model_entries/2162-rust-rust.model.md:22:1	
oe	comparison_form	rust	Germanic/docs/lexeme_reports/model_entries/2162-rust-rust.model.md:35:1	
oe	comparison_form	rust	Germanic/docs/lexeme_reports/model_entries/2162-rust-rust.model.md:45:1	
oe	comparison_form	rust	Germanic/docs/lexeme_reports/model_entries/2162-rust-rust.model.md:49:1	
oe	comparison_form	rust	Germanic/docs/lexeme_reports/model_entries/2162-rust-rust.model.md:51:1	
oe	comparison_form	rust	Germanic/docs/lexeme_reports/model_entries/2162-rust-rust.model.md:33:1	
oe	comparison_form	rúst	Germanic/docs/lexeme_reports/model_entries/2162-rust-rust.model.md:34:1	
oe	comparison_form	sae	Germanic/docs/lexeme_reports/model_entries/2169-sea-sǣ.model.md:22:1	
oe	comparison_form	sae	Germanic/docs/lexeme_reports/model_entries/2169-sea-sǣ.model.md:31:1	
oe	target_form	sae	Germanic/docs/lexeme_reports/model_entries/2169-sea-sǣ.model.md:32:1	
oe	target_form	sae	Germanic/docs/lexeme_reports/model_entries/2169-sea-sǣ.model.md:52:2	
oe	target_form	sae	Germanic/docs/lexeme_reports/model_entries/2169-sea-sǣ.model.md:53:3	
oe	target_form	saep	Germanic/docs/lexeme_reports/model_entries/2168-sap-sæp.model.md:33:1	
oe	target_form	saep	Germanic/docs/lexeme_reports/model_entries/2168-sap-sæp.model.md:46:4	
oe	target_form	saep	Germanic/docs/lexeme_reports/model_entries/2168-sap-sæp.model.md:59:3	
oe	comparison_form	sap	Germanic/docs/lexeme_reports/model_entries/2168-sap-sæp.model.md:34:1	
oe	comparison_form	sape	Germanic/docs/lexeme_reports/model_entries/2168-sap-sæp.model.md:45:2	
oe	comparison_form	sape	Germanic/docs/lexeme_reports/model_entries/2168-sap-sæp.model.md:57:2	
oe	comparison_form	sape	Germanic/docs/lexeme_reports/model_entries/2168-sap-sæp.model.md:57:3	
oe	comparison_form	scawian	Germanic/docs/lexeme_reports/model_entries/2186-show-sċēawian.model.md:21:4	
oe	comparison_form	sceaf	Germanic/docs/lexeme_reports/model_entries/2184-shove-sċēaf.model.md:29:2	
oe	comparison_form	sceaf	Germanic/docs/lexeme_reports/model_entries/2184-shove-sċēaf.model.md:32:1	
oe	target_form	sceaf	Germanic/docs/lexeme_reports/model_entries/2184-shove-sċēaf.model.md:31:1	
oe	comparison_form	sceaf	Germanic/docs/lexeme_reports/model_entries/2184-shove-sċēaf.model.md:39:1	
oe	comparison_form	sceaf	Germanic/docs/lexeme_reports/model_entries/2184-shove-sċēaf.model.md:44:1	
oe	comparison_form	sceaf	Germanic/docs/lexeme_reports/model_entries/2184-shove-sċēaf.model.md:49:6	
oe	target_form	sceaf	Germanic/docs/lexeme_reports/model_entries/2184-shove-sċēaf.model.md:50:3	
oe	comparison_form	sceawa	Germanic/docs/lexeme_reports/model_entries/2186-show-sċēawian.model.md:25:2	
oe	evidence_form	sceawa	Germanic/docs/lexeme_reports/model_entries/2317-show-(iptv.2sg)-sċēawa.model.md:43:3	
oe	comparison_form	sceawa	Germanic/docs/lexeme_reports/model_entries/2318-show-(3sg)-sċēawaþ.model.md:28:2	
oe	comparison_form	sceawa	Germanic/docs/lexeme_reports/model_entries/2318-show-(3sg)-sċēawaþ.model.md:43:3	
oe	evidence_form	sceawa	Germanic/docs/lexeme_reports/model_entries/2317-show-(iptv.2sg)-sċēawa.model.md:43:2	
oe	evidence_form	sceawa	Germanic/docs/lexeme_reports/model_entries/2317-show-(iptv.2sg)-sċēawa.model.md:43:4	
oe	evidence_form	sceawath	Germanic/docs/lexeme_reports/model_entries/2317-show-(iptv.2sg)-sċēawa.model.md:44:2	
oe	evidence_form	sceawath	Germanic/docs/lexeme_reports/model_entries/2317-show-(iptv.2sg)-sċēawa.model.md:44:3	
oe	target_form	sceawath	Germanic/docs/lexeme_reports/model_entries/2318-show-(3sg)-sċēawaþ.model.md:30:1	
oe	target_form	sceawath	Germanic/docs/lexeme_reports/model_entries/2318-show-(3sg)-sċēawaþ.model.md:44:2	
oe	target_form	sceawath	Germanic/docs/lexeme_reports/model_entries/2318-show-(3sg)-sċēawaþ.model.md:44:3	
oe	comparison_form	sceawian	Germanic/docs/lexeme_reports/model_entries/2318-show-(3sg)-sċēawaþ.model.md:22:2	
oe	comparison_form	sceawian	Germanic/docs/lexeme_reports/model_entries/2318-show-(3sg)-sċēawaþ.model.md:34:1	
oe	comparison_form	sceawian	Germanic/docs/lexeme_reports/model_entries/2186-show-sċēawian.model.md:21:2	
oe	comparison_form	sceawian	Germanic/docs/lexeme_reports/model_entries/2186-show-sċēawian.model.md:21:3	
oe	comparison_form	sceawian	Germanic/docs/lexeme_reports/model_entries/2186-show-sċēawian.model.md:25:1	
oe	comparison_form	sceawian	Germanic/docs/lexeme_reports/model_entries/2186-show-sċēawian.model.md:25:3	
oe	comparison_form	sceawian	Germanic/docs/lexeme_reports/model_entries/2186-show-sċēawian.model.md:33:1	
oe	evidence_form	sceawian	Germanic/docs/lexeme_reports/model_entries/2317-show-(iptv.2sg)-sċēawa.model.md:42:3	
oe	comparison_form	sceawian	Germanic/docs/lexeme_reports/model_entries/2318-show-(3sg)-sċēawaþ.model.md:28:1	
oe	comparison_form	sceawian	Germanic/docs/lexeme_reports/model_entries/2318-show-(3sg)-sċēawaþ.model.md:42:3	
oe	target_form	sceawian	Germanic/docs/lexeme_reports/model_entries/2186-show-sċēawian.model.md:25:4	
oe	target_form	sceawian	Germanic/docs/lexeme_reports/model_entries/2186-show-sċēawian.model.md:29:2	
oe	target_form	sceawian	Germanic/docs/lexeme_reports/model_entries/2186-show-sċēawian.model.md:33:2	
oe	evidence_form	sceawian	Germanic/docs/lexeme_reports/model_entries/2317-show-(iptv.2sg)-sċēawa.model.md:42:2	
oe	comparison_form	sceofan	Germanic/docs/lexeme_reports/model_entries/2184-shove-sċēaf.model.md:22:1	
oe	comparison_form	sceofan	Germanic/docs/lexeme_reports/model_entries/2184-shove-sċēaf.model.md:28:2	
oe	comparison_form	sceofan	Germanic/docs/lexeme_reports/model_entries/2184-shove-sċēaf.model.md:49:4	
oe	comparison_form	sceofan	Germanic/docs/lexeme_reports/model_entries/2184-shove-sċēaf.model.md:49:2	
oe	comparison_form	sceoldor	Germanic/docs/lexeme_reports/model_entries/2183-shoulder-sċuldrum.model.md:31:4	
oe	comparison_form	scilling	Germanic/docs/lexeme_reports/model_entries/2181-shilling-sċilling.model.md:21:1	
oe	comparison_form	scofen	Germanic/docs/lexeme_reports/model_entries/2184-shove-sċēaf.model.md:29:4	
oe	comparison_form	scofen	Germanic/docs/lexeme_reports/model_entries/2184-shove-sċēaf.model.md:52:2	
oe	comparison_form	scofen	Germanic/docs/lexeme_reports/model_entries/2184-shove-sċēaf.model.md:52:3	
oe	comparison_form	scufan	Germanic/docs/lexeme_reports/model_entries/2184-shove-sċēaf.model.md:29:1	
oe	comparison_form	scufan	Germanic/docs/lexeme_reports/model_entries/2184-shove-sċēaf.model.md:22:2	
oe	comparison_form	scufan	Germanic/docs/lexeme_reports/model_entries/2184-shove-sċēaf.model.md:28:1	
oe	comparison_form	scufan	Germanic/docs/lexeme_reports/model_entries/2184-shove-sċēaf.model.md:49:3	
oe	comparison_form	scufan	Germanic/docs/lexeme_reports/model_entries/2184-shove-sċēaf.model.md:49:5	
oe	comparison_form	scufon	Germanic/docs/lexeme_reports/model_entries/2184-shove-sċēaf.model.md:29:3	
oe	comparison_form	scufon	Germanic/docs/lexeme_reports/model_entries/2184-shove-sċēaf.model.md:51:2	
oe	comparison_form	scufon	Germanic/docs/lexeme_reports/model_entries/2184-shove-sċēaf.model.md:51:4	
oe	comparison_form	scufun	Germanic/docs/lexeme_reports/model_entries/2184-shove-sċēaf.model.md:51:3	
oe	comparison_form	sculdor	Germanic/docs/lexeme_reports/model_entries/2183-shoulder-sċuldrum.model.md:21:1	
oe	comparison_form	sculdor	Germanic/docs/lexeme_reports/model_entries/2183-shoulder-sċuldrum.model.md:29:1	
oe	comparison_form	sculdor	Germanic/docs/lexeme_reports/model_entries/2183-shoulder-sċuldrum.model.md:29:2	
oe	comparison_form	sculdor	Germanic/docs/lexeme_reports/model_entries/2183-shoulder-sċuldrum.model.md:31:3	
oe	comparison_form	sculdor	Germanic/docs/lexeme_reports/model_entries/2183-shoulder-sċuldrum.model.md:47:3	
oe	comparison_form	sculdor	Germanic/docs/lexeme_reports/model_entries/2183-shoulder-sċuldrum.model.md:48:3	
oe	comparison_form	sculdra	Germanic/docs/lexeme_reports/model_entries/2183-shoulder-sċuldrum.model.md:31:1	
oe	comparison_form	sculdra	Germanic/docs/lexeme_reports/model_entries/2183-shoulder-sċuldrum.model.md:31:2	
oe	comparison_form	sculdra	Germanic/docs/lexeme_reports/model_entries/2183-shoulder-sċuldrum.model.md:50:1	
oe	comparison_form	sculdra	Germanic/docs/lexeme_reports/model_entries/2183-shoulder-sċuldrum.model.md:50:2	
oe	comparison_form	sculdrum	Germanic/docs/lexeme_reports/model_entries/2183-shoulder-sċuldrum.model.md:29:3	
oe	comparison_form	sculdrum	Germanic/docs/lexeme_reports/model_entries/2183-shoulder-sċuldrum.model.md:49:3	
oe	comparison_form	sculdrum	Germanic/docs/lexeme_reports/model_entries/2183-shoulder-sċuldrum.model.md:52:1	
oe	evidence_form	sculdrum	Germanic/docs/assembly/capr_book_intro_alpha_01.md:33:1	
oe	target_form	sculdrum	Germanic/docs/lexeme_reports/model_entries/2183-shoulder-sċuldrum.model.md:33:1	
oe	comparison_form	sculdrum	Germanic/docs/lexeme_reports/model_entries/2183-shoulder-sċuldrum.model.md:39:1	
oe	target_form	sculdrum	Germanic/docs/lexeme_reports/model_entries/2183-shoulder-sċuldrum.model.md:49:2	
oe	comparison_form	scyldrum	Germanic/docs/lexeme_reports/model_entries/2183-shoulder-sċuldrum.model.md:31:5	
oe	comparison_form	sep	Germanic/docs/lexeme_reports/model_entries/2168-sap-sæp.model.md:46:2	
oe	comparison_form	sepe	Germanic/docs/lexeme_reports/model_entries/2168-sap-sæp.model.md:46:3	
oe	comparison_form	sepe	Germanic/docs/lexeme_reports/model_entries/2168-sap-sæp.model.md:58:2	
oe	comparison_form	sepe	Germanic/docs/lexeme_reports/model_entries/2168-sap-sæp.model.md:58:3	
oe	comparison_form	sibb	Germanic/docs/lexeme_reports/model_entries/2189-sieve-sife.model.md:27:1	
oe	comparison_form	sibb	Germanic/docs/lexeme_reports/model_entries/2189-sieve-sife.model.md:53:2	
oe	comparison_form	sibb	Germanic/docs/lexeme_reports/model_entries/2189-sieve-sife.model.md:53:3	
oe	comparison_form	sibi	Germanic/docs/lexeme_reports/model_entries/2189-sieve-sife.model.md:33:1	
oe	comparison_form	sibi	Germanic/docs/lexeme_reports/model_entries/2189-sieve-sife.model.md:55:4	
oe	comparison_form	sif	Germanic/docs/lexeme_reports/model_entries/2189-sieve-sife.model.md:54:2	
oe	comparison_form	sif	Germanic/docs/lexeme_reports/model_entries/2189-sieve-sife.model.md:54:3	
oe	target_form	sife	Germanic/docs/lexeme_reports/model_entries/2189-sieve-sife.model.md:21:1	
oe	target_form	sife	Germanic/docs/lexeme_reports/model_entries/2189-sieve-sife.model.md:27:3	
oe	target_form	sife	Germanic/docs/lexeme_reports/model_entries/2189-sieve-sife.model.md:33:2	
oe	target_form	sife	Germanic/docs/lexeme_reports/model_entries/2189-sieve-sife.model.md:33:3	
oe	target_form	sife	Germanic/docs/lexeme_reports/model_entries/2189-sieve-sife.model.md:55:3	
oe	comparison_form	slaepan	Germanic/docs/lexeme_reports/model_entries/2196-sleep-slǣpan.model.md:25:1	
oe	comparison_form	slaepan	Germanic/docs/lexeme_reports/model_entries/2196-sleep-slǣpan.model.md:25:2	
oe	comparison_form	slaepan	Germanic/docs/lexeme_reports/model_entries/2196-sleep-slǣpan.model.md:29:3	
oe	comparison_form	slaepan	Germanic/docs/lexeme_reports/model_entries/2196-sleep-slǣpan.model.md:29:1	
oe	comparison_form	slapan	Germanic/docs/lexeme_reports/model_entries/2196-sleep-slǣpan.model.md:25:3	
oe	comparison_form	slapan	Germanic/docs/lexeme_reports/model_entries/2196-sleep-slǣpan.model.md:29:2	
oe	comparison_form	slepan	Germanic/docs/lexeme_reports/model_entries/2196-sleep-slǣpan.model.md:29:4	
oe	comparison_form	smierwan	Germanic/docs/lexeme_reports/model_entries/2198-smear-smierwan.model.md:21:1	
oe	comparison_form	smierwan	Germanic/docs/lexeme_reports/model_entries/2198-smear-smierwan.model.md:25:1	
oe	comparison_form	smierwan	Germanic/docs/lexeme_reports/model_entries/2198-smear-smierwan.model.md:29:1	
oe	comparison_form	smierwan	Germanic/docs/lexeme_reports/model_entries/2198-smear-smierwan.model.md:33:1	
oe	comparison_form	smirwan	Germanic/docs/lexeme_reports/model_entries/2198-smear-smierwan.model.md:21:2	merc
oe	comparison_form	smirwan	Germanic/docs/lexeme_reports/model_entries/2198-smear-smierwan.model.md:25:2	
oe	comparison_form	smirwan	Germanic/docs/lexeme_reports/model_entries/2198-smear-smierwan.model.md:29:2	angl
oe	comparison_form	smirwan	Germanic/docs/lexeme_reports/model_entries/2198-smear-smierwan.model.md:33:2	
oe	evidence_form	spaer	Germanic/docs/lexeme_reports/model_entries/2205-spare-sparian.model.md:32:2	
oe	evidence_form	spaer	Germanic/docs/lexeme_reports/model_entries/2205-spare-sparian.model.md:46:1	
oe	evidence_form	spaer	Germanic/docs/lexeme_reports/model_entries/2205-spare-sparian.model.md:57:2	
oe	evidence_form	spaere	Germanic/docs/lexeme_reports/model_entries/2205-spare-sparian.model.md:57:1	
oe	evidence_form	spaerede	Germanic/docs/lexeme_reports/model_entries/2205-spare-sparian.model.md:33:1	
oe	evidence_form	spaerede	Germanic/docs/lexeme_reports/model_entries/2205-spare-sparian.model.md:35:2	north
oe	evidence_form	spaereth	Germanic/docs/lexeme_reports/model_entries/2205-spare-sparian.model.md:58:1	
oe	evidence_form	spaeria	Germanic/docs/lexeme_reports/model_entries/2205-spare-sparian.model.md:32:1	
oe	evidence_form	spaeria	Germanic/docs/lexeme_reports/model_entries/2205-spare-sparian.model.md:35:1	north
oe	comparison_form	spann	Germanic/docs/lexeme_reports/model_entries/2203-span-spanne.model.md:21:1	
oe	comparison_form	spann	Germanic/docs/lexeme_reports/model_entries/2203-span-spanne.model.md:29:1	
oe	comparison_form	spann	Germanic/docs/lexeme_reports/model_entries/2203-span-spanne.model.md:29:3	
oe	comparison_form	spann	Germanic/docs/lexeme_reports/model_entries/2203-span-spanne.model.md:46:3	
oe	comparison_form	spannan	Germanic/docs/lexeme_reports/model_entries/2202-span-spannan.model.md:21:1	
oe	comparison_form	spannan	Germanic/docs/lexeme_reports/model_entries/2202-span-spannan.model.md:25:1	
oe	comparison_form	spannan	Germanic/docs/lexeme_reports/model_entries/2202-span-spannan.model.md:29:1	
oe	comparison_form	spannan	Germanic/docs/lexeme_reports/model_entries/2202-span-spannan.model.md:33:1	
oe	target_form	spanne	Germanic/docs/lexeme_reports/model_entries/2203-span-spanne.model.md:29:2	
oe	target_form	spanne	Germanic/docs/lexeme_reports/model_entries/2203-span-spanne.model.md:30:1	
oe	target_form	spanne	Germanic/docs/lexeme_reports/model_entries/2203-span-spanne.model.md:37:1	
oe	target_form	spanne	Germanic/docs/lexeme_reports/model_entries/2203-span-spanne.model.md:47:3	
oe	evidence_form	sparen	Germanic/docs/lexeme_reports/model_entries/2205-spare-sparian.model.md:56:2	
oe	evidence_form	sparian	Germanic/docs/lexeme_reports/model_entries/2205-spare-sparian.model.md:26:1	
oe	evidence_form	sparian	Germanic/docs/lexeme_reports/model_entries/2205-spare-sparian.model.md:31:1	
oe	evidence_form	sparian	Germanic/docs/lexeme_reports/model_entries/2205-spare-sparian.model.md:35:3	
oe	evidence_form	sparian	Germanic/docs/lexeme_reports/model_entries/2205-spare-sparian.model.md:37:1	
oe	evidence_form	sparian	Germanic/docs/lexeme_reports/model_entries/2205-spare-sparian.model.md:45:1	
oe	evidence_form	sparian	Germanic/docs/lexeme_reports/model_entries/2205-spare-sparian.model.md:56:3	
oe	evidence_form	sparian	Germanic/docs/lexeme_reports/model_entries/2205-spare-sparian.model.md:59:2	
oe	evidence_form	sparian	Germanic/docs/lexeme_reports/model_entries/2205-spare-sparian.model.md:59:3	
oe	evidence_form	spearad	Germanic/docs/lexeme_reports/model_entries/2205-spare-sparian.model.md:33:2	
oe	evidence_form	spearad	Germanic/docs/lexeme_reports/model_entries/2205-spare-sparian.model.md:36:1	
oe	evidence_form	spearad	Germanic/docs/lexeme_reports/model_entries/2205-spare-sparian.model.md:58:2	
oe	comparison_form	spearra	Germanic/docs/lexeme_reports/model_entries/2204-spar-spearra.model.md:25:1	
oe	comparison_form	spearra	Germanic/docs/lexeme_reports/model_entries/2204-spar-spearra.model.md:29:1	
oe	comparison_form	spearra	Germanic/docs/lexeme_reports/model_entries/2204-spar-spearra.model.md:33:1	
oe	target_form	staef	Germanic/docs/lexeme_reports/model_entries/2212-staff-stæf.model.md:29:1	
oe	target_form	staef	Germanic/docs/lexeme_reports/model_entries/2212-staff-stæf.model.md:30:1	
oe	target_form	staef	Germanic/docs/lexeme_reports/model_entries/2212-staff-stæf.model.md:31:1	
oe	target_form	staef	Germanic/docs/lexeme_reports/model_entries/2212-staff-stæf.model.md:51:3	
oe	target_form	staef	Germanic/docs/lexeme_reports/model_entries/2212-staff-stæf.model.md:53:3	
oe	comparison_form	stafas	Germanic/docs/lexeme_reports/model_entries/2212-staff-stæf.model.md:31:2	
oe	comparison_form	stefe	Germanic/docs/lexeme_reports/model_entries/2212-staff-stæf.model.md:41:1	
oe	target_form	stefn	Germanic/docs/lexeme_reports/model_entries/2216-stem-stefn.model.md:42:1	
oe	target_form	stefn	Germanic/docs/lexeme_reports/model_entries/2216-stem-stefn.model.md:51:1	
oe	comparison_form	stefn	Germanic/docs/lexeme_reports/model_entries/2216-stem-stefn.model.md:57:1	
oe	target_form	stefn	Germanic/docs/lexeme_reports/model_entries/2216-stem-stefn.model.md:91:1	
oe	comparison_form	stefna	Germanic/docs/lexeme_reports/model_entries/2216-stem-stefn.model.md:43:1	
oe	comparison_form	stefna	Germanic/docs/lexeme_reports/model_entries/2216-stem-stefn.model.md:52:1	
oe	comparison_form	stefna	Germanic/docs/lexeme_reports/model_entries/2216-stem-stefn.model.md:92:1	
oe	comparison_form	stemn	Germanic/docs/lexeme_reports/model_entries/2216-stem-stefn.model.md:94:1	
oe	comparison_form	still	Germanic/docs/lexeme_reports/model_entries/2217-still-stillan.model.md:21:1	
oe	comparison_form	stille	Germanic/docs/lexeme_reports/model_entries/2217-still-stillan.model.md:25:1	
oe	comparison_form	stille	Germanic/docs/lexeme_reports/model_entries/2217-still-stillan.model.md:33:1	
oe	comparison_form	stofn	Germanic/docs/lexeme_reports/model_entries/2216-stem-stefn.model.md:44:1	
oe	comparison_form	stofn	Germanic/docs/lexeme_reports/model_entries/2216-stem-stefn.model.md:93:1	
oe	comparison_form	streawian	Germanic/docs/lexeme_reports/model_entries/2227-strew-strīeġan.model.md:39:3	
oe	comparison_form	streawian	Germanic/docs/lexeme_reports/model_entries/2227-strew-strīeġan.model.md:55:3	
oe	comparison_form	streawian	Germanic/docs/lexeme_reports/model_entries/2227-strew-strīeġan.model.md:65:3	
oe	comparison_form	stregan	Germanic/docs/lexeme_reports/model_entries/2227-strew-strīeġan.model.md:26:1	
oe	comparison_form	stregan	Germanic/docs/lexeme_reports/model_entries/2227-strew-strīeġan.model.md:38:1	angl
oe	comparison_form	stregan	Germanic/docs/lexeme_reports/model_entries/2227-strew-strīeġan.model.md:54:1	angl
oe	comparison_form	stregan	Germanic/docs/lexeme_reports/model_entries/2227-strew-strīeġan.model.md:63:1	angl
oe	comparison_form	streowian	Germanic/docs/lexeme_reports/model_entries/2227-strew-strīeġan.model.md:23:1	
oe	comparison_form	streowian	Germanic/docs/lexeme_reports/model_entries/2227-strew-strīeġan.model.md:27:1	
oe	comparison_form	streowian	Germanic/docs/lexeme_reports/model_entries/2227-strew-strīeġan.model.md:39:2	
oe	comparison_form	streowian	Germanic/docs/lexeme_reports/model_entries/2227-strew-strīeġan.model.md:55:2	
oe	comparison_form	streowian	Germanic/docs/lexeme_reports/model_entries/2227-strew-strīeġan.model.md:65:2	
oe	comparison_form	strewian	Germanic/docs/lexeme_reports/model_entries/2227-strew-strīeġan.model.md:39:1	
oe	comparison_form	strewian	Germanic/docs/lexeme_reports/model_entries/2227-strew-strīeġan.model.md:55:1	
oe	comparison_form	strewian	Germanic/docs/lexeme_reports/model_entries/2227-strew-strīeġan.model.md:65:1	
oe	comparison_form	strezan	Germanic/docs/lexeme_reports/model_entries/2227-strew-strīeġan.model.md:31:1	angl
oe	target_form	striegan	Germanic/docs/lexeme_reports/model_entries/2227-strew-strīeġan.model.md:43:1	
oe	target_form	striegan	Germanic/docs/lexeme_reports/model_entries/2227-strew-strīeġan.model.md:64:1	
oe	comparison_form	sumer	Germanic/docs/lexeme_reports/model_entries/2230-summer-sumer.model.md:25:7	
oe	comparison_form	sumer	Germanic/docs/lexeme_reports/model_entries/2230-summer-sumer.model.md:29:1	
oe	comparison_form	sumer	Germanic/docs/lexeme_reports/model_entries/2230-summer-sumer.model.md:33:2	
oe	comparison_form	sumera	Germanic/docs/lexeme_reports/model_entries/2230-summer-sumer.model.md:25:3	
oe	comparison_form	sumere	Germanic/docs/lexeme_reports/model_entries/2230-summer-sumer.model.md:25:4	
oe	comparison_form	sumere	Germanic/docs/lexeme_reports/model_entries/2230-summer-sumer.model.md:33:5	
oe	comparison_form	sumeres	Germanic/docs/lexeme_reports/model_entries/2230-summer-sumer.model.md:25:2	
oe	comparison_form	sumeres	Germanic/docs/lexeme_reports/model_entries/2230-summer-sumer.model.md:25:5	
oe	comparison_form	sumeres	Germanic/docs/lexeme_reports/model_entries/2230-summer-sumer.model.md:33:4	
oe	comparison_form	sumor	Germanic/docs/lexeme_reports/model_entries/2230-summer-sumer.model.md:25:1	
oe	comparison_form	sumor	Germanic/docs/lexeme_reports/model_entries/2230-summer-sumer.model.md:25:6	
oe	comparison_form	sumor	Germanic/docs/lexeme_reports/model_entries/2230-summer-sumer.model.md:29:2	
oe	comparison_form	sumor	Germanic/docs/lexeme_reports/model_entries/2230-summer-sumer.model.md:33:1	
oe	comparison_form	sumor	Germanic/docs/lexeme_reports/model_entries/2230-summer-sumer.model.md:33:3	
oe	comparison_form	sundor	Germanic/docs/lexeme_reports/model_entries/2232-sunder-sundrian.model.md:21:1	
oe	comparison_form	sundor	Germanic/docs/lexeme_reports/model_entries/2232-sunder-sundrian.model.md:35:1	
oe	comparison_form	swalwe	Germanic/docs/lexeme_reports/model_entries/2234-swallow-swealwe.model.md:21:2	merc
oe	comparison_form	swan	Germanic/docs/lexeme_reports/model_entries/2235-swan-swanes.model.md:26:2	
oe	comparison_form	swan	Germanic/docs/lexeme_reports/model_entries/2235-swan-swanes.model.md:31:1	
oe	comparison_form	swan	Germanic/docs/lexeme_reports/model_entries/2235-swan-swanes.model.md:52:2	
oe	comparison_form	swan	Germanic/docs/lexeme_reports/model_entries/2235-swan-swanes.model.md:52:3	
oe	target_form	swanes	Germanic/docs/lexeme_reports/model_entries/2235-swan-swanes.model.md:27:2	
oe	target_form	swanes	Germanic/docs/lexeme_reports/model_entries/2235-swan-swanes.model.md:32:1	
oe	target_form	swanes	Germanic/docs/lexeme_reports/model_entries/2235-swan-swanes.model.md:53:3	
oe	comparison_form	swealwe	Germanic/docs/lexeme_reports/model_entries/2234-swallow-swealwe.model.md:21:1	
oe	comparison_form	swin	Germanic/docs/lexeme_reports/model_entries/2238-swine-swīn.model.md:29:1	
oe	comparison_form	syndrian	Germanic/docs/lexeme_reports/model_entries/2232-sunder-sundrian.model.md:21:2	
oe	comparison_form	syndrian	Germanic/docs/lexeme_reports/model_entries/2232-sunder-sundrian.model.md:31:1	
oe	comparison_form	syndrian	Germanic/docs/lexeme_reports/model_entries/2232-sunder-sundrian.model.md:35:2	
oe	comparison_form	tacn	Germanic/docs/lexeme_reports/model_entries/2250-thistle-þistles.model.md:37:1	
oe	target_form	taeppa	Germanic/docs/lexeme_reports/model_entries/2240-tap-tæppa.model.md:22:1	
oe	target_form	taeppa	Germanic/docs/lexeme_reports/model_entries/2240-tap-tæppa.model.md:28:1	
oe	target_form	taeppa	Germanic/docs/lexeme_reports/model_entries/2240-tap-tæppa.model.md:29:1	
oe	target_form	taeppa	Germanic/docs/lexeme_reports/model_entries/2240-tap-tæppa.model.md:36:1	
oe	target_form	taeppa	Germanic/docs/lexeme_reports/model_entries/2240-tap-tæppa.model.md:40:1	
oe	target_form	taeppa	Germanic/docs/lexeme_reports/model_entries/2240-tap-tæppa.model.md:47:1	
oe	comparison_form	teppan	Germanic/docs/lexeme_reports/model_entries/2240-tap-tæppa.model.md:39:1	
oe	comparison_form	teppan	Germanic/docs/lexeme_reports/model_entries/2240-tap-tæppa.model.md:48:2	
oe	comparison_form	thistel	Germanic/docs/lexeme_reports/model_entries/2250-thistle-þistles.model.md:27:2	
oe	comparison_form	thistel	Germanic/docs/lexeme_reports/model_entries/2250-thistle-þistles.model.md:28:1	
oe	comparison_form	thistel	Germanic/docs/lexeme_reports/model_entries/2250-thistle-þistles.model.md:27:1	
oe	comparison_form	thistel	Germanic/docs/lexeme_reports/model_entries/2250-thistle-þistles.model.md:41:1	
oe	comparison_form	thistel	Germanic/docs/lexeme_reports/model_entries/2250-thistle-þistles.model.md:50:3	
oe	target_form	thistles	Germanic/docs/lexeme_reports/model_entries/2250-thistle-þistles.model.md:29:1	
oe	target_form	thistles	Germanic/docs/lexeme_reports/model_entries/2250-thistle-þistles.model.md:51:3	
oe	comparison_form	threo	Germanic/docs/lexeme_reports/model_entries/2254-three-þrīe.model.md:34:1	
oe	comparison_form	threo	Germanic/docs/lexeme_reports/model_entries/2254-three-þrīe.model.md:56:1	
oe	comparison_form	threora	Germanic/docs/lexeme_reports/model_entries/2254-three-þrīe.model.md:34:2	
oe	comparison_form	threora	Germanic/docs/lexeme_reports/model_entries/2254-three-þrīe.model.md:57:1	
oe	target_form	thrie	Germanic/docs/lexeme_reports/model_entries/2254-three-þrīe.model.md:33:1	
oe	target_form	thrie	Germanic/docs/lexeme_reports/model_entries/2254-three-þrīe.model.md:36:1	
oe	target_form	thrie	Germanic/docs/lexeme_reports/model_entries/2254-three-þrīe.model.md:40:1	
oe	target_form	thrie	Germanic/docs/lexeme_reports/model_entries/2254-three-þrīe.model.md:54:1	
oe	comparison_form	thrim	Germanic/docs/lexeme_reports/model_entries/2254-three-þrīe.model.md:35:1	
oe	comparison_form	thrim	Germanic/docs/lexeme_reports/model_entries/2254-three-þrīe.model.md:57:2	
oe	target_form	thusend	Germanic/docs/lexeme_reports/model_entries/2252-thousand-þūsend.model.md:22:1	
oe	target_form	thusend	Germanic/docs/lexeme_reports/model_entries/2252-thousand-þūsend.model.md:28:1	
oe	target_form	thusend	Germanic/docs/lexeme_reports/model_entries/2252-thousand-þūsend.model.md:43:1	
oe	comparison_form	thysend	Germanic/docs/lexeme_reports/model_entries/2252-thousand-þūsend.model.md:42:1	
oe	comparison_form	thysend	Germanic/docs/lexeme_reports/model_entries/2252-thousand-þūsend.model.md:66:2	
oe	target_form	timber	Germanic/docs/lexeme_reports/model_entries/2258-timber-timber.model.md:22:1	
oe	target_form	timber	Germanic/docs/lexeme_reports/model_entries/2258-timber-timber.model.md:24:2	
oe	target_form	timber	Germanic/docs/lexeme_reports/model_entries/2258-timber-timber.model.md:32:1	
oe	target_form	timber	Germanic/docs/lexeme_reports/model_entries/2258-timber-timber.model.md:47:2	
oe	comparison_form	timbor	Germanic/docs/lexeme_reports/model_entries/2258-timber-timber.model.md:32:2	
oe	target_form	wacan	Germanic/docs/lexeme_reports/model_entries/2268-wake-wacan.model.md:22:1	
oe	target_form	wacan	Germanic/docs/lexeme_reports/model_entries/2268-wake-wacan.model.md:26:1	
oe	target_form	wacan	Germanic/docs/lexeme_reports/model_entries/2268-wake-wacan.model.md:31:1	
oe	target_form	wacan	Germanic/docs/lexeme_reports/model_entries/2268-wake-wacan.model.md:33:1	
oe	target_form	wacan	Germanic/docs/lexeme_reports/model_entries/2268-wake-wacan.model.md:36:1	
oe	target_form	wacan	Germanic/docs/lexeme_reports/model_entries/2268-wake-wacan.model.md:55:1	
oe	comparison_form	wacian	Germanic/docs/lexeme_reports/model_entries/2268-wake-wacan.model.md:23:1	
oe	comparison_form	wacian	Germanic/docs/lexeme_reports/model_entries/2268-wake-wacan.model.md:26:2	
oe	comparison_form	wacian	Germanic/docs/lexeme_reports/model_entries/2268-wake-wacan.model.md:31:2	
oe	comparison_form	wacian	Germanic/docs/lexeme_reports/model_entries/2268-wake-wacan.model.md:44:2	
oe	comparison_form	wacian	Germanic/docs/lexeme_reports/model_entries/2268-wake-wacan.model.md:53:2	
oe	comparison_form	wadan	Germanic/docs/lexeme_reports/model_entries/2266-wade-wadan.model.md:21:1	
oe	comparison_form	wadan	Germanic/docs/lexeme_reports/model_entries/2266-wade-wadan.model.md:25:1	
oe	comparison_form	wadan	Germanic/docs/lexeme_reports/model_entries/2266-wade-wadan.model.md:29:1	
oe	comparison_form	waecnan	Germanic/docs/lexeme_reports/model_entries/2268-wake-wacan.model.md:34:1	
oe	comparison_form	waefs	Germanic/docs/lexeme_reports/model_entries/2273-wasp-wæfs.model.md:34:2	
oe	target_form	waefs	Germanic/docs/lexeme_reports/model_entries/2273-wasp-wæfs.model.md:26:1	
oe	target_form	waefs	Germanic/docs/lexeme_reports/model_entries/2273-wasp-wæfs.model.md:34:1	
oe	target_form	waefs	Germanic/docs/lexeme_reports/model_entries/2273-wasp-wæfs.model.md:41:1	
oe	target_form	waefs	Germanic/docs/lexeme_reports/model_entries/2273-wasp-wæfs.model.md:61:1	
oe	comparison_form	waeps	Germanic/docs/lexeme_reports/model_entries/2273-wasp-wæfs.model.md:27:1	
oe	comparison_form	waeps	Germanic/docs/lexeme_reports/model_entries/2273-wasp-wæfs.model.md:37:1	
oe	comparison_form	waeps	Germanic/docs/lexeme_reports/model_entries/2273-wasp-wæfs.model.md:38:1	
oe	comparison_form	waeps	Germanic/docs/lexeme_reports/model_entries/2273-wasp-wæfs.model.md:50:1	
oe	comparison_form	waeps	Germanic/docs/lexeme_reports/model_entries/2273-wasp-wæfs.model.md:62:1	
oe	comparison_form	waesp	Germanic/docs/lexeme_reports/model_entries/2273-wasp-wæfs.model.md:26:2	
oe	comparison_form	waesp	Germanic/docs/lexeme_reports/model_entries/2273-wasp-wæfs.model.md:37:2	
oe	comparison_form	waesp	Germanic/docs/lexeme_reports/model_entries/2273-wasp-wæfs.model.md:50:2	
oe	comparison_form	waesp	Germanic/docs/lexeme_reports/model_entries/2273-wasp-wæfs.model.md:63:1	
oe	target_form	waeter	Germanic/docs/lexeme_reports/model_entries/2274-water-wæter.model.md:27:1	
oe	target_form	waeter	Germanic/docs/lexeme_reports/model_entries/2274-water-wæter.model.md:32:1	
oe	target_form	waeter	Germanic/docs/lexeme_reports/model_entries/2274-water-wæter.model.md:53:2	
oe	evidence_form	waeter	Germanic/docs/sound_changes/reader_facing/reader_facing_local_section_19.md:289:6	
oe	evidence_form	waeter	Germanic/docs/sound_changes/reader_facing/reader_facing_local_section_19.md:304:3	
oe	comparison_form	waetera	Germanic/docs/lexeme_reports/model_entries/2274-water-wæter.model.md:33:3	
oe	comparison_form	waetere	Germanic/docs/lexeme_reports/model_entries/2274-water-wæter.model.md:33:2	
oe	comparison_form	waeteres	Germanic/docs/lexeme_reports/model_entries/2274-water-wæter.model.md:33:1	
oe	comparison_form	waeterum	Germanic/docs/lexeme_reports/model_entries/2274-water-wæter.model.md:33:4	
oe	comparison_form	wald	Germanic/docs/lexeme_reports/model_entries/2297-wold-weald.model.md:21:2	
oe	comparison_form	wald	Germanic/docs/lexeme_reports/model_entries/2297-wold-weald.model.md:25:2	angl
oe	comparison_form	wald	Germanic/docs/lexeme_reports/model_entries/2297-wold-weald.model.md:33:1	angl
oe	comparison_form	wanian	Germanic/docs/lexeme_reports/model_entries/2286-whine-hwīnan.model.md:22:2	
oe	comparison_form	wanian	Germanic/docs/lexeme_reports/model_entries/2286-whine-hwīnan.model.md:63:2	
oe	comparison_form	wanian	Germanic/docs/lexeme_reports/model_entries/2286-whine-hwīnan.model.md:63:3	
oe	comparison_form	wasp	Germanic/docs/lexeme_reports/model_entries/2273-wasp-wæfs.model.md:28:1	lws
oe	comparison_form	wasp	Germanic/docs/lexeme_reports/model_entries/2273-wasp-wæfs.model.md:37:3	
oe	comparison_form	wasp	Germanic/docs/lexeme_reports/model_entries/2273-wasp-wæfs.model.md:50:3	
oe	comparison_form	wasp	Germanic/docs/lexeme_reports/model_entries/2273-wasp-wæfs.model.md:63:2	
oe	comparison_form	weald	Germanic/docs/lexeme_reports/model_entries/2297-wold-weald.model.md:21:1	
oe	comparison_form	weald	Germanic/docs/lexeme_reports/model_entries/2297-wold-weald.model.md:25:1	
oe	comparison_form	weald	Germanic/docs/lexeme_reports/model_entries/2297-wold-weald.model.md:29:1	
oe	comparison_form	weald	Germanic/docs/lexeme_reports/model_entries/2297-wold-weald.model.md:33:2	
oe	target_form	weorold	Germanic/docs/lexeme_reports/model_entries/2302-world-weorold.model.md:37:1	
oe	target_form	weorold	Germanic/docs/lexeme_reports/model_entries/2302-world-weorold.model.md:42:1	
oe	target_form	weorold	Germanic/docs/lexeme_reports/model_entries/2302-world-weorold.model.md:68:4	
oe	comparison_form	weoruld	Germanic/docs/lexeme_reports/model_entries/2302-world-weorold.model.md:37:3	merc
oe	comparison_form	weoruld	Germanic/docs/lexeme_reports/model_entries/2302-world-weorold.model.md:70:2	
oe	comparison_form	wiarald	Germanic/docs/lexeme_reports/model_entries/2302-world-weorold.model.md:38:2	kent
oe	comparison_form	wiarald	Germanic/docs/lexeme_reports/model_entries/2302-world-weorold.model.md:70:4	
oe	comparison_form	willa	Germanic/docs/lexeme_reports/model_entries/2293-will-willa.model.md:29:1	
oe	comparison_form	willan	Germanic/docs/lexeme_reports/model_entries/2293-will-willa.model.md:25:1	
oe	comparison_form	willan	Germanic/docs/lexeme_reports/model_entries/2293-will-willa.model.md:33:1	
oe	comparison_form	windan	Germanic/docs/lexeme_reports/model_entries/2294-wind-windan.model.md:25:1	
oe	comparison_form	withig	Germanic/docs/lexeme_reports/model_entries/2296-withy-wīþiġ.model.md:35:1	
oe	target_form	withig	Germanic/docs/lexeme_reports/model_entries/2296-withy-wīþiġ.model.md:36:1	
oe	target_form	withig	Germanic/docs/lexeme_reports/model_entries/2296-withy-wīþiġ.model.md:65:1	
oe	target_form	withig	Germanic/docs/lexeme_reports/model_entries/2296-withy-wīþiġ.model.md:66:3	
oe	comparison_form	wold	Germanic/docs/lexeme_reports/model_entries/2297-wold-weald.model.md:25:3	
oe	comparison_form	world	Germanic/docs/lexeme_reports/model_entries/2302-world-weorold.model.md:39:1	
oe	comparison_form	world	Germanic/docs/lexeme_reports/model_entries/2302-world-weorold.model.md:70:5	
oe	comparison_form	worold	Germanic/docs/lexeme_reports/model_entries/2302-world-weorold.model.md:37:2	
oe	comparison_form	worold	Germanic/docs/lexeme_reports/model_entries/2302-world-weorold.model.md:68:5	
oe	comparison_form	worold	Germanic/docs/lexeme_reports/model_entries/2302-world-weorold.model.md:70:1	
oe	comparison_form	woruld	Germanic/docs/lexeme_reports/model_entries/2302-world-weorold.model.md:38:1	
oe	comparison_form	woruld	Germanic/docs/lexeme_reports/model_entries/2302-world-weorold.model.md:70:3	
oe	comparison_form	wulfai	Germanic/docs/lexeme_reports/model_entries/2298-wolf-wulf.model.md:38:2	
oe	comparison_form	wulfe	Germanic/docs/lexeme_reports/model_entries/2298-wolf-wulf.model.md:37:1	
oe	comparison_form	wulfi	Germanic/docs/lexeme_reports/model_entries/2298-wolf-wulf.model.md:38:1	
oe	comparison_form	wull	Germanic/docs/lexeme_reports/model_entries/2300-wool-wull.model.md:31:1	
oe	target_form	wull	Germanic/docs/lexeme_reports/model_entries/2300-wool-wull.model.md:35:1	
oe	comparison_form	wulle	Germanic/docs/lexeme_reports/model_entries/2300-wool-wull.model.md:28:1	
oe	comparison_form	wulle	Germanic/docs/lexeme_reports/model_entries/2300-wool-wull.model.md:31:2	
oe	comparison_form	wulle	Germanic/docs/lexeme_reports/model_entries/2300-wool-wull.model.md:35:2	
oe	comparison_form	wurold	Germanic/docs/lexeme_reports/model_entries/2302-world-weorold.model.md:39:2	
oe	comparison_form	wylf	Germanic/docs/lexeme_reports/model_entries/2298-wolf-wulf.model.md:53:1	
oe	comparison_form	wépn	Germanic/docs/lexeme_reports/model_entries/2250-thistle-þistles.model.md:37:2	
pgmc	evidence_form	baina	Germanic/docs/lexeme_reports/model_entries/1954-bone-bān.model.md:21:1	
pgmc	evidence_form	baina	Germanic/docs/lexeme_reports/model_entries/1954-bone-bān.model.md:29:1	
pgmc	evidence_form	baina	Germanic/docs/lexeme_reports/model_entries/1954-bone-bān.model.md:29:3	
pgmc	evidence_form	bainan	Germanic/docs/lexeme_reports/model_entries/1954-bone-bān.model.md:21:2	
pgmc	evidence_form	bainan	Germanic/docs/lexeme_reports/model_entries/1954-bone-bān.model.md:29:2	
pgmc	evidence_form	bakana	Germanic/docs/lexeme_reports/model_entries/1934-bake-bacan.model.md:29:1	
pgmc	evidence_form	bakana	Germanic/docs/lexeme_reports/model_entries/1934-bake-bacan.model.md:29:3	
pgmc	evidence_form	bakanan	Germanic/docs/lexeme_reports/model_entries/1934-bake-bacan.model.md:21:1	
pgmc	source_protoform	banna	Germanic/docs/lexeme_reports/model_entries/1936-ban-bannes.model.md:23:1	
pgmc	source_protoform	banna	Germanic/docs/lexeme_reports/model_entries/1936-ban-bannes.model.md:52:1	
pgmc	source_protoform	bannan	Germanic/docs/lexeme_reports/model_entries/1936-ban-bannes.model.md:21:1	
pgmc	selected_input	bannas	Germanic/docs/lexeme_reports/model_entries/1936-ban-bannes.model.md:25:1	
pgmc	selected_input	bannas	Germanic/docs/lexeme_reports/model_entries/1936-ban-bannes.model.md:40:1	
pgmc	selected_input	bannas	Germanic/docs/lexeme_reports/model_entries/1936-ban-bannes.model.md:53:1	
pgmc	source_protoform	basja	Germanic/docs/lexeme_reports/model_entries/1946-berry-berġes.model.md:21:1	
pgmc	evidence_form	baug	Germanic/docs/lexeme_reports/model_entries/1962-bow-bēag.model.md:23:1	
pgmc	evidence_form	baug	Germanic/docs/lexeme_reports/model_entries/1962-bow-bēag.model.md:47:1	
pgmc	evidence_form	baug	Germanic/docs/lexeme_reports/model_entries/1962-bow-bēag.model.md:65:1	
pgmc	source_protoform	bazja	Germanic/docs/lexeme_reports/model_entries/1946-berry-berġes.model.md:21:2	
pgmc	source_protoform	bazja	Germanic/docs/lexeme_reports/model_entries/1946-berry-berġes.model.md:39:1	
pgmc	source_protoform	bazja	Germanic/docs/lexeme_reports/model_entries/1946-berry-berġes.model.md:51:1	
pgmc	selected_input	bazjas	Germanic/docs/lexeme_reports/model_entries/1946-berry-berġes.model.md:22:1	
pgmc	selected_input	bazjas	Germanic/docs/lexeme_reports/model_entries/1946-berry-berġes.model.md:40:1	
pgmc	selected_input	bazjas	Germanic/docs/lexeme_reports/model_entries/1946-berry-berġes.model.md:52:1	
pgmc	evidence_form	bero	Germanic/docs/lexeme_reports/model_entries/1949-bier-bǣr.model.md:21:1	
pgmc	evidence_form	bero	Germanic/docs/lexeme_reports/model_entries/1949-bier-bǣr.model.md:21:4	
pgmc	evidence_form	bero	Germanic/docs/lexeme_reports/model_entries/1949-bier-bǣr.model.md:33:1	
pgmc	evidence_form	beugana	Germanic/docs/lexeme_reports/model_entries/1962-bow-bēag.model.md:21:1	
pgmc	evidence_form	beugana	Germanic/docs/lexeme_reports/model_entries/1962-bow-bēag.model.md:24:1	
pgmc	evidence_form	beugana	Germanic/docs/lexeme_reports/model_entries/1962-bow-bēag.model.md:64:1	
pgmc	evidence_form	biginnana	Germanic/docs/lexeme_reports/model_entries/1943-begin-beġinnan.model.md:21:1	
pgmc	evidence_form	biginnana	Germanic/docs/lexeme_reports/model_entries/1943-begin-beġinnan.model.md:33:1	
pgmc	selected_input	bo	Germanic/docs/lexeme_reports/model_entries/1958-both-bū.model.md:24:1	
pgmc	selected_input	bo	Germanic/docs/lexeme_reports/model_entries/1958-both-bū.model.md:32:1	
pgmc	selected_input	bo	Germanic/docs/lexeme_reports/model_entries/1958-both-bū.model.md:51:1	
pgmc	selected_input	bo	Germanic/docs/lexeme_reports/model_entries/1958-both-bū.model.md:57:1	
pgmc	selected_input	bo	Germanic/docs/lexeme_reports/model_entries/1958-both-bū.model.md:66:1	
pgmc	evidence_form	brandas	Germanic/docs/lexeme_reports/model_entries/1965-brand-brandes.model.md:23:1	
pgmc	evidence_form	brandas	Germanic/docs/lexeme_reports/model_entries/1965-brand-brandes.model.md:41:1	
pgmc	evidence_form	brandas	Germanic/docs/lexeme_reports/model_entries/1965-brand-brandes.model.md:58:1	
pgmc	evidence_form	brandaz	Germanic/docs/lexeme_reports/model_entries/1965-brand-brandes.model.md:21:1	
pgmc	evidence_form	brandaz	Germanic/docs/lexeme_reports/model_entries/1965-brand-brandes.model.md:57:1	
pgmc	source_protoform	breusta	Germanic/docs/lexeme_reports/model_entries/1968-breast-brēost.model.md:23:2	
pgmc	source_protoform	breusta	Germanic/docs/lexeme_reports/model_entries/1968-breast-brēost.model.md:62:1	
pgmc	selected_input	breusta	Germanic/docs/lexeme_reports/model_entries/1968-breast-brēost.model.md:27:1	
pgmc	selected_input	breusta	Germanic/docs/lexeme_reports/model_entries/1968-breast-brēost.model.md:44:1	
pgmc	selected_input	breusta	Germanic/docs/lexeme_reports/model_entries/1968-breast-brēost.model.md:59:1	
pgmc	source_protoform	brust	Germanic/docs/lexeme_reports/model_entries/1968-breast-brēost.model.md:22:1	
pgmc	source_protoform	brust	Germanic/docs/lexeme_reports/model_entries/1968-breast-brēost.model.md:62:2	
pgmc	source_protoform	brustz	Germanic/docs/lexeme_reports/model_entries/1968-breast-brēost.model.md:28:1	
pgmc	source_protoform	brustz	Germanic/docs/lexeme_reports/model_entries/1968-breast-brēost.model.md:58:1	
pgmc	source_protoform	bukkaz	Germanic/docs/lexeme_reports/model_entries/1973-buck-bucc.model.md:21:1	
pgmc	selected_input	bukkaz	Germanic/docs/lexeme_reports/model_entries/1973-buck-bucc.model.md:38:1	
pgmc	selected_input	bukkaz	Germanic/docs/lexeme_reports/model_entries/1973-buck-bucc.model.md:51:1	
pgmc	selected_input	buro	Germanic/docs/lexeme_reports/model_entries/2311-bore-(iptv.2sg)-bora.model.md:58:1	
pgmc	comparison_form	buro	Germanic/docs/lexeme_reports/model_entries/2312-bore-(3sg)-boraþ.model.md:59:1	
pgmc	source_protoform	burojana	Germanic/docs/lexeme_reports/model_entries/2311-bore-(iptv.2sg)-bora.model.md:57:1	
pgmc	source_protoform	burojana	Germanic/docs/lexeme_reports/model_entries/2312-bore-(3sg)-boraþ.model.md:57:1	
pgmc	comparison_form	burothi	Germanic/docs/lexeme_reports/model_entries/2311-bore-(iptv.2sg)-bora.model.md:59:1	
pgmc	selected_input	burothi	Germanic/docs/lexeme_reports/model_entries/2312-bore-(3sg)-boraþ.model.md:58:1	
pgmc	selected_input	deliz	Germanic/docs/lexeme_reports/model_entries/1990-dill-dile.model.md:24:1	
pgmc	selected_input	deliz	Germanic/docs/lexeme_reports/model_entries/1990-dill-dile.model.md:45:1	
pgmc	selected_input	deliz	Germanic/docs/lexeme_reports/model_entries/1990-dill-dile.model.md:60:1	
pgmc	source_protoform	deljaz	Germanic/docs/lexeme_reports/model_entries/1990-dill-dile.model.md:25:1	
pgmc	source_protoform	deljaz	Germanic/docs/lexeme_reports/model_entries/1990-dill-dile.model.md:59:1	
pgmc	evidence_form	deuzaz	Germanic/docs/sound_changes/reader_facing/reader_facing_local_section_19.md:900:1	
pgmc	evidence_form	draugma	Germanic/docs/sound_changes/reader_facing/reader_facing_local_section_19.md:54:1	
pgmc	source_protoform	fasten	Germanic/docs/lexeme_reports/model_entries/2004-fast-festan.model.md:22:1	
pgmc	source_protoform	fasten	Germanic/docs/lexeme_reports/model_entries/2004-fast-festan.model.md:50:1	
pgmc	source_protoform	fastena	Germanic/docs/lexeme_reports/model_entries/2004-fast-festan.model.md:28:1	
pgmc	source_protoform	fastena	Germanic/docs/lexeme_reports/model_entries/2004-fast-festan.model.md:59:1	
pgmc	selected_input	fastijana	Germanic/docs/lexeme_reports/model_entries/2004-fast-festan.model.md:27:1	
pgmc	selected_input	fastijana	Germanic/docs/lexeme_reports/model_entries/2004-fast-festan.model.md:44:1	
pgmc	selected_input	fastijana	Germanic/docs/lexeme_reports/model_entries/2004-fast-festan.model.md:60:1	
pgmc	source_protoform	fastu	Germanic/docs/lexeme_reports/model_entries/2004-fast-festan.model.md:21:1	
pgmc	evidence_form	fedwor	Germanic/docs/sound_changes/reader_facing/reader_facing_local_section_19.md:289:1	
pgmc	evidence_form	fedwor	Germanic/docs/sound_changes/reader_facing/reader_facing_local_section_19.md:304:1	
pgmc	source_protoform	finthana	Germanic/docs/lexeme_reports/model_entries/2011-find-fundene.model.md:21:1	
pgmc	source_protoform	finthana	Germanic/docs/lexeme_reports/model_entries/2011-find-fundene.model.md:61:1	
pgmc	source_protoform	flasko	Germanic/docs/lexeme_reports/model_entries/2016-flask-flasce.model.md:21:1	
pgmc	source_protoform	flasko	Germanic/docs/lexeme_reports/model_entries/2016-flask-flasce.model.md:59:1	
pgmc	source_protoform	flasko	Germanic/docs/lexeme_reports/model_entries/2016-flask-flasce.model.md:23:2	
pgmc	selected_input	flaskon	Germanic/docs/lexeme_reports/model_entries/2016-flask-flasce.model.md:23:1	
pgmc	selected_input	flaskon	Germanic/docs/lexeme_reports/model_entries/2016-flask-flasce.model.md:42:1	
pgmc	selected_input	flaskon	Germanic/docs/lexeme_reports/model_entries/2016-flask-flasce.model.md:60:1	
pgmc	source_protoform	fulgena	Germanic/docs/lexeme_reports/model_entries/2027-follow-fylġan.model.md:30:1	
pgmc	source_protoform	fulgena	Germanic/docs/lexeme_reports/model_entries/2027-follow-fylġan.model.md:68:1	
pgmc	selected_input	fulgijana	Germanic/docs/lexeme_reports/model_entries/2027-follow-fylġan.model.md:29:1	
pgmc	selected_input	fulgijana	Germanic/docs/lexeme_reports/model_entries/2027-follow-fylġan.model.md:48:1	
pgmc	selected_input	fulgijana	Germanic/docs/lexeme_reports/model_entries/2027-follow-fylġan.model.md:70:1	
pgmc	comparison_form	fundhanaz	Germanic/docs/lexeme_reports/model_entries/2011-find-fundene.model.md:62:1	
pgmc	selected_input	fundhano	Germanic/docs/lexeme_reports/model_entries/2011-find-fundene.model.md:22:2	
pgmc	selected_input	fundhano	Germanic/docs/lexeme_reports/model_entries/2011-find-fundene.model.md:45:1	
pgmc	selected_input	fundhano	Germanic/docs/lexeme_reports/model_entries/2011-find-fundene.model.md:63:1	
pgmc	selected_input	furi	Germanic/docs/lexeme_reports/model_entries/2013-fire-fȳre.model.md:23:1	
pgmc	selected_input	furi	Germanic/docs/lexeme_reports/model_entries/2013-fire-fȳre.model.md:44:1	
pgmc	selected_input	furi	Germanic/docs/lexeme_reports/model_entries/2013-fire-fȳre.model.md:63:1	
pgmc	source_protoform	furxtin	Germanic/docs/lexeme_reports/model_entries/2034-fright-fyrhte.model.md:21:1	
pgmc	source_protoform	furxtin	Germanic/docs/lexeme_reports/model_entries/2034-fright-fyrhte.model.md:60:1	
pgmc	selected_input	furxtinaz	Germanic/docs/lexeme_reports/model_entries/2034-fright-fyrhte.model.md:22:2	
pgmc	selected_input	furxtinaz	Germanic/docs/lexeme_reports/model_entries/2034-fright-fyrhte.model.md:43:1	
pgmc	selected_input	furxtinaz	Germanic/docs/lexeme_reports/model_entries/2034-fright-fyrhte.model.md:62:1	
pgmc	source_protoform	galla	Germanic/docs/lexeme_reports/model_entries/2037-gall-ġealla.model.md:21:1	
pgmc	source_protoform	galla	Germanic/docs/lexeme_reports/model_entries/2037-gall-ġealla.model.md:59:1	
pgmc	selected_input	gallo	Germanic/docs/lexeme_reports/model_entries/2037-gall-ġealla.model.md:23:1	
pgmc	selected_input	gallo	Germanic/docs/lexeme_reports/model_entries/2037-gall-ġealla.model.md:43:1	
pgmc	selected_input	gallo	Germanic/docs/lexeme_reports/model_entries/2037-gall-ġealla.model.md:60:1	
pgmc	evidence_form	hemina	Germanic/docs/lexeme_reports/model_entries/2068-heaven-heofon.model.md:22:1	
pgmc	evidence_form	hemna	Germanic/docs/lexeme_reports/model_entries/2068-heaven-heofon.model.md:22:2	
pgmc	comparison_form	hnakkuns	Germanic/docs/lexeme_reports/model_entries/2134-neck-hnecca.model.md:59:2	
pgmc	comparison_form	hnukkaz	Germanic/docs/lexeme_reports/model_entries/2134-neck-hnecca.model.md:59:1	
pgmc	comparison_form	hwali	Germanic/docs/lexeme_reports/model_entries/2284-whale-hwæl.model.md:25:1	
pgmc	comparison_form	hwali	Germanic/docs/lexeme_reports/model_entries/2284-whale-hwæl.model.md:57:1	
pgmc	selected_input	jugunth	Germanic/docs/lexeme_reports/model_entries/2308-youth-ġeoguþ.model.md:24:1	
pgmc	selected_input	jugunth	Germanic/docs/lexeme_reports/model_entries/2308-youth-ġeoguþ.model.md:48:1	
pgmc	selected_input	jugunth	Germanic/docs/lexeme_reports/model_entries/2308-youth-ġeoguþ.model.md:65:1	
pgmc	comparison_form	jugunthi	Germanic/docs/lexeme_reports/model_entries/2308-youth-ġeoguþ.model.md:66:1	
pgmc	source_protoform	jugunthiz	Germanic/docs/lexeme_reports/model_entries/2308-youth-ġeoguþ.model.md:23:1	
pgmc	source_protoform	jugunthiz	Germanic/docs/lexeme_reports/model_entries/2308-youth-ġeoguþ.model.md:64:1	
pgmc	source_protoform	juwunthi	Germanic/docs/lexeme_reports/model_entries/2308-youth-ġeoguþ.model.md:22:1	
pgmc	source_protoform	juwunthi	Germanic/docs/lexeme_reports/model_entries/2308-youth-ġeoguþ.model.md:63:1	
pgmc	selected_input	knextaz	Germanic/docs/lexeme_reports/model_entries/2086-knight-cniht.model.md:22:1	
pgmc	selected_input	knextaz	Germanic/docs/lexeme_reports/model_entries/2086-knight-cniht.model.md:24:1	
pgmc	selected_input	knextaz	Germanic/docs/lexeme_reports/model_entries/2086-knight-cniht.model.md:29:1	
pgmc	selected_input	knextaz	Germanic/docs/lexeme_reports/model_entries/2086-knight-cniht.model.md:43:1	
pgmc	selected_input	knextaz	Germanic/docs/lexeme_reports/model_entries/2086-knight-cniht.model.md:58:1	
pgmc	source_protoform	knixtaz	Germanic/docs/lexeme_reports/model_entries/2086-knight-cniht.model.md:27:1	
pgmc	source_protoform	knixtaz	Germanic/docs/lexeme_reports/model_entries/2086-knight-cniht.model.md:57:1	
pgmc	selected_input	kweduz	Germanic/docs/lexeme_reports/model_entries/1983-cud-cwedu.model.md:24:1	
pgmc	selected_input	kweduz	Germanic/docs/lexeme_reports/model_entries/1983-cud-cwedu.model.md:39:1	
pgmc	source_protoform	libena	Germanic/docs/lexeme_reports/model_entries/2107-live-lifeþ.model.md:56:1	
pgmc	selected_input	libethi	Germanic/docs/lexeme_reports/model_entries/2107-live-lifeþ.model.md:27:1	
pgmc	selected_input	libethi	Germanic/docs/lexeme_reports/model_entries/2107-live-lifeþ.model.md:44:1	
pgmc	selected_input	libethi	Germanic/docs/lexeme_reports/model_entries/2107-live-lifeþ.model.md:57:1	
pgmc	selected_input	likko	Germanic/docs/lexeme_reports/model_entries/2315-lick-(iptv.2sg)-licca.model.md:43:1	
pgmc	comparison_form	likko	Germanic/docs/lexeme_reports/model_entries/2316-lick-(3sg)-liccaþ.model.md:43:1	
pgmc	source_protoform	likkojana	Germanic/docs/lexeme_reports/model_entries/2315-lick-(iptv.2sg)-licca.model.md:42:1	
pgmc	source_protoform	likkojana	Germanic/docs/lexeme_reports/model_entries/2316-lick-(3sg)-liccaþ.model.md:42:1	
pgmc	source_protoform	likkojanan	Germanic/docs/lexeme_reports/model_entries/2315-lick-(iptv.2sg)-licca.model.md:22:4	
pgmc	source_protoform	likkojanan	Germanic/docs/lexeme_reports/model_entries/2316-lick-(3sg)-liccaþ.model.md:22:4	
pgmc	comparison_form	likkothi	Germanic/docs/lexeme_reports/model_entries/2315-lick-(iptv.2sg)-licca.model.md:44:1	
pgmc	selected_input	likkothi	Germanic/docs/lexeme_reports/model_entries/2316-lick-(3sg)-liccaþ.model.md:34:1	
pgmc	selected_input	likkothi	Germanic/docs/lexeme_reports/model_entries/2316-lick-(3sg)-liccaþ.model.md:44:1	
pgmc	selected_input	lizno	Germanic/docs/lexeme_reports/model_entries/2313-learn-(iptv.2sg)-liorna.model.md:27:1	
pgmc	selected_input	lizno	Germanic/docs/lexeme_reports/model_entries/2313-learn-(iptv.2sg)-liorna.model.md:61:1	
pgmc	comparison_form	lizno	Germanic/docs/lexeme_reports/model_entries/2314-learn-(3sg)-liornaþ.model.md:69:1	
pgmc	source_protoform	liznojana	Germanic/docs/lexeme_reports/model_entries/2313-learn-(iptv.2sg)-liorna.model.md:60:1	
pgmc	source_protoform	liznojana	Germanic/docs/lexeme_reports/model_entries/2314-learn-(3sg)-liornaþ.model.md:67:1	
pgmc	evidence_form	liznojana	Germanic/docs/sound_changes/reader_facing/reader_facing_local_section_19.md:902:1	
pgmc	comparison_form	liznothi	Germanic/docs/lexeme_reports/model_entries/2313-learn-(iptv.2sg)-liorna.model.md:62:1	
pgmc	selected_input	liznothi	Germanic/docs/lexeme_reports/model_entries/2314-learn-(3sg)-liornaþ.model.md:25:1	
pgmc	selected_input	liznothi	Germanic/docs/lexeme_reports/model_entries/2314-learn-(3sg)-liornaþ.model.md:68:1	
pgmc	selected_input	mako	Germanic/docs/lexeme_reports/model_entries/2309-make-(iptv.2sg)-maca.model.md:27:1	
pgmc	selected_input	mako	Germanic/docs/lexeme_reports/model_entries/2309-make-(iptv.2sg)-maca.model.md:61:1	
pgmc	comparison_form	mako	Germanic/docs/lexeme_reports/model_entries/2310-make-(3sg)-macaþ.model.md:64:1	
pgmc	source_protoform	makojan	Germanic/docs/lexeme_reports/model_entries/2310-make-(3sg)-macaþ.model.md:22:1	
pgmc	source_protoform	makojana	Germanic/docs/lexeme_reports/model_entries/2310-make-(3sg)-macaþ.model.md:62:1	
pgmc	source_protoform	makojana	Germanic/docs/lexeme_reports/model_entries/2309-make-(iptv.2sg)-maca.model.md:60:1	
pgmc	comparison_form	makothi	Germanic/docs/lexeme_reports/model_entries/2309-make-(iptv.2sg)-maca.model.md:62:1	
pgmc	selected_input	makothi	Germanic/docs/lexeme_reports/model_entries/2310-make-(3sg)-macaþ.model.md:28:1	
pgmc	selected_input	makothi	Germanic/docs/lexeme_reports/model_entries/2310-make-(3sg)-macaþ.model.md:63:1	
pgmc	comparison_form	manna	Germanic/docs/lexeme_reports/model_entries/2119-man-mannes.model.md:58:1	
pgmc	comparison_form	mannai	Germanic/docs/lexeme_reports/model_entries/2119-man-mannes.model.md:59:1	
pgmc	selected_input	mannas	Germanic/docs/lexeme_reports/model_entries/2119-man-mannes.model.md:22:1	
pgmc	selected_input	mannas	Germanic/docs/lexeme_reports/model_entries/2119-man-mannes.model.md:60:1	
pgmc	source_protoform	mannaz	Germanic/docs/lexeme_reports/model_entries/2119-man-mannes.model.md:57:1	
pgmc	selected_input	mizdai	Germanic/docs/lexeme_reports/model_entries/2124-meed-meorde.model.md:21:2	
pgmc	selected_input	mizdai	Germanic/docs/lexeme_reports/model_entries/2124-meed-meorde.model.md:63:1	
pgmc	source_protoform	mizdo	Germanic/docs/lexeme_reports/model_entries/2124-meed-meorde.model.md:21:1	
pgmc	source_protoform	mizdo	Germanic/docs/lexeme_reports/model_entries/2124-meed-meorde.model.md:62:1	
pgmc	comparison_form	mizdoz	Germanic/docs/lexeme_reports/model_entries/2124-meed-meorde.model.md:64:1	
pgmc	source_protoform	nablo	Germanic/docs/lexeme_reports/model_entries/2133-navel-nafola.model.md:60:1	
pgmc	selected_input	nabulo	Germanic/docs/lexeme_reports/model_entries/2133-navel-nafola.model.md:25:1	
pgmc	selected_input	nabulo	Germanic/docs/lexeme_reports/model_entries/2133-navel-nafola.model.md:61:1	
pgmc	source_protoform	nadra	Germanic/docs/lexeme_reports/model_entries/1933-adder-nǣdre.model.md:21:1	
pgmc	source_protoform	nadron	Germanic/docs/lexeme_reports/model_entries/1933-adder-nǣdre.model.md:24:2	
pgmc	selected_input	naxti	Germanic/docs/lexeme_reports/model_entries/2140-night-niht.model.md:24:1	
pgmc	selected_input	naxti	Germanic/docs/lexeme_reports/model_entries/2140-night-niht.model.md:59:1	
pgmc	source_protoform	naxtz	Germanic/docs/lexeme_reports/model_entries/2140-night-niht.model.md:22:1	
pgmc	source_protoform	naxtz	Germanic/docs/lexeme_reports/model_entries/2140-night-niht.model.md:58:1	
pgmc	selected_input	nedlo	Germanic/docs/lexeme_reports/model_entries/2136-needle-nǣdl.model.md:23:1	
pgmc	selected_input	nedlo	Germanic/docs/lexeme_reports/model_entries/2136-needle-nǣdl.model.md:58:1	
pgmc	source_protoform	nedron	Germanic/docs/lexeme_reports/model_entries/1933-adder-nǣdre.model.md:24:1	
pgmc	source_protoform	nedron	Germanic/docs/lexeme_reports/model_entries/1933-adder-nǣdre.model.md:22:1	
pgmc	selected_input	nedron	Germanic/docs/lexeme_reports/model_entries/1933-adder-nǣdre.model.md:38:1	
pgmc	source_protoform	nethlo	Germanic/docs/lexeme_reports/model_entries/2136-needle-nǣdl.model.md:24:1	
pgmc	source_protoform	nethlo	Germanic/docs/lexeme_reports/model_entries/2136-needle-nǣdl.model.md:57:1	
pgmc	source_protoform	rasto	Germanic/docs/lexeme_reports/model_entries/2152-rest-ræste.model.md:59:1	
pgmc	source_protoform	rasto	Germanic/docs/lexeme_reports/model_entries/2152-rest-ræste.model.md:21:1	
pgmc	selected_input	rastoz	Germanic/docs/lexeme_reports/model_entries/2152-rest-ræste.model.md:22:2	
pgmc	selected_input	rastoz	Germanic/docs/lexeme_reports/model_entries/2152-rest-ræste.model.md:60:1	
pgmc	evidence_form	rastoz	Germanic/docs/sound_changes/reader_facing/reader_facing_local_section_19.md:919:1	
pgmc	selected_input	raukaz	Germanic/docs/lexeme_reports/model_entries/2151-reek-rēac.model.md:23:1	
pgmc	selected_input	raukaz	Germanic/docs/lexeme_reports/model_entries/2151-reek-rēac.model.md:40:1	
pgmc	source_protoform	rauki	Germanic/docs/lexeme_reports/model_entries/2151-reek-rēac.model.md:21:2	
pgmc	source_protoform	raukiz	Germanic/docs/lexeme_reports/model_entries/2151-reek-rēac.model.md:21:1	
pgmc	source_protoform	sai	Germanic/docs/lexeme_reports/model_entries/2169-sea-sǣ.model.md:25:1	
pgmc	source_protoform	sai	Germanic/docs/lexeme_reports/model_entries/2169-sea-sǣ.model.md:52:1	
pgmc	selected_input	saiwiz	Germanic/docs/lexeme_reports/model_entries/2169-sea-sǣ.model.md:23:1	
pgmc	selected_input	saiwiz	Germanic/docs/lexeme_reports/model_entries/2169-sea-sǣ.model.md:26:1	
pgmc	selected_input	saiwiz	Germanic/docs/lexeme_reports/model_entries/2169-sea-sǣ.model.md:53:1	
pgmc	selected_input	sapa	Germanic/docs/lexeme_reports/model_entries/2168-sap-sæp.model.md:27:1	
pgmc	selected_input	sapa	Germanic/docs/lexeme_reports/model_entries/2168-sap-sæp.model.md:40:1	
pgmc	selected_input	sapa	Germanic/docs/lexeme_reports/model_entries/2168-sap-sæp.model.md:59:1	
pgmc	comparison_form	sapi	Germanic/docs/lexeme_reports/model_entries/2168-sap-sæp.model.md:46:1	
pgmc	comparison_form	sapiz	Germanic/docs/lexeme_reports/model_entries/2168-sap-sæp.model.md:58:1	
pgmc	source_protoform	sapon	Germanic/docs/lexeme_reports/model_entries/2168-sap-sæp.model.md:45:1	
pgmc	source_protoform	sapon	Germanic/docs/lexeme_reports/model_entries/2168-sap-sæp.model.md:57:1	
pgmc	source_protoform	sibaz	Germanic/docs/lexeme_reports/model_entries/2189-sieve-sife.model.md:27:2	
pgmc	source_protoform	sibaz	Germanic/docs/lexeme_reports/model_entries/2189-sieve-sife.model.md:54:1	
pgmc	selected_input	sibi	Germanic/docs/lexeme_reports/model_entries/2189-sieve-sife.model.md:24:1	
pgmc	selected_input	sibi	Germanic/docs/lexeme_reports/model_entries/2189-sieve-sife.model.md:41:1	
pgmc	selected_input	sibi	Germanic/docs/lexeme_reports/model_entries/2189-sieve-sife.model.md:44:1	
pgmc	selected_input	sibi	Germanic/docs/lexeme_reports/model_entries/2189-sieve-sife.model.md:55:1	
pgmc	comparison_form	sibja	Germanic/docs/lexeme_reports/model_entries/2189-sieve-sife.model.md:53:1	
pgmc	selected_input	skaub	Germanic/docs/lexeme_reports/model_entries/2184-shove-sċēaf.model.md:24:1	
pgmc	selected_input	skaub	Germanic/docs/lexeme_reports/model_entries/2184-shove-sċēaf.model.md:50:1	
pgmc	evidence_form	skawo	Germanic/docs/lexeme_reports/model_entries/2317-show-(iptv.2sg)-sċēawa.model.md:43:1	
pgmc	comparison_form	skawo	Germanic/docs/lexeme_reports/model_entries/2318-show-(3sg)-sċēawaþ.model.md:43:1	
pgmc	source_protoform	skawojan	Germanic/docs/lexeme_reports/model_entries/2186-show-sċēawian.model.md:21:1	
pgmc	selected_input	skawojana	Germanic/docs/lexeme_reports/model_entries/2186-show-sċēawian.model.md:29:1	
pgmc	evidence_form	skawojana	Germanic/docs/lexeme_reports/model_entries/2317-show-(iptv.2sg)-sċēawa.model.md:42:1	
pgmc	comparison_form	skawojana	Germanic/docs/lexeme_reports/model_entries/2318-show-(3sg)-sċēawaþ.model.md:42:1	
pgmc	source_protoform	skawojanan	Germanic/docs/lexeme_reports/model_entries/2318-show-(3sg)-sċēawaþ.model.md:22:1	
pgmc	evidence_form	skawothi	Germanic/docs/lexeme_reports/model_entries/2317-show-(iptv.2sg)-sċēawa.model.md:44:1	
pgmc	selected_input	skawothi	Germanic/docs/lexeme_reports/model_entries/2318-show-(3sg)-sċēawaþ.model.md:22:6	
pgmc	selected_input	skawothi	Germanic/docs/lexeme_reports/model_entries/2318-show-(3sg)-sċēawaþ.model.md:34:2	
pgmc	selected_input	skawothi	Germanic/docs/lexeme_reports/model_entries/2318-show-(3sg)-sċēawaþ.model.md:44:1	
pgmc	source_protoform	skeubana	Germanic/docs/lexeme_reports/model_entries/2184-shove-sċēaf.model.md:49:1	
pgmc	comparison_form	skubanaz	Germanic/docs/lexeme_reports/model_entries/2184-shove-sċēaf.model.md:52:1	
pgmc	comparison_form	skubun	Germanic/docs/lexeme_reports/model_entries/2184-shove-sċēaf.model.md:51:1	
pgmc	source_protoform	skuldra	Germanic/docs/lexeme_reports/model_entries/2183-shoulder-sċuldrum.model.md:21:6	
pgmc	evidence_form	skuldramiz	Germanic/docs/assembly/capr_book_intro_alpha_01.md:33:2	
pgmc	selected_input	skuldramiz	Germanic/docs/lexeme_reports/model_entries/2183-shoulder-sċuldrum.model.md:25:1	
pgmc	selected_input	skuldramiz	Germanic/docs/lexeme_reports/model_entries/2183-shoulder-sċuldrum.model.md:49:1	
pgmc	source_protoform	skuldrjon	Germanic/docs/lexeme_reports/model_entries/2183-shoulder-sċuldrum.model.md:21:7	
pgmc	comparison_form	skuldro	Germanic/docs/lexeme_reports/model_entries/2183-shoulder-sċuldrum.model.md:47:1	
pgmc	selected_input	spannai	Germanic/docs/lexeme_reports/model_entries/2203-span-spanne.model.md:22:1	
pgmc	selected_input	spannai	Germanic/docs/lexeme_reports/model_entries/2203-span-spanne.model.md:35:3	
pgmc	selected_input	spannai	Germanic/docs/lexeme_reports/model_entries/2203-span-spanne.model.md:47:1	
pgmc	source_protoform	spanno	Germanic/docs/lexeme_reports/model_entries/2203-span-spanne.model.md:35:1	
pgmc	source_protoform	spanno	Germanic/docs/lexeme_reports/model_entries/2203-span-spanne.model.md:37:2	
pgmc	source_protoform	spanno	Germanic/docs/lexeme_reports/model_entries/2203-span-spanne.model.md:46:1	
pgmc	evidence_form	sparen	Germanic/docs/lexeme_reports/model_entries/2205-spare-sparian.model.md:21:1	
pgmc	evidence_form	sparena	Germanic/docs/lexeme_reports/model_entries/2205-spare-sparian.model.md:27:1	
pgmc	evidence_form	sparena	Germanic/docs/lexeme_reports/model_entries/2205-spare-sparian.model.md:56:1	
pgmc	evidence_form	sparenan	Germanic/docs/lexeme_reports/model_entries/2205-spare-sparian.model.md:22:1	
pgmc	evidence_form	sparojana	Germanic/docs/lexeme_reports/model_entries/2205-spare-sparian.model.md:25:1	
pgmc	evidence_form	sparojana	Germanic/docs/lexeme_reports/model_entries/2205-spare-sparian.model.md:42:1	
pgmc	evidence_form	sparojana	Germanic/docs/lexeme_reports/model_entries/2205-spare-sparian.model.md:59:1	
pgmc	selected_input	stabaz	Germanic/docs/lexeme_reports/model_entries/2212-staff-stæf.model.md:23:1	
pgmc	selected_input	stabaz	Germanic/docs/lexeme_reports/model_entries/2212-staff-stæf.model.md:53:1	
pgmc	source_protoform	stabiz	Germanic/docs/lexeme_reports/model_entries/2212-staff-stæf.model.md:22:1	
pgmc	source_protoform	stabiz	Germanic/docs/lexeme_reports/model_entries/2212-staff-stæf.model.md:51:1	
pgmc	source_protoform	stamnaz	Germanic/docs/lexeme_reports/model_entries/2216-stem-stefn.model.md:21:1	
pgmc	source_protoform	stamnaz	Germanic/docs/lexeme_reports/model_entries/2216-stem-stefn.model.md:58:1	
pgmc	source_protoform	stamnaz	Germanic/docs/lexeme_reports/model_entries/2216-stem-stefn.model.md:82:1	
pgmc	source_protoform	stamnaz	Germanic/docs/lexeme_reports/model_entries/2216-stem-stefn.model.md:90:1	
pgmc	source_protoform	straujan	Germanic/docs/lexeme_reports/model_entries/2227-strew-strīeġan.model.md:22:1	
pgmc	selected_input	swanas	Germanic/docs/lexeme_reports/model_entries/2235-swan-swanes.model.md:23:1	
pgmc	selected_input	swanas	Germanic/docs/lexeme_reports/model_entries/2235-swan-swanes.model.md:27:1	
pgmc	selected_input	swanas	Germanic/docs/lexeme_reports/model_entries/2235-swan-swanes.model.md:53:1	
pgmc	source_protoform	swanaz	Germanic/docs/lexeme_reports/model_entries/2235-swan-swanes.model.md:21:1	
pgmc	source_protoform	swanaz	Germanic/docs/lexeme_reports/model_entries/2235-swan-swanes.model.md:26:1	
pgmc	source_protoform	swanaz	Germanic/docs/lexeme_reports/model_entries/2235-swan-swanes.model.md:52:1	
pgmc	comparison_form	tappjana	Germanic/docs/lexeme_reports/model_entries/2240-tap-tæppa.model.md:48:1	
pgmc	selected_input	tappo	Germanic/docs/lexeme_reports/model_entries/2240-tap-tæppa.model.md:22:2	
pgmc	selected_input	tappo	Germanic/docs/lexeme_reports/model_entries/2240-tap-tæppa.model.md:35:1	
pgmc	selected_input	tappo	Germanic/docs/lexeme_reports/model_entries/2240-tap-tæppa.model.md:46:1	
pgmc	evidence_form	taugma	Germanic/docs/sound_changes/reader_facing/reader_facing_local_section_19.md:55:1	
pgmc	source_protoform	thestilaz	Germanic/docs/lexeme_reports/model_entries/2250-thistle-þistles.model.md:22:1	
pgmc	source_protoform	thestilaz	Germanic/docs/lexeme_reports/model_entries/2250-thistle-þistles.model.md:50:1	
pgmc	selected_input	thistilas	Germanic/docs/lexeme_reports/model_entries/2250-thistle-þistles.model.md:23:1	
pgmc	selected_input	thistilas	Germanic/docs/lexeme_reports/model_entries/2250-thistle-þistles.model.md:38:1	
pgmc	selected_input	thistilas	Germanic/docs/lexeme_reports/model_entries/2250-thistle-þistles.model.md:51:1	
pgmc	selected_input	threjez	Germanic/docs/lexeme_reports/model_entries/2254-three-þrīe.model.md:23:1	
pgmc	selected_input	thusendi	Germanic/docs/lexeme_reports/model_entries/2252-thousand-þūsend.model.md:23:1	
pgmc	selected_input	thusendi	Germanic/docs/lexeme_reports/model_entries/2252-thousand-þūsend.model.md:56:1	
pgmc	selected_input	thusendi	Germanic/docs/lexeme_reports/model_entries/2252-thousand-þūsend.model.md:68:1	
pgmc	source_protoform	thusundi	Germanic/docs/lexeme_reports/model_entries/2252-thousand-þūsend.model.md:21:1	
pgmc	source_protoform	thusundi	Germanic/docs/lexeme_reports/model_entries/2252-thousand-þūsend.model.md:66:1	
pgmc	source_protoform	timbra	Germanic/docs/lexeme_reports/model_entries/2258-timber-timber.model.md:21:1	
pgmc	source_protoform	timbra	Germanic/docs/lexeme_reports/model_entries/2258-timber-timber.model.md:47:1	
pgmc	selected_input	timbra	Germanic/docs/lexeme_reports/model_entries/2258-timber-timber.model.md:49:1	
pgmc	source_protoform	timra	Germanic/docs/lexeme_reports/model_entries/2258-timber-timber.model.md:48:1	
pgmc	selected_input	wabsaz	Germanic/docs/lexeme_reports/model_entries/2273-wasp-wæfs.model.md:21:1	
pgmc	selected_input	wabsaz	Germanic/docs/lexeme_reports/model_entries/2273-wasp-wæfs.model.md:46:1	
pgmc	source_protoform	wainojana	Germanic/docs/lexeme_reports/model_entries/2286-whine-hwīnan.model.md:63:1	
pgmc	source_protoform	wainojanan	Germanic/docs/lexeme_reports/model_entries/2286-whine-hwīnan.model.md:24:2	
pgmc	source_protoform	waithiz	Germanic/docs/lexeme_reports/model_entries/2296-withy-wīþiġ.model.md:64:1	
pgmc	selected_input	wakana	Germanic/docs/lexeme_reports/model_entries/2268-wake-wacan.model.md:42:1	
pgmc	selected_input	wakana	Germanic/docs/lexeme_reports/model_entries/2268-wake-wacan.model.md:54:1	
pgmc	comparison_form	wakena	Germanic/docs/lexeme_reports/model_entries/2268-wake-wacan.model.md:53:1	
pgmc	source_protoform	watna	Germanic/docs/lexeme_reports/model_entries/2274-water-wæter.model.md:53:1	
pgmc	evidence_form	wator	Germanic/docs/sound_changes/reader_facing/reader_facing_local_section_19.md:289:5	
pgmc	evidence_form	wator	Germanic/docs/sound_changes/reader_facing/reader_facing_local_section_19.md:304:2	
pgmc	selected_input	wator	Germanic/docs/lexeme_reports/model_entries/2274-water-wæter.model.md:28:1	
pgmc	selected_input	wator	Germanic/docs/lexeme_reports/model_entries/2274-water-wæter.model.md:55:1	
pgmc	source_protoform	wiraaldiz	Germanic/docs/lexeme_reports/model_entries/2302-world-weorold.model.md:67:1	
pgmc	selected_input	wiraldu	Germanic/docs/lexeme_reports/model_entries/2302-world-weorold.model.md:28:1	
pgmc	selected_input	wiraldu	Germanic/docs/lexeme_reports/model_entries/2302-world-weorold.model.md:69:1	
pgmc	selected_input	withaga	Germanic/docs/lexeme_reports/model_entries/2296-withy-wīþiġ.model.md:29:1	
pgmc	selected_input	withaga	Germanic/docs/lexeme_reports/model_entries/2296-withy-wīþiġ.model.md:41:1	
pgmc	selected_input	withaga	Germanic/docs/lexeme_reports/model_entries/2296-withy-wīþiġ.model.md:46:1	
pgmc	selected_input	withaga	Germanic/docs/lexeme_reports/model_entries/2296-withy-wīþiġ.model.md:66:1	
pgmc	source_protoform	xabena	Germanic/docs/lexeme_reports/model_entries/2058-have-hæfeþ.model.md:22:1	
pgmc	source_protoform	xabena	Germanic/docs/lexeme_reports/model_entries/2058-have-hæfeþ.model.md:61:1	
pgmc	selected_input	xabethi	Germanic/docs/lexeme_reports/model_entries/2058-have-hæfeþ.model.md:28:1	
pgmc	selected_input	xabethi	Germanic/docs/lexeme_reports/model_entries/2058-have-hæfeþ.model.md:45:1	
pgmc	selected_input	xabethi	Germanic/docs/lexeme_reports/model_entries/2058-have-hæfeþ.model.md:62:1	
pgmc	selected_input	xamaras	Germanic/docs/lexeme_reports/model_entries/2053-hammer-hameres.model.md:23:1	
pgmc	selected_input	xamaras	Germanic/docs/lexeme_reports/model_entries/2053-hammer-hameres.model.md:42:1	
pgmc	selected_input	xamaras	Germanic/docs/lexeme_reports/model_entries/2053-hammer-hameres.model.md:58:1	
pgmc	source_protoform	xamaraz	Germanic/docs/lexeme_reports/model_entries/2053-hammer-hameres.model.md:21:1	
pgmc	source_protoform	xamaraz	Germanic/docs/lexeme_reports/model_entries/2053-hammer-hameres.model.md:57:1	
pgmc	evidence_form	xemenaz	Germanic/docs/lexeme_reports/model_entries/2068-heaven-heofon.model.md:24:1	
pgmc	evidence_form	xemenaz	Germanic/docs/lexeme_reports/model_entries/2068-heaven-heofon.model.md:61:1	
pgmc	evidence_form	xemonu	Germanic/docs/lexeme_reports/model_entries/2068-heaven-heofon.model.md:22:3	
pgmc	evidence_form	xemonu	Germanic/docs/lexeme_reports/model_entries/2068-heaven-heofon.model.md:44:1	
pgmc	evidence_form	xemonu	Germanic/docs/lexeme_reports/model_entries/2068-heaven-heofon.model.md:62:1	
pgmc	source_protoform	xnakkaz	Germanic/docs/lexeme_reports/model_entries/2134-neck-hnecca.model.md:27:1	
pgmc	source_protoform	xnakkaz	Germanic/docs/lexeme_reports/model_entries/2134-neck-hnecca.model.md:56:1	
pgmc	comparison_form	xnakko	Germanic/docs/lexeme_reports/model_entries/2134-neck-hnecca.model.md:57:1	
pgmc	selected_input	xnekko	Germanic/docs/lexeme_reports/model_entries/2134-neck-hnecca.model.md:29:1	
pgmc	selected_input	xnekko	Germanic/docs/lexeme_reports/model_entries/2134-neck-hnecca.model.md:43:1	
pgmc	selected_input	xnekko	Germanic/docs/lexeme_reports/model_entries/2134-neck-hnecca.model.md:58:1	
pgmc	evidence_form	xurdaz	Germanic/docs/sound_changes/reader_facing/reader_facing_local_section_19.md:901:1	
pgmc	source_protoform	xwalaz	Germanic/docs/lexeme_reports/model_entries/2284-whale-hwæl.model.md:22:1	
pgmc	source_protoform	xwalaz	Germanic/docs/lexeme_reports/model_entries/2284-whale-hwæl.model.md:56:1	
pgmc	selected_input	xwalaz	Germanic/docs/lexeme_reports/model_entries/2284-whale-hwæl.model.md:58:1	
pgmc	comparison_form	xwaliz	Germanic/docs/lexeme_reports/model_entries/2284-whale-hwæl.model.md:23:1	
pgmc	selected_input	xwinana	Germanic/docs/lexeme_reports/model_entries/2286-whine-hwīnan.model.md:32:1	
pgmc	selected_input	xwinana	Germanic/docs/lexeme_reports/model_entries/2286-whine-hwīnan.model.md:47:1	
pgmc	selected_input	xwinana	Germanic/docs/lexeme_reports/model_entries/2286-whine-hwīnan.model.md:64:1	
pgmc	source_protoform	xwinanan	Germanic/docs/lexeme_reports/model_entries/2286-whine-hwīnan.model.md:24:1	
pnwgmc	comparison_form	brokiz	Germanic/docs/lexeme_reports/model_entries/1969-breeches-brēċ.model.md:21:1	
pnwgmc	selected_input	brokiz	Germanic/docs/lexeme_reports/model_entries/1969-breeches-brēċ.model.md:21:2	
pwgmc	comparison_form	bakan	Germanic/docs/lexeme_reports/model_entries/1934-bake-bacan.model.md:21:4	
pwgmc	comparison_form	hebun	Germanic/docs/lexeme_reports/model_entries/2068-heaven-heofon.model.md:27:1	
pwgmc	comparison_form	hebun	Germanic/docs/lexeme_reports/model_entries/2068-heaven-heofon.model.md:45:1	
pwgmc	evidence_form	hebun	Germanic/docs/sound_changes/reader_facing/reader_facing_local_section_19.md:602:2	
pwgmc	comparison_form	skuldru	Germanic/docs/lexeme_reports/model_entries/2183-shoulder-sċuldrum.model.md:21:8	
pwgmc	comparison_form	skuldru	Germanic/docs/lexeme_reports/model_entries/2183-shoulder-sċuldrum.model.md:48:1	
pwgmc	comparison_form	timbr	Germanic/docs/lexeme_reports/model_entries/2258-timber-timber.model.md:24:1	
pwgmc	comparison_form	timbr	Germanic/docs/lexeme_reports/model_entries/2258-timber-timber.model.md:48:2	
preoe	comparison_form	sparai	Germanic/docs/lexeme_reports/model_entries/2205-spare-sparian.model.md:23:1	
preoe	comparison_form	spare	Germanic/docs/lexeme_reports/model_entries/2205-spare-sparian.model.md:47:1	
preoe	comparison_form	sparja	Germanic/docs/lexeme_reports/model_entries/2205-spare-sparian.model.md:23:2	
preoe	comparison_form	weraldiz	Germanic/docs/lexeme_reports/model_entries/2302-world-weorold.model.md:68:1	
preoe	comparison_form	weraldu	Germanic/docs/lexeme_reports/model_entries/2302-world-weorold.model.md:68:2	
preoe	comparison_form	weruld	Germanic/docs/lexeme_reports/model_entries/2302-world-weorold.model.md:68:3	
on	comparison_form	badir	Germanic/docs/lexeme_reports/model_entries/1958-both-bū.model.md:27:2	
on	comparison_form	badir	Germanic/docs/lexeme_reports/model_entries/1958-both-bū.model.md:69:1	
on	evidence_form	berum	Germanic/docs/sound_changes/reader_facing/reader_facing_local_section_19.md:258:11	
on	comparison_form	brjost	Germanic/docs/lexeme_reports/model_entries/1968-breast-brēost.model.md:24:1	
on	evidence_form	dogum	Germanic/docs/sound_changes/reader_facing/reader_facing_local_section_19.md:258:2	
on	comparison_form	fylgja	Germanic/docs/lexeme_reports/model_entries/2027-follow-fylġan.model.md:22:1	
on	evidence_form	godum	Germanic/docs/sound_changes/reader_facing/reader_facing_local_section_19.md:258:7	
on	comparison_form	hnakki	Germanic/docs/lexeme_reports/model_entries/2134-neck-hnecca.model.md:59:3	
on	comparison_form	hvina	Germanic/docs/lexeme_reports/model_entries/2286-whine-hwīnan.model.md:26:1	
on	comparison_form	hvina	Germanic/docs/lexeme_reports/model_entries/2286-whine-hwīnan.model.md:65:1	
on	comparison_form	hvina	Germanic/docs/lexeme_reports/model_entries/2286-whine-hwīnan.model.md:65:3	
on	comparison_form	stafn	Germanic/docs/lexeme_reports/model_entries/2216-stem-stefn.model.md:23:1	
on	comparison_form	stafn	Germanic/docs/lexeme_reports/model_entries/2216-stem-stefn.model.md:60:1	
ohg	comparison_form	bede	Germanic/docs/lexeme_reports/model_entries/1958-both-bū.model.md:28:1	
ohg	evidence_form	berumes	Germanic/docs/sound_changes/reader_facing/reader_facing_local_section_19.md:258:12	
ohg	comparison_form	fogal	Germanic/docs/lexeme_reports/model_entries/2030-fowl-fugol.model.md:22:1	
ohg	comparison_form	foll	Germanic/docs/lexeme_reports/model_entries/2300-wool-wull.model.md:24:1	
ohg	comparison_form	lecchon	Germanic/docs/lexeme_reports/model_entries/2315-lick-(iptv.2sg)-licca.model.md:22:3	
ohg	comparison_form	lecchon	Germanic/docs/lexeme_reports/model_entries/2316-lick-(3sg)-liccaþ.model.md:22:3	
ohg	comparison_form	mahhon	Germanic/docs/lexeme_reports/model_entries/2309-make-(iptv.2sg)-maca.model.md:25:1	
ohg	comparison_form	scouwon	Germanic/docs/lexeme_reports/model_entries/2318-show-(3sg)-sċēawaþ.model.md:22:5	
ohg	comparison_form	scultirra	Germanic/docs/lexeme_reports/model_entries/2183-shoulder-sċuldrum.model.md:21:5	
ohg	comparison_form	scultra	Germanic/docs/lexeme_reports/model_entries/2183-shoulder-sċuldrum.model.md:21:4	
ohg	evidence_form	tagum	Germanic/docs/sound_changes/reader_facing/reader_facing_local_section_19.md:258:5	
ohg	comparison_form	tilli	Germanic/docs/lexeme_reports/model_entries/1990-dill-dile.model.md:23:1	
ohg	comparison_form	tura	Germanic/docs/lexeme_reports/model_entries/1992-door-dor.model.md:21:3	
ofris	comparison_form	bethe	Germanic/docs/lexeme_reports/model_entries/1958-both-bū.model.md:27:3	
ofris	evidence_form	fiuwer	Germanic/docs/sound_changes/reader_facing/reader_facing_local_section_19.md:289:3	
ofris	comparison_form	makia	Germanic/docs/lexeme_reports/model_entries/2309-make-(iptv.2sg)-maca.model.md:24:1	
ofris	comparison_form	skawia	Germanic/docs/lexeme_reports/model_entries/2318-show-(3sg)-sċēawaþ.model.md:22:3	
ofris	comparison_form	skulder	Germanic/docs/lexeme_reports/model_entries/2183-shoulder-sċuldrum.model.md:21:2	
ofris	comparison_form	stevene	Germanic/docs/lexeme_reports/model_entries/2216-stem-stefn.model.md:24:1	
goth	evidence_form	bairam	Germanic/docs/sound_changes/reader_facing/reader_facing_local_section_19.md:258:13	
goth	comparison_form	brusts	Germanic/docs/lexeme_reports/model_entries/1968-breast-brēost.model.md:22:2	
goth	evidence_form	dagam	Germanic/docs/sound_changes/reader_facing/reader_facing_local_section_19.md:258:6	
goth	comparison_form	faurhtei	Germanic/docs/lexeme_reports/model_entries/2034-fright-fyrhte.model.md:22:1	
goth	evidence_form	godamma	Germanic/docs/sound_changes/reader_facing/reader_facing_local_section_19.md:258:10	
os	comparison_form	bethia	Germanic/docs/lexeme_reports/model_entries/1958-both-bū.model.md:27:4	
os	comparison_form	briost	Germanic/docs/lexeme_reports/model_entries/1968-breast-brēost.model.md:24:2	
os	evidence_form	dagun	Germanic/docs/sound_changes/reader_facing/reader_facing_local_section_19.md:258:4	
os	comparison_form	dilli	Germanic/docs/lexeme_reports/model_entries/1990-dill-dile.model.md:22:2	
os	evidence_form	fiuwar	Germanic/docs/sound_changes/reader_facing/reader_facing_local_section_19.md:289:4	
os	evidence_form	godum	Germanic/docs/sound_changes/reader_facing/reader_facing_local_section_19.md:258:9	
os	evidence_form	heban	Germanic/docs/sound_changes/reader_facing/reader_facing_local_section_19.md:602:4	
os	comparison_form	likkon	Germanic/docs/lexeme_reports/model_entries/2315-lick-(iptv.2sg)-licca.model.md:22:2	
os	comparison_form	likkon	Germanic/docs/lexeme_reports/model_entries/2316-lick-(3sg)-liccaþ.model.md:22:2	
os	comparison_form	makon	Germanic/docs/lexeme_reports/model_entries/2309-make-(iptv.2sg)-maca.model.md:24:2	
os	comparison_form	skawon	Germanic/docs/lexeme_reports/model_entries/2318-show-(3sg)-sċēawaþ.model.md:22:4	
os	comparison_form	sparro	Germanic/docs/lexeme_reports/model_entries/2204-spar-spearra.model.md:21:1	
os	comparison_form	stamn	Germanic/docs/lexeme_reports/model_entries/2216-stem-stefn.model.md:25:1	
os	comparison_form	stamn	Germanic/docs/lexeme_reports/model_entries/2216-stem-stefn.model.md:47:1	
os	comparison_form	stamn	Germanic/docs/lexeme_reports/model_entries/2216-stem-stefn.model.md:61:1	
dutch	comparison_form	beide	Germanic/docs/lexeme_reports/model_entries/1958-both-bū.model.md:31:3	
dutch	comparison_form	beide	Germanic/docs/lexeme_reports/model_entries/1958-both-bū.model.md:69:3	
dutch	comparison_form	vel	Germanic/docs/lexeme_reports/model_entries/2007-fell-fell.model.md:21:2	
german	comparison_form	beide	Germanic/docs/lexeme_reports/model_entries/1958-both-bū.model.md:31:2	
german	comparison_form	beide	Germanic/docs/lexeme_reports/model_entries/1958-both-bū.model.md:69:2	
german	comparison_form	nacken	Germanic/docs/lexeme_reports/model_entries/2134-neck-hnecca.model.md:56:2	
german	comparison_form	nacken	Germanic/docs/lexeme_reports/model_entries/2134-neck-hnecca.model.md:59:4	
german	comparison_form	sondern	Germanic/docs/lexeme_reports/model_entries/2232-sunder-sundrian.model.md:23:1	
german	comparison_form	weinen	Germanic/docs/lexeme_reports/model_entries/2286-whine-hwīnan.model.md:22:1	
me	comparison_form	stam	Germanic/docs/lexeme_reports/model_entries/2216-stem-stefn.model.md:47:2	
modeng	comparison_form	both	Germanic/docs/lexeme_reports/model_entries/1958-both-bū.model.md:31:1	
modeng	comparison_form	both	Germanic/docs/lexeme_reports/model_entries/1958-both-bū.model.md:69:4	
mlg	comparison_form	schulder	Germanic/docs/lexeme_reports/model_entries/2183-shoulder-sċuldrum.model.md:21:3	
