language	form	form_role	source_scope	source_ref_no_line
dutch	beide	comparison_form	explicit_tag	Germanic/docs/lexeme_reports/model_entries/1958-both-bū.model.md
dutch	vel	comparison_form	explicit_tag	Germanic/docs/lexeme_reports/model_entries/2007-fell-fell.model.md
german	Nacken	comparison_form	explicit_tag	Germanic/docs/lexeme_reports/model_entries/2134-neck-hnecca.model.md
german	beide	comparison_form	explicit_tag	Germanic/docs/lexeme_reports/model_entries/1958-both-bū.model.md
german	sondern	comparison_form	explicit_tag	Germanic/docs/lexeme_reports/model_entries/2232-sunder-sundrian.model.md
german	stillen	comparison_form	broad_prose_decision	Germanic/docs/lexeme_reports/model_entries/2217-still-stillan.model.md
german	weinen	comparison_form	explicit_tag	Germanic/docs/lexeme_reports/model_entries/2286-whine-hwīnan.model.md
goth	brusts	comparison_form	explicit_tag	Germanic/docs/lexeme_reports/model_entries/1968-breast-brēost.model.md
goth	faurhtei	comparison_form	explicit_tag	Germanic/docs/lexeme_reports/model_entries/2034-fright-fyrhte.model.md
goth	fra-liusan	comparison_form	broad_prose_decision	Germanic/docs/lexeme_reports/model_entries/2028-forlorn-lēosan.model.md
me	stam	comparison_form	explicit_tag	Germanic/docs/lexeme_reports/model_entries/2216-stem-stefn.model.md
mlg	schulder	comparison_form	explicit_tag	Germanic/docs/lexeme_reports/model_entries/2183-shoulder-sċuldrum.model.md
modeng	both	comparison_form	explicit_tag	Germanic/docs/lexeme_reports/model_entries/1958-both-bū.model.md
oe	*þȳsend	comparison_form	explicit_tag	Germanic/docs/lexeme_reports/model_entries/2252-thousand-þūsend.model.md
oe	Boraþ	comparison_form	explicit_tag	Germanic/docs/lexeme_reports/model_entries/2312-bore-(3sg)-boraþ.model.md
oe	Liorna	target_form	explicit_tag	Germanic/docs/lexeme_reports/model_entries/2313-learn-(iptv.2sg)-liorna.model.md
oe	Macaþ	comparison_form	explicit_tag	Germanic/docs/lexeme_reports/model_entries/2310-make-(3sg)-macaþ.model.md
oe	bacan	evidence_form	explicit_tag	Germanic/docs/lexeme_reports/model_entries/1934-bake-bacan.model.md
oe	bacan	target_form	lexical_heading	bake — OE bacan
oe	ban	comparison_form	explicit_tag	Germanic/docs/lexeme_reports/model_entries/1936-ban-bannes.model.md
oe	ban	regular_output	explicit_tag	Germanic/docs/lexeme_reports/model_entries/1936-ban-bannes.model.md
oe	bannes	target_form	explicit_tag	Germanic/docs/lexeme_reports/model_entries/1936-ban-bannes.model.md
oe	bannes	target_form	lexical_heading	ban — OE bannes
oe	bar	evidence_form	explicit_tag	Germanic/docs/lexeme_reports/model_entries/1949-bier-bǣr.model.md
oe	be-ginnan	evidence_form	explicit_tag	Germanic/docs/lexeme_reports/model_entries/1943-begin-beġinnan.model.md
oe	beginnan	evidence_form	explicit_tag	Germanic/docs/lexeme_reports/model_entries/1943-begin-beġinnan.model.md
oe	bere	regular_output	explicit_tag	Germanic/docs/lexeme_reports/model_entries/1946-berry-berġes.model.md
oe	berige	comparison_form	explicit_tag	Germanic/docs/lexeme_reports/model_entries/1946-berry-berġes.model.md
oe	berġe	comparison_form	explicit_tag	Germanic/docs/lexeme_reports/model_entries/1946-berry-berġes.model.md
oe	berġes	target_form	explicit_tag	Germanic/docs/lexeme_reports/model_entries/1946-berry-berġes.model.md
oe	berġes	target_form	lexical_heading	berry — OE berġes
oe	bezen	comparison_form	explicit_tag	Germanic/docs/lexeme_reports/model_entries/1958-both-bū.model.md
oe	beġinnan	evidence_form	explicit_tag	Germanic/docs/lexeme_reports/model_entries/1943-begin-beġinnan.model.md
oe	beġinnan	target_form	lexical_heading	begin — OE beġinnan
oe	biegan	comparison_form	explicit_tag	Germanic/docs/lexeme_reports/model_entries/1961-bow-bīeġan.model.md
oe	bigan	comparison_form	broad_prose_decision	Germanic/docs/lexeme_reports/model_entries/1961-bow-bīeġan.model.md
oe	boc	comparison_form	broad_prose_decision	Germanic/docs/lexeme_reports/model_entries/1942-beech-bōc.model.md
oe	bocc	regular_output	explicit_tag	Germanic/docs/lexeme_reports/model_entries/1973-buck-bucc.model.md
oe	bodan	comparison_form	explicit_tag	Germanic/docs/lexeme_reports/model_entries/1959-bottom-botm.model.md
oe	bolt	evidence_form	broad_prose_decision	Germanic/docs/lexeme_reports/model_entries/2298-wolf-wulf.model.md
oe	bora	comparison_form	explicit_tag	Germanic/docs/lexeme_reports/model_entries/2312-bore-(3sg)-boraþ.model.md
oe	bora	regular_output	explicit_tag	Germanic/docs/lexeme_reports/model_entries/2311-bore-(iptv.2sg)-bora.model.md
oe	bora	target_form	explicit_tag	Germanic/docs/lexeme_reports/model_entries/2311-bore-(iptv.2sg)-bora.model.md
oe	bora	target_form	lexical_heading	bore (iptv.2sg) — OE bora
oe	boraþ	comparison_form	explicit_tag	Germanic/docs/lexeme_reports/model_entries/2311-bore-(iptv.2sg)-bora.model.md
oe	boraþ	comparison_form	explicit_tag	Germanic/docs/lexeme_reports/model_entries/2312-bore-(3sg)-boraþ.model.md
oe	boraþ	regular_output	explicit_tag	Germanic/docs/lexeme_reports/model_entries/2312-bore-(3sg)-boraþ.model.md
oe	boraþ	target_form	explicit_tag	Germanic/docs/lexeme_reports/model_entries/2312-bore-(3sg)-boraþ.model.md
oe	boraþ	target_form	lexical_heading	bore (3sg) — OE boraþ
oe	borian	comparison_form	explicit_tag	Germanic/docs/lexeme_reports/model_entries/2311-bore-(iptv.2sg)-bora.model.md
oe	borian	comparison_form	explicit_tag	Germanic/docs/lexeme_reports/model_entries/2312-bore-(3sg)-boraþ.model.md
oe	botm	comparison_form	explicit_tag	Germanic/docs/lexeme_reports/model_entries/1959-bottom-botm.model.md
oe	botm	comparison_form	explicit_tag	Germanic/docs/lexeme_reports/model_entries/2250-thistle-þistles.model.md
oe	botm	target_form	lexical_heading	bottom — OE botm
oe	brand	evidence_form	explicit_tag	Germanic/docs/lexeme_reports/model_entries/1965-brand-brandes.model.md
oe	branda	evidence_form	explicit_tag	Germanic/docs/lexeme_reports/model_entries/1965-brand-brandes.model.md
oe	brandas	evidence_form	explicit_tag	Germanic/docs/lexeme_reports/model_entries/1965-brand-brandes.model.md
oe	brandes	evidence_form	explicit_tag	Germanic/docs/lexeme_reports/model_entries/1965-brand-brandes.model.md
oe	brandes	target_form	lexical_heading	brand — OE brandes
oe	brandum	evidence_form	explicit_tag	Germanic/docs/lexeme_reports/model_entries/1965-brand-brandes.model.md
oe	breóst	comparison_form	explicit_tag	Germanic/docs/lexeme_reports/model_entries/1968-breast-brēost.model.md
oe	broc	comparison_form	broad_prose_decision	Germanic/docs/lexeme_reports/model_entries/1969-breeches-brēċ.model.md
oe	bréc	comparison_form	broad_prose_decision	Germanic/docs/lexeme_reports/model_entries/1969-breeches-brēċ.model.md
oe	brēc	comparison_form	broad_prose_decision	Germanic/docs/lexeme_reports/model_entries/1969-breeches-brēċ.model.md
oe	brēost	target_form	explicit_tag	Germanic/docs/lexeme_reports/model_entries/1968-breast-brēost.model.md
oe	brēost	target_form	lexical_heading	breast — OE brēost
oe	brēċ	target_form	lexical_heading	breeches — OE brēċ
oe	brōc	comparison_form	broad_prose_decision	Germanic/docs/lexeme_reports/model_entries/1969-breeches-brēċ.model.md
oe	bucc	target_form	explicit_tag	Germanic/docs/lexeme_reports/model_entries/1973-buck-bucc.model.md
oe	bucc	target_form	lexical_heading	buck — OE bucc
oe	bucca	comparison_form	explicit_tag	Germanic/docs/lexeme_reports/model_entries/1973-buck-bucc.model.md
oe	byrd	comparison_form	explicit_tag	Germanic/docs/lexeme_reports/model_entries/1951-birth-byrd.model.md
oe	byrd	target_form	lexical_heading	birth — OE byrd
oe	byċċ	comparison_form	explicit_tag	Germanic/docs/lexeme_reports/model_entries/1973-buck-bucc.model.md
oe	bær	evidence_form	explicit_tag	Germanic/docs/lexeme_reports/model_entries/1949-bier-bǣr.model.md
oe	bā	comparison_form	explicit_tag	Germanic/docs/lexeme_reports/model_entries/1958-both-bū.model.md
oe	bān	evidence_form	explicit_tag	Germanic/docs/lexeme_reports/model_entries/1954-bone-bān.model.md
oe	bān	target_form	lexical_heading	bone — OE bān
oe	bāne	evidence_form	explicit_tag	Germanic/docs/lexeme_reports/model_entries/1954-bone-bān.model.md
oe	bēag	evidence_form	explicit_tag	Germanic/docs/lexeme_reports/model_entries/1962-bow-bēag.model.md
oe	bēag	target_form	lexical_heading	bow — OE bēag
oe	bēce	evidence_form	explicit_tag	Germanic/docs/lexeme_reports/model_entries/1942-beech-bōc.model.md
oe	bēċe	evidence_form	explicit_tag	Germanic/docs/lexeme_reports/model_entries/1942-beech-bōc.model.md
oe	bēġen	comparison_form	explicit_tag	Germanic/docs/lexeme_reports/model_entries/1958-both-bū.model.md
oe	bīeġan	target_form	lexical_heading	bow — OE bīeġan
oe	bōc	target_form	lexical_heading	beech — OE bōc
oe	bū	target_form	explicit_tag	Germanic/docs/lexeme_reports/model_entries/1958-both-bū.model.md
oe	bū	target_form	lexical_heading	both — OE bū
oe	būgan	evidence_form	explicit_tag	Germanic/docs/lexeme_reports/model_entries/1962-bow-bēag.model.md
oe	bǣm	comparison_form	explicit_tag	Germanic/docs/lexeme_reports/model_entries/1958-both-bū.model.md
oe	bǣr	evidence_form	explicit_tag	Germanic/docs/lexeme_reports/model_entries/1949-bier-bǣr.model.md
oe	bǣr	target_form	lexical_heading	bier — OE bǣr
oe	c(w)udu	comparison_form	explicit_tag	Germanic/docs/lexeme_reports/model_entries/1983-cud-cwedu.model.md
oe	calfur	comparison_form	broad_prose_decision	Germanic/docs/lexeme_reports/model_entries/1975-calf-ċealf.model.md
oe	cealf	evidence_form	explicit_tag	Germanic/docs/lexeme_reports/model_entries/1975-calf-ċealf.model.md
oe	cealfru	evidence_form	explicit_tag	Germanic/docs/lexeme_reports/model_entries/1975-calf-ċealf.model.md
oe	ciezan	comparison_form	explicit_tag	Germanic/docs/lexeme_reports/model_entries/2227-strew-strīeġan.model.md
oe	cneohtas	comparison_form	explicit_tag	Germanic/docs/lexeme_reports/model_entries/2086-knight-cniht.model.md
oe	cniht	regular_output	explicit_tag	Germanic/docs/lexeme_reports/model_entries/2086-knight-cniht.model.md
oe	cniht	target_form	explicit_tag	Germanic/docs/lexeme_reports/model_entries/2086-knight-cniht.model.md
oe	cniht	target_form	lexical_heading	knight — OE cniht
oe	cnobba	target_form	lexical_heading	knob — OE *cnobba
oe	cnopp	evidence_form	explicit_tag	Germanic/docs/lexeme_reports/model_entries/2087-knob-cnobba.model.md
oe	cnoppa	comparison_form	explicit_tag	Germanic/docs/lexeme_reports/model_entries/2087-knob-cnobba.model.md
oe	cnoppa	evidence_form	explicit_tag	Germanic/docs/lexeme_reports/model_entries/2087-knob-cnobba.model.md
oe	cnæp	evidence_form	explicit_tag	Germanic/docs/lexeme_reports/model_entries/2087-knob-cnobba.model.md
oe	corn	comparison_form	explicit_tag	Germanic/docs/lexeme_reports/model_entries/1979-corn-corn.model.md
oe	corn	target_form	lexical_heading	corn — OE corn
oe	cornes	comparison_form	broad_prose_decision	Germanic/docs/lexeme_reports/model_entries/1979-corn-corn.model.md
oe	craft	comparison_form	table_semantic_decision	Germanic/docs/lexeme_reports/model_entries/1981-craft-cræft.model.md
oe	creft	comparison_form	table_semantic_decision	Germanic/docs/lexeme_reports/model_entries/1981-craft-cræft.model.md
oe	cræft	regular_output	table_semantic_auto	Germanic/docs/lexeme_reports/model_entries/1981-craft-cræft.model.md
oe	cræft	target_form	lexical_heading	craft — OE cræft
oe	cræft	target_form	table_semantic_auto	Germanic/docs/lexeme_reports/model_entries/1981-craft-cræft.model.md
oe	cudu	comparison_form	explicit_tag	Germanic/docs/lexeme_reports/model_entries/1983-cud-cwedu.model.md
oe	cwedu	target_form	explicit_tag	Germanic/docs/lexeme_reports/model_entries/1983-cud-cwedu.model.md
oe	cwedu	target_form	lexical_heading	cud — OE cwedu
oe	cweodu	comparison_form	explicit_tag	Germanic/docs/lexeme_reports/model_entries/1983-cud-cwedu.model.md
oe	cwidu	comparison_form	explicit_tag	Germanic/docs/lexeme_reports/model_entries/1983-cud-cwedu.model.md
oe	cwudu	comparison_form	explicit_tag	Germanic/docs/lexeme_reports/model_entries/1983-cud-cwedu.model.md
oe	cā	comparison_form	explicit_tag	Germanic/docs/lexeme_reports/model_entries/1980-cow-cȳ.model.md
oe	cū	comparison_form	explicit_tag	Germanic/docs/lexeme_reports/model_entries/1980-cow-cȳ.model.md
oe	cū	evidence_form	broad_prose_decision	Germanic/docs/lexeme_reports/model_entries/1958-both-bū.model.md
oe	cū(e	comparison_form	explicit_tag	Germanic/docs/lexeme_reports/model_entries/1980-cow-cȳ.model.md
oe	cūm	comparison_form	broad_prose_decision	Germanic/docs/lexeme_reports/model_entries/1980-cow-cȳ.model.md
oe	cūs	comparison_form	explicit_tag	Germanic/docs/lexeme_reports/model_entries/1980-cow-cȳ.model.md
oe	cȳ	comparison_form	explicit_tag	Germanic/docs/lexeme_reports/model_entries/1980-cow-cȳ.model.md
oe	cȳ	target_form	lexical_heading	cow — OE cȳ
oe	dile	regular_output	explicit_tag	Germanic/docs/lexeme_reports/model_entries/1990-dill-dile.model.md
oe	dile	target_form	explicit_tag	Germanic/docs/lexeme_reports/model_entries/1990-dill-dile.model.md
oe	dile	target_form	lexical_heading	dill — OE dile
oe	dili	comparison_form	explicit_tag	Germanic/docs/lexeme_reports/model_entries/1990-dill-dile.model.md
oe	dill	comparison_form	explicit_tag	Germanic/docs/lexeme_reports/model_entries/1990-dill-dile.model.md
oe	dor	comparison_form	explicit_tag	Germanic/docs/lexeme_reports/model_entries/1992-door-dor.model.md
oe	dor	target_form	explicit_tag	Germanic/docs/lexeme_reports/model_entries/1992-door-dor.model.md
oe	dor	target_form	lexical_heading	door — OE dor
oe	duguþ	comparison_form	explicit_tag	Germanic/docs/lexeme_reports/model_entries/2308-youth-ġeoguþ.model.md
oe	duru	comparison_form	explicit_tag	Germanic/docs/lexeme_reports/model_entries/1992-door-dor.model.md
oe	dæd	comparison_form	broad_prose_decision	Germanic/docs/lexeme_reports/model_entries/1987-deed-dǣd.model.md
oe	dæg	comparison_form	explicit_tag	Germanic/docs/lexeme_reports/model_entries/2140-night-niht.model.md
oe	dēd	comparison_form	broad_prose_decision	Germanic/docs/lexeme_reports/model_entries/1987-deed-dǣd.model.md
oe	dǣd	target_form	lexical_heading	deed — OE dǣd
oe	faran	target_form	lexical_heading	fare — OE faran
oe	fearn	comparison_form	explicit_tag	Germanic/docs/lexeme_reports/model_entries/2008-fern-fearn.model.md
oe	fearn	target_form	lexical_heading	fern — OE fearn
oe	fearna	comparison_form	broad_prose_decision	Germanic/docs/lexeme_reports/model_entries/2008-fern-fearn.model.md
oe	fearne	comparison_form	broad_prose_decision	Germanic/docs/lexeme_reports/model_entries/2008-fern-fearn.model.md
oe	fearnes	comparison_form	broad_prose_decision	Germanic/docs/lexeme_reports/model_entries/2008-fern-fearn.model.md
oe	fel	comparison_form	broad_prose_decision	Germanic/docs/lexeme_reports/model_entries/2007-fell-fell.model.md
oe	feld	comparison_form	explicit_tag	Germanic/docs/lexeme_reports/model_entries/2009-field-feld.model.md
oe	feld	target_form	lexical_heading	field — OE feld
oe	felda	comparison_form	broad_prose_decision	Germanic/docs/lexeme_reports/model_entries/2009-field-feld.model.md
oe	felde	comparison_form	broad_prose_decision	Germanic/docs/lexeme_reports/model_entries/2009-field-feld.model.md
oe	fell	comparison_form	explicit_tag	Germanic/docs/lexeme_reports/model_entries/2007-fell-fell.model.md
oe	fell	target_form	lexical_heading	fell — OE fell
oe	fellan	comparison_form	broad_prose_decision	Germanic/docs/lexeme_reports/model_entries/2007-fell-fell.model.md
oe	fellum	comparison_form	broad_prose_decision	Germanic/docs/lexeme_reports/model_entries/2007-fell-fell.model.md
oe	feoll	comparison_form	broad_prose_decision	Germanic/docs/lexeme_reports/model_entries/2007-fell-fell.model.md
oe	fern	comparison_form	explicit_tag	Germanic/docs/lexeme_reports/model_entries/2008-fern-fearn.model.md
oe	festan	regular_output	explicit_tag	Germanic/docs/lexeme_reports/model_entries/2004-fast-festan.model.md
oe	festan	target_form	explicit_tag	Germanic/docs/lexeme_reports/model_entries/2004-fast-festan.model.md
oe	festan	target_form	lexical_heading	fast — OE festan
oe	findan	comparison_form	explicit_tag	Germanic/docs/lexeme_reports/model_entries/2011-find-fundene.model.md
oe	flascan	comparison_form	explicit_tag	Germanic/docs/lexeme_reports/model_entries/2016-flask-flasce.model.md
oe	flasce	regular_output	explicit_tag	Germanic/docs/lexeme_reports/model_entries/2016-flask-flasce.model.md
oe	flasce	target_form	explicit_tag	Germanic/docs/lexeme_reports/model_entries/2016-flask-flasce.model.md
oe	flasce	target_form	lexical_heading	flask — OE flasce
oe	flaxe	comparison_form	explicit_tag	Germanic/docs/lexeme_reports/model_entries/2016-flask-flasce.model.md
oe	fleogeð	comparison_form	broad_prose_decision	Germanic/docs/lexeme_reports/model_entries/2022-fly-flēogan.model.md
oe	flégan	comparison_form	broad_prose_decision	Germanic/docs/lexeme_reports/model_entries/2022-fly-flēogan.model.md
oe	fléogan	comparison_form	broad_prose_decision	Germanic/docs/lexeme_reports/model_entries/2022-fly-flēogan.model.md
oe	flēogan	target_form	lexical_heading	fly — OE flēogan
oe	fogol	regular_output	broad_prose_decision	Germanic/docs/lexeme_reports/model_entries/2030-fowl-fugol.model.md
oe	folgian	comparison_form	explicit_tag	Germanic/docs/lexeme_reports/model_entries/2027-follow-fylġan.model.md
oe	folgon	regular_output	explicit_tag	Germanic/docs/lexeme_reports/model_entries/2027-follow-fylġan.model.md
oe	for-geofan	comparison_form	broad_prose_decision	Germanic/docs/lexeme_reports/model_entries/2041-give-ġiefan.model.md
oe	for-leósan	comparison_form	broad_prose_decision	Germanic/docs/lexeme_reports/model_entries/2028-forlorn-lēosan.model.md
oe	for-lēosan	comparison_form	broad_prose_decision	Germanic/docs/lexeme_reports/model_entries/2028-forlorn-lēosan.model.md
oe	forloren	comparison_form	broad_prose_decision	Germanic/docs/lexeme_reports/model_entries/2028-forlorn-lēosan.model.md
oe	forlorn	comparison_form	broad_prose_decision	Germanic/docs/lexeme_reports/model_entries/2028-forlorn-lēosan.model.md
oe	forlēosan	comparison_form	broad_prose_decision	Germanic/docs/lexeme_reports/model_entries/2028-forlorn-lēosan.model.md
oe	fugel	comparison_form	broad_prose_decision	Germanic/docs/lexeme_reports/model_entries/2030-fowl-fugol.model.md
oe	fugol	target_form	lexical_heading	fowl — OE fugol
oe	full	evidence_form	broad_prose_decision	Germanic/docs/lexeme_reports/model_entries/2300-wool-wull.model.md
oe	funden	comparison_form	explicit_tag	Germanic/docs/lexeme_reports/model_entries/2011-find-fundene.model.md
oe	fundene	regular_output	explicit_tag	Germanic/docs/lexeme_reports/model_entries/2011-find-fundene.model.md
oe	fundene	target_form	explicit_tag	Germanic/docs/lexeme_reports/model_entries/2011-find-fundene.model.md
oe	fundene	target_form	lexical_heading	find — OE fundene
oe	fylg(e)an	comparison_form	explicit_tag	Germanic/docs/lexeme_reports/model_entries/2027-follow-fylġan.model.md
oe	fylgan	comparison_form	explicit_tag	Germanic/docs/lexeme_reports/model_entries/2027-follow-fylġan.model.md
oe	fylgean	comparison_form	explicit_tag	Germanic/docs/lexeme_reports/model_entries/2027-follow-fylġan.model.md
oe	fylgian	comparison_form	explicit_tag	Germanic/docs/lexeme_reports/model_entries/2027-follow-fylġan.model.md
oe	fyligan	comparison_form	explicit_tag	Germanic/docs/lexeme_reports/model_entries/2027-follow-fylġan.model.md
oe	fylġan	regular_output	explicit_tag	Germanic/docs/lexeme_reports/model_entries/2027-follow-fylġan.model.md
oe	fylġan	target_form	explicit_tag	Germanic/docs/lexeme_reports/model_entries/2027-follow-fylġan.model.md
oe	fylġan	target_form	lexical_heading	follow — OE fylġan
oe	fyr	comparison_form	explicit_tag	Germanic/docs/lexeme_reports/model_entries/2013-fire-fȳre.model.md
oe	fyre	target_form	explicit_tag	Germanic/docs/lexeme_reports/model_entries/2013-fire-fȳre.model.md
oe	fyrhte	regular_output	explicit_tag	Germanic/docs/lexeme_reports/model_entries/2034-fright-fyrhte.model.md
oe	fyrhte	target_form	explicit_tag	Germanic/docs/lexeme_reports/model_entries/2034-fright-fyrhte.model.md
oe	fyrhte	target_form	lexical_heading	fright — OE fyrhte
oe	fyrhto	comparison_form	explicit_tag	Germanic/docs/lexeme_reports/model_entries/2034-fright-fyrhte.model.md
oe	fyrhtu	comparison_form	explicit_tag	Germanic/docs/lexeme_reports/model_entries/2034-fright-fyrhte.model.md
oe	færan	comparison_form	broad_prose_decision	Germanic/docs/lexeme_reports/model_entries/2003-fare-faran.model.md
oe	fære	evidence_form	explicit_tag	Germanic/docs/lexeme_reports/model_entries/2003-fare-faran.model.md
oe	færst	evidence_form	explicit_tag	Germanic/docs/lexeme_reports/model_entries/2003-fare-faran.model.md
oe	færð	evidence_form	explicit_tag	Germanic/docs/lexeme_reports/model_entries/2003-fare-faran.model.md
oe	fæst	comparison_form	explicit_tag	Germanic/docs/lexeme_reports/model_entries/2004-fast-festan.model.md
oe	fæstan	comparison_form	explicit_tag	Germanic/docs/lexeme_reports/model_entries/2004-fast-festan.model.md
oe	fǣstan	comparison_form	explicit_tag	Germanic/docs/lexeme_reports/model_entries/2004-fast-festan.model.md
oe	fȳr	comparison_form	explicit_tag	Germanic/docs/lexeme_reports/model_entries/2013-fire-fȳre.model.md
oe	fȳr	regular_output	explicit_tag	Germanic/docs/lexeme_reports/model_entries/2013-fire-fȳre.model.md
oe	fȳre	target_form	explicit_tag	Germanic/docs/lexeme_reports/model_entries/2013-fire-fȳre.model.md
oe	fȳre	target_form	lexical_heading	fire — OE fȳre
oe	galla	comparison_form	explicit_tag	Germanic/docs/lexeme_reports/model_entries/2037-gall-ġealla.model.md
oe	gang	comparison_form	explicit_tag	Germanic/docs/lexeme_reports/model_entries/2038-gang-gang.model.md
oe	gang	target_form	lexical_heading	gang — OE gang
oe	gangan	comparison_form	broad_prose_decision	Germanic/docs/lexeme_reports/model_entries/2038-gang-gang.model.md
oe	ge-bann	comparison_form	explicit_tag	Germanic/docs/lexeme_reports/model_entries/1936-ban-bannes.model.md
oe	ge-byrd	comparison_form	broad_prose_decision	Germanic/docs/lexeme_reports/model_entries/1951-birth-byrd.model.md
oe	geafa	comparison_form	broad_prose_decision	Germanic/docs/lexeme_reports/model_entries/2041-give-ġiefan.model.md
oe	gealla	target_form	explicit_tag	Germanic/docs/lexeme_reports/model_entries/2037-gall-ġealla.model.md
oe	geallan	comparison_form	explicit_tag	Germanic/docs/lexeme_reports/model_entries/2037-gall-ġealla.model.md
oe	gearn	comparison_form	explicit_tag	Germanic/docs/lexeme_reports/model_entries/2305-yarn-ġearn.model.md
oe	gebann	comparison_form	explicit_tag	Germanic/docs/lexeme_reports/model_entries/1936-ban-bannes.model.md
oe	gebanne	comparison_form	explicit_tag	Germanic/docs/lexeme_reports/model_entries/1936-ban-bannes.model.md
oe	gebyrd	comparison_form	broad_prose_decision	Germanic/docs/lexeme_reports/model_entries/1951-birth-byrd.model.md
oe	gebyrdu	comparison_form	broad_prose_decision	Germanic/docs/lexeme_reports/model_entries/1951-birth-byrd.model.md
oe	geoguþ	target_form	explicit_tag	Germanic/docs/lexeme_reports/model_entries/2308-youth-ġeoguþ.model.md
oe	gesundrian	comparison_form	explicit_tag	Germanic/docs/lexeme_reports/model_entries/2232-sunder-sundrian.model.md
oe	giefan	comparison_form	explicit_tag	Germanic/docs/lexeme_reports/model_entries/2041-give-ġiefan.model.md
oe	ginnan	evidence_form	explicit_tag	Germanic/docs/lexeme_reports/model_entries/1943-begin-beġinnan.model.md
oe	gold	target_form	lexical_heading	gold — OE gold
oe	grafan	comparison_form	explicit_tag	Germanic/docs/lexeme_reports/model_entries/2046-grave-grafan.model.md
oe	grafan	target_form	explicit_tag	Germanic/docs/lexeme_reports/model_entries/2046-grave-grafan.model.md
oe	grafan	target_form	lexical_heading	grave — OE grafan
oe	græf	comparison_form	broad_prose_decision	Germanic/docs/lexeme_reports/model_entries/2046-grave-grafan.model.md
oe	græfen	comparison_form	broad_prose_decision	Germanic/docs/lexeme_reports/model_entries/2046-grave-grafan.model.md
oe	græfð	comparison_form	broad_prose_decision	Germanic/docs/lexeme_reports/model_entries/2046-grave-grafan.model.md
oe	habban	comparison_form	explicit_tag	Germanic/docs/lexeme_reports/model_entries/2058-have-hæfeþ.model.md
oe	haldan	comparison_form	explicit_tag	Germanic/docs/lexeme_reports/model_entries/2077-hold-healdan.model.md
oe	hamer	comparison_form	explicit_tag	Germanic/docs/lexeme_reports/model_entries/2053-hammer-hameres.model.md
oe	hameres	regular_output	explicit_tag	Germanic/docs/lexeme_reports/model_entries/2053-hammer-hameres.model.md
oe	hameres	target_form	explicit_tag	Germanic/docs/lexeme_reports/model_entries/2053-hammer-hameres.model.md
oe	hameres	target_form	lexical_heading	hammer — OE hameres
oe	hamor	comparison_form	explicit_tag	Germanic/docs/lexeme_reports/model_entries/2053-hammer-hameres.model.md
oe	hamores	comparison_form	explicit_tag	Germanic/docs/lexeme_reports/model_entries/2053-hammer-hameres.model.md
oe	healdan	comparison_form	explicit_tag	Germanic/docs/lexeme_reports/model_entries/2077-hold-healdan.model.md
oe	healdan	target_form	lexical_heading	hold — OE healdan
oe	hefen	evidence_form	explicit_tag	Germanic/docs/lexeme_reports/model_entries/2068-heaven-heofon.model.md
oe	hefzen	evidence_form	explicit_tag	Germanic/docs/lexeme_reports/model_entries/2068-heaven-heofon.model.md
oe	helm	comparison_form	explicit_tag	Germanic/docs/lexeme_reports/model_entries/2070-helm-helm.model.md
oe	helm	target_form	lexical_heading	helm — OE helm
oe	helma	comparison_form	explicit_tag	Germanic/docs/lexeme_reports/model_entries/2070-helm-helm.model.md
oe	help	comparison_form	explicit_tag	Germanic/docs/lexeme_reports/model_entries/2071-help-helpan.model.md
oe	helpan	comparison_form	explicit_tag	Germanic/docs/lexeme_reports/model_entries/2071-help-helpan.model.md
oe	helpan	target_form	lexical_heading	help — OE helpan
oe	heofen	evidence_form	explicit_tag	Germanic/docs/lexeme_reports/model_entries/2068-heaven-heofon.model.md
oe	heofon	comparison_form	explicit_tag	Germanic/docs/lexeme_reports/model_entries/2068-heaven-heofon.model.md
oe	heofon	comparison_form	explicit_tag	Germanic/docs/lexeme_reports/model_entries/2216-stem-stefn.model.md
oe	heofon	evidence_form	explicit_tag	Germanic/docs/lexeme_reports/model_entries/2068-heaven-heofon.model.md
oe	heofon	target_form	lexical_heading	heaven — OE heofon
oe	here	comparison_form	explicit_tag	Germanic/docs/lexeme_reports/model_entries/1946-berry-berġes.model.md
oe	herges	comparison_form	explicit_tag	Germanic/docs/lexeme_reports/model_entries/1946-berry-berġes.model.md
oe	heġġ	target_form	lexical_heading	hedge — OE heġġ
oe	hierfest	target_form	lexical_heading	harvest — OE hierfest
oe	hind	comparison_form	explicit_tag	Germanic/docs/lexeme_reports/model_entries/2075-hind-hind.model.md
oe	hind	target_form	lexical_heading	hind — OE hind
oe	hladan	comparison_form	explicit_tag	Germanic/docs/lexeme_reports/model_entries/2088-lade-hladan.model.md
oe	hladan	regular_output	table_semantic_auto	Germanic/docs/lexeme_reports/model_entries/2088-lade-hladan.model.md
oe	hladan	target_form	lexical_heading	lade — OE hladan
oe	hladan	target_form	table_semantic_auto	Germanic/docs/lexeme_reports/model_entries/2088-lade-hladan.model.md
oe	hleahtor	comparison_form	broad_prose_decision	Germanic/docs/lexeme_reports/model_entries/2092-laugh-hliehhan.model.md
oe	hlehhan	comparison_form	table_semantic_decision	Germanic/docs/lexeme_reports/model_entries/2092-laugh-hliehhan.model.md
oe	hlid	comparison_form	explicit_tag	Germanic/docs/lexeme_reports/model_entries/2100-lid-hlid.model.md
oe	hlid	target_form	lexical_heading	lid — OE hlid
oe	hliehhan	comparison_form	explicit_tag	Germanic/docs/lexeme_reports/model_entries/2092-laugh-hliehhan.model.md
oe	hliehhan	regular_output	table_semantic_auto	Germanic/docs/lexeme_reports/model_entries/2092-laugh-hliehhan.model.md
oe	hliehhan	target_form	lexical_heading	laugh — OE hliehhan
oe	hliehhan	target_form	table_semantic_auto	Germanic/docs/lexeme_reports/model_entries/2092-laugh-hliehhan.model.md
oe	hlihhan	comparison_form	explicit_tag	Germanic/docs/lexeme_reports/model_entries/2092-laugh-hliehhan.model.md
oe	hlæhhan	comparison_form	table_semantic_decision	Germanic/docs/lexeme_reports/model_entries/2092-laugh-hliehhan.model.md
oe	hnacca	comparison_form	explicit_tag	Germanic/docs/lexeme_reports/model_entries/2134-neck-hnecca.model.md
oe	hnecca	comparison_form	explicit_tag	Germanic/docs/lexeme_reports/model_entries/2134-neck-hnecca.model.md
oe	hnecca	regular_output	explicit_tag	Germanic/docs/lexeme_reports/model_entries/2134-neck-hnecca.model.md
oe	hnecca	target_form	explicit_tag	Germanic/docs/lexeme_reports/model_entries/2134-neck-hnecca.model.md
oe	hnecca	target_form	lexical_heading	neck — OE hnecca
oe	horn	target_form	lexical_heading	horn — OE horn
oe	hrefn	evidence_form	broad_prose_decision	Germanic/docs/lexeme_reports/model_entries/2250-thistle-þistles.model.md
oe	hunig	evidence_form	broad_prose_decision	Germanic/docs/lexeme_reports/model_entries/2296-withy-wīþiġ.model.md
oe	hwal	comparison_form	explicit_tag	Germanic/docs/lexeme_reports/model_entries/2284-whale-hwæl.model.md
oe	hwalas	comparison_form	explicit_tag	Germanic/docs/lexeme_reports/model_entries/2284-whale-hwæl.model.md
oe	hwinan	comparison_form	explicit_tag	Germanic/docs/lexeme_reports/model_entries/2286-whine-hwīnan.model.md
oe	hwæl	comparison_form	explicit_tag	Germanic/docs/lexeme_reports/model_entries/2284-whale-hwæl.model.md
oe	hwæl	regular_output	explicit_tag	Germanic/docs/lexeme_reports/model_entries/2284-whale-hwæl.model.md
oe	hwæl	target_form	explicit_tag	Germanic/docs/lexeme_reports/model_entries/2284-whale-hwæl.model.md
oe	hwæl	target_form	lexical_heading	whale — OE hwæl
oe	hwīnan	regular_output	explicit_tag	Germanic/docs/lexeme_reports/model_entries/2286-whine-hwīnan.model.md
oe	hwīnan	target_form	explicit_tag	Germanic/docs/lexeme_reports/model_entries/2286-whine-hwīnan.model.md
oe	hwīnan	target_form	lexical_heading	whine — OE hwīnan
oe	hycgan	comparison_form	broad_prose_decision	Germanic/docs/lexeme_reports/model_entries/2248-think-þenċan.model.md
oe	hæfed	comparison_form	explicit_tag	Germanic/docs/lexeme_reports/model_entries/2058-have-hæfeþ.model.md
oe	hæfeþ	regular_output	explicit_tag	Germanic/docs/lexeme_reports/model_entries/2058-have-hæfeþ.model.md
oe	hæfeþ	target_form	explicit_tag	Germanic/docs/lexeme_reports/model_entries/2058-have-hæfeþ.model.md
oe	hæfeþ	target_form	lexical_heading	have — OE hæfeþ
oe	hæfþ	comparison_form	explicit_tag	Germanic/docs/lexeme_reports/model_entries/2058-have-hæfeþ.model.md
oe	hīez	comparison_form	explicit_tag	Germanic/docs/lexeme_reports/model_entries/2227-strew-strīeġan.model.md
oe	hū	evidence_form	broad_prose_decision	Germanic/docs/lexeme_reports/model_entries/1958-both-bū.model.md
oe	hǣr	target_form	lexical_heading	hair — OE hǣr
oe	iuguþ	comparison_form	explicit_tag	Germanic/docs/lexeme_reports/model_entries/2308-youth-ġeoguþ.model.md
oe	iuzuð	comparison_form	explicit_tag	Germanic/docs/lexeme_reports/model_entries/2308-youth-ġeoguþ.model.md
oe	lapian	evidence_form	broad_prose_decision	Germanic/docs/lexeme_reports/model_entries/2309-make-(iptv.2sg)-maca.model.md
oe	lappa	regular_output	table_semantic_auto	Germanic/docs/lexeme_reports/model_entries/2090-lap-lappa.model.md
oe	lappa	target_form	lexical_heading	lap — OE lappa
oe	lappa	target_form	table_semantic_auto	Germanic/docs/lexeme_reports/model_entries/2090-lap-lappa.model.md
oe	leornian	comparison_form	explicit_tag	Germanic/docs/lexeme_reports/model_entries/2313-learn-(iptv.2sg)-liorna.model.md
oe	leornian	comparison_form	explicit_tag	Germanic/docs/lexeme_reports/model_entries/2314-learn-(3sg)-liornaþ.model.md
oe	leornian	comparison_form	table_semantic_decision	Germanic/docs/lexeme_reports/model_entries/2095-learn-liornian.model.md
oe	libban	comparison_form	explicit_tag	Germanic/docs/lexeme_reports/model_entries/2107-live-lifeþ.model.md
oe	licca	comparison_form	explicit_tag	Germanic/docs/lexeme_reports/model_entries/2316-lick-(3sg)-liccaþ.model.md
oe	licca	regular_output	explicit_tag	Germanic/docs/lexeme_reports/model_entries/2315-lick-(iptv.2sg)-licca.model.md
oe	licca	regular_output	explicit_tag	Germanic/docs/lexeme_reports/model_entries/2316-lick-(3sg)-liccaþ.model.md
oe	licca	target_form	explicit_tag	Germanic/docs/lexeme_reports/model_entries/2315-lick-(iptv.2sg)-licca.model.md
oe	licca	target_form	lexical_heading	lick (iptv.2sg) — OE licca
oe	liccaþ	comparison_form	explicit_tag	Germanic/docs/lexeme_reports/model_entries/2315-lick-(iptv.2sg)-licca.model.md
oe	liccaþ	regular_output	explicit_tag	Germanic/docs/lexeme_reports/model_entries/2316-lick-(3sg)-liccaþ.model.md
oe	liccaþ	target_form	explicit_tag	Germanic/docs/lexeme_reports/model_entries/2316-lick-(3sg)-liccaþ.model.md
oe	liccaþ	target_form	lexical_heading	lick (3sg) — OE liccaþ
oe	liccian	comparison_form	explicit_tag	Germanic/docs/lexeme_reports/model_entries/2315-lick-(iptv.2sg)-licca.model.md
oe	liccian	comparison_form	explicit_tag	Germanic/docs/lexeme_reports/model_entries/2316-lick-(3sg)-liccaþ.model.md
oe	liehtan	comparison_form	explicit_tag	Germanic/docs/lexeme_reports/model_entries/2102-light-līehtan.model.md
oe	lifed	comparison_form	explicit_tag	Germanic/docs/lexeme_reports/model_entries/2107-live-lifeþ.model.md
oe	lifeþ	regular_output	explicit_tag	Germanic/docs/lexeme_reports/model_entries/2107-live-lifeþ.model.md
oe	lifeþ	target_form	explicit_tag	Germanic/docs/lexeme_reports/model_entries/2107-live-lifeþ.model.md
oe	lifeþ	target_form	lexical_heading	live — OE lifeþ
oe	lifian	comparison_form	explicit_tag	Germanic/docs/lexeme_reports/model_entries/2107-live-lifeþ.model.md
oe	lihtan	comparison_form	explicit_tag	Germanic/docs/lexeme_reports/model_entries/2102-light-līehtan.model.md
oe	lind	comparison_form	explicit_tag	Germanic/docs/lexeme_reports/model_entries/2104-linden-lind.model.md
oe	lind	target_form	lexical_heading	linden — OE lind
oe	liorna	comparison_form	explicit_tag	Germanic/docs/lexeme_reports/model_entries/2314-learn-(3sg)-liornaþ.model.md
oe	liorna	regular_output	explicit_tag	Germanic/docs/lexeme_reports/model_entries/2313-learn-(iptv.2sg)-liorna.model.md
oe	liorna	target_form	explicit_tag	Germanic/docs/lexeme_reports/model_entries/2313-learn-(iptv.2sg)-liorna.model.md
oe	liorna	target_form	lexical_heading	learn (iptv.2sg) — OE liorna
oe	liornaþ	comparison_form	explicit_tag	Germanic/docs/lexeme_reports/model_entries/2313-learn-(iptv.2sg)-liorna.model.md
oe	liornaþ	comparison_form	explicit_tag	Germanic/docs/lexeme_reports/model_entries/2314-learn-(3sg)-liornaþ.model.md
oe	liornaþ	regular_output	explicit_tag	Germanic/docs/lexeme_reports/model_entries/2314-learn-(3sg)-liornaþ.model.md
oe	liornaþ	target_form	explicit_tag	Germanic/docs/lexeme_reports/model_entries/2314-learn-(3sg)-liornaþ.model.md
oe	liornaþ	target_form	lexical_heading	learn (3sg) — OE liornaþ
oe	liornes	comparison_form	explicit_tag	Germanic/docs/lexeme_reports/model_entries/2314-learn-(3sg)-liornaþ.model.md
oe	liornian	comparison_form	explicit_tag	Germanic/docs/lexeme_reports/model_entries/2313-learn-(iptv.2sg)-liorna.model.md
oe	liornian	comparison_form	explicit_tag	Germanic/docs/lexeme_reports/model_entries/2314-learn-(3sg)-liornaþ.model.md
oe	liornian	target_form	lexical_heading	learn — OE liornian
oe	lungen	comparison_form	explicit_tag	Germanic/docs/lexeme_reports/model_entries/2114-lung-lungen.model.md
oe	lungen	regular_output	table_semantic_auto	Germanic/docs/lexeme_reports/model_entries/2114-lung-lungen.model.md
oe	lungen	target_form	lexical_heading	lung — OE lungen
oe	lungen	target_form	table_semantic_auto	Germanic/docs/lexeme_reports/model_entries/2114-lung-lungen.model.md
oe	lyhtan	comparison_form	explicit_tag	Germanic/docs/lexeme_reports/model_entries/2102-light-līehtan.model.md
oe	lām	regular_output	table_semantic_auto	Germanic/docs/lexeme_reports/model_entries/2109-loam-lām.model.md
oe	lām	target_form	lexical_heading	loam — OE lām
oe	lām	target_form	table_semantic_auto	Germanic/docs/lexeme_reports/model_entries/2109-loam-lām.model.md
oe	lēosan	target_form	lexical_heading	forlorn — OE lēosan
oe	līehtan	target_form	lexical_heading	light — OE līehtan
oe	lǣdan	target_form	lexical_heading	lead — OE lǣdan
oe	maca	comparison_form	explicit_tag	Germanic/docs/lexeme_reports/model_entries/2310-make-(3sg)-macaþ.model.md
oe	maca	regular_output	explicit_tag	Germanic/docs/lexeme_reports/model_entries/2309-make-(iptv.2sg)-maca.model.md
oe	maca	target_form	explicit_tag	Germanic/docs/lexeme_reports/model_entries/2309-make-(iptv.2sg)-maca.model.md
oe	maca	target_form	lexical_heading	make (iptv.2sg) — OE maca
oe	macaþ	comparison_form	explicit_tag	Germanic/docs/lexeme_reports/model_entries/2309-make-(iptv.2sg)-maca.model.md
oe	macaþ	regular_output	explicit_tag	Germanic/docs/lexeme_reports/model_entries/2310-make-(3sg)-macaþ.model.md
oe	macaþ	target_form	explicit_tag	Germanic/docs/lexeme_reports/model_entries/2310-make-(3sg)-macaþ.model.md
oe	macaþ	target_form	lexical_heading	make (3sg) — OE macaþ
oe	macian	comparison_form	explicit_tag	Germanic/docs/lexeme_reports/model_entries/2309-make-(iptv.2sg)-maca.model.md
oe	macian	comparison_form	explicit_tag	Germanic/docs/lexeme_reports/model_entries/2310-make-(3sg)-macaþ.model.md
oe	man	comparison_form	explicit_tag	Germanic/docs/lexeme_reports/model_entries/2119-man-mannes.model.md
oe	man	regular_output	explicit_tag	Germanic/docs/lexeme_reports/model_entries/2119-man-mannes.model.md
oe	mann	comparison_form	explicit_tag	Germanic/docs/lexeme_reports/model_entries/2119-man-mannes.model.md
oe	manne	comparison_form	explicit_tag	Germanic/docs/lexeme_reports/model_entries/2119-man-mannes.model.md
oe	manne	regular_output	explicit_tag	Germanic/docs/lexeme_reports/model_entries/2119-man-mannes.model.md
oe	mannes	regular_output	explicit_tag	Germanic/docs/lexeme_reports/model_entries/2119-man-mannes.model.md
oe	mannes	target_form	explicit_tag	Germanic/docs/lexeme_reports/model_entries/2119-man-mannes.model.md
oe	mannes	target_form	lexical_heading	man — OE mannes
oe	mare	target_form	lexical_heading	nightmare — OE mare
oe	menn	comparison_form	explicit_tag	Germanic/docs/lexeme_reports/model_entries/2119-man-mannes.model.md
oe	meoloc	comparison_form	explicit_tag	Germanic/docs/lexeme_reports/model_entries/2126-milk-meoloc.model.md
oe	meoloc	target_form	lexical_heading	milk — OE meoloc
oe	meord	comparison_form	explicit_tag	Germanic/docs/lexeme_reports/model_entries/2124-meed-meorde.model.md
oe	meorda	comparison_form	explicit_tag	Germanic/docs/lexeme_reports/model_entries/2124-meed-meorde.model.md
oe	meorde	regular_output	explicit_tag	Germanic/docs/lexeme_reports/model_entries/2124-meed-meorde.model.md
oe	meorde	target_form	explicit_tag	Germanic/docs/lexeme_reports/model_entries/2124-meed-meorde.model.md
oe	meorde	target_form	lexical_heading	meed — OE meorde
oe	monn	comparison_form	explicit_tag	Germanic/docs/lexeme_reports/model_entries/2119-man-mannes.model.md
oe	monnes	comparison_form	explicit_tag	Germanic/docs/lexeme_reports/model_entries/2119-man-mannes.model.md
oe	munuc	comparison_form	explicit_tag	Germanic/docs/lexeme_reports/model_entries/2308-youth-ġeoguþ.model.md
oe	mēd	comparison_form	explicit_tag	Germanic/docs/lexeme_reports/model_entries/2124-meed-meorde.model.md
oe	mōder	target_form	lexical_heading	mother — OE mōder
oe	nabula	comparison_form	explicit_tag	Germanic/docs/lexeme_reports/model_entries/2133-navel-nafola.model.md
oe	nafela	comparison_form	explicit_tag	Germanic/docs/lexeme_reports/model_entries/2133-navel-nafola.model.md
oe	nafola	regular_output	explicit_tag	Germanic/docs/lexeme_reports/model_entries/2133-navel-nafola.model.md
oe	nafola	target_form	explicit_tag	Germanic/docs/lexeme_reports/model_entries/2133-navel-nafola.model.md
oe	nafola	target_form	lexical_heading	navel — OE nafola
oe	nasu	comparison_form	explicit_tag	Germanic/docs/lexeme_reports/model_entries/2143-nose-nosu.model.md
oe	nasu	comparison_form	table_semantic_decision	Germanic/docs/lexeme_reports/model_entries/2143-nose-nosu.model.md
oe	neaht	comparison_form	explicit_tag	Germanic/docs/lexeme_reports/model_entries/2140-night-niht.model.md
oe	neaht	regular_output	explicit_tag	Germanic/docs/lexeme_reports/model_entries/2140-night-niht.model.md
oe	neahtas	comparison_form	explicit_tag	Germanic/docs/lexeme_reports/model_entries/2140-night-niht.model.md
oe	neht	comparison_form	explicit_tag	Germanic/docs/lexeme_reports/model_entries/2140-night-niht.model.md
oe	nett	comparison_form	explicit_tag	Germanic/docs/lexeme_reports/model_entries/2138-net-nett.model.md
oe	nett	target_form	lexical_heading	net — OE nett
oe	nieht	comparison_form	explicit_tag	Germanic/docs/lexeme_reports/model_entries/2140-night-niht.model.md
oe	niht	regular_output	explicit_tag	Germanic/docs/lexeme_reports/model_entries/2140-night-niht.model.md
oe	niht	target_form	explicit_tag	Germanic/docs/lexeme_reports/model_entries/2140-night-niht.model.md
oe	niht	target_form	lexical_heading	night — OE niht
oe	nosu	regular_output	table_semantic_auto	Germanic/docs/lexeme_reports/model_entries/2143-nose-nosu.model.md
oe	nosu	target_form	lexical_heading	nose — OE nosu
oe	nosu	target_form	table_semantic_auto	Germanic/docs/lexeme_reports/model_entries/2143-nose-nosu.model.md
oe	næddre	evidence_form	explicit_tag	Germanic/docs/lexeme_reports/model_entries/1933-adder-nǣdre.model.md
oe	nædre	evidence_form	explicit_tag	Germanic/docs/lexeme_reports/model_entries/1933-adder-nǣdre.model.md
oe	næfla	comparison_form	table_semantic_decision	Germanic/docs/lexeme_reports/model_entries/2133-navel-nafola.model.md
oe	nǣdl	regular_output	explicit_tag	Germanic/docs/lexeme_reports/model_entries/2136-needle-nǣdl.model.md
oe	nǣdl	target_form	explicit_tag	Germanic/docs/lexeme_reports/model_entries/2136-needle-nǣdl.model.md
oe	nǣdl	target_form	lexical_heading	needle — OE nǣdl
oe	nǣdre	evidence_form	explicit_tag	Germanic/docs/lexeme_reports/model_entries/1933-adder-nǣdre.model.md
oe	nǣdre	target_form	lexical_heading	adder — OE nǣdre
oe	rast	comparison_form	table_semantic_decision	Germanic/docs/lexeme_reports/model_entries/2152-rest-ræste.model.md
oe	rocc	target_form	lexical_heading	coat — OE rocc
oe	rust	comparison_form	explicit_tag	Germanic/docs/lexeme_reports/model_entries/2162-rust-rust.model.md
oe	rust	target_form	lexical_heading	rust — OE rust
oe	ræst	comparison_form	explicit_tag	Germanic/docs/lexeme_reports/model_entries/2152-rest-ræste.model.md
oe	ræste	regular_output	explicit_tag	Germanic/docs/lexeme_reports/model_entries/2152-rest-ræste.model.md
oe	ræste	target_form	explicit_tag	Germanic/docs/lexeme_reports/model_entries/2152-rest-ræste.model.md
oe	ræste	target_form	lexical_heading	rest — OE ræste
oe	rúst	comparison_form	explicit_tag	Germanic/docs/lexeme_reports/model_entries/2162-rust-rust.model.md
oe	rēac	comparison_form	explicit_tag	Germanic/docs/lexeme_reports/model_entries/2151-reek-rēac.model.md
oe	rēac	target_form	explicit_tag	Germanic/docs/lexeme_reports/model_entries/2151-reek-rēac.model.md
oe	rēac	target_form	lexical_heading	reek — OE *rēac
oe	rēc	comparison_form	explicit_tag	Germanic/docs/lexeme_reports/model_entries/2151-reek-rēac.model.md
oe	rēcels	comparison_form	explicit_tag	Germanic/docs/lexeme_reports/model_entries/2151-reek-rēac.model.md
oe	rēocan	comparison_form	explicit_tag	Germanic/docs/lexeme_reports/model_entries/2151-reek-rēac.model.md
oe	rūst	comparison_form	explicit_tag	Germanic/docs/lexeme_reports/model_entries/2162-rust-rust.model.md
oe	sap	comparison_form	explicit_tag	Germanic/docs/lexeme_reports/model_entries/2168-sap-sæp.model.md
oe	sape	comparison_form	explicit_tag	Germanic/docs/lexeme_reports/model_entries/2168-sap-sæp.model.md
oe	sceaf	comparison_form	explicit_tag	Germanic/docs/lexeme_reports/model_entries/2184-shove-sċēaf.model.md
oe	sceawað	comparison_form	table_semantic_auto	Germanic/docs/lexeme_reports/model_entries/2318-show-(3sg)-sċēawaþ.model.md
oe	sceoldor	comparison_form	explicit_tag	Germanic/docs/lexeme_reports/model_entries/2183-shoulder-sċuldrum.model.md
oe	sceáwian	comparison_form	explicit_tag	Germanic/docs/lexeme_reports/model_entries/2318-show-(3sg)-sċēawaþ.model.md
oe	scilling	comparison_form	explicit_tag	Germanic/docs/lexeme_reports/model_entries/2181-shilling-sċilling.model.md
oe	scofen	comparison_form	explicit_tag	Germanic/docs/lexeme_reports/model_entries/2184-shove-sċēaf.model.md
oe	scufan	comparison_form	explicit_tag	Germanic/docs/lexeme_reports/model_entries/2184-shove-sċēaf.model.md
oe	scufon	comparison_form	explicit_tag	Germanic/docs/lexeme_reports/model_entries/2184-shove-sċēaf.model.md
oe	sculdor	comparison_form	explicit_tag	Germanic/docs/lexeme_reports/model_entries/2183-shoulder-sċuldrum.model.md
oe	sculdra	comparison_form	explicit_tag	Germanic/docs/lexeme_reports/model_entries/2183-shoulder-sċuldrum.model.md
oe	sculdrum	comparison_form	explicit_tag	Germanic/docs/lexeme_reports/model_entries/2183-shoulder-sċuldrum.model.md
oe	scyldrum	comparison_form	explicit_tag	Germanic/docs/lexeme_reports/model_entries/2183-shoulder-sċuldrum.model.md
oe	scéawian	comparison_form	explicit_tag	Germanic/docs/lexeme_reports/model_entries/2318-show-(3sg)-sċēawaþ.model.md
oe	scāwian	comparison_form	explicit_tag	Germanic/docs/lexeme_reports/model_entries/2186-show-sċēawian.model.md
oe	scēawa	comparison_form	explicit_tag	Germanic/docs/lexeme_reports/model_entries/2186-show-sċēawian.model.md
oe	scēawa	comparison_form	explicit_tag	Germanic/docs/lexeme_reports/model_entries/2318-show-(3sg)-sċēawaþ.model.md
oe	scēawa	evidence_form	explicit_tag	Germanic/docs/lexeme_reports/model_entries/2317-show-(iptv.2sg)-sċēawa.model.md
oe	scēawian	comparison_form	explicit_tag	Germanic/docs/lexeme_reports/model_entries/2186-show-sċēawian.model.md
oe	scēawian	comparison_form	explicit_tag	Germanic/docs/lexeme_reports/model_entries/2318-show-(3sg)-sċēawaþ.model.md
oe	scēawian	evidence_form	explicit_tag	Germanic/docs/lexeme_reports/model_entries/2317-show-(iptv.2sg)-sċēawa.model.md
oe	scēofan	comparison_form	explicit_tag	Germanic/docs/lexeme_reports/model_entries/2184-shove-sċēaf.model.md
oe	scūfan	comparison_form	explicit_tag	Germanic/docs/lexeme_reports/model_entries/2184-shove-sċēaf.model.md
oe	sep	comparison_form	explicit_tag	Germanic/docs/lexeme_reports/model_entries/2168-sap-sæp.model.md
oe	sepe	comparison_form	explicit_tag	Germanic/docs/lexeme_reports/model_entries/2168-sap-sæp.model.md
oe	sibb	comparison_form	explicit_tag	Germanic/docs/lexeme_reports/model_entries/2189-sieve-sife.model.md
oe	sibi	comparison_form	explicit_tag	Germanic/docs/lexeme_reports/model_entries/2189-sieve-sife.model.md
oe	sif	comparison_form	explicit_tag	Germanic/docs/lexeme_reports/model_entries/2189-sieve-sife.model.md
oe	sife	regular_output	explicit_tag	Germanic/docs/lexeme_reports/model_entries/2189-sieve-sife.model.md
oe	sife	target_form	explicit_tag	Germanic/docs/lexeme_reports/model_entries/2189-sieve-sife.model.md
oe	sife	target_form	lexical_heading	sieve — OE sife
oe	slæpan	comparison_form	explicit_tag	Germanic/docs/lexeme_reports/model_entries/2196-sleep-slǣpan.model.md
oe	slāpan	comparison_form	explicit_tag	Germanic/docs/lexeme_reports/model_entries/2196-sleep-slǣpan.model.md
oe	slēpan	comparison_form	explicit_tag	Germanic/docs/lexeme_reports/model_entries/2196-sleep-slǣpan.model.md
oe	slǣpan	comparison_form	explicit_tag	Germanic/docs/lexeme_reports/model_entries/2196-sleep-slǣpan.model.md
oe	slǣpan	target_form	lexical_heading	sleep — OE slǣpan
oe	smierwan	comparison_form	explicit_tag	Germanic/docs/lexeme_reports/model_entries/2198-smear-smierwan.model.md
oe	smierwan	target_form	lexical_heading	smear — OE smierwan
oe	smirwan	comparison_form	explicit_tag	Germanic/docs/lexeme_reports/model_entries/2198-smear-smierwan.model.md
oe	span	regular_output	explicit_tag	Germanic/docs/lexeme_reports/model_entries/2203-span-spanne.model.md
oe	spann	comparison_form	explicit_tag	Germanic/docs/lexeme_reports/model_entries/2203-span-spanne.model.md
oe	spannan	comparison_form	explicit_tag	Germanic/docs/lexeme_reports/model_entries/2202-span-spannan.model.md
oe	spannan	target_form	lexical_heading	span — OE spannan
oe	spanne	regular_output	explicit_tag	Germanic/docs/lexeme_reports/model_entries/2203-span-spanne.model.md
oe	spanne	target_form	explicit_tag	Germanic/docs/lexeme_reports/model_entries/2203-span-spanne.model.md
oe	spanne	target_form	lexical_heading	span — OE spanne
oe	sparen	evidence_form	explicit_tag	Germanic/docs/lexeme_reports/model_entries/2205-spare-sparian.model.md
oe	sparian	evidence_form	explicit_tag	Germanic/docs/lexeme_reports/model_entries/2205-spare-sparian.model.md
oe	sparian	target_form	lexical_heading	spare — OE sparian
oe	spearad	evidence_form	explicit_tag	Germanic/docs/lexeme_reports/model_entries/2205-spare-sparian.model.md
oe	spearra	comparison_form	explicit_tag	Germanic/docs/lexeme_reports/model_entries/2204-spar-spearra.model.md
oe	spearra	target_form	lexical_heading	spar — OE spearra
oe	spere	evidence_form	broad_prose_decision	Germanic/docs/lexeme_reports/model_entries/2189-sieve-sife.model.md
oe	spær	evidence_form	explicit_tag	Germanic/docs/lexeme_reports/model_entries/2205-spare-sparian.model.md
oe	spære	evidence_form	explicit_tag	Germanic/docs/lexeme_reports/model_entries/2205-spare-sparian.model.md
oe	spærede	evidence_form	explicit_tag	Germanic/docs/lexeme_reports/model_entries/2205-spare-sparian.model.md
oe	spæreþ	evidence_form	explicit_tag	Germanic/docs/lexeme_reports/model_entries/2205-spare-sparian.model.md
oe	spæria	evidence_form	explicit_tag	Germanic/docs/lexeme_reports/model_entries/2205-spare-sparian.model.md
oe	stafas	comparison_form	explicit_tag	Germanic/docs/lexeme_reports/model_entries/2212-staff-stæf.model.md
oe	stefe	comparison_form	explicit_tag	Germanic/docs/lexeme_reports/model_entries/2212-staff-stæf.model.md
oe	stefe	regular_output	explicit_tag	Germanic/docs/lexeme_reports/model_entries/2212-staff-stæf.model.md
oe	stefn	comparison_form	explicit_tag	Germanic/docs/lexeme_reports/model_entries/2216-stem-stefn.model.md
oe	stefn	target_form	explicit_tag	Germanic/docs/lexeme_reports/model_entries/2216-stem-stefn.model.md
oe	stefn	target_form	lexical_heading	stem — OE stefn
oe	stefna	comparison_form	explicit_tag	Germanic/docs/lexeme_reports/model_entries/2216-stem-stefn.model.md
oe	stemn	comparison_form	explicit_tag	Germanic/docs/lexeme_reports/model_entries/2216-stem-stefn.model.md
oe	still	comparison_form	explicit_tag	Germanic/docs/lexeme_reports/model_entries/2217-still-stillan.model.md
oe	stillan	target_form	lexical_heading	still — OE stillan
oe	stille	comparison_form	explicit_tag	Germanic/docs/lexeme_reports/model_entries/2217-still-stillan.model.md
oe	stofn	comparison_form	explicit_tag	Germanic/docs/lexeme_reports/model_entries/2216-stem-stefn.model.md
oe	streowian	comparison_form	explicit_tag	Germanic/docs/lexeme_reports/model_entries/2227-strew-strīeġan.model.md
oe	strewian	comparison_form	explicit_tag	Germanic/docs/lexeme_reports/model_entries/2227-strew-strīeġan.model.md
oe	strēawian	comparison_form	explicit_tag	Germanic/docs/lexeme_reports/model_entries/2227-strew-strīeġan.model.md
oe	strēgan	comparison_form	explicit_tag	Germanic/docs/lexeme_reports/model_entries/2227-strew-strīeġan.model.md
oe	strēzan	comparison_form	explicit_tag	Germanic/docs/lexeme_reports/model_entries/2227-strew-strīeġan.model.md
oe	strīeġan	target_form	explicit_tag	Germanic/docs/lexeme_reports/model_entries/2227-strew-strīeġan.model.md
oe	strīeġan	target_form	lexical_heading	strew — OE *strīeġan
oe	stæf	regular_output	explicit_tag	Germanic/docs/lexeme_reports/model_entries/2212-staff-stæf.model.md
oe	stæf	target_form	explicit_tag	Germanic/docs/lexeme_reports/model_entries/2212-staff-stæf.model.md
oe	stæf	target_form	lexical_heading	staff — OE stæf
oe	stānrocc	comparison_form	broad_prose_decision	Germanic/docs/lexeme_reports/model_entries/2155-coat-rocc.model.md
oe	sumer	comparison_form	explicit_tag	Germanic/docs/lexeme_reports/model_entries/2230-summer-sumer.model.md
oe	sumer	target_form	lexical_heading	summer — OE sumer
oe	sumera	comparison_form	explicit_tag	Germanic/docs/lexeme_reports/model_entries/2230-summer-sumer.model.md
oe	sumere	comparison_form	explicit_tag	Germanic/docs/lexeme_reports/model_entries/2230-summer-sumer.model.md
oe	sumeres	comparison_form	explicit_tag	Germanic/docs/lexeme_reports/model_entries/2230-summer-sumer.model.md
oe	sumor	comparison_form	explicit_tag	Germanic/docs/lexeme_reports/model_entries/2230-summer-sumer.model.md
oe	sundor	comparison_form	explicit_tag	Germanic/docs/lexeme_reports/model_entries/2232-sunder-sundrian.model.md
oe	sundrian	target_form	lexical_heading	sunder — OE sundrian
oe	swalwe	comparison_form	explicit_tag	Germanic/docs/lexeme_reports/model_entries/2234-swallow-swealwe.model.md
oe	swan	comparison_form	explicit_tag	Germanic/docs/lexeme_reports/model_entries/2235-swan-swanes.model.md
oe	swanes	regular_output	explicit_tag	Germanic/docs/lexeme_reports/model_entries/2235-swan-swanes.model.md
oe	swanes	target_form	explicit_tag	Germanic/docs/lexeme_reports/model_entries/2235-swan-swanes.model.md
oe	swanes	target_form	lexical_heading	swan — OE swanes
oe	swealwe	comparison_form	explicit_tag	Germanic/docs/lexeme_reports/model_entries/2234-swallow-swealwe.model.md
oe	swealwe	target_form	lexical_heading	swallow — OE swealwe
oe	swīn	comparison_form	explicit_tag	Germanic/docs/lexeme_reports/model_entries/2238-swine-swīn.model.md
oe	swīn	target_form	lexical_heading	swine — OE swīn
oe	syndrian	comparison_form	explicit_tag	Germanic/docs/lexeme_reports/model_entries/2232-sunder-sundrian.model.md
oe	sæ	comparison_form	explicit_tag	Germanic/docs/lexeme_reports/model_entries/2169-sea-sǣ.model.md
oe	sæp	regular_output	explicit_tag	Germanic/docs/lexeme_reports/model_entries/2168-sap-sæp.model.md
oe	sæp	target_form	explicit_tag	Germanic/docs/lexeme_reports/model_entries/2168-sap-sæp.model.md
oe	sæp	target_form	lexical_heading	sap — OE sæp
oe	sċilling	target_form	lexical_heading	shilling — OE sċilling
oe	sċoldor	regular_output	explicit_tag	Germanic/docs/lexeme_reports/model_entries/2183-shoulder-sċuldrum.model.md
oe	sċufun	comparison_form	explicit_tag	Germanic/docs/lexeme_reports/model_entries/2184-shove-sċēaf.model.md
oe	sċuldor	regular_output	explicit_tag	Germanic/docs/lexeme_reports/model_entries/2183-shoulder-sċuldrum.model.md
oe	sċuldrum	comparison_form	explicit_tag	Germanic/docs/lexeme_reports/model_entries/2183-shoulder-sċuldrum.model.md
oe	sċuldrum	evidence_form	explicit_tag	Germanic/docs/assembly/capr_book_intro_alpha_01.md
oe	sċuldrum	target_form	explicit_tag	Germanic/docs/lexeme_reports/model_entries/2183-shoulder-sċuldrum.model.md
oe	sċuldrum	target_form	lexical_heading	shoulder — OE sċuldrum
oe	sċēaf	comparison_form	explicit_tag	Germanic/docs/lexeme_reports/model_entries/2184-shove-sċēaf.model.md
oe	sċēaf	regular_output	explicit_tag	Germanic/docs/lexeme_reports/model_entries/2184-shove-sċēaf.model.md
oe	sċēaf	target_form	explicit_tag	Germanic/docs/lexeme_reports/model_entries/2184-shove-sċēaf.model.md
oe	sċēaf	target_form	lexical_heading	shove — OE sċēaf
oe	sċēap	target_form	lexical_heading	sheep — OE sċēap
oe	sċēawa	evidence_form	explicit_tag	Germanic/docs/lexeme_reports/model_entries/2317-show-(iptv.2sg)-sċēawa.model.md
oe	sċēawa	regular_output	explicit_tag	Germanic/docs/lexeme_reports/model_entries/2318-show-(3sg)-sċēawaþ.model.md
oe	sċēawa	target_form	lexical_heading	show (iptv.2sg) — OE sċēawa
oe	sċēawaþ	evidence_form	explicit_tag	Germanic/docs/lexeme_reports/model_entries/2317-show-(iptv.2sg)-sċēawa.model.md
oe	sċēawaþ	target_form	explicit_tag	Germanic/docs/lexeme_reports/model_entries/2318-show-(3sg)-sċēawaþ.model.md
oe	sċēawaþ	target_form	lexical_heading	show (3sg) — OE sċēawaþ
oe	sċēawian	evidence_form	explicit_tag	Germanic/docs/lexeme_reports/model_entries/2317-show-(iptv.2sg)-sċēawa.model.md
oe	sċēawian	regular_output	explicit_tag	Germanic/docs/lexeme_reports/model_entries/2318-show-(3sg)-sċēawaþ.model.md
oe	sċēawian	target_form	explicit_tag	Germanic/docs/lexeme_reports/model_entries/2186-show-sċēawian.model.md
oe	sċēawian	target_form	lexical_heading	show — OE sċēawian
oe	sċēofan	comparison_form	explicit_tag	Germanic/docs/lexeme_reports/model_entries/2184-shove-sċēaf.model.md
oe	sǣ	regular_output	explicit_tag	Germanic/docs/lexeme_reports/model_entries/2169-sea-sǣ.model.md
oe	sǣ	target_form	explicit_tag	Germanic/docs/lexeme_reports/model_entries/2169-sea-sǣ.model.md
oe	sǣ	target_form	lexical_heading	sea — OE sǣ
oe	tacn	comparison_form	explicit_tag	Germanic/docs/lexeme_reports/model_entries/2250-thistle-þistles.model.md
oe	tappa	regular_output	explicit_tag	Germanic/docs/lexeme_reports/model_entries/2240-tap-tæppa.model.md
oe	teppan	comparison_form	explicit_tag	Germanic/docs/lexeme_reports/model_entries/2240-tap-tæppa.model.md
oe	timber	regular_output	explicit_tag	Germanic/docs/lexeme_reports/model_entries/2258-timber-timber.model.md
oe	timber	target_form	explicit_tag	Germanic/docs/lexeme_reports/model_entries/2258-timber-timber.model.md
oe	timber	target_form	lexical_heading	timber — OE timber
oe	timbor	comparison_form	explicit_tag	Germanic/docs/lexeme_reports/model_entries/2258-timber-timber.model.md
oe	tæppa	target_form	explicit_tag	Germanic/docs/lexeme_reports/model_entries/2240-tap-tæppa.model.md
oe	tæppa	target_form	lexical_heading	tap — OE tæppa
oe	tācn	target_form	lexical_heading	token — OE tācn
oe	tēon	target_form	lexical_heading	ten — OE tēon
oe	tēon	target_form	table_semantic_auto	Germanic/docs/lexeme_reports/model_entries/2242-ten-tēon.model.md
oe	tīd	target_form	lexical_heading	tide — OE tīd
oe	tīdan	comparison_form	broad_prose_decision	Germanic/docs/lexeme_reports/model_entries/2257-tide-tīd.model.md
oe	tō-fundennes	comparison_form	broad_prose_decision	Germanic/docs/lexeme_reports/model_entries/2011-find-fundene.model.md
oe	tū	evidence_form	broad_prose_decision	Germanic/docs/lexeme_reports/model_entries/1958-both-bū.model.md
oe	tūn	target_form	lexical_heading	town — OE tūn
oe	wacan	regular_output	explicit_tag	Germanic/docs/lexeme_reports/model_entries/2268-wake-wacan.model.md
oe	wacan	target_form	explicit_tag	Germanic/docs/lexeme_reports/model_entries/2268-wake-wacan.model.md
oe	wacan	target_form	lexical_heading	wake — OE wacan
oe	wacian	comparison_form	explicit_tag	Germanic/docs/lexeme_reports/model_entries/2268-wake-wacan.model.md
oe	wadan	comparison_form	explicit_tag	Germanic/docs/lexeme_reports/model_entries/2266-wade-wadan.model.md
oe	wadan	target_form	lexical_heading	wade — OE wadan
oe	waefs	comparison_form	explicit_tag	Germanic/docs/lexeme_reports/model_entries/2273-wasp-wæfs.model.md
oe	wald	comparison_form	explicit_tag	Germanic/docs/lexeme_reports/model_entries/2297-wold-weald.model.md
oe	wascan	target_form	lexical_heading	wash — OE wascan
oe	wasp	comparison_form	explicit_tag	Germanic/docs/lexeme_reports/model_entries/2273-wasp-wæfs.model.md
oe	weald	comparison_form	explicit_tag	Germanic/docs/lexeme_reports/model_entries/2297-wold-weald.model.md
oe	weald	target_form	lexical_heading	wold — OE weald
oe	weaxan	target_form	lexical_heading	wax — OE weaxan
oe	weorold	regular_output	explicit_tag	Germanic/docs/lexeme_reports/model_entries/2302-world-weorold.model.md
oe	weorold	target_form	explicit_tag	Germanic/docs/lexeme_reports/model_entries/2302-world-weorold.model.md
oe	weorold	target_form	lexical_heading	world — OE weorold
oe	weorpan	target_form	lexical_heading	warp — OE weorpan
oe	weoruld	comparison_form	explicit_tag	Germanic/docs/lexeme_reports/model_entries/2302-world-weorold.model.md
oe	weġ	target_form	lexical_heading	way — OE weġ
oe	wiarald	comparison_form	explicit_tag	Germanic/docs/lexeme_reports/model_entries/2302-world-weorold.model.md
oe	willa	comparison_form	explicit_tag	Germanic/docs/lexeme_reports/model_entries/2293-will-willa.model.md
oe	willa	target_form	lexical_heading	will — OE willa
oe	willan	comparison_form	explicit_tag	Germanic/docs/lexeme_reports/model_entries/2293-will-willa.model.md
oe	windan	comparison_form	explicit_tag	Germanic/docs/lexeme_reports/model_entries/2294-wind-windan.model.md
oe	windan	target_form	lexical_heading	wind — OE windan
oe	wiðig	comparison_form	explicit_tag	Germanic/docs/lexeme_reports/model_entries/2296-withy-wīþiġ.model.md
oe	wold	comparison_form	explicit_tag	Germanic/docs/lexeme_reports/model_entries/2297-wold-weald.model.md
oe	woll	regular_output	broad_prose_decision	Germanic/docs/lexeme_reports/model_entries/2300-wool-wull.model.md
oe	world	comparison_form	explicit_tag	Germanic/docs/lexeme_reports/model_entries/2302-world-weorold.model.md
oe	worold	comparison_form	explicit_tag	Germanic/docs/lexeme_reports/model_entries/2302-world-weorold.model.md
oe	woruld	comparison_form	explicit_tag	Germanic/docs/lexeme_reports/model_entries/2302-world-weorold.model.md
oe	wulf	target_form	lexical_heading	wolf — OE wulf
oe	wulfai	comparison_form	explicit_tag	Germanic/docs/lexeme_reports/model_entries/2298-wolf-wulf.model.md
oe	wulfe	comparison_form	explicit_tag	Germanic/docs/lexeme_reports/model_entries/2298-wolf-wulf.model.md
oe	wulfi	comparison_form	explicit_tag	Germanic/docs/lexeme_reports/model_entries/2298-wolf-wulf.model.md
oe	wull	comparison_form	explicit_tag	Germanic/docs/lexeme_reports/model_entries/2300-wool-wull.model.md
oe	wull	target_form	explicit_tag	Germanic/docs/lexeme_reports/model_entries/2300-wool-wull.model.md
oe	wull	target_form	lexical_heading	wool — OE wull
oe	wulle	comparison_form	explicit_tag	Germanic/docs/lexeme_reports/model_entries/2300-wool-wull.model.md
oe	wurold	comparison_form	explicit_tag	Germanic/docs/lexeme_reports/model_entries/2302-world-weorold.model.md
oe	wylf	comparison_form	explicit_tag	Germanic/docs/lexeme_reports/model_entries/2298-wolf-wulf.model.md
oe	wæcnan	comparison_form	explicit_tag	Germanic/docs/lexeme_reports/model_entries/2268-wake-wacan.model.md
oe	wæfs	regular_output	explicit_tag	Germanic/docs/lexeme_reports/model_entries/2273-wasp-wæfs.model.md
oe	wæfs	target_form	explicit_tag	Germanic/docs/lexeme_reports/model_entries/2273-wasp-wæfs.model.md
oe	wæfs	target_form	lexical_heading	wasp — OE wæfs
oe	wæps	comparison_form	explicit_tag	Germanic/docs/lexeme_reports/model_entries/2273-wasp-wæfs.model.md
oe	wæsp	comparison_form	explicit_tag	Germanic/docs/lexeme_reports/model_entries/2273-wasp-wæfs.model.md
oe	wæter	regular_output	explicit_tag	Germanic/docs/lexeme_reports/model_entries/2274-water-wæter.model.md
oe	wæter	target_form	explicit_tag	Germanic/docs/lexeme_reports/model_entries/2274-water-wæter.model.md
oe	wæter	target_form	lexical_heading	water — OE wæter
oe	wætera	comparison_form	explicit_tag	Germanic/docs/lexeme_reports/model_entries/2274-water-wæter.model.md
oe	wætere	comparison_form	explicit_tag	Germanic/docs/lexeme_reports/model_entries/2274-water-wæter.model.md
oe	wæteres	comparison_form	explicit_tag	Germanic/docs/lexeme_reports/model_entries/2274-water-wæter.model.md
oe	wæterum	comparison_form	explicit_tag	Germanic/docs/lexeme_reports/model_entries/2274-water-wæter.model.md
oe	wépn	comparison_form	explicit_tag	Germanic/docs/lexeme_reports/model_entries/2250-thistle-þistles.model.md
oe	wānian	comparison_form	explicit_tag	Germanic/docs/lexeme_reports/model_entries/2286-whine-hwīnan.model.md
oe	wīþiġ	regular_output	explicit_tag	Germanic/docs/lexeme_reports/model_entries/2296-withy-wīþiġ.model.md
oe	wīþiġ	target_form	explicit_tag	Germanic/docs/lexeme_reports/model_entries/2296-withy-wīþiġ.model.md
oe	wīþiġ	target_form	lexical_heading	withy — OE wīþiġ
oe	wǣpn	target_form	lexical_heading	weapon — OE wǣpn
oe	ærende	comparison_form	explicit_tag	Germanic/docs/lexeme_reports/model_entries/2252-thousand-þūsend.model.md
oe	ærende	comparison_form	override	Germanic/docs/lexeme_reports/model_entries/2252-thousand-þūsend.model.md
oe	ðistel	comparison_form	explicit_tag	Germanic/docs/lexeme_reports/model_entries/2250-thistle-þistles.model.md
oe	þenċan	target_form	lexical_heading	think — OE þenċan
oe	þistel	comparison_form	explicit_tag	Germanic/docs/lexeme_reports/model_entries/2250-thistle-þistles.model.md
oe	þistl	regular_output	explicit_tag	Germanic/docs/lexeme_reports/model_entries/2250-thistle-þistles.model.md
oe	þistles	regular_output	explicit_tag	Germanic/docs/lexeme_reports/model_entries/2250-thistle-þistles.model.md
oe	þistles	target_form	explicit_tag	Germanic/docs/lexeme_reports/model_entries/2250-thistle-þistles.model.md
oe	þistles	target_form	lexical_heading	thistle — OE þistles
oe	þorn	target_form	lexical_heading	thorn — OE þorn
oe	þrim	comparison_form	explicit_tag	Germanic/docs/lexeme_reports/model_entries/2254-three-þrīe.model.md
oe	þrēo	comparison_form	explicit_tag	Germanic/docs/lexeme_reports/model_entries/2254-three-þrīe.model.md
oe	þrēora	comparison_form	explicit_tag	Germanic/docs/lexeme_reports/model_entries/2254-three-þrīe.model.md
oe	þrīe	target_form	explicit_tag	Germanic/docs/lexeme_reports/model_entries/2254-three-þrīe.model.md
oe	þrīe	target_form	lexical_heading	three — OE þrīe
oe	þūsend	regular_output	explicit_tag	Germanic/docs/lexeme_reports/model_entries/2252-thousand-þūsend.model.md
oe	þūsend	target_form	explicit_tag	Germanic/docs/lexeme_reports/model_entries/2252-thousand-þūsend.model.md
oe	þūsend	target_form	lexical_heading	thousand — OE þūsend
oe	āsceaf	comparison_form	explicit_tag	Germanic/docs/lexeme_reports/model_entries/2184-shove-sċēaf.model.md
oe	ċealf	target_form	lexical_heading	calf — OE ċealf
oe	ġealla	regular_output	explicit_tag	Germanic/docs/lexeme_reports/model_entries/2037-gall-ġealla.model.md
oe	ġealla	target_form	explicit_tag	Germanic/docs/lexeme_reports/model_entries/2037-gall-ġealla.model.md
oe	ġealla	target_form	lexical_heading	gall — OE ġealla
oe	ġearn	target_form	lexical_heading	yarn — OE ġearn
oe	ġeoguþ	regular_output	explicit_tag	Germanic/docs/lexeme_reports/model_entries/2308-youth-ġeoguþ.model.md
oe	ġeoguþ	target_form	explicit_tag	Germanic/docs/lexeme_reports/model_entries/2308-youth-ġeoguþ.model.md
oe	ġeoguþ	target_form	lexical_heading	youth — OE ġeoguþ
oe	ġiefan	target_form	lexical_heading	give — OE ġiefan
oe	ġiest	target_form	lexical_heading	guest — OE ġiest
ofris	bēthe	comparison_form	explicit_tag	Germanic/docs/lexeme_reports/model_entries/1958-both-bū.model.md
ofris	dore	comparison_form	override	Germanic/docs/lexeme_reports/model_entries/1992-door-dor.model.md
ofris	makia	comparison_form	explicit_tag	Germanic/docs/lexeme_reports/model_entries/2309-make-(iptv.2sg)-maca.model.md
ofris	skawia	comparison_form	explicit_tag	Germanic/docs/lexeme_reports/model_entries/2318-show-(3sg)-sċēawaþ.model.md
ofris	skawia	comparison_form	override	Germanic/docs/lexeme_reports/model_entries/2317-show-(iptv.2sg)-sċēawa.model.md
ofris	skulder	comparison_form	explicit_tag	Germanic/docs/lexeme_reports/model_entries/2183-shoulder-sċuldrum.model.md
ofris	stevene	comparison_form	explicit_tag	Germanic/docs/lexeme_reports/model_entries/2216-stem-stefn.model.md
ohg	backan	comparison_form	override	Germanic/docs/lexeme_reports/model_entries/1934-bake-bacan.model.md
ohg	bahhan	comparison_form	override	Germanic/docs/lexeme_reports/model_entries/1934-bake-bacan.model.md
ohg	bēde	comparison_form	explicit_tag	Germanic/docs/lexeme_reports/model_entries/1958-both-bū.model.md
ohg	fogal	comparison_form	explicit_tag	Germanic/docs/lexeme_reports/model_entries/2030-fowl-fugol.model.md
ohg	fogal	comparison_form	override	Germanic/docs/lexeme_reports/model_entries/2030-fowl-fugol.model.md
ohg	foll	comparison_form	explicit_tag	Germanic/docs/lexeme_reports/model_entries/2300-wool-wull.model.md
ohg	lecchon	comparison_form	explicit_tag	Germanic/docs/lexeme_reports/model_entries/2315-lick-(iptv.2sg)-licca.model.md
ohg	lecchon	comparison_form	explicit_tag	Germanic/docs/lexeme_reports/model_entries/2316-lick-(3sg)-liccaþ.model.md
ohg	mahhon	comparison_form	explicit_tag	Germanic/docs/lexeme_reports/model_entries/2309-make-(iptv.2sg)-maca.model.md
ohg	rost	comparison_form	broad_prose_decision	Germanic/docs/lexeme_reports/model_entries/2162-rust-rust.model.md
ohg	scouwōn	comparison_form	explicit_tag	Germanic/docs/lexeme_reports/model_entries/2318-show-(3sg)-sċēawaþ.model.md
ohg	scouwōn	comparison_form	override	Germanic/docs/lexeme_reports/model_entries/2317-show-(iptv.2sg)-sċēawa.model.md
ohg	scultirra	comparison_form	explicit_tag	Germanic/docs/lexeme_reports/model_entries/2183-shoulder-sċuldrum.model.md
ohg	scultra	comparison_form	explicit_tag	Germanic/docs/lexeme_reports/model_entries/2183-shoulder-sċuldrum.model.md
ohg	tilli	comparison_form	explicit_tag	Germanic/docs/lexeme_reports/model_entries/1990-dill-dile.model.md
ohg	tura	comparison_form	explicit_tag	Germanic/docs/lexeme_reports/model_entries/1992-door-dor.model.md
ohg	tura	comparison_form	override	Germanic/docs/lexeme_reports/model_entries/1992-door-dor.model.md
ohg	wolf	comparison_form	broad_prose_decision	Germanic/docs/lexeme_reports/model_entries/2298-wolf-wulf.model.md
on	brjóst	comparison_form	explicit_tag	Germanic/docs/lexeme_reports/model_entries/1968-breast-brēost.model.md
on	báðir	comparison_form	explicit_tag	Germanic/docs/lexeme_reports/model_entries/1958-both-bū.model.md
on	fugl	comparison_form	override	Germanic/docs/lexeme_reports/model_entries/2030-fowl-fugol.model.md
on	fylgja	comparison_form	explicit_tag	Germanic/docs/lexeme_reports/model_entries/2027-follow-fylġan.model.md
on	gangr	comparison_form	override	Germanic/docs/lexeme_reports/model_entries/2038-gang-gang.model.md
on	hliþó	comparison_form	override	Germanic/docs/lexeme_reports/model_entries/2100-lid-hlid.model.md
on	hnakki	comparison_form	explicit_tag	Germanic/docs/lexeme_reports/model_entries/2134-neck-hnecca.model.md
on	hvina	comparison_form	explicit_tag	Germanic/docs/lexeme_reports/model_entries/2286-whine-hwīnan.model.md
on	stafn	comparison_form	explicit_tag	Germanic/docs/lexeme_reports/model_entries/2216-stem-stefn.model.md
os	be-thia	comparison_form	explicit_tag	Germanic/docs/lexeme_reports/model_entries/1958-both-bū.model.md
os	briost	comparison_form	explicit_tag	Germanic/docs/lexeme_reports/model_entries/1968-breast-brēost.model.md
os	dilli	comparison_form	explicit_tag	Germanic/docs/lexeme_reports/model_entries/1990-dill-dile.model.md
os	likkon	comparison_form	explicit_tag	Germanic/docs/lexeme_reports/model_entries/2315-lick-(iptv.2sg)-licca.model.md
os	likkon	comparison_form	explicit_tag	Germanic/docs/lexeme_reports/model_entries/2316-lick-(3sg)-liccaþ.model.md
os	makon	comparison_form	explicit_tag	Germanic/docs/lexeme_reports/model_entries/2309-make-(iptv.2sg)-maca.model.md
os	skawōn	comparison_form	explicit_tag	Germanic/docs/lexeme_reports/model_entries/2318-show-(3sg)-sċēawaþ.model.md
os	skawōn	comparison_form	override	Germanic/docs/lexeme_reports/model_entries/2317-show-(iptv.2sg)-sċēawa.model.md
os	sparro	comparison_form	explicit_tag	Germanic/docs/lexeme_reports/model_entries/2204-spar-spearra.model.md
os	stamn	comparison_form	explicit_tag	Germanic/docs/lexeme_reports/model_entries/2216-stem-stefn.model.md
pgmc	*baina-	evidence_form	explicit_tag	Germanic/docs/lexeme_reports/model_entries/1954-bone-bān.model.md
pgmc	*basja-	source_protoform	explicit_tag	Germanic/docs/lexeme_reports/model_entries/1946-berry-berġes.model.md
pgmc	*bazja-	source_protoform	explicit_tag	Germanic/docs/lexeme_reports/model_entries/1946-berry-berġes.model.md
pgmc	*bigínnaną	selected_input	trace_proto_input	begin — OE beġinnan
pgmc	*bigínnaną	source_protoform	lexical_protoform	begin — OE beġinnan
pgmc	*blōdą	selected_input	trace_proto_input	blood — OE blōd
pgmc	*breusta-	source_protoform	explicit_tag	Germanic/docs/lexeme_reports/model_entries/1968-breast-brēost.model.md
pgmc	*brust-	source_protoform	explicit_tag	Germanic/docs/lexeme_reports/model_entries/1968-breast-brēost.model.md
pgmc	*brándas	evidence_form	explicit_tag	Germanic/docs/lexeme_reports/model_entries/1965-brand-brandes.model.md
pgmc	*brándas	selected_input	trace_proto_input	brand — OE brandes
pgmc	*brándas	source_protoform	lexical_protoform	brand — OE brandes
pgmc	*brándaz	evidence_form	explicit_tag	Germanic/docs/lexeme_reports/model_entries/1965-brand-brandes.model.md
pgmc	*brándaz	source_protoform	lexical_proto	brand — OE brandes
pgmc	*bráudą	selected_input	trace_proto_input	bread — OE brēad
pgmc	*brékaną	selected_input	trace_proto_input	break — OE brecan
pgmc	*bréstaną	selected_input	trace_proto_input	burst — OE berstan
pgmc	*bréustą	selected_input	explicit_tag	Germanic/docs/lexeme_reports/model_entries/1968-breast-brēost.model.md
pgmc	*bréustą	selected_input	trace_proto_input	breast — OE brēost
pgmc	*bréustą	source_protoform	lexical_protoform	breast — OE brēost
pgmc	*brínganą	selected_input	trace_proto_input	bring — OE bringan
pgmc	*brústz	source_protoform	explicit_tag	Germanic/docs/lexeme_reports/model_entries/1968-breast-brēost.model.md
pgmc	*brústz	source_protoform	lexical_proto	breast — OE brēost
pgmc	*brōkiz	selected_input	trace_proto_input	breeches — OE brēċ
pgmc	*brōkiz	source_protoform	lexical_protoform	breeches — OE brēċ
pgmc	*brūdiz	selected_input	trace_proto_input	bride — OE brȳd
pgmc	*brūkaną	selected_input	trace_proto_input	brook — OE brūcan
pgmc	*burōjaną	source_protoform	explicit_tag	Germanic/docs/lexeme_reports/model_entries/2311-bore-(iptv.2sg)-bora.model.md
pgmc	*burōjaną	source_protoform	explicit_tag	Germanic/docs/lexeme_reports/model_entries/2312-bore-(3sg)-boraþ.model.md
pgmc	*burōną	source_protoform	lexical_proto	bore (3sg) — OE boraþ
pgmc	*burōną	source_protoform	lexical_proto	bore (iptv.2sg) — OE bora
pgmc	*báiną	selected_input	trace_proto_input	bone — OE bān
pgmc	*báiną	source_protoform	lexical_protoform	bone — OE bān
pgmc	*bákaną	selected_input	trace_proto_input	bake — OE bacan
pgmc	*bákaną	source_protoform	lexical_protoform	bake — OE bacan
pgmc	*bálgiz	selected_input	trace_proto_input	belly — OE bielġ
pgmc	*bánnas	selected_input	explicit_tag	Germanic/docs/lexeme_reports/model_entries/1936-ban-bannes.model.md
pgmc	*bánnas	selected_input	trace_proto_input	ban — OE bannes
pgmc	*bánnas	source_protoform	lexical_protoform	ban — OE bannes
pgmc	*bánną	source_protoform	explicit_tag	Germanic/docs/lexeme_reports/model_entries/1936-ban-bannes.model.md
pgmc	*bánną	source_protoform	lexical_proto	ban — OE bannes
pgmc	*bárdaz	selected_input	trace_proto_input	beard — OE beard
pgmc	*bástą	selected_input	trace_proto_input	bast — OE bæst
pgmc	*báug	evidence_form	explicit_tag	Germanic/docs/lexeme_reports/model_entries/1962-bow-bēag.model.md
pgmc	*báug	selected_input	trace_proto_input	bow — OE bēag
pgmc	*báug	source_protoform	lexical_protoform	bow — OE bēag
pgmc	*báugijaną	selected_input	trace_proto_input	bow — OE bīeġan
pgmc	*báugijaną	source_protoform	lexical_protoform	bow — OE bīeġan
pgmc	*bázjas	selected_input	explicit_tag	Germanic/docs/lexeme_reports/model_entries/1946-berry-berġes.model.md
pgmc	*bázjas	selected_input	trace_proto_input	berry — OE berġes
pgmc	*bázjas	source_protoform	lexical_protoform	berry — OE berġes
pgmc	*bázją	source_protoform	explicit_tag	Germanic/docs/lexeme_reports/model_entries/1946-berry-berġes.model.md
pgmc	*bázją	source_protoform	lexical_proto	berry — OE berġes
pgmc	*báθą	selected_input	trace_proto_input	bath — OE bæþ
pgmc	*bébruz	selected_input	trace_proto_input	beaver — OE befer
pgmc	*bérgą	selected_input	trace_proto_input	barrow — OE beorg
pgmc	*béuganą	evidence_form	explicit_tag	Germanic/docs/lexeme_reports/model_entries/1962-bow-bēag.model.md
pgmc	*béuganą	source_protoform	lexical_proto	bow — OE bēag
pgmc	*bíndaną	selected_input	trace_proto_input	bind — OE bindan
pgmc	*búdmaz	source_protoform	lexical_proto	bottom — OE botm
pgmc	*búgô	selected_input	trace_proto_input	bow — OE boga
pgmc	*búkkaz	selected_input	explicit_tag	Germanic/docs/lexeme_reports/model_entries/1973-buck-bucc.model.md
pgmc	*búkkaz	selected_input	trace_proto_input	buck — OE bucc
pgmc	*búkkaz	source_protoform	lexical_protoform	buck — OE bucc
pgmc	*búrdiz	selected_input	trace_proto_input	birth — OE byrd
pgmc	*búrdiz	source_protoform	lexical_protoform	birth — OE byrd
pgmc	*búrdą	selected_input	trace_proto_input	board — OE bord
pgmc	*búrô	comparison_form	explicit_tag	Germanic/docs/lexeme_reports/model_entries/2312-bore-(3sg)-boraþ.model.md
pgmc	*búrô	selected_input	explicit_tag	Germanic/docs/lexeme_reports/model_entries/2311-bore-(iptv.2sg)-bora.model.md
pgmc	*búrô	selected_input	trace_proto_input	bore (iptv.2sg) — OE bora
pgmc	*búrô	source_protoform	lexical_protoform	bore (iptv.2sg) — OE bora
pgmc	*búrōjaną	selected_input	trace_proto_input	bore — OE borian
pgmc	*búrōθi	comparison_form	explicit_tag	Germanic/docs/lexeme_reports/model_entries/2311-bore-(iptv.2sg)-bora.model.md
pgmc	*búrōθi	selected_input	explicit_tag	Germanic/docs/lexeme_reports/model_entries/2312-bore-(3sg)-boraþ.model.md
pgmc	*búrōθi	selected_input	trace_proto_input	bore (3sg) — OE boraþ
pgmc	*búrōθi	source_protoform	lexical_protoform	bore (3sg) — OE boraþ
pgmc	*búttmaz	selected_input	trace_proto_input	bottom — OE botm
pgmc	*búttmaz	source_protoform	lexical_protoform	bottom — OE botm
pgmc	*bērō-	evidence_form	explicit_tag	Germanic/docs/lexeme_reports/model_entries/1949-bier-bǣr.model.md
pgmc	*bō	selected_input	explicit_tag	Germanic/docs/lexeme_reports/model_entries/1958-both-bū.model.md
pgmc	*bō	selected_input	trace_proto_input	both — OE bū
pgmc	*bō	source_protoform	lexical_protoform	both — OE bū
pgmc	*bōguz	selected_input	trace_proto_input	bough — OE bōg
pgmc	*bōkz	selected_input	trace_proto_input	book — OE bōc
pgmc	*bōkō	selected_input	trace_proto_input	beech — OE bōc
pgmc	*bōkō	source_protoform	lexical_protoform	beech — OE bōc
pgmc	*bōsmaz	selected_input	trace_proto_input	bosom — OE bōsm
pgmc	*būrą	selected_input	trace_proto_input	bower — OE būr
pgmc	*bḗrō	selected_input	trace_proto_input	bier — OE bǣr
pgmc	*bḗrō	source_protoform	lexical_protoform	bier — OE bǣr
pgmc	*draugma-	evidence_form	explicit_tag	Germanic/docs/sound_changes/reader_facing/reader_facing_local_section_19.md
pgmc	*dránkiz	selected_input	trace_proto_input	drench — OE drenċ
pgmc	*dráugmaz	selected_input	trace_proto_input	dream — OE drēam
pgmc	*drínkaną	selected_input	trace_proto_input	drink — OE drincan
pgmc	*drḯbaną	selected_input	trace_proto_input	drive — OE drīfan
pgmc	*dágaz	selected_input	trace_proto_input	day — OE dæġ
pgmc	*dáigaz	selected_input	trace_proto_input	dough — OE dāg
pgmc	*dáiliz	selected_input	trace_proto_input	deal — OE dǣl
pgmc	*dálaz	selected_input	trace_proto_input	dale — OE dæl
pgmc	*dáwwō	selected_input	trace_proto_input	dew — OE dēaw
pgmc	*déliz	selected_input	explicit_tag	Germanic/docs/lexeme_reports/model_entries/1990-dill-dile.model.md
pgmc	*déliz	selected_input	trace_proto_input	dill — OE dile
pgmc	*déliz	source_protoform	lexical_protoform	dill — OE dile
pgmc	*déljaz	source_protoform	explicit_tag	Germanic/docs/lexeme_reports/model_entries/1990-dill-dile.model.md
pgmc	*déljaz	source_protoform	lexical_proto	dill — OE dile
pgmc	*déuzaz	evidence_form	explicit_tag	Germanic/docs/sound_changes/reader_facing/reader_facing_local_section_19.md
pgmc	*déuzą	selected_input	trace_proto_input	deer — OE dēor
pgmc	*dúrą	selected_input	trace_proto_input	door — OE dor
pgmc	*dúrą	source_protoform	lexical_protoform	door — OE dor
pgmc	*dēdiz	source_protoform	broad_prose_decision	Germanic/docs/lexeme_reports/model_entries/1987-deed-dǣd.model.md
pgmc	*dōną	selected_input	trace_proto_input	do — OE dōn
pgmc	*dḗdiz	selected_input	trace_proto_input	deed — OE dǣd
pgmc	*dḗdiz	source_protoform	lexical_protoform	deed — OE dǣd
pgmc	*faranan	source_protoform	broad_prose_decision	Germanic/docs/lexeme_reports/model_entries/2003-fare-faran.model.md
pgmc	*farnan	source_protoform	broad_prose_decision	Germanic/docs/lexeme_reports/model_entries/2008-fern-fearn.model.md
pgmc	*fasten-	source_protoform	explicit_tag	Germanic/docs/lexeme_reports/model_entries/2004-fast-festan.model.md
pgmc	*fastu-	source_protoform	explicit_tag	Germanic/docs/lexeme_reports/model_entries/2004-fast-festan.model.md
pgmc	*fastēn-	source_protoform	explicit_tag	Germanic/docs/lexeme_reports/model_entries/2004-fast-festan.model.md
pgmc	*fastēną	source_protoform	explicit_tag	Germanic/docs/lexeme_reports/model_entries/2004-fast-festan.model.md
pgmc	*fastēną	source_protoform	lexical_proto	fast — OE festan
pgmc	*flaskō	source_protoform	explicit_tag	Germanic/docs/lexeme_reports/model_entries/2016-flask-flasce.model.md
pgmc	*flaskō	source_protoform	lexical_proto	flask — OE flasce
pgmc	*fláiskiz	selected_input	trace_proto_input	flesh — OE flǣsċ
pgmc	*fláskōn	selected_input	explicit_tag	Germanic/docs/lexeme_reports/model_entries/2016-flask-flasce.model.md
pgmc	*fláskōn	selected_input	trace_proto_input	flask — OE flasce
pgmc	*fláskōn	source_protoform	lexical_protoform	flask — OE flasce
pgmc	*fláuxz	selected_input	trace_proto_input	flea — OE flēah
pgmc	*fláxsą	selected_input	trace_proto_input	flax — OE fleax
pgmc	*fléuganą	selected_input	trace_proto_input	fly — OE flēogan
pgmc	*fléuganą	source_protoform	lexical_protoform	fly — OE flēogan
pgmc	*fléuxaną	selected_input	trace_proto_input	flee — OE flēon
pgmc	*flōduz	selected_input	trace_proto_input	flood — OE flōd
pgmc	*fréusaną	selected_input	trace_proto_input	freeze — OE frēosan
pgmc	*fríjōndz	selected_input	trace_proto_input	friend — OE frēond
pgmc	*frústą	selected_input	trace_proto_input	frost — OE forst
pgmc	*fulgēną	source_protoform	explicit_tag	Germanic/docs/lexeme_reports/model_entries/2027-follow-fylġan.model.md
pgmc	*fulgēną	source_protoform	lexical_proto	follow — OE fylġan
pgmc	*furxtīn	source_protoform	explicit_tag	Germanic/docs/lexeme_reports/model_entries/2034-fright-fyrhte.model.md
pgmc	*furxtīn	source_protoform	lexical_proto	fright — OE fyrhte
pgmc	*fádēr	selected_input	trace_proto_input	father — OE fæder
pgmc	*fállaną	selected_input	trace_proto_input	fall — OE feallan
pgmc	*fálθaną	selected_input	trace_proto_input	fold — OE fealdan
pgmc	*fáraną	selected_input	trace_proto_input	fare — OE faran
pgmc	*fáraną	source_protoform	lexical_protoform	fare — OE faran
pgmc	*fárnaz	selected_input	trace_proto_input	fern — OE fearn
pgmc	*fárnaz	source_protoform	lexical_protoform	fern — OE fearn
pgmc	*fástijaną	selected_input	explicit_tag	Germanic/docs/lexeme_reports/model_entries/2004-fast-festan.model.md
pgmc	*fástijaną	selected_input	trace_proto_input	fast — OE festan
pgmc	*fástijaną	source_protoform	lexical_protoform	fast — OE festan
pgmc	*fédwōr	selected_input	trace_proto_input	four — OE fēower
pgmc	*féllą	selected_input	trace_proto_input	fell — OE fell
pgmc	*féllą	source_protoform	lexical_protoform	fell — OE fell
pgmc	*félθuz	selected_input	trace_proto_input	field — OE feld
pgmc	*félθuz	source_protoform	lexical_protoform	field — OE feld
pgmc	*féxtaną	selected_input	trace_proto_input	fight — OE feohtan
pgmc	*féxu	selected_input	trace_proto_input	fee — OE feoh
pgmc	*fíngraz	selected_input	trace_proto_input	finger — OE finger
pgmc	*fínθaną	source_protoform	explicit_tag	Germanic/docs/lexeme_reports/model_entries/2011-find-fundene.model.md
pgmc	*fínθaną	source_protoform	lexical_proto	find — OE fundene
pgmc	*fískaz	selected_input	trace_proto_input	fish — OE fisċ
pgmc	*fúglaz	selected_input	trace_proto_input	fowl — OE fugol
pgmc	*fúglaz	source_protoform	lexical_protoform	fowl — OE fugol
pgmc	*fúlgijaną	selected_input	explicit_tag	Germanic/docs/lexeme_reports/model_entries/2027-follow-fylġan.model.md
pgmc	*fúlgijaną	selected_input	trace_proto_input	follow — OE fylġan
pgmc	*fúlgijaną	source_protoform	lexical_protoform	follow — OE fylġan
pgmc	*fúlką	selected_input	trace_proto_input	folk — OE folc
pgmc	*fúlô	selected_input	trace_proto_input	foal — OE fola
pgmc	*fúnxstiz	selected_input	trace_proto_input	fist — OE fȳst
pgmc	*fúnðanaz	comparison_form	explicit_tag	Germanic/docs/lexeme_reports/model_entries/2011-find-fundene.model.md
pgmc	*fúnðanǭ	selected_input	explicit_tag	Germanic/docs/lexeme_reports/model_entries/2011-find-fundene.model.md
pgmc	*fúnðanǭ	selected_input	trace_proto_input	find — OE fundene
pgmc	*fúnðanǭ	source_protoform	lexical_protoform	find — OE fundene
pgmc	*fúrx	selected_input	trace_proto_input	furrow — OE furh
pgmc	*fúrxtīnaz	selected_input	explicit_tag	Germanic/docs/lexeme_reports/model_entries/2034-fright-fyrhte.model.md
pgmc	*fúrxtīnaz	selected_input	trace_proto_input	fright — OE fyrhte
pgmc	*fúrxtīnaz	source_protoform	lexical_protoform	fright — OE fyrhte
pgmc	*fúxsaz	selected_input	trace_proto_input	fox — OE fox
pgmc	*fōdrą	selected_input	trace_proto_input	fodder — OE fōdor
pgmc	*fūri	selected_input	explicit_tag	Germanic/docs/lexeme_reports/model_entries/2013-fire-fȳre.model.md
pgmc	*fūri	selected_input	trace_proto_input	fire — OE fȳre
pgmc	*fūri	source_protoform	lexical_protoform	fire — OE fȳre
pgmc	*galáubijaną	selected_input	trace_proto_input	believe — OE ġelīefan
pgmc	*gangaz	selected_input	broad_prose_decision	Germanic/docs/lexeme_reports/model_entries/2038-gang-gang.model.md
pgmc	*grábaną	selected_input	trace_proto_input	grave — OE grafan
pgmc	*grábaną	source_protoform	lexical_protoform	grave — OE grafan
pgmc	*grásą	selected_input	trace_proto_input	grass — OE græs
pgmc	*grúnduz	selected_input	trace_proto_input	ground — OE grund
pgmc	*grḯpaną	selected_input	trace_proto_input	gripe — OE grīpan
pgmc	*gáistaz	selected_input	trace_proto_input	ghost — OE gāst
pgmc	*gállô	selected_input	explicit_tag	Germanic/docs/lexeme_reports/model_entries/2037-gall-ġealla.model.md
pgmc	*gállô	selected_input	trace_proto_input	gall — OE ġealla
pgmc	*gállô	source_protoform	lexical_protoform	gall — OE ġealla
pgmc	*gállą	source_protoform	explicit_tag	Germanic/docs/lexeme_reports/model_entries/2037-gall-ġealla.model.md
pgmc	*gállą	source_protoform	lexical_proto	gall — OE ġealla
pgmc	*gángaz	selected_input	trace_proto_input	gang — OE gang
pgmc	*gángaz	source_protoform	lexical_protoform	gang — OE gang
pgmc	*gánsz	selected_input	trace_proto_input	goose — OE gōs
pgmc	*gárną	selected_input	trace_proto_input	yarn — OE ġearn
pgmc	*gárną	source_protoform	lexical_protoform	yarn — OE ġearn
pgmc	*gástiz	selected_input	trace_proto_input	guest — OE ġiest
pgmc	*gástiz	source_protoform	lexical_protoform	guest — OE ġiest
pgmc	*gébaną	selected_input	trace_proto_input	give — OE ġiefan
pgmc	*gébaną	source_protoform	lexical_protoform	give — OE ġiefan
pgmc	*géftiz	selected_input	trace_proto_input	gift — OE ġift
pgmc	*gúdą	selected_input	trace_proto_input	god — OE god
pgmc	*gúlθą	selected_input	trace_proto_input	gold — OE gold
pgmc	*gúlθą	source_protoform	lexical_protoform	gold — OE gold
pgmc	*hlahtraz	comparison_form	broad_prose_decision	Germanic/docs/lexeme_reports/model_entries/2092-laugh-hliehhan.model.md
pgmc	*hnakkuns	comparison_form	explicit_tag	Germanic/docs/lexeme_reports/model_entries/2134-neck-hnecca.model.md
pgmc	*hnukkaz	comparison_form	explicit_tag	Germanic/docs/lexeme_reports/model_entries/2134-neck-hnecca.model.md
pgmc	*hwali-	comparison_form	explicit_tag	Germanic/docs/lexeme_reports/model_entries/2284-whale-hwæl.model.md
pgmc	*ju(w)unþi-	source_protoform	explicit_tag	Germanic/docs/lexeme_reports/model_entries/2308-youth-ġeoguþ.model.md
pgmc	*jugunþi	comparison_form	explicit_tag	Germanic/docs/lexeme_reports/model_entries/2308-youth-ġeoguþ.model.md
pgmc	*júgunθ	selected_input	explicit_tag	Germanic/docs/lexeme_reports/model_entries/2308-youth-ġeoguþ.model.md
pgmc	*júgunθ	selected_input	trace_proto_input	youth — OE ġeoguþ
pgmc	*júgunθ	source_protoform	lexical_protoform	youth — OE ġeoguþ
pgmc	*júgunθiz	source_protoform	explicit_tag	Germanic/docs/lexeme_reports/model_entries/2308-youth-ġeoguþ.model.md
pgmc	*júgunθiz	source_protoform	lexical_proto	youth — OE ġeoguþ
pgmc	*júką	selected_input	trace_proto_input	yoke — OE ġeoc
pgmc	*jḗrą	selected_input	trace_proto_input	year — OE ġēar
pgmc	*klímbaną	selected_input	trace_proto_input	climb — OE climban
pgmc	*knédaną	selected_input	trace_proto_input	knead — OE cnedan
pgmc	*knéwą	selected_input	trace_proto_input	knee — OE cnēow
pgmc	*knéxtaz	selected_input	explicit_tag	Germanic/docs/lexeme_reports/model_entries/2086-knight-cniht.model.md
pgmc	*knéxtaz	selected_input	trace_proto_input	knight — OE cniht
pgmc	*knéxtaz	source_protoform	lexical_protoform	knight — OE cniht
pgmc	*kníxtaz	source_protoform	explicit_tag	Germanic/docs/lexeme_reports/model_entries/2086-knight-cniht.model.md
pgmc	*kníxtaz	source_protoform	lexical_proto	knight — OE cniht
pgmc	*knúbbô	selected_input	trace_proto_input	knob — OE *cnobba
pgmc	*knúbbô	source_protoform	lexical_protoform	knob — OE *cnobba
pgmc	*knúppaz	source_protoform	lexical_proto	knob — OE *cnobba
pgmc	*kráftaz	selected_input	table_semantic_auto	Germanic/docs/lexeme_reports/model_entries/1981-craft-cræft.model.md
pgmc	*kráftaz	selected_input	trace_proto_input	craft — OE cræft
pgmc	*kráftaz	source_protoform	lexical_protoform	craft — OE cræft
pgmc	*kráftiz	source_protoform	lexical_proto	craft — OE cræft
pgmc	*krúppaz	selected_input	trace_proto_input	crop — OE cropp
pgmc	*kwedu-2	source_protoform	broad_prose_decision	Germanic/docs/lexeme_reports/model_entries/1983-cud-cwedu.model.md
pgmc	*kwéðuz	selected_input	trace_proto_input	cud — OE cwedu
pgmc	*kwéðuz	source_protoform	lexical_protoform	cud — OE cwedu
pgmc	*kwíθuz	source_protoform	lexical_proto	cud — OE cwedu
pgmc	*kálbaz	selected_input	trace_proto_input	calf — OE ċealf
pgmc	*kálbaz	source_protoform	lexical_protoform	calf — OE ċealf
pgmc	*kámbaz	selected_input	trace_proto_input	comb — OE camb
pgmc	*kéwwaną	selected_input	trace_proto_input	chew — OE ċēowan
pgmc	*kúrną	selected_input	trace_proto_input	corn — OE corn
pgmc	*kúrną	source_protoform	lexical_protoform	corn — OE corn
pgmc	*kōz	source_protoform	lexical_proto	cow — OE cȳ
pgmc	*kūi	selected_input	trace_proto_input	cow — OE cȳ
pgmc	*kūi	source_protoform	lexical_protoform	cow — OE cȳ
pgmc	*laimōn	selected_input	table_semantic_auto	Germanic/docs/lexeme_reports/model_entries/2109-loam-lām.model.md
pgmc	*laimōn	source_protoform	lexical_proto	loam — OE lām
pgmc	*laθōjaną	source_protoform	lexical_proto	lade — OE hladan
pgmc	*libēną	source_protoform	explicit_tag	Germanic/docs/lexeme_reports/model_entries/2107-live-lifeþ.model.md
pgmc	*libēną	source_protoform	lexical_proto	live — OE lifeþ
pgmc	*likkōną	source_protoform	lexical_proto	lick (3sg) — OE liccaþ
pgmc	*likkōną	source_protoform	lexical_proto	lick (iptv.2sg) — OE licca
pgmc	*liznōjaną	source_protoform	explicit_tag	Germanic/docs/lexeme_reports/model_entries/2313-learn-(iptv.2sg)-liorna.model.md
pgmc	*liznōjaną	source_protoform	explicit_tag	Germanic/docs/lexeme_reports/model_entries/2314-learn-(3sg)-liornaþ.model.md
pgmc	*liznōjaną	source_protoform	lexical_proto	learn (3sg) — OE liornaþ
pgmc	*liznōjaną	source_protoform	lexical_proto	learn (iptv.2sg) — OE liorna
pgmc	*lungō	source_protoform	lexical_proto	lung — OE lungen
pgmc	*lábbaz	source_protoform	lexical_proto	lap — OE lappa
pgmc	*lábbaz	source_protoform	table_semantic_auto	Germanic/docs/lexeme_reports/model_entries/2090-lap-lappa.model.md
pgmc	*láidijaną	selected_input	trace_proto_input	lead — OE lǣdan
pgmc	*láidijaną	source_protoform	lexical_protoform	lead — OE lǣdan
pgmc	*láimą	selected_input	table_semantic_auto	Germanic/docs/lexeme_reports/model_entries/2109-loam-lām.model.md
pgmc	*láimą	selected_input	trace_proto_input	loam — OE lām
pgmc	*láimą	source_protoform	lexical_protoform	loam — OE lām
pgmc	*láistijaną	selected_input	trace_proto_input	last — OE lǣstan
pgmc	*láiθaz	selected_input	trace_proto_input	loath — OE lāþ
pgmc	*lákaną	source_protoform	lexical_proto	laugh — OE hliehhan
pgmc	*lándą	selected_input	trace_proto_input	land — OE land
pgmc	*láppô	selected_input	table_semantic_auto	Germanic/docs/lexeme_reports/model_entries/2090-lap-lappa.model.md
pgmc	*láppô	selected_input	trace_proto_input	lap — OE lappa
pgmc	*láppô	source_protoform	lexical_protoform	lap — OE lappa
pgmc	*láubą	selected_input	trace_proto_input	leaf — OE lēaf
pgmc	*láugō	selected_input	trace_proto_input	lye — OE lēag
pgmc	*láukaz	selected_input	trace_proto_input	leek — OE lēac
pgmc	*léusaną	selected_input	trace_proto_input	forlorn — OE lēosan
pgmc	*léusaną	source_protoform	lexical_protoform	forlorn — OE lēosan
pgmc	*léuxtijaną	selected_input	trace_proto_input	light — OE līehtan
pgmc	*léuxtijaną	source_protoform	lexical_protoform	light — OE līehtan
pgmc	*léθrą	selected_input	trace_proto_input	leather — OE leþer
pgmc	*líbrō	selected_input	trace_proto_input	liver — OE lifer
pgmc	*líbēθi	selected_input	explicit_tag	Germanic/docs/lexeme_reports/model_entries/2107-live-lifeþ.model.md
pgmc	*líbēθi	selected_input	trace_proto_input	live — OE lifeþ
pgmc	*líbēθi	source_protoform	lexical_protoform	live — OE lifeþ
pgmc	*líkkô	comparison_form	explicit_tag	Germanic/docs/lexeme_reports/model_entries/2316-lick-(3sg)-liccaþ.model.md
pgmc	*líkkô	selected_input	explicit_tag	Germanic/docs/lexeme_reports/model_entries/2315-lick-(iptv.2sg)-licca.model.md
pgmc	*líkkô	selected_input	trace_proto_input	lick (iptv.2sg) — OE licca
pgmc	*líkkô	source_protoform	lexical_protoform	lick (iptv.2sg) — OE licca
pgmc	*líkkōjaną	selected_input	trace_proto_input	lick — OE liccian
pgmc	*líkkōjaną	source_protoform	explicit_tag	Germanic/docs/lexeme_reports/model_entries/2315-lick-(iptv.2sg)-licca.model.md
pgmc	*líkkōjaną	source_protoform	explicit_tag	Germanic/docs/lexeme_reports/model_entries/2316-lick-(3sg)-liccaþ.model.md
pgmc	*líkkōθi	comparison_form	explicit_tag	Germanic/docs/lexeme_reports/model_entries/2315-lick-(iptv.2sg)-licca.model.md
pgmc	*líkkōθi	selected_input	explicit_tag	Germanic/docs/lexeme_reports/model_entries/2316-lick-(3sg)-liccaþ.model.md
pgmc	*líkkōθi	selected_input	trace_proto_input	lick (3sg) — OE liccaþ
pgmc	*líkkōθi	source_protoform	lexical_protoform	lick (3sg) — OE liccaþ
pgmc	*líndō	selected_input	trace_proto_input	linden — OE lind
pgmc	*líndō	source_protoform	lexical_protoform	linden — OE lind
pgmc	*líznô	comparison_form	explicit_tag	Germanic/docs/lexeme_reports/model_entries/2314-learn-(3sg)-liornaþ.model.md
pgmc	*líznô	selected_input	explicit_tag	Germanic/docs/lexeme_reports/model_entries/2313-learn-(iptv.2sg)-liorna.model.md
pgmc	*líznô	selected_input	trace_proto_input	learn (iptv.2sg) — OE liorna
pgmc	*líznô	source_protoform	lexical_protoform	learn (iptv.2sg) — OE liorna
pgmc	*líznōjaną	evidence_form	explicit_tag	Germanic/docs/sound_changes/reader_facing/reader_facing_local_section_19.md
pgmc	*líznōjaną	selected_input	trace_proto_input	learn — OE liornian
pgmc	*líznōjaną	source_protoform	lexical_protoform	learn — OE liornian
pgmc	*líznōθi	comparison_form	explicit_tag	Germanic/docs/lexeme_reports/model_entries/2313-learn-(iptv.2sg)-liorna.model.md
pgmc	*líznōθi	selected_input	explicit_tag	Germanic/docs/lexeme_reports/model_entries/2314-learn-(3sg)-liornaþ.model.md
pgmc	*líznōθi	selected_input	trace_proto_input	learn (3sg) — OE liornaþ
pgmc	*líznōθi	source_protoform	lexical_protoform	learn (3sg) — OE liornaþ
pgmc	*lúkkaz	selected_input	trace_proto_input	lock — OE locc
pgmc	*lúką	selected_input	trace_proto_input	lock — OE loc
pgmc	*lúnganjō	selected_input	table_semantic_auto	Germanic/docs/lexeme_reports/model_entries/2114-lung-lungen.model.md
pgmc	*lúnganjō	selected_input	trace_proto_input	lung — OE lungen
pgmc	*lúnganjō	source_protoform	lexical_protoform	lung — OE lungen
pgmc	*lústuz	selected_input	trace_proto_input	lust — OE lust
pgmc	*lūsz	selected_input	trace_proto_input	louse — OE lūs
pgmc	*lḗtaną	selected_input	trace_proto_input	let — OE lǣtan
pgmc	*lḯbą	selected_input	trace_proto_input	life — OE līf
pgmc	*lḯmą	selected_input	trace_proto_input	lime — OE līm
pgmc	*lḯnōn	selected_input	trace_proto_input	line — OE līne
pgmc	*lḯstōn	selected_input	trace_proto_input	list — OE līste
pgmc	*makōjan-	source_protoform	explicit_tag	Germanic/docs/lexeme_reports/model_entries/2310-make-(3sg)-macaþ.model.md
pgmc	*makōjaną	source_protoform	explicit_tag	Germanic/docs/lexeme_reports/model_entries/2310-make-(3sg)-macaþ.model.md
pgmc	*makōną	source_protoform	lexical_proto	make (3sg) — OE macaþ
pgmc	*makōną	source_protoform	lexical_proto	make (iptv.2sg) — OE maca
pgmc	*mannăi	comparison_form	explicit_tag	Germanic/docs/lexeme_reports/model_entries/2119-man-mannes.model.md
pgmc	*mannăz	source_protoform	explicit_tag	Germanic/docs/lexeme_reports/model_entries/2119-man-mannes.model.md
pgmc	*manną	comparison_form	explicit_tag	Germanic/docs/lexeme_reports/model_entries/2119-man-mannes.model.md
pgmc	*mizdō	source_protoform	explicit_tag	Germanic/docs/lexeme_reports/model_entries/2124-meed-meorde.model.md
pgmc	*mizdō	source_protoform	lexical_proto	meed — OE meorde
pgmc	*mizdōz	comparison_form	explicit_tag	Germanic/docs/lexeme_reports/model_entries/2124-meed-meorde.model.md
pgmc	*máinijaną	selected_input	trace_proto_input	mean — OE mǣnan
pgmc	*mákô	comparison_form	explicit_tag	Germanic/docs/lexeme_reports/model_entries/2310-make-(3sg)-macaþ.model.md
pgmc	*mákô	selected_input	explicit_tag	Germanic/docs/lexeme_reports/model_entries/2309-make-(iptv.2sg)-maca.model.md
pgmc	*mákô	selected_input	trace_proto_input	make (iptv.2sg) — OE maca
pgmc	*mákô	source_protoform	lexical_protoform	make (iptv.2sg) — OE maca
pgmc	*mákōjaną	selected_input	trace_proto_input	make — OE macian
pgmc	*mákōjaną	source_protoform	explicit_tag	Germanic/docs/lexeme_reports/model_entries/2309-make-(iptv.2sg)-maca.model.md
pgmc	*mákōθi	comparison_form	explicit_tag	Germanic/docs/lexeme_reports/model_entries/2309-make-(iptv.2sg)-maca.model.md
pgmc	*mákōθi	selected_input	explicit_tag	Germanic/docs/lexeme_reports/model_entries/2310-make-(3sg)-macaþ.model.md
pgmc	*mákōθi	selected_input	trace_proto_input	make (3sg) — OE macaþ
pgmc	*mákōθi	source_protoform	lexical_protoform	make (3sg) — OE macaþ
pgmc	*máltaz	selected_input	trace_proto_input	malt — OE mealt
pgmc	*mánnas	selected_input	explicit_tag	Germanic/docs/lexeme_reports/model_entries/2119-man-mannes.model.md
pgmc	*mánnas	selected_input	trace_proto_input	man — OE mannes
pgmc	*mánnas	source_protoform	lexical_protoform	man — OE mannes
pgmc	*mánnaz	source_protoform	lexical_proto	man — OE mannes
pgmc	*márkō	selected_input	trace_proto_input	march — OE mearc
pgmc	*márōn	selected_input	trace_proto_input	nightmare — OE mare
pgmc	*márōn	source_protoform	lexical_protoform	nightmare — OE mare
pgmc	*mástaz	selected_input	trace_proto_input	mast — OE mæst
pgmc	*máxtiz	selected_input	trace_proto_input	might — OE miht
pgmc	*mélukz	selected_input	trace_proto_input	milk — OE meoloc
pgmc	*mélukz	source_protoform	lexical_protoform	milk — OE meoloc
pgmc	*mízdai	selected_input	explicit_tag	Germanic/docs/lexeme_reports/model_entries/2124-meed-meorde.model.md
pgmc	*mízdai	selected_input	trace_proto_input	meed — OE meorde
pgmc	*mízdai	source_protoform	lexical_protoform	meed — OE meorde
pgmc	*mōdaz	selected_input	trace_proto_input	mood — OE mōd
pgmc	*mōdēr	selected_input	trace_proto_input	mother — OE mōder
pgmc	*mōdēr	source_protoform	lexical_protoform	mother — OE mōder
pgmc	*mḗlą	selected_input	trace_proto_input	meal — OE mǣl
pgmc	*mḗnōθz	selected_input	trace_proto_input	month — OE mōnaþ
pgmc	*nablô	source_protoform	explicit_tag	Germanic/docs/lexeme_reports/model_entries/2133-navel-nafola.model.md
pgmc	*nablô	source_protoform	lexical_proto	navel — OE nafola
pgmc	*nadra-	source_protoform	explicit_tag	Germanic/docs/lexeme_reports/model_entries/1933-adder-nǣdre.model.md
pgmc	*nasō	source_protoform	lexical_proto	nose — OE nosu
pgmc	*nábulô	selected_input	explicit_tag	Germanic/docs/lexeme_reports/model_entries/2133-navel-nafola.model.md
pgmc	*nábulô	selected_input	trace_proto_input	navel — OE nafola
pgmc	*nábulô	source_protoform	lexical_protoform	navel — OE nafola
pgmc	*nábō	selected_input	trace_proto_input	nave — OE nafu
pgmc	*náglaz	selected_input	trace_proto_input	nail — OE næġl
pgmc	*námô	selected_input	trace_proto_input	name — OE nama
pgmc	*nátilōn	selected_input	trace_proto_input	nettle — OE netle
pgmc	*nátją	selected_input	trace_proto_input	net — OE nett
pgmc	*nátją	source_protoform	lexical_protoform	net — OE nett
pgmc	*náudiz	selected_input	trace_proto_input	need — OE nīed
pgmc	*náxti	selected_input	explicit_tag	Germanic/docs/lexeme_reports/model_entries/2140-night-niht.model.md
pgmc	*náxti	selected_input	trace_proto_input	night — OE niht
pgmc	*náxti	source_protoform	lexical_protoform	night — OE niht
pgmc	*náxtz	source_protoform	explicit_tag	Germanic/docs/lexeme_reports/model_entries/2140-night-niht.model.md
pgmc	*náxtz	source_protoform	lexical_proto	night — OE niht
pgmc	*nígun	selected_input	trace_proto_input	nine — OE nigon
pgmc	*nístą	selected_input	trace_proto_input	nest — OE nest
pgmc	*núsō	selected_input	trace_proto_input	nose — OE nosu
pgmc	*núsō	source_protoform	lexical_protoform	nose — OE nosu
pgmc	*nēdrōn-	source_protoform	explicit_tag	Germanic/docs/lexeme_reports/model_entries/1933-adder-nǣdre.model.md
pgmc	*nḗdrōn	selected_input	trace_proto_input	adder — OE nǣdre
pgmc	*nḗdrōn	source_protoform	lexical_protoform	adder — OE nǣdre
pgmc	*nḗðlō	selected_input	explicit_tag	Germanic/docs/lexeme_reports/model_entries/2136-needle-nǣdl.model.md
pgmc	*nḗðlō	selected_input	trace_proto_input	needle — OE nǣdl
pgmc	*nḗðlō	source_protoform	lexical_protoform	needle — OE nǣdl
pgmc	*nḗθlō	source_protoform	explicit_tag	Germanic/docs/lexeme_reports/model_entries/2136-needle-nǣdl.model.md
pgmc	*nḗθlō	source_protoform	lexical_proto	needle — OE nǣdl
pgmc	*rastō	source_protoform	explicit_tag	Germanic/docs/lexeme_reports/model_entries/2152-rest-ræste.model.md
pgmc	*rastō	source_protoform	lexical_proto	rest — OE ræste
pgmc	*rastō-	source_protoform	explicit_tag	Germanic/docs/lexeme_reports/model_entries/2152-rest-ræste.model.md
pgmc	*rauki-	source_protoform	explicit_tag	Germanic/docs/lexeme_reports/model_entries/2151-reek-rēac.model.md
pgmc	*ráipą	selected_input	trace_proto_input	rope — OE rāp
pgmc	*rástōz	evidence_form	explicit_tag	Germanic/docs/sound_changes/reader_facing/reader_facing_local_section_19.md
pgmc	*rástōz	selected_input	explicit_tag	Germanic/docs/lexeme_reports/model_entries/2152-rest-ræste.model.md
pgmc	*rástōz	selected_input	trace_proto_input	rest — OE ræste
pgmc	*rástōz	source_protoform	lexical_protoform	rest — OE ræste
pgmc	*ráukaz	selected_input	trace_proto_input	reek — OE *rēac
pgmc	*ráukaz	source_protoform	lexical_protoform	reek — OE *rēac
pgmc	*ráukiz	source_protoform	lexical_proto	reek — OE *rēac
pgmc	*régnabùgô	selected_input	trace_proto_input	rainbow — OE reġnboga
pgmc	*régną	selected_input	trace_proto_input	rain — OE reġn
pgmc	*ríndō	selected_input	trace_proto_input	rind — OE rind
pgmc	*rínnaną	selected_input	trace_proto_input	run — OE rinnan
pgmc	*rúgiz	selected_input	trace_proto_input	rye — OE ryġe
pgmc	*rúkkaz	selected_input	trace_proto_input	coat — OE rocc
pgmc	*rúkkaz	source_protoform	lexical_protoform	coat — OE rocc
pgmc	*rústō	selected_input	trace_proto_input	rust — OE rust
pgmc	*rústō	source_protoform	lexical_protoform	rust — OE rust
pgmc	*rōdō	selected_input	trace_proto_input	rood — OE rōd
pgmc	*rōθraz	selected_input	trace_proto_input	rudder — OE rōþor
pgmc	*rūmą	selected_input	trace_proto_input	room — OE rūm
pgmc	*rḗdaną	selected_input	trace_proto_input	read — OE rǣdan
pgmc	*rḯdaną	selected_input	trace_proto_input	ride — OE rīdan
pgmc	*sapi-	comparison_form	explicit_tag	Germanic/docs/lexeme_reports/model_entries/2168-sap-sæp.model.md
pgmc	*sapiz	comparison_form	explicit_tag	Germanic/docs/lexeme_reports/model_entries/2168-sap-sæp.model.md
pgmc	*sapōn	source_protoform	explicit_tag	Germanic/docs/lexeme_reports/model_entries/2168-sap-sæp.model.md
pgmc	*sapōn	source_protoform	lexical_proto	sap — OE sæp
pgmc	*sib-iz	selected_input	table_semantic_auto	Germanic/docs/lexeme_reports/model_entries/2189-sieve-sife.model.md
pgmc	*sibja	comparison_form	explicit_tag	Germanic/docs/lexeme_reports/model_entries/2189-sieve-sife.model.md
pgmc	*skawōjan-	source_protoform	explicit_tag	Germanic/docs/lexeme_reports/model_entries/2186-show-sċēawian.model.md
pgmc	*skawōną	source_protoform	lexical_proto	show (3sg) — OE sċēawaþ
pgmc	*skawōną	source_protoform	lexical_proto	show (iptv.2sg) — OE sċēawa
pgmc	*skuldra-	source_protoform	explicit_tag	Germanic/docs/lexeme_reports/model_entries/2183-shoulder-sċuldrum.model.md
pgmc	*skuldrjōn-	source_protoform	explicit_tag	Germanic/docs/lexeme_reports/model_entries/2183-shoulder-sċuldrum.model.md
pgmc	*skuldrō	source_protoform	lexical_proto	shoulder — OE sċuldrum
pgmc	*skáftą	selected_input	trace_proto_input	shaft — OE sċeaft
pgmc	*skáiθiz	selected_input	trace_proto_input	sheath — OE sċēaþ
pgmc	*skámō	selected_input	trace_proto_input	shame — OE sċamu
pgmc	*skáub	selected_input	explicit_tag	Germanic/docs/lexeme_reports/model_entries/2184-shove-sċēaf.model.md
pgmc	*skáub	selected_input	trace_proto_input	shove — OE sċēaf
pgmc	*skáub	source_protoform	lexical_protoform	shove — OE sċēaf
pgmc	*skáwô	comparison_form	explicit_tag	Germanic/docs/lexeme_reports/model_entries/2318-show-(3sg)-sċēawaþ.model.md
pgmc	*skáwô	evidence_form	explicit_tag	Germanic/docs/lexeme_reports/model_entries/2317-show-(iptv.2sg)-sċēawa.model.md
pgmc	*skáwô	selected_input	trace_proto_input	show (iptv.2sg) — OE sċēawa
pgmc	*skáwô	source_protoform	lexical_protoform	show (iptv.2sg) — OE sċēawa
pgmc	*skáwōjaną	comparison_form	explicit_tag	Germanic/docs/lexeme_reports/model_entries/2318-show-(3sg)-sċēawaþ.model.md
pgmc	*skáwōjaną	evidence_form	explicit_tag	Germanic/docs/lexeme_reports/model_entries/2317-show-(iptv.2sg)-sċēawa.model.md
pgmc	*skáwōjaną	selected_input	trace_proto_input	show — OE sċēawian
pgmc	*skáwōjaną	source_protoform	lexical_protoform	show — OE sċēawian
pgmc	*skáwōθi	evidence_form	explicit_tag	Germanic/docs/lexeme_reports/model_entries/2317-show-(iptv.2sg)-sċēawa.model.md
pgmc	*skáwōθi	selected_input	explicit_tag	Germanic/docs/lexeme_reports/model_entries/2318-show-(3sg)-sċēawaþ.model.md
pgmc	*skáwōθi	selected_input	trace_proto_input	show (3sg) — OE sċēawaþ
pgmc	*skáwōθi	source_protoform	lexical_protoform	show (3sg) — OE sċēawaþ
pgmc	*skélduz	selected_input	trace_proto_input	shield — OE sċield
pgmc	*skéraną	selected_input	trace_proto_input	shear — OE sċieran
pgmc	*skéubaną	source_protoform	explicit_tag	Germanic/docs/lexeme_reports/model_entries/2184-shove-sċēaf.model.md
pgmc	*skéubaną	source_protoform	lexical_proto	shove — OE sċēaf
pgmc	*skíllingaz	selected_input	trace_proto_input	shilling — OE sċilling
pgmc	*skíllingaz	source_protoform	lexical_protoform	shilling — OE sċilling
pgmc	*skúbanaz	comparison_form	explicit_tag	Germanic/docs/lexeme_reports/model_entries/2184-shove-sċēaf.model.md
pgmc	*skúbun	comparison_form	explicit_tag	Germanic/docs/lexeme_reports/model_entries/2184-shove-sċēaf.model.md
pgmc	*skúflō	selected_input	trace_proto_input	shovel — OE sċofl
pgmc	*skúldramiz	selected_input	trace_proto_input	shoulder — OE sċuldrum
pgmc	*skúldramiz	source_protoform	lexical_protoform	shoulder — OE sċuldrum
pgmc	*skúldrō	comparison_form	explicit_tag	Germanic/docs/lexeme_reports/model_entries/2183-shoulder-sċuldrum.model.md
pgmc	*skūrō	selected_input	trace_proto_input	shower — OE sċūr
pgmc	*skḗpą	selected_input	trace_proto_input	sheep — OE sċēap
pgmc	*skḗpą	source_protoform	lexical_protoform	sheep — OE sċēap
pgmc	*skḯnaną	selected_input	trace_proto_input	shine — OE sċīnan
pgmc	*sláxaną	selected_input	trace_proto_input	slay — OE slēan
pgmc	*slḗpaną	selected_input	trace_proto_input	sleep — OE slǣpan
pgmc	*slḗpaną	source_protoform	lexical_protoform	sleep — OE slǣpan
pgmc	*slḯmą	selected_input	trace_proto_input	slime — OE slīm
pgmc	*smérwijaną	selected_input	trace_proto_input	smear — OE smierwan
pgmc	*smérwijaną	source_protoform	lexical_protoform	smear — OE smierwan
pgmc	*snáiwaz	selected_input	trace_proto_input	snow — OE snāw
pgmc	*spannō	source_protoform	explicit_tag	Germanic/docs/lexeme_reports/model_entries/2203-span-spanne.model.md
pgmc	*spannō	source_protoform	lexical_proto	span — OE spanne
pgmc	*sparēn-	evidence_form	explicit_tag	Germanic/docs/lexeme_reports/model_entries/2205-spare-sparian.model.md
pgmc	*sparēną	source_protoform	lexical_proto	spare — OE sparian
pgmc	*spráidijaną	selected_input	trace_proto_input	spread — OE sprǣdan
pgmc	*spánnai	selected_input	explicit_tag	Germanic/docs/lexeme_reports/model_entries/2203-span-spanne.model.md
pgmc	*spánnai	selected_input	trace_proto_input	span — OE spanne
pgmc	*spánnai	source_protoform	lexical_protoform	span — OE spanne
pgmc	*spánnaną	selected_input	trace_proto_input	span — OE spannan
pgmc	*spánnaną	source_protoform	lexical_protoform	span — OE spannan
pgmc	*spárrô	selected_input	trace_proto_input	spar — OE spearra
pgmc	*spárrô	source_protoform	lexical_protoform	spar — OE spearra
pgmc	*spárēną	evidence_form	explicit_tag	Germanic/docs/lexeme_reports/model_entries/2205-spare-sparian.model.md
pgmc	*spárōjaną	evidence_form	explicit_tag	Germanic/docs/lexeme_reports/model_entries/2205-spare-sparian.model.md
pgmc	*spárōjaną	selected_input	trace_proto_input	spare — OE sparian
pgmc	*spárōjaną	source_protoform	lexical_protoform	spare — OE sparian
pgmc	*spénnilō	selected_input	trace_proto_input	spindle — OE spinl
pgmc	*spéru	selected_input	trace_proto_input	spear — OE speoru
pgmc	*spínnaną	selected_input	trace_proto_input	spin — OE spinnan
pgmc	*spúrô	selected_input	trace_proto_input	spur — OE spora
pgmc	*spḗnuz	selected_input	trace_proto_input	spoon — OE spōn
pgmc	*straujan-	source_protoform	explicit_tag	Germanic/docs/lexeme_reports/model_entries/2227-strew-strīeġan.model.md
pgmc	*strákkijaną	selected_input	trace_proto_input	stretch — OE streċċan
pgmc	*strángiz	selected_input	trace_proto_input	string — OE strenġ
pgmc	*stráumaz	selected_input	trace_proto_input	stream — OE strēam
pgmc	*stráwjaną	selected_input	trace_proto_input	strew — OE *strīeġan
pgmc	*stráwjaną	source_protoform	lexical_protoform	strew — OE *strīeġan
pgmc	*stráwą	selected_input	trace_proto_input	straw — OE strēaw
pgmc	*stábaz	selected_input	explicit_tag	Germanic/docs/lexeme_reports/model_entries/2212-staff-stæf.model.md
pgmc	*stábaz	selected_input	trace_proto_input	staff — OE stæf
pgmc	*stábaz	source_protoform	lexical_protoform	staff — OE stæf
pgmc	*stábiz	source_protoform	explicit_tag	Germanic/docs/lexeme_reports/model_entries/2212-staff-stæf.model.md
pgmc	*stábiz	source_protoform	lexical_proto	staff — OE stæf
pgmc	*stáinaz	selected_input	trace_proto_input	stone — OE stān
pgmc	*stámnaz	source_protoform	lexical_protoform	stem — OE stefn
pgmc	*stélaną	selected_input	trace_proto_input	steal — OE stelan
pgmc	*stéllijaną	selected_input	trace_proto_input	still — OE stillan
pgmc	*stéllijaną	source_protoform	lexical_protoform	still — OE stillan
pgmc	*stérbaną	selected_input	trace_proto_input	starve — OE steorfan
pgmc	*stúkkaz	selected_input	trace_proto_input	stock — OE stocc
pgmc	*stúrkaz	selected_input	trace_proto_input	stork — OE storc
pgmc	*stúrmaz	selected_input	trace_proto_input	storm — OE storm
pgmc	*stúrtijaną	selected_input	trace_proto_input	start — OE styrtan
pgmc	*stōdą	selected_input	trace_proto_input	stud — OE stōd
pgmc	*stōlaz	selected_input	trace_proto_input	stool — OE stōl
pgmc	*swálwōn	selected_input	trace_proto_input	swallow — OE swealwe
pgmc	*swálwōn	source_protoform	lexical_protoform	swallow — OE swealwe
pgmc	*swánas	selected_input	explicit_tag	Germanic/docs/lexeme_reports/model_entries/2235-swan-swanes.model.md
pgmc	*swánas	selected_input	trace_proto_input	swan — OE swanes
pgmc	*swánas	source_protoform	lexical_protoform	swan — OE swanes
pgmc	*swánaz	source_protoform	explicit_tag	Germanic/docs/lexeme_reports/model_entries/2235-swan-swanes.model.md
pgmc	*swánaz	source_protoform	lexical_proto	swan — OE swanes
pgmc	*swéllaną	selected_input	trace_proto_input	swell — OE swellan
pgmc	*swérdą	selected_input	trace_proto_input	sword — OE sweord
pgmc	*swéstēr	selected_input	trace_proto_input	sister — OE swester
pgmc	*swímmaną	selected_input	trace_proto_input	swim — OE swimman
pgmc	*swī́ną	source_protoform	lexical_proto	swine — OE swīn
pgmc	*swḯną	selected_input	trace_proto_input	swine — OE swīn
pgmc	*swḯną	source_protoform	lexical_protoform	swine — OE swīn
pgmc	*sái	source_protoform	explicit_tag	Germanic/docs/lexeme_reports/model_entries/2169-sea-sǣ.model.md
pgmc	*sái	source_protoform	lexical_proto	sea — OE sǣ
pgmc	*sáiwalō	selected_input	trace_proto_input	soul — OE sāwol
pgmc	*sáiwiz	selected_input	explicit_tag	Germanic/docs/lexeme_reports/model_entries/2169-sea-sǣ.model.md
pgmc	*sáiwiz	selected_input	trace_proto_input	sea — OE sǣ
pgmc	*sáiwiz	source_protoform	lexical_protoform	sea — OE sǣ
pgmc	*sákō	selected_input	trace_proto_input	sake — OE sacu
pgmc	*sálbō	selected_input	trace_proto_input	salve — OE sealf
pgmc	*sáltą	selected_input	trace_proto_input	salt — OE sealt
pgmc	*sándijaną	selected_input	trace_proto_input	send — OE sendan
pgmc	*sángijaną	selected_input	trace_proto_input	singe — OE senġan
pgmc	*sápą	selected_input	explicit_tag	Germanic/docs/lexeme_reports/model_entries/2168-sap-sæp.model.md
pgmc	*sápą	selected_input	trace_proto_input	sap — OE sæp
pgmc	*sápą	source_protoform	lexical_protoform	sap — OE sæp
pgmc	*sátjaną	selected_input	trace_proto_input	set — OE settan
pgmc	*sáumaz	selected_input	trace_proto_input	seam — OE sēam
pgmc	*sébun	selected_input	trace_proto_input	seven — OE seofon
pgmc	*séglą	selected_input	trace_proto_input	sail — OE seġl
pgmc	*sétjaną	selected_input	trace_proto_input	sit — OE sittan
pgmc	*séxs	selected_input	trace_proto_input	six — OE six
pgmc	*síbaz	source_protoform	explicit_tag	Germanic/docs/lexeme_reports/model_entries/2189-sieve-sife.model.md
pgmc	*síbaz	source_protoform	lexical_proto	sieve — OE sife
pgmc	*síbi	selected_input	explicit_tag	Germanic/docs/lexeme_reports/model_entries/2189-sieve-sife.model.md
pgmc	*síbi	selected_input	trace_proto_input	sieve — OE sife
pgmc	*síbi	source_protoform	lexical_protoform	sieve — OE sife
pgmc	*síngwaną	selected_input	trace_proto_input	sing — OE singan
pgmc	*súmaraz	selected_input	trace_proto_input	summer — OE sumer
pgmc	*súmaraz	source_protoform	lexical_protoform	summer — OE sumer
pgmc	*súndrōjaną	selected_input	trace_proto_input	sunder — OE sundrian
pgmc	*súndrōjaną	source_protoform	lexical_protoform	sunder — OE sundrian
pgmc	*súnnōn	selected_input	trace_proto_input	sun — OE sunne
pgmc	*súrgō	selected_input	trace_proto_input	sorrow — OE sorg
pgmc	*sōkijaną	selected_input	trace_proto_input	seek — OE sēċan
pgmc	*sūpaną	selected_input	trace_proto_input	sup — OE sūpan
pgmc	*sḯdōn	selected_input	trace_proto_input	side — OE sīde
pgmc	*taugma-	evidence_form	explicit_tag	Germanic/docs/sound_changes/reader_facing/reader_facing_local_section_19.md
pgmc	*timbra-	source_protoform	explicit_tag	Germanic/docs/lexeme_reports/model_entries/2258-timber-timber.model.md
pgmc	*timra	source_protoform	explicit_tag	Germanic/docs/lexeme_reports/model_entries/2258-timber-timber.model.md
pgmc	*trédaną	selected_input	trace_proto_input	tread — OE tredan
pgmc	*trúgą	selected_input	trace_proto_input	trough — OE trog
pgmc	*táikną	selected_input	trace_proto_input	token — OE tācn
pgmc	*táikną	source_protoform	lexical_protoform	token — OE tācn
pgmc	*táixōn	selected_input	trace_proto_input	toe — OE tā
pgmc	*tángō	selected_input	trace_proto_input	tongs — OE tang
pgmc	*táppjaną	comparison_form	explicit_tag	Germanic/docs/lexeme_reports/model_entries/2240-tap-tæppa.model.md
pgmc	*táppô	selected_input	explicit_tag	Germanic/docs/lexeme_reports/model_entries/2240-tap-tæppa.model.md
pgmc	*táppô	selected_input	trace_proto_input	tap — OE tæppa
pgmc	*táppô	source_protoform	lexical_protoform	tap — OE tæppa
pgmc	*táugmaz	selected_input	trace_proto_input	team — OE tēam
pgmc	*téxun	selected_input	trace_proto_input	ten — OE tēon
pgmc	*téxun	source_protoform	lexical_protoform	ten — OE tēon
pgmc	*tíkkô	selected_input	trace_proto_input	tick — OE ticca
pgmc	*tímbrą	selected_input	explicit_tag	Germanic/docs/lexeme_reports/model_entries/2258-timber-timber.model.md
pgmc	*tímbrą	selected_input	trace_proto_input	timber — OE timber
pgmc	*tímbrą	source_protoform	lexical_protoform	timber — OE timber
pgmc	*tímrą	source_protoform	lexical_proto	timber — OE timber
pgmc	*túngōn	selected_input	trace_proto_input	tongue — OE tunge
pgmc	*tī́diz	source_protoform	lexical_proto	tide — OE tīd
pgmc	*tūną	selected_input	trace_proto_input	town — OE tūn
pgmc	*tūną	source_protoform	lexical_protoform	town — OE tūn
pgmc	*tḯdiz	selected_input	trace_proto_input	tide — OE tīd
pgmc	*tḯdiz	source_protoform	lexical_protoform	tide — OE tīd
pgmc	*wainōjaną	source_protoform	explicit_tag	Germanic/docs/lexeme_reports/model_entries/2286-whine-hwīnan.model.md
pgmc	*wainōjaną	source_protoform	lexical_proto	whine — OE hwīnan
pgmc	*wakēną	comparison_form	explicit_tag	Germanic/docs/lexeme_reports/model_entries/2268-wake-wacan.model.md
pgmc	*wakēną	source_protoform	lexical_proto	wake — OE wacan
pgmc	*wrínganą	selected_input	trace_proto_input	wring — OE wringan
pgmc	*wábsaz	selected_input	trace_proto_input	wasp — OE wæfs
pgmc	*wábsaz	source_protoform	lexical_protoform	wasp — OE wæfs
pgmc	*wádaną	selected_input	trace_proto_input	wade — OE wadan
pgmc	*wádaną	source_protoform	lexical_protoform	wade — OE wadan
pgmc	*wágnaz	selected_input	trace_proto_input	wain — OE wæġn
pgmc	*wáiθiz	source_protoform	explicit_tag	Germanic/docs/lexeme_reports/model_entries/2296-withy-wīþiġ.model.md
pgmc	*wáiθiz	source_protoform	lexical_proto	withy — OE wīþiġ
pgmc	*wákaną	selected_input	explicit_tag	Germanic/docs/lexeme_reports/model_entries/2268-wake-wacan.model.md
pgmc	*wákaną	selected_input	trace_proto_input	wake — OE wacan
pgmc	*wákaną	source_protoform	lexical_protoform	wake — OE wacan
pgmc	*wálaz	source_protoform	lexical_proto	whale — OE hwæl
pgmc	*wáldaną	selected_input	trace_proto_input	wield — OE wealdan
pgmc	*wálθuz	selected_input	trace_proto_input	wold — OE weald
pgmc	*wálθuz	source_protoform	lexical_protoform	wold — OE weald
pgmc	*wárpą	selected_input	trace_proto_input	warp — OE wearp
pgmc	*wártōn	selected_input	trace_proto_input	wart — OE wearte
pgmc	*wáskaną	selected_input	trace_proto_input	wash — OE wascan
pgmc	*wáskaną	source_protoform	lexical_protoform	wash — OE wascan
pgmc	*wátną	source_protoform	explicit_tag	Germanic/docs/lexeme_reports/model_entries/2274-water-wæter.model.md
pgmc	*wátną	source_protoform	lexical_proto	water — OE wæter
pgmc	*wátōr	selected_input	explicit_tag	Germanic/docs/lexeme_reports/model_entries/2274-water-wæter.model.md
pgmc	*wátōr	selected_input	trace_proto_input	water — OE wæter
pgmc	*wátōr	source_protoform	lexical_protoform	water — OE wæter
pgmc	*wáxsaną	selected_input	trace_proto_input	wax — OE weaxan
pgmc	*wáxsaną	source_protoform	lexical_protoform	wax — OE weaxan
pgmc	*wáxsą	selected_input	trace_proto_input	wax — OE weax
pgmc	*wébaną	selected_input	trace_proto_input	weave — OE wefan
pgmc	*wédrą	selected_input	trace_proto_input	weather — OE weder
pgmc	*wégaz	selected_input	trace_proto_input	way — OE weġ
pgmc	*wégaz	source_protoform	lexical_protoform	way — OE weġ
pgmc	*wéljaną	selected_input	trace_proto_input	will — OE willan
pgmc	*wéljô	selected_input	trace_proto_input	will — OE willa
pgmc	*wéljô	source_protoform	lexical_protoform	will — OE willa
pgmc	*wérpaną	selected_input	trace_proto_input	warp — OE weorpan
pgmc	*wérpaną	source_protoform	lexical_protoform	warp — OE weorpan
pgmc	*wéslōn	selected_input	trace_proto_input	weasel — OE wesle
pgmc	*wéstanē	selected_input	trace_proto_input	west — OE westene
pgmc	*wéxtiz	selected_input	trace_proto_input	wight — OE wiht
pgmc	*wíduwōn	selected_input	trace_proto_input	widow — OE wuduwe
pgmc	*wíndaną	selected_input	trace_proto_input	wind — OE windan
pgmc	*wíndaną	source_protoform	lexical_protoform	wind — OE windan
pgmc	*wíntruz	selected_input	trace_proto_input	winter — OE winter
pgmc	*wír-àldu	selected_input	explicit_tag	Germanic/docs/lexeme_reports/model_entries/2302-world-weorold.model.md
pgmc	*wír-àldu	source_protoform	lexical_protoform	world — OE weorold
pgmc	*wíra-àldiz	source_protoform	explicit_tag	Germanic/docs/lexeme_reports/model_entries/2302-world-weorold.model.md
pgmc	*wíra-àldiz	source_protoform	lexical_proto	world — OE weorold
pgmc	*wíràldu	selected_input	trace_proto_input	world — OE weorold
pgmc	*wíθrą	selected_input	trace_proto_input	wether — OE weþer
pgmc	*wúlfaz	selected_input	trace_proto_input	wolf — OE wulf
pgmc	*wúlfaz	source_protoform	lexical_protoform	wolf — OE wulf
pgmc	*wúllō	selected_input	trace_proto_input	wool — OE wull
pgmc	*wúllō	source_protoform	lexical_protoform	wool — OE wull
pgmc	*wúndrą	selected_input	trace_proto_input	wonder — OE wundor
pgmc	*wúrdą	selected_input	trace_proto_input	word — OE word
pgmc	*wúrmiz	selected_input	trace_proto_input	worm — OE wyrm
pgmc	*wḗpną	selected_input	trace_proto_input	weapon — OE wǣpn
pgmc	*wḗpną	source_protoform	lexical_protoform	weapon — OE wǣpn
pgmc	*wḯbą	selected_input	trace_proto_input	wife — OE wīf
pgmc	*wḯθagą	selected_input	explicit_tag	Germanic/docs/lexeme_reports/model_entries/2296-withy-wīþiġ.model.md
pgmc	*wḯθagą	selected_input	trace_proto_input	withy — OE wīþiġ
pgmc	*wḯθagą	source_protoform	lexical_protoform	withy — OE wīþiġ
pgmc	*xabēną	source_protoform	explicit_tag	Germanic/docs/lexeme_reports/model_entries/2058-have-hæfeþ.model.md
pgmc	*xabēną	source_protoform	lexical_proto	have — OE hæfeþ
pgmc	*xláxjaną	selected_input	table_semantic_auto	Germanic/docs/lexeme_reports/model_entries/2092-laugh-hliehhan.model.md
pgmc	*xláxjaną	selected_input	trace_proto_input	laugh — OE hliehhan
pgmc	*xláxjaną	source_protoform	lexical_protoform	laugh — OE hliehhan
pgmc	*xláðaną	selected_input	table_semantic_auto	Germanic/docs/lexeme_reports/model_entries/2088-lade-hladan.model.md
pgmc	*xláðaną	selected_input	trace_proto_input	lade — OE hladan
pgmc	*xláðaną	source_protoform	lexical_protoform	lade — OE hladan
pgmc	*xlídą	selected_input	trace_proto_input	lid — OE hlid
pgmc	*xlídą	source_protoform	lexical_protoform	lid — OE hlid
pgmc	*xnakkô	comparison_form	explicit_tag	Germanic/docs/lexeme_reports/model_entries/2134-neck-hnecca.model.md
pgmc	*xnákkaz	source_protoform	explicit_tag	Germanic/docs/lexeme_reports/model_entries/2134-neck-hnecca.model.md
pgmc	*xnákkaz	source_protoform	lexical_proto	neck — OE hnecca
pgmc	*xnékkô	selected_input	explicit_tag	Germanic/docs/lexeme_reports/model_entries/2134-neck-hnecca.model.md
pgmc	*xnékkô	selected_input	trace_proto_input	neck — OE hnecca
pgmc	*xnékkô	source_protoform	lexical_protoform	neck — OE hnecca
pgmc	*xrábnaz	selected_input	trace_proto_input	raven — OE hræfn
pgmc	*xwalaz	source_protoform	explicit_tag	Germanic/docs/lexeme_reports/model_entries/2284-whale-hwæl.model.md
pgmc	*xwálaz	selected_input	explicit_tag	Germanic/docs/lexeme_reports/model_entries/2284-whale-hwæl.model.md
pgmc	*xwálaz	selected_input	trace_proto_input	whale — OE hwæl
pgmc	*xwálaz	source_protoform	lexical_protoform	whale — OE hwæl
pgmc	*xwḯlō	selected_input	trace_proto_input	while — OE hwīl
pgmc	*xwḯnaną	selected_input	explicit_tag	Germanic/docs/lexeme_reports/model_entries/2286-whine-hwīnan.model.md
pgmc	*xwḯnaną	selected_input	trace_proto_input	whine — OE hwīnan
pgmc	*xwḯnaną	source_protoform	lexical_protoform	whine — OE hwīnan
pgmc	*xábukaz	selected_input	trace_proto_input	hawk — OE hafoc
pgmc	*xábēθi	selected_input	explicit_tag	Germanic/docs/lexeme_reports/model_entries/2058-have-hæfeþ.model.md
pgmc	*xábēθi	selected_input	trace_proto_input	have — OE hæfeþ
pgmc	*xábēθi	source_protoform	lexical_protoform	have — OE hæfeþ
pgmc	*xágjaz	selected_input	trace_proto_input	hedge — OE heġġ
pgmc	*xágjaz	source_protoform	lexical_protoform	hedge — OE heġġ
pgmc	*xáglą	selected_input	trace_proto_input	hail — OE hæġl
pgmc	*xágô	selected_input	trace_proto_input	haw — OE haga
pgmc	*xáilijaną	selected_input	trace_proto_input	heal — OE hǣlan
pgmc	*xáimaz	selected_input	trace_proto_input	home — OE hām
pgmc	*xáiθiz	selected_input	trace_proto_input	heath — OE hǣþ
pgmc	*xáldaną	selected_input	trace_proto_input	hold — OE healdan
pgmc	*xáldaną	source_protoform	lexical_protoform	hold — OE healdan
pgmc	*xállō	selected_input	trace_proto_input	hall — OE heall
pgmc	*xámaras	selected_input	explicit_tag	Germanic/docs/lexeme_reports/model_entries/2053-hammer-hameres.model.md
pgmc	*xámaras	selected_input	trace_proto_input	hammer — OE hameres
pgmc	*xámaras	source_protoform	lexical_protoform	hammer — OE hameres
pgmc	*xámaraz	source_protoform	explicit_tag	Germanic/docs/lexeme_reports/model_entries/2053-hammer-hameres.model.md
pgmc	*xámaraz	source_protoform	lexical_proto	hammer — OE hameres
pgmc	*xándlōjaną	selected_input	trace_proto_input	handle — OE handlian
pgmc	*xánduz	selected_input	trace_proto_input	hand — OE hand
pgmc	*xárbistuz	selected_input	trace_proto_input	harvest — OE hierfest
pgmc	*xárbistuz	source_protoform	lexical_protoform	harvest — OE hierfest
pgmc	*xármaz	selected_input	trace_proto_input	harm — OE hearm
pgmc	*xáslaz	selected_input	trace_proto_input	hazel — OE hæsl
pgmc	*xáubudą	selected_input	trace_proto_input	head — OE hēafod
pgmc	*xáwwaną	selected_input	trace_proto_input	hew — OE hēawan
pgmc	*xáwwją	selected_input	trace_proto_input	hay — OE hīeġ
pgmc	*xélmaz	selected_input	trace_proto_input	helm — OE helm
pgmc	*xélmaz	source_protoform	lexical_protoform	helm — OE helm
pgmc	*xélpaną	selected_input	trace_proto_input	help — OE helpan
pgmc	*xélpaną	source_protoform	lexical_protoform	help — OE helpan
pgmc	*xélpō	selected_input	trace_proto_input	help — OE help
pgmc	*xémenaz	evidence_form	explicit_tag	Germanic/docs/lexeme_reports/model_entries/2068-heaven-heofon.model.md
pgmc	*xémenaz	source_protoform	lexical_proto	heaven — OE heofon
pgmc	*xémonų	evidence_form	explicit_tag	Germanic/docs/lexeme_reports/model_entries/2068-heaven-heofon.model.md
pgmc	*xémonų	selected_input	trace_proto_input	heaven — OE heofon
pgmc	*xémonų	source_protoform	lexical_protoform	heaven — OE heofon
pgmc	*xéndjō	selected_input	trace_proto_input	hind — OE hind
pgmc	*xéndjō	source_protoform	lexical_protoform	hind — OE hind
pgmc	*xérdō	selected_input	trace_proto_input	herd — OE heord
pgmc	*xértōn	selected_input	trace_proto_input	heart — OE heorte
pgmc	*xérθaz	selected_input	trace_proto_input	hearth — OE heorþ
pgmc	*xúnagą	selected_input	trace_proto_input	honey — OE huniġ
pgmc	*xúndaz	selected_input	trace_proto_input	hound — OE hund
pgmc	*xúrdaz	evidence_form	explicit_tag	Germanic/docs/sound_changes/reader_facing/reader_facing_local_section_19.md
pgmc	*xúrną	selected_input	trace_proto_input	horn — OE horn
pgmc	*xúrną	source_protoform	lexical_protoform	horn — OE horn
pgmc	*xúzdą	selected_input	trace_proto_input	hoard — OE hord
pgmc	*xōdaz	selected_input	trace_proto_input	hood — OE hōd
pgmc	*xōfaz	selected_input	trace_proto_input	hoof — OE hōf
pgmc	*xōrōn	selected_input	trace_proto_input	whore — OE hōre
pgmc	*xḗrą	selected_input	trace_proto_input	hair — OE hǣr
pgmc	*xḗrą	source_protoform	lexical_protoform	hair — OE hǣr
pgmc	*áinaz	selected_input	trace_proto_input	one — OE ān
pgmc	*érθōn	selected_input	trace_proto_input	earth — OE eorþe
pgmc	*étaną	selected_input	trace_proto_input	eat — OE etan
pgmc	*úfnaz	selected_input	trace_proto_input	oven — OE ofn
pgmc	*úxsô	selected_input	trace_proto_input	ox — OE oxa
pgmc	*þūsundī-	source_protoform	explicit_tag	Germanic/docs/lexeme_reports/model_entries/2252-thousand-þūsend.model.md
pgmc	*θréjez	selected_input	trace_proto_input	three — OE þrīe
pgmc	*θréjez	source_protoform	lexical_protoform	three — OE þrīe
pgmc	*θréskaną	selected_input	trace_proto_input	thrash — OE þresċan
pgmc	*θáką	selected_input	trace_proto_input	thatch — OE þæc
pgmc	*θánkaz	selected_input	trace_proto_input	thanks — OE þanc
pgmc	*θánkijaną	selected_input	trace_proto_input	think — OE þenċan
pgmc	*θánkijaną	source_protoform	lexical_protoform	think — OE þenċan
pgmc	*θégnaz	selected_input	trace_proto_input	thane — OE þeġn
pgmc	*θéstilaz	source_protoform	explicit_tag	Germanic/docs/lexeme_reports/model_entries/2250-thistle-þistles.model.md
pgmc	*θéstilaz	source_protoform	lexical_proto	thistle — OE þistles
pgmc	*θéubaz	selected_input	trace_proto_input	thief — OE þēof
pgmc	*θíngą	selected_input	trace_proto_input	thing — OE þing
pgmc	*θístilas	selected_input	explicit_tag	Germanic/docs/lexeme_reports/model_entries/2250-thistle-þistles.model.md
pgmc	*θístilas	selected_input	trace_proto_input	thistle — OE þistles
pgmc	*θístilas	source_protoform	lexical_protoform	thistle — OE þistles
pgmc	*θúnraz	selected_input	trace_proto_input	thunder — OE þunor
pgmc	*θúrnaz	selected_input	trace_proto_input	thorn — OE þorn
pgmc	*θúrnaz	source_protoform	lexical_protoform	thorn — OE þorn
pgmc	*θúrstuz	selected_input	trace_proto_input	thirst — OE þurst
pgmc	*θūs-undī	source_protoform	lexical_proto	thousand — OE þūsend
pgmc	*θūs-èndi	selected_input	explicit_tag	Germanic/docs/lexeme_reports/model_entries/2252-thousand-þūsend.model.md
pgmc	*θūs-èndi	source_protoform	lexical_protoform	thousand — OE þūsend
pgmc	*θūsèndi	selected_input	trace_proto_input	thousand — OE þūsend
pgmc	*ḗlaz	selected_input	trace_proto_input	eel — OE ǣl
pgmc	bainan	evidence_form	explicit_tag	Germanic/docs/lexeme_reports/model_entries/1954-bone-bān.model.md
pgmc	bakanan	evidence_form	explicit_tag	Germanic/docs/lexeme_reports/model_entries/1934-bake-bacan.model.md
pgmc	bannan	source_protoform	explicit_tag	Germanic/docs/lexeme_reports/model_entries/1936-ban-bannes.model.md
pgmc	bigínnaną	evidence_form	explicit_tag	Germanic/docs/lexeme_reports/model_entries/1943-begin-beġinnan.model.md
pgmc	brándas	evidence_form	explicit_tag	Germanic/docs/lexeme_reports/model_entries/1965-brand-brandes.model.md
pgmc	brándaz	evidence_form	explicit_tag	Germanic/docs/lexeme_reports/model_entries/1965-brand-brandes.model.md
pgmc	bréustą	selected_input	explicit_tag	Germanic/docs/lexeme_reports/model_entries/1968-breast-brēost.model.md
pgmc	brústz	source_protoform	explicit_tag	Germanic/docs/lexeme_reports/model_entries/1968-breast-brēost.model.md
pgmc	bukkaz	source_protoform	explicit_tag	Germanic/docs/lexeme_reports/model_entries/1973-buck-bucc.model.md
pgmc	báiną	evidence_form	explicit_tag	Germanic/docs/lexeme_reports/model_entries/1954-bone-bān.model.md
pgmc	bákaną	evidence_form	explicit_tag	Germanic/docs/lexeme_reports/model_entries/1934-bake-bacan.model.md
pgmc	bánnas	selected_input	explicit_tag	Germanic/docs/lexeme_reports/model_entries/1936-ban-bannes.model.md
pgmc	bánną	source_protoform	explicit_tag	Germanic/docs/lexeme_reports/model_entries/1936-ban-bannes.model.md
pgmc	báug	evidence_form	explicit_tag	Germanic/docs/lexeme_reports/model_entries/1962-bow-bēag.model.md
pgmc	bázjas	selected_input	explicit_tag	Germanic/docs/lexeme_reports/model_entries/1946-berry-berġes.model.md
pgmc	bázją	source_protoform	explicit_tag	Germanic/docs/lexeme_reports/model_entries/1946-berry-berġes.model.md
pgmc	béuganą	evidence_form	explicit_tag	Germanic/docs/lexeme_reports/model_entries/1962-bow-bēag.model.md
pgmc	búkkaz	selected_input	explicit_tag	Germanic/docs/lexeme_reports/model_entries/1973-buck-bucc.model.md
pgmc	bḗrō	evidence_form	explicit_tag	Germanic/docs/lexeme_reports/model_entries/1949-bier-bǣr.model.md
pgmc	déliz	selected_input	explicit_tag	Germanic/docs/lexeme_reports/model_entries/1990-dill-dile.model.md
pgmc	déljaz	source_protoform	explicit_tag	Germanic/docs/lexeme_reports/model_entries/1990-dill-dile.model.md
pgmc	fastēną	source_protoform	explicit_tag	Germanic/docs/lexeme_reports/model_entries/2004-fast-festan.model.md
pgmc	flaskō	source_protoform	explicit_tag	Germanic/docs/lexeme_reports/model_entries/2016-flask-flasce.model.md
pgmc	flaskǭ	source_protoform	explicit_tag	Germanic/docs/lexeme_reports/model_entries/2016-flask-flasce.model.md
pgmc	fláskōn	selected_input	explicit_tag	Germanic/docs/lexeme_reports/model_entries/2016-flask-flasce.model.md
pgmc	fulgēną	source_protoform	explicit_tag	Germanic/docs/lexeme_reports/model_entries/2027-follow-fylġan.model.md
pgmc	furxtīn	source_protoform	explicit_tag	Germanic/docs/lexeme_reports/model_entries/2034-fright-fyrhte.model.md
pgmc	fástijaną	selected_input	explicit_tag	Germanic/docs/lexeme_reports/model_entries/2004-fast-festan.model.md
pgmc	fínθaną	source_protoform	explicit_tag	Germanic/docs/lexeme_reports/model_entries/2011-find-fundene.model.md
pgmc	fúlgijaną	selected_input	explicit_tag	Germanic/docs/lexeme_reports/model_entries/2027-follow-fylġan.model.md
pgmc	fúnðanǭ	selected_input	explicit_tag	Germanic/docs/lexeme_reports/model_entries/2011-find-fundene.model.md
pgmc	fúrxtīnaz	selected_input	explicit_tag	Germanic/docs/lexeme_reports/model_entries/2034-fright-fyrhte.model.md
pgmc	fūri	selected_input	explicit_tag	Germanic/docs/lexeme_reports/model_entries/2013-fire-fȳre.model.md
pgmc	gállô	selected_input	explicit_tag	Germanic/docs/lexeme_reports/model_entries/2037-gall-ġealla.model.md
pgmc	gállą	source_protoform	explicit_tag	Germanic/docs/lexeme_reports/model_entries/2037-gall-ġealla.model.md
pgmc	hemina-*	evidence_form	explicit_tag	Germanic/docs/lexeme_reports/model_entries/2068-heaven-heofon.model.md
pgmc	hemna-*	evidence_form	explicit_tag	Germanic/docs/lexeme_reports/model_entries/2068-heaven-heofon.model.md
pgmc	júgunθ	selected_input	explicit_tag	Germanic/docs/lexeme_reports/model_entries/2308-youth-ġeoguþ.model.md
pgmc	júgunθiz	source_protoform	explicit_tag	Germanic/docs/lexeme_reports/model_entries/2308-youth-ġeoguþ.model.md
pgmc	knextaz	selected_input	explicit_tag	Germanic/docs/lexeme_reports/model_entries/2086-knight-cniht.model.md
pgmc	knéxtaz	selected_input	explicit_tag	Germanic/docs/lexeme_reports/model_entries/2086-knight-cniht.model.md
pgmc	kníxtaz	source_protoform	explicit_tag	Germanic/docs/lexeme_reports/model_entries/2086-knight-cniht.model.md
pgmc	kwéðuz	selected_input	explicit_tag	Germanic/docs/lexeme_reports/model_entries/1983-cud-cwedu.model.md
pgmc	likkōjanan	source_protoform	explicit_tag	Germanic/docs/lexeme_reports/model_entries/2315-lick-(iptv.2sg)-licca.model.md
pgmc	likkōjanan	source_protoform	explicit_tag	Germanic/docs/lexeme_reports/model_entries/2316-lick-(3sg)-liccaþ.model.md
pgmc	líbēθi	selected_input	explicit_tag	Germanic/docs/lexeme_reports/model_entries/2107-live-lifeþ.model.md
pgmc	líkkōθi	selected_input	explicit_tag	Germanic/docs/lexeme_reports/model_entries/2316-lick-(3sg)-liccaþ.model.md
pgmc	líznô	selected_input	explicit_tag	Germanic/docs/lexeme_reports/model_entries/2313-learn-(iptv.2sg)-liorna.model.md
pgmc	líznōθi	selected_input	explicit_tag	Germanic/docs/lexeme_reports/model_entries/2314-learn-(3sg)-liornaþ.model.md
pgmc	mizdō	source_protoform	explicit_tag	Germanic/docs/lexeme_reports/model_entries/2124-meed-meorde.model.md
pgmc	mákô	selected_input	explicit_tag	Germanic/docs/lexeme_reports/model_entries/2309-make-(iptv.2sg)-maca.model.md
pgmc	mákōθi	selected_input	explicit_tag	Germanic/docs/lexeme_reports/model_entries/2310-make-(3sg)-macaþ.model.md
pgmc	mánnas	selected_input	explicit_tag	Germanic/docs/lexeme_reports/model_entries/2119-man-mannes.model.md
pgmc	mízdai	selected_input	explicit_tag	Germanic/docs/lexeme_reports/model_entries/2124-meed-meorde.model.md
pgmc	nadrōn	source_protoform	explicit_tag	Germanic/docs/lexeme_reports/model_entries/1933-adder-nǣdre.model.md
pgmc	nábulô	selected_input	explicit_tag	Germanic/docs/lexeme_reports/model_entries/2133-navel-nafola.model.md
pgmc	náxti	selected_input	explicit_tag	Germanic/docs/lexeme_reports/model_entries/2140-night-niht.model.md
pgmc	náxtz	source_protoform	explicit_tag	Germanic/docs/lexeme_reports/model_entries/2140-night-niht.model.md
pgmc	nēdrōn	source_protoform	explicit_tag	Germanic/docs/lexeme_reports/model_entries/1933-adder-nǣdre.model.md
pgmc	nḗdrōn	selected_input	explicit_tag	Germanic/docs/lexeme_reports/model_entries/1933-adder-nǣdre.model.md
pgmc	nḗðlō	selected_input	explicit_tag	Germanic/docs/lexeme_reports/model_entries/2136-needle-nǣdl.model.md
pgmc	nḗθlō	source_protoform	explicit_tag	Germanic/docs/lexeme_reports/model_entries/2136-needle-nǣdl.model.md
pgmc	rástōz	selected_input	explicit_tag	Germanic/docs/lexeme_reports/model_entries/2152-rest-ræste.model.md
pgmc	ráukaz	selected_input	explicit_tag	Germanic/docs/lexeme_reports/model_entries/2151-reek-rēac.model.md
pgmc	ráukiz	source_protoform	explicit_tag	Germanic/docs/lexeme_reports/model_entries/2151-reek-rēac.model.md
pgmc	saiwiz	selected_input	explicit_tag	Germanic/docs/lexeme_reports/model_entries/2169-sea-sǣ.model.md
pgmc	sapōn	source_protoform	explicit_tag	Germanic/docs/lexeme_reports/model_entries/2168-sap-sæp.model.md
pgmc	sibaz	source_protoform	explicit_tag	Germanic/docs/lexeme_reports/model_entries/2189-sieve-sife.model.md
pgmc	skawōjanan	source_protoform	explicit_tag	Germanic/docs/lexeme_reports/model_entries/2318-show-(3sg)-sċēawaþ.model.md
pgmc	skáub	selected_input	explicit_tag	Germanic/docs/lexeme_reports/model_entries/2184-shove-sċēaf.model.md
pgmc	skáwōjaną	selected_input	explicit_tag	Germanic/docs/lexeme_reports/model_entries/2186-show-sċēawian.model.md
pgmc	skáwōθi	selected_input	explicit_tag	Germanic/docs/lexeme_reports/model_entries/2318-show-(3sg)-sċēawaþ.model.md
pgmc	skúldramiz	evidence_form	explicit_tag	Germanic/docs/assembly/capr_book_intro_alpha_01.md
pgmc	skúldramiz	selected_input	explicit_tag	Germanic/docs/lexeme_reports/model_entries/2183-shoulder-sċuldrum.model.md
pgmc	spannō	source_protoform	explicit_tag	Germanic/docs/lexeme_reports/model_entries/2203-span-spanne.model.md
pgmc	sparēnan	evidence_form	explicit_tag	Germanic/docs/lexeme_reports/model_entries/2205-spare-sparian.model.md
pgmc	sparēną	evidence_form	explicit_tag	Germanic/docs/lexeme_reports/model_entries/2205-spare-sparian.model.md
pgmc	spánnai	selected_input	explicit_tag	Germanic/docs/lexeme_reports/model_entries/2203-span-spanne.model.md
pgmc	spárōjaną	evidence_form	explicit_tag	Germanic/docs/lexeme_reports/model_entries/2205-spare-sparian.model.md
pgmc	stábaz	selected_input	explicit_tag	Germanic/docs/lexeme_reports/model_entries/2212-staff-stæf.model.md
pgmc	stábiz	source_protoform	explicit_tag	Germanic/docs/lexeme_reports/model_entries/2212-staff-stæf.model.md
pgmc	stámnaz	source_protoform	explicit_tag	Germanic/docs/lexeme_reports/model_entries/2216-stem-stefn.model.md
pgmc	swánas	selected_input	explicit_tag	Germanic/docs/lexeme_reports/model_entries/2235-swan-swanes.model.md
pgmc	swánaz	source_protoform	explicit_tag	Germanic/docs/lexeme_reports/model_entries/2235-swan-swanes.model.md
pgmc	sái	source_protoform	explicit_tag	Germanic/docs/lexeme_reports/model_entries/2169-sea-sǣ.model.md
pgmc	sáiwiz	selected_input	explicit_tag	Germanic/docs/lexeme_reports/model_entries/2169-sea-sǣ.model.md
pgmc	sápą	selected_input	explicit_tag	Germanic/docs/lexeme_reports/model_entries/2168-sap-sæp.model.md
pgmc	síbi	selected_input	explicit_tag	Germanic/docs/lexeme_reports/model_entries/2189-sieve-sife.model.md
pgmc	táppô	selected_input	explicit_tag	Germanic/docs/lexeme_reports/model_entries/2240-tap-tæppa.model.md
pgmc	wainōjanan	source_protoform	explicit_tag	Germanic/docs/lexeme_reports/model_entries/2286-whine-hwīnan.model.md
pgmc	wábsaz	selected_input	explicit_tag	Germanic/docs/lexeme_reports/model_entries/2273-wasp-wæfs.model.md
pgmc	wákaną	selected_input	explicit_tag	Germanic/docs/lexeme_reports/model_entries/2268-wake-wacan.model.md
pgmc	wátōr	selected_input	explicit_tag	Germanic/docs/lexeme_reports/model_entries/2274-water-wæter.model.md
pgmc	wír-àldu	selected_input	explicit_tag	Germanic/docs/lexeme_reports/model_entries/2302-world-weorold.model.md
pgmc	wḯθagą	selected_input	explicit_tag	Germanic/docs/lexeme_reports/model_entries/2296-withy-wīþiġ.model.md
pgmc	xabēną	source_protoform	explicit_tag	Germanic/docs/lexeme_reports/model_entries/2058-have-hæfeþ.model.md
pgmc	xnákkaz	source_protoform	explicit_tag	Germanic/docs/lexeme_reports/model_entries/2134-neck-hnecca.model.md
pgmc	xnékkô	selected_input	explicit_tag	Germanic/docs/lexeme_reports/model_entries/2134-neck-hnecca.model.md
pgmc	xwalaz	source_protoform	explicit_tag	Germanic/docs/lexeme_reports/model_entries/2284-whale-hwæl.model.md
pgmc	xwaliz	comparison_form	explicit_tag	Germanic/docs/lexeme_reports/model_entries/2284-whale-hwæl.model.md
pgmc	xwinanan	source_protoform	explicit_tag	Germanic/docs/lexeme_reports/model_entries/2286-whine-hwīnan.model.md
pgmc	xwḯnaną	selected_input	explicit_tag	Germanic/docs/lexeme_reports/model_entries/2286-whine-hwīnan.model.md
pgmc	xábēθi	selected_input	explicit_tag	Germanic/docs/lexeme_reports/model_entries/2058-have-hæfeþ.model.md
pgmc	xámaras	selected_input	explicit_tag	Germanic/docs/lexeme_reports/model_entries/2053-hammer-hameres.model.md
pgmc	xámaraz	source_protoform	explicit_tag	Germanic/docs/lexeme_reports/model_entries/2053-hammer-hameres.model.md
pgmc	xémenaz	evidence_form	explicit_tag	Germanic/docs/lexeme_reports/model_entries/2068-heaven-heofon.model.md
pgmc	xémonų	evidence_form	explicit_tag	Germanic/docs/lexeme_reports/model_entries/2068-heaven-heofon.model.md
pgmc	θréjez	selected_input	explicit_tag	Germanic/docs/lexeme_reports/model_entries/2254-three-þrīe.model.md
pgmc	θéstilaz	source_protoform	explicit_tag	Germanic/docs/lexeme_reports/model_entries/2250-thistle-þistles.model.md
pgmc	θístilas	selected_input	explicit_tag	Germanic/docs/lexeme_reports/model_entries/2250-thistle-þistles.model.md
pgmc	θūs-èndi	selected_input	explicit_tag	Germanic/docs/lexeme_reports/model_entries/2252-thousand-þūsend.model.md
pnwgmc	brōkiz	comparison_form	explicit_tag	Germanic/docs/lexeme_reports/model_entries/1969-breeches-brēċ.model.md
pnwgmc	brōkiz	selected_input	explicit_tag	Germanic/docs/lexeme_reports/model_entries/1969-breeches-brēċ.model.md
preoe	hebun	comparison_form	explicit_tag	Germanic/docs/lexeme_reports/model_entries/2068-heaven-heofon.model.md
preoe	sparai-	comparison_form	explicit_tag	Germanic/docs/lexeme_reports/model_entries/2205-spare-sparian.model.md
preoe	sparja-	comparison_form	explicit_tag	Germanic/docs/lexeme_reports/model_entries/2205-spare-sparian.model.md
preoe	spárē	comparison_form	explicit_tag	Germanic/docs/lexeme_reports/model_entries/2205-spare-sparian.model.md
preoe	weraldiz	comparison_form	explicit_tag	Germanic/docs/lexeme_reports/model_entries/2302-world-weorold.model.md
preoe	weraldu	comparison_form	explicit_tag	Germanic/docs/lexeme_reports/model_entries/2302-world-weorold.model.md
preoe	weruld	comparison_form	explicit_tag	Germanic/docs/lexeme_reports/model_entries/2302-world-weorold.model.md
pwgmc	*skúldru	comparison_form	explicit_tag	Germanic/docs/lexeme_reports/model_entries/2183-shoulder-sċuldrum.model.md
pwgmc	bakan	comparison_form	explicit_tag	Germanic/docs/lexeme_reports/model_entries/1934-bake-bacan.model.md
pwgmc	skuldru	comparison_form	explicit_tag	Germanic/docs/lexeme_reports/model_entries/2183-shoulder-sċuldrum.model.md
pwgmc	timbr	comparison_form	explicit_tag	Germanic/docs/lexeme_reports/model_entries/2258-timber-timber.model.md
