ID	TOKENS	PROTOFORM	ALIGNMENT	IPA	COUNTERPART	COGIDS	DOCULECT	NOTE	HISTORY	STRUCTURE	BORROWING	CONCEPT	PROTO	GLOSSID
510	ɑ d ə r	*nēdrōn	ɑ d ə r ( - - )	ɑdər	adder	139	Dutch					adder	*nēdrōn	1
509	æ d ə	*nēdrōn	æ d ə r ( - - )	ædə	adder	139	English					adder	*nēdrōn	1
1933	n ǣ d r e	*nēdrōn	æ d ə r ( - - )	ædə	nǣdre	139	Old_English		Source: Wiktionary etymology (template:inh) | Source: Wiktionary etymology (template:inh)			adder	*nēdrōn	1
508	ɔ t ə r	*nēdrōn	ɔ t ə r ( - - )	ɔtər	Otter	139	German					adder	*nēdrōn	1
1431	b ɑ k ə	*bákaną	b ɑ k ə - ( - - )	bɑkə	bakken	391	Dutch					bake	*bákaną	2
1430	b eɪ k	*bákaną	b eɪ k - - ( - - )	beɪk	bake	391	English					bake	*bákaną	2
1934	b a c a n	*bákaną	b eɪ k - - ( - - )	beɪk	bacan	391	Old_English	Proto encoding: -aną (full vowel) for A-restoration; R/T §6.3.1	Source: Wiktionary etymology (template:inh) | Source: Wiktionary etymology (template:inh)			bake	*bákaną	2
1429	b a k ə n	*bákaną	b a k ə n ( - - )	bakən	backen	391	German	BOR		C V c v c		bake	*bákaną	2
314	b ɑ l	*bálluz	b ɑ l ( - - )	bɑl	bal	87	Dutch					ball	*bálluz	3
313	b ɔː l	*bálluz	b ɔː l ( - - )	bɔːl	ball	87	English					ball	*bálluz	3
1935	* b e a l l	*bálluz	b ɔː l ( - - )	bɔːl	-	87	Old_English	Unattested OE; reconstructed *beall.	Source: Wiktionary etymology (template:inh) | Source: Wiktionary etymology (template:inh)			ball	*bálluz	3
312	b a l	*bálluz	b a l ( - - )	bal	Ball	87	German			C V C		ball	*bálluz	3
521	b ɑ n	*bánną	b ɑ n ( - - )	bɑn	ban	142	Dutch					ban	*bánną	4
520	b æ n	*bánną	b æ n ( - - )	bæn	ban	142	English					ban	*bánną	4
1936	b a n n e s	*bánnas	b æ n ( - - ) e s	bænes	bannes	142	Old_English	Gen.sg. paradigm cell: *bannas → bannes. Word-final geminates are phonologically simplified; using gen.sg. preserves medial geminate. Note: a-stem neuter, gen.sg. same as masc.	Original: *banną → bann (nom.sg.).			ban	*bánną	4
519	b a n	*bánną	b a n ( - - )	ban	Bann	142	German			C V C		ban	*bánną	4
221	b ɛ r x	*bérgą	b ɛ r x ( - - )	bɛrx	berg	61	Dutch					barrow	*bérgą	5
220	b æ r əʊ	*bérgą	b æ r əʊ ( - - )	bærəʊ	barrow	61	English					barrow	*bérgą	5
1937	b e o r g	*bérgą	b æ r əʊ ( - - )	bærəʊ	beorg	61	Old_English		Source: Wiktionary etymology (template:inh) | Source: Wiktionary etymology (template:inh)			barrow	*bérgą	5
219	b ɛ r k	*bérgą	b ɛ r k ( - - )	bɛrk	Berg	61	German					barrow	*bérgą	5
1634	b ɑ s t	*bástą	b ɑ s t ( - - )	bɑst	bast	448	Dutch					bast	*bástą	6
1633	b æ s t	*bástą	b æ s t ( - - )	bæst	bast	448	English					bast	*bástą	6
1938	b æ s t	*bástą	b æ s t ( - - )	bæst	bæst	448	Old_English		Source: Wiktionary etymology (template:inh) | Source: Wiktionary etymology (template:inh)			bast	*bástą	6
1632	b a s t	*bástą	b a s t ( - - )	bast	Bast	448	German			C V C C		bast	*bástą	6
1313	b ɑ t	*báθą	b ɑ t ( - - )	bɑt	bad	360	Dutch					bath	*báθą	7
1312	b ɑː θ	*báθą	b ɑː θ ( - - )	bɑːθ	bath	360	English					bath	*báθą	7
1939	b æ þ	*báθą	b ɑː θ ( - - )	bɑːθ	bæþ	360	Old_English		Source: Wiktionary etymology (template:inh) | Source: Wiktionary etymology (template:inh)			bath	*báθą	7
1311	b aː d	*báθą	b aː d ( - - )	baːt	Bad	360	German					bath	*báθą	7
1177	b aː r t	*bárdaz	b aː r t ( - - )	baːrt	baard	322	Dutch					beard	*bárdaz	8
1176	b ɪə d	*bárdaz	b ɪə - d ( - - )	bɪəd	beard	322	English					beard	*bárdaz	8
1940	b e a r d	*bárdaz	b ɪə - d ( - - )	bɪəd	beard	322	Old_English		Source: Wiktionary etymology (template:inh) | Source: Wiktionary etymology (template:inh)			beard	*bárdaz	8
1175	b aː r t	*bárdaz	b aː r t ( - - )	baːrt	Bart	322	German			C V C C		beard	*bárdaz	8
1854	b eː v ə r	*bébruz	b eː v ə r ( - - )	beːvər	bever	508	Dutch					beaver	*bébruz	9
1853	b iː v ə	*bébruz	b iː v ə r ( - - )	biːvə	beaver	508	English					beaver	*bébruz	9
1941	b e f e r	*bébruz	b iː v ə r ( - - )	biːvə	befer	508	Old_English		Source: Wiktionary etymology (template:inh) | Source: Wiktionary etymology (template:inh)			beaver	*bébruz	9
1852	b iː b ə r	*bébruz	b iː b ə r ( - - )	biːbər	Biber	508	German					beaver	*bébruz	9
1865	b øː k ə b oː m	*bōkō	b øː k ( ə b oː m )	bøːkəboːm	beukeboom	511	Dutch					beech	*bōkō	10
1864	b iː ʧ	*bōkō	b iː ʧ ( - - - - )	biːʧ	beech	511	English					beech	*bōkō	10
1942	b ō c	*bōkō	b iː ʧ ( - - - - )	biːʧ	bōc	511	Old_English	Kroonen *bōk(j)ō- f. > OE bōc (nom.sg.); bēċe is oblique form				beech	*bōkō	10
1863	b uː x ə	*bōkō	b uː x ( ə - - - )	buːxə	Buche	511	German					beech	*bōkō	10
1154	b ə ɣ ɪ n ə	*bigínnaną	( b ə ) ɣ ɪ n ə - ( - - )	bəɣɪnə	beginnen	316	Dutch					begin	*bigínnaną	11
1153	b ɪ ɡ ɪ n	*bigínnaną	( b ɪ ) ɡ ɪ n - - ( - - )	bɪɡɪn	begin	316	English					begin	*bigínnaną	11
1943	b e ġ i n n a n	*bigínnaną	( b ɪ ) ɡ ɪ n - - ( - - )	bɪɡɪn	beġinnan	316	Old_English	Palatalization of *g between *i and *i is regular per R/T §6.4.1 Rule 1. OE beġinnan confirmed (Wiktionary, BT).				begin	*bigínnaną	11
1152	b ə ɡ ɪ n ə n	*bigínnaną	( b ə ) ɡ ɪ n ə n ( - - )	bəɡɪnən	beginnen	316	German					begin	*bigínnaną	11
266	x ə l oː v ə	*galáubijaną	( x ə ) l oː v - ə - ( - - )	xəloːvə	geloven	73	Dutch	Proto: *laubjăną → *galaubijăną (ga- prefix set: Du. geloven, G glauben, OE ġelīefan)				believe	*galáubijaną	12
265				bɪliːv		73	English	Out-of-set: ME believe < OE belīefan (be- prefixed *bilaubijan), distinct from ge-/ga- formation				believe	*galáubijaną	12
1944	ġ e l ī e f a n	*galáubijaną	( b ɪ ) l iː v - - - ( - - )	bɪliːv	ġelīefan	73	Old_English		TSV: belīefan → ġelīefan (WS ge- formation; cf. Du. geloven, G glauben)			believe	*galáubijaną	12
264	ɡ l au b ə n	*galáubijaną	( ɡ - ) l au b - ə n ( - - )	ɡlaubən	glauben	73	German	Proto: *laubjăną → *galaubijăną (ga- prefix set)				believe	*galáubijaną	12
1688	b ɑ l x	*bálgiz	b ɑ l x ( - - )	bɑlx	balg	462	Dutch					belly	*bálgiz	13
1687	b ɛ l ɪ	*bálgiz	b ɛ l ɪ ( - - )	bɛlɪ	belly	462	English					belly	*bálgiz	13
1945	b i e l ġ	*bálgiz	b ɛ l ɪ ( - - )	wɒmb	bielġ	462	Old_English		Source: Wiktionary Old English Swadesh list (retrieved 2025-12-12) | Source: Wiktionary etymology (template:inh) | Source: Wiktionary etymology (template:inh)			belly	*bálgiz	13
1686	b a l k	*bálgiz	b a l k ( - - )	balk	Balg	462	German			C V C C		belly	*bálgiz	13
262	b ɛ s	*bázją	b ɛ s - ( - - )	bɛs	bes	72	Dutch					berry	*bázją	14
261	b ɛ r ɪ	*bázją	b ɛ r - ( ɪ - )	bɛrɪ	berry	72	English					berry	*bázją	14
1946	b e r ġ e s	*bázjas	b e r ġ ( e s )	berġes	berġes	72	Old_English	Note: using gen.sg. *bazjas (> berġes); R/T vol.2 §6.8.2: *rj did not geminate in PWGmc	Source: Wiktionary etymology (template:inh) | Source: Wiktionary etymology (template:inh)			berry	*bázją	14
260	b eː r ə	*bázją	b eː r - ( ə - )	beːrə	Beere	72	German					berry	*bázją	14
546	b iː d ə	*béudaną	b iː d ə - ( - - )	biːdə	bieden	149	Dutch					bid	*béudaną	15
1453	b ɪ d ə	*bídjaną	b ɪ d - ə - ( - - )	bɪdə	bidden	397	Dutch					bid	*bídjaną	15
545	b ɪ d	*béudaną	b ɪ d - - ( - - )	bɪd	bid	149	English					bid	*béudaną	15
1947	b ɪ d	*béudaną	b ɪ d - - ( - - )	bɪd	-	149	Old_English		Source: Wiktionary etymology (template:der) | Source: Wiktionary etymology (template:der)			bid	*béudaną	15
1452	b ɪ d	*bídjaną	b ɪ d - - - ( - - )	bɪd	bid	397	English					bid	*bídjaną	15
1948	b ɪ d	*bídjaną	b ɪ d - - - ( - - )	bɪd	-	397	Old_English		Source: Wiktionary etymology (template:der) | Source: Wiktionary etymology (template:der)			bid	*bídjaną	15
544	b iː t ə n	*béudaną	b iː t ə n ( - - )	biːtən	bieten	149	German					bid	*béudaną	15
1451	b ɪ t ə n	*bídjaną	b ɪ t - ə n ( - - )	bɪtən	bitten	397	German					bid	*bídjaną	15
472	b aː r	*barwōn	b aː r ( - - - )	baːr	baar	129	Dutch					bier	*barwōn	16
471	b ɪə	*barwōn	b ɪə r ( - - - )	bɪə	bier	129	English					bier	*barwōn	16
1949	b ǣ r	*bērō	b ɪə r ( - - - )	bɪə	bǣr	129	Old_English	Wiktionary: PGmc *bērō > OE bēr/bǣr (bier); *barwōn is wrong lexeme				bier	*bērō	16
470	b aː r ə	*barwōn	b aː r ( - ə - )	baːrə	Bahre	129	German			C V C		bier	*barwōn	16
584	b ɪ n d ə	*bíndaną	b ɪ n d ə - ( - - )	bɪndə	binden	160	Dutch					bind	*bíndaną	17
583	b aɪ n d	*bíndaną	b aɪ n d - - ( - - )	baɪnd	bind	160	English					bind	*bíndaną	17
1950	b i n d a n	*bíndaną	b aɪ n d - - ( - - )	baɪnd	bindan	160	Old_English		Source: Wiktionary etymology (template:inh) | Source: Wiktionary etymology (template:inh)			bind	*bíndaną	17
582	b ɪ n d ə n	*bíndaną	b ɪ n d ə n ( - - )	bɪndən	binden	160	German					bind	*bíndaną	17
390	x ə b oː r t ə	*búrdiz	( x ə ) b oː r t ( ə - )	xəboːrtə	geboorte	107	Dutch					birth	*búrdiz	18
389	b ɜː θ	*búrdiz	( - - ) b ɜː - θ ( - - )	bɜːθ	birth	107	English					birth	*búrdiz	18
1951	b y r d	*búrdiz	( - - ) b ɜː - θ ( - - )	bɜːθ	byrd	107	Old_English	Kroonen *burdi- f. > OE (ġe)byrd; using simplex without ge-				birth	*búrdiz	18
388	ɡ ə b uː r t	*búrdiz	( ɡ ə ) b uː r t ( - - )	ɡəbuːrt	Geburt	107	German					birth	*búrdiz	18
856	b l uː t	*blōdą	b l uː t ( - - )	bluːt	bloed	235	Dutch					blood	*blōdą	19
855	b l ʌ d	*blōdą	b l ʌ d ( - - )	blʌd	blood	235	English					blood	*blōdą	19
1952	b l ō d	*blōdą	b l ʌ d ( - - )	bloːd	blōd	235	Old_English		Source: Wiktionary Old English Swadesh list (retrieved 2025-12-12) | Source: Wiktionary etymology (template:inh) | Source: Wiktionary etymology (template:inh)			blood	*blōdą	19
854	b l uː t	*blōdą	b l uː t ( - - )	bluːt	Blut	235	German					blood	*blōdą	19
1302	b ɔ r t	*búrdą	b ɔ r t ( - - )	bɔrt	bord	357	Dutch					board	*búrdą	20
1301	b ɔː d	*búrdą	b ɔː - d ( - - )	bɔːd	board	357	English					board	*búrdą	20
1953	b o r d	*búrdą	b ɔː - d ( - - )	bɔːd	bord	357	Old_English		Source: Wiktionary etymology (template:inh) | Source: Wiktionary etymology (template:inh)			board	*búrdą	20
1300	b ɔ r t	*búrdą	b ɔ r t ( - - )	bɔrt	Bord	357	German	BOR			Low German	board	*búrdą	20
1037	b eː n	*báiną	b eː n ( - - )	beːn	been	284	Dutch					bone	*báiną	21
1036	b əʊ n	*báiną	b əʊ n ( - - )	bəʊn	bone	284	English					bone	*báiną	21
1954	b ā n	*báiną	b əʊ n ( - - )	bɑːn	bān	284	Old_English	Proto: oblique *bainăn→*bainą (n. a-stem nom.sg.; Kroonen)				bone	*báiną	21
1035	b ai n	*báiną	b ai n ( - - )	bain	Bein	284	German			C V C		bone	*báiną	21
937	b uː k	*bōkz	b uː k ( - )	buːk	boek	257	Dutch					book	*bōkz	22
936	b ʊ k	*bōkz	b ʊ k ( - )	bʊk	book	257	English					book	*bōkz	22
1955	b ō c	*bōkz	b ʊ k ( - )	bʊk	bōc	257	Old_English		Source: Wiktionary etymology (template:inh) | Source: Wiktionary etymology (template:inh)			book	*bōkz	22
935	b uː x	*bōkz	b uː x ( - )	buːx	Buch	257	German					book	*bōkz	22
382	b oː r ə	*burōjaną	b oː r ( - ) - ə - ( - - )	boːrə	boren	105	Dutch					bore	*burōjaną	23
381	b ɔː	*burōjaną	b ɔː r ( - ) - - - ( - - )	bɔː	bore	105	English					bore	*burōjaną	23
1956	b o r i a n	*búrōjaną	b ɔː r ( - ) - - - ( - - )	bɔː	borian	105	Old_English		Source: Wiktionary etymology (template:inh) | Source: Wiktionary etymology (template:inh)			bore	*burōjaną	23
380	b oː r ə n	*burōjaną	b oː r ( - ) - ə n ( - - )	boːrən	bohren	105	German					bore	*burōjaną	23
26	b uː z ə m	*bōsmaz	b uː z ə m ( - - )	buːzəm	boezem	7	Dutch					bosom	*bōsmaz	24
25	b ʊ z ə m	*bōsmaz	b ʊ z ə m ( - - )	bʊzəm	bosom	7	English					bosom	*bōsmaz	24
1957	b ō s m	*bōsmaz	b ʊ z ə m ( - - )	bʊzəm	bōsm	7	Old_English		Source: Wiktionary etymology (template:inh) | Source: Wiktionary etymology (template:inh)			bosom	*bōsmaz	24
24	b uː z ə n	*bōsmaz	b uː z ə n ( - - )	buːzən	Busen	7	German					bosom	*bōsmaz	24
641	b ɛɪ d ə	*bō	b ɛɪ ( d ə )	bɛɪdə	beide	176	Dutch					both	*bō	25
640	b əʊ θ	*bō	b əʊ ( θ - )	bəʊθ	both	176	English					both	*bō	25
1958	b ā ] ] [ [ þ ā	*bō	b əʊ ( θ - )	bəʊθ	bā]] [[þā	176	Old_English		Source: Wiktionary etymology (template:inh) | Source: Wiktionary etymology (template:inh)			both	*bō	25
639	b ai d ə	*bō	b ai ( d ə )	baidə	beide	176	German					both	*bō	25
818	b oː d ə m	*búdmaz	b oː d ə m ( - - )	boːdəm	bodem	224	Dutch					bottom	*búdmaz	26
817	b ɔ t ə m	*búdmaz	b ɔ t ə m ( - - )	bɔtəm	bottom	224	English					bottom	*búdmaz	26
1959	b o t m	*búttmaz	b ɔ t ə m ( - - )	bɔtəm	botm	224	Old_English	Kroonen p.82: OE < *buttma- (oblique stem variant via PIE dissimilation)	Source: Wiktionary etymology (template:inh) | Source: Wiktionary etymology (template:inh)			bottom	*búttmaz	26
816	b oː d ə n	*búdmaz	b oː d ə n ( - - )	boːdən	Boden	224	German	BOR				bottom	*búdmaz	26
224	b aʊ	*bōguz	b aʊ - ( - - )	baʊ	bough	62	English					bough	*bōguz	334
1960	b ō g	*bōguz	b aʊ - ( - - )	baʊ	bōg	62	Old_English		Source: Wiktionary etymology (template:inh) | Source: Wiktionary etymology (template:inh)			bough	*bōguz	334
223	b uː k	*bōguz	b uː k ( - - )	buːk	Bug	62	German					bough	*bōguz	334
1298	b œy ɣ ə	*báugijaną	b œy ɣ - ə - ( - - )	bœyɣə	buigen	356	Dutch					bow	*báugijaną	27
930	b œy ɣ ə	*béuganą	b œy ɣ ə - ( - - )	bœyɣə	buigen	255	Dutch					bow	*béuganą	27
1420	b oː x	*bugô	b oː x - -	boːx	boog	388	Dutch					bow	*bugô	27
1297	b əʊ	*báugijaną	b əʊ - - - - ( - - )	bəʊ	bow	356	English					bow	*báugijaną	27
1961	b ī e ġ a n	*báugijaną	b əʊ - - - - ( - - )	bəʊ	bīeġan	356	Old_English	Kroonen *baugjan- wv. 'to (make) bend' → OE bīeġan; boga is the noun *bugan-				bow	*báugijaną	27
929	b əʊ	*béuganą	b əʊ - - - ( - - )	bəʊ	bow	255	English					bow	*béuganą	27
1962	b u g o n	*búgun	b əʊ - - - ( - - )	bəʊ	bugon	255	Old_English	Past 3pl. Infinitive būgan has analogical ū (Campbell §740); past 3pl bugon is lautgesetzlich from *bugun.				bow	*búgun	27
1419	b əʊ	*bugô	b əʊ - - -	bəʊ	bow	388	English					bow	*bugô	27
1963	b o g a	*búgô	b əʊ - - -	bəʊ	boga	388	Old_English		Source: Wiktionary etymology (template:inh) | Source: Wiktionary etymology (template:inh)			bow	*bugô	27
1296	b ɔy ɡ ə n	*báugijaną	b ɔy ɡ - ə n ( - - )	bɔyɡən	beugen	356	German			C V c - v c		bow	*báugijaną	27
928	b iː ɡ ə n	*béuganą	b iː ɡ ə n ( - - )	biːɡən	biegen	255	German					bow	*béuganą	27
1418	b oː ɡ ə n	*bugô	b oː ɡ ə n	boːɡən	Bogen	388	German					bow	*bugô	27
1033	b uː r	*būrą	b uː - r ( - - )	buːr	boer	283	Dutch					bower	*būrą	28
1032	b aʊ ə	*būrą	b aʊ ə r ( - - )	baʊə	bower	283	English					bower	*būrą	28
1964	b ū r	*būrą	b aʊ ə r ( - - )	baʊə	būr	283	Old_English		Source: Wiktionary etymology (template:inh) | Source: Wiktionary etymology (template:inh)			bower	*būrą	28
1031	b au ə r	*būrą	b au ə r ( - - )	bauər	Bauer	283	German					bower	*būrą	28
798	b r ɑ n t	*brándaz	b r ɑ n t ( - - )	brɑnt	brand	218	Dutch					brand	*brándaz	29
797	b r æ n d	*brándaz	b r æ n d ( - - )	brænd	brand	218	English					brand	*brándaz	29
1965	b r a n d	*brándas	b r æ n d ( - - )	brænd	brandes	218	Old_English		Source: Wiktionary etymology (template:inh) | Source: Wiktionary etymology (template:inh)	 | Note: using gen.sg. *brandas (> brandes)		brand	*brándas	29
796	b r a n t	*brándaz	b r a n d ( - - )	brant	Brand	218	German					brand	*brándaz	29
1158	b r oː t	*bráudą	b r oː t ( - - )	broːt	brood	317	Dutch					bread	*bráudą	30
1157	b r ɛ d	*bráudą	b r ɛ d ( - - )	brɛd	bread	317	English					bread	*bráudą	30
1966	b r ē a d	*bráudą	b r ɛ d ( - - )	brɛd	brēad	317	Old_English		Source: Wiktionary etymology (template:inh) | Source: Wiktionary etymology (template:inh)			bread	*bráudą	30
1156	b r oː t	*bráudą	b r oː t ( - - )	broːt	Brot	317	German					bread	*bráudą	30
503	b r eː k ə	*brékaną	b r eː k ə - ( - - )	breːkə	breken	137	Dutch					break	*brékaną	31
502	b r eɪ k	*brékaną	b r eɪ k - - ( - - )	breɪk	break	137	English					break	*brékaną	31
1967	b r e c a n	*brékaną	b r eɪ k - - ( - - )	breɪk	brecan	137	Old_English		Source: Wiktionary etymology (template:inh) | Source: Wiktionary etymology (template:inh)			break	*brékaną	31
501	b r ɛ x ə n	*brékaną	b r ɛ x ə n ( - - )	brɛxən	brechen	137	German					break	*brékaną	31
1773	b ɔ r s t	*brústz	b ɔ r - s t ( - )	bɔrst	borst	485	Dutch					breast	*brústz	32
1772	b r ɛ s t	*brústz	b - r ɛ s t ( - )	brɛst	breast	485	English					breast	*brústz	32
1968	b r ē o s t	*bréustą	b - r ɛ s t ( - )	breːo̯st	brēost	485	Old_English		Source: Wiktionary Old English Swadesh list (retrieved 2025-12-12) | Source: Wiktionary etymology (template:inh) | Source: Wiktionary etymology (template:inh) | PROTOFORM updated: Kroonen p.76 *breusta-, R/T p.174 *breusta			breast	*bréustą	32
1771	b r ʊ s t	*brústz	b - r ʊ s t ( - )	brʊst	Brust	485	German					breast	*brústz	32
1516	b r uː k	*brōkiz	b r uː k ( - - )	bruːk	broek	415	Dutch	Proto: *brekăną→*brōkiz (Kroonen *brōk- f. 'breeches', nom.pl. with i-mutation)				breeches	*brōkiz	33
1515	b r ʊ k	*brōkiz	b r ʊ k ( - - )	brʊk	breeches	415	English	Proto: *brekăną→*brōkiz (Kroonen *brōk- f. 'breeches')				breeches	*brōkiz	33
1969	b r ē ċ	*brōkiz	b r ʊ k ( - - )	brʊk	brēċ	415	Old_English	Proto: *brekăną→*brōkiz (Kroonen *brōk- f. 'breeches', nom.pl.; i-umlaut ō→ē)				breeches	*brōkiz	33
1514	b r ʊ x	*brōkiz	b r ʊ x ( - - )	brʊx	Bruch	415	German	Proto: *brekăną→*brōkiz (Kroonen *brōk- f. 'breeches')				breeches	*brōkiz	33
296	b r œy t	*brūdiz	b r œy t ( - - )	brœyt	bruid	82	Dutch					bride	*brūdiz	34
295	b r aɪ d	*brūdiz	b r aɪ d ( - - )	braɪd	bride	82	English					bride	*brūdiz	34
1970	b r ȳ d	*brūdiz	b r aɪ d ( - - )	braɪd	brȳd	82	Old_English		Source: Wiktionary etymology (template:inh) | Source: Wiktionary etymology (template:inh)			bride	*brūdiz	34
294	b r au t	*brūdiz	b r au t ( - - )	braut	Braut	82	German					bride	*brūdiz	34
1652	b r ɛ ŋ ə	*brínganą	b r ɛ ŋ - ə - ( - - )	brɛŋə	brengen	453	Dutch					bring	*brínganą	35
1651	b r ɪ ŋ	*brínganą	b r ɪ ŋ - - - ( - - )	brɪŋ	bring	453	English					bring	*brínganą	35
1971	b r i n g a n	*brínganą	b r ɪ ŋ - - - ( - - )	brɪŋ	bringan	453	Old_English		Source: Wiktionary etymology (template:inh) | Source: Wiktionary etymology (template:inh)			bring	*brínganą	35
1650	b r ɪ ŋ ə n	*brínganą	b r ɪ ŋ - ə n ( - - )	brɪŋən	bringen	453	German					bring	*brínganą	35
1136	x ə b r œy k ə	*brūkaną	( x ə ) b r œy k ə - ( - - )	xəbrœykə	gebruiken	311	Dutch					brook	*brūkaną	36
1135	b r ʊ k	*brūkaną	( - - ) b r ʊ k - - ( - - )	brʊk	brook	311	English					brook	*brūkaną	36
1972	b r ū c a n	*brūkaną	( - - ) b r ʊ k - - ( - - )	brʊk	brūcan	311	Old_English		Source: Wiktionary etymology (template:inh) | Source: Wiktionary etymology (template:inh)			brook	*brūkaną	36
1134	b r au x ə n	*brūkaną	( - - ) b r au x ə n ( - - )	brauxən	brauchen	311	German					brook	*brūkaną	36
34	b ɔ k	*búkkaz	b ɔ k ( - - )	bɔk	bok	9	Dutch					buck	*búkkaz	37
33	b ʌ k	*búkkaz	b ʌ k ( - - )	bʌk	buck	9	English					buck	*búkkaz	37
1973	b u c c	*búkkaz	b ʌ k ( - - )	bʌk	bucc	9	Old_English	DOCUMENTED EXCEPTION (per §17.10.34): Campbell §115 names bucca as exception to a-umlaut (regular outcome = **bocc, cf. OHG boch). No lautgesetzlich PROTOFORM available: every paradigm cell with low *a/*ō triggers a-umlaut, every cell with high *i triggers i-umlaut (→ **byċċ); attested bucc is doubly irregular.				buck	*búkkaz	37
32	b ɔ k	*búkkaz	b ɔ k ( - - )	bɔk	Bock	9	German					buck	*búkkaz	37
1754	b ɑ r s t ə	*bréstaną	b ɑ r - s t ə - ( - - )	bɑrstə	barsten	480	Dutch					burst	*bréstaną	38
1753	b ɜː s t	*bréstaną	b ɜː - - s t - - ( - - )	bɜːst	burst	480	English					burst	*bréstaną	38
1974	b e r s t a n	*bréstaną	b ɜː - - s t - - ( - - )	bɜːst	berstan	480	Old_English		Source: Wiktionary etymology (template:der) | Source: Wiktionary etymology (template:der)			burst	*bréstaną	38
1752	b ɛ r s t ə n	*bréstaną	b ɛ r - s t ə n ( - - )	bɛrstən	bersten	480	German					burst	*bréstaną	38
193	k ɑ l f	*kálbaz	k ɑ l f ( - - )	kɑlf	kalf	54	Dutch					calf	*kálbaz	39
192	k ɑː f	*kálbaz	k ɑː - f ( - - )	kɑːf	calf	54	English					calf	*kálbaz	39
1975	ċ e a l f	*kálbaz	k ɑː - f ( - - )	kɑːf	ċealf	54	Old_English	WS palatalized initial (R/T §6.4.1 rule 1: k before front vowel)	TSV: cealf → ċealf;			calf	*kálbaz	39
191	k a l p	*kálbaz	k a l b ( - - )	kalp	Kalb	54	German					calf	*kálbaz	39
993	k ɑu ʋ ə	*kéwwaną	k ɑu ʋ ə - ( - - )	kɑuʋə	kauwen	272	Dutch					chew	*kéwwaną	40
992	ʧ uː	*kéwwaną	ʧ uː - - - ( - - )	ʧuː	chew	272	English					chew	*kéwwaną	40
1976	ċ ē o w a n	*kéwwaną	ʧ uː - - - ( - - )	ʧuː	ċēowan	272	Old_English		Source: Wiktionary etymology (template:inh) | Source: Wiktionary etymology (template:inh)			chew	*kéwwaną	40
991	k au ə n	*kéwwaną	k au - ə n ( - - )	kauən	kauen	272	German					chew	*kéwwaną	40
557	k l ɪ m ə	*klímbaną	k l ɪ m - ə - ( - - )	klɪmə	klimmen	152	Dutch					climb	*klímbaną	41
556	k l aɪ m	*klímbaną	k l aɪ m - - - ( - - )	klaɪm	climb	152	English					climb	*klímbaną	41
1977	c l i m b a n	*klímbaną	k l aɪ m - - - ( - - )	klaɪm	climban	152	Old_English		Source: Wiktionary etymology (template:inh) | Source: Wiktionary etymology (template:inh)			climb	*klímbaną	41
555	k l ɪ m ə n	*klímbaną	k l ɪ m - ə n ( - - )	klɪmən	klimmen	152	German					climb	*klímbaną	41
1680	k ɑ m	*kámbaz	k ɑ m - ( - - )	kɑm	kam	460	Dutch					comb	*kámbaz	42
1679	k əʊ m	*kámbaz	k əʊ m - ( - - )	kəʊm	comb	460	English					comb	*kámbaz	42
1978	c a m b	*kámbaz	k əʊ m - ( - - )	kəʊm	camb	460	Old_English		Source: Wiktionary etymology (template:inh) | Source: Wiktionary etymology (template:inh)			comb	*kámbaz	42
1678	k a m	*kámbaz	k a m - ( - - )	kam	Kamm	460	German					comb	*kámbaz	42
8	k oː r ə	*kúrną	k oː r - ( ə - )	koːrə	koren	533	Dutch					corn	*kúrną	43
7	k ɔː n	*kúrną	k ɔː - n ( - - )	kɔːn	corn	533	English					corn	*kúrną	43
1979	c o r n	*kúrną	k ɔː - n ( - - )	kɔːn	corn	533	Old_English	Proto: oblique *kurnăn→*kurną (n. a-stem nom.sg.; Kroonen)				corn	*kúrną	43
6	k ɔ r n	*kúrną	k ɔ r n ( - - )	kɔrn	Korn	533	German					corn	*kúrną	43
1093	k uː	*kōz	k uː ( - - )	kuː	koe	299	Dutch	TSV fix: proto *kōwz → *kōz (Kroonen *kō- ~ *ku-, nom.sg. *kōz; -w- was spurious, not in Kroonen or R/T)				cow	*kōz	44
1092	k aʊ	*kōz	k aʊ ( - - )	kaʊ	cow	299	English	TSV fix: proto *kōwz → *kōz (correct PGmc nom.sg. per Kroonen)				cow	*kōz	44
1980	c ȳ	*kūi	c ȳ	kyː	cȳ	299	Old_English	Root noun *kō- ~ *kū- (Kroonen): nom. *kōz, obl. *kū-. OE leveled zero-grade *kū- to all cases; dat.sg. cȳ < *kūi is lautgesetzlich.	TSV fix: using PGmc dat.sg. *kūi (> OE cȳ by i-umlaut, R/T §6.6.1). | See docs/analysis/cow_root_noun_investigation.md			cow	*kōz	44
1091	k uː	*kōz	k uː ( - - )	kuː	Kuh	299	German	TSV fix: proto *kōwz → *kōz (correct PGmc nom.sg. per Kroonen)				cow	*kōz	44
1508	k r ɑ x t	*kráftiz	k r ɑ x t ( - - )	krɑxt	kracht	413	Dutch					craft	*kráftiz	45
1507	k r ɑː f t	*kráftiz	k r ɑː f t ( - - )	krɑːft	craft	413	English					craft	*kráftiz	45
1981	c r æ f t	*kráftaz	k r ɑː f t ( - - )	krɑːft	cræft	413	Old_English	Kroonen: *kraftu- m. 'strength' (u-stem); Orel: *kraftiz ~ *kraftuz. OE cræft has æ (not e), ruling out i-stem *-iz which would trigger i-umlaut. Using a-stem *kraftăz.				craft	*kráftaz	45
1506	k r a f t	*kráftiz	k r a f t ( - - )	kraft	Kraft	413	German					craft	*kráftiz	45
881	k r ɔ p	*krúppaz	k r ɔ p ( - - )	krɔp	krop	242	Dutch					crop	*krúppaz	46
880	k r ɔ p	*krúppaz	k r ɔ p ( - - )	krɔp	crop	242	English					crop	*krúppaz	46
1982	c r o p p	*krúppaz	k r ɔ p ( - - )	krɔp	cropp	242	Old_English		Source: Wiktionary etymology (template:inh) | Source: Wiktionary etymology (template:inh)			crop	*krúppaz	46
879	k r ɔ pf	*krúppaz	k r ɔ pf ( - - )	krɔp͡f	Kropf	242	German					crop	*krúppaz	46
1247	k ɪ t	*kwíθuz	k ɪ t ( - - )	kɪt	kit	342	Dutch					cud	*kwíθuz	47
1246	k ʌ d	*kwíθuz	k ʌ d ( - - )	kʌd	cud	342	English					cud	*kwíθuz	47
1983	c u d u	*kwéðuz	k ʌ d ( - - )	kʌd	cwedu	342	Old_English	Kroonen (2013:313) *kweduz m. u-stem 'resin' (Leiden orthography: *d* = [ð] intervocalically); Orel (2003) *kweðuz explicit; R/T (2014:323) PWGmc *kwidu presupposes PGmc *e-grade. PIE *gʷet-u- (Pokorny); Skt jatú 'lac' confirms PIE *t → PGmc *ð via Verner's Law in the mobile-accent u-stem paradigm; ON kváða preserves *ð directly. OE attests cwedu (Leechdoms, WS conservative e-grade), cwidu (classical WS paradigm-levelled i-grade), cweodu (Anglian back-umlaut), cwudu (Late WS w-rounding), cudu (kw>k before /u/). PROTOFORM *kwéðuz corrected 2026-04-24 from incorrect *kwíθuz; the FST's PWGmcDentalHardening yields cwedu directly. See DEV_NOTES §17.14.				cud	*kwéduz	47
1245	k ɪ t	*kwíθuz	k ɪ t ( - - )	kɪt	Kitt	342	German					cud	*kwíθuz	47
1184	d ɑ l	*dálaz	d ɑ l ( - - )	dɑl	dal	324	Dutch					dale	*dálaz	48
1183	d eɪ l	*dálaz	d eɪ l ( - - )	deɪl	dale	324	English					dale	*dálaz	48
1984	d æ l	*dálaz	d eɪ l ( - - )	deɪl	dæl	324	Old_English		Source: Wiktionary etymology (template:inh) | Source: Wiktionary etymology (template:inh)			dale	*dálaz	48
1182	t aː l	*dálaz	t aː l ( - - )	taːl	Tal	324	German					dale	*dálaz	48
783	d ɑ x	*dágaz	d ɑ x ( - - )	dɑx	dag	214	Dutch					day	*dágaz	49
782	d eɪ	*dágaz	d eɪ - ( - - )	deɪ	day	214	English					day	*dágaz	49
1985	d æ ġ	*dágaz	d eɪ - ( - - )	dæj	dæġ	214	Old_English		Source: Wiktionary Old English Swadesh list (retrieved 2025-12-12) | Source: Wiktionary etymology (template:inh) | Source: Wiktionary etymology (template:inh)			day	*dágaz	49
781	t aː k	*dágaz	t aː k ( - - )	taːk	Tag	214	German					day	*dágaz	49
1085	d eː l	*dáiliz	d eː l ( - - )	deːl	deel	297	Dutch					deal	*dáiliz	50
1084	d iː l	*dáiliz	d iː l ( - - )	diːl	deal	297	English					deal	*dáiliz	50
1986	d ǣ l	*dáiliz	d iː l ( - - )	diːl	dǣl	297	Old_English		Source: Wiktionary etymology (template:inh) | Source: Wiktionary etymology (template:inh)			deal	*dáiliz	50
1083	t ai l	*dáiliz	t ai l ( - - )	tail	Teil	297	German					deal	*dáiliz	50
580	d aː t	*dēdiz	d aː t ( - - )	daːt	daad	159	Dutch					deed	*dēdiz	51
579	d iː d	*dēdiz	d iː d ( - - )	diːd	deed	159	English					deed	*dēdiz	51
1987	d ǣ d	*dēdiz	d iː d ( - - )	diːd	dǣd	159	Old_English	R/T vol.2 13823: PGmc *dēdiz > WS OE dǣd (not Anglian dēd)				deed	*dēdiz	51
578	t aː t	*dēdiz	t aː t ( - - )	taːt	Tat	159	German					deed	*dēdiz	51
409	d iː r	*déuzą	d iː r ( - - )	diːr	dier	112	Dutch					deer	*déuzą	52
408	d ɪə	*déuzą	d ɪə r ( - - )	dɪə	deer	112	English					deer	*déuzą	52
1988	d ē o r	*déuzą	d ɪə r ( - - )	dɪə	dēor	112	Old_English		Source: Wiktionary etymology (template:inh) | Source: Wiktionary etymology (template:inh)			deer	*déuzą	52
407	t iː r	*déuzą	t iː r ( - - )	tiːr	Tier	112	German					deer	*déuzą	52
1520	d ɑu ʋ	*dawwō	d - ɑu ʋ ( - )	dɑuʋ	dauw	416	Dutch					dew	*dawwō	53
1519	d j uː	*dawwō	d j uː - ( - )	djuː	dew	416	English					dew	*dawwō	53
1989	d ē a w	*dáwwō	d j uː - ( - )	djuː	dēaw	416	Old_English		Source: Wiktionary etymology (template:inh) | Source: Wiktionary etymology (template:inh)			dew	*dawwō	53
1518	t au	*dawwō	t - au - ( - )	tau	Tau	416	German					dew	*dawwō	53
896	d ɪ l ə	*déljaz	d ɪ l ( - ə - )	dɪlə	dille	246	Dutch					dill	*déljaz	54
895	d ɪ l	*déljaz	d ɪ l ( - - - )	dɪl	dill	246	English					dill	*déljaz	54
1990	d i l e	*déliz	d ɪ l ( - - - )	dɪl	dile	246	Old_English	"I-stem *deliz per Kroonen p.93: ""evidence for both an i-stem (OE dile) and a ja-stem (OS dilli, OHG tilli)"". OE generalized i-stem; OS/OHG generalized ja-stem."	See DEV_NOTES §dile.			dill	*déliz	54
894	d ɪ l	*déljaz	d ɪ l ( - - - )	dɪl	Dill	246	German	BOR			Low German	dill	*déljaz	54
1584	d uː n	*dōną	d uː - n ( - - )	duːn	doen	434	Dutch					do	*dōną	55
1583	d uː	*dōną	d uː - - ( - - )	duː	do	434	English					do	*dōną	55
1991	d ō n	*dōną	d uː - - ( - - )	duː	dōn	434	Old_English		Source: Wiktionary etymology (template:inh) | Source: Wiktionary etymology (template:inh)			do	*dōną	55
1582	t uː n	*dōną	t uː ə n ( - - )	tuːn	tun	434	German					do	*dōną	55
103	d ɔː	*dúrą	d ɔː r ( - - )	dɔː	door	29	English					door	*dúrą	335
1992	d o r	*dúrą	d ɔː r ( - - )	dɔː	dor	29	Old_English	"OE has two reflexes: neut. a-stem *dor* (< *durą, regular u-lowering) and fem. u-stem *duru* (analogical shift per R/T p.385). Using etymological *dor* as target. Cf. Hall: ""dor n. door, gate""."				door	*dúrą	335
102	t oː r	*dúrą	t oː r ( - - )	toːr	Tor	29	German					door	*dúrą	335
764	d eː x	*dáigaz	d eː x ( - - )	deːx	deeg	209	Dutch					dough	*dáigaz	56
763	d əʊ	*dáigaz	d əʊ - ( - - )	dəʊ	dough	209	English					dough	*dáigaz	56
1993	d ā g	*dáigaz	d əʊ - ( - - )	dəʊ	dāg	209	Old_English		Source: Wiktionary etymology (template:inh) | Source: Wiktionary etymology (template:inh)			dough	*dáigaz	56
762	t ai k	*dáigaz	t ai k ( - - )	taik	Teig	209	German					dough	*dáigaz	56
57	d oː v ə	*dūbōn	d oː v ə ( - )	doːvə	dove	16	Dutch					dove	*dūbōn	57
56	d ʌ v	*dūbōn	d ʌ v - ( - )	dʌv	dove	16	English					dove	*dūbōn	57
1994	* d ū f e	*dūbōn	d ʌ v - ( - )	dʌv	-	16	Old_English	Unattested OE; reconstructed *dūfe. | Attested OE culfre is not cognate with ModE dove; reconstructed *dūfe unattested.	Source: Wiktionary etymology (template:inh) | Source: Wiktionary etymology (template:inh)			dove	*dūbōn	57
55	t au b ə	*dūbōn	t au b ə ( - )	taubə	Taube	16	German					dove	*dūbōn	57
398	d r oː m	*dráugmaz	d r oː m ( - - )	droːm	droom	109	Dutch					dream	*dráugmaz	58
397	d r iː m	*dráugmaz	d r iː m ( - - )	driːm	dream	109	English					dream	*dráugmaz	58
1995	d r ē a m	*dráugmaz	d r iː m ( - - )	driːm	drēam	109	Old_English		Source: Wiktionary etymology (template:inh) | Source: Wiktionary etymology (template:inh)			dream	*dráugmaz	58
396	t r au m	*dráugmaz	t r au m ( - - )	traum	Traum	109	German					dream	*dráugmaz	58
744	d r ɑ ŋ k	*dránkiz	d r ɑ ŋ k ( - - )	drɑŋk	drank	204	Dutch					drench	*dránkiz	59
743	d r ɛ n ʧ	*dránkiz	d r ɛ n ʧ ( - - )	drɛnʧ	drench	204	English					drench	*dránkiz	59
1996	d r e n ċ	*dránkiz	d r ɛ n ʧ ( - - )	drɛnʧ	drenċ	204	Old_English		Source: Wiktionary etymology (template:inh) | Source: Wiktionary etymology (template:inh)			drench	*dránkiz	59
742	t r a ŋ k	*dránkiz	t r a ŋ k ( - - )	traŋk	Trank	204	German					drench	*dránkiz	59
22	d r ɪ ŋ k ə	*drínkaną	d r ɪ ŋ k ə - ( - - )	drɪŋkə	drinken	6	Dutch					drink	*drínkaną	60
21	d r ɪ ŋ k	*drínkaną	d r ɪ ŋ k - - ( - - )	drɪŋk	drink	6	English					drink	*drínkaną	60
1997	d r i n c a n	*drínkaną	d r ɪ ŋ k - - ( - - )	drɪŋk	drincan	6	Old_English		Source: Wiktionary etymology (template:inh) | Source: Wiktionary etymology (template:inh)			drink	*drínkaną	60
20	t r ɪ ŋ k ə n	*drínkaną	t r ɪ ŋ k ə n ( - - )	trɪŋkən	trinken	6	German					drink	*drínkaną	60
1243	d r ɛɪ v ə	*drībaną	d r ɛɪ v ə - ( - - )	drɛɪvə	drijven	341	Dutch					drive	*drībaną	61
1242	d r aɪ v	*drībaną	d r aɪ v - - ( - - )	draɪv	drive	341	English					drive	*drībaną	61
1998	d r ī f a n	*drībaną	d r aɪ v - - ( - - )	draɪv	drīfan	341	Old_English		Source: Wiktionary etymology (template:der) | Source: Wiktionary etymology (template:der)			drive	*drībaną	61
1241	t r ai b ə n	*drībaną	t r ai b ə n ( - - )	traibən	treiben	341	German					drive	*drībaną	61
89	aː r d ə	*erθōn	aː r d ə	aːrdə	aarde	25	Dutch					earth	*erθōn	62
88	ɜː θ	*erθōn	ɜː - θ -	ɜːθ	earth	25	English					earth	*erθōn	62
1999	e o r þ e	*érθōn	ɜː - θ -	eo̯rˠðe	eorþe	25	Old_English		Source: Wiktionary Old English Swadesh list (retrieved 2025-12-12) | Source: Wiktionary etymology (template:inh) | Source: Wiktionary etymology (template:inh)			earth	*erθōn	62
87	eː r d ə	*erθōn	eː r d ə	eːrdə	Erde	25	German					earth	*erθōn	62
1333	eː t ə	*étaną	eː t ə - ( - - )	eːtə	eten	365	Dutch					eat	*étaną	63
1332	iː t	*étaną	iː t - - ( - - )	iːt	eat	365	English					eat	*étaną	63
2000	e t a n	*étaną	iː t - - ( - - )	iːt	etan	365	Old_English		Source: Wiktionary etymology (template:inh) | Source: Wiktionary etymology (template:inh)			eat	*étaną	63
1331	ɛ s ə n	*étaną	ɛ s ə n ( - - )	ɛsən	essen	365	German					eat	*étaną	63
775	aː l	*ēlaz	aː l ( - - )	aːl	aal	212	Dutch					eel	*ēlaz	64
774	iː l	*ēlaz	iː l ( - - )	iːl	eel	212	English					eel	*ēlaz	64
2001	ǣ l	*ēlaz	iː l ( - - )	iːl	ǣl	212	Old_English		Source: Wiktionary etymology (template:inh) | Source: Wiktionary etymology (template:inh)			eel	*ēlaz	64
773	aː l	*ēlaz	aː l ( - - )	aːl	Aal	212	German					eel	*ēlaz	64
250	v ɑ l ə	*fállaną	v ɑ l ə - ( - - )	vɑlə	vallen	69	Dutch					fall	*fállaną	65
249	f ɔː l	*fállaną	f ɔː l - - ( - - )	fɔːl	fall	69	English					fall	*fállaną	65
2002	f e a l l a n	*fállaną	f ɔː l - - ( - - )	fɔːl	feallan	69	Old_English		Source: Wiktionary etymology (template:inh) | Source: Wiktionary etymology (template:inh)			fall	*fállaną	65
248	f a l ə n	*fállaną	f a l ə n ( - - )	falən	fallen	69	German					fall	*fállaną	65
205	v aː r ə	*fáraną	v aː r ə - ( - - )	vaːrə	varen	57	Dutch					fare	*fáraną	66
204	f ɛə	*fáraną	f ɛə r - - ( - - )	fɛə	fare	57	English					fare	*fáraną	66
2003	f a r a n	*fáraną	f ɛə r - - ( - - )	fɛə	faran	57	Old_English	OE target faran (inf. of str.v. class VI 'to fare, go'). Earlier note had færan, conflated with i-umlauted 2/3sg pres fær(e)þ or with weak causative færan 'to frighten' (< *fōrjaną); on the §17.26.0 hypothesis the wrong target was set to match the pre-§17.25 buggy FST output. Corrected per DEV_NOTES §17.26.				fare	*fáraną	66
203	f aː r ə n	*fáraną	f aː r ə n ( - - )	faːrən	fahren	57	German					fare	*fáraną	66
1317	v ɑ s t ə	*fastēną	v ɑ s t ə - ( - - )	vɑstə	vasten	361	Dutch					fast	*fastēną	67
1316	f ɑː s t	*fastēną	f ɑː s t - - ( - - )	fɑːst	fast	361	English					fast	*fastēną	67
2004	f e s t a n	*fástijaną	f a s t i a n ( - - )	fɑstiɑn	festan	361	Old_English	"R/T: ""festan 'to fix, to fasten' < *fæstjan"" (Class I weak); ""acquired stative meaning ['to fast'] by lexical confusion"" with *fastēn-. OE fæstan has æ from analogy with adj. fæst."				fast	*fástijaną	67
1315	f a s t ə n	*fastēną	f a s t ə n ( - - )	fastən	fasten	361	German					fast	*fastēną	67
912	v aː d ə r	*fadēr	v aː d ə r	vaːdər	vader	250	Dutch					father	*fadēr	68
911	f ɑː ð ə	*fadēr	f ɑː ð ə r	fɑːðə	father	250	English					father	*fadēr	68
2005	ˈ f æ d e r	*fádēr	f ɑː ð ə r	ˈfæder	fæder	250	Old_English		Source: Wiktionary Old English Swadesh list (retrieved 2025-12-12) | Source: Wiktionary Old English Swadesh list (retrieved 2025-12-12) | Source: Wiktionary Old English Swadesh list (retrieved 2025-12-12)			father	*fadēr	68
910	f aː t ə r	*fadēr	f aː t ə r	faːtər	Vater	250	German					father	*fadēr	68
118	v eː	*féxu	v eː ( - - )	veː	vee	33	Dutch					fee	*féxu	69
117	f iː	*féxu	f iː ( - - )	fiː	fee	33	English					fee	*féxu	69
2006	f e o h	*féxu	f iː ( - - )	fiː	feoh	33	Old_English		Source: Wiktionary etymology (template:inh) | Source: Wiktionary etymology (template:inh)			fee	*féxu	69
116	v iː	*féxu	v iː ( - - )	viː	Vieh	33	German					fee	*féxu	69
1801	v ɛ l	*féllą	v ɛ l ( - - )	vɛl	vel	493	Dutch					fell	*féllą	70
1800	f ɛ l	*féllą	f ɛ l ( - - )	fɛl	fell	493	English					fell	*féllą	70
2007	f e l l	*féllą	f ɛ l ( - - )	fɛl	fell	493	Old_English	Kroonen *fella- n. 'skin/hide' > OE fell; cf. Dutch vel, German Fell				fell	*féllą	70
1799	f ɛ l	*féllą	f ɛ l ( - - )	fɛl	Fell	493	German					fell	*féllą	70
464	v aː r ə	*fárnaz	v aː r - ( ə - )	vaːrə	varen	127	Dutch					fern	*fárnaz	71
463	f ɜː n	*fárnaz	f ɜː - n ( - - )	fɜːn	fern	127	English					fern	*fárnaz	71
2008	f e a r n	*fárnaz	f ɜː - n ( - - )	fɜːn	fearn	127	Old_English	Proto: oblique *farnăn→*farnăz (m. a-stem nom.sg.; Kroonen)				fern	*fárnaz	71
462	f a r n	*fárnaz	f a r n ( - - )	farn	Farn	127	German					fern	*fárnaz	71
700	v ɛ l t	*félθuz	v ɛ l t ( - - )	vɛlt	veld	192	Dutch					field	*félθuz	72
699	f iː l d	*félθuz	f iː l d ( - - )	fiːld	field	192	English					field	*félθuz	72
2009	f e l d	*félθuz	f iː l d ( - - )	fiːld	feld	192	Old_English	R/T §5.1.3 p.171: *felθu-/*feldu- may reflect Verner's alternation or regular PWGmc *lθ→*ld; either gives OE feld				field	*félθuz	72
698	f ɛ l t	*félθuz	f ɛ l d ( - - )	fɛlt	Feld	192	German					field	*félθuz	72
160	v ɛ x t ə	*féxtaną	v ɛ x t ə - ( - - )	vɛxtə	vechten	45	Dutch					fight	*féxtaną	73
159	f aɪ t	*féxtaną	f aɪ - t - - ( - - )	faɪt	fight	45	English					fight	*féxtaną	73
2010	f e o h t a n	*féxtaną	f aɪ - t - - ( - - )	faɪt	feohtan	45	Old_English		Source: Wiktionary etymology (template:inh) | Source: Wiktionary etymology (template:inh)			fight	*féxtaną	73
158	f ɛ x t ə n	*féxtaną	f ɛ x t ə n ( - - )	fɛxtən	fechten	45	German					fight	*féxtaną	73
1762	v ɪ n d ə	*fínθaną	v ɪ n d ə - ( - - )	vɪndə	vinden	482	Dutch					find	*fínθaną	74
1761	f aɪ n d	*fínθaną	f aɪ n d - - ( - - )	faɪnd	find	482	English					find	*fínθaną	74
2011	f u n d e n e	*fúnðanǭ	f aɪ n d - - ( - - )	faɪnd	fundene	482	Old_English	Paradigm-cell acc.sg.m. of strong past ptc, attested (Bosworth-Toller s.v. findan: "Beón i hergeata ww fundene, 414, 4 note"; cf. Hall s.v. tō-fundennes). Regular Verner *ð → *d, intervocalic *n triggers medial fronting *-an- → *-en-, bimoric *-ǭ → -e. Nom.sg. funden is analogical (Campbell §334, Luick §301,3, Brunner §366 Anm. 3). See DEV_NOTES §17.10.30–32.				find	*fúnðanǭ	74
1760	f ɪ n d ə n	*fínθaną	f ɪ n d ə n ( - - )	fɪndən	finden	482	German					find	*fínθaną	74
1702	v ɪ ŋ ə r	*fíngraz	v ɪ ŋ - ə r ( - - )	vɪŋər	vinger	466	Dutch					finger	*fíngraz	75
1701	f ɪ ŋ ɡ ə	*fíngraz	f ɪ ŋ ɡ ə r ( - - )	fɪŋɡə	finger	466	English					finger	*fíngraz	75
2012	f i n g e r	*fíngraz	f ɪ ŋ ɡ ə r ( - - )	fɪŋɡə	finger	466	Old_English		Source: Wiktionary etymology (template:der) | Source: Wiktionary etymology (template:der)			finger	*fíngraz	75
1700	f ɪ ŋ ə r	*fíngraz	f ɪ ŋ - ə r ( - - )	fɪŋər	Finger	466	German					finger	*fíngraz	75
1588	v yː r	*fūri	v yː - - r	vyːr	vuur	435	Dutch					fire	*fūri	76
1587	f aɪ ə	*fūri	f aɪ - ə r	faɪə	fire	435	English					fire	*fūri	76
2013	f ȳ r e	*fūri	f ȳ r e	fyːre	fȳre	435	Old_English	ANALOGICAL: Proto dat.sg. *fūri triggers i-umlaut; final *-i apocopated after heavy syllable → fȳr. Attested fȳre has -e analogically restored by proportion with regular a-stems (word:worde::fȳr:fȳre). FST correctly produces endingless fȳr.	See DEV_NOTES.md.			fire	*fūrą	76
1586	f ɔy ə r	*fūri	f ɔy - ə r	fɔyər	Feuer	435	German					fire	*fūri	76
1262	v ɪ s	*fískaz	v ɪ s - ( - - )	vɪs	vis	346	Dutch					fish	*fískaz	77
1261	f ɪ ʃ	*fískaz	f ɪ ʃ - ( - - )	fɪʃ	fish	346	English					fish	*fískaz	77
2014	f i s ċ	*fískaz	f ɪ ʃ - ( - - )	fiʃ	fisċ	346	Old_English		Source: Wiktionary Old English Swadesh list (retrieved 2025-12-12) | Source: Wiktionary etymology (template:inh) | Source: Wiktionary etymology (template:inh)			fish	*fískaz	77
1260	f ɪ ʃ	*fískaz	f ɪ ʃ - ( - - )	fɪʃ	Fisch	346	German					fish	*fískaz	77
1830	v œy s t	*fúnxstiz	v œy ( - - ) s t ( - - )	vœyst	vuist	501	Dutch					fist	*fúnxstiz	78
1829	f ɪ s t	*fúnxstiz	f ɪ ( - - ) s t ( - - )	fɪst	fist	501	English					fist	*fúnxstiz	78
2015	f ȳ s t	*fúnxstiz	f ɪ ( - - ) s t ( - - )	fɪst	fȳst	501	Old_English		Source: Wiktionary etymology (template:inh) | Source: Wiktionary etymology (template:inh)			fist	*fúnxstiz	78
1828	f au s t	*fúnxstiz	f au ( - - ) s t ( - - )	faust	Faust	501	German					fist	*fúnxstiz	78
50	f l ɑː s k	*flaskō	f l ɑː s k -	flɑːsk	flask	14	English					flask	*flaskō	336
2016	f l a s c e	*fláskōn	f l ɑː s k -	flɑːsk	flasce	14	Old_English		Proto corrected: weak fem. ōn-stem *flaskōn (Orel *flaskò(n) sb.f.; Kroonen *flaskǭ). TSV had *flaskō (strong ō-stem, no final vowel after heavy syllable). A-restoration trigger fix: *ǭ (nasalized, from *-ōn) now triggers A-restoration, preserving root *a before medial *sk.			flask	*flaskōn	336
49	f l a ʃ ə	*flaskō	f l a ʃ - ə	flaʃə	Flasche	14	German					flask	*flaskō	336
1811	v l ɑ s	*fláxsą	v l ɑ - s ( - - )	vlɑs	vlas	496	Dutch					flax	*fláxsą	79
1810	f l æ k s	*fláxsą	f l æ k s ( - - )	flæks	flax	496	English					flax	*fláxsą	79
2017	f l e a x	*fláxsą	f l æ k s ( - - )	flæks	fleax	496	Old_English		Source: Wiktionary etymology (template:inh) | Source: Wiktionary etymology (template:inh)			flax	*fláxsą	79
1809	f l a k s	*fláxsą	f l a k s ( - - )	flaks	Flachs	496	German					flax	*fláxsą	79
973	v l oː	*fláuxz	v l oː - ( - )	vloː	vlo	267	Dutch					flea	*fláuxz	80
972	f l iː	*fláuxz	f l iː - ( - )	fliː	flea	267	English					flea	*fláuxz	80
2018	f l ē a h	*fláuxz	f l iː - ( - )	fliː	flēah	267	Old_English		Source: Wiktionary etymology (template:inh) | Source: Wiktionary etymology (template:inh)			flea	*fláuxz	80
971	f l oː	*fláuxz	f l oː - ( - )	floː	Floh	267	German					flea	*fláuxz	80
1228	v l iː d ə	*fléuxaną	v l iː d ə - ( - - )	vliːdə	vlieden	337	Dutch	IR				flee	*fléuxaną	81
1227	f l iː	*fléuxaną	f l iː - - - ( - - )	fliː	flee	337	English					flee	*fléuxaną	81
2019	f l ē o n	*fléuxaną	f l iː - - - ( - - )	fliː	flēon	337	Old_English		Source: Wiktionary etymology (template:inh) | Source: Wiktionary etymology (template:inh)			flee	*fléuxaną	81
1226	f l iː ə n	*fléuxaną	f l iː - ə n ( - - )	fliːən	fliehen	337	German					flee	*fléuxaną	81
1029	v l eː s	*fláiskiz	v l eː s - ( - - )	vleːs	vlees	282	Dutch					flesh	*fláiskiz	82
1028	f l ɛ ʃ	*fláiskiz	f l ɛ ʃ - ( - - )	flɛʃ	flesh	282	English					flesh	*fláiskiz	82
2020	f l ǣ s ċ	*fláiskiz	f l ɛ ʃ - ( - - )	flɛʃ	flǣsċ	282	Old_English		Source: Wiktionary etymology (template:inh) | Source: Wiktionary etymology (template:inh)			flesh	*fláiskiz	82
1027	f l ai ʃ	*fláiskiz	f l ai ʃ - ( - - )	flaiʃ	Fleisch	282	German					flesh	*fláiskiz	82
1412	v l uː t	*flōduz	v l uː t ( - - )	vluːt	vloed	386	Dutch					flood	*flōduz	83
1411	f l ʌ d	*flōduz	f l ʌ d ( - - )	flʌd	flood	386	English					flood	*flōduz	83
2021	f l ō d	*flōduz	f l ʌ d ( - - )	flʌd	flōd	386	Old_English		Source: Wiktionary etymology (template:inh) | Source: Wiktionary etymology (template:inh)			flood	*flōduz	83
1410	f l uː t	*flōduz	f l uː t ( - - )	fluːt	Flut	386	German					flood	*flōduz	83
1110	v l iː ɣ ə	*fléuganą	v l iː ɣ ə - ( - - )	vliːɣə	vliegen	304	Dutch					fly	*fléuganą	84
1109	f l aɪ	*fléuganą	f l aɪ - - - ( - - )	flaɪ	fly	304	English					fly	*fléuganą	84
2022	f l ē o g a n	*fléuganą	f l aɪ - - - ( - - )	flaɪ	flēogan	304	Old_English	R/T 10088: PGmc *fleugaṇ > OE flēogan; flȳġe is derived form				fly	*fléuganą	84
1108	f l iː ɡ ə n	*fléuganą	f l iː ɡ ə n ( - - )	fliːɡən	fliegen	304	German					fly	*fléuganą	84
1449	f əʊ l	*fulô	f əʊ l ( - - )	fəʊl	foal	396	English					foal	*fulô	337
2023	f o l a	*fúlô	f əʊ l ( - - )	fəʊl	fola	396	Old_English		Source: Wiktionary etymology (template:inh) | Source: Wiktionary etymology (template:inh)			foal	*fulô	337
1448	f oː l ə n	*fulô	f oː l ( ə n )	foːlən	Fohlen	396	German					foal	*fulô	337
888	v uː r	*fōdrą	v uː - - r ( - - )	vuːr	voer	244	Dutch					fodder	*fōdrą	85
887	f ɔ d ə	*fōdrą	f ɔ d ə r ( - - )	fɔdə	fodder	244	English					fodder	*fōdrą	85
2024	f ō d o r	*fōdrą	f ɔ d ə r ( - - )	fɔdə	fōdor	244	Old_English		Source: Wiktionary etymology (Wiktionary etymology bullet (fodder → Old English fōdor))			fodder	*fōdrą	85
886	f ʊ t ə r	*fōdrą	f ʊ t ə r ( - - )	fʊtər	Futter	244	German					fodder	*fōdrą	85
445	v ɑu ʋ	*fálθaną	v ɑu ʋ - ə - ( - - )	vɑuʋ	vouw	122	Dutch	NC				fold	*fálθaną	86
444	f əʊ l d	*fálθaną	f əʊ l d - - ( - - )	fəʊld	fold	122	English					fold	*fálθaną	86
2025	f e a l d a n	*fálθaną	f əʊ l d - - ( - - )	fəʊld	fealdan	122	Old_English		Source: Wiktionary etymology (template:inh) | Source: Wiktionary etymology (template:inh)			fold	*fálθaną	86
443	f a l t ə n	*fálθaną	f a l t ə n ( - - )	faltən	falten	122	German					fold	*fálθaną	86
779	v ɔ l k	*fúlką	v ɔ l k ( - - )	vɔlk	volk	213	Dutch					folk	*fúlką	87
778	f əʊ k	*fúlką	f əʊ - k ( - - )	fəʊk	folk	213	English					folk	*fúlką	87
2026	f o l c	*fúlką	f əʊ - k ( - - )	fəʊk	folc	213	Old_English		Source: Wiktionary etymology (template:inh) | Source: Wiktionary etymology (template:inh)			folk	*fúlką	87
777	f ɔ l k	*fúlką	f ɔ l k ( - - )	fɔlk	Volk	213	German					folk	*fúlką	87
1887	v ɔ l ɣ ə	*fulgēną	v ɔ l ɣ ə - ( - - )	vɔlɣə	volgen	517	Dutch					follow	*fulgēną	88
1886	f ɔ l əʊ	*fulgēną	f ɔ l əʊ - - ( - - )	fɔləʊ	follow	517	English					follow	*fulgēną	88
2027	f y l ġ a n	*fúlgijaną	f ɔ l əʊ - - ( - - )	fɔləʊ	fylġan	517	Old_English	"Kroonen s.v. *fulgēn-: ""OE fylg(e)an continue *fulgjan-""; R/T §2.3.1: ""class I weak OE fylgan"". WS folgian is Class II from *fulgēn-."				follow	*fúlgijaną	88
1885	f ɔ l ɡ ə n	*fulgēną	f ɔ l ɡ ə n ( - - )	fɔlɡən	folgen	517	German					follow	*fulgēną	88
1393	v ə r l iː z ə	*léusaną	( v ə r ) l iː z ə - ( - - )	vərliːzə	verliezen	381	Dutch					forlorn	*léusaną	89
1392	f ə l ɔː n	*léusaną	( f ə - ) l ɔː - - - ( n - )	fəlɔːn	forlorn	381	English					forlorn	*léusaną	89
2028	l ē o s a n	*léusaną	l ē o s a n ( - - )	leːosɑn	lēosan	381	Old_English	Du verliezen / G verlieren are also prefixed forms of this verb.	TSV fix: was forloren (prefixed past participle for-lēosan); changed to lēosan (bare infinitive matching proto *leusăną, Kroonen *leusan-).			forlorn	*léusaną	89
1391	f ɛ r l iː r ə n	*léusaną	( f ɛ r ) l iː r ə n ( - - )	fɛrliːrən	verlieren	381	German					forlorn	*léusaną	89
363	v iː r	*fedwōr	v iː ( - - - ) r ( - - )	viːr	vier	100	Dutch					four	*fedwōr	90
362	f ɔː	*fedwōr	f ɔː ( - - - ) r ( - - )	fɔː	four	100	English					four	*fedwōr	90
2029	f ē o w e r	*fédwōr	f ɔː ( - - - ) r ( - - )	ˈfeːo̯.wer	fēower	100	Old_English		Source: Wiktionary Old English Swadesh list (retrieved 2025-12-12) | Source: Wiktionary etymology (template:inh) | Source: Wiktionary etymology (template:inh)			four	*fedwōr	90
361	f iː r	*fedwōr	f iː ( - - - ) r ( - - )	fiːr	vier	100	German					four	*fedwōr	90
1834	v oː ɣ ə l	*fúglaz	v oː ɣ ə l ( - - )	voːɣəl	vogel	502	Dutch					fowl	*fúglaz	91
1833	f aʊ l	*fúglaz	f aʊ - - l ( - - )	faʊl	fowl	502	English					fowl	*fúglaz	91
2030	f u g o l	*fúglaz	f aʊ - - l ( - - )	faʊl	fugol	502	Old_English	DOCUMENTED EXCEPTION (per §17.10.34): Campbell §115 names fugol as exception to a-umlaut (regular outcome = **fogol, cf. OHG fogal). No lautgesetzlich PROTOFORM available: every paradigm cell with low *a/*ō triggers a-umlaut, every cell with high *i triggers i-umlaut; attested fugol is doubly irregular.				fowl	*fúglaz	91
1832	f oː ɡ ə l	*fúglaz	f oː ɡ ə l ( - - )	foːɡəl	Vogel	502	German					fowl	*fúglaz	91
342	v ɔ s	*fúxsaz	v ɔ - s ( - - )	vɔs	vos	94	Dutch					fox	*fúxsaz	92
341	f ɔ k s	*fúxsaz	f ɔ k s ( - - )	fɔks	fox	94	English					fox	*fúxsaz	92
2031	f o x	*fúxsaz	f ɔ k s ( - - )	fɔks	fox	94	Old_English		Source: Wiktionary etymology (template:inh) | Source: Wiktionary etymology (template:inh)			fox	*fúxsaz	92
340	f ʊ k s	*fúxsaz	f ʊ k s ( - - )	fʊks	Fuchs	94	German					fox	*fúxsaz	92
926	v r iː z ə	*fréusaną	v r iː z ə - ( - - )	vriːzə	vriezen	254	Dutch					freeze	*fréusaną	93
925	f r iː z	*fréusaną	f r iː z - - ( - - )	friːz	freeze	254	English					freeze	*fréusaną	93
2032	f r ē o s a n	*fréusaną	f r iː z - - ( - - )	friːz	frēosan	254	Old_English		Source: Wiktionary etymology (template:inh) | Source: Wiktionary etymology (template:inh)			freeze	*fréusaną	93
924	f r iː r ə n	*fréusaną	f r iː r ə n ( - - )	friːrən	frieren	254	German					freeze	*fréusaną	93
1692	v r iː n t	*frijōndz	v r iː ( - - ) n t ( - )	vriːnt	vriend	463	Dutch					friend	*frijōndz	94
1691	f r ɛ n d	*frijōndz	f r ɛ ( - - ) n d ( - )	frɛnd	friend	463	English					friend	*frijōndz	94
2033	f r ē o n d	*fríjōndz	f r ɛ ( - - ) n d ( - )	frɛnd	frēond	463	Old_English		Source: Wiktionary etymology (template:inh) | Source: Wiktionary etymology (template:inh)			friend	*frijōndz	94
1690	f r ɔy n t	*frijōndz	f r ɔy ( - - ) n d ( - )	frɔynt	Freund	463	German					friend	*frijōndz	94
1482	f r aɪ t	*furxtiθō	f - r aɪ - t ( - - - )	fraɪt	fright	406	English	TSV fix: proto *furxtīn → *furxtiθō (PGmc *iθō-abstract from adj. *furhta-; R/T line 21553)				fright	*furxtiθō	338
2034	f y r h t u	*fúrxtiθō	f y r h t u	fyrxtu	fyrhtu	406	Old_English	PGmc *furhtiθō (*iθō-abstract, R/T §6.8) → fyrhtu by i-umlaut + medial syncope + dental assimilation + ō-shortening. Non-metathesized form (Campbell §459: r-metathesis is sporadic).	TSV fix: proto *furxtīn → *furxtiθō, target fryhtu → fyrhtu. | See docs/analysis/fryhtu_investigation.md			fright	*furxtiθō	338
1481	f ʊ r x t	*furxtiθō	f ʊ r - x t ( - - - )	fʊrxt	Furcht	406	German	TSV fix: proto *furxtīn → *furxtiθō (PGmc *iθō-abstract; OHG forhta < ō-stem *furhtō- but proto unified to *furhtiθō for cognate set)				fright	*furxtiθō	338
456	v ɔ r s t	*frústą	v - ɔ r s t ( - - )	vɔrst	vorst	125	Dutch					frost	*frústą	95
455	f r ɔ s t	*frústą	f r ɔ - s t ( - - )	frɔst	frost	125	English					frost	*frústą	95
2035	f o r s t	*frústą	f r ɔ - s t ( - - )	frɔst	forst	125	Old_English		Source: Wiktionary etymology (template:inh) | Source: Wiktionary etymology (template:inh)			frost	*frústą	95
454	f r ɔ s t	*frústą	f r ɔ - s t ( - - )	frɔst	Frost	125	German					frost	*frústą	95
956	v oː r	*fúrx	v oː r ( - - )	voːr	voor	262	Dutch					furrow	*fúrx	96
955	f ʌ r əʊ	*fúrx	f ʌ r ( əʊ - )	fʌrəʊ	furrow	262	English					furrow	*fúrx	96
2036	f u r h	*fúrx	f ʌ r ( əʊ - )	fʌrəʊ	furh	262	Old_English		Source: Wiktionary etymology (template:inh) | Source: Wiktionary etymology (template:inh)			furrow	*fúrx	96
954	f ʊ r x ə	*fúrx	f ʊ r ( x ə )	fʊrxə	Furche	262	German					furrow	*fúrx	96
748	x ɑ l	*gállą	x ɑ l - ( - )	xɑl	gal	205	Dutch					gall	*gállą	97
747	ɡ ɔː l	*gállą	ɡ ɔː l - ( - )	ɡɔːl	gall	205	English					gall	*gállą	97
2037	ġ e a l l a	*gállô	ɡ ɔː l - ( - )	ɡɔːl	ġealla	205	Old_English		Proto corrected: weak masc. n-stem *gallô (Kroonen 2013 s.v. *gallōn-, nom.sg. *gallô). OE ġealla is weak masc. TSV had *gallą (strong neut.); cognate set 205 includes German Galle (fem.) — different declension class.			gall	*gallô	97
746	ɡ a l ə	*gállą	ɡ a l ə ( - )	ɡalə	Galle	205	German					gall	*gállą	97
201	x ɑ ŋ	*gángaz	x ɑ ŋ - ( - - )	xɑŋ	gang	56	Dutch					gang	*gángaz	98
200	ɡ æ ŋ	*gángaz	ɡ æ ŋ - ( - - )	ɡæŋ	gang	56	English					gang	*gángaz	98
2038	g a n g	*gángaz	ɡ æ ŋ - ( - - )	ɡæŋ	gang	56	Old_English	PGmc *gangaz is a-stem noun > OE gang; cf. Dutch gang, German Gang				gang	*gángaz	98
199	ɡ a ŋ	*gángaz	ɡ a ŋ - ( - - )	ɡaŋ	Gang	56	German					gang	*gángaz	98
18	ɡ əʊ s t	*gáistaz	ɡ əʊ s t ( - - )	ɡəʊst	ghost	5	English					ghost	*gáistaz	339
2039	g ā s t	*gáistaz	ɡ əʊ s t ( - - )	ɡəʊst	gāst	5	Old_English		Source: Wiktionary etymology (template:inh) | Source: Wiktionary etymology (template:inh)			ghost	*gáistaz	339
17	ɡ ai s t	*gáistaz	ɡ ai s t ( - - )	ɡaist	Geist	5	German					ghost	*gáistaz	339
621	x ɪ f t	*géftiz	x ɪ f t ( - - )	xɪft	gift	171	Dutch					gift	*géftiz	99
620	ɡ ɪ f t	*géftiz	ɡ ɪ f t ( - - )	ɡɪft	gift	171	English					gift	*géftiz	99
2040	ġ i f t	*géftiz	ɡ ɪ f t ( - - )	ɡɪft	ġift	171	Old_English		Source: Wiktionary etymology (template:inh) | Source: Wiktionary etymology (template:inh)			gift	*géftiz	99
619	ɡ ɪ f t	*géftiz	ɡ ɪ f t ( - - )	ɡɪft	Gift	171	German					gift	*géftiz	99
752	x eː v ə	*gébaną	x eː v ə - ( - - )	xeːvə	geven	206	Dutch					give	*gébaną	100
751	ɡ ɪ v	*gébaną	ɡ ɪ v - - ( - - )	ɡɪv	give	206	English					give	*gébaną	100
2041	ġ i e f a n	*gébaną	ɡ ɪ v - - ( - - )	ɡɪv	ġiefan	206	Old_English	WS palatalized initial (R/T §6.4.1 rule 1: g before front vowel)	TSV: giefan → ġiefan;			give	*gébaną	100
750	ɡ eː b ə n	*gébaną	ɡ eː b ə n ( - - )	ɡeːbən	geben	206	German					give	*gébaną	100
1876	x ɔ t	*gúdą	x ɔ t	xɔt	god	514	Dutch					god	*gúdą	101
1875	ɡ ɔ d	*gúdą	ɡ ɔ d	ɡɔd	god	514	English					god	*gúdą	101
2042	g o d	*gúdą	ɡ ɔ d	ɡɔd	god	514	Old_English		Source: Wiktionary etymology (template:inh) | Source: Wiktionary etymology (template:inh)			god	*gúdą	101
1874	ɡ ɔ t	*gúdą	ɡ ɔ t	ɡɔt	Gott	514	German					god	*gúdą	101
1089	x ɑu t	*gúlθą	x ɑu - t ( - - )	xɑut	goud	298	Dutch					gold	*gúlθą	102
1088	ɡ əʊ l d	*gúlθą	ɡ əʊ l d ( - - )	ɡəʊld	gold	298	English					gold	*gúlθą	102
2043	g o l d	*gúlθą	ɡ əʊ l d ( - - )	ɡəʊld	gold	298	Old_English	R/T §5.1.3 p.171: *gulθa-/*gulda- may reflect Verner's alternation or regular PWGmc *lθ→*ld; either gives OE gold				gold	*gúlθą	102
1087	ɡ ɔ l t	*gúlθą	ɡ ɔ l d ( - - )	ɡɔlt	Gold	298	German					gold	*gúlθą	102
1294	x ɑ n s	*gánsz	x ɑ n s ( - )	xɑns	gans	355	Dutch					goose	*gánsz	103
1293	ɡ uː s	*gánsz	ɡ uː - s ( - )	ɡuːs	goose	355	English					goose	*gánsz	103
2044	g ō s	*gánsz	ɡ uː - s ( - )	ɡuːs	gōs	355	Old_English		Source: Wiktionary etymology (template:inh) | Source: Wiktionary etymology (template:inh)			goose	*gánsz	103
1292	ɡ a n s	*gánsz	ɡ a n s ( - )	ɡans	Gans	355	German					goose	*gánsz	103
791	x r ɑ s	*grásą	x r ɑ s ( - - )	xrɑs	gras	216	Dutch					grass	*grásą	104
790	ɡ r ɑː s	*grásą	ɡ r ɑː s ( - - )	ɡrɑːs	grass	216	English					grass	*grásą	104
2045	g r æ s	*grásą	ɡ r ɑː s ( - - )	ɣærˠs	græs	216	Old_English		Source: Wiktionary Old English Swadesh list (retrieved 2025-12-12) | Source: Wiktionary etymology (template:inh) | Source: Wiktionary etymology (template:inh)			grass	*grásą	104
789	ɡ r aː s	*grásą	ɡ r aː s ( - - )	ɡraːs	Gras	216	German					grass	*grásą	104
134	x r aː v ə	*grábaną	x r aː v ə - ( - - )	xraːvə	graven	37	Dutch					grave	*grábaną	105
133	ɡ r ɑː v	*grábaną	ɡ r ɑː v - - ( - - )	ɡrɑːv	grave	37	English					grave	*grábaną	105
2046	g r a f a n	*grábaną	ɡ r ɑː v - - ( - - )	ɡrɑːv	grafan	37	Old_English	OE target: græf→græfan (inf. of str.v. class VI 'to dig, grave') | OE target: grafan (not græfan); Hogg §5.3.1, Hall s.v. grafan. Proto encoding: -aną for A-restoration; R/T §6.3.1				grave	*grábaną	105
132	ɡ r aː b ə n	*grábaną	ɡ r aː b ə n ( - - )	ɡraːbən	graben	37	German					grave	*grábaną	105
243	x r ɛɪ p ə	*grīpaną	x r ɛɪ p ə - ( - - )	xrɛɪpə	grijpen	67	Dutch					gripe	*grīpaną	106
242	ɡ r aɪ p	*grīpaną	ɡ r aɪ p - - ( - - )	ɡraɪp	gripe	67	English					gripe	*grīpaną	106
2047	g r ī p a n	*grīpaną	ɡ r aɪ p - - ( - - )	ɡraɪp	grīpan	67	Old_English		Source: Wiktionary etymology (template:inh) | Source: Wiktionary etymology (template:inh)			gripe	*grīpaną	106
241	ɡ r ai f ə n	*grīpaną	ɡ r ai f ə n ( - - )	ɡraifən	greifen	67	German					gripe	*grīpaną	106
100	x r ɔ n t	*grúnduz	x r ɔ n t ( - - )	xrɔnt	grond	28	Dutch					ground	*grúnduz	107
99	ɡ r aʊ n d	*grúnduz	ɡ r aʊ n d ( - - )	ɡraʊnd	ground	28	English					ground	*grúnduz	107
2048	g r u n d	*grúnduz	ɡ r aʊ n d ( - - )	ɡraʊnd	grund	28	Old_English		Source: Wiktionary etymology (template:inh) | Source: Wiktionary etymology (template:inh)			ground	*grúnduz	107
98	ɡ r ʊ n t	*grúnduz	ɡ r ʊ n d ( - - )	ɡrʊnt	Grund	28	German					ground	*grúnduz	107
1616	x ɑ s t	*gástiz	x ɑ s t ( - - )	xɑst	gast	443	Dutch					guest	*gástiz	108
1615	ɡ ɛ s t	*gástiz	ɡ ɛ s t ( - - )	ɡɛst	guest	443	English					guest	*gástiz	108
2049	ġ i e s t	*gástiz	ɡ ɛ s t ( - - )	ɡɛst	ġiest	443	Old_English	R/T vol.2 3857: PGmc *gastiz > WS OE giest				guest	*gástiz	108
1614	ɡ a s t	*gástiz	ɡ a s t ( - - )	ɡast	Gast	443	German					guest	*gástiz	108
1005	h aː ɣ ə l	*xáglą	h aː ɣ ə l ( - - )	haːɣəl	hagel	275	Dutch					hail	*xáglą	109
1004	h eɪ l	*xáglą	h eɪ - - l ( - - )	heɪl	hail	275	English					hail	*xáglą	109
2050	h æ ġ l	*xáglą	h eɪ - - l ( - - )	heɪl	hæġl	275	Old_English		Source: Wiktionary etymology (template:inh) | Source: Wiktionary etymology (template:inh)			hail	*xáglą	109
1003	h aː ɡ ə l	*xáglą	h aː ɡ ə l ( - - )	haːɡəl	Hagel	275	German					hail	*xáglą	109
1344	h aː r	*xázwaz	h aː r ( - - - )	haːr	haar	368	Dutch					hair	*xázwaz	110
1343	h ɛə	*xázwaz	h ɛə r ( - - - )	hɛə	hair	368	English					hair	*xázwaz	110
2051	h ǣ r	*xērą	h ɛə r ( - - - )	hæːr	hǣr	368	Old_English	Wiktionary: PGmc *hērą > OE hǣr; *xazwăz 'grey' is wrong lexeme				hair	*xērą	110
1342	h aː r	*xázwaz	h aː r ( - - - )	haːr	Haar	368	German					hair	*xázwaz	110
1783	h ɑ l	*xallō	h ɑ l -	hɑl	hal	488	Dutch					hall	*xallō	111
1782	h ɔː l	*xallō	h ɔː l -	hɔːl	hall	488	English					hall	*xallō	111
2052	h e a l l	*xállō	h ɔː l -	hɔːl	heall	488	Old_English		Source: Wiktionary etymology (template:inh) | Source: Wiktionary etymology (template:inh)			hall	*xallō	111
1781	h a l ə	*xallō	h a l ə	halə	Halle	488	German					hall	*xallō	111
438	h aː m ə r	*xámaraz	h aː m ə r ( - - )	haːmər	hamer	120	Dutch					hammer	*xámaraz	112
437	h æ m ə	*xámaraz	h æ m ə r ( - - )	hæmə	hammer	120	English					hammer	*xámaraz	112
2053	h a m e r e s	*xámaras	h æ m ə r ( - - )	hæmər	hameres	120	Old_English	Note: using gen.sg. *xamaras (> hameres). Both hamor and hamer attested; hameres is the regular reflex via a-fronting (R/T §5.1.2, §6.9.6). hamores has unexplained -o- in unstressed syllable (R/T §3.1.5).	Source: Wiktionary etymology (template:inh) | Source: Wiktionary etymology (template:inh)	 | Note: using gen.sg. *xamaras (> hameres)		hammer	*xámara	112
436	h a m ə r	*xámaraz	h a m ə r ( - - )	hamər	Hammer	120	German					hammer	*xámaraz	112
394	h ɑ n t	*xánduz	h ɑ n t ( - - )	hɑnt	hand	108	Dutch					hand	*xánduz	113
393	h æ n d	*xánduz	h æ n d ( - - )	hænd	hand	108	English					hand	*xánduz	113
2054	h a n d	*xánduz	h æ n d ( - - )	hɒnd	hand	108	Old_English		Source: Wiktionary Old English Swadesh list (retrieved 2025-12-12) | Source: Wiktionary etymology (template:inh) | Source: Wiktionary etymology (template:inh)			hand	*xánduz	113
392	h a n t	*xánduz	h a n d ( - - )	hant	Hand	108	German					hand	*xánduz	113
532	h ɑ n d ə l ə	*xandlōjaną	h ɑ n d ə l ( ə - - - - - )	hɑndələ	handelen	145	Dutch					handle	*xandlōjaną	114
531	h æ n d ə l	*xandlōjaną	h æ n d ə l ( - - - - - - )	hændḷ	handle	145	English					handle	*xandlōjaną	114
2055	h a n d l i a n	*xándlōjaną	h a n d l i a n ( - - - - - )	hɑndliɑn	handlian	145	Old_English	Du handelen / G handeln are the verb.	TSV fix: was handle (noun f.); changed to handlian (verb 'to handle' < *handulōną, Kroonen/Wiktionary).			handle	*xandlōjaną	114
530	h a n d ə l n	*xandlōjaną	h a n d ə l ( - n - - - - )	handəln	handeln	145	German					handle	*xandlōjaną	114
452	h ɑː m	*xármaz	h ɑː - m ( - - )	hɑːm	harm	124	English					harm	*xármaz	340
2056	h e a r m	*xármaz	h ɑː - m ( - - )	hɑːm	hearm	124	Old_English		Source: Wiktionary etymology (template:inh) | Source: Wiktionary etymology (template:inh)			harm	*xármaz	340
451	h a r m	*xármaz	h a r m ( - - )	harm	Harm	124	German					harm	*xármaz	340
1531	h ɛ r f s t	*xárbistuz	h ɛ r f - s t ( - - )	hɛrfst	herfst	419	Dutch					harvest	*xárbistuz	115
1530	h ɑː v ɪ s t	*xárbistuz	h ɑː - v ɪ s t ( - - )	hɑːvɪst	harvest	419	English					harvest	*xárbistuz	115
2057	h ie r f e s t	*xárbistuz	h ɑː - v ɪ s t ( - - )	hɑːvɪst	hierfest	419	Old_English	R/T 14594-14603: hærfest is Anglian loan (Bammesberger 1997); WS hierfest attested (Toller); regular PGmc *harbistuz > WS hierfest via AFB+breaking+i-umlaut				harvest	*xárbistuz	115
1529	h ɛ r p s t	*xárbistuz	h ɛ r p - s t ( - - )	hɛrpst	Herbst	419	German					harvest	*xárbistuz	115
1337	h ɛ b ə	*xabēną	h ɛ b ə - ( - - )	hɛbə	hebben	366	Dutch					have	*xabēną	116
1336	h æ v	*xabēną	h æ v - - ( - - )	hæv	have	366	English					have	*xabēną	116
2058	h æ f e þ	*xábēθi	h æ v - - ( - - )	hæv	hæfeþ	366	Old_English	3sg pres. indic. (lautgesetzlich); inf. habban is analogical (umlaut leveled, Fulk §12.47)				have	*xabēną	116
1335	h aː b ə n	*xabēną	h aː b ə n ( - - )	haːbən	haben	366	German					have	*xabēną	116
756	h aː x	*xagô	h aː x ( - - )	haːx	haag	207	Dutch					haw	*xagô	117
755	h ɔː	*xagô	h ɔː - ( - - )	hɔː	haw	207	English					haw	*xagô	117
2059	h a g a	*xágô	h ɔː - ( - - )	hɔː	haga	207	Old_English		Source: Wiktionary etymology (template:inh) | Source: Wiktionary etymology (template:inh)			haw	*xagô	117
754	h aː k	*xagô	h aː k ( - - )	haːk	Hag	207	German					haw	*xagô	117
1797	h aː v ɪ k	*xábukaz	h aː v ɪ k ( - - )	haːvɪk	havik	492	Dutch					hawk	*xábukaz	118
1796	h ɔː k	*xábukaz	h ɔː - - k ( - - )	hɔːk	hawk	492	English					hawk	*xábukaz	118
2060	h a f o c	*xábukaz	h ɔː - - k ( - - )	hɔːk	hafoc	492	Old_English		Source: Wiktionary etymology (template:inh) | Source: Wiktionary etymology (template:inh)			hawk	*xábukaz	118
1795	h aː b ɪ x t	*xábukaz	h aː b ɪ x ( - t )	haːbɪxt	Habicht	492	German					hawk	*xábukaz	118
811	h oː j	*xáwwją	h oː - ( j - - )	hoːj	hooi	222	Dutch					hay	*xáwwją	119
810	h eɪ	*xáwwją	h eɪ - ( - - - )	heɪ	hay	222	English					hay	*xáwwją	119
2061	h ī e ġ	*xáwwją	h eɪ - ( - - - )	heɪ	hīeġ	222	Old_English		Source: Wiktionary etymology (template:inh) | Source: Wiktionary etymology (template:inh)			hay	*xáwwją	119
809	h ɔy	*xáwwją	h ɔy - ( - - - )	hɔy	Heu	222	German					hay	*xáwwją	119
491	h aː z ə l aː r	*xáslaz	h aː z ə l ( aː r )	haːzəlaːr	hazelaar	134	Dutch					hazel	*xáslaz	120
490	h eɪ z ə l	*xáslaz	h eɪ z ə l ( - - )	heɪzḷ	hazel	134	English					hazel	*xáslaz	120
2062	h æ s l	*xáslaz	h eɪ z ə l ( - - )	heɪzḷ	hæsl	134	Old_English		Source: Wiktionary etymology (template:inh) | Source: Wiktionary etymology (template:inh)			hazel	*xáslaz	120
489	h aː z ə l	*xáslaz	h aː z ə l ( - - )	haːzəl	Hasel	134	German					hazel	*xáslaz	120
254	h oː f t	*xáubudą	h oː f ( - ) t ( - - )	hoːft	hoofd	70	Dutch					head	*xáubudą	121
253	h ɛ d	*xáubudą	h ɛ - ( - ) d ( - - )	hɛd	head	70	English					head	*xáubudą	121
2063	h ē a f o d	*xáubudą	h ɛ - ( - ) d ( - - )	ˈhæːɑ̯vod	hēafod	70	Old_English		Source: Wiktionary Old English Swadesh list (retrieved 2025-12-12) | Source: Wiktionary etymology (template:inh) | Source: Wiktionary etymology (template:inh)			head	*xáubudą	121
252	h au p t	*xáubudą	h au p ( - ) t ( - - )	haupt	Haupt	70	German					head	*xáubudą	121
189	h eː l ə	*xáilijaną	h eː l - ə - ( - - )	heːlə	helen	53	Dutch					heal	*xáilijaną	122
188	h iː l	*xáilijaną	h iː l - - - ( - - )	hiːl	heal	53	English					heal	*xáilijaną	122
2064	h ǣ l a n	*xáilijaną	h iː l - - - ( - - )	hiːl	hǣlan	53	Old_English		Source: Wiktionary etymology (template:inh) | Source: Wiktionary etymology (template:inh)			heal	*xáilijaną	122
187	h ai l ə n	*xáilijaną	h ai l - ə n ( - - )	hailən	heilen	53	German					heal	*xáilijaną	122
114	h ɑ r t	*xertōn	h ɑ r t ( - - )	hɑrt	hart	32	Dutch					heart	*xertōn	123
113	h ɑː t	*xertōn	h ɑː - t ( - - )	hɑːt	heart	32	English					heart	*xertōn	123
2065	h e o r t e	*xértōn	h ɑː - t ( - - )	ˈheo̯rˠte	heorte	32	Old_English		Source: Wiktionary Old English Swadesh list (retrieved 2025-12-12) | Source: Wiktionary etymology (template:inh) | Source: Wiktionary etymology (template:inh)			heart	*xertōn	123
112	h ɛ r ts	*xertōn	h ɛ r ts ( - - )	hɛrt͡s	Herz	32	German					heart	*xertōn	123
1512	h aː r t	*xérθaz	h aː r t ( - - )	haːrt	haard	414	Dutch					hearth	*xérθaz	124
1511	h ɑː θ	*xérθaz	h ɑː - θ ( - - )	hɑːθ	hearth	414	English					hearth	*xérθaz	124
2066	h e o r þ	*xérθaz	h ɑː - θ ( - - )	hɑːθ	heorþ	414	Old_English		Source: Wiktionary etymology (template:inh) | Source: Wiktionary etymology (template:inh)			hearth	*xérθaz	124
1510	h eː r t	*xérθaz	h eː r d ( - - )	heːrt	Herd	414	German					hearth	*xérθaz	124
567	h iː θ	*xáiθiz	h iː θ - ( - )	hiːθ	heath	155	English					heath	*xáiθiz	341
2067	h ǣ þ	*xáiθiz	h iː θ - ( - )	hiːθ	hǣþ	155	Old_English		Source: Wiktionary etymology (template:inh) | Source: Wiktionary etymology (template:inh)			heath	*xáiθiz	341
566	h ai d ə	*xáiθiz	h ai d ə ( - )	haidə	Heide	155	German					heath	*xáiθiz	341
1074	h eː m ə l	*xémenaz	h eː m ə ( l - - )	heːməl	hemel	294	Dutch					heaven	*xémenaz	125
1073	h ɛ v ə n	*xémenaz	h ɛ v ə ( n - - )	hɛvṇ	heaven	294	English					heaven	*xémenaz	125
2068	h e o f o n	*xémonų	h ɛ v ə ( n - - )	hɛvṇ	heofon	294	Old_English	PGmc mn-stem acc.sg. *xemonų (Kroonen p.220, Fulk §6.14). Derives via: o-raising (*o→*u before *ų), mn-dissimilation (*m→*β), back umlaut (*e→*eo), trisyllabic apocope (*ų→Ø).				heaven	*xémenaz	125
1072	h ɪ m ə l	*xémenaz	h ɪ m ə ( l - - )	hɪməl	Himmel	294	German					heaven	*xémenaz	125
386	h ɛ x	*xágjaz	h ɛ x - ( - - )	hɛx	heg	106	Dutch					hedge	*xágjaz	126
385	h ɛ ʤ	*xágjaz	h ɛ ʤ - ( - - )	hɛʤ	hedge	106	English					hedge	*xágjaz	126
2069	h e ġ ġ	*xágjaz	h ɛ ʤ - ( - - )	hɛʤ	heġġ	106	Old_English	Note: heċġ is the more standard spelling; using heġġ here	Source: Wiktionary etymology (template:inh) | Source: Wiktionary etymology (template:inh)			hedge	*xágjaz	126
384	h ɛ k ə	*xágjaz	h ɛ k - ( ə - )	hɛkə	Hecke	106	German					hedge	*xágjaz	126
633	h ɛ l m	*xélmaz	h ɛ l m ( - - )	hɛlm	helm	174	Dutch					helm	*xélmaz	127
632	h ɛ l m	*xélmaz	h ɛ l m ( - - )	hɛlm	helm	174	English					helm	*xélmaz	127
2070	h e l m	*xélmaz	h ɛ l m ( - - )	hɛlm	helm	174	Old_English	Kroonen *helma- m. 'helmet' → OE helm m.; helma is not nom.sg.				helm	*xélmaz	127
631	h ɛ l m	*xélmaz	h ɛ l m ( - - )	hɛlm	Helm	174	German					helm	*xélmaz	127
1446	h ɛ l p ə	*xélpaną	h ɛ l p ə - ( - - )	hɛlpə	helpen	395	Dutch					help	*xélpaną	128
479	h ʉ l p	*xelpō	h ʉ l p -	hʉlp	hulp	131	Dutch					help	*xelpō	128
1445	h ɛ l p	*xélpaną	h ɛ l p - - ( - - )	hɛlp	help	395	English					help	*xélpaną	128
2071	h e l p a n	*xélpaną	h ɛ l p - - ( - - )	hɛlp	helpan	395	Old_English	OE target: help→helpan (inf. of str.v. class III; noun 'help' is in *xelpō row)				help	*xélpaną	128
478	h ɛ l p	*xelpō	h ɛ l p -	hɛlp	help	131	English					help	*xelpō	128
2072	h e l p	*xélpō	h ɛ l p -	hɛlp	help	131	Old_English		Source: Wiktionary etymology (template:inh) | Source: Wiktionary etymology (template:inh)			help	*xelpō	128
1444	h ɛ l f ə n	*xélpaną	h ɛ l f ə n ( - - )	hɛlfən	helfen	395	German					help	*xélpaną	128
477	h ɪ l f ə	*xelpō	h ɪ l f ə	hɪlfə	Hilfe	131	German					help	*xelpō	128
345	h ɜː d	*xerdō	h ɜː - d ( - )	hɜːd	herd	95	English					herd	*xerdō	342
2073	h e o r d	*xérdō	h ɜː - d ( - )	hɜːd	heord	95	Old_English		TSV fix: was 'hierd' (herdsman) but *xerdō 'herd' (noun) > heord (R/T p.182); hierde 'herdsman' < *hirdijaz (R/T p.248)			herd	*xerdō	342
344	h eː r d ə	*xerdō	h eː r t ( ə )	heːrdə	Herde	95	German	BOR				herd	*xerdō	342
93	h ɑu ʋ ə	*xáwwaną	h - ɑu ʋ ə - ( - - )	hɑuʋə	houwen	26	Dutch					hew	*xáwwaną	129
92	h j uː	*xáwwaną	h j uː - - - ( - - )	hjuː	hew	26	English					hew	*xáwwaną	129
2074	h ē a w a n	*xáwwaną	h j uː - - - ( - - )	hjuː	hēawan	26	Old_English		Source: Wiktionary etymology (template:inh) | Source: Wiktionary etymology (template:inh)			hew	*xáwwaną	129
91	h au ə n	*xáwwaną	h - au - ə n ( - - )	hauən	hauen	26	German					hew	*xáwwaną	129
487	h ɪ n d ə	*xendjō	h ɪ n d - ə	hɪndə	hinde	133	Dutch					hind	*xendjō	130
486	h aɪ n d	*xendjō	h aɪ n d - -	haɪnd	hind	133	English					hind	*xendjō	130
2075	h i n d	*xéndjō	h aɪ n d - -	haɪnd	hind	133	Old_English	Kroonen *hindō- f. 'hind (deer)' → OE hind f.; hindan 'from behind' is wrong lexeme				hind	*xendjō	130
485	h ɪ n d ə	*xendjō	h ɪ n d - ə	hɪndə	Hinde	133	German					hind	*xendjō	130
597	h ɔː d	*xúzdą	h ɔː - d ( - - )	hɔːd	hoard	164	English					hoard	*xúzdą	343
2076	h o r d	*xúzdą	h ɔː - d ( - - )	hɔːd	hord	164	Old_English		Source: Wiktionary etymology (template:inh) | Source: Wiktionary etymology (template:inh)			hoard	*xúzdą	343
596	h ɔ r t	*xúzdą	h ɔ r t ( - - )	hɔrt	Hort	164	German					hoard	*xúzdą	343
1251	h ɑu d ə	*xáldaną	h ɑu - d ə - ( - - )	hɑudə	houden	343	Dutch					hold	*xáldaną	131
1250	h əʊ l d	*xáldaną	h əʊ l d - - ( - - )	həʊld	hold	343	English					hold	*xáldaną	131
2077	h e a l d a n	*xáldaną	h əʊ l d - - ( - - )	həʊld	healdan	343	Old_English	R/T vol.2 10729: PGmc *haldaną > WS OE healdan (with breaking)				hold	*xáldaną	131
1249	h a l t ə n	*xáldaną	h a l t ə n ( - - )	haltən	halten	343	German					hold	*xáldaną	131
12	h eː m	*xáimaz	h eː m ( - - )	heːm	heem	532	Dutch					home	*xáimaz	132
11	h əʊ m	*xáimaz	h əʊ m ( - - )	həʊm	home	532	English					home	*xáimaz	132
2078	h ā m	*xáimaz	h əʊ m ( - - )	həʊm	hām	532	Old_English		Source: Wiktionary etymology (template:inh) | Source: Wiktionary etymology (template:inh)			home	*xáimaz	132
10	h ai m	*xáimaz	h ai m ( - - )	haim	Heim	532	German					home	*xáimaz	132
375	h oː n ɪ ŋ	*xúnagą	h oː n ɪ - ( - ŋ )	hoːnɪŋ	honing	103	Dutch					honey	*xúnagą	133
374	h ʌ n ɪ	*xúnagą	h ʌ n ɪ - ( - - )	hʌnɪ	honey	103	English					honey	*xúnagą	133
2079	h u n i ġ	*xúnagą	h ʌ n ɪ - ( - - )	hʌnɪ	huniġ	103	Old_English		Source: Wiktionary etymology (template:inh) | Source: Wiktionary etymology (template:inh)			honey	*xúnagą	133
373	h oː n ɪ x	*xúnagą	h oː n ɪ x ( - - )	hoːnɪx	Honig	103	German					honey	*xúnagą	133
153	h ʊ d	*xōdaz	h ʊ d ( - - )	hʊd	hood	43	English					hood	*xōdaz	344
2080	h ō d	*xōdaz	h ʊ d ( - - )	hʊd	hōd	43	Old_English		Source: Wiktionary etymology (template:inh) | Source: Wiktionary etymology (template:inh)			hood	*xōdaz	344
152	h uː t	*xōdaz	h uː t ( - - )	huːt	Hut	43	German					hood	*xōdaz	344
1891	h uː f	*xōfaz	h uː f ( - - )	huːf	hoef	518	Dutch					hoof	*xōfaz	134
1890	h uː f	*xōfaz	h uː f ( - - )	huːf	hoof	518	English					hoof	*xōfaz	134
2081	h ō f	*xōfaz	h uː f ( - - )	huːf	hōf	518	Old_English		Source: Wiktionary etymology (template:inh) | Source: Wiktionary etymology (template:inh)			hoof	*xōfaz	134
1889	h uː f	*xōfaz	h uː f ( - - )	huːf	Huf	518	German					hoof	*xōfaz	134
625	h oː r n	*xúrną	h oː r n ( - - )	hoːrn	hoorn	172	Dutch					horn	*xúrną	135
624	h ɔː n	*xúrną	h ɔː - n ( - - )	hɔːn	horn	172	English					horn	*xúrną	135
2082	h o r n	*xúrną	h ɔː - n ( - - )	horˠn	horn	172	Old_English	Proto: oblique *xurnăn→*xurną (n. a-stem nom.sg.; Kroonen)				horn	*xúrną	135
623	h ɔ r n	*xúrną	h ɔ r n ( - - )	hɔrn	Horn	172	German					horn	*xúrną	135
338	h ɔ n t	*xúndaz	h ɔ n t ( - - )	hɔnt	hond	93	Dutch					hound	*xúndaz	136
337	h aʊ n d	*xúndaz	h aʊ n d ( - - )	haʊnd	hound	93	English					hound	*xúndaz	136
2083	h u n d	*xúndaz	h aʊ n d ( - - )	haʊnd	hund	93	Old_English		Source: Wiktionary etymology (template:inh) | Source: Wiktionary etymology (template:inh)			hound	*xúndaz	136
336	h ʊ n t	*xúndaz	h ʊ n d ( - - )	hʊnt	Hund	93	German					hound	*xúndaz	136
1838	k n eː d ə	*knédaną	k n eː d ə - ( - - )	kneːdə	kneden	503	Dutch					knead	*knédaną	137
1837	n iː d	*knédaną	- n iː d - - ( - - )	niːd	knead	503	English					knead	*knédaną	137
2084	c n e d a n	*knédaną	- n iː d - - ( - - )	niːd	cnedan	503	Old_English		Source: Wiktionary etymology (template:inh) | Source: Wiktionary etymology (template:inh)			knead	*knédaną	137
1836	k n eː t ə n	*knédaną	k n eː t ə n ( - - )	kneːtən	kneten	503	German					knead	*knédaną	137
908	k n iː	*knéwą	k n iː ( - - - )	kniː	knie	249	Dutch					knee	*knéwą	138
907	n iː	*knéwą	- n iː ( - - - )	niː	knee	249	English					knee	*knéwą	138
2085	c n ē o w	*knéwą	- n iː ( - - - )	kneːo̯w	cnēow	249	Old_English		Source: Wiktionary Old English Swadesh list (retrieved 2025-12-12) | Source: Wiktionary etymology (template:inh) | Source: Wiktionary etymology (template:inh)			knee	*knéwą	138
906	k n iː	*knéwą	k n iː ( - - - )	kniː	Knie	249	German					knee	*knéwą	138
771	k n ɛ x t	*kníxtaz	k n ɛ x - t	knɛxt	knecht	211	Dutch					knight	*kníxtaz	139
770	n aɪ t	*kníxtaz	- n aɪ - - t	naɪt	knight	211	English					knight	*kníxtaz	139
2086	c n i h t	*knéxtaz	- n aɪ - - t	naɪt	cniht	211	Old_English	Proto corrected to *knextăz per R/T vol.2 p.127, Orel p.220, Kluge-Seebold	Source: Wiktionary etymology (template:inh)			knight	*knéxtaz	139
769	k n ɛ x t	*kníxtaz	k n ɛ x - t	knɛxt	Knecht	211	German					knight	*kníxtaz	139
539	k n oː p	*knúppaz	k n oː p ( - - )	knoːp	knoop	147	Dutch					knob	*knúppaz	140
538	n ɔ b	*knúppaz	- n ɔ b ( - - )	nɔb	knob	147	English					knob	*knúppaz	140
2087	c n o b b a	*knúbbô	- n ɔ p ( - - )	nɔppa	cnobba	147	Old_English	Unattested Old English cognate; likely *cnobba based on ME knob (Chaucer) and Frisian knobbe.				knob	*knubbô	140
537	k n ɔ pf	*knúppaz	k n ɔ pf ( - - )	knɔp͡f	Knopf	147	German					knob	*knúppaz	140
405	l aː d ə	*laθōjaną	l aː d ( - ) - ə - ( - - )	laːdə	laden	111	Dutch					lade	*laθōjaną	141
404	l eɪ d	*laθōjaną	l eɪ d ( - ) - - - ( - - )	leɪd	lade	111	English					lade	*laθōjaną	141
2088	h l a d a n	*xláðaną	l eɪ d ( - ) - - - ( - - )	leɪd	hladan	111	Old_English	Wiktionary: PGmc *hlaðaną (Verner) > OE hladan | Proto encoding: -aną (full vowel) for A-restoration; R/T §6.3.1				lade	*xláðaną	141
403	l aː d ə n	*laθōjaną	l aː d ( - ) - ə n ( - - )	laːdən	laden	111	German					lade	*laθōjaną	141
1355	l ɑ n t	*lándą	l ɑ n t ( - - )	lɑnt	land	371	Dutch					land	*lándą	142
1354	l æ n d	*lándą	l æ n d ( - - )	lænd	land	371	English					land	*lándą	142
2089	l a n d	*lándą	l æ n d ( - - )	lænd	land	371	Old_English		Source: Wiktionary etymology (template:inh) | Source: Wiktionary etymology (template:inh)			land	*lándą	142
1353	l a n t	*lándą	l a n d ( - - )	lant	Land	371	German					land	*lándą	142
1554	l ɑ p	*lábbaz	l ɑ p ( - - )	lɑp	lap	426	Dutch					lap	*lábbaz	143
1553	l æ p	*lábbaz	l æ p ( - - )	læp	lap	426	English					lap	*lábbaz	143
2090	l a p p a	*láppô	l a p p ( - )	lap	lappa	426	Old_English		Source: Wiktionary etymology (template:inh) | Source: Wiktionary etymology (template:inh)			lap	*lappô	143
1552	l a p ə n	*lábbaz	l a p ( ə n )	lapən	Lappen	426	German					lap	*lábbaz	143
535	l ɑː s t	*láistijaną	l ɑː s t - - - ( - - )	lɑːst	last	146	English					last	*láistijaną	345
2091	l ǣ s t a n	*láistijaną	l ɑː s t - - - ( - - )	lɑːst	lǣstan	146	Old_English		Source: Wiktionary etymology (template:der) | Source: Wiktionary etymology (template:der)			last	*láistijaną	345
534	l ai s t ə n	*láistijaną	l ai s t - ə n ( - - )	laistən	leisten	146	German					last	*láistijaną	345
1063	l ɑ x ə	*lákaną	l ɑ x ə - ( - - )	lɑxə	lachen	291	Dutch					laugh	*lákaną	144
1062	l ɑː f	*lákaną	l ɑː f - - ( - - )	lɑːf	laugh	291	English					laugh	*lákaną	144
2092	h l æ h h a n	*xláxjaną	l ɑː f - - ( - - )	lɑːf	hlæhhan	291	Old_English	R/T: PGmc *hlahjanan > OE hlæhhan/hliehhan				laugh	*xláxjaną	144
1061	l a x ə n	*lákaną	l a x ə n ( - - )	laxən	lachen	291	German					laugh	*lákaną	144
1746	l ɛɪ d ə	*láidijaną	l ɛɪ d - ə - ( - - )	lɛɪdə	leiden	478	Dutch					lead	*láidijaną	145
1745	l iː d	*láidijaną	l iː d - - - ( - - )	liːd	lead	478	English					lead	*láidijaną	145
2093	l ǣ d a n	*láidijaną	l iː d - - - ( - - )	liːd	lǣdan	478	Old_English	R/T vol.2 13527-29: PGmc *laidijaną > OE lǣdan (to lead)				lead	*láidijaną	145
1744	l ai t ə n	*láidijaną	l ai t - ə n ( - - )	laitən	leiten	478	German					lead	*láidijaną	145
664	l oː f	*láubą	l oː f ( - - )	loːf	loof	182	Dutch					leaf	*láubą	146
663	l iː f	*láubą	l iː f ( - - )	liːf	leaf	182	English					leaf	*láubą	146
2094	l ē a f	*láubą	l iː f ( - - )	læːɑ̯f	lēaf	182	Old_English		Source: Wiktionary Old English Swadesh list (retrieved 2025-12-12) | Source: Wiktionary etymology (template:inh) | Source: Wiktionary etymology (template:inh)			leaf	*láubą	146
662	l au p	*láubą	l au b ( - - )	laup	Laub	182	German					leaf	*láubą	146
1595	l ɜː n	*liznōjaną	l ɜː - n ( - ) - - - ( - - )	lɜːn	learn	437	English					learn	*liznōjaną	346
2095	l i o r n i a n	*líznōjaną	l ɜː - n ( - ) - - - ( - - )	lɜːn	liornian	437	Old_English	Northumbrian form (Campbell §154.3 fn.3). WS leornian has analogical eo from paradigm leveling + io/eo merger (§296).				learn	*liznōjaną	346
1594	l ɛ r n ə n	*liznōjaną	l ɛ r n ( - ) - ə n ( - - )	lɛrnən	lernen	437	German					learn	*liznōjaną	346
47	l ɛ ð ə	*léθrą	l ɛ ð ə r ( - - )	lɛðə	leather	13	English					leather	*léθrą	347
2096	l e þ e r	*léθrą	l ɛ ð ə r ( - - )	lɛðə	leþer	13	Old_English		Source: Wiktionary etymology (template:inh) | Source: Wiktionary etymology (template:inh)			leather	*léθrą	347
46	l eː d ə r	*léθrą	l eː d ə r ( - - )	leːdər	Leder	13	German					leather	*léθrą	347
787	l uː k	*láukaz	l uː k ( - - )	luːk	look	215	Dutch					leek	*láukaz	147
786	l iː k	*láukaz	l iː k ( - - )	liːk	leek	215	English					leek	*láukaz	147
2097	l ē a c	*láukaz	l iː k ( - - )	liːk	lēac	215	Old_English		Source: Wiktionary etymology (template:inh) | Source: Wiktionary etymology (template:inh)			leek	*láukaz	147
785	l au x	*láukaz	l au x ( - - )	laux	Lauch	215	German					leek	*láukaz	147
922	l aː t ə	*lētaną	l aː t ə - ( - - )	laːtə	laten	253	Dutch					let	*lētaną	148
921	l ɛ t	*lētaną	l ɛ t - - ( - - )	lɛt	let	253	English					let	*lētaną	148
2098	l ǣ t a n	*lētaną	l ɛ t - - ( - - )	lɛt	lǣtan	253	Old_English		Source: Wiktionary etymology (template:der) | Source: Wiktionary etymology (template:der)			let	*lētaną	148
920	l a s ə n	*lētaną	l a s ə n ( - - )	lasən	lassen	253	German					let	*lētaną	148
1599	l ɪ k ə	*likkōjaną	l ɪ k ( - ) - ə - ( - - )	lɪkə	likken	438	Dutch					lick	*likkōjaną	149
1598	l ɪ k	*likkōjaną	l ɪ k ( - ) - - - ( - - )	lɪk	lick	438	English					lick	*likkōjaną	149
2099	l i c c i a n	*líkkōjaną	l ɪ k ( - ) - - - ( - - )	lɪk	liccian	438	Old_English		Source: Wiktionary etymology (template:inh) | Source: Wiktionary etymology (template:inh)			lick	*likkōjaną	149
1597	l ɛ k ə n	*likkōjaną	l ɛ k ( - ) - ə n ( - - )	lɛkən	lecken	438	German					lick	*likkōjaną	149
1641	l ɪ t	*xlídą	l ɪ t ( - - )	lɪt	lid	450	Dutch	Proto: *liθuz → *xlidą (Wiktionary *hlidą 'lid, cover')				lid	*xlídą	150
1640	l ɪ d	*xlídą	l ɪ d ( - - )	lɪd	lid	450	English	Proto: *liθuz → *xlidą (Wiktionary *hlidą 'lid, cover')				lid	*xlídą	150
2100	h l i d	*xlídą	l ɪ d ( - - )	lɪd	hlid	450	Old_English	Proto: *liθuz → *xlidą (Wiktionary *hlidą 'lid, cover')				lid	*xlídą	150
1639	l iː t	*xlídą	l iː d ( - - )	liːt	Lid	450	German	Proto: *liθuz → *xlidą (Wiktionary *hlidą 'lid, cover')				lid	*xlídą	150
839	l ɛɪ f	*lībą	l ɛɪ f ( - - )	lɛɪf	lijf	230	Dutch					life	*lībą	151
838	l aɪ f	*lībą	l aɪ f ( - - )	laɪf	life	230	English					life	*lībą	151
2101	l ī f	*lībą	l aɪ f ( - - )	laɪf	līf	230	Old_English		Source: Wiktionary etymology (template:inh) | Source: Wiktionary etymology (template:inh)			life	*lībą	151
837	l ai p	*lībą	l ai b ( - - )	laip	Leib	230	German					life	*lībą	151
528	l ɪ x t ə	*léuxtijaną	l ɪ x t - ə - ( - - )	lɪxtə	lichten	144	Dutch					light	*léuxtijaną	152
527	l aɪ t	*léuxtijaną	l aɪ - t - - - ( - - )	laɪt	light	144	English					light	*léuxtijaną	152
2102	l ī e h t a n	*léuxtijaną	l aɪ - t - - - ( - - )	laɪt	līehtan	144	Old_English	OE target: lēoht→līehtan (wk.v. I 'to light', matching verb proto *leuxtijăną; noun 'lēoht' from *leuxtą)				light	*léuxtijaną	152
526	l ɔy x t ə n	*léuxtijaną	l ɔy x t - ə n ( - - )	lɔyxtən	leuchten	144	German					light	*léuxtijaną	152
122	l ɛɪ m	*līmą	l ɛɪ m ( - - )	lɛɪm	lijm	34	Dutch					lime	*līmą	153
121	l aɪ m	*līmą	l aɪ m ( - - )	laɪm	lime	34	English					lime	*līmą	153
2103	l ī m	*līmą	l aɪ m ( - - )	laɪm	līm	34	Old_English		Source: Wiktionary etymology (template:inh) | Source: Wiktionary etymology (template:inh)			lime	*līmą	153
120	l ai m	*līmą	l ai m ( - - )	laim	Leim	34	German					lime	*līmą	153
1727	l ɪ n d ə	*lindō	l ɪ n d ( ə - )	lɪndə	linde	473	Dutch					linden	*lindō	154
1726	l ɪ n d ə n	*lindō	l ɪ n d ( ə n )	lɪndən	linden	473	English					linden	*lindō	154
2104	l i n d	*líndō	l ɪ n d ( ə n )	lɪndən	lind	473	Old_English	Kroonen *lindō- f. 'linden/lime tree' → OE lind f.; linden is not standard OE form				linden	*lindō	154
1725	l ɪ n d ə	*lindō	l ɪ n d ( ə - )	lɪndə	Linde	473	German					linden	*lindō	154
945	l ɛɪ n	*līnōn	l ɛɪ n ( - - )	lɛɪn	lijn	259	Dutch					line	*līnōn	155
944	l aɪ n	*līnōn	l aɪ n ( - - )	laɪn	line	259	English					line	*līnōn	155
2105	l ī n e	*līnōn	l aɪ n ( - - )	laɪn	līne	259	Old_English		Source: Wiktionary etymology (template:inh) | Source: Wiktionary etymology (template:inh)			line	*līnōn	155
943	l ai n ə	*līnōn	l ai n ( ə - )	lainə	Leine	259	German					line	*līnōn	155
1438	l ɛɪ s t	*līstōn	l ɛɪ s t ( - - )	lɛɪst	lijst	393	Dutch					list	*līstōn	156
1437	l ɪ s t	*līstōn	l ɪ s t ( - - )	lɪst	list	393	English					list	*līstōn	156
2106	l ī s t e	*līstōn	l ɪ s t ( - - )	lɪst	līste	393	Old_English		Source: Wiktionary etymology (template:inh) | Source: Wiktionary etymology (template:inh)			list	*līstōn	156
1436	l ai s t ə	*līstōn	l ai s t ( ə - )	laistə	Leiste	393	German					list	*līstōn	156
617	l eː v ə	*libēną	l eː v ə - ( - - )	leːvə	leven	170	Dutch					live	*libēną	157
616	l aɪ v	*libēną	l aɪ v - - ( - - )	laɪv	live	170	English					live	*libēną	157
2107	l i f e þ	*líbēθi	l aɪ v - - ( - - )	laɪv	lifeþ	170	Old_English	3sg pres. indic. (archaic North. lifed); infinitive libban shows j-gemination from *libjăną stem, not *-ē- stem	Source: Wiktionary etymology (template:inh)			live	*libēną	157
615	l eː b ə n	*libēną	l eː b ə n ( - - )	leːbən	leben	170	German					live	*libēną	157
213	l eː v ə r	*librō	l eː v ə r ( - )	leːvər	lever	59	Dutch					liver	*librō	158
212	l ɪ v ə	*librō	l ɪ v ə r ( - )	lɪvə	liver	59	English					liver	*librō	158
2108	l i f e r	*líbrō	l ɪ v ə r ( - )	ˈliver	lifer	59	Old_English		Source: Wiktionary Old English Swadesh list (retrieved 2025-12-12) | Source: Wiktionary etymology (template:inh) | Source: Wiktionary etymology (template:inh)			liver	*librō	158
211	l eː b ə r	*librō	l eː b ə r ( - )	leːbər	Leber	59	German					liver	*librō	158
904	l eː m	*laimōn	l eː m ( - - )	leːm	leem	248	Dutch					loam	*laimōn	159
903	l əʊ m	*laimōn	l əʊ m ( - - )	ləʊm	loam	248	English					loam	*laimōn	159
2109	l ā m	*láimōn	l əʊ m ( - - )	ləʊm	lām	248	Old_English		Source: Wiktionary etymology (template:inh) | Source: Wiktionary etymology (template:inh)			loam	*laimōn	159
902	l eː m	*laimōn	l eː m ( - - )	leːm	Lehm	248	German					loam	*laimōn	159
258	l eː t	*láiθaz	l eː t ( - - )	leːt	leed	71	Dutch					loath	*láiθaz	160
257	l əʊ θ	*láiθaz	l əʊ θ ( - - )	ləʊθ	loath	71	English					loath	*láiθaz	160
2110	l ā þ	*láiθaz	l əʊ θ ( - - )	ləʊθ	lāþ	71	Old_English		Source: Wiktionary etymology (template:inh) | TSV: ð→þ (allographic convention)			loath	*láiθaz	160
256	l ai t	*láiθaz	l ai d ( - - )	lait	Leid	71	German					loath	*láiθaz	160
1150	l ɔ k	*lúkkaz	l ɔ k ( - - )	lɔk	lok	315	Dutch					lock	*lúkkaz	161
859	l ɔ k	*lúką	l ɔ k ( - - )	lɔk	lock	236	English					lock	*lúką	161
2111	l o c	*lúką	l ɔ k ( - - )	lɔk	loc	236	Old_English		Source: Wiktionary etymology (template:inh) | Source: Wiktionary etymology (template:inh)			lock	*lúką	161
1149	l ɔ k	*lúkkaz	l ɔ k ( - - )	lɔk	lock	315	English					lock	*lúkkaz	161
2112	l o c c	*lúkkaz	l ɔ k ( - - )	lɔk	locc	315	Old_English		Source: Wiktionary etymology (template:inh) | Source: Wiktionary etymology (template:inh)			lock	*lúkkaz	161
858	l ɔ x	*lúką	l ɔ x ( - - )	lɔx	Loch	236	German					lock	*lúką	161
1148	l ɔ k ə	*lúkkaz	l ɔ k ( ə - )	lɔkə	Locke	315	German					lock	*lúkkaz	161
1826	l œy s	*lūsz	l œy s ( - )	lœys	luis	500	Dutch					louse	*lūsz	162
1825	l aʊ s	*lūsz	l aʊ s ( - )	laʊs	louse	500	English					louse	*lūsz	162
2113	l ū s	*lūsz	l aʊ s ( - )	luːs	lūs	500	Old_English		Source: Wiktionary Old English Swadesh list (retrieved 2025-12-12) | Source: Wiktionary etymology (template:inh) | Source: Wiktionary etymology (template:inh)			louse	*lūsz	162
1824	l au s	*lūsz	l au s ( - )	laus	Laus	500	German					louse	*lūsz	162
892	l ɔ ŋ	*lungō	l ɔ ŋ - ( - - )	lɔŋ	long	245	Dutch					lung	*lungō	163
891	l ʌ ŋ	*lungō	l ʌ ŋ - ( - - )	lʌŋ	lung	245	English					lung	*lungō	163
2114	l u n g e n	*lúnganjō	l u ŋ g e n ( - )	lunɡen	lungen	245	Old_English	*lunganjō (ō-stem feminine with *-anjō suffix; Wiktionary Reconstruction:Proto-Germanic/*lunganjō). OE lungen specifically reflects the *-anjō derivative.	Previous TSV had *lungō (simpler n-stem per Kroonen p.367). | Grammar extended to accept *-anjō suffix (2026-04-05).			lung	*lungō	163
890	l ʊ ŋ ə	*lungō	l ʊ ŋ - ( ə - )	lʊŋə	Lunge	245	German					lung	*lungō	163
1329	l ʉ s t	*lústuz	l ʉ s t ( - - )	lʉst	lust	364	Dutch					lust	*lústuz	164
1328	l ʌ s t	*lústuz	l ʌ s t ( - - )	lʌst	lust	364	English					lust	*lústuz	164
2115	l u s t	*lústuz	l ʌ s t ( - - )	lʌst	lust	364	Old_English		Source: Wiktionary etymology (template:inh) | Source: Wiktionary etymology (template:inh)			lust	*lústuz	164
1327	l ʊ s t	*lústuz	l ʊ s t ( - - )	lʊst	Lust	364	German					lust	*lústuz	164
371	l oː x	*laugō	l oː x -	loːx	loog	102	Dutch					lye	*laugō	165
370	l aɪ	*laugō	l aɪ - -	laɪ	lye	102	English					lye	*laugō	165
2116	l ē a g	*láugō	l aɪ - -	laɪ	lēag	102	Old_English		Source: Wiktionary etymology (template:inh) | Source: Wiktionary etymology (template:inh)	Normalizing to -g spelling per Bülbring §489; both leag/læg attested		lye	*laugō	165
369	l au ɡ ə	*laugō	l au ɡ ə	lauɡə	Lauge	102	German					lye	*laugō	165
1457	m aː k ə	*makōjaną	m aː k ( - ) - ə - ( - - )	maːkə	maken	398	Dutch					make	*makōjaną	166
1456	m eɪ k	*makōjaną	m eɪ k ( - ) - - - ( - - )	meɪk	make	398	English					make	*makōjaną	166
2117	m a c i a n	*mákōjaną	m eɪ k ( - ) - - - ( - - )	meɪk	macian	398	Old_English		Source: Wiktionary etymology (template:der) | Source: Wiktionary etymology (template:der)			make	*makōjaną	166
1455	m a x ə n	*makōjaną	m a x ( - ) - ə n ( - - )	maxən	machen	398	German					make	*makōjaną	166
989	m ɑu t	*máltaz	m ɑu - t ( - - )	mɑut	mout	271	Dutch					malt	*máltaz	167
988	m ɔː l t	*máltaz	m ɔː l t ( - - )	mɔːlt	malt	271	English					malt	*máltaz	167
2118	m e a l t	*máltaz	m ɔː l t ( - - )	mɔːlt	mealt	271	Old_English		Source: Wiktionary etymology (template:der) | Source: Wiktionary etymology (template:der)			malt	*máltaz	167
987	m a l ts	*máltaz	m a l ts ( - - )	malt͡s	Malz	271	German					malt	*máltaz	167
1928	m ɑ n	*mánnaz	m ɑ ( - - ) n	mɑn	man	529	Dutch					man	*mánnaz	168
1927	m æ n	*mánnaz	m æ ( - - ) n	mæn	man	529	English					man	*mánnaz	168
2119	m a n n e s	*mánnas	m æ ( - - ) n e s	mɒnːes	mannes	529	Old_English	Gen.sg. paradigm cell: *mannas → mannes. Word-final geminates are phonologically simplified (Kurath 1956, Brunner §231); using gen.sg. preserves medial geminate orthographically.	Original: *mannăz → mann (nom.sg.).			man	*mánnaz	168
1926	m a n	*mánnaz	m a ( - - ) n	man	Mann	529	German					man	*mánnaz	168
44	m ɑ r k	*markō	m ɑ r k -	mɑrk	mark	12	Dutch					march	*markō	169
43	m ɑː ʧ	*markō	m ɑː - ʧ -	mɑːʧ	march	12	English					march	*markō	169
2120	m e a r c	*márkō	m ɑː - ʧ -	mɑːʧ	mearc	12	Old_English	Kroonen *markō- f. 'boundary' → OE mearc f.; mearcian is the verb 'to mark'				march	*markō	169
42	m a r k	*markō	m a r k -	mark	Mark	12	German	EXC				march	*markō	169
1712	m ɑ s t	*mástaz	m ɑ s t ( - - )	mɑst	mast	469	Dutch					mast	*mástaz	170
1711	m ɑː s t	*mástaz	m ɑː s t ( - - )	mɑːst	mast	469	English					mast	*mástaz	170
2121	m æ s t	*mástaz	m ɑː s t ( - - )	mɑːst	mæst	469	Old_English		Source: Wiktionary etymology (template:der) | Source: Wiktionary etymology (template:der)			mast	*mástaz	170
1710	m a s t	*mástaz	m a s t ( - - )	mast	Mast	469	German					mast	*mástaz	170
239	m aː l	*mēlą	m aː l ( - - )	maːl	maal	66	Dutch					meal	*mēlą	171
238	m iː l	*mēlą	m iː l ( - - )	miːl	meal	66	English					meal	*mēlą	171
2122	m ǣ l	*mēlą	m iː l ( - - )	miːl	mǣl	66	Old_English		Source: Wiktionary etymology (template:inh) | Source: Wiktionary etymology (template:inh)			meal	*mēlą	171
237	m aː l	*mēlą	m aː l ( - - )	maːl	Mal	66	German					meal	*mēlą	171
75	m eː n ə	*máinijaną	m eː n - ə - ( - - )	meːnə	menen	21	Dutch					mean	*máinijaną	172
74	m iː n	*máinijaną	m iː n - - - ( - - )	miːn	mean	21	English					mean	*máinijaną	172
2123	m ǣ n a n	*máinijaną	m iː n - - - ( - - )	miːn	mǣnan	21	Old_English		Source: Wiktionary etymology (template:inh) | Source: Wiktionary etymology (template:inh)			mean	*máinijaną	172
73	m ai n ə n	*máinijaną	m ai n - ə n ( - - )	mainən	meinen	21	German					mean	*máinijaną	172
648	m iː d	*mizdō	m iː - d ( - )	miːd	meed	178	English					meed	*mizdō	348
2124	m e o r d e	*mízdai	m e o r d e	meorde	meorde	178	Old_English	Paradigm-cell switch to dat.sg. *mízdai > meorde, the directly-attested OE oblique (Bede 4.17 var.; Phoenix 17; GD 227.16; gen.pl. meorda GD 312.14). Lautgesetzlich via the regular ō-stem dat.sg. cascade (cf. *gebai > ġiefe, *rastōz > ræste): rhotacism of *z, breaking before *r+C, and AFB on unstressed *-ai > -e. Following Crist 2002 and Kilday 2024, *meord(-e) is the regular OE outcome of *mizdō; the WS doublet *mēd (with z-loss + comp. lengthening) is best analysed as a Saxono-Frisian loan (Crist's Law operating in OS/OFris but not directly in OE, per Kilday 2024). See DEV_NOTES §17.24.11 for the FST probe and Germanic/docs/analysis/meord_med_chronological_review.md for the literature survey.	Previous TSV had target *mēd (nom.sg., not directly attested as bare lemma); FST output was *meord, mismatched. | Source: Wiktionary etymology (template:inh)			meed	*mizdō	348
647	m iː t ə	*mizdō	m iː - t ( ə )	miːtə	Miete	178	German					meed	*mizdō	348
1576	m ɑ x t	*máxtiz	m ɑ x t ( - - )	mɑxt	macht	432	Dutch					might	*máxtiz	173
1575	m aɪ t	*máxtiz	m aɪ - t ( - - )	maɪt	might	432	English					might	*máxtiz	173
2125	m i h t	*máxtiz	m aɪ - t ( - - )	maɪt	miht	432	Old_English		Source: Wiktionary etymology (template:inh) | Source: Wiktionary etymology (template:inh)			might	*máxtiz	173
1574	m a x t	*máxtiz	m a x t ( - - )	maxt	Macht	432	German					might	*máxtiz	173
668	m ɛ l k	*mélukz	m ɛ l - k ( - )	mɛlk	melk	183	Dutch					milk	*mélukz	174
667	m ɪ l k	*mélukz	m ɪ l - k ( - )	mɪlk	milk	183	English					milk	*mélukz	174
2126	m e o l o c	*mélukz	m ɪ l - k ( - )	mɪlk	meoloc	183	Old_English	meoloc is the regular outcome; meolc reflects paradigm leveling from gen/dat (Campbell §390, R/T §6.6.4)	Source: Wiktionary etymology (template:inh)			milk	*mélukz	174
666	m ɪ l x	*mélukz	m ɪ l - x ( - )	mɪlx	Milch	183	German					milk	*mélukz	174
760	m aː n t	*mēnōθz	m aː n - t ( - )	maːnt	maand	208	Dutch					month	*mēnōθz	175
759	m ʌ n θ	*mēnōθz	m ʌ n - θ ( - )	mʌnθ	month	208	English					month	*mēnōθz	175
2127	m ō n a þ	*mēnōθz	m ʌ n - θ ( - )	mʌnθ	mōnaþ	208	Old_English		Source: Wiktionary etymology (template:inh) | Source: Wiktionary etymology (template:inh)			month	*mēnōθz	175
758	m oː n aː t	*mēnōθz	m oː n a t ( - )	moːnaːt	Monat	208	German	IRR				month	*mēnōθz	175
719	m uː t	*mōdaz	m uː t ( - - )	muːt	moed	197	Dutch					mood	*mōdaz	176
718	m uː d	*mōdaz	m uː d ( - - )	muːd	mood	197	English					mood	*mōdaz	176
2128	m ō d	*mōdaz	m uː d ( - - )	muːd	mōd	197	Old_English		Source: Wiktionary etymology (template:inh) | Source: Wiktionary etymology (template:inh)			mood	*mōdaz	176
717	m uː t	*mōdaz	m uː t ( - - )	muːt	Mut	197	German					mood	*mōdaz	176
1620	m uː d ə r	*mōdēr	m uː d ə r	muːdər	moeder	444	Dutch					mother	*mōdēr	177
1619	m ʌ ð ə	*mōdēr	m ʌ ð ə r	mʌðə	mother	444	English					mother	*mōdēr	177
2129	m ō d e r	*mōdēr	m ʌ ð ə r	ˈmoːdər	mōder	444	Old_English	Note: mōder is the regular nom.sg. reflex (cf. dat.sg. mēder < *mōdri). R/T §7.2.1: modor ~ -ur has suffixal vowel leveled from oblique cases (analogical).	Source: Wiktionary Old English Swadesh list (retrieved 2025-12-12) | Source: Wiktionary etymology (template:inh) | Source: Wiktionary etymology (template:inh)			mother	*mōdēr	177
1618	m ʊ t ə r	*mōdēr	m ʊ t ə r	mʊtər	Mutter	444	German					mother	*mōdēr	177
1580	n aː ɣ ə l	*náglaz	n aː ɣ ə l ( - - )	naːɣəl	nagel	433	Dutch					nail	*náglaz	178
1579	n eɪ l	*náglaz	n eɪ - - l ( - - )	neɪl	nail	433	English					nail	*náglaz	178
2130	n æ ġ l	*náglaz	n eɪ - - l ( - - )	neɪl	næġl	433	Old_English		Source: Wiktionary etymology (template:inh) | Source: Wiktionary etymology (template:inh)			nail	*náglaz	178
1578	n aː ɡ ə l	*náglaz	n aː ɡ ə l ( - - )	naːɡəl	Nagel	433	German					nail	*náglaz	178
82	n aː m	*namô	n aː m - ( - )	naːm	naam	23	Dutch					name	*namô	179
81	n eɪ m	*namô	n eɪ m - ( - )	neɪm	name	23	English					name	*namô	179
2131	n a m a	*námô	n eɪ m - ( - )	ˈnɒmɑ	nama	23	Old_English		Source: Wiktionary Old English Swadesh list (retrieved 2025-12-12) | Source: Wiktionary etymology (template:inh) | Source: Wiktionary etymology (template:inh)			name	*namô	179
80	n aː m ə	*namô	n aː m ə ( - )	naːmə	Name	23	German					name	*namô	179
629	n aː f	*nabō	n aː f ( - )	naːf	naaf	173	Dutch					nave	*nabō	180
628	n eɪ v	*nabō	n eɪ v ( - )	neɪv	nave	173	English					nave	*nabō	180
2132	n a f u	*nábō	n eɪ v ( - )	neɪv	nafu	173	Old_English		Source: Wiktionary etymology (template:inh) | Source: Wiktionary etymology (template:inh)			nave	*nabō	180
627	n aː b ə	*nabō	n aː b ( ə )	naːbə	Nabe	173	German					nave	*nabō	180
431	n aː v ə l	*nablô	n aː v ə l ( - - )	naːvəl	navel	118	Dutch					navel	*nablô	181
430	n eɪ v ə l	*nablô	n eɪ v ə l ( - - )	neɪvḷ	navel	118	English					navel	*nablô	181
2133	n a f o l a	*nábulô	n eɪ v ə l ( - - )	neɪvḷ	nafola	118	Old_English	PROTOFORM updated 17.19→17.19.10: Kroonen 2013:380 lemmatises *nablan- (Latinate syncopated headword) but cites OHG nabalo/nabulo as cognates; R/T 2014:191, 270 give canonical pre-retraction *nabulō > *nǣbula > nafola with medial *u present at A-restoration. Medial *u origin contested (PIE *l̥ → *ul per Streitberg §81 / Ringe vol.1:126; or Sekundärvokal per EWA, Brunner §152, Schatz §98) but universally agreed present by PNWGmc. PROTO column retains Kroonen citation form *nablô; PROTOFORM uses R/T pre-syncope *nábulô as FST input. See DEV_NOTES §17.19 + §17.19.10 for full survey.				navel	*nablô	181
429	n aː b ə l	*nablô	n aː b ə l ( - - )	naːbəl	Nabel	118	German					navel	*nablô	181
1166	n ɛ k	*xnákkaz	- n ɛ k ( - - )	nɛk	nek	319	Dutch					neck	*xnákkaz	182
1165	n ɛ k	*xnákkaz	- n ɛ k ( - - )	nɛk	neck	319	English					neck	*xnákkaz	182
2134	h n e c c a	*xnékkô	- n ɛ k ( - - )	ˈsweːo̯rɑ	hnecca	319	Old_English		Proto corrected: weak masc. n-stem with e-grade nom.sg. *xnekkô (Kroonen 2013, PIE *knékō). Kroonen reconstructs root ablaut: nom.sg. *hnekkô (e-grade), gen.sg. *hnukkaz (zero-grade), acc.pl. *hnakkunz (a-grade). OE/OFris/MNdl generalized e-grade; ON/OHG generalized a-grade (Kluge/Seebold s.v. Nacken). TSV had *xnakkăz (wrong class + wrong grade). German row retains a-grade *xnakkăz.			neck	*xnekkô	182
1164	n a k ə n	*xnákkaz	- n a k ( ə n )	nakən	Nacken	319	German					neck	*xnákkaz	182
483	n oː t	*náudiz	n oː t ( - - )	noːt	nood	132	Dutch					need	*náudiz	183
482	n iː d	*náudiz	n iː d ( - - )	niːd	need	132	English					need	*náudiz	183
2135	n ī e d	*náudiz	n iː d ( - - )	niːd	nīed	132	Old_English		Source: Wiktionary etymology (template:inh) | Source: Wiktionary etymology (template:inh)			need	*náudiz	183
481	n oː t	*náudiz	n oː t ( - - )	noːt	Not	132	German					need	*náudiz	183
126	n aː l t	*nēθlō	n aː - - l ( t )	naːlt	naald	35	Dutch					needle	*nēθlō	184
125	n iː d ə l	*nēθlō	n iː d ə l ( - )	niːdḷ	needle	35	English					needle	*nēθlō	184
2136	n ǣ d l	*nēðlō	n iː d ə l ( - )	niːdḷ	nǣdl	35	Old_English	R/T p.435: PGmc *nēdlō has Verner's alternation; OE nǣdl reflects *d variant				needle	*nēðlō	184
124	n aː d ə l	*nēθlō	n aː d ə l ( - )	naːdəl	Nadel	35	German					needle	*nēθlō	184
318	n ɛ s t	*nístą	n ɛ s t ( - - )	nɛst	nest	88	Dutch					nest	*nístą	185
317	n ɛ s t	*nístą	n ɛ s t ( - - )	nɛst	nest	88	English					nest	*nístą	185
2137	n e s t	*nístą	n ɛ s t ( - - )	nɛst	nest	88	Old_English		Source: Wiktionary etymology (template:inh) | Source: Wiktionary etymology (template:inh)			nest	*nístą	185
316	n ɛ s t	*nístą	n ɛ s t ( - - )	nɛst	Nest	88	German					nest	*nístą	185
468	n ɛ t	*nátją	n ɛ t - ( - - )	nɛt	net	128	Dutch					net	*nátją	186
467	n ɛ t	*nátją	n ɛ t - ( - - )	nɛt	net	128	English					net	*nátją	186
2138	n e t	*nátją	n ɛ t - ( - - )	nɛt	nett	128	Old_English	Orel: OE nett (geminate); Source: Wiktionary etymology (template:inh)	Source: Wiktionary etymology (template:inh)			net	*nátją	186
466	n ɛ ts	*nátją	n ɛ ts - ( - - )	nɛt͡s	Netz	128	German					net	*nátją	186
573	n ɛ t ə l	*natilōn	n ɛ t ə l ( - - )	nɛtḷ	nettle	157	English					nettle	*natilōn	349
2139	n e t l e	*nátilōn	n ɛ t ə l ( - - )	nɛtḷ	netle	157	Old_English		Source: Wiktionary etymology (template:inh) | Source: Wiktionary etymology (template:inh)			nettle	*natilōn	349
572	n ɛ s ə l	*natilōn	n ɛ s ə l ( - - )	nɛsəl	Nessel	157	German					nettle	*natilōn	349
1541	n ɑ x t	*náxtz	n ɑ x t ( - )	nɑxt	nacht	422	Dutch					night	*náxtz	187
1540	n aɪ t	*náxtz	n aɪ - t ( - )	naɪt	night	422	English					night	*náxtz	187
2140	n i h t	*náxti	n aɪ - t ( - )	niçt	niht	422	Old_English	R/T vol.2 13912-15: OE niht < dat.sg. *nahti (i-umlaut); nom.sg. *nahts > neaht				night	*náxts	187
1539	n a x t	*náxtz	n a x t ( - )	naxt	Nacht	422	German					night	*náxtz	187
130	n ɑ x t m ɛ r iː	*marōn	( n ɑ x t ) m ɛ r ( iː - )	nɑxtmɛriː	nachtmerrie	36	Dutch					nightmare	*marōn	188
129	n aɪ t m ɛə	*marōn	( n aɪ - t ) m ɛə r ( - - )	naɪtmɛə	nightmare	36	English					nightmare	*marōn	188
2141	* n i h t m a r e	*márōn	( n aɪ - t ) m ɛə r ( - - )	naɪtmɛə	mare	36	Old_English	Unattested OE compound *nihtmare; second element is OE mare 'nightmare' (n-stem fem., < PWGmc *mara, *marōn-, cf. ON mara, OHG mara). Per Ringe & Taylor *Development of Old English* vol. 2 p. 192 the attested OE forms are mare (nom.sg.), maran (obl.), and variant mere. Earlier target mære reflected Wiktionary headword (Orel-style spelling) and was conflated with the unrelated OE adjective mǣre 'famous' (< PGmc *mēriz, jō/jā-stem); corrected per §17.28.	Source: Wiktionary etymology (template:inh) | Source: Wiktionary etymology (template:inh)			nightmare	*marōn	188
128	m aː r	*marōn	( - - - - ) m aː r ( - - )	maːr	Mahr	36	German					nightmare	*marōn	188
326	n eː ɣ ə	*néwun	n eː ɣ ə -	neːɣə	negen	90	Dutch					nine	*néwun	189
325	n aɪ n	*néwun	n aɪ - - n	naɪn	nine	90	English					nine	*néwun	189
2142	n i g o n	*néwun	n aɪ - - n	naɪn	nigon	90	Old_English		Source: Wiktionary etymology (template:inh) | Source: Wiktionary etymology (template:inh)			nine	*néwun	189
324	n ɔy n	*néwun	n ɔy - - n	nɔyn	neun	90	German					nine	*néwun	189
1734	n øː s	*nasō	n øː s -	nøːs	neus	475	Dutch					nose	*nasō	190
1733	n əʊ z	*nasō	n əʊ z -	nəʊz	nose	475	English					nose	*nasō	190
2143	n o s u	*núsō	n əʊ z -	nozu	nosu	475	Old_English		Source: Wiktionary Old English Swadesh list (retrieved 2025-12-12) | Source: Wiktionary etymology (template:inh) | Source: Wiktionary etymology (template:inh)			nose	*nasō	190
1732	n aː z ə	*nasō	n aː z ə	naːzə	Nase	475	German					nose	*nasō	190
604	eː n	*áinaz	- eː n ( - )	eːn	een	166	Dutch					one	*áinaz	191
603	ʋ ʌ n	*áinaz	ʋ ʌ n ( - )	ʋʌn	one	166	English					one	*áinaz	191
2144	ā n	*áinaz	ʋ ʌ n ( - )	ɑːn	ān	166	Old_English		Source: Wiktionary Old English Swadesh list (retrieved 2025-12-12) | Source: Wiktionary etymology (template:inh) | Source: Wiktionary etymology (template:inh)			one	*áinaz	191
602	ai n	*áinaz	- ai n ( - )	ain	ein	166	German					one	*áinaz	191
1012	oː v ə	*úfnaz	oː v ə - ( - - )	oːvə	oven	277	Dutch					oven	*úfnaz	192
1011	ʌ v ə n	*úfnaz	ʌ v ə n ( - - )	ʌvṇ	oven	277	English					oven	*úfnaz	192
2145	o f n	*úfnaz	ʌ v ə n ( - - )	ʌvṇ	ofn	277	Old_English		Source: Wiktionary etymology (template:inh) | Source: Wiktionary etymology (template:inh)			oven	*úfnaz	192
1010	oː f ə n	*úfnaz	oː f ə n ( - - )	oːfən	Ofen	277	German					oven	*úfnaz	192
686	ɔ s	*uxsô	ɔ - s - ( - )	ɔs	os	188	Dutch					ox	*uxsô	193
685	ɔ k s	*uxsô	ɔ k s - ( - )	ɔks	ox	188	English					ox	*uxsô	193
2146	o x a	*úxsô	ɔ k s - ( - )	ɔks	oxa	188	Old_English		Source: Wiktionary etymology (template:inh) | Source: Wiktionary etymology (template:inh)			ox	*uxsô	193
684	ɔ k s ə	*uxsô	ɔ k s ə ( - )	ɔksə	Ochse	188	German					ox	*uxsô	193
1070	r eː ɣ ə	*régną	r eː ɣ ə - ( - - )	reːɣə	regen	293	Dutch	MT				rain	*régną	194
1069	r eɪ n	*régną	r eɪ - - n ( - - )	reɪn	rain	293	English	MT				rain	*régną	194
2147	r e ġ n	*régną	r eɪ - - n ( - - )	ˈrejn̩	reġn	293	Old_English		MT | TODO: replace with attested Old English form | Source: Wiktionary Old English Swadesh list (retrieved 2025-12-12) | Source: Wiktionary Old English Swadesh list (retrieved 2025-12-12) | Source: Wiktionary etymology (template:inh) | Source: Wiktionary etymology (template:inh)			rain	*régną	194
1068	r eː ɡ ə n	*régną	r eː ɡ ə n ( - - )	reːɡən	Regen	293	German					rain	*régną	194
877	r eː ɣ ə m b oː x	*régna-bùgô	r eː ɣ ə ( m - b oː x - - )	reːɣəmboːx	regenboog	241	Dutch					rainbow	*régna-bùgô	195
876	r eɪ n b əʊ	*régna-bùgô	r eɪ - - ( n - b əʊ - - - )	reɪnbəʊ	rainbow	241	English					rainbow	*régna-bùgô	195
2148	r e ġ n b o g a	*régna-bùgô	r eɪ - - ( n - b əʊ - - - )	reɪnbəʊ	reġnboga	241	Old_English		Source: Wiktionary etymology (template:inh) | Source: Wiktionary etymology (template:inh)			rainbow	*régna-bùgô	195
875	r eː ɡ ə n b oː ɡ ə n	*régna-bùgô	r eː ɡ ə ( n - b oː ɡ ə n )	reːɡənboːɡən	Regenbogen	241	German	DUP				rainbow	*régna-bùgô	195
185	r aː f	*xrábnaz	- r aː f - - ( - - )	raːf	raaf	52	Dutch					raven	*xrábnaz	196
184	r æ v ə n	*xrábnaz	- r æ v ə n ( - - )	rævṇ	raven	52	English					raven	*xrábnaz	196
2149	h r æ f n	*xrábnaz	- r æ v ə n ( - - )	rævṇ	hræfn	52	Old_English		Source: Wiktionary etymology (template:inh) | Source: Wiktionary etymology (template:inh)			raven	*xrábnaz	196
183	r aː b ə	*xrábnaz	- r aː b ə - ( - - )	raːbə	Rabe	52	German					raven	*xrábnaz	196
1648	r aː d ɛ n	*rēdaną	r aː d ɛ n ( - - )	raːdɛn	raden	452	Dutch					read	*rēdaną	197
1647	r iː d	*rēdaną	r iː d - - ( - - )	riːd	read	452	English					read	*rēdaną	197
2150	r ǣ d a n	*rēdaną	r iː d - - ( - - )	riːd	rǣdan	452	Old_English		Source: Wiktionary etymology (template:inh) | Source: Wiktionary etymology (template:inh)			read	*rēdaną	197
1646	r aː t ə n	*rēdaną	r aː t ə n ( - - )	raːtən	raten	452	German					read	*rēdaną	197
708	r oː k	*ráukiz	r oː k ( - - )	roːk	rook	194	Dutch					reek	*ráukiz	198
707	r iː k	*ráukiz	r iː k ( - - )	riːk	reek	194	English					reek	*ráukiz	198
2151	r ē c	*ráukiz	r iː k ( - - )	riːk	rēc	194	Old_English		Source: Wiktionary etymology (template:inh) | Source: Wiktionary etymology (template:inh)			reek	*ráukiz	198
706	r au x	*ráukiz	r au x ( - - )	raux	Rauch	194	German					reek	*ráukiz	198
560	r ɛ s t	*rastō	r ɛ s t ( - )	rɛst	rest	153	English					rest	*rastō	350
2152	r æ s t e	*rástōz	r æ s t e	ræste	ræste	153	Old_English	Oblique (ō-stem gen.sg.) *rastōz > ræste: PGmc gen.sg. *-ōz did not undergo NWGmcFinalLongORaising (R/T §5.1.3) because *-ō was not word-final (*-z still present). After PWGmc z-loss with vowel shortening and simultaneous AFB-fronting of the unstressed final (*-ōz > {*æ}, R/T §6.8.3 pp.299-300; see DEV_NOTES §17.10.20), suffix is front, no A-restoration, AFB gives ræ-. Attested ræste abundantly in BT (tó ræste, on ræste, etc.). Paradigmatic leveling from oblique ræst- to nom.sg. (cf. R/T §6.3.2 on dag paradigm).				rest	*rastō	350
559	r a s t	*rastō	r a s t ( - )	rast	Rast	153	German					rest	*rastō	350
167	r ɛɪ d ə	*rīdaną	r ɛɪ d ə - ( - - )	rɛɪdə	rijden	47	Dutch					ride	*rīdaną	199
166	r aɪ d	*rīdaną	r aɪ d - - ( - - )	raɪd	ride	47	English					ride	*rīdaną	199
2153	r ī d a n	*rīdaną	r aɪ d - - ( - - )	raɪd	rīdan	47	Old_English		Source: Wiktionary etymology (template:inh) | Source: Wiktionary etymology (template:inh)			ride	*rīdaną	199
165	r ai t ə n	*rīdaną	r ai t ə n ( - - )	raitən	reiten	47	German					ride	*rīdaną	199
1550	r aɪ n d	*rindō	r aɪ n d -	raɪnd	rind	425	English					rind	*rindō	351
2154	r i n d	*ríndō	r aɪ n d -	raɪnd	rind	425	Old_English		Source: Wiktionary etymology (template:inh) | Source: Wiktionary etymology (template:inh)			rind	*rindō	351
1549	r ɪ n d ə	*rindō	r ɪ n d ə	rɪndə	Rinde	425	German					rind	*rindō	351
1385	r ɔ k	*rúkkaz	r ɔ k ( - - )	rɔk	rok	379	Dutch					coat	*rúkkaz	200
1384	r ɒ k	*rúkkaz	r ɒ k ( - - )	rɒk	rock	379	English					coat	*rúkkaz	200
2155	r o c c	*rúkkaz	r ɔ k ( - - )	rɔk	rocc	379	Old_English	Garment word: OE rocc 'tunic' (brēostrocc, pistolrocc etc.), from PGmc *rukkăz (a-stem).	Previous entry conflated stone and garment etymologies.			coat	*rúkkaz	200
1383	ʁ ɔ k	*rúkkaz	ʁ ɔ k ( - - )	ʁɔk	Rock	379	German					coat	*rúkkaz	200
1738	r eː	*raixōn	r eː ( - - - )	reː	ree	476	Dutch					roe	*raixōn	201
1737	r əʊ	*raixōn	r əʊ ( - - - )	rəʊ	roe	476	English					roe	*raixōn	201
2156	* h r o g n	*ráixōn	r əʊ ( - - - )	rəʊ	-	476	Old_English	Unattested OE; reconstructed *hrogn.	Source: Wiktionary etymology (template:inh) | Source: Wiktionary etymology (template:inh)			roe	*raixōn	201
1736	r eː	*raixōn	r eː ( - - - )	reː	Reh	476	German					roe	*raixōn	201
1096	r uː d	*rōdō	r uː d -	ruːd	rood	300	English					rood	*rōdō	352
2157	r ō d	*rōdō	r uː d -	ruːd	rōd	300	Old_English		Source: Wiktionary etymology (template:inh) | Source: Wiktionary etymology (template:inh)			rood	*rōdō	352
1095	r uː t ə	*rōdō	r uː t ə	ruːtə	Rute	300	German					rood	*rōdō	352
499	r œy m	*rūmą	r œy m ( - - )	rœym	ruim	136	Dutch					room	*rūmą	202
498	r uː m	*rūmą	r uː m ( - - )	ruːm	room	136	English					room	*rūmą	202
2158	r ū m	*rūmą	r uː m ( - - )	ruːm	rūm	136	Old_English		Source: Wiktionary etymology (template:inh) | Source: Wiktionary etymology (template:inh)			room	*rūmą	202
497	r au m	*rūmą	r au m ( - - )	raum	Raum	136	German					room	*rūmą	202
1306	r ɛɪ p	*ráipą	r ɛɪ p ( - - )	rɛɪp	rijp	358	Dutch					rope	*ráipą	203
1305	r əʊ p	*ráipą	r əʊ p ( - - )	rəʊp	rope	358	English					rope	*ráipą	203
2159	r ā p	*ráipą	r əʊ p ( - - )	rɑːp	rāp	358	Old_English		Source: Wiktionary Old English Swadesh list (retrieved 2025-12-12) | Source: Wiktionary etymology (template:inh) | Source: Wiktionary etymology (template:inh)			rope	*ráipą	203
1304	r ai f	*ráipą	r ai f ( - - )	raif	Reif	358	German					rope	*ráipą	203
1672	r uː r	*rōθraz	r uː - - r ( - - )	ruːr	roer	458	Dutch					rudder	*rōθraz	204
1671	r ʌ d ə	*rōθraz	r ʌ d ə r ( - - )	rʌdə	rudder	458	English					rudder	*rōθraz	204
2160	r ō þ o r	*rōθraz	r ʌ d ə r ( - - )	rʌdə	rōþor	458	Old_English		Source: Wiktionary etymology (template:inh) | Source: Wiktionary etymology (template:inh)			rudder	*rōθraz	204
1670	r uː d ə r	*rōθraz	r uː d ə r ( - - )	ruːdər	Ruder	458	German					rudder	*rōθraz	204
966	r ʌ n	*rínnaną	r ʌ n - - ( - - )	rʌn	run	265	English					run	*rínnaną	353
2161	r i n n a n	*rínnaną	r ʌ n - - ( - - )	rʌn	rinnan	265	Old_English		Source: Wiktionary etymology (template:inh) | Source: Wiktionary etymology (template:inh)			run	*rínnaną	353
965	r ɪ n ə n	*rínnaną	r ɪ n ə n ( - - )	rɪnən	rinnen	265	German					run	*rínnaną	353
737	r uː s t	*rustō	r uː s t ( - )	ruːst	roest	202	Dutch					rust	*rustō	205
736	r ʌ s t	*rustō	r ʌ s t ( - )	rʌst	rust	202	English					rust	*rustō	205
2162	r u s t	*rústō	r ʌ s t ( - )	rʌst	rust	202	Old_English	DOCUMENTED EXCEPTION (per §17.10.34): regular sound change gives **rost (Stiles 2012 §4.1.1.2 env. b: low *ō triggers a-umlaut). Campbell §115 groups with the u-preservation exceptions. No lautgesetzlich paradigm cell available: i-stem/gen.sg. cells with high *i would instead trigger i-umlaut (→ **ryst).				rust	*rustō	205
735	r ɔ s t	*rustō	r ɔ s t ( - )	rɔst	Rost	202	German					rust	*rustō	205
1464	r ɔ ɣ ə	*rúgiz	r ɔ ɣ ə ( - )	rɔɣə	rogge	400	Dutch					rye	*rúgiz	206
1463	r aɪ	*rúgiz	r aɪ - - ( - )	raɪ	rye	400	English					rye	*rúgiz	206
2163	r y ġ e	*rúgiz	r aɪ - - ( - )	raɪ	ryġe	400	Old_English		Source: Wiktionary etymology (template:inh) | Source: Wiktionary etymology (template:inh)			rye	*rúgiz	206
1462	r ɔ ɡ ə n	*rúgiz	r ɔ ɡ ə ( n )	rɔɡən	Roggen	400	German					rye	*rúgiz	206
941	z ɛɪ l	*séglą	z ɛɪ - - l ( - - )	zɛɪl	zeil	258	Dutch					sail	*séglą	207
940	s eɪ l	*séglą	s eɪ - - l ( - - )	seɪl	sail	258	English					sail	*séglą	207
2164	s e ġ l	*séglą	s eɪ - - l ( - - )	seɪl	seġl	258	Old_English		Source: Wiktionary etymology (template:inh) | Source: Wiktionary etymology (template:inh)			sail	*séglą	207
939	z eː ɡ ə l	*séglą	z eː ɡ ə l ( - - )	zeːɡəl	Segel	258	German					sail	*séglą	207
138	z aː k	*sakō	z aː k -	zaːk	zaak	38	Dutch					sake	*sakō	208
137	s ɑː k ɪ	*sakō	s eɪ k -	sɑːkɪ	sake	38	English					sake	*sakō	208
2165	s a c u	*sákō	s eɪ k -	sɑːkɪ	sacu	38	Old_English		Source: Wiktionary etymology (template:inh) | Source: Wiktionary etymology (template:inh)			sake	*sakō	208
136	z a x ə	*sakō	z a x ə	zaxə	Sache	38	German					sake	*sakō	208
1215	z ɑu t	*sáltą	z ɑu - t ( - - )	zɑut	zout	333	Dutch					salt	*sáltą	209
1214	s ɔː l t	*sáltą	s ɔː l t ( - - )	sɔːlt	salt	333	English					salt	*sáltą	209
2166	s e a l t	*sáltą	s ɔː l t ( - - )	sæɑ̯ɫt	sealt	333	Old_English		Source: Wiktionary Old English Swadesh list (retrieved 2025-12-12) | Source: Wiktionary etymology (template:inh) | Source: Wiktionary etymology (template:inh)			salt	*sáltą	209
1213	z a l ts	*sáltą	z a l ts ( - - )	zalt͡s	Salz	333	German					salt	*sáltą	209
334	z ɑ l f	*salbō	z ɑ l f -	zɑlf	zalf	92	Dutch					salve	*salbō	210
333	s æ l v	*salbō	s æ l v -	sælv	salve	92	English					salve	*salbō	210
2167	s e a l f	*sálbō	s æ l v -	sælv	sealf	92	Old_English		Source: Wiktionary etymology (template:inh) | Source: Wiktionary etymology (template:inh)			salve	*salbō	210
332	z a l b ə	*salbō	z a l b ə	zalbə	Salbe	92	German					salve	*salbō	210
977	s ɑ p	*sapōn	s ɑ p ( - - - )	sɑp	sap	268	Dutch					sap	*sapōn	211
976	s æ p	*sapōn	s æ p ( - - - )	sæp	sap	268	English					sap	*sapōn	211
2168	s æ p	*sápą	s æ p ( - - - )	sæp	sæp	268	Old_English	OE neut. a-stem (Hall, K-S); Kroonen: n-stem *safō dissolved dialectally				sap	*sápą	211
975	z a f t	*sapōn	z a f ( - - t )	zaft	Saft	268	German					sap	*sapōn	211
1490	z eː	*sái	z eː	zeː	zee	408	Dutch					sea	*sái	212
1489	s iː	*sái	s iː	siː	sea	408	English					sea	*sái	212
2169	s ǣ	*sáiwiz	s iː	sæː	sǣ	408	Old_English	Kroonen (2013): *saiwi- m. 'sea', i-stem; R/T §6.7.1: *w lost before *i → *sāwi > *sǣi > sǣ				sea	*sáiwiz	212
1488	z eː	*sái	z eː	zeː	See	408	German					sea	*sái	212
514	z oː m	*sáumaz	z oː m ( - - )	zoːm	zoom	140	Dutch					seam	*sáumaz	213
513	s iː m	*sáumaz	s iː m ( - - )	siːm	seam	140	English					seam	*sáumaz	213
2170	s ē a m	*sáumaz	s iː m ( - - )	siːm	sēam	140	Old_English		Source: Wiktionary etymology (template:inh) | Source: Wiktionary etymology (template:inh)			seam	*sáumaz	213
512	z au m	*sáumaz	z au m ( - - )	zaum	Saum	140	German					seam	*sáumaz	213
107	z uː k ə	*sōkijaną	z uː k - ə - ( - - )	zuːkə	zoeken	30	Dutch					seek	*sōkijaną	214
106	s iː k	*sōkijaną	s iː k - - - ( - - )	siːk	seek	30	English					seek	*sōkijaną	214
2171	s ē ċ a n	*sōkijaną	s iː k - - - ( - - )	siːk	sēċan	30	Old_English		Source: Wiktionary etymology (template:inh) | Source: Wiktionary etymology (template:inh)			seek	*sōkijaną	214
105	z uː x ə n	*sōkijaną	z uː x - ə n ( - - )	zuːxən	suchen	30	German					seek	*sōkijaną	214
1381	z ɛ n d ə	*sándijaną	z ɛ n d - ə - ( - - )	zɛndə	zenden	378	Dutch					send	*sándijaną	215
1380	s ɛ n d	*sándijaną	s ɛ n d - - - ( - - )	sɛnd	send	378	English					send	*sándijaną	215
2172	s e n d a n	*sándijaną	s ɛ n d - - - ( - - )	sɛnd	sendan	378	Old_English		Source: Wiktionary etymology (template:inh) | Source: Wiktionary etymology (template:inh)			send	*sándijaną	215
1379	z ɛ n d ə n	*sándijaną	z ɛ n d - ə n ( - - )	zɛndən	senden	378	German					send	*sándijaną	215
1819	z ɛ t ə	*sátjaną	z ɛ t - ə - ( - - )	zɛtə	zetten	498	Dutch					set	*sátjaną	216
1818	s ɛ t	*sátjaną	s ɛ t - - - ( - - )	sɛt	set	498	English					set	*sátjaną	216
2173	s e t t a n	*sátjaną	s ɛ t - - - ( - - )	sɛt	settan	498	Old_English		Source: Wiktionary etymology (template:inh) | Source: Wiktionary etymology (template:inh)			set	*sátjaną	216
1817	z ɛ ts ə n	*sátjaną	z ɛ ts - ə n ( - - )	zɛt͡sən	setzen	498	German					set	*sátjaną	216
177	z eː v ə	*sébun	z eː v ə -	zeːvə	zeven	50	Dutch					seven	*sébun	217
176	s ɛ v ə n	*sébun	s ɛ v ə n	sɛvṇ	seven	50	English					seven	*sébun	217
2174	s e o f o n	*sébun	s ɛ v ə n	sɛvṇ	seofon	50	Old_English		Source: Wiktionary etymology (template:inh) | Source: Wiktionary etymology (template:inh)			seven	*sébun	217
175	z iː b ə n	*sébun	z iː b ə n	ziːbən	sieben	50	German					seven	*sébun	217
1861	s x ɑ x t	*skáftą	s x ɑ x t ( - - )	sxɑxt	schacht	510	Dutch					shaft	*skáftą	218
1860	ʃ ɑː f t	*skáftą	ʃ - ɑː f t ( - - )	ʃɑːft	shaft	510	English					shaft	*skáftą	218
2175	s ċ e a f t	*skáftą	ʃ - ɑː f t ( - - )	ʃɑːft	sċeaft	510	Old_English		Source: Wiktionary etymology (template:inh) | Source: Wiktionary etymology (template:inh)			shaft	*skáftą	218
1859	ʃ a f t	*skáftą	ʃ - a f t ( - - )	ʃaft	Schaft	510	German					shaft	*skáftą	218
1081	ʃ eɪ m	*skamō	ʃ - eɪ m ( - )	ʃeɪm	shame	296	English					shame	*skamō	354
2176	s ċ a m u	*skámō	ʃ - eɪ m ( - )	ʃeɪm	sċamu	296	Old_English		Source: Wiktionary etymology (template:inh) | Source: Wiktionary etymology (template:inh)			shame	*skamō	354
1080	ʃ aː m	*skamō	ʃ - aː m ( - )	ʃaːm	Scham	296	German					shame	*skamō	354
1427	s x eː r ə	*skéraną	s x eː r ə - ( - - )	sxeːrə	scheren	390	Dutch					shear	*skéraną	219
1426	ʃ ɪə	*skéraną	ʃ - ɪə r - - ( - - )	ʃɪə	shear	390	English					shear	*skéraną	219
2177	s ċ i e r a n	*skéraną	ʃ - ɪə r - - ( - - )	ʃɪə	sċieran	390	Old_English		Source: Wiktionary etymology (template:inh) | Source: Wiktionary etymology (template:inh)			shear	*skéraną	219
1425	ʃ eː r ə n	*skéraną	ʃ - eː r ə n ( - - )	ʃeːrən	scheren	390	German					shear	*skéraną	219
1117	s x eː d ə	*skáiθiz	s x eː d ə ( - )	sxeːdə	schede	306	Dutch					sheath	*skáiθiz	220
1116	ʃ iː θ	*skáiθiz	ʃ - iː θ - ( - )	ʃiːθ	sheath	306	English					sheath	*skáiθiz	220
2178	s ċ ē a þ	*skáiθiz	ʃ - iː θ - ( - )	ʃiːθ	sċēaþ	306	Old_English		Source: Wiktionary etymology (template:inh) | Source: Wiktionary etymology (template:inh)			sheath	*skáiθiz	220
1115	ʃ ai d ə	*skáiθiz	ʃ - ai d ə ( - )	ʃaidə	Scheide	306	German					sheath	*skáiθiz	220
1371	s x aː p	*skēpą	s x aː p ( - - )	sxaːp	schaap	375	Dutch					sheep	*skēpą	221
1370	ʃ iː p	*skēpą	ʃ - iː p ( - - )	ʃiːp	sheep	375	English					sheep	*skēpą	221
2179	s ċ ē a p	*skēpą	ʃ - iː p ( - - )	ʃiːp	sċēap	375	Old_English	R/T vol.2 12522: PWGmc *skap > OE scéap (WS)				sheep	*skēpą	221
1369	ʃ aː f	*skēpą	ʃ - aː f ( - - )	ʃaːf	Schaf	375	German					sheep	*skēpą	221
310	s x ɪ l t	*skélduz	s x ɪ l t ( - - )	sxɪlt	schild	86	Dutch					shield	*skélduz	222
309	ʃ iː l d	*skélduz	ʃ - iː l d ( - - )	ʃiːld	shield	86	English					shield	*skélduz	222
2180	s c i e l d	*skélduz	ʃ - iː l d ( - - )	ʃiːld	sċield	86	Old_English		Source: Wiktionary etymology (template:inh) | Source: Wiktionary etymology (template:inh)			shield	*skélduz	222
308	ʃ ɪ l t	*skélduz	ʃ - ɪ l t ( - - )	ʃɪlt	Schild	86	German	BOR				shield	*skélduz	222
963	ʃ ɪ l ɪ ŋ	*skéllinaz	ʃ - ɪ l ɪ ŋ - ( - - )	ʃɪlɪŋ	shilling	264	English					shilling	*skéllinaz	355
2181	s ċ i l l i n g	*skéllinaz	ʃ - ɪ l ɪ ŋ - ( - - )	ʃɪlɪŋ	sċilling	264	Old_English		Source: Wiktionary etymology (template:inh) | Source: Wiktionary etymology (template:inh)			shilling	*skéllinaz	355
962	ʃ ɪ l ɪ ŋ	*skéllinaz	ʃ - ɪ l ɪ ŋ - ( - - )	ʃɪlɪŋ	Schilling	264	German					shilling	*skéllinaz	355
1401	s x ɛɪ n ə	*skīnaną	s x ɛɪ n ə - ( - - )	sxɛɪnə	schijnen	383	Dutch					shine	*skīnaną	223
1400	ʃ aɪ n	*skīnaną	ʃ - aɪ n - - ( - - )	ʃaɪn	shine	383	English					shine	*skīnaną	223
2182	s ċ ī n a n	*skīnaną	ʃ - aɪ n - - ( - - )	ʃaɪn	sċīnan	383	Old_English		Source: Wiktionary etymology (template:inh) | Source: Wiktionary etymology (template:inh)			shine	*skīnaną	223
1399	ʃ ai n ə n	*skīnaną	ʃ - ai n ə n ( - - )	ʃainən	scheinen	383	German					shine	*skīnaną	223
591	s x ɑu d ə r	*skuldrō	s x ɑu - d ə r ( - )	sxɑudər	schouder	162	Dutch					shoulder	*skuldrō	224
590	ʃ əʊ l d ə	*skuldrō	ʃ - əʊ l d ə r ( - )	ʃəʊldə	shoulder	162	English					shoulder	*skuldrō	224
2183	s c u l d r a	*skúldrō	ʃ - əʊ l d ə r ( - )	ʃəʊldə	sċuldra	162	Old_English		Source: Wiktionary etymology (template:inh) | Source: Wiktionary etymology (template:inh)			shoulder	*skuldrō	224
589	ʃ ʊ l t ə r	*skuldrō	ʃ - ʊ l t ə r ( - )	ʃʊltər	Schulter	162	German					shoulder	*skuldrō	224
1442	s x œy v ə	*skéubaną	s x œy v ə - ( - - )	sxœyvə	schuiven	394	Dutch					shove	*skéubaną	225
1441	ʃ ʌ v	*skéubaną	ʃ - ʌ v - - ( - - )	ʃʌv	shove	394	English					shove	*skéubaną	225
2184	s ċ u f o n	*skúbun	ʃ - ʌ v - - ( - - )	ʃʌv	sċufon	394	Old_English	Past 3pl. Infinitive sċūfan has analogical ū (Campbell §740); past 3pl sċufon is lautgesetzlich from *skubun.				shove	*skúbun	225
1440	ʃ iː b ə n	*skéubaną	ʃ - iː b ə n ( - - )	ʃiːbən	schieben	394	German					shove	*skéubaną	225
723	s x ɔ f ə l	*skuflō	s x ɔ f ə l ( - )	sxɔfəl	schoffel	198	Dutch					shovel	*skuflō	226
722	ʃ ʌ v ə l	*skuflō	ʃ - ʌ v ə l ( - )	ʃʌvḷ	shovel	198	English					shovel	*skuflō	226
2185	s c o f l	*skúflō	ʃ - ʌ v ə l ( - )	ʃʌvḷ	sċofl	198	Old_English		Source: Wiktionary etymology (template:inh) | Source: Wiktionary etymology (template:inh) | Proto corrected: Kroonen *skublō-/*skuflō with short u (not long ū). Palatal marker normalized.			shovel	*skuflō	226
721	ʃ au f ə l	*skuflō	ʃ - au f ə l ( - )	ʃaufəl	Schaufel	198	German					shovel	*skuflō	226
1287	s x ɑu ʋ ə	*skawōjaną	s x ɑu ʋ - - ə - ( - - )	sxɑuʋə	schouwen	353	Dutch					show	*skawōjaną	227
1286	ʃ əʊ	*skawōjaną	ʃ - əʊ - - - - - ( - - )	ʃəʊ	show	353	English					show	*skawōjaną	227
2186	s ċ ē a w i a n	*skáwōjaną	ʃ - əʊ - - - - - ( - - )	ʃəʊ	sċēawian	353	Old_English	Normalized sċ: initial sc always [ʃ] in OE (Campbell §440).	Source: Wiktionary etymology (template:inh)			show	*skawōjaną	227
1285	ʃ au ə n	*skawōjaną	ʃ - au - - - ə n ( - - )	ʃauən	schauen	353	German					show	*skawōjaną	227
1194	ʃ aʊ ə	*skūrō	ʃ - aʊ ə r ( - )	ʃaʊə	shower	327	English					shower	*skūrō	356
2187	s ċ ū r	*skūrō	ʃ - aʊ ə r ( - )	ʃaʊə	sċūr	327	Old_English		Source: Wiktionary etymology (template:inh) | Source: Wiktionary etymology (template:inh)			shower	*skūrō	356
1193	ʃ au ə r	*skūrō	ʃ - au ə r ( - )	ʃauər	Schauer	327	German					shower	*skūrō	356
231	s aɪ d	*sīdōn	s aɪ d - ( - )	saɪd	side	64	English					side	*sīdōn	357
2188	s ī d e	*sīdōn	s aɪ d - ( - )	saɪd	sīde	64	Old_English		Source: Wiktionary etymology (template:inh) | Source: Wiktionary etymology (template:inh)			side	*sīdōn	357
230	z ai t ə	*sīdōn	z ai t ə ( - )	zaitə	Seite	64	German					side	*sīdōn	357
1750	z eː f	*síbaz	z eː f ( - - )	zeːf	zeef	479	Dutch					sieve	*síbaz	228
1749	s ɪ v	*síbaz	s ɪ v ( - - )	sɪv	sieve	479	English					sieve	*síbaz	228
2189	s i f e	*síbi	s ɪ v ( - )	sɪv	sife	479	Old_English		Kroonen 2013:429 gives only *sebjō- (ja-stem fem. 'kinship' > OE sibb); 'sieve' is absent. Consensus reconstruction PGmc *sibi- (neuter i-stem, orig. s-stem *sib-iz, PIE *seib-/*seip- 'to drip, strain', Pokorny IEW I 889–890, 894). Kluge/Seebold (s.v. Sieb) WGmc *sibi- n.; Brunner §288 Anm. (orig. s-stem absorbed into i-decl.); Campbell §§608–609 (short neut. i-stem, cf. spere, gedyre). Early Corpus Glossary form sibi (Campbell §444, archaic ⟨b⟩) confirms the *-i ending. Cannot be *sibja- (would feed WGG → OE **sibb, cf. OE sibb 'kinship' < *sibjō). Cannot be *sibaz a-stem (would give OE **sif). PROTOFORM corrected 2026-04-24 from *síbaz to *síbi per §17.15 three-agent research (Kroonen, Orel, Kluge, Brunner, Campbell, R/T, Hogg, Fulk, Pokorny).			sieve	*síbaz	228
1748	z iː p	*síbaz	z iː b ( - - )	ziːp	Sieb	479	German					sieve	*síbaz	228
1569	z ɪ ŋ ə	*síngwaną	z ɪ ŋ - ə - ( - - )	zɪŋə	zingen	430	Dutch					sing	*síngwaną	229
1568	s ɪ ŋ	*síngwaną	s ɪ ŋ - - - ( - - )	sɪŋ	sing	430	English					sing	*síngwaną	229
2190	s i n g a n	*síngwaną	s ɪ ŋ - - - ( - - )	sɪŋ	singan	430	Old_English		Source: Wiktionary etymology (template:inh) | Source: Wiktionary etymology (template:inh)			sing	*síngwaną	229
1567	z ɪ ŋ ə n	*síngwaną	z ɪ ŋ - ə n ( - - )	zɪŋən	singen	430	German					sing	*síngwaną	229
1609	z ɛ ŋ ə	*sángijaną	z ɛ ŋ - - ə - ( - - )	zɛŋə	zengen	441	Dutch					singe	*sángijaną	230
1608	s ɪ n ʤ	*sángijaną	s ɪ n ʤ - - - ( - - )	sɪnʤ	singe	441	English					singe	*sángijaną	230
2191	s e n ġ a n	*sángijaną	s ɪ n ʤ - - - ( - - )	sɪnʤ	senġan	441	Old_English		Source: Wiktionary etymology (template:inh) | Source: Wiktionary etymology (template:inh)			singe	*sángijaną	230
1607	z ɛ ŋ ə n	*sángijaną	z ɛ ŋ - - ə n ( - - )	zɛŋən	sengen	441	German					singe	*sángijaną	230
1055	z ʉ s t ə r	*swestēr	z - ʉ s t ə r	zʉstər	zuster	289	Dutch					sister	*swestēr	231
1054	s ɪ s t ə	*swestēr	s - ɪ s t ə r	sɪstə	sister	289	English					sister	*swestēr	231
2192	s w e s t e r	*swéstēr	s - ɪ s t ə r	sɪstə	swester	289	Old_English		Target switched swustor → Anglian swester per DEV_NOTES §17.21: lautgesetzlich Anglian NomSg attested in Rushworth² and Lindisfarne (9th-10th c.); late-WS swustor reflects sporadic labio-velar rounding or analogical innovation, not regular sound change. §17.16/§17.20 precedent.			sister	*swestēr	231
1053	ʃ v ɛ s t ə r	*swestēr	ʃ v ɛ s t ə r	ʃvɛstər	Schwester	289	German					sister	*swestēr	231
1191	z ɪ t ə	*sétjaną	z ɪ t - ə - ( - - )	zɪtə	zitten	326	Dutch					sit	*sétjaną	232
1190	s ɪ t	*sétjaną	s ɪ t - - - ( - - )	sɪt	sit	326	English					sit	*sétjaną	232
2193	s i t t a n	*sétjaną	s ɪ t - - - ( - - )	sɪt	sittan	326	Old_English		Source: Wiktionary etymology (template:inh) | Source: Wiktionary etymology (template:inh)			sit	*sétjaną	232
1189	z ɪ ts ə n	*sétjaną	z ɪ ts - ə n ( - - )	zɪt͡sən	sitzen	326	German					sit	*sétjaną	232
1162	z ɛ s	*séxs	z ɛ - s	zɛs	zes	318	Dutch					six	*séxs	233
1161	s ɪ k s	*séxs	s ɪ k s	sɪks	six	318	English					six	*séxs	233
2194	s i x	*séxs	s ɪ k s	sɪks	six	318	Old_English		Source: Wiktionary etymology (template:inh) | Source: Wiktionary etymology (template:inh)			six	*séxs	233
1160	z ɛ k s	*séxs	z ɛ k s	zɛks	sechs	318	German					six	*séxs	233
1146	s l aː n	*sláxaną	s l aː - - n ( - - )	slaːn	slaan	314	Dutch					slay	*sláxaną	234
1145	s l eɪ	*sláxaną	s l eɪ - - - ( - - )	sleɪ	slay	314	English					slay	*sláxaną	234
2195	s l ē a n	*sláxaną	s l eɪ - - - ( - - )	sleɪ	slēan	314	Old_English		Source: Wiktionary etymology (template:inh) | Source: Wiktionary etymology (template:inh)			slay	*sláxaną	234
1144	ʃ l aː ɡ ə n	*sláxaną	ʃ l aː ɡ ə n ( - - )	ʃlaːɡən	schlagen	314	German					slay	*sláxaną	234
1668	s l aː p ə	*slēpaną	s l aː p ə - ( - - )	slaːpə	slapen	457	Dutch					sleep	*slēpaną	235
1667	s l iː p	*slēpaną	s l iː p - - ( - - )	sliːp	sleep	457	English					sleep	*slēpaną	235
2196	s l ǣ p a n	*slēpaną	s l iː p - - ( - - )	sliːp	slǣpan	457	Old_English	OE target: slǣp→slǣpan (inf. of str.v. class VII 'to sleep')				sleep	*slēpaną	235
1666	ʃ l aː f ə n	*slēpaną	ʃ l aː f ə n ( - - )	ʃlaːfən	schlafen	457	German					sleep	*slēpaną	235
1912	s l ɛɪ m	*slīmą	s l ɛɪ m ( - - )	slɛɪm	slijm	524	Dutch					slime	*slīmą	236
1911	s l aɪ m	*slīmą	s l aɪ m ( - - )	slaɪm	slime	524	English					slime	*slīmą	236
2197	s l ī m	*slīmą	s l aɪ m ( - - )	slaɪm	slīm	524	Old_English		Source: Wiktionary etymology (template:inh) | Source: Wiktionary etymology (template:inh)			slime	*slīmą	236
1910	ʃ l ai m	*slīmą	ʃ l ai m ( - - )	ʃlaim	Schleim	524	German					slime	*slīmą	236
1815	s m eː r ə	*smérwijaną	s m eː r - - ə - ( - - )	smeːrə	smeren	497	Dutch					smear	*smérwijaną	237
1814	s m ɪə	*smérwijaną	s m ɪə r - - - - ( - - )	smɪə	smear	497	English					smear	*smérwijaną	237
2198	s m ie r w a n	*smérwijaną	s m ɪə r - - - - ( - - )	smɪə	smierwan	497	Old_English	Source: Kroonen p.458 *smerwjan- > OE smierwan; R/T §6.7.1 p.289 WS smierwan (Merc. smirwan is Anglian)				smear	*smérwijaną	237
1813	ʃ m iː r ə n	*smérwijaną	ʃ m iː r - - ə n ( - - )	ʃmiːrən	schmieren	497	German					smear	*smérwijaną	237
1059	s n eː ʋ	*snáiwaz	s n eː ( ʋ - - )	sneːʋ	sneeuw	290	Dutch					snow	*snáiwaz	238
1058	s n əʊ	*snáiwaz	s n əʊ ( - - - )	snəʊ	snow	290	English					snow	*snáiwaz	238
2199	s n ā w	*snáiwaz	s n əʊ ( - - - )	snɑːw	snāw	290	Old_English		Source: Wiktionary Old English Swadesh list (retrieved 2025-12-12) | Source: Wiktionary etymology (template:inh) | Source: Wiktionary etymology (template:inh) | TSV fix: proto *snaigwăz → *snaiwăz (Kroonen *snaiwa-, R/T *snaiwaz; no labiovelar in this etymology).			snow	*snáiwaz	238
1057	ʃ n eː	*snáiwaz	ʃ n eː ( - - - )	ʃneː	Schnee	290	German					snow	*snáiwaz	238
1100	z ɔ r x	*surgō	z ɔ r x -	zɔrx	zorg	301	Dutch					sorrow	*surgō	239
1099	s ɔ r əʊ	*surgō	s ɔ r əʊ -	sɔrəʊ	sorrow	301	English					sorrow	*surgō	239
2200	s o r g	*súrgō	s ɔ r əʊ -	sɔrəʊ	sorg	301	Old_English		Source: Wiktionary etymology (template:inh) | Source: Wiktionary etymology (template:inh)			sorrow	*surgō	239
1098	z ɔ r ɡ ə	*surgō	z ɔ r ɡ ə	zɔrɡə	Sorge	301	German					sorrow	*surgō	239
1325	z iː l	*saiwalō	z iː - - l -	ziːl	ziel	363	Dutch					soul	*saiwalō	240
1324	s əʊ l	*saiwalō	s əʊ - - l -	səʊl	soul	363	English					soul	*saiwalō	240
2201	s ā w o l	*sáiwalō	s əʊ - - l -	səʊl	sāwol	363	Old_English		Source: Wiktionary etymology (template:inh) | Source: Wiktionary etymology (template:inh)			soul	*saiwalō	240
1323	z eː l ə	*saiwalō	z eː - - l ə	zeːlə	Seele	363	German					soul	*saiwalō	240
1359	s p ɑ n ə	*spánnaną	s p ɑ n ə - ( - - )	spɑnə	spannen	372	Dutch					span	*spánnaną	241
1358	s p æ n	*spánnaną	s p æ n - - ( - - )	spæn	span	372	English					span	*spánnaną	241
2202	s p a n n a n	*spánnaną	s p æ n - - ( - - )	spæn	spannan	372	Old_English	OE target: spann→spannan (inf. of str.v. class VII; noun 'spann' in *spannō row)				span	*spánnaną	241
570	s p æ n	*spannō	s p æ n ( - )	spæn	span	156	English					span	*spannō	241
2203	s p a n n e	*spánnai	s p æ n ( - )	spæn	spanne	156	Old_English	Dat.sg. paradigm-cell (Brunner §252). Fem. ō-stem dat.sg. *-ai preserves medial geminate; unstressed word-final *ai→*ē (R/T §6.1.5; §17.12).	See DEV_NOTES §fem-ō-stem-datsg.			span	*spannō	241
1357	ʃ p a n ə n	*spánnaną	ʃ p a n ə n ( - - )	ʃpanən	spannen	372	German					span	*spánnaną	241
569	ʃ p a n ə	*spannō	ʃ p a n ( ə )	ʃpanə	Spanne	156	German					span	*spannō	241
1232	s p ɑ r	*sparrô	s p ɑ r - -	spɑr	spar	338	Dutch					spar	*sparrô	242
1231	s p ɑː	*sparrô	s p ɑː r - -	spɑː	spar	338	English					spar	*sparrô	242
2204	s p e a r r a	*spárrô	s p ɑː r - -	spɑː	spearra	338	Old_English	Kroonen *sparran- m. 'rafter, spar' → OE spearra m.; sperran is the verb 'to bar'				spar	*sparrô	242
1230	ʃ p a r ə n	*sparrô	ʃ p a r ə n	ʃparən	Sparren	338	German					spar	*sparrô	242
835	s p aː r ə	*sparēną	s p aː r ə - ( - - )	spaːrə	sparen	229	Dutch					spare	*sparēną	243
834	s p ɛə	*sparēną	s p ɛə r - - ( - - )	spɛə	spare	229	English					spare	*sparēną	243
2205	s p a r i a n	*spárēną	s p ɛə r - - ( - - )	spɛə	sparian	229	Old_English	R/T: PGmc *sparēną > OE sparian (to spare); not adj spær				spare	*sparēną	243
833	ʃ p aː r ə n	*sparēną	ʃ p aː r ə n ( - - )	ʃpaːrən	sparen	229	German					spare	*sparēną	243
367	s p eː r	*spéru	s p eː r ( - )	speːr	speer	101	Dutch					spear	*spéru	244
366	s p ɪə	*spéru	s p ɪə r ( - )	spɪə	spear	101	English					spear	*spéru	244
2206	s p e o r u	*spéru	s p ɪə r u	spɪəru	speoru	101	Old_English		Paradigm-cell target: NApl speoru (Épinal-Erfurt "Contos, speoru"; Brunner §110.1; Campbell §607). Lautgesetzlich outcome of *spéru via back-umlaut + retention of -u after light stem (Campbell §210). WS spere is analogical levelling from NSg (Campbell §210.1). See DEV_NOTES §17.16–17.17.			spear	*spéru	244
365	ʃ p eː r	*spéru	ʃ p eː r ( - )	ʃpeːr	Speer	101	German					spear	*spéru	244
303	s p ɪ n ə	*spínnaną	s p ɪ n ə - ( - - )	spɪnə	spinnen	84	Dutch					spin	*spínnaną	245
302	s p ɪ n	*spínnaną	s p ɪ n - - ( - - )	spɪn	spin	84	English					spin	*spínnaną	245
2207	s p i n n a n	*spínnaną	s p ɪ n - - ( - - )	spɪn	spinnan	84	Old_English		Source: Wiktionary etymology (template:inh) | Source: Wiktionary etymology (template:inh)			spin	*spínnaną	245
301	ʃ p ɪ n ə n	*spínnaną	ʃ p ɪ n ə n ( - - )	ʃpɪnən	spinnen	84	German					spin	*spínnaną	245
181	s p ɪ l	*spennilō	s p ɪ - - - l ( - )	spɪl	spil	51	Dutch					spindle	*spennilō	246
180	s p ɪ n d ə l	*spennilō	s p ɪ n d ə l ( - )	spɪndḷ	spindle	51	English					spindle	*spennilō	246
2208	s p i n d l e	*spénnilō	s p ɪ n d ə l ( - )	spɪndḷ	spindle	51	Old_English		Source: Wiktionary etymology (template:inh) | Source: Wiktionary etymology (template:inh)			spindle	*spennilō	246
179	ʃ p ɪ n d ə l	*spennilō	ʃ p ɪ n d ə l ( - )	ʃpɪndəl	Spindel	51	German					spindle	*spennilō	246
417	s p aː n	*spēnuz	s p aː n ( - - )	spaːn	spaan	114	Dutch					spoon	*spēnuz	247
416	s p uː n	*spēnuz	s p uː n ( - - )	spuːn	spoon	114	English					spoon	*spēnuz	247
2209	s p ō n	*spēnuz	s p uː n ( - - )	spuːn	spōn	114	Old_English		Source: Wiktionary etymology (template:inh) | Source: Wiktionary etymology (template:inh)			spoon	*spēnuz	247
415	ʃ p aː n	*spēnuz	ʃ p aː n ( - - )	ʃpaːn	Span	114	German					spoon	*spēnuz	247
1504	s p r ɛɪ d ə	*spráidijaną	s p r ɛɪ d - ə - ( - - )	sprɛɪdə	spreiden	412	Dutch					spread	*spráidijaną	248
1503	s p r ɛ d	*spráidijaną	s p r ɛ d - - - ( - - )	sprɛd	spread	412	English					spread	*spráidijaną	248
2210	s p r ǣ d a n	*spráidijaną	s p r ɛ d - - - ( - - )	sprɛd	sprǣdan	412	Old_English		Source: Wiktionary etymology (template:inh) | Source: Wiktionary etymology (template:inh)			spread	*spráidijaną	248
1502	ʃ p r ai t ə n	*spráidijaną	ʃ p r ai t - ə n ( - - )	ʃpraitən	spreiten	412	German					spread	*spráidijaną	248
71	s p oː r	*spurô	s p oː r ( - - )	spoːr	spoor	20	Dutch					spur	*spurô	249
70	s p ɜː	*spurô	s p ɜː r ( - - )	spɜː	spur	20	English					spur	*spurô	249
2211	s p o r a	*spúrô	s p ɜː r ( - - )	spɜː	spora	20	Old_English		Source: Wiktionary etymology (template:inh) | Source: Wiktionary etymology (template:inh)			spur	*spurô	249
69	ʃ p ɔ r n	*spurô	ʃ p ɔ r ( - n )	ʃpɔrn	Sporn	20	German					spur	*spurô	249
1405	s t ɑ f	*stábiz	s t ɑ f ( - - )	stɑf	staf	384	Dutch					staff	*stábiz	250
1404	s t ɑː f	*stábiz	s t ɑː f ( - - )	stɑːf	staff	384	English					staff	*stábiz	250
2212	s t æ f	*stábaz	s t ɑː f ( - - )	stɑːf	stæf	384	Old_English	Kroonen: *staba- m. 'staff; letter' (a-stem). OE stæf has æ (not e), ruling out i-stem *-iz. Using a-stem *stabăz.				staff	*stábaz	250
1403	ʃ t aː p	*stábiz	ʃ t aː b ( - - )	ʃtaːp	Stab	384	German					staff	*stábiz	250
30	s t aː r t	*stúrtijaną	s t aː r t ( - - )	staːrt	staart	8	Dutch					start	*stúrtijaną	251
29	s t ɑː t	*stúrtijaną	s t ɑː - t ( - - )	stɑːt	start	8	English					start	*stúrtijaną	251
2213	s t y r t a n	*stúrtijaną	s t ɑː - t ( - - )	stɑːt	styrtan	8	Old_English		Source: Wiktionary etymology (template:inh) | Source: Wiktionary etymology (template:inh)			start	*stúrtijaną	251
28	ʃ t ɛ r ts	*stúrtijaną	ʃ t ɛ r ts ( - - )	ʃtɛrt͡s	Sterz	8	German					start	*stúrtijaną	251
322	s t ɛ r v ə	*stérbaną	s t ɛ r v ə - - -	stɛrvə	sterven	89	Dutch					starve	*stérbaną	252
321	s t ɑː v	*stérbaną	s t ɑː - v - - - -	stɑːv	starve	89	English					starve	*stérbaną	252
2214	s t e o r f a n	*stérbaną	s t ɑː - v - - - -	stɑːv	steorfan	89	Old_English		Source: Wiktionary etymology (template:inh) | Source: Wiktionary etymology (template:inh)			starve	*stérbaną	252
320	ʃ t ɛ r b ə n	*stérbaną	ʃ t ɛ r b ə n - -	ʃtɛrbən	sterben	89	German					starve	*stérbaną	252
460	s t eː l ə	*stélaną	s t eː l ə - ( - - )	steːlə	stelen	126	Dutch					steal	*stélaną	253
459	s t iː l	*stélaną	s t iː l - - ( - - )	stiːl	steal	126	English					steal	*stélaną	253
2215	s t e l a n	*stélaną	s t iː l - - ( - - )	stiːl	stelan	126	Old_English		Source: Wiktionary etymology (Old English link) | Source: Wiktionary etymology (Old English link)			steal	*stélaną	253
458	ʃ t eː l ə n	*stélaną	ʃ t eː l ə n ( - - )	ʃteːlən	stehlen	126	German					steal	*stélaną	253
1627	s t ɑ m	*stámnaz	s t ɑ m ( - - - )	stɑm	stam	446	Dutch					stem	*stámnaz	254
1626	s t ɛ m	*stámnaz	s t ɛ m ( - - - )	stɛm	stem	446	English					stem	*stámnaz	254
2216	s t e f n	*stébnō	s t e f n	stefn	stefn	446	Old_English	Pre-OE transponent *stebn- (citation form *stebnō per R/T p.330) > OE stefn. The form stemn is a later WS variant (fn > mn assimilation, Bülbring §445: 'erst in Alfreds Zeit'). The deeper PGmc reconstruction remains disputed (see DEV_NOTES); this entry uses the local pre-OE transponent and defers cross-branch analysis.				stem	*stebnō	254
1625	ʃ t a m	*stámnaz	ʃ t a m ( - - - )	ʃtam	Stamm	446	German					stem	*stámnaz	254
1397	s t ɪ l ə	*stéllijaną	s t ɪ l - ə - ( - - )	stɪlə	stillen	382	Dutch					still	*stéllijaną	255
1396	s t ɪ l	*stéllijaną	s t ɪ l - - - ( - - )	stɪl	still	382	English					still	*stéllijaną	255
2217	s t i l l a n	*stéllijaną	s t ɪ l - - - ( - - )	stɪl	stillan	382	Old_English	OE stillan wv. 'to still, calm' matches verb form of Du. stillen, G stillen; stille is adj.				still	*stéllijaną	255
1395	ʃ t ɪ l ə n	*stéllijaną	ʃ t ɪ l - ə n ( - - )	ʃtɪlən	stillen	382	German					still	*stéllijaną	255
449	s t ɛ l t	*steltjōn	s t ɛ l t - - ( - )	stɛlt	stelt	123	Dutch					stilt	*steltjōn	256
448	s t ɪ l t	*steltjōn	s t ɪ l t - - ( - )	stɪlt	stilt	123	English					stilt	*steltjōn	256
2218	* s t i l t e	*stéltjōn	s t ɪ l t - - ( - )	stɪlt	-	123	Old_English	Unattested OE; reconstructed *stilte.	Source: Wiktionary etymology (template:inh) | Source: Wiktionary etymology (template:inh)			stilt	*steltjōn	256
447	ʃ t ɛ l ts ə	*steltjōn	ʃ t ɛ l ts - ə ( - )	ʃtɛlt͡sə	Stelze	123	German					stilt	*steltjōn	256
1902	s t ɔ k	*stúkkaz	s t ɔ k ( - - )	stɔk	stok	521	Dutch					stock	*stúkkaz	257
1901	s t ɔ k	*stúkkaz	s t ɔ k ( - - )	stɔk	stock	521	English					stock	*stúkkaz	257
2219	s t o c c	*stúkkaz	s t ɔ k ( - - )	stɔk	stocc	521	Old_English		Source: Wiktionary etymology (template:inh) | Source: Wiktionary etymology (template:inh)			stock	*stúkkaz	257
1900	ʃ t ɔ k	*stúkkaz	ʃ t ɔ k ( - - )	ʃtɔk	Stock	521	German					stock	*stúkkaz	257
1416	s t eː n	*stáinaz	s t eː n ( - - )	steːn	steen	387	Dutch					stone	*stáinaz	258
1415	s t əʊ n	*stáinaz	s t əʊ n ( - - )	stəʊn	stone	387	English					stone	*stáinaz	258
2220	s t ā n	*stáinaz	s t əʊ n ( - - )	stɑːn	stān	387	Old_English		Source: Wiktionary Old English Swadesh list (retrieved 2025-12-12) | Source: Wiktionary etymology (template:inh) | Source: Wiktionary etymology (template:inh)			stone	*stáinaz	258
1414	ʃ t ai n	*stáinaz	ʃ t ai n ( - - )	ʃtain	Stein	387	German					stone	*stáinaz	258
1895	s t uː l	*stōlaz	s t uː l ( - - )	stuːl	stoel	519	Dutch					stool	*stōlaz	259
1894	s t uː l	*stōlaz	s t uː l ( - - )	stuːl	stool	519	English					stool	*stōlaz	259
2221	s t ō l	*stōlaz	s t uː l ( - - )	stuːl	stōl	519	Old_English		Source: Wiktionary etymology (template:inh) | Source: Wiktionary etymology (template:inh)			stool	*stōlaz	259
1893	ʃ t uː l	*stōlaz	ʃ t uː l ( - - )	ʃtuːl	Stuhl	519	German					stool	*stōlaz	259
594	s t ɔː k	*stúrkaz	s t ɔː - k ( - - )	stɔːk	stork	163	English					stork	*stúrkaz	358
2222	s t o r c	*stúrkaz	s t ɔː - k ( - - )	stɔːk	storc	163	Old_English		Source: Wiktionary etymology (template:inh) | Source: Wiktionary etymology (template:inh)			stork	*stúrkaz	358
593	ʃ t ɔ r x	*stúrkaz	ʃ t ɔ r x ( - - )	ʃtɔrx	Storch	163	German					stork	*stúrkaz	358
672	s t ɔ r m	*stúrmaz	s t ɔ r m ( - - )	stɔrm	storm	184	Dutch					storm	*stúrmaz	260
671	s t ɔː m	*stúrmaz	s t ɔː - m ( - - )	stɔːm	storm	184	English					storm	*stúrmaz	260
2223	s t o r m	*stúrmaz	s t ɔː - m ( - - )	stɔːm	storm	184	Old_English		Source: Wiktionary etymology (template:der) | Source: Wiktionary etymology (template:der)			storm	*stúrmaz	260
670	ʃ t ʊ r m	*stúrmaz	ʃ t ʊ r m ( - - )	ʃtʊrm	Sturm	184	German					storm	*stúrmaz	260
1255	s t r oː	*stráwą	s t r oː ( - - - )	stroː	stro	344	Dutch					straw	*stráwą	261
1254	s t r ɔː	*stráwą	s t r ɔː ( - - - )	strɔː	straw	344	English					straw	*stráwą	261
2224	s t r ē a w	*stráwą	s t r ɔː ( - - - )	strɔː	strēaw	344	Old_English		Source: Wiktionary etymology (template:inh) | Source: Wiktionary etymology (template:inh)			straw	*stráwą	261
1253	ʃ t r oː	*stráwą	ʃ t r oː ( - - - )	ʃtroː	Stroh	344	German					straw	*stráwą	261
1363	s t r oː m	*stráumaz	s t r oː m ( - - )	stroːm	stroom	373	Dutch					stream	*stráumaz	262
1362	s t r iː m	*stráumaz	s t r iː m ( - - )	striːm	stream	373	English					stream	*stráumaz	262
2225	s t r ē a m	*stráumaz	s t r iː m ( - - )	striːm	strēam	373	Old_English		Source: Wiktionary etymology (template:inh) | Source: Wiktionary etymology (template:inh)			stream	*stráumaz	262
1361	ʃ t r oː m	*stráumaz	ʃ t r oː m ( - - )	ʃtroːm	Strom	373	German					stream	*stráumaz	262
733	s t r ɛ k ə	*strákkijaną	s t r ɛ k - ə - ( - - )	strɛkə	strekken	201	Dutch					stretch	*strákkijaną	263
732	s t r ɛ ʧ	*strákkijaną	s t r ɛ ʧ - - - ( - - )	strɛʧ	stretch	201	English					stretch	*strákkijaną	263
2226	s t r e ċ ċ a n	*strákkijaną	s t r ɛ ʧ - - - ( - - )	strɛʧ	streċċan	201	Old_English		Source: Wiktionary etymology (template:inh) | Source: Wiktionary etymology (template:inh)			stretch	*strákkijaną	263
731	ʃ t r ɛ k ə n	*strákkijaną	ʃ t r ɛ k - ə n ( - - )	ʃtrɛkən	strecken	201	German					stretch	*strákkijaną	263
359	s t r oː j ə	*stráwjaną	s t r oː - j ə - ( - - )	stroːjə	strooien	99	Dutch					strew	*stráwjaną	264
358	s t r uː	*stráwjaną	s t r uː - - - - ( - - )	struː	strew	99	English					strew	*stráwjaną	264
2227	s t r ī e ġ a n	*stráwjaną	s t r uː - - - - ( - - )	struː	strīeġan	99	Old_English	Unattested West Saxon cognate; reconstructed *strīeġan per regular WS development of PGmc *straujan-. Attested Anglian strēgan (cf. Ringe & Taylor vol.2 §6.1) proves the class 1 weak verb was inherited into English; the WS form was remodelled as class 2 strewian. We target the predicted WS reflex and deliberately do not model the Anglian-specific smoothing *ēa → *ē / _ġ. See DEV_NOTES §17.10.36.	Source: Wiktionary etymology (template:inh) | Source: Wiktionary etymology (template:inh)			strew	*stráwjaną	264
357	ʃ t r ɔy ə n	*stráwjaną	ʃ t r ɔy - - ə n ( - - )	ʃtrɔyən	streuen	99	German					strew	*stráwjaną	264
495	s t r ɛ ŋ	*strángiz	s t r ɛ ŋ - ( - - )	strɛŋ	streng	135	Dutch					string	*strángiz	265
494	s t r ɪ ŋ	*strángiz	s t r ɪ ŋ - ( - - )	strɪŋ	string	135	English					string	*strángiz	265
2228	s t r e n ġ	*strángiz	s t r ɪ ŋ - ( - - )	strɪŋ	strenġ	135	Old_English		Source: Wiktionary etymology (template:inh) | Source: Wiktionary etymology (template:inh)			string	*strángiz	265
493	ʃ t r a ŋ	*strángiz	ʃ t r a ŋ - ( - - )	ʃtraŋ	Strang	135	German					string	*strángiz	265
607	s t ʌ d	*stōdą	s t ʌ d - ( - )	stʌd	stud	167	English					stud	*stōdą	359
2229	s t ō d	*stōdą	s t ʌ d - ( - )	stʌd	stōd	167	Old_English		Source: Wiktionary etymology (template:inh) | Source: Wiktionary etymology (template:inh)			stud	*stōdą	359
606	ʃ t uː t ə	*stōdą	ʃ t uː t ə ( - )	ʃtuːtə	Stute	167	German					stud	*stōdą	359
1872	z oː m ə r	*súmaraz	z oː m ə r ( - - )	zoːmər	zomer	513	Dutch					summer	*súmaraz	266
1871	s ʌ m ə	*súmaraz	s ʌ m ə r ( - - )	sʌmə	summer	513	English					summer	*súmaraz	266
2230	s u m e r	*súmaraz	s ʌ m ə r ( - - )	sʌmər	sumer	513	Old_English	Note: proto corrected *sumerăz→*sumarăz (Kroonen *sumara-, R/T *sumaraz both have *a). Both sumer and sumor attested (Kroonen); sumer is the regular reflex via a-fronting (R/T §5.1.2, §6.9.6). sumor has unexplained -o- (R/T §3.1.5).	Source: Wiktionary etymology (template:der) | Source: Wiktionary etymology (template:der)			summer	*súmaraz	266
1870	z ɔ m ə r	*súmaraz	z ɔ m ə r ( - - )	zɔmər	Sommer	513	German					summer	*súmaraz	266
1758	z ɔ n	*sunnōn	z ɔ n ( - - )	zɔn	zon	481	Dutch					sun	*sunnōn	267
1757	s ʌ n	*sunnōn	s ʌ n ( - - )	sʌn	sun	481	English					sun	*sunnōn	267
2231	s u n n e	*súnnōn	s ʌ n ( - - )	ˈsun.ne	sunne	481	Old_English		Source: Wiktionary Old English Swadesh list (retrieved 2025-12-12) | Source: Wiktionary etymology (template:inh) | Source: Wiktionary etymology (template:inh)			sun	*sunnōn	267
1756	z ɔ n ə	*sunnōn	z ɔ n ( ə - )	zɔnə	Sonne	481	German					sun	*sunnōn	267
1656	ɑ f s ɔ n d ə r ə	*sundrōjaną	( ɑ f ) s ɔ n d ə r ( ə - - - - - )	ɑfsɔndərə	afzonderen	454	Dutch					sunder	*sundrōjaną	268
1655	s ʌ n d ə	*sundrōjaną	( - - ) s ʌ n d ə r ( - - - - - - )	sʌndə	sunder	454	English					sunder	*sundrōjaną	268
2232	s u n d o r	*súndrōjaną	( - - ) s ʌ n d ə r ( - - - - - - )	sʌndə	sundor-	454	Old_English		Source: Wiktionary etymology (template:der) | Source: Wiktionary etymology (template:der)			sunder	*sundrōjaną	268
1654	z ɔ n d ə r n	*sundrōjaną	( - - ) z ɔ n d ə r ( - n - - - - )	zɔndərn	sondern	454	German					sunder	*sundrōjaną	268
1367	z œy p ə	*sūpaną	z œy p ə - ( - - )	zœypə	zuipen	374	Dutch					sup	*sūpaną	269
1366	s ʌ p	*sūpaną	s ʌ p - - ( - - )	sʌp	sup	374	English					sup	*sūpaną	269
2233	s ū p a n	*sūpaną	s ʌ p - - ( - - )	sʌp	sūpan	374	Old_English		Source: Wiktionary etymology (template:inh) | Source: Wiktionary etymology (template:inh)			sup	*sūpaną	269
1365	z au f ə n	*sūpaną	z au f ə n ( - - )	zaufən	saufen	374	German					sup	*sūpaną	269
1283	z ʋ aː l yː ʋ	*swalwōn	z ʋ aː l ( yː ʋ - - )	zʋaːlyːʋ	zwaluw	352	Dutch					swallow	*swalwōn	270
1282	s ʋ ɔ l əʊ	*swalwōn	s ʋ ɔ l ( əʊ - - - )	sʋɔləʊ	swallow	352	English					swallow	*swalwōn	270
2234	s w e a l w e	*swálwōn	s ʋ ɔ l ( əʊ - - - )	sʋɔləʊ	swealwe	352	Old_English	Kroonen *swalwōn- f. 'swallow (bird)' → OE swealwe f.; swelgan is the verb 'to swallow'	TSV fix: proto *swalgwōn → *swalwōn (Kroonen *swalwōn-, R/T *swalwa; no *g in this etymology, confused with *swelganą to swallow).			swallow	*swalwōn	270
1281	ʃ v a l b ə	*swalwōn	ʃ v a l ( - b ə - )	ʃvalbə	Schwalbe	352	German					swallow	*swalwōn	270
1630	s ʋ ɔ n	*swánaz	s ʋ ɔ n ( - - )	sʋɔn	swan	447	English					swan	*swánaz	360
2235	s w a n	*swánas	s ʋ ɔ n ( - - )	sʋɔn	swanes	447	Old_English		Source: Wiktionary etymology (template:inh) | Source: Wiktionary etymology (template:inh)	 | Note: using gen.sg. *swanas (> swanes)		swan	*swánas	360
1629	ʃ v aː n	*swánaz	ʃ v aː n ( - - )	ʃvaːn	Schwan	447	German					swan	*swánaz	360
679	s ʋ ɛ l	*swéllaną	s ʋ ɛ l - - ( - - )	sʋɛl	swell	186	English					swell	*swéllaną	361
2236	s w e l l a n	*swéllaną	s ʋ ɛ l - - ( - - )	sʋɛl	swellan	186	Old_English		Source: Wiktionary etymology (template:inh) | Source: Wiktionary etymology (template:inh)			swell	*swéllaną	361
678	ʃ v ɛ l ə n	*swéllaną	ʃ v ɛ l ə n ( - - )	ʃvɛlən	schwellen	186	German					swell	*swéllaną	361
985	z ʋ ɛ m ə	*swímmaną	z ʋ ɛ m ə - ( - - )	zʋɛmə	zwemmen	270	Dutch					swim	*swímmaną	271
984	s ʋ ɪ m	*swímmaną	s ʋ ɪ m - - ( - - )	sʋɪm	swim	270	English					swim	*swímmaną	271
2237	s w i m m a n	*swímmaną	s ʋ ɪ m - - ( - - )	sʋɪm	swimman	270	Old_English		Source: Wiktionary etymology (template:inh) | Source: Wiktionary etymology (template:inh)			swim	*swímmaną	271
983	ʃ v ɪ m ə n	*swímmaną	ʃ v ɪ m ə n ( - - )	ʃvɪmən	schwimmen	270	German					swim	*swímmaną	271
1078	z ʋ ɛɪ n	*swīną	z ʋ ɛɪ n ( - - )	zʋɛɪn	zwijn	295	Dutch					swine	*swīną	272
1077	s ʋ aɪ n	*swīną	s ʋ aɪ n ( - - )	sʋaɪn	swine	295	English					swine	*swīną	272
2238	s w ī n	*swīną	s ʋ aɪ n ( - - )	sʋaɪn	swīn	295	Old_English	Proto: oblique *swīnăn→*swīną (n. a-stem nom.sg.; Kroonen)				swine	*swīną	272
1076	ʃ v ai n	*swīną	ʃ v ai n ( - - )	ʃvain	Schwein	295	German					swine	*swīną	272
209	z ʋ aː r t	*swérdą	z ʋ aː r t ( - - )	zʋaːrt	zwaard	58	Dutch					sword	*swérdą	273
208	s ɔː d	*swérdą	s - ɔː - d ( - - )	sɔːd	sword	58	English					sword	*swérdą	273
2239	s w e o r d	*swérdą	s - ɔː - d ( - - )	sɔːd	sweord	58	Old_English		Source: Wiktionary etymology (template:inh) | Source: Wiktionary etymology (template:inh)			sword	*swérdą	273
207	ʃ v eː r t	*swérdą	ʃ v eː r t ( - - )	ʃveːrt	Schwert	58	German					sword	*swérdą	273
330	t ɑ p	*tappô	t ɑ p - ( - )	tɑp	tap	91	Dutch					tap	*tappô	274
329	t æ p	*tappô	t æ p - ( - )	tæp	tap	91	English					tap	*tappô	274
2240	t æ p p a	*táppô	t æ p p a	tæppa	tæppa	91	Old_English	N-stem masc. nom.sg.; attested OE `tæppa` (Orel s.v. *tappòn; Kroonen n-stems §1381). The `æ` is analogical — no cell of the nominal paradigm yields lautgesetzlich `tæpp-` (all cells have back vowels in the following syllable at AFB time), and the Class I weak j-verb pathway yields `teppan` via i-umlaut (not `tæppan`). Most plausibly levelled from the co-radical j-stems which themselves show analogical `æ` in the manner of Fulk §12.19 n.6 on `stæppan`. FST's lautgesetzlich output is `tappa` by A-restoration; mismatch retained as a documented analogical case. See DEV_NOTES §17.10.16a–c.				tap	*táppô	274
328	ts a pf ə n	*tappô	ts a pf ə ( n )	t͡sap͡fən	Zapfen	91	German					tap	*tappô	274
1389	t oː m	*táugmaz	t oː - m ( - - )	toːm	toom	380	Dutch					team	*táugmaz	275
1388	t iː m	*táugmaz	t iː - m ( - - )	tiːm	team	380	English					team	*táugmaz	275
2241	t ē a m	*táugmaz	t iː - m ( - - )	tiːm	tēam	380	Old_English		Source: Wiktionary etymology (template:inh) | Source: Wiktionary etymology (template:inh)			team	*táugmaz	275
1387	ts au m	*táugmaz	ts au - m ( - - )	t͡saum	Zaum	380	German					team	*táugmaz	275
863	t iː n	*téxun	t iː - - n	tiːn	tien	237	Dutch					ten	*téxun	276
862	t ɛ n	*téxun	t ɛ - - n	tɛn	ten	237	English					ten	*téxun	276
2242	t ī e n	*téxun	t ɛ - - n	tɛn	tīen	237	Old_English		Source: Wiktionary etymology (template:inh) | Source: Wiktionary etymology (template:inh)			ten	*téxun	276
861	ts eː n	*téxun	ts eː - - n	t͡seːn	zehn	237	German					ten	*téxun	276
1804	θ eɪ n	*θégnaz	θ eɪ - - n ( - - )	θeɪn	thane	494	English					thane	*θégnaz	362
2243	þ e ġ n	*θégnaz	θ eɪ - - n ( - - )	θeɪn	þeġn	494	Old_English		Source: Wiktionary etymology (template:inh) | Source: Wiktionary etymology (template:inh) | TSV fix: target þæġn → þeġn (R/T reconstruct *θegnaz with *e and give OE þegn, matching pipeline output).			thane	*θégnaz	362
1803	d eː ɡ ə n	*θégnaz	d eː ɡ ə n ( - - )	deːɡən	Degen	494	German					thane	*θégnaz	362
1198	d ɑ ŋ k	*θánkaz	d ɑ ŋ k ( - - )	dɑŋk	dank	328	Dutch	!				thanks	*θánkaz	277
1197	θ æ ŋ k s	*θánkaz	θ æ ŋ k ( - s )	θæŋks	thanks	328	English	!				thanks	*θánkaz	277
2244	þ a n c	*θánkaz	θ æ ŋ k ( - s )	θæŋks	þanc	328	Old_English		TSV: þancas (nom.pl.) → þanc (nom.sg.); *θankăz is masc. a-stem nom.sg.			thanks	*θánkaz	277
1196	d a ŋ k	*θánkaz	d a ŋ k ( - - )	daŋk	Dank	328	German					thanks	*θánkaz	277
952	d ɑ k	*θáką	d ɑ k ( - - )	dɑk	dak	261	Dutch					thatch	*θáką	278
951	θ æ ʧ	*θáką	θ æ ʧ ( - - )	θæʧ	thatch	261	English					thatch	*θáką	278
2245	þ æ c	*θáką	θ æ ʧ ( - - )	θæʧ	þæc	261	Old_English		Source: Wiktionary etymology (template:inh) | Source: Wiktionary etymology (template:inh)			thatch	*θáką	278
950	d a x	*θáką	d a x ( - - )	dax	Dach	261	German					thatch	*θáką	278
652	d iː f	*θéubaz	d iː f ( - - )	diːf	dief	179	Dutch					thief	*θéubaz	279
651	θ iː f	*θéubaz	θ iː f ( - - )	θiːf	thief	179	English					thief	*θéubaz	279
2246	þ ē o f	*θéubaz	θ iː f ( - - )	θiːf	þēof	179	Old_English		Source: Wiktionary etymology (template:inh) | Source: Wiktionary etymology (template:inh)			thief	*θéubaz	279
650	d iː p	*θéubaz	d iː b ( - - )	diːp	Dieb	179	German					thief	*θéubaz	279
715	d ɪ ŋ	*θíngą	d ɪ ŋ - ( - - )	dɪŋ	ding	196	Dutch					thing	*θíngą	280
714	θ ɪ ŋ	*θíngą	θ ɪ ŋ - ( - - )	θɪŋ	thing	196	English					thing	*θíngą	280
2247	þ i n g	*θíngą	θ ɪ ŋ - ( - - )	θɪŋ	þing	196	Old_English		Source: Wiktionary etymology (template:inh) | Source: Wiktionary etymology (template:inh)			thing	*θíngą	280
713	d ɪ ŋ	*θíngą	d ɪ ŋ - ( - - )	dɪŋ	Ding	196	German					thing	*θíngą	280
355	d ɛ ŋ k ə	*θánkijaną	d ɛ ŋ k ( ə - )	dɛŋkə	denken	98	Dutch	Proto: *θankăz → *θankijăną (weak verb, Kroonen *θankjan- 'to think')				think	*θánkijaną	281
354	θ ɪ ŋ k	*θánkijaną	θ ɪ ŋ k ( - - )	θɪŋk	think	98	English	Proto: *θankăz → *θankijăną (weak verb, Kroonen *θankjan- 'to think')				think	*θánkijaną	281
2248	þ e n ċ a n	*θánkijaną	θ ɪ ŋ k ( - - )	θɪŋk	þenċan	98	Old_English	Proto: *θankăz → *θankijăną (Kroonen *θankjan- 'to think'); OE þenċan (wk.v.)				think	*θánkijaną	281
353	d ɛ ŋ k ə n	*θánkijaną	d ɛ ŋ k ( ə n )	dɛŋkən	denken	98	German	Proto: *θankăz → *θankijăną (weak verb, Kroonen *θankjan- 'to think')				think	*θánkijaną	281
67	d ɔ r s t	*θúrstuz	d ɔ r s t ( - - )	dɔrst	dorst	19	Dutch					thirst	*θúrstuz	282
66	θ ɜː s t	*θúrstuz	θ ɜː - s t ( - - )	θɜːst	thirst	19	English					thirst	*θúrstuz	282
2249	þ u r s t	*θúrstuz	θ ɜː - s t ( - - )	θɜːst	þurst	19	Old_English		Source: Wiktionary etymology (template:inh) | Source: Wiktionary etymology (template:inh)			thirst	*θúrstuz	282
65	d ʊ r s t	*θúrstuz	d ʊ r s t ( - - )	dʊrst	Durst	19	German					thirst	*θúrstuz	282
1716	d ɪ s t ə l	*θéstilaz	d ɪ s t ə l ( - - )	dɪstəl	distel	470	Dutch					thistle	*θéstilaz	283
1715	θ ɪ s ə l	*θéstilaz	θ ɪ s - ə l ( - - )	θɪsḷ	thistle	470	English					thistle	*θéstilaz	283
2250	þ i s t l e s	*θístilas	θ ɪ s t l e s	θɪstles	þistles	470	Old_English	Paradigm-cell target: GenSg þistles (masc. a-stem). NomSg simplex *þistl is unattested in OE manuscripts; the only attested simplex NomSg is broken þistel (via late-WS svarabhakti, Campbell §§360–363, Hogg §§6.30–6.36), which is not modeled in this FST since the other ten -Cl/Cn/Cm# rows (bōsm, botm, hæsl, nǣdl, ofn, hræfn, scofl, stefn, tācn, wǣpn) deliberately target unbroken Beowulf-poetic / early / Anglian forms. GenSg þistles is fully attested as the inflectional stem and lautgesetzlich (medial cluster, no parasiting; Campbell §363 textbook trio). See DEV_NOTES §17.18.	Source: Wiktionary etymology (template:inh) | Proto corrected: Kluge-Seebold *þistila- with root *i; Orel gives underlying *þe(x)stilaz but all daughter languages show *i (see notable_findings §8)			thistle	*θístilaz	283
1714	d ɪ s t ə l	*θéstilaz	d ɪ s t ə l ( - - )	dɪstəl	Distel	470	German					thistle	*θéstilaz	283
1660	d oː r n	*θúrnaz	d oː r n ( - - )	doːrn	doorn	455	Dutch	Adopt *θurnăz (m. a-stem; Kroonen *θurna-). A u-stem reformation *θurnuz is reflected in Gothic þaurnus (u-stem), and Old Norse also shows an ija-stem variant þyrnir 'thorn' (alongside þorn).				thorn	*θúrnaz	284
1659	θ ɔː n	*θúrnaz	θ ɔː - n ( - - )	θɔːn	thorn	455	English	Adopt *θurnăz (m. a-stem; Kroonen *θurna-). A u-stem reformation *θurnuz is reflected in Gothic þaurnus (u-stem), and Old Norse also shows an ija-stem variant þyrnir 'thorn' (alongside þorn).				thorn	*θúrnaz	284
2251	þ o r n	*θúrnaz	θ ɔː - n ( - - )	θɔːn	þorn	455	Old_English	Adopt *θurnăz (m. a-stem; Kroonen *θurna-). A u-stem reformation *θurnuz is reflected in Gothic þaurnus (u-stem), and Old Norse also shows an ija-stem variant þyrnir 'thorn' (alongside þorn).				thorn	*θúrnaz	284
1658	d ɔ r n	*θúrnaz	d ɔ r n ( - - )	dɔrn	Dorn	455	German	Adopt *θurnăz (m. a-stem; Kroonen *θurna-). A u-stem reformation *θurnuz is reflected in Gothic þaurnus (u-stem), and Old Norse also shows an ija-stem variant þyrnir 'thorn' (alongside þorn).				thorn	*θúrnaz	284
427	d œy z ə n t	*θūs-undī	d œy z ( - ) ə n t ( - )	dœyzənt	duizend	117	Dutch					thousand	*θūs-undī	285
426	θ aʊ z ə n d	*θūs-undī	θ aʊ z ( - ) ə n d ( - )	θaʊzṇd	thousand	117	English					thousand	*θūs-undī	285
2252	þ ū s e n d	*θūs-èndi	θ aʊ z ( - ) ə n d ( - )	θaʊzṇd	þūsend	117	Old_English	Kroonen *θūsundī- f. 'thousand' → OE þūsend; medial -e- is analogical (Vorbild: ærende < *arundiiu); preserved ū (not ȳ) proves -ī lost before i-umlaut (double umlaut would give *þȳsend); OS/OHG retain -u-				thousand	*θūsundī	285
425	t au z ə n d	*θūs-undī	t au z ( - ) ə n d ( - )	tauzənt	tausend	117	German					thousand	*θūs-undī	285
1351	d ɔ r s ə	*θréskaną	d ɔ r - s - ə - ( - - )	dɔrsə	dorsen	370	Dutch					thrash	*θréskaną	286
1350	θ r æ ʃ	*θréskaną	θ - r æ ʃ - - - ( - - )	θræʃ	thrash	370	English					thrash	*θréskaną	286
2253	þ r e s c a n	*θréskaną	θ - r æ ʃ - - - ( - - )	θræʃ	þresċan	370	Old_English		Source: Wiktionary etymology (template:inh) | Source: Wiktionary etymology (template:inh)			thrash	*θréskaną	286
1349	d r ɛ ʃ ə n	*θréskaną	d - r ɛ ʃ - ə n ( - - )	drɛʃən	dreschen	370	German					thrash	*θréskaną	286
228	d r iː	*θréjez	d r iː - ( - - )	driː	drie	63	Dutch					three	*θréjez	287
227	θ r iː	*θréjez	θ r iː - ( - - )	θriː	three	63	English					three	*θréjez	287
2254	þ r ī	*θréjez	θ r iː - ( - - )	θriː	þrī	63	Old_English		Source: Wiktionary Old English Swadesh list (retrieved 2025-12-12) | Source: Wiktionary etymology (template:inh) | Source: Wiktionary etymology (template:inh)			three	*θréjez	287
226	d r ai	*θréjez	d r ai - ( - - )	drai	drei	63	German					three	*θréjez	287
550	d ɔ n d ə r	*θúnraz	d ɔ n d ə r ( - - )	dɔndər	donder	150	Dutch					thunder	*θúnraz	288
549	θ ʌ n d ə	*θúnraz	θ ʌ n d ə r ( - - )	θʌndə	thunder	150	English					thunder	*θúnraz	288
2255	þ u n o r	*θúnraz	θ ʌ n d ə r ( - - )	θʌndə	þunor	150	Old_English		Source: Wiktionary etymology (template:inh) | Source: Wiktionary etymology (template:inh)			thunder	*θúnraz	288
548	d ɔ n ə r	*θúnraz	d ɔ n - ə r ( - - )	dɔnər	Donner	150	German					thunder	*θúnraz	288
981	t eː k	*tikkô	t eː k ( - - )	teːk	teek	269	Dutch					tick	*tikkô	289
980	t ɪ k	*tikkô	t ɪ k ( - - )	tɪk	tick	269	English					tick	*tikkô	289
2256	t i c i a	*tíkkô	t ɪ k ( - - )	tɪk	ticia	269	Old_English		Source: Wiktionary etymology (template:inh) | Source: Wiktionary etymology (template:inh)			tick	*tikkô	289
979	ts ɛ k ə	*tikkô	ts ɛ k ( ə - )	t͡sɛkə	Zecke	269	German					tick	*tikkô	289
960	t ɛɪ t	*tīdiz	t ɛɪ t ( - - )	tɛɪt	tijd	263	Dutch					tide	*tīdiz	290
959	t aɪ d	*tīdiz	t aɪ d ( - - )	taɪd	tide	263	English					tide	*tīdiz	290
2257	t ī d	*tīdiz	t aɪ d ( - - )	taɪd	tīd	263	Old_English	Kroonen *tīdiz f. i-stem 'time, hour' → OE tīd f.; tīdan is the verb 'to happen'				tide	*tīdiz	290
958	ts ai t	*tīdiz	ts ai t ( - - )	t͡sait	Zeit	263	German					tide	*tīdiz	290
814	t ɪ m b ə	*tímrą	t ɪ m b ə r ( - - )	tɪmbə	timber	223	English					timber	*tímrą	363
2258	t i m b e r	*tímbrą	t ɪ m b ə r ( - - )	tɪmbə	timber	223	Old_English	Kroonen *timbra- with *b; OE timber.	Source: Wiktionary etymology (template:der) | Source: Wiktionary etymology (template:der) | TSV fix: proto *timrą → *timbrą.			timber	*tímbrą	363
813	ts ɪ m ə r	*tímrą	ts ɪ m - ə r ( - - )	t͡sɪmər	Zimmer	223	German					timber	*tímrą	363
1723	t eː n	*taixōn	t eː ( - - n )	teːn	teen	472	Dutch	TSV fix: proto *taixwō → *taixōn (R/T PNWGmc *taihōn-; -w- from PIE labiovelar already lost in NWGmc)				toe	*taixōn	291
1722	t əʊ	*taixōn	t əʊ ( - - - )	təʊ	toe	472	English	TSV fix: proto *taixwō → *taixōn (R/T PNWGmc *taihōn-)				toe	*taixōn	291
2259	t ā	*táixōn	t ā	taː	tā	472	Old_English		TSV fix: proto *taixwō → *taixōn (R/T §6.6 line 18000: PNWGmc *taihōn- > PWGmc *taihā > OE tāhe > tā by intervocalic h-loss + contraction). | See docs/analysis/four_complex_tsv_items.md			toe	*taixōn	291
1721	ts eː ə	*taixōn	ts eː ( - ə - )	t͡seːə	Zehe	472	German	TSV fix: proto *taixwō → *taixōn (R/T PNWGmc *taihōn-)				toe	*taixōn	291
1592	t eː k ə	*táikną	t eː k ə - ( - - )	teːkə	teken	436	Dutch					token	*táikną	292
1591	t əʊ k ə n	*táikną	t əʊ k ə n ( - - )	təʊkən	token	436	English					token	*táikną	292
2260	t ā c n	*táikną	t əʊ k ə n ( - - )	təʊkən	tācn	436	Old_English	Proto: oblique *taiknăn→*taikną (n. a-stem nom.sg.; Kroonen)				token	*táikną	292
1590	ts ai x ə n	*táikną	ts ai x ə n ( - - )	t͡saixən	Zeichen	436	German					token	*táikną	292
1205	t ɑ ŋ	*tangō	t ɑ ŋ - ( - - )	tɑŋ	tang	330	Dutch					tongs	*tangō	293
1204	t ɔ ŋ z	*tangō	t ɔ ŋ - ( - z )	tɔŋz	tongs	330	English					tongs	*tangō	293
2261	t a n g	*tángō	t ɔ ŋ - ( - z )	tɔŋz	tang	330	Old_English		Épinal-Erfurt c.700 (Pheifer 1974) attests Anglian NomSg *tang* as gloss for forceps; *tang* is the lautgesetzlich NomSg of PGmc *tangō (Sievers §584 / Campbell §585: regular apocope of trimoric *-ō after heavy stem). The later/southern form *tange* is analogical, generalized from AccSg as the strong fem ō-stem paradigm collapsed (Brunner §253 Anm. 3; Campbell §592). Wiktionary cites the late lemma; we prefer the early-Anglian lautgesetzlich form. See DEV_NOTES §17.20.			tongs	*tangō	293
1203	ts a ŋ ə	*tangō	ts a ŋ - ( ə - )	t͡saŋə	Zange	330	German					tongs	*tangō	293
1676	t ɔ ŋ	*tungōn	t ɔ ŋ - - ( - )	tɔŋ	tong	459	Dutch					tongue	*tungōn	294
1675	t ʌ ŋ	*tungōn	t ʌ ŋ - - ( - )	tʌŋ	tongue	459	English					tongue	*tungōn	294
2262	t u n g e	*túngōn	t ʌ ŋ - - ( - )	ˈtuŋɡe	tunge	459	Old_English		Source: Wiktionary Old English Swadesh list (retrieved 2025-12-12) | Source: Wiktionary etymology (template:inh) | Source: Wiktionary etymology (template:inh)			tongue	*tungōn	294
1674	ts ʊ ŋ ə	*tungōn	ts ʊ ŋ - ə ( - )	t͡sʊŋə	Zunge	459	German					tongue	*tungōn	294
1742	t œy n	*tūną	t œy n ( - - )	tœyn	tuin	477	Dutch					town	*tūną	295
1741	t aʊ n	*tūną	t aʊ n ( - - )	taʊn	town	477	English					town	*tūną	295
2263	t ū n	*tūną	t aʊ n ( - - )	taʊn	tūn	477	Old_English	Proto: oblique *tūnăn→*tūną (n. a-stem nom.sg.; Kroonen)				town	*tūną	295
1740	ts au n	*tūną	ts au n ( - - )	t͡saun	Zaun	477	German					town	*tūną	295
1684	t r eː d ə	*trédaną	t r eː d ə - ( - - )	treːdə	treden	461	Dutch					tread	*trédaną	296
1683	t r ɛ d	*trédaną	t r ɛ d - - ( - - )	trɛd	tread	461	English					tread	*trédaną	296
2264	t r e d a n	*trédaną	t r ɛ d - - ( - - )	trɛd	tredan	461	Old_English		Source: Wiktionary etymology (template:inh) | Source: Wiktionary etymology (template:inh)			tread	*trédaną	296
1682	t r eː t ə n	*trédaną	t r eː t ə n ( - - )	treːtən	treten	461	German					tread	*trédaną	296
1218	t r ɔ f	*trúgą	t r ɔ f ( - - )	trɔf	trough	334	English					trough	*trúgą	364
2265	t r o g	*trúgą	t r ɔ f ( - - )	trɔf	trog	334	Old_English		Source: Wiktionary etymology (template:inh) | Source: Wiktionary etymology (template:inh)	Normalizing to -g spelling per Kroonen, Hall; both trog/troh attested		trough	*trúgą	364
1217	t r oː k	*trúgą	t r oː k ( - - )	troːk	Trog	334	German					trough	*trúgą	364
656	ʋ aː d ə	*wádaną	ʋ aː d ə - ( - - )	ʋaːdə	waden	180	Dutch					wade	*wádaną	297
655	ʋ eɪ d	*wádaną	ʋ eɪ d - - ( - - )	ʋeɪd	wade	180	English					wade	*wádaną	297
2266	w a d a n	*wádaną	ʋ eɪ d - - ( - - )	ʋeɪd	wadan	180	Old_English	Proto encoding: -aną (full vowel) for A-restoration; R/T §6.3.1	Source: Wiktionary etymology (template:inh) | Source: Wiktionary etymology (template:inh)			wade	*wádaną	297
654	v aː t ə n	*wádaną	v aː t ə n ( - - )	vaːtən	waten	180	German					wade	*wádaną	297
637	ʋ aː ɣ ə	*wágnaz	ʋ aː ɣ ə - ( - - )	ʋaːɣə	wagen	175	Dutch					wain	*wágnaz	298
636	ʋ eɪ n	*wágnaz	ʋ eɪ - - n ( - - )	ʋeɪn	wain	175	English					wain	*wágnaz	298
2267	w æ ġ n	*wágnaz	ʋ eɪ - - n ( - - )	ʋeɪn	wæġn	175	Old_English		Source: Wiktionary etymology (template:inh) | Source: Wiktionary etymology (template:inh)			wain	*wágnaz	298
635	v aː ɡ ə n	*wágnaz	v aː ɡ ə n ( - - )	vaːɡən	Wagen	175	German					wain	*wágnaz	298
1041	ʋ aː k ə	*wakēną	ʋ aː k ə - ( - - )	ʋaːkə	waken	285	Dutch					wake	*wakēną	299
1040	ʋ eɪ k	*wakēną	ʋ eɪ k - - ( - - )	ʋeɪk	wake	285	English					wake	*wakēną	299
2268	w a c a n	*wákaną	ʋ eɪ k - - ( - - )	ʋeɪk	wacan	285	Old_English	OE wacan is the strong verb (Class VI) 'to wake up' < PGmc *wakaną, not the weak Class III *wakēną 'to be awake' (→ OE wacian). The cognate set GLOSSID 299 conflates both; German wachen continues the weak verb.	Source: Wiktionary etymology (template:inh)			wake	*wákaną	299
1039	v a x ə n	*wakēną	v a x ə n ( - - )	vaxən	wachen	285	German					wake	*wakēną	299
1769	ʋ ɛ r f	*wárpą	ʋ ɛ r f ( - - )	ʋɛrf	werf	484	Dutch					warp	*wárpą	300
1562	ʋ ɛ r p ə	*wérpaną	ʋ ɛ r p ə - ( - - )	ʋɛrpə	werpen	428	Dutch					warp	*wérpaną	300
1768	ʋ ɔː p	*wárpą	ʋ ɔː - p ( - - )	ʋɔːp	warp	484	English					warp	*wárpą	300
2269	w e a r p	*wárpą	ʋ ɔː - p ( - - )	ʋɔːp	wearp	484	Old_English		Source: Wiktionary etymology (template:inh) | Source: Wiktionary etymology (template:inh)			warp	*wárpą	300
1561	ʋ ɔː p	*wérpaną	ʋ ɔː - p - - ( - - )	ʋɔːp	warp	428	English					warp	*wérpaną	300
2270	w e o r p a n	*wérpaną	ʋ ɔː - p - - ( - - )	ʋɔːp	weorpan	428	Old_English	OE target: wearp→weorpan (inf. of str.v. class III; noun/past 'wearp' in *warpą row)				warp	*wérpaną	300
1767	v ɛ r f t	*wárpą	v ɛ r f ( t - )	vɛrft	Werft	484	German					warp	*wárpą	300
1560	v ɛ r f ə n	*wérpaną	v ɛ r f ə n ( - - )	vɛrfən	werfen	428	German					warp	*wérpaną	300
1173	ʋ r ɑ t	*wartōn	ʋ - r ɑ t -	ʋrɑt	wrat	321	Dutch					wart	*wartōn	301
1172	ʋ ɔː t	*wartōn	ʋ ɔː - - t -	ʋɔːt	wart	321	English					wart	*wartōn	301
2271	w e a r t e	*wártōn	ʋ ɔː - - t -	ʋɔːt	wearte	321	Old_English		Source: Wiktionary etymology (template:inh) | Source: Wiktionary etymology (template:inh)			wart	*wartōn	301
1171	v a r ts ə	*wartōn	v a r - ts ə	vart͡sə	Warze	321	German					wart	*wartōn	301
1001	ʋ ɑ s ə	*wáskaną	ʋ ɑ s - ə - ( - - )	ʋɑsə	wassen	274	Dutch					wash	*wáskaną	302
1000	ʋ ɔ ʃ	*wáskaną	ʋ ɔ ʃ - - - ( - - )	ʋɔʃ	wash	274	English					wash	*wáskaną	302
2272	w a s c a n	*wáskaną	ʋ ɔ ʃ - - - ( - - )	ʋɔʃ	wascan	274	Old_English	Proto encoding: -aną (full vowel) for A-restoration; R/T §6.3.1 | Medial sc before back vowel: not palatalized in early OE (Campbell §440); wascan [sk] is the conservative form.	Source: Wiktionary etymology (template:inh)			wash	*wáskaną	302
999	v a ʃ ə n	*wáskaną	v a ʃ - ə n ( - - )	vaʃən	waschen	274	German					wash	*wáskaną	302
1279	ʋ ɛ s p	*wábsaz	ʋ ɛ s p - ( - - )	ʋɛsp	wesp	351	Dutch					wasp	*wábsaz	303
1278	ʋ ɔ s p	*wábsaz	ʋ ɔ s p - ( - - )	ʋɔsp	wasp	351	English					wasp	*wábsaz	303
2273	w æ s p	*wábsaz	ʋ ɔ s p - ( - - )	ʋɔsp	wæsp	351	Old_English		Source: Wiktionary etymology (template:inh) | Source: Wiktionary etymology (template:inh)			wasp	*wábsaz	303
1277	v ɛ s p ə	*wábsaz	v ɛ s p - ( ə - )	vɛspə	Wespe	351	German					wasp	*wábsaz	303
1132	ʋ aː t ə r	*wátną	ʋ aː t ə r	ʋaːtər	water	310	Dutch					water	*wátną	304
1131	ʋ ɔː t ə	*wátną	ʋ ɔː t ə r	ʋɔːtə	water	310	English					water	*wátną	304
2274	w æ t e r	*wátōr	ʋ ɔː t ə r	ˈwæter	wæter	310	Old_English	Kroonen *watar-/*watan- r/n-stem, nom.sg. *watōr; R/T §3.1.4 *ō→*a before final *r in PWGmc.	Source: Wiktionary Old English Swadesh list (retrieved 2025-12-12) | Source: Wiktionary etymology (template:inh) | Source: Wiktionary etymology (template:inh) | TSV fix: proto *watną → *watōr.			water	*watōr	304
1130	v a s ə r	*wátną	v a s ə r	vasər	Wasser	310	German					water	*wátną	304
849	ʋ ɑ s	*wáxsą	ʋ ɑ - s ( - - )	ʋɑs	was	233	Dutch					wax	*wáxsą	305
696	ʋ ɑ s ə	*wáxsaną	ʋ ɑ - s ə - ( - - )	ʋɑsə	wassen	191	Dutch					wax	*wáxsaną	305
848	ʋ æ k s	*wáxsą	ʋ æ k s ( - - )	ʋæks	wax	233	English					wax	*wáxsą	305
2275	w e a x	*wáxsą	ʋ æ k s ( - - )	ʋæks	weax	233	Old_English		Source: Wiktionary etymology (template:inh) | Source: Wiktionary etymology (template:inh)			wax	*wáxsą	305
695	ʋ æ k s	*wáxsaną	ʋ æ k s - - ( - - )	ʋæks	wax	191	English					wax	*wáxsaną	305
2276	w e a x a n	*wáxsaną	ʋ æ k s - - ( - - )	ʋæks	weaxan	191	Old_English	OE target: weax→weaxan (inf. of str.v. class VI; noun 'weax' in *waxsą row)				wax	*wáxsaną	305
847	v a k s	*wáxsą	v a k s ( - - )	vaks	Wachs	233	German					wax	*wáxsą	305
694	v a k s ə n	*wáxsaną	v a k s ə n ( - - )	vaksən	wachsen	191	German					wax	*wáxsaną	305
1883	ʋ ɛ x	*wégaz	ʋ ɛ x ( - - )	ʋɛx	weg	516	Dutch					way	*wégaz	306
1882	ʋ eɪ	*wégaz	ʋ eɪ - ( - - )	ʋeɪ	way	516	English					way	*wégaz	306
2277	w e ġ	*wégaz	ʋ eɪ - ( - - )	weː	weġ	516	Old_English	Kroonen *wega- m. 'way, road' → OE weġ m.; wē is not attested as OE 'way'				way	*wégaz	306
1881	v eː k	*wégaz	v eː k ( - - )	veːk	Weg	516	German					way	*wégaz	306
676	ʋ aː p ə	*wēpną	ʋ aː p - ə -	ʋaːpə	wapen	185	Dutch					weapon	*wēpną	307
675	ʋ ɛ p ə n	*wēpną	ʋ ɛ p - ə n	ʋɛpən	weapon	185	English					weapon	*wēpną	307
2278	w ǣ p n	*wēpną	ʋ ɛ p - ə n	ʋɛpən	wǣpn	185	Old_English	Proto: oblique *wēpnăn→*wēpną (n. a-stem nom.sg.; Kroonen)				weapon	*wēpną	307
674	v a f ə	*wēpną	v a f - ə -	vafə	Waffe	185	German					weapon	*wēpną	307
1494	ʋ eː z ə l	*wéslon	ʋ eː z ə l ( - - )	ʋeːzəl	wezel	409	Dutch					weasel	*wéslon	308
1493	ʋ iː z ə l	*wéslon	ʋ iː z ə l ( - - )	ʋiːzḷ	weasel	409	English					weasel	*wéslon	308
2279	w e o s u l e	*wéslon	ʋ iː z ə l ( - - )	ʋiːzḷ	weosule	409	Old_English		Source: Wiktionary etymology (template:inh) | Source: Wiktionary etymology (template:inh)			weasel	*wéslon	308
1492	v iː z ə l	*wéslon	v iː z ə l ( - - )	viːzəl	Wiesel	409	German					weasel	*wéslon	308
660	ʋ eː d ə r	*wédrą	ʋ eː d ə r ( - - )	ʋeːdər	weder	181	Dutch					weather	*wédrą	309
659	ʋ ɛ ð ə	*wédrą	ʋ ɛ ð ə r ( - - )	ʋɛðə	weather	181	English					weather	*wédrą	309
2280	w e d e r	*wédrą	ʋ ɛ ð ə r ( - - )	ʋɛðə	weder	181	Old_English		Source: Wiktionary etymology (template:inh) | Source: Wiktionary etymology (template:inh)			weather	*wédrą	309
658	v ɛ t ə r	*wédrą	v ɛ t ə r ( - - )	vɛtər	Wetter	181	German					weather	*wédrą	309
1932	ʋ eː v ə	*wébaną	ʋ eː v ə - ( - - )	ʋeːvə	weven	530	Dutch					weave	*wébaną	310
1931	ʋ iː v	*wébaną	ʋ iː v - - ( - - )	ʋiːv	weave	530	English					weave	*wébaną	310
2281	w e f a n	*wébaną	ʋ iː v - - ( - - )	ʋiːv	wefan	530	Old_English		Source: Wiktionary etymology (template:inh) | Source: Wiktionary etymology (template:inh)			weave	*wébaną	310
1930	v eː b ə n	*wébaną	v eː b ə n ( - - )	veːbən	weben	530	German					weave	*wébaną	310
1321	ʋ ɛ s t ə	*westanē	ʋ ɛ s t ə - ( - )	ʋɛstə	westen	362	Dutch					west	*westanē	311
1320	ʋ ɛ s t	*westanē	ʋ ɛ s t - - ( - )	ʋɛst	west	362	English					west	*westanē	311
2282	w e s t	*wéstanē	ʋ ɛ s t - - ( - )	ʋɛst	west	362	Old_English		Source: Wiktionary etymology (template:inh) | Source: Wiktionary etymology (template:inh)			west	*westanē	311
1319	v ɛ s t ə n	*westanē	v ɛ s t ə n ( - )	vɛstən	Westen	362	German					west	*westanē	311
1121	ʋ eː d ə r	*wíθrą	ʋ eː d ə r ( - )	ʋeːdər	weder	307	Dutch					wether	*wíθrą	312
1120	ʋ ɛ ð ə	*wíθrą	ʋ ɛ ð ə r ( - )	ʋɛðə	wether	307	English					wether	*wíθrą	312
2283	w e þ e r	*wíθrą	ʋ ɛ ð ə r ( - )	ʋɛðə	weþer	307	Old_English		Source: Wiktionary etymology (template:inh) | Source: Wiktionary etymology (template:inh)			wether	*wíθrą	312
1119	v ɪ d ə r	*wíθrą	v ɪ d ə r ( - )	vɪdər	Widder	307	German					wether	*wíθrą	312
413	ʋ ɑ l	*wálaz	ʋ ɑ l ( - - )	ʋɑl	wal	113	Dutch					whale	*wálaz	313
412	ʋ eɪ l	*wálaz	ʋ eɪ l ( - - )	ʋeɪl	whale	113	English					whale	*wálaz	313
2284	h w æ l	*xwálaz	ʋ eɪ l ( - - )	ʋeɪl	hwæl	113	Old_English	Kroonen *hwalaz with initial *hw-; OE hwæl.	Source: Wiktionary etymology (template:inh) | Source: Wiktionary etymology (template:inh) | TSV fix: proto *walăz → *xwalăz.			whale	*xwálaz	313
411	v aː l	*wálaz	v aː l ( - - )	vaːl	Wal	113	German					whale	*wálaz	313
1787	ʋ ɛɪ l	*xwīlō	ʋ ɛɪ l ( - )	ʋɛɪl	wijl	489	Dutch					while	*xwīlō	314
1786	ʋ aɪ l	*xwīlō	ʋ aɪ l ( - )	ʋaɪl	while	489	English					while	*xwīlō	314
2285	h w ī l	*xwīlō	ʋ aɪ l ( - )	ʋaɪl	hwīl	489	Old_English		Source: Wiktionary etymology (template:inh) | Source: Wiktionary etymology (template:inh)			while	*xwīlō	314
1785	v ai l ə	*xwīlō	v ai l ( ə )	vailə	Weile	489	German					while	*xwīlō	314
689	ʋ aɪ n	*wainōjaną	ʋ aɪ n - - - - - -	ʋaɪn	whine	189	English					whine	*wainōjaną	365
2286	x w ī n a n	*xwīnaną	ʋ aɪ n - - - ( - - )	ʋaɪn	hwīnan	189	Old_English		Proto corrected: OE hwīnan (str. I) 'to whine, hiss' < PGmc *hwīnăną (Kroonen 2013 s.v. *hwīnan-, PIE *ḱwey- 'to hiss, whistle'). Not cognate with German weinen < PGmc *wainōjan- (→ OE wānian 'to lament'); cognate linkage is spurious.			whine	*xwīnaną	365
688	v ai n ə n	*wainōjaną	v ai n - - ə n - -	vainən	weinen	189	German					whine	*wainōjaną	365
1236	h uː r	*xōrōn	h uː r - ( - )	huːr	hoer	339	Dutch					whore	*xōrōn	315
1235	h ɔː	*xōrōn	h ɔː r - ( - )	hɔː	whore	339	English					whore	*xōrōn	315
2287	h ō r e	*xōrōn	h ɔː r - ( - )	hɔː	hōre	339	Old_English		Source: Wiktionary etymology (template:inh) | Source: Wiktionary etymology (template:inh)			whore	*xōrōn	315
1234	h uː r ə	*xōrōn	h uː r ə ( - )	huːrə	Hure	339	German					whore	*xōrōn	315
197	ʋ eː d yː ʋ ə	*widuwōn	ʋ eː d yː ʋ ə ( - )	ʋeːdyːʋə	weduwe	55	Dutch					widow	*widuwōn	316
196	ʋ ɪ d əʊ	*widuwōn	ʋ ɪ d əʊ - - ( - )	ʋɪdəʊ	widow	55	English					widow	*widuwōn	316
2288	w i d u w e	*wíduwōn	ʋ ɪ d əʊ - - ( - )	ʋɪdəʊ	widuwe	55	Old_English		Source: Wiktionary etymology (template:inh) | Source: Wiktionary etymology (template:inh)			widow	*widuwōn	316
195	v ɪ t v ə	*widuwōn	v ɪ t - v ə ( - )	vɪtvə	Witwe	55	German					widow	*widuwōn	316
1265	ʋ iː l d	*wáldaną	ʋ iː l d - - ( - - )	ʋiːld	wield	347	English					wield	*wáldaną	366
2289	w e a l d a n	*wáldaną	ʋ iː l d - - ( - - )	ʋiːld	wealdan	347	Old_English		Source: Wiktionary etymology (template:inh) | Source: Wiktionary etymology (template:inh)			wield	*wáldaną	366
1264	v a l t ə n	*wáldaną	v a l t ə n ( - - )	valtən	walten	347	German					wield	*wáldaną	366
4	ʋ ɛɪ f	*wībą	ʋ ɛɪ f ( - - )	ʋɛɪf	wijf	538	Dutch					wife	*wībą	317
3	ʋ aɪ f	*wībą	ʋ aɪ f ( - - )	ʋaɪf	wife	538	English					wife	*wībą	317
2290	w ī f	*wībą	ʋ aɪ f ( - - )	wiːf	wīf	538	Old_English		Source: Wiktionary Old English Swadesh list (retrieved 2025-12-12) | Source: Wiktionary etymology (template:inh) | Source: Wiktionary etymology (template:inh)			wife	*wībą	317
2	v ai p	*wībą	v ai b ( - - )	vaip	Weib	538	German					wife	*wībą	317
1106	ʋ aɪ t	*wéxtiz	ʋ aɪ - t ( - - )	ʋaɪt	wight	303	English					wight	*wéxtiz	367
2291	w i h t	*wéxtiz	ʋ aɪ - t ( - - )	ʋaɪt	wiht	303	Old_English		Source: Wiktionary etymology (template:inh) | Source: Wiktionary etymology (template:inh)			wight	*wéxtiz	367
1105	v ɪ x t	*wéxtiz	v ɪ x t ( - - )	vɪxt	Wicht	303	German					wight	*wéxtiz	367
1664	ʋ ɪ l ə	*wéljaną	ʋ ɪ l - ə - ( - - )	ʋɪlə	willen	456	Dutch					will	*wéljaną	318
217	ʋ ɪ l	*weljô	ʋ ɪ l - - ( - )	ʋɪl	wil	60	Dutch					will	*weljô	318
1663	ʋ ɪ l	*wéljaną	ʋ ɪ l - - - ( - - )	ʋɪl	will	456	English					will	*wéljaną	318
2292	w i l l a n	*wéljaną	ʋ ɪ l - - - ( - - )	ʋɪl	willan	456	Old_English		Source: Wiktionary etymology (template:inh) | Source: Wiktionary etymology (template:inh)			will	*wéljaną	318
216	ʋ ɪ l	*weljô	ʋ ɪ l - - ( - )	ʋɪl	will	60	English					will	*weljô	318
2293	w i l l a	*wéljô	ʋ ɪ l - - ( - )	ʋɪl	willa	60	Old_English	Kroonen *weljan- 2 m. 'will, wish' → OE willa m.; cf. G Wille, Du. wil (noun); willan is the verb 'to want' (belongs with *waljăną)				will	*weljô	318
1662	v ɔ l ə n	*wéljaną	v ɔ l - ə n ( - - )	vɔlən	wollen	456	German					will	*wéljaną	318
215	v ɪ l ə	*weljô	v ɪ l - ə ( - )	vɪlə	Wille	60	German					will	*weljô	318
900	ʋ ɪ n d ə	*wíndaną	ʋ ɪ n d ə - ( - - )	ʋɪndə	winden	247	Dutch					wind	*wíndaną	319
899	ʋ ɪ n d	*wíndaną	ʋ ɪ n d - - ( - - )	ʋɪnd	wind	247	English					wind	*wíndaną	319
2294	w i n d a n	*wíndaną	ʋ ɪ n d - - ( - - )	wind	windan	247	Old_English	OE target: wind→windan (inf. of str.v. class III 'to wind, turn')				wind	*wíndaną	319
898	v ɪ n d ə n	*wíndaną	v ɪ n d ə n ( - - )	vɪndən	winden	247	German					wind	*wíndaną	319
277	ʋ ɪ n t ə r	*wíntruz	ʋ ɪ n t ə r ( - - )	ʋɪntər	winter	76	Dutch					winter	*wíntruz	320
276	ʋ ɪ n t ə	*wíntruz	ʋ ɪ n t ə r ( - - )	ʋɪntə	winter	76	English					winter	*wíntruz	320
2295	w i n t e r	*wíntruz	ʋ ɪ n t ə r ( - - )	ʋɪntə	winter	76	Old_English		Source: Wiktionary etymology (template:inh) | Source: Wiktionary etymology (template:inh)			winter	*wíntruz	320
275	v ɪ n t ə r	*wíntruz	v ɪ n t ə r ( - - )	vɪntər	Winter	76	German					winter	*wíntruz	320
1272	ʋ ɛɪ d ə	*wáiθiz	ʋ ɛɪ d ( ə - )	ʋɛɪdə	weide	349	Dutch					withy	*wáiθiz	321
1271	ʋ ɪ ð ɪ	*wáiθiz	ʋ ɪ ð ( ɪ - )	ʋɪðɪ	withy	349	English					withy	*wáiθiz	321
2296	w ī þ i ġ	*wīθagą	ʋ ɪ ð ( ɪ - )	ʋɪðɪ	wīþiġ	349	Old_English	Campbell §275(7), §376: OE -ig < PGmc *-ag- (cf. *xúnagą → huniġ); see DEV_NOTES §17.10.35 and notable_findings §9. Wiktionary/Kluge *wīþja- cannot derive -ig (heavy ja-stem yields -e/-Ø).				withy	*wīþagą	321
1270	v ai d ə	*wáiθiz	v ai d ( ə - )	vaidə	Weide	349	German					withy	*wáiθiz	321
704	ʋ ɑu t	*wálθuz	ʋ ɑu - t ( - - )	ʋɑut	woud	193	Dutch					wold	*wálθuz	322
703	ʋ əʊ l d	*wálθuz	ʋ əʊ l d ( - - )	ʋəʊld	wold	193	English					wold	*wálθuz	322
2297	w ea l d	*wálθuz	ʋ əʊ l d ( - - )	ʋəʊld	weald	193	Old_English	Kroonen p.572 *walθu- > OE weald; wald is Anglian (R/T p.313 WS wealdan vs Merc. waldan)				wold	*wálθuz	322
702	v a l t	*wálθuz	v a l d ( - - )	valt	Wald	193	German					wold	*wálθuz	322
1527	ʋ ɔ l f	*wúlfaz	ʋ ɔ l f ( - - )	ʋɔlf	wolf	418	Dutch					wolf	*wúlfaz	323
1526	ʋ ʊ l f	*wúlfaz	ʋ ʊ l f ( - - )	ʋʊlf	wolf	418	English					wolf	*wúlfaz	323
2298	w u l f	*wúlfaz	ʋ ʊ l f ( - - )	ʋʊlf	wulf	418	Old_English	DOCUMENTED EXCEPTION (per §17.10.34): Campbell §115 names wulf as exception to a-umlaut (regular outcome = **wolf, cf. OHG wolf). No lautgesetzlich PROTOFORM available: every paradigm cell with low *a/*ō triggers a-umlaut, every cell with high *i triggers i-umlaut (attested 'wulfe' from *wulfi has umlaut *levelled analogically* per Brunner §230 Anm., so lautgesetzlich outcome of *wulfi would be **wylfe). attested wulf is doubly irregular.				wolf	*wúlfaz	323
1525	v ɔ l f	*wúlfaz	v ɔ l f ( - - )	vɔlf	Wolf	418	German					wolf	*wúlfaz	323
1051	ʋ ɔ n d ə r	*wúndrą	ʋ ɔ n d ə r ( - - )	ʋɔndər	wonder	288	Dutch	MT				wonder	*wúndrą	324
1050	ʋ ʌ n d ə	*wúndrą	ʋ ʌ n d ə r ( - - )	ʋʌndə	wonder	288	English	MT				wonder	*wúndrą	324
2299	w u n d o r	*wúndrą	ʋ ʌ n d ə r ( - - )	ʋʌndə	wundor	288	Old_English		MT | TODO: replace with attested Old English form | Source: Wiktionary etymology (template:inh) | Source: Wiktionary etymology (template:inh)			wonder	*wúndrą	324
1049	v ʊ n d ə r	*wúndrą	v ʊ n d ə r ( - - )	vʊndər	Wunder	288	German	MT				wonder	*wúndrą	324
1486	ʋ ɔ l	*wúllo	ʋ ɔ l -	ʋɔl	wol	407	Dutch					wool	*wúllo	325
1485	ʋ ʊ l	*wúllo	ʋ ʊ l -	ʋʊl	wool	407	English					wool	*wúllo	325
2300	w u l l	*wúllō	ʋ ʊ l -	ʋʊl	wull	407	Old_English	DOCUMENTED EXCEPTION (per §17.10.34): regular sound change from *wúllō gives **woll (Stiles 2012 §4.1.1.2 env. (b): low *ō triggers a-umlaut). Campbell §115 explicitly lists 'full' as an exact morphological parallel exception, with OHG 'foll' as the regular outcome. Unlike wulf/fugol/bucc/rust, wull is a fem. ō-stem with no paradigm cell containing high *i/*ī/*j to escape via env. (a) — every cell has a back-vowel ending. The FST output 'woll' is the correct regular result; attested 'wull' is non-derivable in this FST.	See DEV_NOTES §17.10.34.			wool	*wúllō	325
1484	v ɔ l ə	*wúllo	v ɔ l ə	vɔlə	Wolle	407	German					wool	*wúllo	325
235	ʋ oː r t	*wúrdą	ʋ oː r t ( - - )	ʋoːrt	woord	65	Dutch					word	*wúrdą	326
234	ʋ ɜː d	*wúrdą	ʋ ɜː - d ( - - )	ʋɜːd	word	65	English					word	*wúrdą	326
2301	w o r d	*wúrdą	ʋ ɜː - d ( - - )	ʋɜːd	word	65	Old_English		Source: Wiktionary etymology (template:inh) | Source: Wiktionary etymology (template:inh)			word	*wúrdą	326
233	v ɔ r t	*wúrdą	v ɔ r t ( - - )	vɔrt	Wort	65	German					word	*wúrdą	326
1558	ʋ eː r ə l t	*wíra-àldiz	ʋ eː r ə l t ( - - )	ʋeːrəlt	wereld	427	Dutch					world	*wíra-àldiz	327
1557	ʋ ɜː l d	*wíra-àldiz	ʋ ɜː - - l d ( - - )	ʋɜːld	world	427	English					world	*wíra-àldiz	327
2302	w e o r o l d	*wír-àldu	ʋ ɜː - - l d ( - - )	ʋɜːld	weorold	427	Old_English	PROTOFORM *wir-aldu uses PIE root vowel *i (cf. Lat vir). FST: (1) NWGmc i-lowering *i>*e, (2) inter-stress raising *a>*u (OEInterStressRaising), (3) back mutation *e>*eo, (4) medial *u>*o, (5) final apocope → weorold. PROTO *weraldiz is etymological headword.	Source: Wiktionary etymology (template:inh) | Source: Wiktionary etymology (template:inh)			world	*wéraldiz	327
1556	v ɛ l t	*wíra-àldiz	v ɛ - - l t ( - - )	vɛlt	Welt	427	German					world	*wíra-àldiz	327
1128	ʋ ɔ r m	*wúrmiz	ʋ ɔ r m ( - - )	ʋɔrm	worm	309	Dutch					worm	*wúrmiz	328
1127	ʋ ɜː m	*wúrmiz	ʋ ɜː - m ( - - )	ʋɜːm	worm	309	English					worm	*wúrmiz	328
2303	w y r m	*wúrmiz	ʋ ɜː - m ( - - )	wyrˠm	wyrm	309	Old_English		Source: Wiktionary Old English Swadesh list (retrieved 2025-12-12) | Source: Wiktionary etymology (template:inh) | Source: Wiktionary etymology (template:inh)			worm	*wúrmiz	328
1126	v ʊ r m	*wúrmiz	v ʊ r m ( - - )	vʊrm	Wurm	309	German					worm	*wúrmiz	328
997	ʋ r ɪ ŋ ə	*wrínganą	ʋ r ɪ ŋ - ə - ( - - )	ʋrɪŋə	wringen	273	Dutch					wring	*wrínganą	329
996	r ɪ ŋ	*wrínganą	- r ɪ ŋ - - - ( - - )	rɪŋ	wring	273	English					wring	*wrínganą	329
2304	w r i n g a n	*wrínganą	- r ɪ ŋ - - - ( - - )	rɪŋ	wringan	273	Old_English		Source: Wiktionary etymology (template:der) | Source: Wiktionary etymology (template:der)			wring	*wrínganą	329
995	r ɪ ŋ ə n	*wrínganą	- r ɪ ŋ - ə n ( - - )	rɪŋən	ringen	273	German					wring	*wrínganą	329
564	x aː r ə	*gárną	x aː r - ( ə - )	xaːrə	garen	154	Dutch					yarn	*gárną	330
563	j ɑː n	*gárną	j ɑː - n ( - - )	jɑːn	yarn	154	English					yarn	*gárną	330
2305	ġ e a r n	*gárną	j ɑː - n ( - - )	jɑːn	ġearn	154	Old_English	Proto: oblique *garnăn→*garną (n. a-stem nom.sg.; Kroonen)				yarn	*gárną	330
562	ɡ a r n	*gárną	ɡ a r n ( - - )	ɡarn	Garn	154	German					yarn	*gárną	330
1022	j aː r	*jērą	j aː r ( - - )	jaːr	jaar	280	Dutch					year	*jērą	331
1021	j ɪə	*jērą	j ɪə r ( - - )	jɪə	year	280	English					year	*jērą	331
2306	ġ ē a r	*jērą	j ɪə r ( - - )	jæːɑ̯r	ġēar	280	Old_English		Source: Wiktionary Old English Swadesh list (retrieved 2025-12-12) | Source: Wiktionary etymology (template:inh) | Source: Wiktionary etymology (template:inh)			year	*jērą	331
1020	j aː r	*jērą	j aː r ( - - )	jaːr	Jahr	280	German					year	*jērą	331
831	j ʉ k	*júką	j ʉ k ( - - )	jʉk	juk	228	Dutch					yoke	*júką	332
830	j əʊ k	*júką	j əʊ k ( - - )	jəʊk	yoke	228	English					yoke	*júką	332
2307	ġ e o c	*júką	j əʊ k ( - - )	jəʊk	ġeoc	228	Old_English		Source: Wiktionary etymology (template:inh) | Source: Wiktionary etymology (template:inh)			yoke	*júką	332
829	j ɔ x	*júką	j ɔ x ( - - )	jɔx	Joch	228	German					yoke	*júką	332
870	j øː x t	*júgunθiz	j øː x - - t ( - - )	jøːxt	jeugd	239	Dutch					youth	*júgunθiz	333
869	j uː θ	*júgunθiz	j uː - - - θ ( - - )	juːθ	youth	239	English					youth	*júgunθiz	333
2308	ġ e o g u þ	*júgunθ	j uː - - - θ ( - - )	juːθ	ġeoguþ	239	Old_English	"PROTOFORM *jugunθ (without -iz): (1) Early i-apocope: R/T §6.8.1 shows final *-i lost after heavy syllable BEFORE i-umlaut. R/T vol.2 p.141: ""*jugunþi > *juguþ"". Campbell §332: ""duguþ < *dugunþ-, and so geoguþ"". (2) Medial u preserved: Campbell §373 ""u always well preserved after accented u"" (vowel harmony). Contrast *xaubudą > hēafod (au, not u, so u→o). See DEV_NOTES.md §14.9 for full documentation."	Source: Wiktionary etymology (template:inh) | Source: Wiktionary etymology (template:inh)			youth	*júgunθiz	333
868	j uː ɡ ə n t	*júgunθiz	j uː ɡ ə n d ( - - )	juːɡənt	Jugend	239	German					youth	*júgunθiz	333
2309	m a c a	*mákô	m a k a	maka	maca	539	Old_English	Class II weak iptv. 2sg test (R/T §5.2). Trimoric *ō → OE -a.				make (iptv.2sg)	*makōną	368
2310	m a c a þ	*mákōθi	m a k a θ	makaθ	macaþ	540	Old_English	Class II weak 3sg pres. indic. Regular: *-ōθi → -aþ (Campbell §355.4, R/T vol.2 p.80). No i-umlaut: 3sg ending never had -j-. Forms with -eþ are dialectal (Campbell §757).				make (3sg)	*makōną	369
2311	b o r a	*búrô	b o r a	bora	bora	541	Old_English	Class II weak iptv. 2sg test. Trimoric *ō → OE -a.				bore (iptv.2sg)	*burōną	370
2312	b o r a þ	*búrōθi	b o r a θ	boraθ	boraþ	542	Old_English	Class II weak 3sg pres. indic. Regular: *-ōθi → -aþ (Campbell §355.4). No i-umlaut: 3sg ending never had -j-. Forms with -eþ are dialectal.				bore (3sg)	*burōną	371
2313	l i o r n a	*líznô	l e o r n a	liorna	liorna	543	Old_English	Northumbrian iptv.2sg. Uses io from regular breaking; WS leorna has leveled eo.				learn (iptv.2sg)	*liznōjaną	372
2314	l i o r n a þ	*líznōθi	l e o r n a θ	liornaθ	liornaþ	544	Old_English	Class II weak 3sg. Regular: *-ōθi → -aþ. Root has io from breaking before rn. No i-umlaut: 3sg ending never had -j-. Forms with -eþ are dialectal (Campbell §757).				learn (3sg)	*liznōjaną	373
2315	l i c c a	*líkkô	l i k k a	likka	licca	545	Old_English	Class II weak iptv. 2sg test. Trimoric *ō → OE -a.				lick (iptv.2sg)	*likkōną	374
2316	l i c c a þ	*líkkōθi	l i k k a θ	likkaθ	liccaþ	546	Old_English	Class II weak 3sg pres. indic. Regular: *-ōθi → -aþ. No i-umlaut: 3sg ending never had -j-. Root has cc from WGmc gemination.				lick (3sg)	*likkōną	375
2317	s ċ ē a w a	*skáwô	s k e a w a	skeawa	sċēawa	547	Old_English	Class II weak iptv. 2sg test. Trimoric *ō → OE -a. Normalized sċ: Campbell §440.				show (iptv.2sg)	*skawōną	376
2318	s ċ ē a w a þ	*skáwōθi	s k e a w a θ	skeawaθ	sċēawaþ	548	Old_English	Class II weak 3sg pres. indic. Regular: *-ōθi → -aþ. No i-umlaut: 3sg ending never had -j-. Normalized sċ: Campbell §440.				show (3sg)	*skawōną	377
