evidence_id	source_key	printed_pages	holding_sheet	paragraph	start_char	end_char	diplomatic_form	paragraph_sha256	paragraph_text	begin_anchor	end_anchor
alignment-grave-kroonen-o-iterative	Kroonen2013	186	226	1	389	400	*grapp/bōn-	7d11c61b94612d2e8494b485fc642bf25040f7fc84b8421be8ebb6e57fdfe380	"186
*graipōn-
row, rake', SCr. grèpsti 'to scrape, scratch' <*ghrebh-; Latv. grebt (grebju) 'to
scrape, excavate, seize' < *ghreb¹(-ie)-.
On top of the aforementioned cognates, Hitt. karāpi, karipanzi 'to devour'
has been adduced as well (Kloekhorst 2008: 442-4), but this verb rather
belongs to the iterative doublet *garp/bōn- / *gurpōn- (q.v.). The iteratives
belonging to *graban- are *grapp/bōn- and *grupp/bōn-. Also cf. *graba-,
Go. graba f. 'trench, ditch', ON groff. 'pit, ditch; grave' < *grabō- and - with
ablaut - *grōbō-.
*graipōn- w.v. 'to grope' - ON greipa w.v. 'to grasp', OE grāpian w.v. 'to
grope, touch with the hands', E to grope, OHG greifōn w.v. 'to stroke' ⇒
*ghroibh-néh2- (NEUR).
The o-grade variant of the iterative *gripp/bōn- (q.v.).
*gramjan- w.v. 'to provoke, anger' - Go. gramjan w.v. 'id.', ON gremja w.v.
'id.', OE gremian w.v. 'id.', MLG gremmen w.v. 'id.', OHG grem(m)en w.v. 'id.',
G grämen w.v. 'id.' *ghrom-éie- (IE).
The causative to *grimman- (q.v.). Also cf. ON gramr, OE, OS, OHG gram
adj. 'angry' <*grama-.
*granna- adj. 'sharp' - ON grannr adj. 'thin, slender', Icel. grannur adj.
'thin, slim; accurate', Far. grannur adj. 'thin, fine', Elfd. grann adj. ‘thin, deli-
cate, pretty' *ghroH-n-uó- (NEUR/WEUR) - Ru. gran'f. 'side, face; border,
verge' <*ghroH-n-i-; Cz. hrana f. 'corner, edge' <*għroH-n-eh2-.
Probably related to *granō- 'hair of the beard'. The Nordic meaning 'thin'
must have developed out of older 'sharp' in view of the Icelandic meaning
'accurate'. Also cf. the Faroese phrase ta stóð so grant 'it stood so near the
edge', in which the meaning of grannur is particularly close to Cz. hrana
'edge'. Slightly less attractive is the connection to Olr. grind, grinn adj.
'sharp' <*ghrendh-i-; PGm. *granna- would then have to be reconstructed as
*ghrondh-no-.
-
*granō- f. 'hair of the beard' ON gron f. 'hair on the upper lip; mous-
tache', Far. gron f. 'nose of cattle, snout; perineum', pl. 'nostrils, nose', OE
granu f. 'moustache', MDu. grane, graen f. 'hair of the beard, awn, fish-bone',
OHG grana f. 'awn, beard, whiskers', G Granne f. 'awn' ⇒ *għroH-néh₂-
(NEUR?) Ru.gránka f. 'tuft', SCr. grána f. 'branch' < *ghroH-neh₂-.
-
Together with the Slavic forms, PGm. *granō- can with Dybo's law
(pretonic shortening before resonants) readily be reconstructed as PIE
*ghroH-néh₂-. There are some semantically close lookalikes in Celtic, how-
ever, cf. Olr. grend f.? 'beard, hair, bristles' <*ghrend (h)-eh2- and MW grann
m. 'chin, beard, cheek', MBret. grann 'eyebrow' < *għrand (h)-o-, but these
formations pose serious formal problems: both the intra-Celtic interchange"		
alignment-grave-kroonen-zero-iterative	Kroonen2013	186	226	1	405	416	*grupp/bōn-	7d11c61b94612d2e8494b485fc642bf25040f7fc84b8421be8ebb6e57fdfe380	"186
*graipōn-
row, rake', SCr. grèpsti 'to scrape, scratch' <*ghrebh-; Latv. grebt (grebju) 'to
scrape, excavate, seize' < *ghreb¹(-ie)-.
On top of the aforementioned cognates, Hitt. karāpi, karipanzi 'to devour'
has been adduced as well (Kloekhorst 2008: 442-4), but this verb rather
belongs to the iterative doublet *garp/bōn- / *gurpōn- (q.v.). The iteratives
belonging to *graban- are *grapp/bōn- and *grupp/bōn-. Also cf. *graba-,
Go. graba f. 'trench, ditch', ON groff. 'pit, ditch; grave' < *grabō- and - with
ablaut - *grōbō-.
*graipōn- w.v. 'to grope' - ON greipa w.v. 'to grasp', OE grāpian w.v. 'to
grope, touch with the hands', E to grope, OHG greifōn w.v. 'to stroke' ⇒
*ghroibh-néh2- (NEUR).
The o-grade variant of the iterative *gripp/bōn- (q.v.).
*gramjan- w.v. 'to provoke, anger' - Go. gramjan w.v. 'id.', ON gremja w.v.
'id.', OE gremian w.v. 'id.', MLG gremmen w.v. 'id.', OHG grem(m)en w.v. 'id.',
G grämen w.v. 'id.' *ghrom-éie- (IE).
The causative to *grimman- (q.v.). Also cf. ON gramr, OE, OS, OHG gram
adj. 'angry' <*grama-.
*granna- adj. 'sharp' - ON grannr adj. 'thin, slender', Icel. grannur adj.
'thin, slim; accurate', Far. grannur adj. 'thin, fine', Elfd. grann adj. ‘thin, deli-
cate, pretty' *ghroH-n-uó- (NEUR/WEUR) - Ru. gran'f. 'side, face; border,
verge' <*ghroH-n-i-; Cz. hrana f. 'corner, edge' <*għroH-n-eh2-.
Probably related to *granō- 'hair of the beard'. The Nordic meaning 'thin'
must have developed out of older 'sharp' in view of the Icelandic meaning
'accurate'. Also cf. the Faroese phrase ta stóð so grant 'it stood so near the
edge', in which the meaning of grannur is particularly close to Cz. hrana
'edge'. Slightly less attractive is the connection to Olr. grind, grinn adj.
'sharp' <*ghrendh-i-; PGm. *granna- would then have to be reconstructed as
*ghrondh-no-.
-
*granō- f. 'hair of the beard' ON gron f. 'hair on the upper lip; mous-
tache', Far. gron f. 'nose of cattle, snout; perineum', pl. 'nostrils, nose', OE
granu f. 'moustache', MDu. grane, graen f. 'hair of the beard, awn, fish-bone',
OHG grana f. 'awn, beard, whiskers', G Granne f. 'awn' ⇒ *għroH-néh₂-
(NEUR?) Ru.gránka f. 'tuft', SCr. grána f. 'branch' < *ghroH-neh₂-.
-
Together with the Slavic forms, PGm. *granō- can with Dybo's law
(pretonic shortening before resonants) readily be reconstructed as PIE
*ghroH-néh₂-. There are some semantically close lookalikes in Celtic, how-
ever, cf. Olr. grend f.? 'beard, hair, bristles' <*ghrend (h)-eh2- and MW grann
m. 'chin, beard, cheek', MBret. grann 'eyebrow' < *għrand (h)-o-, but these
formations pose serious formal problems: both the intra-Celtic interchange"		
alignment-grave-kroonen-a-noun	Kroonen2013	186	226	1	427	434	*graba-	7d11c61b94612d2e8494b485fc642bf25040f7fc84b8421be8ebb6e57fdfe380	"186
*graipōn-
row, rake', SCr. grèpsti 'to scrape, scratch' <*ghrebh-; Latv. grebt (grebju) 'to
scrape, excavate, seize' < *ghreb¹(-ie)-.
On top of the aforementioned cognates, Hitt. karāpi, karipanzi 'to devour'
has been adduced as well (Kloekhorst 2008: 442-4), but this verb rather
belongs to the iterative doublet *garp/bōn- / *gurpōn- (q.v.). The iteratives
belonging to *graban- are *grapp/bōn- and *grupp/bōn-. Also cf. *graba-,
Go. graba f. 'trench, ditch', ON groff. 'pit, ditch; grave' < *grabō- and - with
ablaut - *grōbō-.
*graipōn- w.v. 'to grope' - ON greipa w.v. 'to grasp', OE grāpian w.v. 'to
grope, touch with the hands', E to grope, OHG greifōn w.v. 'to stroke' ⇒
*ghroibh-néh2- (NEUR).
The o-grade variant of the iterative *gripp/bōn- (q.v.).
*gramjan- w.v. 'to provoke, anger' - Go. gramjan w.v. 'id.', ON gremja w.v.
'id.', OE gremian w.v. 'id.', MLG gremmen w.v. 'id.', OHG grem(m)en w.v. 'id.',
G grämen w.v. 'id.' *ghrom-éie- (IE).
The causative to *grimman- (q.v.). Also cf. ON gramr, OE, OS, OHG gram
adj. 'angry' <*grama-.
*granna- adj. 'sharp' - ON grannr adj. 'thin, slender', Icel. grannur adj.
'thin, slim; accurate', Far. grannur adj. 'thin, fine', Elfd. grann adj. ‘thin, deli-
cate, pretty' *ghroH-n-uó- (NEUR/WEUR) - Ru. gran'f. 'side, face; border,
verge' <*ghroH-n-i-; Cz. hrana f. 'corner, edge' <*għroH-n-eh2-.
Probably related to *granō- 'hair of the beard'. The Nordic meaning 'thin'
must have developed out of older 'sharp' in view of the Icelandic meaning
'accurate'. Also cf. the Faroese phrase ta stóð so grant 'it stood so near the
edge', in which the meaning of grannur is particularly close to Cz. hrana
'edge'. Slightly less attractive is the connection to Olr. grind, grinn adj.
'sharp' <*ghrendh-i-; PGm. *granna- would then have to be reconstructed as
*ghrondh-no-.
-
*granō- f. 'hair of the beard' ON gron f. 'hair on the upper lip; mous-
tache', Far. gron f. 'nose of cattle, snout; perineum', pl. 'nostrils, nose', OE
granu f. 'moustache', MDu. grane, graen f. 'hair of the beard, awn, fish-bone',
OHG grana f. 'awn, beard, whiskers', G Granne f. 'awn' ⇒ *għroH-néh₂-
(NEUR?) Ru.gránka f. 'tuft', SCr. grána f. 'branch' < *ghroH-neh₂-.
-
Together with the Slavic forms, PGm. *granō- can with Dybo's law
(pretonic shortening before resonants) readily be reconstructed as PIE
*ghroH-néh₂-. There are some semantically close lookalikes in Celtic, how-
ever, cf. Olr. grend f.? 'beard, hair, bristles' <*ghrend (h)-eh2- and MW grann
m. 'chin, beard, cheek', MBret. grann 'eyebrow' < *għrand (h)-o-, but these
formations pose serious formal problems: both the intra-Celtic interchange"		
alignment-grave-kroonen-o-noun	Kroonen2013	186	226	1	498	505	*grabō-	7d11c61b94612d2e8494b485fc642bf25040f7fc84b8421be8ebb6e57fdfe380	"186
*graipōn-
row, rake', SCr. grèpsti 'to scrape, scratch' <*ghrebh-; Latv. grebt (grebju) 'to
scrape, excavate, seize' < *ghreb¹(-ie)-.
On top of the aforementioned cognates, Hitt. karāpi, karipanzi 'to devour'
has been adduced as well (Kloekhorst 2008: 442-4), but this verb rather
belongs to the iterative doublet *garp/bōn- / *gurpōn- (q.v.). The iteratives
belonging to *graban- are *grapp/bōn- and *grupp/bōn-. Also cf. *graba-,
Go. graba f. 'trench, ditch', ON groff. 'pit, ditch; grave' < *grabō- and - with
ablaut - *grōbō-.
*graipōn- w.v. 'to grope' - ON greipa w.v. 'to grasp', OE grāpian w.v. 'to
grope, touch with the hands', E to grope, OHG greifōn w.v. 'to stroke' ⇒
*ghroibh-néh2- (NEUR).
The o-grade variant of the iterative *gripp/bōn- (q.v.).
*gramjan- w.v. 'to provoke, anger' - Go. gramjan w.v. 'id.', ON gremja w.v.
'id.', OE gremian w.v. 'id.', MLG gremmen w.v. 'id.', OHG grem(m)en w.v. 'id.',
G grämen w.v. 'id.' *ghrom-éie- (IE).
The causative to *grimman- (q.v.). Also cf. ON gramr, OE, OS, OHG gram
adj. 'angry' <*grama-.
*granna- adj. 'sharp' - ON grannr adj. 'thin, slender', Icel. grannur adj.
'thin, slim; accurate', Far. grannur adj. 'thin, fine', Elfd. grann adj. ‘thin, deli-
cate, pretty' *ghroH-n-uó- (NEUR/WEUR) - Ru. gran'f. 'side, face; border,
verge' <*ghroH-n-i-; Cz. hrana f. 'corner, edge' <*għroH-n-eh2-.
Probably related to *granō- 'hair of the beard'. The Nordic meaning 'thin'
must have developed out of older 'sharp' in view of the Icelandic meaning
'accurate'. Also cf. the Faroese phrase ta stóð so grant 'it stood so near the
edge', in which the meaning of grannur is particularly close to Cz. hrana
'edge'. Slightly less attractive is the connection to Olr. grind, grinn adj.
'sharp' <*ghrendh-i-; PGm. *granna- would then have to be reconstructed as
*ghrondh-no-.
-
*granō- f. 'hair of the beard' ON gron f. 'hair on the upper lip; mous-
tache', Far. gron f. 'nose of cattle, snout; perineum', pl. 'nostrils, nose', OE
granu f. 'moustache', MDu. grane, graen f. 'hair of the beard, awn, fish-bone',
OHG grana f. 'awn, beard, whiskers', G Granne f. 'awn' ⇒ *għroH-néh₂-
(NEUR?) Ru.gránka f. 'tuft', SCr. grána f. 'branch' < *ghroH-neh₂-.
-
Together with the Slavic forms, PGm. *granō- can with Dybo's law
(pretonic shortening before resonants) readily be reconstructed as PIE
*ghroH-néh₂-. There are some semantically close lookalikes in Celtic, how-
ever, cf. Olr. grend f.? 'beard, hair, bristles' <*ghrend (h)-eh2- and MW grann
m. 'chin, beard, cheek', MBret. grann 'eyebrow' < *għrand (h)-o-, but these
formations pose serious formal problems: both the intra-Celtic interchange"		
alignment-grave-kroonen-long-noun	Kroonen2013	186	226	1	526	533	*grōbō-	7d11c61b94612d2e8494b485fc642bf25040f7fc84b8421be8ebb6e57fdfe380	"186
*graipōn-
row, rake', SCr. grèpsti 'to scrape, scratch' <*ghrebh-; Latv. grebt (grebju) 'to
scrape, excavate, seize' < *ghreb¹(-ie)-.
On top of the aforementioned cognates, Hitt. karāpi, karipanzi 'to devour'
has been adduced as well (Kloekhorst 2008: 442-4), but this verb rather
belongs to the iterative doublet *garp/bōn- / *gurpōn- (q.v.). The iteratives
belonging to *graban- are *grapp/bōn- and *grupp/bōn-. Also cf. *graba-,
Go. graba f. 'trench, ditch', ON groff. 'pit, ditch; grave' < *grabō- and - with
ablaut - *grōbō-.
*graipōn- w.v. 'to grope' - ON greipa w.v. 'to grasp', OE grāpian w.v. 'to
grope, touch with the hands', E to grope, OHG greifōn w.v. 'to stroke' ⇒
*ghroibh-néh2- (NEUR).
The o-grade variant of the iterative *gripp/bōn- (q.v.).
*gramjan- w.v. 'to provoke, anger' - Go. gramjan w.v. 'id.', ON gremja w.v.
'id.', OE gremian w.v. 'id.', MLG gremmen w.v. 'id.', OHG grem(m)en w.v. 'id.',
G grämen w.v. 'id.' *ghrom-éie- (IE).
The causative to *grimman- (q.v.). Also cf. ON gramr, OE, OS, OHG gram
adj. 'angry' <*grama-.
*granna- adj. 'sharp' - ON grannr adj. 'thin, slender', Icel. grannur adj.
'thin, slim; accurate', Far. grannur adj. 'thin, fine', Elfd. grann adj. ‘thin, deli-
cate, pretty' *ghroH-n-uó- (NEUR/WEUR) - Ru. gran'f. 'side, face; border,
verge' <*ghroH-n-i-; Cz. hrana f. 'corner, edge' <*għroH-n-eh2-.
Probably related to *granō- 'hair of the beard'. The Nordic meaning 'thin'
must have developed out of older 'sharp' in view of the Icelandic meaning
'accurate'. Also cf. the Faroese phrase ta stóð so grant 'it stood so near the
edge', in which the meaning of grannur is particularly close to Cz. hrana
'edge'. Slightly less attractive is the connection to Olr. grind, grinn adj.
'sharp' <*ghrendh-i-; PGm. *granna- would then have to be reconstructed as
*ghrondh-no-.
-
*granō- f. 'hair of the beard' ON gron f. 'hair on the upper lip; mous-
tache', Far. gron f. 'nose of cattle, snout; perineum', pl. 'nostrils, nose', OE
granu f. 'moustache', MDu. grane, graen f. 'hair of the beard, awn, fish-bone',
OHG grana f. 'awn, beard, whiskers', G Granne f. 'awn' ⇒ *għroH-néh₂-
(NEUR?) Ru.gránka f. 'tuft', SCr. grána f. 'branch' < *ghroH-neh₂-.
-
Together with the Slavic forms, PGm. *granō- can with Dybo's law
(pretonic shortening before resonants) readily be reconstructed as PIE
*ghroH-néh₂-. There are some semantically close lookalikes in Celtic, how-
ever, cf. Olr. grend f.? 'beard, hair, bristles' <*ghrend (h)-eh2- and MW grann
m. 'chin, beard, cheek', MBret. grann 'eyebrow' < *għrand (h)-o-, but these
formations pose serious formal problems: both the intra-Celtic interchange"		
alignment-gripe-kroonen-iterative	Kroonen2013	190	230	1	2616	2627	*gripp/bōn-	c99ae4baff15bcd437aa7c65aed757ca5bcfd1f002657a20b840c45311f428e6	"190
*grimman-
*grimman- s.v. 'to rage' - OE grimman s.v. 'to rage, roar; to rush', OS
grimman s.v. 'to rage', MHG grimmen s.v. 'to rage, yell' ⇒ *ghrém-n-e- or
*ghr-én-m-e- (IE) - Av. gram- 'to become angry' <*għrem-.
A nasal present to PIE *ghrem-, no doubt an old sound symbolic root. See
also *gramjan-.
*grīnan-s.v. 'to flash, snarl' - ON grína s.v. 'to grimace, grin', Far. grína s.v.
'to grin, laugh', Nw. grine s.v. 'to grimace, whine', Da. grine w.v. 'to grimace;
to laugh', E to grin, MDu. grinen s./w.v. 'to cry; to growl; to grin', OHG grinan
s.v. 'to bark, howl, snarl', MHG grinen s.v. 'to grin, show teeth', G greinen w.v.
'to whine' → *ghréi-n-e- (WEUR) — Olr.grían f. 'sun' < *għrei-neh₂-.
-
A strong verb whose original meaning was 'to flash', cf. Da. obs. grine 'to
send a piercing light (e.g. of the sun), to light up in the dark' and esp. Far.
tað grímir 'it is beginning to get light' (< *grīmēn-). It later changed into ‘to
snarl, bare the teeth' and 'to grin', whence both 'to cry' and 'to laugh'. The
-n- of the verb must be suffixal in view of Nw. dial. grisa 'to grin' (Hellquist
1922: 201). The more primary root *gri- has been compared to Olr.
grinniguth 'le grincement des flèches' (Vendryes 1907: 140), but in view of
the original meaning 'to flash', I prefer to connect it to Olr. grían 'sun'. Also
cf. OE granian w.v. 'to groan, lament, murmur', E to groan <*grainō(ja)n-.
*grindan- s.v. 'to grind' - OE grindan s.v. 'id.', E to grind ⇒ *gwhrénHdh-e-
(EUR) Lat. frendō, -ere 'to grind one's teeth' < *gwhrénHdh-e-; Lith. gręsti
(gréndžiu) 'to plane, scour' < *gwhrenHdh-ie-.
-
Also cf. OHG grint, G Grind m. 'scurf', Du. grind m. ‘gravel' < *grinda- and
Icel. grand n. 'grain, particle, little bit', LG grand 'sand' <*granda-.
*grindi- f. 'fence' - ON grind f. 'lattice door, gate, fence', Icel. grind f. 'trellis,
grating, rack, frame', Far. grind f. 'gate, frame' *ghrendh-i- (NEUR) — Lith.
dial. grindà f. 'flooring of a bridge', Latv. grida f. 'floor, threshing-floor', Ru.
grjadá f. 'ridge, bed (of flowers)', dial. 'pole, staff, SCr. gréda f. 'garden bed,
ridge' <*ghrndh-ehz-.
Also cf. OE grindel m. 'bar, bolt, lattice frame', OHG grintil m. 'bolt, bar,
plank' <*grindila-.
*gripan- s.v. 'to grasp, seize' -Go. greipan s.v. 'id.', ON grípa s.v. 'id.', OE
gripan s.v. 'id.', OFri. gripa s.v. 'id.', OS gripan s.v. 'id.', Du. grijpen s.v. 'id.',
OHG grifan s.v. 'id.', G greifen s.v. 'id.' (DRV).
Since the root-final *p of this verb in view of G Als. grippen < *gribbōn-
must have developed from Pre-Gm. *-pp-, the strong verb is likely to be a
back-formation to the iterative *gripp/bōn- (q.v.). Also cf. Nw. dial. gripe, OE
gripa m. 'handful' < *gripan-; ON gripr m. 'valuable', OE gripe m. 'grip,"		
alignment-gripe-kroonen-iterative-3sg	Kroonen2013	191	231	1	522	531	*grippōþi	9279761c6b0ebffc97d32037288fd357d9766b029f002d48f59ad78b91b0670c	"*gripp/bōn-
191
grasp', MDu. grepe, Du. greep ‘id.', MHG grif, G Griff m. ‘id.' < *gripi- and OE
gripa, Far. grípur m. 'vulture' <*grīpa(n)-.
*gripp/bōn-w.v. 'to grasp'. - ON gripla w.v. 'to grope', MDu. grippen w.v.
'to grasp', Du. gribbelen w.v. 'to pick up', G Als. grippen w.v. 'to grab' =>
*ghribh-néh2- (NEUR) Lith. griebti (griebiù) 'to seize' < *ghreibh-ie-; Lith.
graibýti (graibau) ‘id.' < *għroibh-éie-; Latv. gribêt (gribu) 'to wish, desire' <
*ghribh-eh1-.
-
The material points to an iterative paradigm 3sg. *grippōþi, 3pl.
*gribunanpi < *ghribh-néh₂-. This verb probably gave rise to the strong verb
*gripan- in view of the (shortened) geminate of the latter. Also cf. the close-
ly related o-grade iterative *graipōn-.
*grisa- adj. 'grey' - OE gris adj. 'id.', OS gris adj. 'id.', Du. grijs adj. 'id.', OHG
gris adj. 'id.', G greis adj. 'aged' (GM).
The anlaut *gr- has spawned the idea that the adjective is related to
*grēwa- with the same meaning, but this is formally difficult. The only way
to reconcile the two formations is to assume that *grīsa- was derived from
an i-present to the root *greh1-, i.e. *ghreh₁-i-. After the addition of an
s-suffix, the resulting form *ghrēis- would then have developed into *grīs- by
Osthoff's law. This scenario remains highly speculative, however. Also note
that the connection with ON gríss, Far. grísur, Elfd. grais m. ‘pig' (cf. Pokorny
IEW: 441-2) is erroneous: this word was derived from the strong verb
*grisan- underlying Far. grísa w.v. 'to be straying (of cattle)', Nw. dial. grisa
s.v. 'to have holes'.
-
*grōan- s.v. 'to grow' ON gróa s.v. 'id.', OE grōwan s.v. 'id.', E to grow,
OFri. grōwa, grōia s.v. ‘id.', MLG grōien w.v. 'id.', MDu. groeyen s.v. 'id.', Du.
groeien w.v. 'id.', OHG gruoan s.v. 'id.', MHG grüen s.v. ‘id.' ⇒ *għróh₁-e- (IE)
-
Hitt. karijant-'grass' < *għrh₁-i-ent- (Puhvel 1984-: 4, 80); Lat. grāmen n.
'id.'<*ghrh1-mn-.
An o-grade strong verb to the root *ghreh1-, cf. OE græd m. ‘grass' <
*grēda- <*għreh-tó-. The verb did not have a suffix *-ie-: both the *j of OHG
-en, OFri-ia, MDu. -yen-, -ien and the *w of OE -wan, OFri. -wa are secondary
hiatus fillers. See also *grōni- 'green' and *grōpi- 'growing'.
*grōbō- f. 'cavity, pit' - Go. groba f. 'dugout, hole, cave', ON gróff. 'pit', Far.
grógv f. 'depression, hollow', ODu. gruova f. 'pit', Du. groeve f. 'pit, ditch,
hole', OHG gruoba f. 'pit, cavity', G Grube f. 'id.' (DRV).
An ō-stem derived from *graban- (q.v.).
*grōni- adj. 'green' - ON grænn adj. 'id.', Far. grønur adj. 'id.', Elfd. gryōn
adj. 'id.', OE grēne adj. 'id.', OFri. grēne adj. 'id.', OS grōni adj. 'id.', Du. groen"		
alignment-gripe-kroonen-iterative-3pl	Kroonen2013	191	231	1	538	549	*gribunanpi	9279761c6b0ebffc97d32037288fd357d9766b029f002d48f59ad78b91b0670c	"*gripp/bōn-
191
grasp', MDu. grepe, Du. greep ‘id.', MHG grif, G Griff m. ‘id.' < *gripi- and OE
gripa, Far. grípur m. 'vulture' <*grīpa(n)-.
*gripp/bōn-w.v. 'to grasp'. - ON gripla w.v. 'to grope', MDu. grippen w.v.
'to grasp', Du. gribbelen w.v. 'to pick up', G Als. grippen w.v. 'to grab' =>
*ghribh-néh2- (NEUR) Lith. griebti (griebiù) 'to seize' < *ghreibh-ie-; Lith.
graibýti (graibau) ‘id.' < *għroibh-éie-; Latv. gribêt (gribu) 'to wish, desire' <
*ghribh-eh1-.
-
The material points to an iterative paradigm 3sg. *grippōþi, 3pl.
*gribunanpi < *ghribh-néh₂-. This verb probably gave rise to the strong verb
*gripan- in view of the (shortened) geminate of the latter. Also cf. the close-
ly related o-grade iterative *graipōn-.
*grisa- adj. 'grey' - OE gris adj. 'id.', OS gris adj. 'id.', Du. grijs adj. 'id.', OHG
gris adj. 'id.', G greis adj. 'aged' (GM).
The anlaut *gr- has spawned the idea that the adjective is related to
*grēwa- with the same meaning, but this is formally difficult. The only way
to reconcile the two formations is to assume that *grīsa- was derived from
an i-present to the root *greh1-, i.e. *ghreh₁-i-. After the addition of an
s-suffix, the resulting form *ghrēis- would then have developed into *grīs- by
Osthoff's law. This scenario remains highly speculative, however. Also note
that the connection with ON gríss, Far. grísur, Elfd. grais m. ‘pig' (cf. Pokorny
IEW: 441-2) is erroneous: this word was derived from the strong verb
*grisan- underlying Far. grísa w.v. 'to be straying (of cattle)', Nw. dial. grisa
s.v. 'to have holes'.
-
*grōan- s.v. 'to grow' ON gróa s.v. 'id.', OE grōwan s.v. 'id.', E to grow,
OFri. grōwa, grōia s.v. ‘id.', MLG grōien w.v. 'id.', MDu. groeyen s.v. 'id.', Du.
groeien w.v. 'id.', OHG gruoan s.v. 'id.', MHG grüen s.v. ‘id.' ⇒ *għróh₁-e- (IE)
-
Hitt. karijant-'grass' < *għrh₁-i-ent- (Puhvel 1984-: 4, 80); Lat. grāmen n.
'id.'<*ghrh1-mn-.
An o-grade strong verb to the root *ghreh1-, cf. OE græd m. ‘grass' <
*grēda- <*għreh-tó-. The verb did not have a suffix *-ie-: both the *j of OHG
-en, OFri-ia, MDu. -yen-, -ien and the *w of OE -wan, OFri. -wa are secondary
hiatus fillers. See also *grōni- 'green' and *grōpi- 'growing'.
*grōbō- f. 'cavity, pit' - Go. groba f. 'dugout, hole, cave', ON gróff. 'pit', Far.
grógv f. 'depression, hollow', ODu. gruova f. 'pit', Du. groeve f. 'pit, ditch,
hole', OHG gruoba f. 'pit, cavity', G Grube f. 'id.' (DRV).
An ō-stem derived from *graban- (q.v.).
*grōni- adj. 'green' - ON grænn adj. 'id.', Far. grønur adj. 'id.', Elfd. gryōn
adj. 'id.', OE grēne adj. 'id.', OFri. grēne adj. 'id.', OS grōni adj. 'id.', Du. groen"		
alignment-ground-kroonen-cimbrian	Kroonen2013	192	232	1	1470	1475	grumf	94d86f9c320c15ebc96cb33fd86e61395d1247dbef1609f3c4128f79f6f54d1c	"192
*grōtjan-
adj. 'id', OHG gruoni adj. 'id.', MHG grüene adj. 'id.', G grün adj. 'id.' ⇒
*ghroh1-ni- (DRV).
An adjective related to *grōan- ‘to grow' (q.v.).
-
*grōtjan- w.v. 'to make shout, greet' ON groeta w.v. 'to make cry', OE
grētan w.v. 'to greet', OS grōtian w.v. 'to address, harass, enrage', Du.
groeten w.v. 'to greet', OHG gruozen w.v. 'to irritate, greet, speak to', MHG
gruozen, grüezen w.v. 'to cry; to greet', G grüßen w.v. 'to greet' ⇒
*għrohid-éie- (IE).
The causative to *grētan- (q.v.).
*grōpi- f. 'growing, growth, young vegetation' -ON gróðr m. 'growth,
crop', Far. gróður m. 'vegetation', OFri. grēde f. 'id.', MDu. groede f. ‘id.', MHG
gruot f. 'id.'*għroh₁-ti- (DRV).
A ti-stem derived from *grōan- (q.v.). Also cf. ON gróðr n. 'growth' <
*grōp/du- <*ghroh₁-tu-.
*gruba- adj. 'coarse' - MDu. grof adj. 'large; crude; loud', Du. grof adj.
'coarse', MHG grop adj. 'thick, strong, big' *ghrubh-o- (DRV) - Lith. grubus
adj. 'uneven, rough' < *ghrubh-u-; OCS grob, Ru. grúbyj, SCr. grûb adj.
'coarse, rough, rude' < *għru-m-bh-o-.
An adjective derived from the root *greub- 'to grind', which also occurs in
the strong verb *greupan- (q.v.).
*grumbu-~*grundu- m. 'floor' - Go. grundu-waddjus m. 'ground-wall', ON
grunnr m. 'bottom', Far. gruður, grunnur m. 'shallow; sea bottom', Elfd.
grunn n. 'id.', OE grund m. 'ground, bottom, foundation', E ground, OFri.
grund m. 'id.', OS grund m. 'id.', Du. grond c. 'id.', OHG grunt m. 'id.', G Grund,
Cimb. grumf m. 'id.' ⇒ *għrm-tu- (IE?).
Usually reconstructed as a tu-stem to a root *ghren- (cf. Orel 2003: 144).
Cimb. grumf, however, points to a form *grumfpu- with an epenthetic ƒ be-
tween the m and the þ (for which cf. *kwumþi- and *samþu-). Related to Skt.
harmyá- 'permanent building' < *gher-m-io-? Also cf. ON grandi m. 'isthmus'
<*granda-.
*grupp/bōn-w.v. 'to dig' - Nw. gropa w.v. 'to dig up; hollow out, groove',
ME grubben w.v. 'to dig in earth with a tool; to dig up; to pluck out', gropen
w.v. 'to dig, to make a groove', E to grub, MLG gropen w.v. 'to hollow out',
MDu. grobben w.v. 'to scrape', G Pal. groppen w.v. 'to scratch'⇒ *għrbh-néh₂-
(IE) — Skt. grbhṇáti 'to seize, take, hold' <*għrbh-néh₂-.
-
An iterative to *graban-: the evidence is suggestive of a paradigm 3sg.
*gruppōbi, 3pl. *grubunan þi that continues PIE *ghrbh-néh2- (= Skt."		
alignment-ground-kroonen-nominative	Kroonen2013	xxxii	29	1	474	483	*grumfpuz	a8778ea43265f5563e2a31c7eaf6d4b5c71305c2ad7879d2b43b9d31347019c9	"Xxxii
Introduction
•*grumbu- ~ *grundu- m. 'floor': ON grunnr, G Cimb. grumf< *għrm-tu-
vs. Go. grundus*, OE, OFri., OS grund, OHG grunt < *ghrm-tú- (for the
root structure *ghrem-, cf. ON grandi m. 'isthmus' <*granda-)
When Proto-Germanic still had a mobile accent, these ti- and tu-stems
probably had root-stress in the nominative, and suffix-stress in the genitive,
e.g. nom. *ghrm-tu-s, gen. *ghrm-té/óu-s. After the Germanic sound shifts, the
nominative developed into *grumfpuz, whence G Cimb. grumf, while the
genitive *grundauz ultimately served as the basis for Go. grundus and the
aforementioned West Germanic forms. ON grunnr, on the other hand, goes
back to *grunbuz, and appears to be a secondary variant with analogical n
The fact that this analogy was possible proves that the paradigmatic
Verner alternation must have remained intact until after the breaking up of
Proto-Germanic and survived into Proto-Norse.
2.2.4 Delabialization before *j
As argued under §2.2.2, Pre-Gm. *gw was delabialized to *g under certain
circumstances, especially before *u and *r. Another important position in
which delabialization appears to have occurred is immediately before *j.
The evidence suggests that this development was conditioned by the sur-
rounding vocalism: delabialization is found in words where *gw was pre-
ceded by an originally round vowel.
• *dangjan- w.v. 'to beat': ON dengja, OE dencgan <*dhongwh-éie-, cf. OSw.
diunga s.v. 'to beat' <*dingwan- <*dhengwh-e-3
•
• *sagja- m. 'man, hero': ON seggr, OE secg <*sokwH-ió-, cf. Lat. socius m.
'companion' <*sokwH-io-, Skt. sákhā, dat. sákhye m. 'id.' < *sokwH-oi-
*sagjan- w.v. 'to say, recount': ON segja, OE secgan, OFri. sedza, sidza,
OS seggian*sokw-éie-, cf. Lith. sakýti, SCS sočiti 'to indicate' <
*sokw-éie- and Gr. έv(v)έπw 'to say, recount, announce' < *h₁en-sekw-
.
• *wulgi-, gen. *wulgjöz f. 'she-wolf': ON ylgr,ylgja <*ulkw-íh₂-, *-iéh₂-s, cf.
Skt. vrkí-, Lith. vilkė f. 'id.' (also cf. OHG wulpa f. 'id.' <*wulbjō- with the
labial adopted from *wulfaz 'wolf' <*ulkw-o- prior to Verner's law)4
When there was originally an *a in the root, we find the expected outcomes
of PGm. *gw:
3 Note that the cluster *-ngwj- was phonotactically fine in Proto-Germanic, cf.
the denominatives Go. ga-aggwjan w.v. 'to oppress', ON øngva, øngja w.v. 'to
make narrow' <*angwjan- and ON prøngva s.v. 'to press, force' <*þrangwjan-.
4 Contrary to Rasmussen 1983 and Ringe 2006: 111, I do not think that Siev-
ers' law has a bearing on the evolution of this word."		
alignment-ground-kroonen-genitive	Kroonen2013	xxxii	29	1	526	535	*grundauz	a8778ea43265f5563e2a31c7eaf6d4b5c71305c2ad7879d2b43b9d31347019c9	"Xxxii
Introduction
•*grumbu- ~ *grundu- m. 'floor': ON grunnr, G Cimb. grumf< *għrm-tu-
vs. Go. grundus*, OE, OFri., OS grund, OHG grunt < *ghrm-tú- (for the
root structure *ghrem-, cf. ON grandi m. 'isthmus' <*granda-)
When Proto-Germanic still had a mobile accent, these ti- and tu-stems
probably had root-stress in the nominative, and suffix-stress in the genitive,
e.g. nom. *ghrm-tu-s, gen. *ghrm-té/óu-s. After the Germanic sound shifts, the
nominative developed into *grumfpuz, whence G Cimb. grumf, while the
genitive *grundauz ultimately served as the basis for Go. grundus and the
aforementioned West Germanic forms. ON grunnr, on the other hand, goes
back to *grunbuz, and appears to be a secondary variant with analogical n
The fact that this analogy was possible proves that the paradigmatic
Verner alternation must have remained intact until after the breaking up of
Proto-Germanic and survived into Proto-Norse.
2.2.4 Delabialization before *j
As argued under §2.2.2, Pre-Gm. *gw was delabialized to *g under certain
circumstances, especially before *u and *r. Another important position in
which delabialization appears to have occurred is immediately before *j.
The evidence suggests that this development was conditioned by the sur-
rounding vocalism: delabialization is found in words where *gw was pre-
ceded by an originally round vowel.
• *dangjan- w.v. 'to beat': ON dengja, OE dencgan <*dhongwh-éie-, cf. OSw.
diunga s.v. 'to beat' <*dingwan- <*dhengwh-e-3
•
• *sagja- m. 'man, hero': ON seggr, OE secg <*sokwH-ió-, cf. Lat. socius m.
'companion' <*sokwH-io-, Skt. sákhā, dat. sákhye m. 'id.' < *sokwH-oi-
*sagjan- w.v. 'to say, recount': ON segja, OE secgan, OFri. sedza, sidza,
OS seggian*sokw-éie-, cf. Lith. sakýti, SCS sočiti 'to indicate' <
*sokw-éie- and Gr. έv(v)έπw 'to say, recount, announce' < *h₁en-sekw-
.
• *wulgi-, gen. *wulgjöz f. 'she-wolf': ON ylgr,ylgja <*ulkw-íh₂-, *-iéh₂-s, cf.
Skt. vrkí-, Lith. vilkė f. 'id.' (also cf. OHG wulpa f. 'id.' <*wulbjō- with the
labial adopted from *wulfaz 'wolf' <*ulkw-o- prior to Verner's law)4
When there was originally an *a in the root, we find the expected outcomes
of PGm. *gw:
3 Note that the cluster *-ngwj- was phonotactically fine in Proto-Germanic, cf.
the denominatives Go. ga-aggwjan w.v. 'to oppress', ON øngva, øngja w.v. 'to
make narrow' <*angwjan- and ON prøngva s.v. 'to press, force' <*þrangwjan-.
4 Contrary to Rasmussen 1983 and Ringe 2006: 111, I do not think that Siev-
ers' law has a bearing on the evolution of this word."		
alignment-guest-ringe-nom-sg	Ringe2017	312			1170	1176	gastiz	2ab521d888c48f443967ac7c9bffabccfab94d5a01f0b522b2c55ac3c87a1040	".. (ii) Sample noun paradigms
              day (m.)     army (m.)        herdsman (m.) yoke (n.)        gift (f.)
   singular
   nom.       dagaz        harjaz           hirdijaz       juką            gebō
   voc.       dag          hari (?)         hirdī (?)      juką            gebō
   acc.       dagą         harją            hirdiją        juką            gebǭ
   gen.       dagas        harjas           hirdijas       jukas           gebōz
   dat.       dagai        harjai           hirdijai       jukai           gebō- i (?)
   inst.      dagō         harjō            hirdijō        jukō            gebō
  plural
  n.-v.       dagōziz?         harjōziz?    hirdijōziz?    jukō            gebō- z
  acc.        daganz           harjanz      hirdijanz      jukō            gebōz
  gen.        dagǭ̄            harjǭ̄       hirdijǭ̄       jukǭ̄           gebǭ̄
  dat.        dagamaz          harjamaz     hirdijamaz     jukamaz         gebōmaz
  inst.       dagamiz          harjamiz     hirdijamiz     jukamiz         gebōmiz
              fetter (f.)      guest (m.)   deed (f.)      son (m.)        livestock (n.)
  singular
  nom.        bandī            gastiz       dēdiz          sunuz           fehu
  voc.        bandī            gastī?       dēdī?          sunau           fehu
  acc.        bandijǭ          gastį        dēdį           sunų            fehu
  gen.        bandijōz         gastīz       dēdīz          sunauz          fehauz
  dat.        bandijō- i (?)   gastī        dēdī           suniwi          fehiwi
  inst.       bandijō          gastī        dēdī           sunū            fehū
  plural
  n.-v.       bandijō- z       gastīz       dēdīz          suniwiz
  acc.        bandijōz         gastinz      dēdinz         sununz
  gen.        bandijǭ̄         gastijǭ̄     dēdijǭ̄        suniwǭ̄
  dat.        bandijōmaz       gastimaz     dēdimaz        sunumaz
  inst.       bandijōmiz       gastimiz     dēdimiz        sunumiz
              human (m.)       name (n.)    eye (n.)       tongue (f.)     height (f.)
  sg. nom.    gumō-            namō-        ???            ???             ???
      acc.    gumanų           namō-        ???            tungōnų         hauhīnų
      gen.    guminiz          naminiz      auginiz        tungōniz        hauhīniz
      dat.    gumini           namini       augini         tungōni         hauhīni
      inst.   ???              ???          ???            ???             ???"	".. (ii) Sample noun paradigms
              day (m.)     army (m.)        herdsman (m.) yoke (n.)        gift (f.)
  "	"   augini         tungōni         hauhīni
      inst.   ???              ???          ???            ???             ???"
alignment-guest-ringe-voc-sg	Ringe2017	312			1250	1256	gastī?	2ab521d888c48f443967ac7c9bffabccfab94d5a01f0b522b2c55ac3c87a1040	".. (ii) Sample noun paradigms
              day (m.)     army (m.)        herdsman (m.) yoke (n.)        gift (f.)
   singular
   nom.       dagaz        harjaz           hirdijaz       juką            gebō
   voc.       dag          hari (?)         hirdī (?)      juką            gebō
   acc.       dagą         harją            hirdiją        juką            gebǭ
   gen.       dagas        harjas           hirdijas       jukas           gebōz
   dat.       dagai        harjai           hirdijai       jukai           gebō- i (?)
   inst.      dagō         harjō            hirdijō        jukō            gebō
  plural
  n.-v.       dagōziz?         harjōziz?    hirdijōziz?    jukō            gebō- z
  acc.        daganz           harjanz      hirdijanz      jukō            gebōz
  gen.        dagǭ̄            harjǭ̄       hirdijǭ̄       jukǭ̄           gebǭ̄
  dat.        dagamaz          harjamaz     hirdijamaz     jukamaz         gebōmaz
  inst.       dagamiz          harjamiz     hirdijamiz     jukamiz         gebōmiz
              fetter (f.)      guest (m.)   deed (f.)      son (m.)        livestock (n.)
  singular
  nom.        bandī            gastiz       dēdiz          sunuz           fehu
  voc.        bandī            gastī?       dēdī?          sunau           fehu
  acc.        bandijǭ          gastį        dēdį           sunų            fehu
  gen.        bandijōz         gastīz       dēdīz          sunauz          fehauz
  dat.        bandijō- i (?)   gastī        dēdī           suniwi          fehiwi
  inst.       bandijō          gastī        dēdī           sunū            fehū
  plural
  n.-v.       bandijō- z       gastīz       dēdīz          suniwiz
  acc.        bandijōz         gastinz      dēdinz         sununz
  gen.        bandijǭ̄         gastijǭ̄     dēdijǭ̄        suniwǭ̄
  dat.        bandijōmaz       gastimaz     dēdimaz        sunumaz
  inst.       bandijōmiz       gastimiz     dēdimiz        sunumiz
              human (m.)       name (n.)    eye (n.)       tongue (f.)     height (f.)
  sg. nom.    gumō-            namō-        ???            ???             ???
      acc.    gumanų           namō-        ???            tungōnų         hauhīnų
      gen.    guminiz          naminiz      auginiz        tungōniz        hauhīniz
      dat.    gumini           namini       augini         tungōni         hauhīni
      inst.   ???              ???          ???            ???             ???"	".. (ii) Sample noun paradigms
              day (m.)     army (m.)        herdsman (m.) yoke (n.)        gift (f.)
  "	"   augini         tungōni         hauhīni
      inst.   ???              ???          ???            ???             ???"
alignment-guest-ringe-acc-sg	Ringe2017	312			1330	1335	gastį	2ab521d888c48f443967ac7c9bffabccfab94d5a01f0b522b2c55ac3c87a1040	".. (ii) Sample noun paradigms
              day (m.)     army (m.)        herdsman (m.) yoke (n.)        gift (f.)
   singular
   nom.       dagaz        harjaz           hirdijaz       juką            gebō
   voc.       dag          hari (?)         hirdī (?)      juką            gebō
   acc.       dagą         harją            hirdiją        juką            gebǭ
   gen.       dagas        harjas           hirdijas       jukas           gebōz
   dat.       dagai        harjai           hirdijai       jukai           gebō- i (?)
   inst.      dagō         harjō            hirdijō        jukō            gebō
  plural
  n.-v.       dagōziz?         harjōziz?    hirdijōziz?    jukō            gebō- z
  acc.        daganz           harjanz      hirdijanz      jukō            gebōz
  gen.        dagǭ̄            harjǭ̄       hirdijǭ̄       jukǭ̄           gebǭ̄
  dat.        dagamaz          harjamaz     hirdijamaz     jukamaz         gebōmaz
  inst.       dagamiz          harjamiz     hirdijamiz     jukamiz         gebōmiz
              fetter (f.)      guest (m.)   deed (f.)      son (m.)        livestock (n.)
  singular
  nom.        bandī            gastiz       dēdiz          sunuz           fehu
  voc.        bandī            gastī?       dēdī?          sunau           fehu
  acc.        bandijǭ          gastį        dēdį           sunų            fehu
  gen.        bandijōz         gastīz       dēdīz          sunauz          fehauz
  dat.        bandijō- i (?)   gastī        dēdī           suniwi          fehiwi
  inst.       bandijō          gastī        dēdī           sunū            fehū
  plural
  n.-v.       bandijō- z       gastīz       dēdīz          suniwiz
  acc.        bandijōz         gastinz      dēdinz         sununz
  gen.        bandijǭ̄         gastijǭ̄     dēdijǭ̄        suniwǭ̄
  dat.        bandijōmaz       gastimaz     dēdimaz        sunumaz
  inst.       bandijōmiz       gastimiz     dēdimiz        sunumiz
              human (m.)       name (n.)    eye (n.)       tongue (f.)     height (f.)
  sg. nom.    gumō-            namō-        ???            ???             ???
      acc.    gumanų           namō-        ???            tungōnų         hauhīnų
      gen.    guminiz          naminiz      auginiz        tungōniz        hauhīniz
      dat.    gumini           namini       augini         tungōni         hauhīni
      inst.   ???              ???          ???            ???             ???"	".. (ii) Sample noun paradigms
              day (m.)     army (m.)        herdsman (m.) yoke (n.)        gift (f.)
  "	"   augini         tungōni         hauhīni
      inst.   ???              ???          ???            ???             ???"
alignment-guest-ringe-gen-sg	Ringe2017	312			1410	1416	gastīz	2ab521d888c48f443967ac7c9bffabccfab94d5a01f0b522b2c55ac3c87a1040	".. (ii) Sample noun paradigms
              day (m.)     army (m.)        herdsman (m.) yoke (n.)        gift (f.)
   singular
   nom.       dagaz        harjaz           hirdijaz       juką            gebō
   voc.       dag          hari (?)         hirdī (?)      juką            gebō
   acc.       dagą         harją            hirdiją        juką            gebǭ
   gen.       dagas        harjas           hirdijas       jukas           gebōz
   dat.       dagai        harjai           hirdijai       jukai           gebō- i (?)
   inst.      dagō         harjō            hirdijō        jukō            gebō
  plural
  n.-v.       dagōziz?         harjōziz?    hirdijōziz?    jukō            gebō- z
  acc.        daganz           harjanz      hirdijanz      jukō            gebōz
  gen.        dagǭ̄            harjǭ̄       hirdijǭ̄       jukǭ̄           gebǭ̄
  dat.        dagamaz          harjamaz     hirdijamaz     jukamaz         gebōmaz
  inst.       dagamiz          harjamiz     hirdijamiz     jukamiz         gebōmiz
              fetter (f.)      guest (m.)   deed (f.)      son (m.)        livestock (n.)
  singular
  nom.        bandī            gastiz       dēdiz          sunuz           fehu
  voc.        bandī            gastī?       dēdī?          sunau           fehu
  acc.        bandijǭ          gastį        dēdį           sunų            fehu
  gen.        bandijōz         gastīz       dēdīz          sunauz          fehauz
  dat.        bandijō- i (?)   gastī        dēdī           suniwi          fehiwi
  inst.       bandijō          gastī        dēdī           sunū            fehū
  plural
  n.-v.       bandijō- z       gastīz       dēdīz          suniwiz
  acc.        bandijōz         gastinz      dēdinz         sununz
  gen.        bandijǭ̄         gastijǭ̄     dēdijǭ̄        suniwǭ̄
  dat.        bandijōmaz       gastimaz     dēdimaz        sunumaz
  inst.       bandijōmiz       gastimiz     dēdimiz        sunumiz
              human (m.)       name (n.)    eye (n.)       tongue (f.)     height (f.)
  sg. nom.    gumō-            namō-        ???            ???             ???
      acc.    gumanų           namō-        ???            tungōnų         hauhīnų
      gen.    guminiz          naminiz      auginiz        tungōniz        hauhīniz
      dat.    gumini           namini       augini         tungōni         hauhīni
      inst.   ???              ???          ???            ???             ???"	".. (ii) Sample noun paradigms
              day (m.)     army (m.)        herdsman (m.) yoke (n.)        gift (f.)
  "	"   augini         tungōni         hauhīni
      inst.   ???              ???          ???            ???             ???"
alignment-guest-ringe-dat-sg	Ringe2017	312			1492	1497	gastī	2ab521d888c48f443967ac7c9bffabccfab94d5a01f0b522b2c55ac3c87a1040	".. (ii) Sample noun paradigms
              day (m.)     army (m.)        herdsman (m.) yoke (n.)        gift (f.)
   singular
   nom.       dagaz        harjaz           hirdijaz       juką            gebō
   voc.       dag          hari (?)         hirdī (?)      juką            gebō
   acc.       dagą         harją            hirdiją        juką            gebǭ
   gen.       dagas        harjas           hirdijas       jukas           gebōz
   dat.       dagai        harjai           hirdijai       jukai           gebō- i (?)
   inst.      dagō         harjō            hirdijō        jukō            gebō
  plural
  n.-v.       dagōziz?         harjōziz?    hirdijōziz?    jukō            gebō- z
  acc.        daganz           harjanz      hirdijanz      jukō            gebōz
  gen.        dagǭ̄            harjǭ̄       hirdijǭ̄       jukǭ̄           gebǭ̄
  dat.        dagamaz          harjamaz     hirdijamaz     jukamaz         gebōmaz
  inst.       dagamiz          harjamiz     hirdijamiz     jukamiz         gebōmiz
              fetter (f.)      guest (m.)   deed (f.)      son (m.)        livestock (n.)
  singular
  nom.        bandī            gastiz       dēdiz          sunuz           fehu
  voc.        bandī            gastī?       dēdī?          sunau           fehu
  acc.        bandijǭ          gastį        dēdį           sunų            fehu
  gen.        bandijōz         gastīz       dēdīz          sunauz          fehauz
  dat.        bandijō- i (?)   gastī        dēdī           suniwi          fehiwi
  inst.       bandijō          gastī        dēdī           sunū            fehū
  plural
  n.-v.       bandijō- z       gastīz       dēdīz          suniwiz
  acc.        bandijōz         gastinz      dēdinz         sununz
  gen.        bandijǭ̄         gastijǭ̄     dēdijǭ̄        suniwǭ̄
  dat.        bandijōmaz       gastimaz     dēdimaz        sunumaz
  inst.       bandijōmiz       gastimiz     dēdimiz        sunumiz
              human (m.)       name (n.)    eye (n.)       tongue (f.)     height (f.)
  sg. nom.    gumō-            namō-        ???            ???             ???
      acc.    gumanų           namō-        ???            tungōnų         hauhīnų
      gen.    guminiz          naminiz      auginiz        tungōniz        hauhīniz
      dat.    gumini           namini       augini         tungōni         hauhīni
      inst.   ???              ???          ???            ???             ???"	".. (ii) Sample noun paradigms
              day (m.)     army (m.)        herdsman (m.) yoke (n.)        gift (f.)
  "	"   augini         tungōni         hauhīni
      inst.   ???              ???          ???            ???             ???"
alignment-guest-ringe-inst-sg	Ringe2017	312			1574	1579	gastī	2ab521d888c48f443967ac7c9bffabccfab94d5a01f0b522b2c55ac3c87a1040	".. (ii) Sample noun paradigms
              day (m.)     army (m.)        herdsman (m.) yoke (n.)        gift (f.)
   singular
   nom.       dagaz        harjaz           hirdijaz       juką            gebō
   voc.       dag          hari (?)         hirdī (?)      juką            gebō
   acc.       dagą         harją            hirdiją        juką            gebǭ
   gen.       dagas        harjas           hirdijas       jukas           gebōz
   dat.       dagai        harjai           hirdijai       jukai           gebō- i (?)
   inst.      dagō         harjō            hirdijō        jukō            gebō
  plural
  n.-v.       dagōziz?         harjōziz?    hirdijōziz?    jukō            gebō- z
  acc.        daganz           harjanz      hirdijanz      jukō            gebōz
  gen.        dagǭ̄            harjǭ̄       hirdijǭ̄       jukǭ̄           gebǭ̄
  dat.        dagamaz          harjamaz     hirdijamaz     jukamaz         gebōmaz
  inst.       dagamiz          harjamiz     hirdijamiz     jukamiz         gebōmiz
              fetter (f.)      guest (m.)   deed (f.)      son (m.)        livestock (n.)
  singular
  nom.        bandī            gastiz       dēdiz          sunuz           fehu
  voc.        bandī            gastī?       dēdī?          sunau           fehu
  acc.        bandijǭ          gastį        dēdį           sunų            fehu
  gen.        bandijōz         gastīz       dēdīz          sunauz          fehauz
  dat.        bandijō- i (?)   gastī        dēdī           suniwi          fehiwi
  inst.       bandijō          gastī        dēdī           sunū            fehū
  plural
  n.-v.       bandijō- z       gastīz       dēdīz          suniwiz
  acc.        bandijōz         gastinz      dēdinz         sununz
  gen.        bandijǭ̄         gastijǭ̄     dēdijǭ̄        suniwǭ̄
  dat.        bandijōmaz       gastimaz     dēdimaz        sunumaz
  inst.       bandijōmiz       gastimiz     dēdimiz        sunumiz
              human (m.)       name (n.)    eye (n.)       tongue (f.)     height (f.)
  sg. nom.    gumō-            namō-        ???            ???             ???
      acc.    gumanų           namō-        ???            tungōnų         hauhīnų
      gen.    guminiz          naminiz      auginiz        tungōniz        hauhīniz
      dat.    gumini           namini       augini         tungōni         hauhīni
      inst.   ???              ???          ???            ???             ???"	".. (ii) Sample noun paradigms
              day (m.)     army (m.)        herdsman (m.) yoke (n.)        gift (f.)
  "	"   augini         tungōni         hauhīni
      inst.   ???              ???          ???            ???             ???"
alignment-guest-ringe-nom-voc-pl	Ringe2017	312			1663	1669	gastīz	2ab521d888c48f443967ac7c9bffabccfab94d5a01f0b522b2c55ac3c87a1040	".. (ii) Sample noun paradigms
              day (m.)     army (m.)        herdsman (m.) yoke (n.)        gift (f.)
   singular
   nom.       dagaz        harjaz           hirdijaz       juką            gebō
   voc.       dag          hari (?)         hirdī (?)      juką            gebō
   acc.       dagą         harją            hirdiją        juką            gebǭ
   gen.       dagas        harjas           hirdijas       jukas           gebōz
   dat.       dagai        harjai           hirdijai       jukai           gebō- i (?)
   inst.      dagō         harjō            hirdijō        jukō            gebō
  plural
  n.-v.       dagōziz?         harjōziz?    hirdijōziz?    jukō            gebō- z
  acc.        daganz           harjanz      hirdijanz      jukō            gebōz
  gen.        dagǭ̄            harjǭ̄       hirdijǭ̄       jukǭ̄           gebǭ̄
  dat.        dagamaz          harjamaz     hirdijamaz     jukamaz         gebōmaz
  inst.       dagamiz          harjamiz     hirdijamiz     jukamiz         gebōmiz
              fetter (f.)      guest (m.)   deed (f.)      son (m.)        livestock (n.)
  singular
  nom.        bandī            gastiz       dēdiz          sunuz           fehu
  voc.        bandī            gastī?       dēdī?          sunau           fehu
  acc.        bandijǭ          gastį        dēdį           sunų            fehu
  gen.        bandijōz         gastīz       dēdīz          sunauz          fehauz
  dat.        bandijō- i (?)   gastī        dēdī           suniwi          fehiwi
  inst.       bandijō          gastī        dēdī           sunū            fehū
  plural
  n.-v.       bandijō- z       gastīz       dēdīz          suniwiz
  acc.        bandijōz         gastinz      dēdinz         sununz
  gen.        bandijǭ̄         gastijǭ̄     dēdijǭ̄        suniwǭ̄
  dat.        bandijōmaz       gastimaz     dēdimaz        sunumaz
  inst.       bandijōmiz       gastimiz     dēdimiz        sunumiz
              human (m.)       name (n.)    eye (n.)       tongue (f.)     height (f.)
  sg. nom.    gumō-            namō-        ???            ???             ???
      acc.    gumanų           namō-        ???            tungōnų         hauhīnų
      gen.    guminiz          naminiz      auginiz        tungōniz        hauhīniz
      dat.    gumini           namini       augini         tungōni         hauhīni
      inst.   ???              ???          ???            ???             ???"	".. (ii) Sample noun paradigms
              day (m.)     army (m.)        herdsman (m.) yoke (n.)        gift (f.)
  "	"   augini         tungōni         hauhīni
      inst.   ???              ???          ???            ???             ???"
alignment-guest-ringe-acc-pl	Ringe2017	312			1730	1737	gastinz	2ab521d888c48f443967ac7c9bffabccfab94d5a01f0b522b2c55ac3c87a1040	".. (ii) Sample noun paradigms
              day (m.)     army (m.)        herdsman (m.) yoke (n.)        gift (f.)
   singular
   nom.       dagaz        harjaz           hirdijaz       juką            gebō
   voc.       dag          hari (?)         hirdī (?)      juką            gebō
   acc.       dagą         harją            hirdiją        juką            gebǭ
   gen.       dagas        harjas           hirdijas       jukas           gebōz
   dat.       dagai        harjai           hirdijai       jukai           gebō- i (?)
   inst.      dagō         harjō            hirdijō        jukō            gebō
  plural
  n.-v.       dagōziz?         harjōziz?    hirdijōziz?    jukō            gebō- z
  acc.        daganz           harjanz      hirdijanz      jukō            gebōz
  gen.        dagǭ̄            harjǭ̄       hirdijǭ̄       jukǭ̄           gebǭ̄
  dat.        dagamaz          harjamaz     hirdijamaz     jukamaz         gebōmaz
  inst.       dagamiz          harjamiz     hirdijamiz     jukamiz         gebōmiz
              fetter (f.)      guest (m.)   deed (f.)      son (m.)        livestock (n.)
  singular
  nom.        bandī            gastiz       dēdiz          sunuz           fehu
  voc.        bandī            gastī?       dēdī?          sunau           fehu
  acc.        bandijǭ          gastį        dēdį           sunų            fehu
  gen.        bandijōz         gastīz       dēdīz          sunauz          fehauz
  dat.        bandijō- i (?)   gastī        dēdī           suniwi          fehiwi
  inst.       bandijō          gastī        dēdī           sunū            fehū
  plural
  n.-v.       bandijō- z       gastīz       dēdīz          suniwiz
  acc.        bandijōz         gastinz      dēdinz         sununz
  gen.        bandijǭ̄         gastijǭ̄     dēdijǭ̄        suniwǭ̄
  dat.        bandijōmaz       gastimaz     dēdimaz        sunumaz
  inst.       bandijōmiz       gastimiz     dēdimiz        sunumiz
              human (m.)       name (n.)    eye (n.)       tongue (f.)     height (f.)
  sg. nom.    gumō-            namō-        ???            ???             ???
      acc.    gumanų           namō-        ???            tungōnų         hauhīnų
      gen.    guminiz          naminiz      auginiz        tungōniz        hauhīniz
      dat.    gumini           namini       augini         tungōni         hauhīni
      inst.   ???              ???          ???            ???             ???"	".. (ii) Sample noun paradigms
              day (m.)     army (m.)        herdsman (m.) yoke (n.)        gift (f.)
  "	"   augini         tungōni         hauhīni
      inst.   ???              ???          ???            ???             ???"
alignment-guest-ringe-gen-pl	Ringe2017	312			1796	1804	gastijǭ̄	2ab521d888c48f443967ac7c9bffabccfab94d5a01f0b522b2c55ac3c87a1040	".. (ii) Sample noun paradigms
              day (m.)     army (m.)        herdsman (m.) yoke (n.)        gift (f.)
   singular
   nom.       dagaz        harjaz           hirdijaz       juką            gebō
   voc.       dag          hari (?)         hirdī (?)      juką            gebō
   acc.       dagą         harją            hirdiją        juką            gebǭ
   gen.       dagas        harjas           hirdijas       jukas           gebōz
   dat.       dagai        harjai           hirdijai       jukai           gebō- i (?)
   inst.      dagō         harjō            hirdijō        jukō            gebō
  plural
  n.-v.       dagōziz?         harjōziz?    hirdijōziz?    jukō            gebō- z
  acc.        daganz           harjanz      hirdijanz      jukō            gebōz
  gen.        dagǭ̄            harjǭ̄       hirdijǭ̄       jukǭ̄           gebǭ̄
  dat.        dagamaz          harjamaz     hirdijamaz     jukamaz         gebōmaz
  inst.       dagamiz          harjamiz     hirdijamiz     jukamiz         gebōmiz
              fetter (f.)      guest (m.)   deed (f.)      son (m.)        livestock (n.)
  singular
  nom.        bandī            gastiz       dēdiz          sunuz           fehu
  voc.        bandī            gastī?       dēdī?          sunau           fehu
  acc.        bandijǭ          gastį        dēdį           sunų            fehu
  gen.        bandijōz         gastīz       dēdīz          sunauz          fehauz
  dat.        bandijō- i (?)   gastī        dēdī           suniwi          fehiwi
  inst.       bandijō          gastī        dēdī           sunū            fehū
  plural
  n.-v.       bandijō- z       gastīz       dēdīz          suniwiz
  acc.        bandijōz         gastinz      dēdinz         sununz
  gen.        bandijǭ̄         gastijǭ̄     dēdijǭ̄        suniwǭ̄
  dat.        bandijōmaz       gastimaz     dēdimaz        sunumaz
  inst.       bandijōmiz       gastimiz     dēdimiz        sunumiz
              human (m.)       name (n.)    eye (n.)       tongue (f.)     height (f.)
  sg. nom.    gumō-            namō-        ???            ???             ???
      acc.    gumanų           namō-        ???            tungōnų         hauhīnų
      gen.    guminiz          naminiz      auginiz        tungōniz        hauhīniz
      dat.    gumini           namini       augini         tungōni         hauhīni
      inst.   ???              ???          ???            ???             ???"	".. (ii) Sample noun paradigms
              day (m.)     army (m.)        herdsman (m.) yoke (n.)        gift (f.)
  "	"   augini         tungōni         hauhīni
      inst.   ???              ???          ???            ???             ???"
alignment-guest-ringe-dat-pl	Ringe2017	312			1863	1871	gastimaz	2ab521d888c48f443967ac7c9bffabccfab94d5a01f0b522b2c55ac3c87a1040	".. (ii) Sample noun paradigms
              day (m.)     army (m.)        herdsman (m.) yoke (n.)        gift (f.)
   singular
   nom.       dagaz        harjaz           hirdijaz       juką            gebō
   voc.       dag          hari (?)         hirdī (?)      juką            gebō
   acc.       dagą         harją            hirdiją        juką            gebǭ
   gen.       dagas        harjas           hirdijas       jukas           gebōz
   dat.       dagai        harjai           hirdijai       jukai           gebō- i (?)
   inst.      dagō         harjō            hirdijō        jukō            gebō
  plural
  n.-v.       dagōziz?         harjōziz?    hirdijōziz?    jukō            gebō- z
  acc.        daganz           harjanz      hirdijanz      jukō            gebōz
  gen.        dagǭ̄            harjǭ̄       hirdijǭ̄       jukǭ̄           gebǭ̄
  dat.        dagamaz          harjamaz     hirdijamaz     jukamaz         gebōmaz
  inst.       dagamiz          harjamiz     hirdijamiz     jukamiz         gebōmiz
              fetter (f.)      guest (m.)   deed (f.)      son (m.)        livestock (n.)
  singular
  nom.        bandī            gastiz       dēdiz          sunuz           fehu
  voc.        bandī            gastī?       dēdī?          sunau           fehu
  acc.        bandijǭ          gastį        dēdį           sunų            fehu
  gen.        bandijōz         gastīz       dēdīz          sunauz          fehauz
  dat.        bandijō- i (?)   gastī        dēdī           suniwi          fehiwi
  inst.       bandijō          gastī        dēdī           sunū            fehū
  plural
  n.-v.       bandijō- z       gastīz       dēdīz          suniwiz
  acc.        bandijōz         gastinz      dēdinz         sununz
  gen.        bandijǭ̄         gastijǭ̄     dēdijǭ̄        suniwǭ̄
  dat.        bandijōmaz       gastimaz     dēdimaz        sunumaz
  inst.       bandijōmiz       gastimiz     dēdimiz        sunumiz
              human (m.)       name (n.)    eye (n.)       tongue (f.)     height (f.)
  sg. nom.    gumō-            namō-        ???            ???             ???
      acc.    gumanų           namō-        ???            tungōnų         hauhīnų
      gen.    guminiz          naminiz      auginiz        tungōniz        hauhīniz
      dat.    gumini           namini       augini         tungōni         hauhīni
      inst.   ???              ???          ???            ???             ???"	".. (ii) Sample noun paradigms
              day (m.)     army (m.)        herdsman (m.) yoke (n.)        gift (f.)
  "	"   augini         tungōni         hauhīni
      inst.   ???              ???          ???            ???             ???"
alignment-guest-ringe-inst-pl	Ringe2017	312			1930	1938	gastimiz	2ab521d888c48f443967ac7c9bffabccfab94d5a01f0b522b2c55ac3c87a1040	".. (ii) Sample noun paradigms
              day (m.)     army (m.)        herdsman (m.) yoke (n.)        gift (f.)
   singular
   nom.       dagaz        harjaz           hirdijaz       juką            gebō
   voc.       dag          hari (?)         hirdī (?)      juką            gebō
   acc.       dagą         harją            hirdiją        juką            gebǭ
   gen.       dagas        harjas           hirdijas       jukas           gebōz
   dat.       dagai        harjai           hirdijai       jukai           gebō- i (?)
   inst.      dagō         harjō            hirdijō        jukō            gebō
  plural
  n.-v.       dagōziz?         harjōziz?    hirdijōziz?    jukō            gebō- z
  acc.        daganz           harjanz      hirdijanz      jukō            gebōz
  gen.        dagǭ̄            harjǭ̄       hirdijǭ̄       jukǭ̄           gebǭ̄
  dat.        dagamaz          harjamaz     hirdijamaz     jukamaz         gebōmaz
  inst.       dagamiz          harjamiz     hirdijamiz     jukamiz         gebōmiz
              fetter (f.)      guest (m.)   deed (f.)      son (m.)        livestock (n.)
  singular
  nom.        bandī            gastiz       dēdiz          sunuz           fehu
  voc.        bandī            gastī?       dēdī?          sunau           fehu
  acc.        bandijǭ          gastį        dēdį           sunų            fehu
  gen.        bandijōz         gastīz       dēdīz          sunauz          fehauz
  dat.        bandijō- i (?)   gastī        dēdī           suniwi          fehiwi
  inst.       bandijō          gastī        dēdī           sunū            fehū
  plural
  n.-v.       bandijō- z       gastīz       dēdīz          suniwiz
  acc.        bandijōz         gastinz      dēdinz         sununz
  gen.        bandijǭ̄         gastijǭ̄     dēdijǭ̄        suniwǭ̄
  dat.        bandijōmaz       gastimaz     dēdimaz        sunumaz
  inst.       bandijōmiz       gastimiz     dēdimiz        sunumiz
              human (m.)       name (n.)    eye (n.)       tongue (f.)     height (f.)
  sg. nom.    gumō-            namō-        ???            ???             ???
      acc.    gumanų           namō-        ???            tungōnų         hauhīnų
      gen.    guminiz          naminiz      auginiz        tungōniz        hauhīniz
      dat.    gumini           namini       augini         tungōni         hauhīni
      inst.   ???              ???          ???            ???             ???"	".. (ii) Sample noun paradigms
              day (m.)     army (m.)        herdsman (m.) yoke (n.)        gift (f.)
  "	"   augini         tungōni         hauhīni
      inst.   ???              ???          ???            ???             ???"
alignment-guest-fulk-nom-sg	Fulk2018	158	175	1	1992	1997	giest	1c4bca36abe07c495d65bbebc493ad02f8807cc6445cbcf39881bb6f9207de6d	"158
A Comparative Grammar of the Early Germanic Languages
row' < PGmc. *arwō, gen. sg. orvar. In OE, w in final position is vocalized, whereupon,
like u from other sources, it is apocopated after a heavy syllable, hence læs ‘pasture'
*lēswō sinu sinew' < *sinwō. Where it was lost before u it is commonly restored by
analogy, hence OE dat. pl. læswum (beside earlier læsum), sinwum, though especially in
early texts, in many forms w is lost even when it does not stand before u, e.g. acc. sg.
mæde 'meadow'. In OS and OHG, postconsonantal w is lost everywhere, so that w is
preserved only in forms like OS dat. pl. brāwon 'brows' (beside brāhon), OHG nom.
sg. drawa, drowa, drouwa, drō 'menace'.¹ In OS gen. pl. frato(h)o 'trappings' may be
seen anaptyxis before w (cf. OE frætwa), which was subsequently lost.
1. These are comparable to OE þrēa ‘menace' < *þrau < WGmc. *prawu (§6.16 ad fin.) beside OE clawu
'claw', with the stem claw- re-introduced from, e.g., gen. sg. clawe.
7.19 The i-stems
In PIE these were of all genders, inflected alike, whereas in PGmc. there were originally
few i-stems of neuter gender (of which PGmc. *mari (or *mariz?) ‘sea' is a secure
example), most of the attested examples in WGmc. having been transferred to this class
from others, especially the s-stems. In Germanic there arose inflectional differences
between the masc. and fem. nouns, since in all the Gmc. languages there is a tendency
toward analogical reformation under the influence of the a- and ō-stems. On a phono-
logical basis, in WGmc. there arose differences between the inflection of heavy and
light stems, due to the loss of high vowels after heavy syllables (§5.6). In PIE these
exhibited proterokinetic accentuation, i.e. accent on the root in the strong cases, other-
wise on the suffix.
7.20
The masculine and neuter i-stems
The inflection of the heavy-stemmed type may be illustrated by the paradigms of Go.
gasts 'guest' and its cognates:¹
Go.
OIcel.
OE
OS
OHG
sg. nom. gasts
gestr
giest
gast
gast
VOC. gast
acc. gast
gest
giest
gast
gast
gen. gastis
gests
giestes
gastes
gastes
dat. gasta
gest
gieste
gaste
gaste
instr.
gastiu
gastiu
sg. nom. gasteis
acc. gastins gesti
gestir
giestas
gesti
gesti
giestas
gesti
gesti
gen. gastē
gesta
giesta
gestio
gesteo
dat. gastim
gestum
giestum gestium
gestim
Inflectional variants:
Old Icelandic. Stems ending in a velar consonant retain j before inflectional
back vowels, e.g. gen. pl. bekkja, dat. pl. bekkjum beside nom. sg. bekkr ‘bench'. Such
may also have gen. sg. in -ar, hence bekkjar beside bekks; the -s form is borrowed from
the a-stems, as is the -i in dat. sg. gesti beside gest.
West Germanic. There is, as in other classes, considerable variability in the
spelling of the inflections in OS and OHG, e.g. OS dat. pl. gestiun, gestion, gesteon,"		
alignment-guest-fulk-acc-sg	Fulk2018	158	175	1	2033	2038	giest	1c4bca36abe07c495d65bbebc493ad02f8807cc6445cbcf39881bb6f9207de6d	"158
A Comparative Grammar of the Early Germanic Languages
row' < PGmc. *arwō, gen. sg. orvar. In OE, w in final position is vocalized, whereupon,
like u from other sources, it is apocopated after a heavy syllable, hence læs ‘pasture'
*lēswō sinu sinew' < *sinwō. Where it was lost before u it is commonly restored by
analogy, hence OE dat. pl. læswum (beside earlier læsum), sinwum, though especially in
early texts, in many forms w is lost even when it does not stand before u, e.g. acc. sg.
mæde 'meadow'. In OS and OHG, postconsonantal w is lost everywhere, so that w is
preserved only in forms like OS dat. pl. brāwon 'brows' (beside brāhon), OHG nom.
sg. drawa, drowa, drouwa, drō 'menace'.¹ In OS gen. pl. frato(h)o 'trappings' may be
seen anaptyxis before w (cf. OE frætwa), which was subsequently lost.
1. These are comparable to OE þrēa ‘menace' < *þrau < WGmc. *prawu (§6.16 ad fin.) beside OE clawu
'claw', with the stem claw- re-introduced from, e.g., gen. sg. clawe.
7.19 The i-stems
In PIE these were of all genders, inflected alike, whereas in PGmc. there were originally
few i-stems of neuter gender (of which PGmc. *mari (or *mariz?) ‘sea' is a secure
example), most of the attested examples in WGmc. having been transferred to this class
from others, especially the s-stems. In Germanic there arose inflectional differences
between the masc. and fem. nouns, since in all the Gmc. languages there is a tendency
toward analogical reformation under the influence of the a- and ō-stems. On a phono-
logical basis, in WGmc. there arose differences between the inflection of heavy and
light stems, due to the loss of high vowels after heavy syllables (§5.6). In PIE these
exhibited proterokinetic accentuation, i.e. accent on the root in the strong cases, other-
wise on the suffix.
7.20
The masculine and neuter i-stems
The inflection of the heavy-stemmed type may be illustrated by the paradigms of Go.
gasts 'guest' and its cognates:¹
Go.
OIcel.
OE
OS
OHG
sg. nom. gasts
gestr
giest
gast
gast
VOC. gast
acc. gast
gest
giest
gast
gast
gen. gastis
gests
giestes
gastes
gastes
dat. gasta
gest
gieste
gaste
gaste
instr.
gastiu
gastiu
sg. nom. gasteis
acc. gastins gesti
gestir
giestas
gesti
gesti
giestas
gesti
gesti
gen. gastē
gesta
giesta
gestio
gesteo
dat. gastim
gestum
giestum gestium
gestim
Inflectional variants:
Old Icelandic. Stems ending in a velar consonant retain j before inflectional
back vowels, e.g. gen. pl. bekkja, dat. pl. bekkjum beside nom. sg. bekkr ‘bench'. Such
may also have gen. sg. in -ar, hence bekkjar beside bekks; the -s form is borrowed from
the a-stems, as is the -i in dat. sg. gesti beside gest.
West Germanic. There is, as in other classes, considerable variability in the
spelling of the inflections in OS and OHG, e.g. OS dat. pl. gestiun, gestion, gesteon,"		
alignment-guest-fulk-gen-sg	Fulk2018	158	175	1	2067	2074	giestes	1c4bca36abe07c495d65bbebc493ad02f8807cc6445cbcf39881bb6f9207de6d	"158
A Comparative Grammar of the Early Germanic Languages
row' < PGmc. *arwō, gen. sg. orvar. In OE, w in final position is vocalized, whereupon,
like u from other sources, it is apocopated after a heavy syllable, hence læs ‘pasture'
*lēswō sinu sinew' < *sinwō. Where it was lost before u it is commonly restored by
analogy, hence OE dat. pl. læswum (beside earlier læsum), sinwum, though especially in
early texts, in many forms w is lost even when it does not stand before u, e.g. acc. sg.
mæde 'meadow'. In OS and OHG, postconsonantal w is lost everywhere, so that w is
preserved only in forms like OS dat. pl. brāwon 'brows' (beside brāhon), OHG nom.
sg. drawa, drowa, drouwa, drō 'menace'.¹ In OS gen. pl. frato(h)o 'trappings' may be
seen anaptyxis before w (cf. OE frætwa), which was subsequently lost.
1. These are comparable to OE þrēa ‘menace' < *þrau < WGmc. *prawu (§6.16 ad fin.) beside OE clawu
'claw', with the stem claw- re-introduced from, e.g., gen. sg. clawe.
7.19 The i-stems
In PIE these were of all genders, inflected alike, whereas in PGmc. there were originally
few i-stems of neuter gender (of which PGmc. *mari (or *mariz?) ‘sea' is a secure
example), most of the attested examples in WGmc. having been transferred to this class
from others, especially the s-stems. In Germanic there arose inflectional differences
between the masc. and fem. nouns, since in all the Gmc. languages there is a tendency
toward analogical reformation under the influence of the a- and ō-stems. On a phono-
logical basis, in WGmc. there arose differences between the inflection of heavy and
light stems, due to the loss of high vowels after heavy syllables (§5.6). In PIE these
exhibited proterokinetic accentuation, i.e. accent on the root in the strong cases, other-
wise on the suffix.
7.20
The masculine and neuter i-stems
The inflection of the heavy-stemmed type may be illustrated by the paradigms of Go.
gasts 'guest' and its cognates:¹
Go.
OIcel.
OE
OS
OHG
sg. nom. gasts
gestr
giest
gast
gast
VOC. gast
acc. gast
gest
giest
gast
gast
gen. gastis
gests
giestes
gastes
gastes
dat. gasta
gest
gieste
gaste
gaste
instr.
gastiu
gastiu
sg. nom. gasteis
acc. gastins gesti
gestir
giestas
gesti
gesti
giestas
gesti
gesti
gen. gastē
gesta
giesta
gestio
gesteo
dat. gastim
gestum
giestum gestium
gestim
Inflectional variants:
Old Icelandic. Stems ending in a velar consonant retain j before inflectional
back vowels, e.g. gen. pl. bekkja, dat. pl. bekkjum beside nom. sg. bekkr ‘bench'. Such
may also have gen. sg. in -ar, hence bekkjar beside bekks; the -s form is borrowed from
the a-stems, as is the -i in dat. sg. gesti beside gest.
West Germanic. There is, as in other classes, considerable variability in the
spelling of the inflections in OS and OHG, e.g. OS dat. pl. gestiun, gestion, gesteon,"		
alignment-guest-fulk-dat-sg	Fulk2018	158	175	1	2105	2111	gieste	1c4bca36abe07c495d65bbebc493ad02f8807cc6445cbcf39881bb6f9207de6d	"158
A Comparative Grammar of the Early Germanic Languages
row' < PGmc. *arwō, gen. sg. orvar. In OE, w in final position is vocalized, whereupon,
like u from other sources, it is apocopated after a heavy syllable, hence læs ‘pasture'
*lēswō sinu sinew' < *sinwō. Where it was lost before u it is commonly restored by
analogy, hence OE dat. pl. læswum (beside earlier læsum), sinwum, though especially in
early texts, in many forms w is lost even when it does not stand before u, e.g. acc. sg.
mæde 'meadow'. In OS and OHG, postconsonantal w is lost everywhere, so that w is
preserved only in forms like OS dat. pl. brāwon 'brows' (beside brāhon), OHG nom.
sg. drawa, drowa, drouwa, drō 'menace'.¹ In OS gen. pl. frato(h)o 'trappings' may be
seen anaptyxis before w (cf. OE frætwa), which was subsequently lost.
1. These are comparable to OE þrēa ‘menace' < *þrau < WGmc. *prawu (§6.16 ad fin.) beside OE clawu
'claw', with the stem claw- re-introduced from, e.g., gen. sg. clawe.
7.19 The i-stems
In PIE these were of all genders, inflected alike, whereas in PGmc. there were originally
few i-stems of neuter gender (of which PGmc. *mari (or *mariz?) ‘sea' is a secure
example), most of the attested examples in WGmc. having been transferred to this class
from others, especially the s-stems. In Germanic there arose inflectional differences
between the masc. and fem. nouns, since in all the Gmc. languages there is a tendency
toward analogical reformation under the influence of the a- and ō-stems. On a phono-
logical basis, in WGmc. there arose differences between the inflection of heavy and
light stems, due to the loss of high vowels after heavy syllables (§5.6). In PIE these
exhibited proterokinetic accentuation, i.e. accent on the root in the strong cases, other-
wise on the suffix.
7.20
The masculine and neuter i-stems
The inflection of the heavy-stemmed type may be illustrated by the paradigms of Go.
gasts 'guest' and its cognates:¹
Go.
OIcel.
OE
OS
OHG
sg. nom. gasts
gestr
giest
gast
gast
VOC. gast
acc. gast
gest
giest
gast
gast
gen. gastis
gests
giestes
gastes
gastes
dat. gasta
gest
gieste
gaste
gaste
instr.
gastiu
gastiu
sg. nom. gasteis
acc. gastins gesti
gestir
giestas
gesti
gesti
giestas
gesti
gesti
gen. gastē
gesta
giesta
gestio
gesteo
dat. gastim
gestum
giestum gestium
gestim
Inflectional variants:
Old Icelandic. Stems ending in a velar consonant retain j before inflectional
back vowels, e.g. gen. pl. bekkja, dat. pl. bekkjum beside nom. sg. bekkr ‘bench'. Such
may also have gen. sg. in -ar, hence bekkjar beside bekks; the -s form is borrowed from
the a-stems, as is the -i in dat. sg. gesti beside gest.
West Germanic. There is, as in other classes, considerable variability in the
spelling of the inflections in OS and OHG, e.g. OS dat. pl. gestiun, gestion, gesteon,"		
alignment-guest-fulk-nom-pl	Fulk2018	158	175	1	2188	2195	giestas	1c4bca36abe07c495d65bbebc493ad02f8807cc6445cbcf39881bb6f9207de6d	"158
A Comparative Grammar of the Early Germanic Languages
row' < PGmc. *arwō, gen. sg. orvar. In OE, w in final position is vocalized, whereupon,
like u from other sources, it is apocopated after a heavy syllable, hence læs ‘pasture'
*lēswō sinu sinew' < *sinwō. Where it was lost before u it is commonly restored by
analogy, hence OE dat. pl. læswum (beside earlier læsum), sinwum, though especially in
early texts, in many forms w is lost even when it does not stand before u, e.g. acc. sg.
mæde 'meadow'. In OS and OHG, postconsonantal w is lost everywhere, so that w is
preserved only in forms like OS dat. pl. brāwon 'brows' (beside brāhon), OHG nom.
sg. drawa, drowa, drouwa, drō 'menace'.¹ In OS gen. pl. frato(h)o 'trappings' may be
seen anaptyxis before w (cf. OE frætwa), which was subsequently lost.
1. These are comparable to OE þrēa ‘menace' < *þrau < WGmc. *prawu (§6.16 ad fin.) beside OE clawu
'claw', with the stem claw- re-introduced from, e.g., gen. sg. clawe.
7.19 The i-stems
In PIE these were of all genders, inflected alike, whereas in PGmc. there were originally
few i-stems of neuter gender (of which PGmc. *mari (or *mariz?) ‘sea' is a secure
example), most of the attested examples in WGmc. having been transferred to this class
from others, especially the s-stems. In Germanic there arose inflectional differences
between the masc. and fem. nouns, since in all the Gmc. languages there is a tendency
toward analogical reformation under the influence of the a- and ō-stems. On a phono-
logical basis, in WGmc. there arose differences between the inflection of heavy and
light stems, due to the loss of high vowels after heavy syllables (§5.6). In PIE these
exhibited proterokinetic accentuation, i.e. accent on the root in the strong cases, other-
wise on the suffix.
7.20
The masculine and neuter i-stems
The inflection of the heavy-stemmed type may be illustrated by the paradigms of Go.
gasts 'guest' and its cognates:¹
Go.
OIcel.
OE
OS
OHG
sg. nom. gasts
gestr
giest
gast
gast
VOC. gast
acc. gast
gest
giest
gast
gast
gen. gastis
gests
giestes
gastes
gastes
dat. gasta
gest
gieste
gaste
gaste
instr.
gastiu
gastiu
sg. nom. gasteis
acc. gastins gesti
gestir
giestas
gesti
gesti
giestas
gesti
gesti
gen. gastē
gesta
giesta
gestio
gesteo
dat. gastim
gestum
giestum gestium
gestim
Inflectional variants:
Old Icelandic. Stems ending in a velar consonant retain j before inflectional
back vowels, e.g. gen. pl. bekkja, dat. pl. bekkjum beside nom. sg. bekkr ‘bench'. Such
may also have gen. sg. in -ar, hence bekkjar beside bekks; the -s form is borrowed from
the a-stems, as is the -i in dat. sg. gesti beside gest.
West Germanic. There is, as in other classes, considerable variability in the
spelling of the inflections in OS and OHG, e.g. OS dat. pl. gestiun, gestion, gesteon,"		
alignment-guest-fulk-acc-pl	Fulk2018	158	175	1	2208	2215	giestas	1c4bca36abe07c495d65bbebc493ad02f8807cc6445cbcf39881bb6f9207de6d	"158
A Comparative Grammar of the Early Germanic Languages
row' < PGmc. *arwō, gen. sg. orvar. In OE, w in final position is vocalized, whereupon,
like u from other sources, it is apocopated after a heavy syllable, hence læs ‘pasture'
*lēswō sinu sinew' < *sinwō. Where it was lost before u it is commonly restored by
analogy, hence OE dat. pl. læswum (beside earlier læsum), sinwum, though especially in
early texts, in many forms w is lost even when it does not stand before u, e.g. acc. sg.
mæde 'meadow'. In OS and OHG, postconsonantal w is lost everywhere, so that w is
preserved only in forms like OS dat. pl. brāwon 'brows' (beside brāhon), OHG nom.
sg. drawa, drowa, drouwa, drō 'menace'.¹ In OS gen. pl. frato(h)o 'trappings' may be
seen anaptyxis before w (cf. OE frætwa), which was subsequently lost.
1. These are comparable to OE þrēa ‘menace' < *þrau < WGmc. *prawu (§6.16 ad fin.) beside OE clawu
'claw', with the stem claw- re-introduced from, e.g., gen. sg. clawe.
7.19 The i-stems
In PIE these were of all genders, inflected alike, whereas in PGmc. there were originally
few i-stems of neuter gender (of which PGmc. *mari (or *mariz?) ‘sea' is a secure
example), most of the attested examples in WGmc. having been transferred to this class
from others, especially the s-stems. In Germanic there arose inflectional differences
between the masc. and fem. nouns, since in all the Gmc. languages there is a tendency
toward analogical reformation under the influence of the a- and ō-stems. On a phono-
logical basis, in WGmc. there arose differences between the inflection of heavy and
light stems, due to the loss of high vowels after heavy syllables (§5.6). In PIE these
exhibited proterokinetic accentuation, i.e. accent on the root in the strong cases, other-
wise on the suffix.
7.20
The masculine and neuter i-stems
The inflection of the heavy-stemmed type may be illustrated by the paradigms of Go.
gasts 'guest' and its cognates:¹
Go.
OIcel.
OE
OS
OHG
sg. nom. gasts
gestr
giest
gast
gast
VOC. gast
acc. gast
gest
giest
gast
gast
gen. gastis
gests
giestes
gastes
gastes
dat. gasta
gest
gieste
gaste
gaste
instr.
gastiu
gastiu
sg. nom. gasteis
acc. gastins gesti
gestir
giestas
gesti
gesti
giestas
gesti
gesti
gen. gastē
gesta
giesta
gestio
gesteo
dat. gastim
gestum
giestum gestium
gestim
Inflectional variants:
Old Icelandic. Stems ending in a velar consonant retain j before inflectional
back vowels, e.g. gen. pl. bekkja, dat. pl. bekkjum beside nom. sg. bekkr ‘bench'. Such
may also have gen. sg. in -ar, hence bekkjar beside bekks; the -s form is borrowed from
the a-stems, as is the -i in dat. sg. gesti beside gest.
West Germanic. There is, as in other classes, considerable variability in the
spelling of the inflections in OS and OHG, e.g. OS dat. pl. gestiun, gestion, gesteon,"		
alignment-guest-fulk-gen-pl	Fulk2018	158	175	1	2245	2251	giesta	1c4bca36abe07c495d65bbebc493ad02f8807cc6445cbcf39881bb6f9207de6d	"158
A Comparative Grammar of the Early Germanic Languages
row' < PGmc. *arwō, gen. sg. orvar. In OE, w in final position is vocalized, whereupon,
like u from other sources, it is apocopated after a heavy syllable, hence læs ‘pasture'
*lēswō sinu sinew' < *sinwō. Where it was lost before u it is commonly restored by
analogy, hence OE dat. pl. læswum (beside earlier læsum), sinwum, though especially in
early texts, in many forms w is lost even when it does not stand before u, e.g. acc. sg.
mæde 'meadow'. In OS and OHG, postconsonantal w is lost everywhere, so that w is
preserved only in forms like OS dat. pl. brāwon 'brows' (beside brāhon), OHG nom.
sg. drawa, drowa, drouwa, drō 'menace'.¹ In OS gen. pl. frato(h)o 'trappings' may be
seen anaptyxis before w (cf. OE frætwa), which was subsequently lost.
1. These are comparable to OE þrēa ‘menace' < *þrau < WGmc. *prawu (§6.16 ad fin.) beside OE clawu
'claw', with the stem claw- re-introduced from, e.g., gen. sg. clawe.
7.19 The i-stems
In PIE these were of all genders, inflected alike, whereas in PGmc. there were originally
few i-stems of neuter gender (of which PGmc. *mari (or *mariz?) ‘sea' is a secure
example), most of the attested examples in WGmc. having been transferred to this class
from others, especially the s-stems. In Germanic there arose inflectional differences
between the masc. and fem. nouns, since in all the Gmc. languages there is a tendency
toward analogical reformation under the influence of the a- and ō-stems. On a phono-
logical basis, in WGmc. there arose differences between the inflection of heavy and
light stems, due to the loss of high vowels after heavy syllables (§5.6). In PIE these
exhibited proterokinetic accentuation, i.e. accent on the root in the strong cases, other-
wise on the suffix.
7.20
The masculine and neuter i-stems
The inflection of the heavy-stemmed type may be illustrated by the paradigms of Go.
gasts 'guest' and its cognates:¹
Go.
OIcel.
OE
OS
OHG
sg. nom. gasts
gestr
giest
gast
gast
VOC. gast
acc. gast
gest
giest
gast
gast
gen. gastis
gests
giestes
gastes
gastes
dat. gasta
gest
gieste
gaste
gaste
instr.
gastiu
gastiu
sg. nom. gasteis
acc. gastins gesti
gestir
giestas
gesti
gesti
giestas
gesti
gesti
gen. gastē
gesta
giesta
gestio
gesteo
dat. gastim
gestum
giestum gestium
gestim
Inflectional variants:
Old Icelandic. Stems ending in a velar consonant retain j before inflectional
back vowels, e.g. gen. pl. bekkja, dat. pl. bekkjum beside nom. sg. bekkr ‘bench'. Such
may also have gen. sg. in -ar, hence bekkjar beside bekks; the -s form is borrowed from
the a-stems, as is the -i in dat. sg. gesti beside gest.
West Germanic. There is, as in other classes, considerable variability in the
spelling of the inflections in OS and OHG, e.g. OS dat. pl. gestiun, gestion, gesteon,"		
alignment-guest-fulk-dat-pl	Fulk2018	158	175	1	2285	2292	giestum	1c4bca36abe07c495d65bbebc493ad02f8807cc6445cbcf39881bb6f9207de6d	"158
A Comparative Grammar of the Early Germanic Languages
row' < PGmc. *arwō, gen. sg. orvar. In OE, w in final position is vocalized, whereupon,
like u from other sources, it is apocopated after a heavy syllable, hence læs ‘pasture'
*lēswō sinu sinew' < *sinwō. Where it was lost before u it is commonly restored by
analogy, hence OE dat. pl. læswum (beside earlier læsum), sinwum, though especially in
early texts, in many forms w is lost even when it does not stand before u, e.g. acc. sg.
mæde 'meadow'. In OS and OHG, postconsonantal w is lost everywhere, so that w is
preserved only in forms like OS dat. pl. brāwon 'brows' (beside brāhon), OHG nom.
sg. drawa, drowa, drouwa, drō 'menace'.¹ In OS gen. pl. frato(h)o 'trappings' may be
seen anaptyxis before w (cf. OE frætwa), which was subsequently lost.
1. These are comparable to OE þrēa ‘menace' < *þrau < WGmc. *prawu (§6.16 ad fin.) beside OE clawu
'claw', with the stem claw- re-introduced from, e.g., gen. sg. clawe.
7.19 The i-stems
In PIE these were of all genders, inflected alike, whereas in PGmc. there were originally
few i-stems of neuter gender (of which PGmc. *mari (or *mariz?) ‘sea' is a secure
example), most of the attested examples in WGmc. having been transferred to this class
from others, especially the s-stems. In Germanic there arose inflectional differences
between the masc. and fem. nouns, since in all the Gmc. languages there is a tendency
toward analogical reformation under the influence of the a- and ō-stems. On a phono-
logical basis, in WGmc. there arose differences between the inflection of heavy and
light stems, due to the loss of high vowels after heavy syllables (§5.6). In PIE these
exhibited proterokinetic accentuation, i.e. accent on the root in the strong cases, other-
wise on the suffix.
7.20
The masculine and neuter i-stems
The inflection of the heavy-stemmed type may be illustrated by the paradigms of Go.
gasts 'guest' and its cognates:¹
Go.
OIcel.
OE
OS
OHG
sg. nom. gasts
gestr
giest
gast
gast
VOC. gast
acc. gast
gest
giest
gast
gast
gen. gastis
gests
giestes
gastes
gastes
dat. gasta
gest
gieste
gaste
gaste
instr.
gastiu
gastiu
sg. nom. gasteis
acc. gastins gesti
gestir
giestas
gesti
gesti
giestas
gesti
gesti
gen. gastē
gesta
giesta
gestio
gesteo
dat. gastim
gestum
giestum gestium
gestim
Inflectional variants:
Old Icelandic. Stems ending in a velar consonant retain j before inflectional
back vowels, e.g. gen. pl. bekkja, dat. pl. bekkjum beside nom. sg. bekkr ‘bench'. Such
may also have gen. sg. in -ar, hence bekkjar beside bekks; the -s form is borrowed from
the a-stems, as is the -i in dat. sg. gesti beside gest.
West Germanic. There is, as in other classes, considerable variability in the
spelling of the inflections in OS and OHG, e.g. OS dat. pl. gestiun, gestion, gesteon,"		
alignment-guest-fulk-mutation-body	Fulk2018	62	79	1	1760	1767	*zastiz	b4c527d22ff1d52074b6397e333cc3f7233297beef7a27c83d857c90565d1ce8	"62
A Comparative Grammar of the Early Germanic Languages
remaining Gmc. languages, so that it is necessary to assume either a change proceeding
across NWGmc. in waves or a change originating in various places due to similar lin-
guistic conditions (see §1.2). In WGmc., umlaut must have occurred earliest in North
Sea Gmc., as the southward spread of the change can be observed in High German (see
below). In OE the change is perhaps to be dated to the first half of the sixth century
(Luick 1914 40: §350), whereas in Runic there is no reliable evidence for umlaut in the
Older Futhark. In WGmc., outside of Ingvaeonic (i.e., in all dialects of OHG and OLF),
only the umlaut of a to e is expressed in the orthography of the older languages; though
other vowels must have been umlauted, as well, the change does not affect spelling until
the MLG and MHG periods.
Old Icelandic. Two discrete patterns of umlaut are discernible in NGmc.,5 (1)
one in which the change was caused by i or j lost in the early period, and (2) one in
which it was caused by preserved i or j. In the former pattern (1), umlaut regularly
applies to heavy syllables but not usually light, e.g. heavy bekkr ‘bench' < *baŋkiz and
pret. heyrði ‘heard' < *xauzidē : light acc. sg. stað ‘place' < *staði"", nom. nár ‘corpse'
< *nawiz, and pret. gladdi ‘gladden' < *zlaðiðē. In the latter pattern (2), umlaut applies
to both heavy and light syllables, e.g. heavy kerling ‘(old) woman' < *karlingō : light
ketill 'cauldron' < *katilaz. In pattern (1) the umlauted vowel was (apparently)
phonemicized upon loss of i or j, and this explains the different results for heavy and
light stems, since presumably i was lost earlier after heavy stems than light, just as in
WGmc., e.g. OE giest ‘guest' <*zastiz but wine 'friend' < *winiz. Such is the ground-
breaking analysis of Kock (1888, though of course without reference to phonemiciza-
tion), who posited three historical periods:
A. Umlaut in heavy syllables when i (but not j) disappeared, ca. 600–700;
B. Umlaut in light syllables by a following iR (> R; see below) or j, ca. 700–850;
C. Umlaut by preserved i after both heavy and light syllables, ca. 900-1000.
Implicit in this analysis is thus the assumption that umlaut should have taken place in
heavy stems but not light on a purely phonological basis, and this seems unlikely, as
there is no apparent phonetic basis for the distinction.6 It would therefore seem natural
to assume instead that between the loss of ij in heavy and light stems there was para-
digm regularization: in heavy-stem paradigms, where umlaut was no longer phonolo-
gically conditioned, the umlauted stem was commonly extended throughout the para-
digm, e.g. from the masc. nom. sg. to the gen. sg. and dat. pl.,7 whereas in light-stem
paradigms, where the conditioning remained, the unumlauted stem was extended
throughout. That there was indeed umlaut at one time in light stems is shown by the
appearance of umlaut in a number of words in which analogical restoration of the
unumlauted vowel was not possible, such as gegn ‘against' < gegin < *3azina and
mylna 'mill' (borrowed from Lat. molina), as well as mass nouns, which had no plural,
e.g. gnyðr ‘murmur', kylr ‘gust of cold air'.8 On this assumption, however, it is difficult
to account for light-stemmed preterites of the first weak class without umlaut, e.g.
vakoi, vakti ‘roused' (to vekja) < *wakidē, since there were no forms anywhere in the
paradigm that did not originally contain either i or j. Conversely, light roots bearing the
PGmc. suffix *-ipō always have umlaut, e.g. speko, spekt 'wisdom', lemd 'lameness'
(cf. spakr 'wise', lami 'lame person'), and they, too, would have had suffixal i through-
out the paradigm. Yet this latter type could be due to the analogical influence of related
forms: cf. speki ‘wisdom' < *spakin- and lemja 'to lame'.9 Perhaps, then, verb forms
like vakoi may be explained on the assumption that the reduction and lowering of
unstressed i (§5.6) took place before the vowel was lost after light syllables, and the"		
alignment-guest-fulk-acc-body	Fulk2018	125	142	1	2517	2525	*zastinz	8fdb6e1bf340f7762d7c1472f12f4fd77fd8b8ef6eb3cebb9b6a936b354d5713	"§6.14 Consonant changes in Proto-Norse
125
There is total assimilation to the sonorant consonant in the clusters nþ, lþ, 81:5
finna 'find' (Go. finþan), sannr 'true' (with analogical re-addition of -r; cf. OE sōþ <
*sanþaz), hollr 'gracious' (again with -r by analogy; cf. Go. hulps), ellri 'older' (Go.
alþiza), á milli, earlier á miðli ‘in the middle'. By most accounts, internally, nn
produced by this means, or of any other source, changed to ð before r, as in acc. pl.
masc. aðra 'other' < *annran(n) (Go. anþarans) and maðr ‘person' (dat. sg. manni; cf.
OE man(n)), though Hale & Reiss (2008: 238-43) argue for an analogical explanation.
Geminates also result when a velar obstruent stands between a stressed short vowel and
j, as in leggja ‘lay' (Go. lagjan), gen. sg. bekkjar 'brook' (cf. OHG bah); but analogy
has much disrupted the original distribution, so that geminate -gg- and nongeminate -k-
are commonly generalized (cf. liggr beside ligr ‘lies', lykja ‘shut in', rekja ‘spread out',
vekja ‘wake up', etc.).6 There is also gemination of k between a short vowel and w, as in
slokkva 'extinguish' (< PGmc. *slakwjana""), røk(k)r, rokkr ‘darkness' (Go. riqis), and
nøkkviðr 'naked' (OE nacod). Postconsonantal geminates are simplified, as in fagr
'beautiful' <*fagr-r, and jarl ‘earl' <*jarl-l.
The sequence n + voiceless stop became a voiceless geminate stop, and if the
preceding vowel was i, it was lowered to e. Examples: kleppr ‘lump' (cf. Old Swedish
klimper), spretta 'cause to spring' (cf. MHG sprinzen), drekka 'drink' (cf. OE drincan).
A final obstruent after a stressed vowel was devoiced. Thus, pret. *gab ‘gave'
produces Runic gaf (cf. 1 sg. pres. gibu). Voiced stops appeared only after nasals and in
gemination (except that d occurred after 1: see above), and after devoicing, a preceding
nasal was assimilated to the final stop (as above), hence imp. *bind ‘bind', *gang ‘go',
*geald 'repay' > *bint, *gank, *gealt> bitt, gakk, gjalt, and pret. *band, *ging, *gald>
batt, gekk, galt. Such preterites are generally well preserved, but relative uniformity of
the stem in the present paradigm induced analogical imperatives like bind, gang, gjald.
The assimilation of a nasal to a following voiceless stop also occurred internally, as in
kappi 'champion' (cf. OE cempa), spretta 'spring' (MHG sprinzen 'break forth'; on the
lowering of i to e, see above), þekkja 'know' (Go. pagkjan).
There is widespread loss of final n, as in halda 'hold' (Go. haldan), acc. pl. gesti
‘guests' < *gastinn < *zastinz; also when a vowel following in PNorse was lost, pro-
vided the preceding vowel was not short, as in pl. augu 'eyes' (Go. áugōna), 3 pl. sj.
bindi (Go. bindáina), but acc. sg. masc. gōðan (Go. gōdana), innan ‘from within' (Go.
innana), with similar developments in unstressed words, e.g. í 'in' (Go. in), frá ‘from'
(Go. fram), á 'on' (Go. ana).
On the loss of internal nasal consonants, with compensatory lengthening of the
preceding vowel, see $4.9. On the development of jj and ww, see $6.10. The handbooks
(see §1.14) provide more detailed information about these and other changes.
1. But see the cautionary remarks of H.F. Nielsen (2000: 257–8). Antonsen (1975: 17) regards East Norse
hider- and haidr- (cf. Olcel. heiðr 'clear') as further examples of this confusion, but given the coöccurrence
of OE hadr- and hædr-, this is likelier to be in origin an s-stem (the usual analysis of the Runic forms, e.g. that
of Krause 1971: §98): see Brunner 1965: §288 Anm.
2. Heusler (1967: §144) proposes that its articulation involved approach of the back of the tongue to the
hard palate, accompanied by vibration of the tongue tip, whereas r was supradental. Painter & Dery (2014,
with refs.), on the basis of an acoustic experiment, would identify the sound as [z] at the time of umlaut.
3. The earliest examples of the confusion of þ and ð are in Runic inscriptions of the 8th cent., uiþr ‘against'
and upin (Olcel. Óðinn): see H.F. Nielsen 2000: 258-9.
4. Possibly also wela- (with ē: Stentoften stone, Sweden, 1st half of 7th cent.), if Olcel. véla ‘deceive' reflects
*wixla- (so Antonsen 1975: 86)."		
alignment-hail-kroonen-hoarfrost	Kroonen2013	226	266	1	4	13	*hihelōn-	f74b31796fa5b524e19f84b239116ca4238713a5ae1e9800b85e91bb61482096	"226
*hihelōn-
because the original meaning was 'to pant' in Germanic. Also cf. the highly
onomatopoetic Du. hikken, Fri. hikje 'to hiccup'.
-
*hihelōn- f. 'hoarfrost' ON héla f. 'id.', Elfd. ila f. 'id.' ⇒ *ki-kelh1-eh2-(?)
(IE) Lith. šalnà, Latv. salna f. 'light frost', OCS slana, SCr. slána f. 'hoarfrost'
<*kolh1-neh2-; Lith. šálti (šąlù), Latv. salt 'to freeze' <*ko(-n-)lh1-.
-
The Germanic word looks like a reduplicated formation to the root *kelh1-
'to be cold', cf. Skt. śiśira- 'cold' < *ki-klh1-0-. The underlying proto-form,
however, would through PGm. *hihul-ōn- result in ON **hjól-a. For this rea-
son, I reconstruct the word as *hihelōn- < *ki-kelh1-. Also cf. PGm. *hagla-
'hail', which usually is assumed to be another, closely related reduplicated
formation. Certainly unreduplicated is Du. hal n. 'frozen soil' < *hala- <
*Kolh1-0- (cf. Lith. pã-šalas m. 'id.').
-
*hindō- f. 'hind' — ON hind f. 'id.', Far. hind f. 'id.', OE hind f. 'id.', E hind, OFri.
hinde f. 'id.', OS hind-beri 'raspberry', Du. hinde c. 'hind', OHG hinta f. 'id.', G
Hinde f. 'id.' *kem-teh2- (IE) - Gг. кɛµáç, -áбoç f. 'young deer, pricket' <
*kem-nd-o-.
A word probably derived from the PIE root *kem- 'hornless', cf. Skt. śáma-
adj. 'id.' <*kem-o-. Related to *hamala- 'mutilated' (q.v.).
- -
-
*hinkans.v. 'to limp, hobble' OE hincian w.v. 'id.', MDu. hinken w.v. 'id.',
Du. hinken w.v. 'id.', OHG hinkan s.v. 'id.', G hinken w.v. 'id.' ⇒ *kéng-e-
(WEUR) Olr. cingid 'to tread, step, walk', MW ry-gyng 'to amble' < *kéng-e-.
Also cf. OE helle-hinca m. 'devil' and the zero-grade intensive OE
huncettan w.v. 'to limp' < *hunk-atjan-, which is based on a further unat-
tested iterative *hunkōn- < *kng-néh2-. Apart from Olr. cingid, *hinkan- is
often connected to Gr. σкálw 'to limp' < *skng-ie- and Skt. khañjati 'id.' <
*skeng-e- (cf. Seebold 1970: 255), but these forms are rather cognate with
*skinkan- ~ *skankan- ~ *skunkan- ‘ham, shank' (q.v.).
-
*hinnō- f. 'thin skin, membrane' ON hinna f. 'id.', Far. hinna f. 'id.', Elfd.
inna f. 'id', OE hion f. 'meninx(?)', NFri. hann 'lobe of the brain' ⇒
*kent-n-eh2-(?) (WEUR?) - Close to Olr. ceinn 'head', cenni pl. 'scales', W cen
m. 'skin' <*ken(t)no-.
The connection with PCelt. *ken(t)no- could imply a form *kent-neh2-, and
indeed PGm. *hindnō- would have regularly given *hinnō-. The existence of
a dental is further supported by Far. hind f. 'membrane, film' < *hindō- (as
well as Lat. centō n. 'blanket, patched cloth' if related). In view of Icel. himna
f. 'membrane, film, layer' < *himnō-, however, it may be preferable to recon-
struct an mn-stem *kén(t)-mōn, gen. *ken(t)-mn-ós, which would probably
give PGm. *himmō, *hinnaz. Yet another possibility is to connect Nw. hime f.
'thin layer' <*hīmōn-, which could require the reconstruction of the para-"		
alignment-hair-kroonen-lengthened	Kroonen2013	220	260	1	2602	2610	*kēs-ró-	e1f6798ad6ee07c9a9d5b689416d28b208ad26801aac4a9812c95d2773f46a9a	"220
*hemina- ~ *hemna-
-
-
*hemina- ~ *hemna- m. 'heaven' Go. himins m. ‘id.', ON himinn m. ‘id.',
Far. himin m. 'id.', OE heofon m. 'id.', E heaven, OFri. himel m. 'id.', OS himil,
heban m. 'id.', ODu. himil m. ‘id.', Du. hemel c. 'id.', OHG himil m. 'id.', G
Himmel m. 'id.'*h₂ek-mon- (IE) — Skt. áśman- m. 'stone, rock, sling-stone;
thunderbolt', YAv. asman- m. 'stone, sling-stone; heaven', OCS kamy, Ru.
kámen', SCr. kämen m. 'stone' (< *keh2-mon- by metathesis), Lith. akmuō m.
'stone', Gr. άкμwv m. 'anvil, meteorite, sky' < *hzek-mon- (depalatalization in
BSI. before -m-).
The origin and derivation of the word for 'heaven' are not entirely evi-
dent. Within Germanic, the dialectal difference between Go. himins, ON
himinn on the one hand, and OE heofon, OS heban on the other, seems to
point to two differen stems, viz. *hemina- and *hemna-. The alternative is to
assume that *hemina- was syncopated to *hemna- in both Old English and
Old Saxon, thus offering potential proof for a dialectal subclade. Still, it is
probably more attractive to think that both stems split off from the oblique
cases of a paradigm nom. *hemō, gen. *hemnaz, dat. *hemeni. The continen-
tal WGm. forms with I have been explained as resulting from dissimilation
of *hemina- to *hemila- (thus already Braune 1891: 94) and by lexical in-
fluence from *sõel- ~ *sunnōn- 'sun' (Wachter 1997: 18).
On the PIE level, the Germanic word is usually analyzed as a distorted
continuant of *h₂ék-mōn, gen. *h2k-mn-ós, loc. *h₂k-mén-i (cf. Lühr 2000:
79), which presumably meant 'heavenly vault' in view of Gr. άкµwv, which
meant 'meteorite' (""chip from the vault"") and 'anvil (on which the Thunder
God hit with his hammer)'. Since the regular outcome of this word in Gm.
would be *ahmōn, *humnaz, *meni (initial *hm- does not exist in Gm.), it
seems likely that the paradigm was remodeled into *hemō, *hemnaz,
*hemeni on the basis of the genitive form.
Also cf. OHG himilizi, MHG himelz(e), MLG hemelte n. 'ceiling', Du.
ge-hemelte n. 'palate' <*(ga-)hemilatja-.
-
*hēra- n. 'hair' ON hár n. 'id', Far. hár n. 'id.', Elfd. år n. ‘id.', OE hær n.
'id.', E hair, OFri. hēr n. ‘id.', OS hār n. ‘id.', Du. haar n. ‘id.', OHG hār n. ‘id.', G
Haar n. 'id.' ⇒ *kĕs-ró- (IE) Hitt. kišzi ~ kišanzi 'to comb, card' < *kés-ti,
*ks-énti; OCS česati 'to scratch, pluck' < *kes-eh2- etc. (see *hezdōn- for more
cognates).
-
The word has been derived from *hezra- < *kes-ro- by Gąsiorowski 2012,
who assumes pre-rhotic loss of *z and compensatory lengthening of the
preceding vowel. It is possible, too, however, that the original form was
*kēs-ró- with a lengthened grade, cf. Olr. cír f. ‘comb' < *kēs-reh₂-. The word
served as the basis for OE hæring, hering, OFri. hēring, Du. haring, OHG
haring, G Hering m. 'herring', a fish named after its many thin, hair-like
bones (for the suffix, cf. E whiting, Du. wijting <*hwitinga-)."		
alignment-hammer-kroonen-preform	Kroonen2013	206	246	1	2168	2179	*kh₂-mor-o-	b65dce32f9d3d3809ca01d874dc420d49744e18a6a44fe127674e47f6b116cec	"206
*hamala-
bend down', OS af-heldian 'to decline', OHG heldan 'to sink, incline' <
*halþjan- ~*haldjan- as well as ON halla w.v. 'to incline, turn sideways,
slope', OHG haldōn w.v. 'to be inclined' <*halþōjan-. This points to a con-
nection with the PIE root *klei- 'to lean, incline', which looks like an original
i-present *kl-ei-/*kl-i- to the root *kel-.
⇒
*hamala- adj. 'truncated (?)' - OHG hamal adj. 'mutilated' *Kom-olo- (IE)
Skt. śáma- adj. ‘hornless' < *kem-o-; Ru. komólyj, Sln. dial. komột adj.
'hornless' <*kom-olo- (with depalatalization of the k- in the zero-grade
forms).
Also substantivized as OHG hamal, MHG hamel, G Hammel, (M)Du. hamel
m. 'castrated ram' < *kom-olo-. The root *kem- in PIE seems to have meant
'to truncate (e.g. of horns)', for which see *hindō- 'hind'. The adjective fur-
ther served as the basis for ON hamla, OE hamelian, OFri. homelian, OHG
hamalōn w.v. 'to mutilate, hamble' < *hamalōjan-.
-
*hama(n)- m. 'shape, physical form' ON hamr m. 'skin, slough; shape,
form', Far. hamur m. 'slough; ghost, apparition', OE hama, homa m. 'cover-
ing', OS hamo m. 'covering', OHG hamo m. 'skin, covering, net' ⇒ *kom-on-
(IE) Skt. śāmūla-, śāmulyà- n. ‘'shirt' < *kom-.
Also cf. Icel. hem n. 'layer of ice; loosened skin; bag', Elfd. iem m. 'fish skin'
<*hamja-.
*haman- m. 'rod, shaft' E hame 'horse collar', MDu. hame, haem ‘id.', Du.
haam 'id.', MHG ham(e) m. 'fishing rod'⇒ *kom-o- (IE) — Skt. śámyā- f. ‘yoke
pin, plug, wedge' < *ke/om-ieh2-; YAv. sima- f. 'yoke pin' < *km-ieh2-; Gr.
кάμaž, -αкoç f. (m.) 'pole to support the vine, bar, shaft of a spear' <
*km-nk-; Arm. sami-k' pl. 'facewood of a yoke'.
Also cf. MHG hamel 'stick', Sw., Da. hammel, Nw. dial. homul, humul (= ON
*homull) 'cross-beam on a wagon' < *hamula- and perhaps also ON hemja
'to rein, force', OFri. hemma 'to hinder', OLFra. chamian 'to clamp', (MH)G
hemmen 'to stop, hinder' < *hamjan-.
*hamara- m. ‘hammer'
ON hamarr m. 'hammer; back of an axe; crag;
precipice', Far. hamar m. 'id.', Elfd. åmår m. 'id.', OE hamor m. 'hammer', E
hammer, OFri. homer, hamer m. ‘id.', OS hamar, hamur m. 'id.', Du. hamer c.
'id.', OHG hamar m. 'id.', G Hammer m. 'id.' ⇒ *kh₂-mor-o- (IE).
~
The Germanic word is clearly related to PIE *h₂ek-mon- 'heavenly vault,
anvil, meteorite' (see *hemina- *hemna-), not least in view of the ON
meaning 'precipice'. There are some formal problems, however. Especially
problematic is the a-vocalism, which ostensibly points to a morphologically
impossible pre-form *h₂ko-mor-o- (thus Pokorny IEW: 18-22). I therefore
assume that *hamara- continues *kh2-mor-o- with metathesis of the velar"		
alignment-hammer-orel-preform	Orel2003	158	197	1	610	618	*akmoros	a8b4c1734e2a23e868c72f6da63dbf0a8203a5dfd796350b733cfdd4a0224d87	"xamalōjanan
id., OHG bi-hamalōn 'to cut, to strike'.
Derived from *xamalaz II. TORP-FALK
73; HOLTHAUSEN AEEW 148; HEIDER-
MANNS 277; KLUGE-SEEBOLD 353.
*xam(a)lōn_sb.f.: ON hamla ‘oar-loop',
OHG hamila 'satyrion, orchis'. Related to
Lith kamblys 'leafless stock', Slav *kombl
'butt-end (of a tree)'. Further cf. *xamalaz
II. FRAENKEL 213; VRIES ANEW 207 (to
Gk kάμαž id.).
*xamaraz sb.m.: ON hamarr 'hammer',
~
OE hamor, hamer id., OFris hamer, homer
id., OS hamar, hamur id., OHG hamar id.
With a metathesis of the anlaut similar to
that of slav *kamy, continues a thematic
derivative of IE *ak-men- ‘stone': *akmoros
identical with Skt aśmará- ‘stony' (STREIT-
BERG IF II 419). Thus, the original mean-
ing of the Germanic word was 'stone
hammer'. PEDERSEN KZ XXXII 247;
DETTER DADL XLII 57 (to *xamalaz II,
cf. Lat saxum 'large stone, rock' secō 'to
cut'); ZUPITZA Gutt. 108; TORP-FALK 74;
GÜNTERT WUS XI 140 (to *xamalaz II
with a secondary attraction to *ak-men-),
Labyrinth 21 (to pre-Gk кαμάpα 'covered
carriage, vaulted chamber'); HOLTHAUSEN
AEEW 149; FRAENKEL KZ LXIII
183-184; MAYRHOFER I 60; POKORNY I
19; VRIES ANEW 207; ZALIZNIAK I 132;
ONIONS 425; STANG LS 25; SCHELESNIKER
Festschr. Ölberg 23-26; MAHER JIES I
441-442; KLUGE-SEEBOLD 352–353.
*xamaz sb.m.: ON hamr 'skin, shape', OE
ham 'covering, garment, shirt', hama 'cov-
ering', MLG ham id., OHG hamo ‘fishing-
net'. Probably related to Skt śamí
'Prosopis spicigera' (ZUPITZA BB XXIV
182) and further to */kem- 'to cover'.
ZUPITZA Gutt. 182; TORP-FALK 74;
HOLTHAUSEN AEEW 148; MAYRHOFER
III 299; POKORNY I 556; VRIES ANEW
208.
*xam(e)strō sb.f.: OS hamustra 'curculio,
corn-weevil', OHG hamustra ‘hamster'.
Probably borrowed from Lat comestor
'glutton' (MURIANOV Etim. 1983 105).
However, the obvious connection with
Slav *xoměstoro 'hamster' remains un-
158
xam(u)laz
clear. FICK BB II 266 (to Lat cumera
‘chest, box' < *komeso-); BERNEKER I 395
(< Slav); FRAENKEL 896; ONIONS 425.
*xamfaz adj.: Goth hamfs 'mutilated,
maimed', OS hāf 'with crippled hands',
OHG hamf 'mutilated'. Related to OIr
camm 'crooked, bent' and further to Gk
кαμлη 'bend', Lat campus ‘field' < *‘bend-
ing', Lith kampas 'corner, edge', Slav
*ko̟pʊ ‘hill, island' (SAUSSURE Recueil 598).
DIEFENBACH VW II 529-531 (to Gk
кóлτ 'to strike'); SCHRÖDER Idg. Anz.
XXVI 59 (to ON hnafa 'to cut off');
AUFDERHAAR Lehnw. 21-22 (WGmc <
Goth); ZUPITZA Gutt. 108; TORP-FALK 74-
75; WALDE-HOFMANN I 148-149; FEIST
243; POKORNY I 525; FRAENKEL 213–214;
FRISK I 774-775; TRUBACHEV ESSJa XII
56-57; LEHMANN GED 175-176; PUHVEL
IV 61-63 (adds Hitt kappi- ‘small, little’
<? *kampi-); HEIDERMANNS 278.
*xam(m)inzaz sb.m.: ON hemingr 'skin of
the hide shanks', prop. Hemingr, OE
hemminz ‘a kind of shoe', OFris hemminge
'leather wear, shoe', OHG prop. Haming.
Derived from *xam(m)ō. FALK NVA 1919,
133; HOLTHAUSEN AEEW 155; VRIES
ANEW 222.
*xam(m)janan wk.vb.: ON hemja 'to
restrain, to hold back', OE hemman id.,
OFris hemma 'to mutilate', MDu hemmen
'to slow down', OHG gi-hemmen 'to
humiliate'. Derived from *xam(m)ō.
ZUPITZA Gutt. 108; LÖWENTHAL KZ
XLVII 146 (to Сk к½µоç ‘а kind of
plant', Slav *konь ‘horse'); TORP-FALK 74;
HOLTHAUSEN AEEW 155; POKORNY I 555;
VRIES ANEW 222; KLUGE-SEEBOLD 369.
*xam(m)ō sb.f.: ON hom ‘ham', OE ham
id., MLG ham(m)e id., MHG hamme id.
From *xanmō < *konǝmā, an ablaut vari-
ant of *knāmā: Gk кvýµn ‘leg, shank', OIR
cnáim 'bone' (FICK KZ I 368–369).
TORP-FALK 74; HOLTHAUSEN AEEW 148;
POKORNY I 613-614; FRISK I 883; VRIES
ANEW 279; ZALIZNIAK II 225; ONIONS
425.
*xam(u)laz sb.m.: Norw dial. humul ‘bar',
MHG hamel ‘'bar, rod'. Related to"		
