evidence_id	source_key	printed_pages	holding_sheet	paragraph	start_char	end_char	diplomatic_form	paragraph_sha256	paragraph_text	begin_anchor	end_anchor
alignment30-salt-kroonen-strong	Kroonen2013	425	465	1	732	740	*saltan-	7e4099fe73a1f3a32193b68f94681181f38797586c34da4bcad0cb1a6611778d	"*salta-
425
'sale', OHG sala f. 'delivery of possession' < *salō(n)-. Go. saljan w.v. 'to
lodge, stay as a guest' is derived from *saliz- (q.v.).
*salta- n. 'salt' - Go. salt n. 'id.', ON salt n. 'id.', Far. salt n. 'id.', Elfd. solt n.
'id.', OE sealt n. 'id.', E salt, OFri. salt n. 'id.', OS salt n. 'id.', Du. zout n. ‘id.',
OHG salz n. 'id.', G Salz n. 'id.' (DRV) - Lith. saldùs adj. 'sweet', OCS sladko,
Ru. dial. solódkij adj. ‘id.' < *sh₂el-d-u-; ToA sāle, ToB salyiye f. 'salt', Arm. at
'salt', Gr. ǎλç m. 'id.', Lat. sāl m. 'id.', Olr. salann n. 'id.', W halen m. 'id.', Latv.
sals f. 'id.', OPru. sal 'id.', OCS sol, Ru. sol' f. 'id.'; Skt. sarirá- n. 'sea, ocean'.
A neuter collective noun derived from the strong verb *saltan- (q.v.). The
IE word for 'salt' was inflected as an ablauting 1-stem nom. *séh₂-l, gen.
*sh2-l-ós. The dental suffix *d, which is found in Germanic, Balto-Slavic and
Italic, is parallel to that of PIE *sueh2d-u- (see *swōtu-).
*saltan- s.v. 'to salt (down), pickle' - Go. saltan s.v. 'id.', ON salta w.v. 'id.',
Elfd. solta w.v. 'id.', OE sealten ptc. 'id.', MDu. souten s./w.v. 'id.', Du.
ge-zouten adj. 'pickled', OHG salzan s.v. 'to pickle', G salzen s./w.v. 'id.' (IE) —
Lat. sallere (ptc. salsum < *sh₂ld-to-) 'to salt' < *sh₂ld-e-; Olr. saillid 'id.' <
*sh₂ld-ie-; an extension to the stem *sh₂el-, cf. Skt. sarirá- n. 'sea, ocean' <
*sh₂el-; ToA sāle, ToB salyiye f. 'salt' < *sh₂el-h₁en-; Arm. sat 'id.' < *sh₂(e)l-i-;
Gr. ǎλs, àλós m. 'id.', Lat. sal m. 'id.', OCS solь f. 'id.' <*sh₂el-; Olr. salann 'id.'
<*sh2(e)l-on-; OCS slano 'salted' < *sh₂el-no-.
A strong verb directly akin to Lat. sallere. See also *salta- and *sultjō-
(q.v.).
*salwa- adj. 'yellowish brown' - ON solr adj. 'yellow, pale', OE salo adj.
'dusky, dark', E sallow, MDu. salu, saluwe adj. 'pale yellow, dirty', OHG salo
adj. 'dark, black, dirty' *solH-uo- (NEUR) ― Ru. solovyj adj. 'light bay' (also
cf. CS slavo-očije n. 'state of having green eyes, glaucitas') < *solH-uo-.
A Germanic-Slavic isogloss.
-
*sama(n)- adj. 'the same' - Go. sama adj. 'id.', ON samr, sami adj. 'id.', Far.
samur, sami adj. 'id.', OHG samo adj. 'id.'⇒ *somH-o- (IE) - Identical to Skt.
samá- adj. 'equal, same', Av. hama- adj. 'same', OP hama- adj. 'one and the
same', NP ham adj. 'same', Gr. òuós adj. 'common, same'.
See also *suma-.
-
-
Gr.
*samda- m. 'sand' ON sandr m. 'id.', Far. sandur m. 'id.', Elfd. sand m. 'id.',
OE sand m. 'id.', E sand, OFri. san(d), saun(d) m. 'id.', OS sand m. 'id.', Du.
zand n. 'id.', OHG sant m./n. 'id.', G Sand m. 'id.' ⇒ *sam-ndh- (NIE) -
þáµµos f., þáµados, äµados f. 'sand' < *sam-ndh-o-; Lat. sabulum n. 'coarse
sand, gravel' <*sadh-lo-."		
alignment30-salt-orel-weak	Orel2003	316	355	1	2788	2799	*saltōjanan	b4f0e660049d58d58b1cd4c14258defee7209c4d815c97537baaa0fd58e2b251	"saliz
Slav selo 'field'. GRIENBERGER Got. 180
(to Lat soleō 'to look after, to care for³);
TORP-FALK 435–436; MERINGER IF XVI
182, XVIII 241-242 (follows GRIEN-
BERGER and adds Lat solum 'floor');
TRAUTMANN BSW 248; HOLTHAUSEN
AEEW 267, 289; FEIST 408; POKORNY I
898; CHEMODANOV SGGJa I 82; FRAENKEL
758 (Lith salà is derived from sálti‘to
flow); VRIES ANEW 461; ZALIZNIAK II
224; FRAENKEL 758; VASMER-TRUBACHEV
III 596; LEHMANN GED 294; KLUGE-
SEEBOLD 698.
*saljanan wk.vb.: Goth saljan 'to sacrifice',
316
ON selja 'to hand over, to sell' (irreg.),
OE sellan 'to give, to furnish, to deliver³,
OFris sella 'to hand over, to sell', OS gi-
sellian id., OHG sellen id. Causative of
unattested str. *selanan further related to
Gk Eɛîv 'to take', OIr selaim 'to take'
(OSTHOFF PBB XIII 457-458). MEILLET
Etudes 419 (to Slav *solati 'to send');
COLLITZ Prät. 69-70 (to Gk äλλμα to
spring, to leap'); TORP-FALK 435; HOLT-
HAUSEN AEEW 289; FEIST 408-409;
POKORNY I 899; VRIES ANEW 461, 469
(to Goth saljan 'to stay', see *saliz
*salaz); FRISK I 487-488; ONIONS 808;
STANG LS 56; BENVENISTE IEL 108-109;
MEZGER KZ LXXXIII 124–149; LEH-
MANN GED 294.
~
*salō(n) sb.f.: ON sala ‘sale', OE masc.
sala id., OHG sale 'transfer of property'.
See *saljanan. TORP-FALK 435; HOLT-
HAUSEN AEEW 269; VRIES ANEW 460;
ONIONS 783; LEHMANN GED 294; KLUGE-
SEEBOLD 701.
*salta-fatan sb.n.: ON salt-fat ‘salt-vat',
OE sealt-fat 'vessel for salt, salt-cellar', OS
salt-fat 'salt-vat', OHG salz-faz id. Com-
pound of *saltan and *fatan. CARR Nom.
comp. 78 (parallel formations).
*saltan sb.n.: Goth salt 'salt', ON salt id.,
OE sealt id., OS salt id., OHG salz id.
Closely related to Lith saldus 'sweet', Slav
*soldoko id. Further connected to other
continuants of IE *sal- 'salt': Toch A sāle,
B salyiye, Gk ǎλs, Arm ał, Lat sāl,
Slav *solb. SCHMIDT Plur. 182-183;
salwaz
UHLENBECK PBB XX 564 (to *salwaz);
TORP-FALK 436; TRAUTMANN BSW 249,
298; HOLTHAUSEN AEEW 286; WALDE-
HOFMANN II 465-466; FEIST 409;
FRAENKEL 759-760, KZ XLII 234;
JÓHANNESSON IEW 765; POKORNY I 879;
VRIES ANEW 461; ZALIZNIAK I 143;
FRISK I 78-79; ONIONS 784; SEEBOLD
385; VASMER-TRUBACHEV III 713, 715;
LEHMANN GED 294; KLUGE-SEEBOLD 702;
BOUTKAN OFED s.v.
*saltanan str.vb.: Goth saltan 'to salt', OE
sealtan id., MLG solten id. (wk., with str.
part.), OHG salzan id. Related to *saltan.
Identical with Lat sallō 'to salt', OIr sail-
lim id. PEDERSEN Kelt. Gr. I 114; Torp-
FALK 436; FEIST 409; HOLTHAUSEN AEEW
286; WALDE-HOFMANN II 465; POKORNY I
879; VRIES ANEW 461; ONIONS 784;
SEEBOLD 385-386; LEHMANN GED 294;
KLUGE-SEEBOLD 702.
*salta-stainaz sb.m.: ON salt-steinn 'salt-
stone', OE sealt-stán ‘pillar of salt, rock
salt', OHG salz-stein ‘pillar of salt'. Com-
pound of saltan and *stainaz. CARR
Nom. comp. 78 (parallel formations).
*saltōjanan wk.vb.: ON salta 'to salt',
OHG salzon id. Derived from *saltan.
TORP-FALK 436; HEIDERMANNS 466.
*saltaz adj.: ON saltr 'salty', OE sealt
id., OFris salt id., MLG solt 'salty (of
water)'. Derived from *saltan. Originally
identical with the u-stem: Lith saldus
'sweet', Slav *sold-ko id. KARSTEN NB
I 48-49; TORP-FALK 436; FEIST 409;
HOLTHAUSEN AEEW 286; POKORNY I
878-879; FRAENKEL 759; VRIES ANEW
461; ONIONS 784; SEEBOLD 385; VASMER-
TRUBACHEV III 713; LEHMANN GED
294; HEIDERMANNS 466; BOUTKAN OFED
S.V.
*salwaz adj.: ON sqlr 'yellow', OE salu
‘dusky, dark', MDu salu 'dirty, pale
yellow', OHG salo ‘dark, black'. Related
to Slav *solv 'cream-colored, sallow'.
KARSTEN NB II 196-197; LOEWENTHAL
KZ LII 222 (to Lat salmō ‘salmon');
SCHWENTNER FB 21–24, KZ LXXIII 117;
UHLENBECK PBB XX 264, XXII 536;"		
alignment30-salt-orel-strong	Orel2003	316	355	1	2205	2214	*saltanan	b4f0e660049d58d58b1cd4c14258defee7209c4d815c97537baaa0fd58e2b251	"saliz
Slav selo 'field'. GRIENBERGER Got. 180
(to Lat soleō 'to look after, to care for³);
TORP-FALK 435–436; MERINGER IF XVI
182, XVIII 241-242 (follows GRIEN-
BERGER and adds Lat solum 'floor');
TRAUTMANN BSW 248; HOLTHAUSEN
AEEW 267, 289; FEIST 408; POKORNY I
898; CHEMODANOV SGGJa I 82; FRAENKEL
758 (Lith salà is derived from sálti‘to
flow); VRIES ANEW 461; ZALIZNIAK II
224; FRAENKEL 758; VASMER-TRUBACHEV
III 596; LEHMANN GED 294; KLUGE-
SEEBOLD 698.
*saljanan wk.vb.: Goth saljan 'to sacrifice',
316
ON selja 'to hand over, to sell' (irreg.),
OE sellan 'to give, to furnish, to deliver³,
OFris sella 'to hand over, to sell', OS gi-
sellian id., OHG sellen id. Causative of
unattested str. *selanan further related to
Gk Eɛîv 'to take', OIr selaim 'to take'
(OSTHOFF PBB XIII 457-458). MEILLET
Etudes 419 (to Slav *solati 'to send');
COLLITZ Prät. 69-70 (to Gk äλλμα to
spring, to leap'); TORP-FALK 435; HOLT-
HAUSEN AEEW 289; FEIST 408-409;
POKORNY I 899; VRIES ANEW 461, 469
(to Goth saljan 'to stay', see *saliz
*salaz); FRISK I 487-488; ONIONS 808;
STANG LS 56; BENVENISTE IEL 108-109;
MEZGER KZ LXXXIII 124–149; LEH-
MANN GED 294.
~
*salō(n) sb.f.: ON sala ‘sale', OE masc.
sala id., OHG sale 'transfer of property'.
See *saljanan. TORP-FALK 435; HOLT-
HAUSEN AEEW 269; VRIES ANEW 460;
ONIONS 783; LEHMANN GED 294; KLUGE-
SEEBOLD 701.
*salta-fatan sb.n.: ON salt-fat ‘salt-vat',
OE sealt-fat 'vessel for salt, salt-cellar', OS
salt-fat 'salt-vat', OHG salz-faz id. Com-
pound of *saltan and *fatan. CARR Nom.
comp. 78 (parallel formations).
*saltan sb.n.: Goth salt 'salt', ON salt id.,
OE sealt id., OS salt id., OHG salz id.
Closely related to Lith saldus 'sweet', Slav
*soldoko id. Further connected to other
continuants of IE *sal- 'salt': Toch A sāle,
B salyiye, Gk ǎλs, Arm ał, Lat sāl,
Slav *solb. SCHMIDT Plur. 182-183;
salwaz
UHLENBECK PBB XX 564 (to *salwaz);
TORP-FALK 436; TRAUTMANN BSW 249,
298; HOLTHAUSEN AEEW 286; WALDE-
HOFMANN II 465-466; FEIST 409;
FRAENKEL 759-760, KZ XLII 234;
JÓHANNESSON IEW 765; POKORNY I 879;
VRIES ANEW 461; ZALIZNIAK I 143;
FRISK I 78-79; ONIONS 784; SEEBOLD
385; VASMER-TRUBACHEV III 713, 715;
LEHMANN GED 294; KLUGE-SEEBOLD 702;
BOUTKAN OFED s.v.
*saltanan str.vb.: Goth saltan 'to salt', OE
sealtan id., MLG solten id. (wk., with str.
part.), OHG salzan id. Related to *saltan.
Identical with Lat sallō 'to salt', OIr sail-
lim id. PEDERSEN Kelt. Gr. I 114; Torp-
FALK 436; FEIST 409; HOLTHAUSEN AEEW
286; WALDE-HOFMANN II 465; POKORNY I
879; VRIES ANEW 461; ONIONS 784;
SEEBOLD 385-386; LEHMANN GED 294;
KLUGE-SEEBOLD 702.
*salta-stainaz sb.m.: ON salt-steinn 'salt-
stone', OE sealt-stán ‘pillar of salt, rock
salt', OHG salz-stein ‘pillar of salt'. Com-
pound of saltan and *stainaz. CARR
Nom. comp. 78 (parallel formations).
*saltōjanan wk.vb.: ON salta 'to salt',
OHG salzon id. Derived from *saltan.
TORP-FALK 436; HEIDERMANNS 466.
*saltaz adj.: ON saltr 'salty', OE sealt
id., OFris salt id., MLG solt 'salty (of
water)'. Derived from *saltan. Originally
identical with the u-stem: Lith saldus
'sweet', Slav *sold-ko id. KARSTEN NB
I 48-49; TORP-FALK 436; FEIST 409;
HOLTHAUSEN AEEW 286; POKORNY I
878-879; FRAENKEL 759; VRIES ANEW
461; ONIONS 784; SEEBOLD 385; VASMER-
TRUBACHEV III 713; LEHMANN GED
294; HEIDERMANNS 466; BOUTKAN OFED
S.V.
*salwaz adj.: ON sqlr 'yellow', OE salu
‘dusky, dark', MDu salu 'dirty, pale
yellow', OHG salo ‘dark, black'. Related
to Slav *solv 'cream-colored, sallow'.
KARSTEN NB II 196-197; LOEWENTHAL
KZ LII 222 (to Lat salmō ‘salmon');
SCHWENTNER FB 21–24, KZ LXXIII 117;
UHLENBECK PBB XX 264, XXII 536;"		
alignment30-salve-kroonen-anoint	Kroonen2013	424	464	1	953	963	*salbōjan-	498dab21e1159d7507a348384dae200a846125da52ee9b714cf6edd312671ea6	"424
*sakō-
-
*sakō- f. ‘case, lawsuit' ON sok f. 'lawsuit, accusation, trial', OE sacu f.
'strife, contention, dispute', E sake, OFri. seke f. 'case', OS saka f. ‘affair, law-
suit', Du. zaak c. 'affair, lawsuit', OHG sahha f. 'case, guilt', G Sache f. 'affair,
matter' (DRV).
Also cf. ON saka w.v. 'to fight, do harm', Far. saka w.v. 'to hurt; to accuse' <
*sakōjan-. Derived from the strong verb *sakan- (q.v.).
*salbo- f. 'ointment'
-
-
Go. salba f. 'id.', OE sealf(e) f. 'id.', E salve, OS salba f.
'id.', Du. zalf c. 'id.', OHG salba f. 'id.', G Salbe f. 'id.' ⇒ *solp-éh₂- (IE) — TOA
sälyp, ToB salype m. '(sesame) oil; salve, ointment', Gr. Hsch. ελos ‘oil, fať,
Alb. gjalpë n./m. 'butter' < *selp-o(s)-; also cf. Skt. sarpís- n. 'melted butter,
melting-butter, lard' (with secondary is-suffix); Skt. sṛprá- adj. 'greasy,
smooth, sleek' < *slp-ro-.
Also cf. Go. salbon, OE sealfian, OS salbon, Du. zalven, OHG salbōn, G salben
w.v. 'to anoint' < *salbōjan-.
*salihōn-f. 'sallow, willow' - ON selja f. 'id.', Sw. sälg c. 'id.', OE sealh f. 'id.',
E sallow, OHG salaha f. 'id.', G Sal-weide 'id.' *salik- (EUR) - Lat. salix f.
'willow', Olr. sail, gen. sailech f. ‘id.' < *salik-; Myc. e-ri-ka, Gr. Arc. ελíкn 'id.'
<*selik-(?).
A European word. If the Mycenaean word belongs here, it would imply a
non-IE interchange of *salik- vs. *selik-.
-
,
*saliz- n. 'hall, house' ON salr m. 'id.', OE sæl, salor n. 'hall', OS seli m. 'hall,
building', Du. zaal c. 'hall', OHG sal n. 'hall, room', G Saal m. 'id.' ⇒ *sol(H)-es-
(NEUR] Identical to OCS selo n. 'field, abode, tabernacle, village', Ru. seló n.
'village', SCr. sèlo n. 'village, country'.
-
ON salr, acc.pl. salir and OS seli imply an i-stem *sali-, OE salor a for-
mation *salaza-, but both of these variants developed secondarily from the
neuter s-stem *salaz, gen. *salizaz< *sol(H)-os, *sol(H)-es-os. Also cf. Go.
salipwos f.pl. 'dwelling', OE selþ, OS selitha, OHG salida, selida f. ‘dwelling' <
*salipwō- and the conspicuously similar OCS selitva f. 'dwelling'.
*saljan-w.v. 'to offer, sell' - Go. saljan w.v. 'to lodge', ON selja w.v. 'to hand
over; to sell', Far. selja w.v. 'to sell; to let go of; to surrender', Elfd. sela w.v.
'to sell', OE sellan s.v. 'to give', E to sell, OFri. sella w.v. 'to hand over; to pay;
to sell', OS gi-sellian w.v. 'give, sell', OHG sellan w.v. 'id.'⇒ *solh₁-éie- (EUR)
Gr. λɛv aor. 'to take, seize', med. 'to take for oneself, pick out, choose' <
*selh1- (also cf. Gr. λwp n. 'booty' < *selh₁-ōr); OCS slati 'to send' <
*slh1-eh2-; Olr. selb f. 'possession', W helw, elw m. < *selh₁-ueh2-; Olr. ad-roilli
'to earn', MW dyrllid 'id.' < *tu-ari-sliye- <*-slh₁-ie-.
A causative to the PIE root *selh₁- 'to take'. The primary meaning of the
verb was 'to let take', whence 'to hand over'. Also note ON sala, OE salu f."		
alignment30-salve-ringe-nominal-123	Ringe2017	123	134	2	841	849	*salbō̄	4ade8e8b02b6317a57b19db1767b1f7d4d69653a7252a74c6b6ce8c542dd3462	"conditions (cf. Schaffner : –). I postpone discussion of the labiovelar to
Section .. (iii). There are about a hundred lexical examples, of which the following
are typical:
  PIE *upér(i) ‘over, above’ (cf. Skt upári, Gk ὑπέρ /hupér/) > *ufér, *uféri > PGmc
    *ubar (*uber?), *ubiri (cf. OHG obar-, ubiri, OE ofer, ON yﬁr);
  PIE *kh2piéti ‘(s)he grasps’ (cf. Lat. capit ‘(s)he takes’, Gk κάπτει /káptei/ ‘(s)he
    gulps down’) > *kafjéþi > PGmc *habiþi ‘(s)he lifts’ (OE hefeþ, inf. hebban;
    voiceless alternant leveled back into the present stem, and j leveled in from
    forms in -ja-, in Goth. hafjiþ);
  PIE *selp- ‘to anoint’, attested mostly in derived nouns (cf. Skt sarpís ‘ghee’, Toch.
    B ṣalype ‘oil, fat’); derived action/result noun *sólpos ‘anointing, ointment’,
    collective *solpáh2 > *solfā ́ > PGmc *salbō̄ ‘ointment’ (cf. OE sealf, OHG
    salba), derived verb *salbō̄ną ‘to anoint’ (cf. Goth. salbon);
  PIE *septḿ̥ ‘seven’ (cf. Skt saptá, Lat. septem) > *seftún ! *seftúnt (by lexical
    analogy with *téhunt ‘ten’) > *sefúnt > PGmc *sebun (see Stiles –, part ,
    pp. –; cf. Goth. sibun, OE seofon);
  PIE *ph2tēŕ ‘father’ (cf. Skt pitā ́, Lat. pater) > *faþēr > PGmc *fadēr (cf. Goth.
    vocative fadar, ON faðir, OE fæder);
  PIE *mah2tē ́r ‘mother’ (cf. Skt mātā ́, Lat. māter) > *māþē ́r > PGmc *mōdēr (cf. ON
    móðir, OE mōdor);
  PIE *kwetwō ́r ‘four (neut.)’ (cf. Skt catvā ́ri, Lat. quattuor) >! *feþwō ́r (initial labial
    probably by lexical analogy with ‘ﬁve’) > PGmc *fedwōr (cf. Goth. ﬁdwor, OE
    fēower);
  PIE *ḱm̥ tóm ‘hundred’ (cf. Skt śatám, Lat. centum, Lith. šim̃tas) > *hunþón >
    PGmc *hundą (cf. Goth. pl. hunda, OE hundred);
  PIE *h2ánh2t- ‘duck’ (cf. Lat. anat-, Lith. ántis) > *ánuþ- > PGmc *anud- (cf. OHG
    anut, OE i-stem ened);
  PIE *wr̥h1tóm ‘said’ (neut.; see .. (i)) > *wurþón > PGmc *wurdą ‘word’
    (cf. Goth. waúrd, OE word);
  PIE *tewtáh2 ‘tribe, people’ (cf. Oscan touto, OIr. túath, Lith. tautà) > *þeuþā ́ >
    PGmc *þeudō (cf. Goth. þiuda, OE þēod);
  post-PIE *kartús ‘sharp’ vel sim. (cf. Lith. kartùs ‘bitter’) > *harþús > PGmc
    *harduz ‘hard’ (cf. Goth. hardus, OE heard);
  PIE *sweḱrúh2 ‘mother-in-law’ (cf. Skt śvaśrū ́s) > *swehrū ́ > PGmc *swegrū? or
    >! *swegrō?; in either case, > PWGmc *swegru (cf. OE sweġer, OHG swigar);
  PIE *maḱrós ‘long’ (cf. Gk μακρός, Lat. macer ‘thin’) > *mahrós > PGmc *magraz
    ‘lean, emaciated’ (cf. ON magr, OE mæġer);
  PIE *h2yuHn̥ḱ ós ‘young’ (cf. Skt yuvaśás; Lat. iuvencus ‘steer’, i.e. ‘young bull’) >
    *yunhós > PGmc *jungaz (cf. Goth. juggs, OE iung, ġeong);
  PIE *h2ánkō ~ *h2n̥kn-´ ‘bend’ ! *h2ankō ́ (cf. Gk ἀγκών /ankɔ́:n/ ‘elbow’) > *anhō ́ >
    PGmc *angō̄ ‘sharp point’ (cf. ON angi ‘spine, prickle’, OE anga ‘sting, goad’);"		
alignment30-salve-ringe-past	Ringe2017	298	309	2	2556	2563	salbōdē	7b16fb595781e0606026705e4b7543ab197964e03be2e1578f788796e192d73e	"         sōkīþ             lagiþ            dōmīþ             salbō- þ    sagaiþ
                                                                         -
              sōkijanþi         lagjanþi         dōmijanþi         salbōnþi sagjanþi
 pres. subj. act.
 sg.          sōkijaų           lagjaų           dōmijaų           salbǭ̄      sagjaų
              sōkijais          lagjais          dōmijais          salbō- s    sagjais
              sōkijai           lagjai           dōmijai           salbō-      sagjai
 du.          sōkijaiw          lagjaiw          dōmijaiw          salbō- w    sagjaiw
              sōkijaiþiz        lagjaiþiz        dōmijaiþiz        salbō- þiz  sagjaiþiz
 pl.          sōkijaim          lagjaim          dōmijaim          salbō- m    sagjaim
                                                                         -
              sōkijaiþ          lagjaiþ          dōmijaiþ          salbōþ      sagjaiþ
              sōkijain          lagjain          dōmijain          salbō- n    sagjain
 pres. imptv.
 sg.          sōkī              lagi (?)         dōmī              salbō-      sagai
                                                                         -
              sōkijaþau         lagjaþau         dōmijaþau         salbōþau sagjaþau
 du.          sōkijaþiz         lagjaþiz         dōmijaþiz         salbō- þiz  sagjaþiz
 pl.          sōkīþ             lagiþ            dōmīþ             salbō- þ    sagaiþ
              sōkijanþau        lagjanþau        dōmijanþau        salbō- nþau sagjanþau
 pres. indic. pass.
 sg.          sōkijō- i? (-ai?) lagjō- i? (-ai?) dōmijō- i? (-ai?) salbō- i    sagjō- i? (-ai?)
              sōkijasai         lagjasai         dōmijasai         salbō- sai  sagjasai
              sōkijaþai         lagjaþai         dōmijaþai         salbō- þai sagjaþai
 du.,pl.       sōkijanþai        lagjanþai        dōmijanþai        salbō- nþai sagjanþai
 pres. subj. pass.
 sg.          ???               ???              ???               ???         ???
              sōkijaisau        lagjaisau        dōmijaisau        salbō- sau sagjaisau
              sōkijaiþau        lagjaiþau        dōmijaiþau        salbō- þau sagjaiþau
 du.,pl.       sōkijainþau lagjainþau dōmijainþau salbō- nþau sagjainþau
 past indic.
 sg.          sōhtǭ             lagidǭ           dōmidǭ            salbōdǭ     sagdǭ
              sōhtēz            lagidēz          dōmidēz           salbōdēz sagdēz
              sōhtē             lagidē           dōmidē            salbōdē     sagdē
 du.          sōhtū             lagidū           dōmidū            salbōdū     sagdū
              sōhtudiz          lagidudiz        dōmidudiz         salbōdudiz sagdudiz
 pl.          sōhtum            lagidum          dōmidum           salbōdum sagdum
              sōhtud            lagidud          dōmidud           salbōdud sagdud
              sōhtun            lagidun          dōmidun           salbōdun sagdun
 past subj.
 sg.          sōhtijų           lagidijų         dōmidijų          salbōdijų sagdijų
              sōhtīz            lagidīz          dōmidīz           salbōdīz sagdīz
              sōhtī             lagidī           dōmidī            salbōdī     sagdī"		
alignment30-salve-ringe-participle	Ringe2017	299	310	2	460	468	salbōdaz	760d2c29cc8dcf657cf0cbb4e43b93b301b59437e11772b0e430735e18ff596e	"du.         sōhtīw         lagidīw       dōmidīw         salbōdīw     sagdīw
              sōhtīdiz       lagidīdiz     dōmidīdiz       salbōdīdiz   sagdīdiz
  pl.         sōhtīm         lagidīm       dōmidīm         salbōdīm     sagdīm
              sōhtīd         lagidīd       dōmidīd         salbōdīd     sagdīd
              sōhtīn         lagidīn       dōmidīn         salbōdīn     sagdīn
  past ptc.    sōhtaz         lagidaz       dōmidaz         salbōdaz     sagdaz"		
alignment30-salve-fulk-base	Fulk2018	292	309	1	522	528	*salbō	f3b5e7958dd42dcc991d467078cba2b3f22df277c600c7b9e4de8c5542c1c42c	"292
A Comparative Grammar of the Early Germanic Languages
12.33 Origin of the dental suffix
How the dental suffix of the weak preterite arose is far from plain.¹ The most widely
credited explanations derive the dental element either from (1) PIE dh or from (2) PIE t
> b, which may become & under Verner's law (§6.6):
(1) Nearly all studies that derive the dental suffix from PIE dh assume that the
suffix is a form of the PGmc. verb that becomes PDE do (the so-called composition
theory). Thus, for example, a PGmc. noun *salbō ‘ointment' in the instr. case (PIE
*solpá) plus a root aorist *de(b) (PIE *dhēt), literally 'did with ointment', could be
expected to have been grammaticalized as *salbōðē(þ) (with ð rather than d because of
PGmc. phonotactics), producing Go. salbōda ‘annointed', a verb of weak class 2. The
grammaticalized ð-element was then extended to the other weak classes, since it repre-
sented a transparent method of forming preterites to verbs without a preterite stem
(Lühr 1984: 43-4). This approach to the problem has several advantages. It is a devel-
opment with obvious parallels in other IE languages, e.g. the rise of the Latin imperfect
in -bā-, which represents a grammaticalization of an old form (ā-preterite?) to the verb
'be', with similar periphrases in other languages.³ It also offers a convenient way to
explain the double appearance of a dental element in the indicative dual and plural and
in all forms of the subjunctive in the preterite of weak verbs in Gothic, e.g. pret. ind. 3
pl. nasidēdun 'saved' (see the paradigm in §12.35). In such forms, -dēd- may be derived
from PGmc. pret. forms of 'do' best reflected in OS and OHG, e.g. 3 pl. ind. OS dēdun,
dādun and OHG tātun.4 That 'do' came to play such an important morphological role as
this may explain why such an apparently basic verb was lost in East and North Gmc., its
functions taken over by táujan and gørva (originally 'prepare'), respectively.
Several difficulties confront explanation (1). The most important of these is that
the dental preterite of preterite-present verbs (§12.54) and of certain weak verbs lacking
PGmc. *-i- in the preterite (§12.37) cannot have been formed this way: see explanation
(2) below. In addition, although equating the Go. suffix -dedun with the OS verb dēdun
seems advantageous, the equation raises questions about how a Go. inflection like -da in
1 & 3 sg. pret. nasida ‘saved' can be equated with 1 & 3 sg. OS deda, OHG teta ‘did';
more important still, it raises questions about how Go. -dēdun can be considered equi-
valent to Olcel. -ðu, OE -don, OS -dum, OHG -tun. 5 Such posited relations seem to
demand either ad hoc phonological developments or analogical restructuring in
NWGmc., leading some to suppose rather that the Go. inflections may be innovations in
East Gmc. (so, e.g., Jasanoff 1978b: 92 n. 76, Stiles 2010).6 Likewise, if the 3 sg. pret.
ending is to be reconstructed as *-ðē(þ) < PIE *dheht, Go. -da is an unexpected result,
since ē, does not yield Go. a except in absolute finality: cf. PIE -ēd > PGmc. *-ē(t) in
Go. hidrē 'hither' (but see §11.2).7
(2) Studies arguing for the derivation of the dental preterite suffix from PIE t are
more varied in nature, identifying numerous possible sources, including PIE inflections
peculiar to particular persons and numbers (such as the 2 sg. perf. *-th₂e, the perf.
middle 3 sg. *-tai, and the aorist middle 2 sg. *-th₁ēs) or to particular tense stems (esp.
PIE *-t- in forms like Lat. plectō, OHG flehtan 'plait'; cf. Lat. plicō, Gk. лλéкo 'fold').
But the most widely credited approaches involve the PIE verbal adj. suffix *-to- (>
PGmc. *-pa-/-da-), as in Lat. datus ‘given' and nātus ‘born'. It is certainly possible that
when this suffix came to mark the past participle in Gmc., its association with past
action should have prompted analogical extension to the preterite. This seems the least
complicated explanation for certain weak preterites which cannot derive their dental
element from PIE dh. Most preterite-present verbs are of this sort. Thus, PGmc. *-þ- is"		
alignment30-salve-fulk-compound	Fulk2018	292	309	1	692	703	*salbōðē(þ)	f3b5e7958dd42dcc991d467078cba2b3f22df277c600c7b9e4de8c5542c1c42c	"292
A Comparative Grammar of the Early Germanic Languages
12.33 Origin of the dental suffix
How the dental suffix of the weak preterite arose is far from plain.¹ The most widely
credited explanations derive the dental element either from (1) PIE dh or from (2) PIE t
> b, which may become & under Verner's law (§6.6):
(1) Nearly all studies that derive the dental suffix from PIE dh assume that the
suffix is a form of the PGmc. verb that becomes PDE do (the so-called composition
theory). Thus, for example, a PGmc. noun *salbō ‘ointment' in the instr. case (PIE
*solpá) plus a root aorist *de(b) (PIE *dhēt), literally 'did with ointment', could be
expected to have been grammaticalized as *salbōðē(þ) (with ð rather than d because of
PGmc. phonotactics), producing Go. salbōda ‘annointed', a verb of weak class 2. The
grammaticalized ð-element was then extended to the other weak classes, since it repre-
sented a transparent method of forming preterites to verbs without a preterite stem
(Lühr 1984: 43-4). This approach to the problem has several advantages. It is a devel-
opment with obvious parallels in other IE languages, e.g. the rise of the Latin imperfect
in -bā-, which represents a grammaticalization of an old form (ā-preterite?) to the verb
'be', with similar periphrases in other languages.³ It also offers a convenient way to
explain the double appearance of a dental element in the indicative dual and plural and
in all forms of the subjunctive in the preterite of weak verbs in Gothic, e.g. pret. ind. 3
pl. nasidēdun 'saved' (see the paradigm in §12.35). In such forms, -dēd- may be derived
from PGmc. pret. forms of 'do' best reflected in OS and OHG, e.g. 3 pl. ind. OS dēdun,
dādun and OHG tātun.4 That 'do' came to play such an important morphological role as
this may explain why such an apparently basic verb was lost in East and North Gmc., its
functions taken over by táujan and gørva (originally 'prepare'), respectively.
Several difficulties confront explanation (1). The most important of these is that
the dental preterite of preterite-present verbs (§12.54) and of certain weak verbs lacking
PGmc. *-i- in the preterite (§12.37) cannot have been formed this way: see explanation
(2) below. In addition, although equating the Go. suffix -dedun with the OS verb dēdun
seems advantageous, the equation raises questions about how a Go. inflection like -da in
1 & 3 sg. pret. nasida ‘saved' can be equated with 1 & 3 sg. OS deda, OHG teta ‘did';
more important still, it raises questions about how Go. -dēdun can be considered equi-
valent to Olcel. -ðu, OE -don, OS -dum, OHG -tun. 5 Such posited relations seem to
demand either ad hoc phonological developments or analogical restructuring in
NWGmc., leading some to suppose rather that the Go. inflections may be innovations in
East Gmc. (so, e.g., Jasanoff 1978b: 92 n. 76, Stiles 2010).6 Likewise, if the 3 sg. pret.
ending is to be reconstructed as *-ðē(þ) < PIE *dheht, Go. -da is an unexpected result,
since ē, does not yield Go. a except in absolute finality: cf. PIE -ēd > PGmc. *-ē(t) in
Go. hidrē 'hither' (but see §11.2).7
(2) Studies arguing for the derivation of the dental preterite suffix from PIE t are
more varied in nature, identifying numerous possible sources, including PIE inflections
peculiar to particular persons and numbers (such as the 2 sg. perf. *-th₂e, the perf.
middle 3 sg. *-tai, and the aorist middle 2 sg. *-th₁ēs) or to particular tense stems (esp.
PIE *-t- in forms like Lat. plectō, OHG flehtan 'plait'; cf. Lat. plicō, Gk. лλéкo 'fold').
But the most widely credited approaches involve the PIE verbal adj. suffix *-to- (>
PGmc. *-pa-/-da-), as in Lat. datus ‘given' and nātus ‘born'. It is certainly possible that
when this suffix came to mark the past participle in Gmc., its association with past
action should have prompted analogical extension to the preterite. This seems the least
complicated explanation for certain weak preterites which cannot derive their dental
element from PIE dh. Most preterite-present verbs are of this sort. Thus, PGmc. *-þ- is"		
alignment30-salve-rt-noun-184	RingeTaylor2014	184	199	13	5	11	*salb6	aa4c0eda41e8b7fe8b38baa41f4ab223d6148d9edddacf1888ad9d304d022dc5	"PGmc *salb6 ‘ointment’, *salb6nq ‘to anoint’ (Goth. salbon, OS salba, salbon, OHG
salba, salbon) >— *szelbu, *szelbdjan > WS OE sealf, sealfian (OF vb. salvia);
PGmce *galgo ‘gallows’ (Goth. galga ‘cross’, ON galgi) > PWGmce *galgo (OS galgo"		
alignment30-salve-rt-anoint-184	RingeTaylor2014	184	199	13	24	32	*salb6nq	aa4c0eda41e8b7fe8b38baa41f4ab223d6148d9edddacf1888ad9d304d022dc5	"PGmc *salb6 ‘ointment’, *salb6nq ‘to anoint’ (Goth. salbon, OS salba, salbon, OHG
salba, salbon) >— *szelbu, *szelbdjan > WS OE sealf, sealfian (OF vb. salvia);
PGmce *galgo ‘gallows’ (Goth. galga ‘cross’, ON galgi) > PWGmce *galgo (OS galgo"		
alignment30-salve-rt-noun-intermediate	RingeTaylor2014	184	199	13	100	107	*szelbu	aa4c0eda41e8b7fe8b38baa41f4ab223d6148d9edddacf1888ad9d304d022dc5	"PGmc *salb6 ‘ointment’, *salb6nq ‘to anoint’ (Goth. salbon, OS salba, salbon, OHG
salba, salbon) >— *szelbu, *szelbdjan > WS OE sealf, sealfian (OF vb. salvia);
PGmce *galgo ‘gallows’ (Goth. galga ‘cross’, ON galgi) > PWGmce *galgo (OS galgo"		
alignment30-salve-rt-verb-intermediate	RingeTaylor2014	184	199	13	109	119	*szelbdjan	aa4c0eda41e8b7fe8b38baa41f4ab223d6148d9edddacf1888ad9d304d022dc5	"PGmc *salb6 ‘ointment’, *salb6nq ‘to anoint’ (Goth. salbon, OS salba, salbon, OHG
salba, salbon) >— *szelbu, *szelbdjan > WS OE sealf, sealfian (OF vb. salvia);
PGmce *galgo ‘gallows’ (Goth. galga ‘cross’, ON galgi) > PWGmce *galgo (OS galgo"		
alignment30-sap-kroonen-nom	Kroonen2013	420	460	1	683	690	*sHp-ōn	de3a2a186f66ff4712f79aee265e9ca6daf8c202adc09df73e585eb70efa2ee0	"420
*saf/ppan-
< *ks-no-). The default reconstruction would be a strong o-graded jan-verb,
however, cf. *hlahjan- 'to laugh'. See also *sefan-.
*saf/ppan-m. 'sap; juice' - ON safi m. 'id.', Far. sjó-savi m. 'smell of the sea',
OSw. sava f. 'id.', OE sæp m. 'sap', E sap, MDu. sap m. 'sap; juice', Du. sap n.
'id.' (with secondary neuter gender due to collective semantics), OHG saf,
sapf m. 'id.', G Saft m. 'id.' *sHp-on- (EUR) - Arm. ham 'juice' < *sHp-mo-;
Lat. sapa f. 'must, new wine boiled thick' <*sHp-eh2-.
⇒
Within Germanic, the co-occurrence of the three stems *saf/ban-, *sappa-
and *sapa- clearly points to dialectal dissolution of a primary n-stem *safō,
gen. *sappaz < *sHp-ōn, *sHp-n-ós. This n-stem can be related to EDu.
sabberen 'to soil', Du. sabbelen 'to suck', WFri. sabje 'id.' < *sapp/bōn- (Nw.
sabba w.b. 'to trudge through mud', however, seems more closely related to
the zero-grade iterative *supp/bōn- 'to soak', q.v.). Also cf. Nw. dial. seven
adj. ‘wet, moist' <*safina- and Far. sevja, Nw. sevje f. 'sap' < *safjōn-.
-
*sagja- 1 m. 'man, hero' - ON seggr m. 'id.', Far. poet. seggur m. ‘id.', OE
secg m. 'id.' ⇒ *sokwH-ió- (IE) Lat. socius m. 'companion, comrade' <
*sokwH-io-, Skt. sákhāy- (nom. sákhā, dat. sákhye) m. 'friend, companion', Av.
haxi- 'friend, companion' < *sokwH-oi-.
The word continues an original ablauting i-stem nom. *sokwH-ōi, gen.
*sokwH-i-os to the root *sekw- 'to follow' (see *sehwan- 'to see'). In Germanic,
the labial element of the labiovelar was lost before the operation of Verner's
law.
*sagja-2 m. 'sedge' - OE secg m. 'id.', E sedge, EDu. segghe 'id.', Du. zegge c.
'id.' (IE?).
Possibly related to *sagō- 'saw' (assuming that the original meaning was
'sharp grass', cf. OE secg f. 'sword'). For a different interpretation, see
*sahaza-.
·
*sagjan- w.v. 'to say, recount' - ON segja w.v. 'id.', Far. siga w.v. ‘id.', Elfd.
saja w.v. 'id.', OE secgan w.v. 'id.', E to say, OFri. sedza, sidza w.v. 'id.', WFri.
sizze w.v. 'id.', OS seggian w.v. 'id.', Du. zeggen w.v. 'id.', OHG sagen w.v. 'id.',
G sagen w.v. 'id.' (< *sagēn-) ⇒ *sokw-éie- (EUR) - Identical to Lith. sakýti,
Latv. sacît 'to say'; SCS sočiti 'to indicate', Ru. sočíť' (sočú) 'to look for, track
down, summon', SCr. sòčiti 'to establish the guilt of, reveal, find' < *sokw-éie-;
also cf. Gr. év(v) επw 'to say, recount, announce', Lat. insece 'to tell' (also cf.
inquam <*h₁en-skw-eh2-m), Olr. seichid 'to say', OW, MW hebu 'to say', Lith.
dial. sèkti (sekù) 'to tell' < *sekw-e-; ie-.
A Germanic/Balto-Slavic intensive formation derived from the PIE root
*sekw- 'to recount'. The labialization of *k"" was lost in front of *j when there
was an o in the root (cf. *hnaigjan- and *sagja- 1). See also *sagōn-."		
alignment30-sap-kroonen-gen	Kroonen2013	420	460	1	692	701	*sHp-n-ós	de3a2a186f66ff4712f79aee265e9ca6daf8c202adc09df73e585eb70efa2ee0	"420
*saf/ppan-
< *ks-no-). The default reconstruction would be a strong o-graded jan-verb,
however, cf. *hlahjan- 'to laugh'. See also *sefan-.
*saf/ppan-m. 'sap; juice' - ON safi m. 'id.', Far. sjó-savi m. 'smell of the sea',
OSw. sava f. 'id.', OE sæp m. 'sap', E sap, MDu. sap m. 'sap; juice', Du. sap n.
'id.' (with secondary neuter gender due to collective semantics), OHG saf,
sapf m. 'id.', G Saft m. 'id.' *sHp-on- (EUR) - Arm. ham 'juice' < *sHp-mo-;
Lat. sapa f. 'must, new wine boiled thick' <*sHp-eh2-.
⇒
Within Germanic, the co-occurrence of the three stems *saf/ban-, *sappa-
and *sapa- clearly points to dialectal dissolution of a primary n-stem *safō,
gen. *sappaz < *sHp-ōn, *sHp-n-ós. This n-stem can be related to EDu.
sabberen 'to soil', Du. sabbelen 'to suck', WFri. sabje 'id.' < *sapp/bōn- (Nw.
sabba w.b. 'to trudge through mud', however, seems more closely related to
the zero-grade iterative *supp/bōn- 'to soak', q.v.). Also cf. Nw. dial. seven
adj. ‘wet, moist' <*safina- and Far. sevja, Nw. sevje f. 'sap' < *safjōn-.
-
*sagja- 1 m. 'man, hero' - ON seggr m. 'id.', Far. poet. seggur m. ‘id.', OE
secg m. 'id.' ⇒ *sokwH-ió- (IE) Lat. socius m. 'companion, comrade' <
*sokwH-io-, Skt. sákhāy- (nom. sákhā, dat. sákhye) m. 'friend, companion', Av.
haxi- 'friend, companion' < *sokwH-oi-.
The word continues an original ablauting i-stem nom. *sokwH-ōi, gen.
*sokwH-i-os to the root *sekw- 'to follow' (see *sehwan- 'to see'). In Germanic,
the labial element of the labiovelar was lost before the operation of Verner's
law.
*sagja-2 m. 'sedge' - OE secg m. 'id.', E sedge, EDu. segghe 'id.', Du. zegge c.
'id.' (IE?).
Possibly related to *sagō- 'saw' (assuming that the original meaning was
'sharp grass', cf. OE secg f. 'sword'). For a different interpretation, see
*sahaza-.
·
*sagjan- w.v. 'to say, recount' - ON segja w.v. 'id.', Far. siga w.v. ‘id.', Elfd.
saja w.v. 'id.', OE secgan w.v. 'id.', E to say, OFri. sedza, sidza w.v. 'id.', WFri.
sizze w.v. 'id.', OS seggian w.v. 'id.', Du. zeggen w.v. 'id.', OHG sagen w.v. 'id.',
G sagen w.v. 'id.' (< *sagēn-) ⇒ *sokw-éie- (EUR) - Identical to Lith. sakýti,
Latv. sacît 'to say'; SCS sočiti 'to indicate', Ru. sočíť' (sočú) 'to look for, track
down, summon', SCr. sòčiti 'to establish the guilt of, reveal, find' < *sokw-éie-;
also cf. Gr. év(v) επw 'to say, recount, announce', Lat. insece 'to tell' (also cf.
inquam <*h₁en-skw-eh2-m), Olr. seichid 'to say', OW, MW hebu 'to say', Lith.
dial. sèkti (sekù) 'to tell' < *sekw-e-; ie-.
A Germanic/Balto-Slavic intensive formation derived from the PIE root
*sekw- 'to recount'. The labialization of *k"" was lost in front of *j when there
was an o in the root (cf. *hnaigjan- and *sagja- 1). See also *sagōn-."		
alignment30-sap-kroonen-drool	Kroonen2013	420	460	1	802	812	*sapp/bōn-	de3a2a186f66ff4712f79aee265e9ca6daf8c202adc09df73e585eb70efa2ee0	"420
*saf/ppan-
< *ks-no-). The default reconstruction would be a strong o-graded jan-verb,
however, cf. *hlahjan- 'to laugh'. See also *sefan-.
*saf/ppan-m. 'sap; juice' - ON safi m. 'id.', Far. sjó-savi m. 'smell of the sea',
OSw. sava f. 'id.', OE sæp m. 'sap', E sap, MDu. sap m. 'sap; juice', Du. sap n.
'id.' (with secondary neuter gender due to collective semantics), OHG saf,
sapf m. 'id.', G Saft m. 'id.' *sHp-on- (EUR) - Arm. ham 'juice' < *sHp-mo-;
Lat. sapa f. 'must, new wine boiled thick' <*sHp-eh2-.
⇒
Within Germanic, the co-occurrence of the three stems *saf/ban-, *sappa-
and *sapa- clearly points to dialectal dissolution of a primary n-stem *safō,
gen. *sappaz < *sHp-ōn, *sHp-n-ós. This n-stem can be related to EDu.
sabberen 'to soil', Du. sabbelen 'to suck', WFri. sabje 'id.' < *sapp/bōn- (Nw.
sabba w.b. 'to trudge through mud', however, seems more closely related to
the zero-grade iterative *supp/bōn- 'to soak', q.v.). Also cf. Nw. dial. seven
adj. ‘wet, moist' <*safina- and Far. sevja, Nw. sevje f. 'sap' < *safjōn-.
-
*sagja- 1 m. 'man, hero' - ON seggr m. 'id.', Far. poet. seggur m. ‘id.', OE
secg m. 'id.' ⇒ *sokwH-ió- (IE) Lat. socius m. 'companion, comrade' <
*sokwH-io-, Skt. sákhāy- (nom. sákhā, dat. sákhye) m. 'friend, companion', Av.
haxi- 'friend, companion' < *sokwH-oi-.
The word continues an original ablauting i-stem nom. *sokwH-ōi, gen.
*sokwH-i-os to the root *sekw- 'to follow' (see *sehwan- 'to see'). In Germanic,
the labial element of the labiovelar was lost before the operation of Verner's
law.
*sagja-2 m. 'sedge' - OE secg m. 'id.', E sedge, EDu. segghe 'id.', Du. zegge c.
'id.' (IE?).
Possibly related to *sagō- 'saw' (assuming that the original meaning was
'sharp grass', cf. OE secg f. 'sword'). For a different interpretation, see
*sahaza-.
·
*sagjan- w.v. 'to say, recount' - ON segja w.v. 'id.', Far. siga w.v. ‘id.', Elfd.
saja w.v. 'id.', OE secgan w.v. 'id.', E to say, OFri. sedza, sidza w.v. 'id.', WFri.
sizze w.v. 'id.', OS seggian w.v. 'id.', Du. zeggen w.v. 'id.', OHG sagen w.v. 'id.',
G sagen w.v. 'id.' (< *sagēn-) ⇒ *sokw-éie- (EUR) - Identical to Lith. sakýti,
Latv. sacît 'to say'; SCS sočiti 'to indicate', Ru. sočíť' (sočú) 'to look for, track
down, summon', SCr. sòčiti 'to establish the guilt of, reveal, find' < *sokw-éie-;
also cf. Gr. év(v) επw 'to say, recount, announce', Lat. insece 'to tell' (also cf.
inquam <*h₁en-skw-eh2-m), Olr. seichid 'to say', OW, MW hebu 'to say', Lith.
dial. sèkti (sekù) 'to tell' < *sekw-e-; ie-.
A Germanic/Balto-Slavic intensive formation derived from the PIE root
*sekw- 'to recount'. The labialization of *k"" was lost in front of *j when there
was an o in the root (cf. *hnaigjan- and *sagja- 1). See also *sagōn-."		
alignment30-sea-kroonen-flow	Kroonen2013	423	463	1	921	930	*soikw-í-	5a186824f44575307cdeb17e2ec8cded7a06632db1e9a42152d9e72cf6c5f4d1	"*saiwalō-
423
-
*saiwalō- f. 'soul' Go. saiwala f. ‘id.', OE sāwol, sawl m. ‘id.', E soul, OFri.
sēle f. 'id.', OS seola, siola f. 'id.', OHG sēula, sēla f. 'id.', G Seele f. 'id.' (GM).
A West Germanic word considered to be without etymology. According to
Schrijver 1997, it is of non-Indo-European origin. The word is formally and
semantically close to Lith. síela f. 'soul, heart', OCS sila f. 'strength, force,
miracle', Ru. síla f. 'strength, force', SCr. sïla f. 'id.' < *seh₁i-l-eh2-, but even if
related, Germanic still has a different suffix. Note that ON sál and OSw. siæl
were borrowed from OE sawl and OS seola respectively.
*saiwi- m. 'sea' - Go. saiws m. 'lake, swamp', ON sær, gen. sjóar m. 'sea',
Icel. sjór m. 'id.', Far. sjógvur m. ‘id.', Elfd. sju m. 'id.', OE sæ m. 'id.', E sea,
OFri. sē m. 'id.', OS sēu, sēo m. ‘id.', Du. zee c. ‘id.', OHG sē(o/u), gen. sēwes m.
'id.', G See m. 'lake', f. 'sea' ⇒ *soikw-í- (DRV).
An i-stem (NWGm. a-stem) probably derived from the root of *sihwan-
(q.v.). Semantically parallel is the derivation of OHG gi-sig m./n. ‘swamp,
pool' <*ga-siga- from *sīgan-, for which again see *sihwan-.
-
*sakan- s.v. 'to charge' - Go. sakan s.v. 'to dispute, reprimand', OS sakan
s.v. 'to rebuke', MDu. mis-saken w./s.v. 'to deny, reject', OHG sahhan s.v. 'to
argue, reprimand' *sh29-e- (IE) Olr. saigid 'to try to reach; to claim' <
*sh2g-ie-; MW haeddu 'to attempt' < *sag-i-eh2-ie-; Hitt. šāgāi- c. ‘omen' <
*seh29-oi- (whence šākije/azi ‘to give a sign, reveal'; Lat. sāgus adj. 'pro-
phetic, prescient' < *seh29-0-.
A strong verb related to *sakō- and *sōkjan- (q.v.). Its original meaning
was probably 'to charge', cf. Go. gasahts f. 'rebuke' < *ga-sahti- and Go.
un-sahtaba adv. 'without controversy' < *sahta-). This meaning later
changed into 'to make a case', cf. the semantically parallel Ru. sočíť (sočú)
'to look for, track down, summon', SCr. sòčiti 'to establish the guilt of, reveal,
find' under *sagjan-. On a deeper level, the etymological links with Lat.
sāgīre 'to perceive' and Hitt. šāgāi- 'omen' imply a primary sense 'to read a
sign or track', which through 'to follow, pursue' may have given the Ger-
manic meaning.
-
*sakk/gōn- w.v. 'to drop, sag' ME saggen 'id.', E to sag, Du. zakken w.v.
'id.', G sacken w.v. 'id.' *sok-néh₂- (GM).
An o-grade iterative, 3sg. *sakkōþi, 3pl. *sagunanþi < *sok-néh₂-ti,
*sok-nh2-énti, possibly related to *sinkwan- (q.v.). A zero-grade variant
*sukkōn- is supported by OHG suckōn (probably not sucken <*sukkjan-, pace
Riecke 1996: 190). No further etymology. The potentially related Nw.sagga
w.v. 'to walk slowly' together with the dialectal variants saga and sugga is
formally close, but the semantics as well as the probable connection with
Du. sukkelen 'to go slowly or clumsily' < *sukkōn- imply that this verb has a
different origin."		
alignment30-sea-kroonen-percolate	Kroonen2013	435	475	1	2370	2378	*sihwan-	026a469a4c6427a53a277e8b28f3db6317a97728229b48d1a169de41a0a1b7b2	"*seupan-
435
ceded Kluge's law. Also cf. the gerundive Go. ana-siuns, ON sýnn, OE ge-siene
'visible', MDu. sune 'clear, probable' < *seuni-.
*seupan- s.v. 'to boil, seethe' - ON sjóða s.v. 'id.', Far. sjóða s./w.v. 'id.', Elfd.
siuoða s.v. 'id.', OE seoðan s.v. 'id.', E to seethe, OFri. siātha s.v. 'id.', MDu.
sieden s.v. 'id.', Du. zieden w.v.(?) 'id.', OHG siodan s.v. 'id.', G sieden s.v. 'id.' →
*séut-e- (NEUR) — Lith. siausti (siaučiù) 'to play, rage', Ru. šutít' 'to play, joke
around' < *seut-ie-; Lith. siùsti (siuntù) 'to go crazy; to beat'.
-
A Germanic/Balto-Slavic isogloss, possibly an extension of the PIE root
*(H)seu- 'to burn', for which see *swipan-. Related to *saupa- 'broth' (q.v.)
and MHG suddern, Du. sudderen w.v. 'to simmer', the frequentative to an
otherwise lost formation *suþjan- <*sut-ie-.
-
*sīda- adj. 'long' ON síðr adj. 'long (e.g. of hair), hanging down', OE sīd adj.
'wide, broad, ample', OFri. side adj. 'low', MDu. side, sijt adj. 'broad, wide', Du.
zijd adj. 'id.', OHG sīto adv. 'loose' ⇒ *sh₁i-tó- (WEUR)
'length', MW hyt m./f., OBret. hit 'length' < *sh₁i-ti-.
-
Olr. sith-, OW hit
Possibly related to *sību- 'late', which appears to be formed to an
i-present to the root *sehr- 'long, lasting'; *sīda- may then continue the orig-
inal ptc. of this verb. The formation ON síða, OE, OFri. side, OS sīda, Du.
zij(de), OHG sita, G Seite f. 'side' < *sīdōn- was derived from the adjective
through a meaning 'broad surface'.
-
*sidu- m. 'custom' Go. sidus m. 'id.', ON siðr m. ‘id.', Far. siður m. ‘id.', Elfd.
sið m. 'id.', OE sidu, seodu m. 'id.', OFri. side m./f. 'id.', OS sidu m. 'id.', Du. zede
c. 'id.', OHG situ m. 'id.', G Sitte m. 'id.' (IE).
No existing etymology. The word has been compared to Gr. 90s n. 'cus-
tom, usage' < *sued-es- and Skt. svadhá- f. 'id.' < *sued-eh₂- (cf. Pokorny
IEW: 882-4), but even if the first u was somehow lost (e.g. by dissimilation),
the resulting *sedu- would still have developed into ON **sjoðr with regular
breaking of -e- to -jo- (Bjorvand/Lindeman 2000: 765-6). If Bjorvand and
Lindeman are right, and the meaning 'custom' indeed developed from
'band, bond' (l.c.), it is possible to compare Hitt. išḥai ~ išḥiianzi ‘to bind, to
wrap; to obligate with, to impose upon', for which see *saila/ō-. I thus ten-
tatively reconstruct PGm. *sidu- as *sh₂i-tú- 'bond, rule, tradition'.
-
*sihwan- s.v. 'to percolate' - ON sía w.v. 'to filter, strain; to sip through the
beard', OE seon s.v. 'to strain, filter; to ooze, trickle', MDu. sien s.v. 'to filter;
to pour', OHG sīhan s.v. 'to filter, strain', G seihen w.v. 'id.' ⇒ *séik™-e- (IE) -
Skt. siñcáti 'to pour, pour out/upon, besprinkle', YAv. hiņcaiti 'to pour' <
*si-n-kw-é-; Gr. íкµás f. 'wetness, moisture, secretion' < *sikw-meh2- (but cf.
őμμα n. 'eye' < *hзekw-mn); SCS sьcati, Ru. scat' (scu) 'to piss' < *sikw-ehz-."		
alignment30-sea-kroonen-swamp	Kroonen2013	423	463	1	1089	1098	*ga-siga-	5a186824f44575307cdeb17e2ec8cded7a06632db1e9a42152d9e72cf6c5f4d1	"*saiwalō-
423
-
*saiwalō- f. 'soul' Go. saiwala f. ‘id.', OE sāwol, sawl m. ‘id.', E soul, OFri.
sēle f. 'id.', OS seola, siola f. 'id.', OHG sēula, sēla f. 'id.', G Seele f. 'id.' (GM).
A West Germanic word considered to be without etymology. According to
Schrijver 1997, it is of non-Indo-European origin. The word is formally and
semantically close to Lith. síela f. 'soul, heart', OCS sila f. 'strength, force,
miracle', Ru. síla f. 'strength, force', SCr. sïla f. 'id.' < *seh₁i-l-eh2-, but even if
related, Germanic still has a different suffix. Note that ON sál and OSw. siæl
were borrowed from OE sawl and OS seola respectively.
*saiwi- m. 'sea' - Go. saiws m. 'lake, swamp', ON sær, gen. sjóar m. 'sea',
Icel. sjór m. 'id.', Far. sjógvur m. ‘id.', Elfd. sju m. 'id.', OE sæ m. 'id.', E sea,
OFri. sē m. 'id.', OS sēu, sēo m. ‘id.', Du. zee c. ‘id.', OHG sē(o/u), gen. sēwes m.
'id.', G See m. 'lake', f. 'sea' ⇒ *soikw-í- (DRV).
An i-stem (NWGm. a-stem) probably derived from the root of *sihwan-
(q.v.). Semantically parallel is the derivation of OHG gi-sig m./n. ‘swamp,
pool' <*ga-siga- from *sīgan-, for which again see *sihwan-.
-
*sakan- s.v. 'to charge' - Go. sakan s.v. 'to dispute, reprimand', OS sakan
s.v. 'to rebuke', MDu. mis-saken w./s.v. 'to deny, reject', OHG sahhan s.v. 'to
argue, reprimand' *sh29-e- (IE) Olr. saigid 'to try to reach; to claim' <
*sh2g-ie-; MW haeddu 'to attempt' < *sag-i-eh2-ie-; Hitt. šāgāi- c. ‘omen' <
*seh29-oi- (whence šākije/azi ‘to give a sign, reveal'; Lat. sāgus adj. 'pro-
phetic, prescient' < *seh29-0-.
A strong verb related to *sakō- and *sōkjan- (q.v.). Its original meaning
was probably 'to charge', cf. Go. gasahts f. 'rebuke' < *ga-sahti- and Go.
un-sahtaba adv. 'without controversy' < *sahta-). This meaning later
changed into 'to make a case', cf. the semantically parallel Ru. sočíť (sočú)
'to look for, track down, summon', SCr. sòčiti 'to establish the guilt of, reveal,
find' under *sagjan-. On a deeper level, the etymological links with Lat.
sāgīre 'to perceive' and Hitt. šāgāi- 'omen' imply a primary sense 'to read a
sign or track', which through 'to follow, pursue' may have given the Ger-
manic meaning.
-
*sakk/gōn- w.v. 'to drop, sag' ME saggen 'id.', E to sag, Du. zakken w.v.
'id.', G sacken w.v. 'id.' *sok-néh₂- (GM).
An o-grade iterative, 3sg. *sakkōþi, 3pl. *sagunanþi < *sok-néh₂-ti,
*sok-nh2-énti, possibly related to *sinkwan- (q.v.). A zero-grade variant
*sukkōn- is supported by OHG suckōn (probably not sucken <*sukkjan-, pace
Riecke 1996: 190). No further etymology. The potentially related Nw.sagga
w.v. 'to walk slowly' together with the dialectal variants saga and sugga is
formally close, but the semantics as well as the probable connection with
Du. sukkelen 'to go slowly or clumsily' < *sukkōn- imply that this verb has a
different origin."		
alignment30-seam-kroonen-ancestry	Kroonen2013	427	467	1	2427	2437	*siouH-mo-	a0b860ee13832063512501e3d88c001467827bda66e2efad75ff21d5a460060a	"*sanba-
427
*sanpa- adj. 'true' - ON saðr, sannr adj. 'true; meet and proper; guilty', Far.
sannur adj. 'true; right', Elfd. sann adj. 'id.', OE sōð adj. 'id.', OS sōth adj. 'id.',
OHG sand adj. 'id.' *h₁s-ónt-o- (IE) - Hitt. ašant- 'true, real', Skt. sánt- 'be-
ing, real, good', Lat. sōns, sontis adj. 'guilty'.
⇒
An adjective continuing the participle of the IE verb 'to be', viz. *h₁s-ont-.
If we accept Lat. iēns, gen. euntis 'going' < *h₁i-(e)nt-s, *h₁i-ont-es as a model,
we may reconstruct the original paradigm of this participle as *h₁s-(e)nt-s,
gen. *h₁s-ont-(e/o)s. Germanic generalized the o-grade at an early stage,
however (cf. Go. -ands). The original meaning 'being' developed into 'true' in
Germanic, probably through an intermediate sense 'actual'. The meaning
'guilty' as found in Old Norse sannr at sok is secondary, too, but in view of
Lat. sōns must have developed at an early stage, possibly in a shared IE legal
context. Cf. ON sanna w.v. 'to affirm, prove', OE sōðian w.v. 'to prove', OFri.
sanna, senna w.v. 'to dispute' < *sanþōjan-. See also *sunja-.
*sarwa- m. 'armor, equipment'
Go. sarwa n. 'id.', OE searu, searo n. 'de-
vice, design, art', OHG saro n. 'armor' (GM?).
No certain etymology. The word has been compared to Gr. εlpw 'to join'
(cf. ŏpμos 'necklace') and Lat. serō 'to arrange, join' < *ser- (Pokorny IEW:
911), but it seems unsatisfactory to disconnect it from Lith. šárvas, OPru.
sarwis m. 'armor'. The correspondence of PGm. *s with Lith. š is irregular,
however, and may point to independent borrowing from an unknown third
language. Cf. also ON sørvi, gi-sarawi, MHG ge-serwe n. 'equipment' <
*(ga-)sarwja- and OE sierwan, OFri. sera, sara, MHG serwen w.v. 'to arm,
equip' < *sarwjan-.
*satjan- w.v. 'to put' Go. satjan w.v. ‘id.', ON setja w.v. 'id.', Far. seta w.v.
'id.', Elfd. settja s.v. 'id.', OE settan w.v. 'id.', E to set, OFri. setta w.v. 'id.', OS
settian w.v. 'id.', Du. zetten w.v. 'id.', OHG sezzen w.v. 'id.', G setzen w.v. 'id.'⇒
*sod-éie- (IE) YAv. ni-šāбaiiat 3sg.inj.caus. 'to remove', OP niya-šādayam
1sg.impf.caus. 'to set down; to establish', OCS saditi, Ru. sadíť' (sažú), SCr.
sáditi 'to plant, seat' < *sod-eie-.
-
The causative to *set(j)an- (q.v.).
-
*sauma-m. 'seam' ON saumr m. 'id.', Far. seymur m. 'id.', Elfd. sōm m. ‘id.',
OE sēam m. 'id.', E seam, OFri. sām m. 'id.', MDu. soom m. 'id.', Du. zoom c.
'id.', OHG soum m. 'id.', G Saum m. 'id.' ⇒ *siouH-mo- (DRV) Close to Skt.
syúman- n. 'band, thong, bridle', Gr. ùunv, -évos m. 'film, membrane, sinew' <
*siuH-men-.
A mo-stem created to the root of *siujan- (q.v.): apparently, the Pre-Gm.
form *siouH-mo- lost its i, for which see *seuda-. Also cf. ON seyma, Far.
soyma, Elfd.sōma, G säumen 'to sow, seam' < *saumjan-."		
alignment30-seam-kroonen-verb	Kroonen2013	427	467	1	2742	2751	*saumjan-	a0b860ee13832063512501e3d88c001467827bda66e2efad75ff21d5a460060a	"*sanba-
427
*sanpa- adj. 'true' - ON saðr, sannr adj. 'true; meet and proper; guilty', Far.
sannur adj. 'true; right', Elfd. sann adj. 'id.', OE sōð adj. 'id.', OS sōth adj. 'id.',
OHG sand adj. 'id.' *h₁s-ónt-o- (IE) - Hitt. ašant- 'true, real', Skt. sánt- 'be-
ing, real, good', Lat. sōns, sontis adj. 'guilty'.
⇒
An adjective continuing the participle of the IE verb 'to be', viz. *h₁s-ont-.
If we accept Lat. iēns, gen. euntis 'going' < *h₁i-(e)nt-s, *h₁i-ont-es as a model,
we may reconstruct the original paradigm of this participle as *h₁s-(e)nt-s,
gen. *h₁s-ont-(e/o)s. Germanic generalized the o-grade at an early stage,
however (cf. Go. -ands). The original meaning 'being' developed into 'true' in
Germanic, probably through an intermediate sense 'actual'. The meaning
'guilty' as found in Old Norse sannr at sok is secondary, too, but in view of
Lat. sōns must have developed at an early stage, possibly in a shared IE legal
context. Cf. ON sanna w.v. 'to affirm, prove', OE sōðian w.v. 'to prove', OFri.
sanna, senna w.v. 'to dispute' < *sanþōjan-. See also *sunja-.
*sarwa- m. 'armor, equipment'
Go. sarwa n. 'id.', OE searu, searo n. 'de-
vice, design, art', OHG saro n. 'armor' (GM?).
No certain etymology. The word has been compared to Gr. εlpw 'to join'
(cf. ŏpμos 'necklace') and Lat. serō 'to arrange, join' < *ser- (Pokorny IEW:
911), but it seems unsatisfactory to disconnect it from Lith. šárvas, OPru.
sarwis m. 'armor'. The correspondence of PGm. *s with Lith. š is irregular,
however, and may point to independent borrowing from an unknown third
language. Cf. also ON sørvi, gi-sarawi, MHG ge-serwe n. 'equipment' <
*(ga-)sarwja- and OE sierwan, OFri. sera, sara, MHG serwen w.v. 'to arm,
equip' < *sarwjan-.
*satjan- w.v. 'to put' Go. satjan w.v. ‘id.', ON setja w.v. 'id.', Far. seta w.v.
'id.', Elfd. settja s.v. 'id.', OE settan w.v. 'id.', E to set, OFri. setta w.v. 'id.', OS
settian w.v. 'id.', Du. zetten w.v. 'id.', OHG sezzen w.v. 'id.', G setzen w.v. 'id.'⇒
*sod-éie- (IE) YAv. ni-šāбaiiat 3sg.inj.caus. 'to remove', OP niya-šādayam
1sg.impf.caus. 'to set down; to establish', OCS saditi, Ru. sadíť' (sažú), SCr.
sáditi 'to plant, seat' < *sod-eie-.
-
The causative to *set(j)an- (q.v.).
-
*sauma-m. 'seam' ON saumr m. 'id.', Far. seymur m. 'id.', Elfd. sōm m. ‘id.',
OE sēam m. 'id.', E seam, OFri. sām m. 'id.', MDu. soom m. 'id.', Du. zoom c.
'id.', OHG soum m. 'id.', G Saum m. 'id.' ⇒ *siouH-mo- (DRV) Close to Skt.
syúman- n. 'band, thong, bridle', Gr. ùunv, -évos m. 'film, membrane, sinew' <
*siuH-men-.
A mo-stem created to the root of *siujan- (q.v.): apparently, the Pre-Gm.
form *siouH-mo- lost its i, for which see *seuda-. Also cf. ON seyma, Far.
soyma, Elfd.sōma, G säumen 'to sow, seam' < *saumjan-."		
alignment30-seam-kroonen-sew	Kroonen2013	437	477	1	2315	2323	*siujan-	f6b075921d8bf9e39ac7f9a3cb87eb2684dc812ed7eab5a4e70fc3f14dbde913	"*singwan-
437
A possessive pronoun derived from the PIE reflexive base *se-, cf. Go. dat.
sis, acc. sik, ON sér, sik, OS sik, OHG sih < *siz, *sike 'himself, herself. See also
*mina- and *pina-.
*singwan- s.v. 'to sing' - Go. siggwan s.v. 'id.', ON syngva, syngja s.v. 'id.',
Far. syngja s.v. 'id.', OSw. siunga s.v. 'id.', Elfd. singga s.v. 'id.', OE singan s.v.
'id.', E to sing, OFri. siunga, sionga s.v. 'id.', WFri. sjonge s.v. 'id.', OS singan
s.v. 'id.', ODu. singon s.v. 'id.', Du. zingen s.v. 'id.', OHG singan s.v. 'id.', G
singen s.v. 'id.' ⇒ *séngwh-e- (IE) — Gr. óµчń f. 'divine voice or revelation,
oracle, emblem' < *songwh-eh₂-.
-
A Germanic-Greek isogloss pointing to a PIE root *sengwh-. As to the NGm.
forms, note ON syngva with West Norse w-mutation and OSw. siunga with
East Norse w-breaking. See also *sangwa-.
-
*sinkwan- s.v. 'to sink' Go. sigqan s.v. 'id.', ON søkkva s.v. 'id.', Far. søkka
s.v. 'id.', OSw. siunka s.v. 'id.', Elfd. sikka s.v. 'id.', OE sincan s.v. 'id.', E to sink,
OS sinkan s.v. ‘id.', Du. zinken s.v. 'id.', OHG sincan s.v. 'id.', G sinken s.v. ‘id.'⇒
*si-n-k-nu- (GM).
A strong verb of uncertain origin. In view of the iterative *sakk/gōn-
(q.v.), it is likely that the n of the root is infixal. Did the root-final labiovelar
arise from *-k-nú- under Kluge's law? See also *sihwan-.
*sinnan- s.v. 'to head for; to long for'
-
-
MDu. sinnen w.v. 'to think, contem-
plate', Du. zinnen s.v. 'to consider', OHG sinnan s.v. 'id.', G sinnen s.v. 'to con-
template' *sént-ne- (EUR) — Lat. sentiō, -īre 'to sense, feel' < *snt-ie-; Olr.
sét m. 'path', MW hint, hynt f. 'id.' < *sent-u-; Lith. sintéti 'to think' <
*snt-eh1-ie-; CS sęšto adj. 'sensible, wise' < *snt-io-.
A nasal present to the root *sent- 'to feel'. Cf. Go. sinps m./n. 'time', ON
sinn n. 'id.', OS sith m. 'way, direction', OE sīð m. 'journey, road, turn', OHG
sint m. 'road, journey' < *sinpa-. See also *sandjan-.
*sību- adj. 'late' - Go. seipus adj. 'id.', ON síðr comp. 'id.', Far. síður comp.
'id.', MDu. side adj. 'id.', OHG sid comp. 'id.' (< *sīp-iz) ⇒ *sh₁-éi-tu- (WEUR) —
Lat. sērus adj. 'belated, slow', Olr. sír adj. 'lasting, eternal', W hir adj. 'long' <
*seh1-ro-.
Also cf. Go. pana seips, ON síðan, OE sippan 'from that time' < *sīþ(iz) þanō.
The word may be related to *sīda- 'long' (q.v.).
*siujan- w.v. 'to sew' - Go. siujan w.v. 'id.', ON sýja w.v. 'id.', OE seowian,
siwian w.v. 'id.', E to sew, OFri. siā w.v. ‘id.', MLG suwen w.v. 'id.', OHG siuwen
w.v. 'id.' ⇒ *siHu-ie- (IE) — Skt. sívyati, ptc. syūtá- (cf. Oss. (D) xud 'sewn up')
'to sew', Lat. suere, ptc. sūtum 'id.', Lith. siúti, Latv. šūt, SCr. šiti 'id.' <
*siHu-ie-, ptc. *siuH-tó-."		
alignment30-seam-orel-sew	Orel2003	329	368	1	1607	1616	*siwjanan	65aebf0503082b0d63713e2a7c4f91f7f3dc548c72acf5752f75b607befc675d	"silubran
PBB XLIX 71 (via Thracian); MIKKOLA
BuS 41 (to Gk oídŋpos ‘iron'); TORP-FALK
441; HOLTHAUSEN AEEW 295; FEIST 421-
422; PORZIG Gliederung 143; FRAENKEL
780-781; VRIES ANEW 475; ZALIZNIAK I
143; ONIONS 827; BENVENISTE IEL 48,
154-155; STANG LS 47; TOVAR IEur.
271-272 (to Basque zillar, zidar, zirar
'silver'); VASMER-TRUBACHEV III 606;
TRUBACHEV VJa 1985/5 5-6 (from resid-
ual Indo-Aryan in Eastern Europe);
GAMKRELIDZE-IVANOV 713 (from Kartve-
lian); LEHMANN GED 303-304; KLUGE-
SEEBOLD 763.
*silubra-smiþaz sb.m.: ON silfr-smiðr
'silver-smith', OE seolfor-smið id., MDu sil-
ver-smit id., OHG silabar-smid id. Com-
pound of *silubran and *smiþaz. CARR
Nom. comp. 78 (parallel formations).
*silubrīnaz adj.: Goth silubreins ‘of silver',
OE seolfren id., OFris selvirn id., OS silu-
brin id., OHG silberin id. Derived from
*silubran. HOLTHAUSEN AEEW 292;
FEIST 421; LEHMANN GED 303–304.
*sin(a)wō sb.f.: ON sin 'sinew', OE seonu
id., OFris sine, sini, sin id., OS sinewa id.,
OHG senawa id. Related to Av hinu-
‘'band, chain, manacle', OIr sin, sin
'chain', Latv pa-sainis 'string'. BARTHO-
LOMAE 1814; TORP-FALK 428 (to Skt
snávan- ""sinew'); HOLTHAUSEN AEEW 295;
POKORNY I 892; VRIES ANEW 476;
ZALIZNIAK II 180; ONIONS 828; BAM-
MESBERGER Nom. 118; KLUGE-SEEBOLD
754.
*sinēnan
~
*sinōjanan wk.vb.: Swed-
Norw dial. sina 'to cease, to be ex-
hausted', MHG senen 'to yearn'. Related
to *sainiz. Particularly close to Lat sinō 'to
leave'. KARSTEN MSN III 412; WALDE-
HOFMANN II 545-546; POKORNY I
890-891; LEHMANN GED 291.
*siwilō(n) sb.f.: Norw syl 'awl', MLG
suwele id., MHG siule id. Derived from
*siwjanan. TORP-FALK 442.
*siwjanan wk.vb.: Goth siujan 'to sew',
ON sýja 'to sew, to tie the planks of
a ship together', OE seówan, seowian 'to
sew', OFris sa id., OS siuwian id., OHG
329
~
sixwanan
siuwen id. Related to Skt sivyati 'to sew, to
join', Osset xuyun xuin 'to sew', Lat suō
id., Lith siuvu, siúti id., Slav *šiti id.
PERSSON Beiträge 854; TORP-FALK 441;
TRAUTMANN BSW 261–263; HOLTHAUSEN
AEEW 296; WALDE-HOFMANN II 631-
632; FEIST 425; MAYRHOFER III 477–478;
POKORNY I 915-916; FRAENKEL 789-790;
VRIES ANEW 572; ONIONS 814; VASMER-
TRUBACHEV IV 443–444; LEHMANN GED
306-307; KLUGE-SEEBOLD 706-707.
*sī pron.: Goth si 'she', OFris se id., OS siu
id., OHG siu, sī id. Related to Skt encl.
part. sim, Av acc. hīm 'him' (WACKER-
NAGEL KZ XXIV 605–606), Gk "" id., OIr
sí id., Lith -si id. (SCHMIDT KZ XXXVI
395–396). AHRENS KZ VIII 344 (on Gk
""); BRUGMANN Grundriß II/2 321; Bartho-
LOMAE 1814; FEIST 416; MAYRHOFER III
475, 551; PokoRNY I 978-9979; FRISK I
702; LEHMANN GED 300; KLUGE-SEEBOLD
761-762; BOUTKAN OFED s.v.
*sīđaz adj.: ON síðr long, hanging', OE
síd ‘wide, broad, ample', OFris adv. sīde
'deep', MLG sit, sīde ‘low, quiet', OHG
adv. sito 'slack, loose'. Related to Lat
sētius 'late', sērus id., OIr sír long (of
time)'. TORP-FALK 439; HOLTHAUSEN
AEEW 292; WALDE-HOFMANN II 526-
527; POKORNY I 891; VRIES ANEW 473;
ONIONS 825; HEIDERMANNS 475-476;
KLUGE-SEEBOLD 756.
*sidōn sb.f.: ON síða 'side', OE side id.,
OFris side id., OHG sīta id. Derived from
*sidaz. TORP-FALK 439; HOLTHAUSEN
AEEW 292; POKORNY I 891; VRIES ANEW
472; ZALIZNIAK I 156; ONIONS 825;
HEIDERMANNS 475; KLUGE-SEEBOLD 756.
*sī3(w)anan str.vb.: ON síga 'to sink
down, to slide', OE sizan 'to sink, to
decline, to fall', OFris pres. sīga id., OS
pret. sg. sēg id., OHG sīgan id. A variant
of *sixwanan. WOOD MLN XVIII 14 (Gk
iкw 'to come'); TORP-FALK 439; HOLT-
HAUSEN AEEW 293; JÓHANNESSON IEW
772–773; POKORNY I 893; VRIES ANEW
473; SEEBOLD 388-389 (against TORP-
FALK); KLUGE-SEEBOLD 755.
*sixwanan str.vb.: ON sía 'to filter' (orig-"		
alignment30-seek-kroonen-base	Kroonen2013	464	504	1	1549	1556	*sakan-	b1df8a080917d877a55763f05a6ced9082f867485fe8958c1235436d23425d84	"464
*sōkjan-
xvang n. 'id.', YAv. huuarǝ, gen. hū, hūrō n. 'id.', NP xwr 'id.', Oss. xur | xor 'id.',
Gr. λos, Dor. άέλios m. 'id.', Lat. sōl, sōlis m. ‘id.', Olr. súil f. 'eye', W haul
m./f. 'sun', Lith. sáulė f. 'id.', OCS slönьcе, Ru. sólnce, SCr. sûnce n. 'id.'.
The IE word for 'sun', i.e. an old heteroclitic noun originally inflected as
nom. *séh₂u-el, gen. *sh₂-én-s / *sh₂u-n-ós. The heteroclisy was preserved by
Germanic, and probably even remained intact in Gothic, cf. nom. sauil, dat.
sunnin. The oblique cases are based on the genitive *sh₂u-n-ós, which
through *sūnós would have given PGm. *sunaz under Dybo's law. The re-
sulting root *sun- was replaced by *sunn- probably on the basis of other
n-stem paradigms, which had morphological gemination in the genitive.
Note that the PGm. nominative *sõel developed from *sōwel by regular loss
of the labial glide after *ō in open syllables. See also *sunpera-.
*sōkjan- w.v. 'to seek, find, demand' - Go. sokjan w.v. 'to quest, search,
request', ON sækja w.v. 'to fetch; to seek', Far. søkja w.v. 'to look, search for,
fetch; to visit, ravage; to seek, obtain; poet. to accuse, charge; to sue, sum-
mon', Elfd. syōtja w.v. 'to look', OE sēcan w.v. 'to try to find, look for', OFri.
sēka w.v. 'to try to find, visit; to charge, attack', OS sōkian w.v. 'to try to find;
to claim', Du. zoeken w.v. 'to try to find', OHG suohhen w.v. 'to try to find,
request', G suchen w.v. 'id.' ⇒ *seh₂g-ie- (IE) — Gr. уεoμα 'to direct, lead',
Lat. sāgīre 'to perceive' < *seh2g-(e)ie-.
A verb related to *sakan- (q.v.). It synchronically resembles a causative,
but the e-grades of the Greek and Latin cognates as well as the
non-causative meaning make such a formation unlikely.
-
-
*spadan- m. 'spade' ON spaði m. 'id.', Far. spaði, spaki m. 'id.', Elfd. spaði
m. 'id.', OE spadu f. ‘id.' (< *spadō-), E spade, OFri. spada m. 'id.', OS spado m.
'id.', Du. spade c. 'spade', G Spaten m. 'id.'⇒ *sph₂-dh-on- (IE) — Gr. σnáðŋ f.
'tool of a weaver for striking home the threads of the woof, blade (of a
sword, oar), spatula, flat rib (shoulder blade?)'; Skt. sphyά- m. 'shoul-
der-blade' <*sph₂-i-o-.
A Germanic-Greek formation. The word seems to have come about as a
compound of the roots *speh2- (cf. Gr. σлάw 'to draw, (e.g. a sword), to pull;
to suck in, slurp down') and *dhh₁- 'to put'.
*spaikuldra/ō- n./f. 'saliva' - Go. spaiskuldr n. 'id.' (miswritten for
*spaikuldr?), OS spēkaldra f. 'id.', MDu. speikeltre f., spekelter m. ‘id.', OHG
speihhaltra f. 'id.', MHG speicholter f. 'id.' (DRV).
A derivative of an obscure verb *spaik(w)an-, cf. Du. dial. speken 'to spit'
(whence Du. speek-sel n. 'saliva' and MLG spēke f. ‘id.'), which developed
from *spóiHu-e- by regular velarization of the laryngeal (cf. *taikwer-). The
derivation of the suffix *-uldra/ō- is uncertain, but the formation
*spaikuldra may have been derived from a verb *spaikuljan- (cf. MDu."		
alignment30-seek-fulk-infinitive	Fulk2018	64	81	1	1332	1342	"*sōkijana"""	3b4d7a1b07d5c8134717499983fae30c962334f24bbc72ff1b172b074dbdab4e	"64
A Comparative Grammar of the Early Germanic Languages
æ e: PGmc. *bariz
*bæri bere ‘barley' (cf. Go. barizeins 'made of
barley'); PGmc. *satjana""> settan 'set' (cf. Go. satjan).
a æ: The vowel a did not normally occur in a position where it would be
subject to umlaut, having always been fronted to æ in the relevant environments
(§4.12), but a could be restored on an analogical basis and then umlauted. Examples:
PGmc. *farip(i) > *færiþ, reformed as *farip (cf. inf. faran) > færð (cf. Go. farip);
PGmc. *sakja"" (acc. sg.) > *sækkja, reformed as *sakkja (cf. OE sacu ‘strife') > sæcc
'strife'.
ā (from ai) > æ: PGmc. *dailiz > *dāli > dæl 'portion' (cf. Go. dáils); PGmc.
*laizijana""> *lārjan læran 'teach' (cf. Go. láisjan).
o > e (Anglian æ, spelt (oe), or e): The vowel o did not normally occur in a
position where it would be subject to umlaut, since PGmc. u was not lowered to o when
Ĕ or j appeared in the next syllable (§4.3). It might be introduced analogically, however,
or it might undergo umlaut in a loanword. Examples: PGmc. *murzinaz reformed as
*morzinaz (on the basis of the alternative stem *morzan-, as in OHG morgan) > mergen
(cf. Olcel. myrginn, morginn); OE ele ‘oil' (Northumbrian ole) from Lat. oleum.
ō > ē (Anglian &, spelt (oe)): PGmc. *bōkiz > bēc ‘books' (Anglian bac; cf.
bōcere 'scholar'); PGmc. *sōkijana""> sēcan ‘seek' (cf. Go. sōkjan). The same develop-
ment affects ō derived from ā"" (§§4.1, 4.11, 4.12): *wēniz *wā""niz > *wōni > wēn
'expectation' (Anglian wan); *zansiz> *3ā""si > gēs ‘geese' (Anglian gos).
u > y (Kentish e): PGmc. *muniz > myne 'mind' (cf. Go. muns); PGmc.
*buzjana""> bycgan 'buy' (cf. Go. bugjan).
ū > ỹ (Kentish ē): PGmc. *fūliþō > fylð ‘filth' (Kentish fēlþ; cf. fūl ‘foul');
PGmc. *brūki(j)iþ(i) > brýcð ‘enjoys' (cf. Go. brūkeip).
ea (breaking of æ, §4.13) > ie (non-WS e): PGmc. *xalðiþ(i) > hielt ‘holds' (cf.
inf. healdan); PGmc. *balþijana"" > bieldan ‘embolden' (cf. beald 'bold', and see §6.17
on *-lb->-ld-). The same development is seen in the WS palatal diphthongization of æ
(§4.13), e.g. giest ‘guest' < *3easti < *zæsti < *3astiz and be-sciered 'deprived' <
*-scearid < *-scarid < *-skariðaz.
ēa (from au) > ie (non-WS ē): PGmc. *lauziz > līeg ‘flame' (Anglian lēg; cf.
Go. lauhmuni 'lightning'); PGmc. *bauzijana"" > biegan 'bend' (Anglian bēgan; cf.
beag ‘ring'). In EWS nīehst(a) < *nēahist- < *næhist- is seen the same development of
the breaking of a (§4.13).
ĕo > to (> ĕo, but Northumbrian to): The diphthongs eo and eo should not have
occurred before i or j in the next syllable (§4.4), but they could be introduced into the
environment for umlaut on an analogical basis. The plainest evidence of this is words in
which EWS ie might be expected but is not found, e.g. geþēode (also EWS gepiode)
‘language' <*-þēodī for earlier *-þiuðī, by analogy to *þēodō > þēod 'people'; see also
n. 14 and A. Campbell 1977: §202.
io (breaking of i)> ie (Northumbrian io, Mercian, Kentish eo): PGmc. *irzijaz>
*iorrī ierre 'angry' (Northumbrian iorre, Mercian eorre; cf. OS irri); 14 EWS gesieho
'sees' (Kentish -sioho) <*sioxiþ < *sixwiþ(i).
iu (from PGmc. iu, §4.4) > ie (non-WS ē): PGmc. *kiusiþ(i) > ciest 'chooses'
(cf. inf. Go. kiusan); PGmc. *liuxtijana""> līehtan 'illuminate' (cf. Go. liuhtjan).
Front umlaut could also occur when i/j appeared in the third syllable of words
with initial stress, e.g. æmyrge, æmerge ‘embers' *āmyrjæ < *aimurjō"" (cf. OHG
eimuria): see A. Campbell 1977: §203."		
alignment30-seek-fulk-finite	Fulk2018	63	80	1	1765	1778	*sōki(j)iz(i)	5bca952797cf51af6d6e206a7dc95346b4f0e34adb5df424b8b376931007e52f	"$4.7 Front mutation 63
umlauted vowel, its fronting no longer conditioned, reverted. 10 Alternatively, and intri-
guingly, Liberman (2001: 88) suggests that the failure of umlaut after light stems is
related to their different syllabification under Prokosch's law (§2.5; see also Kylstra
1983, Kleiner 1999a), an idea pursued at greater length in Schulte 2004.11 Since verbs
of the first weak class are usually derived from other parts of speech, Kiparsky (2006)
argues that analogy to related forms induced reversion in preterites like talði ‘told'
beside the noun tal 'talk'. More persuasive is the explanation of Iverson & Salmons
(2012: 115) that after the earlier syncope, the preterite suffix in heavy stems was no
longer *-ið- but *--, and this was extended to the light stems. Yet this account, too,
leaves some questions unanswered. 12 To date, no consensual view of these matters has
emerged, and this remains a topic that invites further investigation.
Note that i from earlier ē developed too late to cause umlaut, e.g. faðir ‘father' <
*faðēr. The specific results of i/j-umlaut in ON are these:
a > e: PGmc. *sandi (j)iz(i) > sendir 'send' (2 sg.; cf. Go. sandeis); PGmc.
*satjana""> setja 'set' (cf. Go. satjan).
ā (from PGmc. ē, and ā"") > æ (i.e., /æ:/): PNorse 2 sg. *lātir > lætr ‘let' (cf. inf.
láta); PNorse *ājan > æja ‘bait (a horse)' (cf. pret. áði); PGmc. 2 sg. pres. *fā""xiz> fær
'get'.
o > ø: As o is to be derived from u by lowering before a non-high vowel in the
next syllable, a lowering prevented by j (§4.3), o was not commonly in a position to
undergo umlaut. It might be introduced analogically into the relevant position, however,
as in nom. pl. dotr ‘daughters' <*døhtr < PNorse *doxtrir (cf. Runic dohtrir).
ō> œ (i.e., ē): PGmc. *sōki(j)iz(i) > sækir ‘seek' (2 sg.; cf. Go. sōkeis); PGmc.
*dōmijana""> doma ‘judge' (cf. Go. dōmjan).
u > y: PGmc. *spurjana""> spyrja ‘track' (cf. spor ‘footprint' < *spura""); PGmc.
*brunjō> brynja 'coat of mail' (cf. Go. brunjō).
u ý: PGmc. *mūsiz > mýss 'mice' (cf. sg. mús); PGmc. *funsijana"" > fýsa
'urge' (cf. fúss 'willing').
au ey: PGmc. *xlaupiz(i) > hleypr ‘leap' (2 sg.; cf. inf. hlaupa); PGmc.
*xauzijana""> heyra ‘hear' (cf. Go. háusjan).
iu ý: PGmc. *briutiz(i)> brýtr 'break' (2 sg.; cf. inf. brjóta); PGmc. *þiujōz>
þýjar 'bondwomen' (nom. pl.; cf. Go. þiujōs).
A similar but somewhat later change, though still pre-literary, is the so-called R-
umlaut. R was apparently a palatal consonant (§6.14), and it mutated an immediately
preceding back vowel or diphthong, as in gler 'glass' < *glar, kýr ‘cow' < *kūr, eyra
'ear' <*aurōn, hlýr 'cheek' < *hleura"" (OE hlēor), and fem. pl. þær 'they' <*þār.
This change is often connected with the so-called ir-umlaut, which, unlike the older i/j-
umlaut, regularly affect vowels in light syllables, e.g. kømr ‘comes' < *komir and ferr
'goes' <*farir. The likeliest explanation of iR-umlaut, however, in accordance with the
analysis of i/j-umlaut offered above, is that palatal R prevented the lowering of i to e,
and thus this is simply another variety of i-umlaut. Comparable is the later change
(palatal mutation) of a to e before gi or ki in which i has developed from earlier e or æ
due to the palatal consonant, as in tekinn ‘taken' (inf. taka) and genginn ‘gone' (inf.
ganga).
Old English. Even though, among the Gmc. languages, umlaut occurred first,
perhaps, in OE (so, e.g., Hirt 1931–4: I, §33.2), it took place relatively late in the series
of vowel changes characteristic of that language, such as fronting of a and breaking
(§§4.12-13).13 The results in EWS are these:"		
alignment30-seek-fulk-past	Fulk2018	299	316	1	4124	4129	sōhte	c57121cc991076fe8238134039224539a680b9003c3fee40f48b8b4136771db9	"$12.36 Variation in the stem of weak class 1 299
1. The connecting vowel -i- has not yet been syncopated in older Runic preterites, e.g. faihido 'I wrote'
(Einang stone, 4th cent.).
2. An exception is the OHG 2 pl., which ought not to have a geminate; the stem has been made uniform in
the pl. But cf. Boutkan (1995b: 343), arguing for an inflection *-ete > -et, with retention of preceding j long
enough to cause gemination.
3. The nonsyllabic status of this j in OE is attested by the Mercian gloss on the Vespasian Psalter, wherein
spellings like hergan 'praise' (cf. class 2 lufian ‘love,' with syllabic i) are the norm. In poetry, too, the stem
nerg- prevails, though by the end of the OE period spellings like nerig- (also in OHG) are common.
4. The stem frew- originates in the preterite and pass. part., where there was no gemination, and the stem
frauw- originates in geminated forms of the present, where the development of aw in *-awwja- to the
diphthong au prevented any graphic representation of umlaut.
5. It is commonly stated in the handbooks that there is no umlaut in the pret. sj. of OHG verbs of this class:
so, e.g., Schatz 1927: 47, Braune 2004a: §361 Anm. 1. This is not the case: cf., e.g., in Otfrid's gospel book, 3
sg. legiti (IV, 35.13, 24), pl. legitin (III, 24.61; inf. leggen ‘lay'). Rather, umlaut fails in the pret. sj. of verbs
that lack the connector -i- in the preterite, e.g. branti 'burned', zalti ‘counted', and this is surprising because
the PGmc. inflections contained 7. The restoration of the unmutated vowel is usually explained as due to the
need to differentiate pres. and pret. stems: see Robinson 1980 for discussion and an account of alternative
views.
6. Since spellings like timberde are rare and late (Hogg & Fulk 2011: §6.96), -re- in timbrede probably does
not reflect an etmologically nonsyllabic sonorant consonant made syllabic, but instead *-ri-, as in OS.
12.37 Verbs without *-i- in the preterite
All the Gmc. languages show some verbs of weak class 1 that lack any trace of original
*-i- in the preterite and pass. participle. Examples are Go. bugjan 'buy' and þagkjan
'think', prets. baúhta, þāhta < *buxta, *þaŋxta < *bu3-t-, *þaŋk-t- (§§4.1, 4.5), the last
two forms with -t- unshifted by Grimm's law (§6.5).¹ In Gothic the type is limited to
verbs with stems ending in a velar consonant: in addition to bugjan and þagkjan, the
relevant verbs are bringan ‘bring' (strong pres., weak pret.), brūkjan ‘use', þugkjan
'seem', and waúrkjan 'make' (prets. brāhta, brūhta, þūhta, waúrhta).² But not all Go.
verbs ending in a velar consonant are formed this way: cf. lagjan 'lay', dragkjan 'give
to drink', and many others with -i- in the preterite. OIcel. sækja ‘seek', yrkja ‘make',
þekkja 'recognize', and þykkja ‘seem' are of this type, with prets. sótti, orti, þátti, þótti
(§6.14; cf. Runic worahto on the Tune Stone, ca. 400); whether there were any original
light-stemmed verbs of this type in NGmc. is impossible to say, since light stems.
normally lack both -i- and umlaut in the preterite. West Germanic shows a wider variety
of verbs of this type. Additions to the class include dental stems (on which see below),
as well as OHG stems ending in affricates in the present but in (underlyingly geminate)
fricatives in the preterite, though all these may or may not have umlaut in the pret.
(§12.36). Yet WGmc. also shows this feature in some originally light stems ending in l,
and these always lack umlaut in the preterite, so that it is not plain whether such verbs
are all WGmc. additions or whether some arose earlier. 3,4 Old English (as well as OHG)
has a significant number of verbs of this sort with stems ending in a velar consonant (for
a list, see Hogg & Fulk 2011: §6.100) for which no evidence of formation without *-i-
is to be found in any of the few North and East Gmc. cognates, and in at least one
instance such a cognate offers counterevidence: to OIcel. rækja ‘heed', pret. rækti cf.
OE recc(e)an, rōhte. That the OE form could be more original, however, is a possibility
suggested by the agreement of OIcel. sækja, sótti with OE sēcean, sōhte, as against Go.
sōkjan, sōkida."		
alignment30-send-kroonen-base	Kroonen2013	437	477	1	1330	1338	*sinnan-	f6b075921d8bf9e39ac7f9a3cb87eb2684dc812ed7eab5a4e70fc3f14dbde913	"*singwan-
437
A possessive pronoun derived from the PIE reflexive base *se-, cf. Go. dat.
sis, acc. sik, ON sér, sik, OS sik, OHG sih < *siz, *sike 'himself, herself. See also
*mina- and *pina-.
*singwan- s.v. 'to sing' - Go. siggwan s.v. 'id.', ON syngva, syngja s.v. 'id.',
Far. syngja s.v. 'id.', OSw. siunga s.v. 'id.', Elfd. singga s.v. 'id.', OE singan s.v.
'id.', E to sing, OFri. siunga, sionga s.v. 'id.', WFri. sjonge s.v. 'id.', OS singan
s.v. 'id.', ODu. singon s.v. 'id.', Du. zingen s.v. 'id.', OHG singan s.v. 'id.', G
singen s.v. 'id.' ⇒ *séngwh-e- (IE) — Gr. óµчń f. 'divine voice or revelation,
oracle, emblem' < *songwh-eh₂-.
-
A Germanic-Greek isogloss pointing to a PIE root *sengwh-. As to the NGm.
forms, note ON syngva with West Norse w-mutation and OSw. siunga with
East Norse w-breaking. See also *sangwa-.
-
*sinkwan- s.v. 'to sink' Go. sigqan s.v. 'id.', ON søkkva s.v. 'id.', Far. søkka
s.v. 'id.', OSw. siunka s.v. 'id.', Elfd. sikka s.v. 'id.', OE sincan s.v. 'id.', E to sink,
OS sinkan s.v. ‘id.', Du. zinken s.v. 'id.', OHG sincan s.v. 'id.', G sinken s.v. ‘id.'⇒
*si-n-k-nu- (GM).
A strong verb of uncertain origin. In view of the iterative *sakk/gōn-
(q.v.), it is likely that the n of the root is infixal. Did the root-final labiovelar
arise from *-k-nú- under Kluge's law? See also *sihwan-.
*sinnan- s.v. 'to head for; to long for'
-
-
MDu. sinnen w.v. 'to think, contem-
plate', Du. zinnen s.v. 'to consider', OHG sinnan s.v. 'id.', G sinnen s.v. 'to con-
template' *sént-ne- (EUR) — Lat. sentiō, -īre 'to sense, feel' < *snt-ie-; Olr.
sét m. 'path', MW hint, hynt f. 'id.' < *sent-u-; Lith. sintéti 'to think' <
*snt-eh1-ie-; CS sęšto adj. 'sensible, wise' < *snt-io-.
A nasal present to the root *sent- 'to feel'. Cf. Go. sinps m./n. 'time', ON
sinn n. 'id.', OS sith m. 'way, direction', OE sīð m. 'journey, road, turn', OHG
sint m. 'road, journey' < *sinpa-. See also *sandjan-.
*sību- adj. 'late' - Go. seipus adj. 'id.', ON síðr comp. 'id.', Far. síður comp.
'id.', MDu. side adj. 'id.', OHG sid comp. 'id.' (< *sīp-iz) ⇒ *sh₁-éi-tu- (WEUR) —
Lat. sērus adj. 'belated, slow', Olr. sír adj. 'lasting, eternal', W hir adj. 'long' <
*seh1-ro-.
Also cf. Go. pana seips, ON síðan, OE sippan 'from that time' < *sīþ(iz) þanō.
The word may be related to *sīda- 'long' (q.v.).
*siujan- w.v. 'to sew' - Go. siujan w.v. 'id.', ON sýja w.v. 'id.', OE seowian,
siwian w.v. 'id.', E to sew, OFri. siā w.v. ‘id.', MLG suwen w.v. 'id.', OHG siuwen
w.v. 'id.' ⇒ *siHu-ie- (IE) — Skt. sívyati, ptc. syūtá- (cf. Oss. (D) xud 'sewn up')
'to sew', Lat. suere, ptc. sūtum 'id.', Lith. siúti, Latv. šūt, SCr. šiti 'id.' <
*siHu-ie-, ptc. *siuH-tó-."		
alignment30-send-orel-base-body	Orel2003	325	364	1	900	909	*senpanan	77936321094ecf545f04d7f920d34602c361dc0b97675894b2d67590acfb4cef	"senkwan
*senkwan sb.n.: ON sokk ‘sinking, hollow,
pit', OE sinc 'treasure, gold, silver', OS
sinc gold, treasure'. Derived from *senk-
wanan. HOLTHAUSEN AEEW 294; VRIES
ANEW 576.
*senkwanan str.vb.: Goth sigqan 'to sink',
ON sokkva id., OE sincan id., OFris sinka
id., OS sincan id., OHG sinkan id. Iden-
tical with Slav *segti 'to reach, to grab'
(ANIKIN Etim. 1983 48–57: for the seman-
tic development cf. Slav *ob-segati ‘to sink,
to settle'). SHMIDT Kritik 63-64 (to Lith
senku, sèkti 'to sink, to dry up', Slav *sęknoti
'to dry up'); MEILLET MSL VIII 288 (to
Arm ankanim 'to fall'); ZUPITZA Gutt. 93;
TORP-FALK 428; TRAUTMANN BSW 256–
257; FEIST 420; HOLTHAUSEN AEEW 294;
JÓHANNESSON IEW 785-786; POKORNY
I 906; CHEMODANOV SGGJa I 111;
FRAENKEL 772-773; VRIES ANEW 576;
ONIONS 829; SEEBOLD 393-394 (to
*sixwanan); VASMER-TRUBACHEV III 826;
LEHMANN GED 303 (against SCHMIDT);
KLUGE-SEEBOLD 764.
*senpanan str.vb.: OE sinnan 'to care for,
to mind, to heed', OFris sinna ‘to think',
OHG fir-sinnan 'to recover, to come back
to one's senses'. Related to Av hant- 'to
arrive', Lat sentiō 'to perceive' (VANIČEK
296; FICK I 562). PEDERSEN IF II
316; BARTHOLOMAE 1771%; TORP-FALK
430; HOLTHAUSEN AEEW 295; WALDE-
HOFMANN II 515-516; POKORNY I
908; SEEBOLD 394–395; EICHMANN KZ
LXXXVII 269-271 (reconstructs *sen-
nanan < *senH-, cf. Hitt sanh- 'to seek');
LEHMANN GED 296, 305.
*senþjan sb.n.: ON sinni 'walk, fellowship',
OE 3e-sid 'company, fellowship', OS gi-
sīthi id., OHG gi-sindi id. Cf. also Goth
ga-sinbja 'fellow traveller'. Derived from
*senpanan. FEIST 200; VRIES ANEW 477;
LEHMANN GED 305; KLUGE-SEEBOLD 319.
*senþaz sb.m.: Goth sinþs ‘time, instance'
(in iterative numerals), ON neut. sinn
'time', OE sid 'going, journey, travel',
OS sið 'way', OHG sind ‘direction,
way'. Identical with OIr sét ‘way', W hynt
id., MBret hent id. Further connected
325
setjanan
with *senpanan. TORP-FALK 430; HOLT-
HAUSEN AEEW 296; FEIST 423-424;
POKORNY I908; VRIES ANEW 477;
ZALIZNIAK II 172; SEEBOLD 394; LEHM-
ANN GED 305.
*senþōjanan wk.vb.: ON sinna 'to jour-
~
ney, to travel', OE síðian id., OS sīðōn id.,
OHG sindon id. Derived from *senpanan.
TORP-FALK 430; HOLTHAUSEN AEEW
296; VRIES ANEW 477; LEHMANN GED
305.
*senþōn *senþaz sb.m.: Goth ga-sinpa
'companion', ON sinni id., OS gi-sīd id.,
OHG gi-sind id. Derived from *senpanan.
FEIST 200; VRIES ANEW 477; LEHMANN
GED 305; KLUGE-SEEBOLD 319.
*serdanan str.vb.: ON serða 'to fornicate',
OE seorðan 'to violate', OHG sertan 'to
have sexual intercourse'. Of unknown
origin. BRUGMANN IF XXXII 323 (to
Gk ɛipo 'to fasten together in rows');
WOOD MP V 283 (to Skt sisarti 'to stretch,
to extend'); TORP-FALK 435 (to W serth
'obscene'); JÓHANNESSON IEW 787–788;
POKORNY I 911, 1023; VRIES ANEW 470;
SEEBOLD 395–396.
*sessaz sb.m.: ON sess 'seat', OE sess
'seat, bench'. Derived from *setjanan. Cf.
Lat part. sessus < *sed-to-. TORP-FALK
427; HOLTHAUSEN AEEW 291; WALDE-
HOFMANN II 507-508; VRIES ANEW 471;
SEEBOLD 397; BAMMESBERGER Nom. 78.
*setan sb.n.: ON set ‘aisle, wing (along the
hall)', sjot 'residence, seat' (u-stem), OE set
'seat, stall', MDu set ‘podex', OHG sez
'seat'. Derived from *setjanan. Cf. W sedd
'seat'. TORP-FALK 426-427; HOLT-
HAUSEN AEEW 291; POKORNY I 886;
VRIES ANEW 471, 479; ZALIZNIAK I 143;
SEEBOLD 396; LEHMANN GED 306;
BAMMESBERGER Nom. 59.
*setjanan str.vb.: Goth sitan 'to sit' (no
*-j-in pres.), ON sitja id., OE sittan id.,
OFris sitta id., OS sittian id., OHG sizzen
id. Related to Skt sídati 'to sit down, to be
seated', Av had 'to sit', Gk oμα
id., Lat sedeō id., OIr saidid 'to sit', Lith
sédu, sěsti, Slav *sędą, *sěsti. BRUGMANN
Grundriß II/3 190-192 (analogical loss of"		
alignment30-send-ringe-root	Ringe2017	246	257	3	86	92	*sinþ-	d30bbda8b8f07bfe98084f13fdd0c25cb638b8896c9dcff96cc2368c01735b92	"PGmc *sandijaną ‘to send’ (cf. Goth. sandjan, ON senda, OE sendan, OHG senten)
       *sinþ- ‘go’, which does not survive as a verb but occurs in the derived noun
    *sinþaz ‘way, journey’ (cf. OE sīþ; Goth. ainamma sinþa ‘one time, once’ etc.)."		
alignment30-send-fulk-finite	Fulk2018	63	80	1	1122	1137	*sandi (j)iz(i)	5bca952797cf51af6d6e206a7dc95346b4f0e34adb5df424b8b376931007e52f	"$4.7 Front mutation 63
umlauted vowel, its fronting no longer conditioned, reverted. 10 Alternatively, and intri-
guingly, Liberman (2001: 88) suggests that the failure of umlaut after light stems is
related to their different syllabification under Prokosch's law (§2.5; see also Kylstra
1983, Kleiner 1999a), an idea pursued at greater length in Schulte 2004.11 Since verbs
of the first weak class are usually derived from other parts of speech, Kiparsky (2006)
argues that analogy to related forms induced reversion in preterites like talði ‘told'
beside the noun tal 'talk'. More persuasive is the explanation of Iverson & Salmons
(2012: 115) that after the earlier syncope, the preterite suffix in heavy stems was no
longer *-ið- but *--, and this was extended to the light stems. Yet this account, too,
leaves some questions unanswered. 12 To date, no consensual view of these matters has
emerged, and this remains a topic that invites further investigation.
Note that i from earlier ē developed too late to cause umlaut, e.g. faðir ‘father' <
*faðēr. The specific results of i/j-umlaut in ON are these:
a > e: PGmc. *sandi (j)iz(i) > sendir 'send' (2 sg.; cf. Go. sandeis); PGmc.
*satjana""> setja 'set' (cf. Go. satjan).
ā (from PGmc. ē, and ā"") > æ (i.e., /æ:/): PNorse 2 sg. *lātir > lætr ‘let' (cf. inf.
láta); PNorse *ājan > æja ‘bait (a horse)' (cf. pret. áði); PGmc. 2 sg. pres. *fā""xiz> fær
'get'.
o > ø: As o is to be derived from u by lowering before a non-high vowel in the
next syllable, a lowering prevented by j (§4.3), o was not commonly in a position to
undergo umlaut. It might be introduced analogically into the relevant position, however,
as in nom. pl. dotr ‘daughters' <*døhtr < PNorse *doxtrir (cf. Runic dohtrir).
ō> œ (i.e., ē): PGmc. *sōki(j)iz(i) > sækir ‘seek' (2 sg.; cf. Go. sōkeis); PGmc.
*dōmijana""> doma ‘judge' (cf. Go. dōmjan).
u > y: PGmc. *spurjana""> spyrja ‘track' (cf. spor ‘footprint' < *spura""); PGmc.
*brunjō> brynja 'coat of mail' (cf. Go. brunjō).
u ý: PGmc. *mūsiz > mýss 'mice' (cf. sg. mús); PGmc. *funsijana"" > fýsa
'urge' (cf. fúss 'willing').
au ey: PGmc. *xlaupiz(i) > hleypr ‘leap' (2 sg.; cf. inf. hlaupa); PGmc.
*xauzijana""> heyra ‘hear' (cf. Go. háusjan).
iu ý: PGmc. *briutiz(i)> brýtr 'break' (2 sg.; cf. inf. brjóta); PGmc. *þiujōz>
þýjar 'bondwomen' (nom. pl.; cf. Go. þiujōs).
A similar but somewhat later change, though still pre-literary, is the so-called R-
umlaut. R was apparently a palatal consonant (§6.14), and it mutated an immediately
preceding back vowel or diphthong, as in gler 'glass' < *glar, kýr ‘cow' < *kūr, eyra
'ear' <*aurōn, hlýr 'cheek' < *hleura"" (OE hlēor), and fem. pl. þær 'they' <*þār.
This change is often connected with the so-called ir-umlaut, which, unlike the older i/j-
umlaut, regularly affect vowels in light syllables, e.g. kømr ‘comes' < *komir and ferr
'goes' <*farir. The likeliest explanation of iR-umlaut, however, in accordance with the
analysis of i/j-umlaut offered above, is that palatal R prevented the lowering of i to e,
and thus this is simply another variety of i-umlaut. Comparable is the later change
(palatal mutation) of a to e before gi or ki in which i has developed from earlier e or æ
due to the palatal consonant, as in tekinn ‘taken' (inf. taka) and genginn ‘gone' (inf.
ganga).
Old English. Even though, among the Gmc. languages, umlaut occurred first,
perhaps, in OE (so, e.g., Hirt 1931–4: I, §33.2), it took place relatively late in the series
of vowel changes characteristic of that language, such as fronting of a and breaking
(§§4.12-13).13 The results in EWS are these:"		
alignment30-send-fulk-second	Fulk2018	298	315	1	3220	3226	sentst	b637455629e96a4751162aa7aeb5726ad152404ec7cf8a8e4cc6ef71ccfe18d6	"298
A Comparative Grammar of the Early Germanic Languages
weckit, UG wecchit 'wakes'. Outside of Bavarian, in verbs like nerian there occur stems
like nerr- for neri-: see §6.21. Light stems ending in w develop two forms of the stem,
resulting in parallel paradigms, one with umlaut but no gemination, the other with gemi-
nation but no observable umlaut, e.g. frewen beside frauwen > frouwen 'gladden'.4 In
early UG there is not infrequent gemination after a long vowel or diphthong, as in
hōrren 'hear' and teillan ‘divide'. In general, the preterite suffix is -it- after light stems,
-t- after heavy, but in addition to cognates of verbs lacking any reflex of PGmc. *-i- in
the preterite in other languages ($12.37) there are some principled exceptions, whereby
-t- is attached to light stems and there is no umlaut: such verbs include those with stems
ending in ll or tt in the present (e.g. wellen ‘choose', scutten 'pour', pret. walta, scutta),
though to these verbs there also occur preterites in -it- such as welita, scutita (see
Dittmer 1989). Likewise, preterites in -t- are normal to verbs with stems that came to
end in affricates in the present and (underlyingly) geminate fricatives in the preterite due
to the effect of the High German Consonant Shift on voiceless geminates in the present
and the corresponding non-geminate stops in the preterite, e.g. scefta, sazta, wahta
(beside analogical wakta), with forms like setzida occurring in Franconian only (Schatz
1927: §472; cf. Braune 2004a: §362). Verbs like frewen/frouwen form their preterite
normally (frewita), though analogical forms do occur (frouwita). In Franconian there
occur some heavy stems with -it- in the preterite. As for the pass. part., light stems that
always have -i- in the preterite also have it in all case forms of the part., whereas both
light and heavy stems without it have -i- only in uninflected forms of the part., hence
gisezzit, gihōrit but gisaztēr, gihōrtēr.
In OS the present suffix -j- is retained and spelt i after both heavy and light syl-
lables, as with quellian ‘kill', lērian ‘teach' and wređian 'support', which, like nerian,
is without gemination. As in OHG, stems ending in a dental consonant lack the con-
necting vowel i in the preterite; they may or may not lack umlaut, as in latta, letta
'prevent' and quadda, quedda ‘greet' to lettian, queddian; likewise lagda, legda ‘laid'
to leggian, but cf. analogical pp. gilegid. Verbs ending in a postconsonantal sonorant 7,
In do not lose -i- in the preterite, hence twiflida ‘doubted', tēknida ‘drew'. This is
probably the model for other heavy-stem preterites in -id-, which are not uncommon. As
in OHG, -i- in the pass. part. of heavy stems should have been preserved only in
uninflected forms, producing alternations such as gi-lērid: gi-lērdes, etc. However, in
most instances, especially in the Heliand, the syncopated vowel has been restored.
Rarely does analogy operate in converse fashion, producing uninflected forms like gi-
brand 'burnt' (inf. brennian) and gi-stild 'stilled' (stillian).
In OE, to some present stems there are adjustments like those mentioned in
§12.24 when syncopated inflections are added to the 2 & 3 sg. pres. indicative, e.g.
sentst, sent 'send(s)' (inf. sendan), brenco 'brings' (breng(e)an). Stems ending in wor h
could undergo some significant changes, with many analogical developments: see Hogg
& Fulk 2011: §§6.97-9 for details. Where preserved, -i- in the preterite is lowered to e
after the earliest texts. Stems ending in a dental consonant have syncope in the preterite
regardless of whether the stem is heavy or light, as with pret. sette 'set' (for expected
†setede). Pret. legde ‘laid' (inf. lecgan) follows the same pattern. As in OS, the connec-
ting vowel is not syncopated in verbs with a stem ending in a postconsonantal sonorant
consonant, e.g. timbrede 'built', LWS bycnedon 'signified.6 In EWS and in all late OE
dialects there is a tendency for originally light stems to acquire inflections of the second
weak class, under somewhat obscure circumstances (see Hogg & Fulk 2011: §6.88),
e.g. wenian 'accustom', pret. wenode, replacing wennan, wenede."		
alignment30-send-fulk-third	Fulk2018	298	315	1	3228	3232	sent	b637455629e96a4751162aa7aeb5726ad152404ec7cf8a8e4cc6ef71ccfe18d6	"298
A Comparative Grammar of the Early Germanic Languages
weckit, UG wecchit 'wakes'. Outside of Bavarian, in verbs like nerian there occur stems
like nerr- for neri-: see §6.21. Light stems ending in w develop two forms of the stem,
resulting in parallel paradigms, one with umlaut but no gemination, the other with gemi-
nation but no observable umlaut, e.g. frewen beside frauwen > frouwen 'gladden'.4 In
early UG there is not infrequent gemination after a long vowel or diphthong, as in
hōrren 'hear' and teillan ‘divide'. In general, the preterite suffix is -it- after light stems,
-t- after heavy, but in addition to cognates of verbs lacking any reflex of PGmc. *-i- in
the preterite in other languages ($12.37) there are some principled exceptions, whereby
-t- is attached to light stems and there is no umlaut: such verbs include those with stems
ending in ll or tt in the present (e.g. wellen ‘choose', scutten 'pour', pret. walta, scutta),
though to these verbs there also occur preterites in -it- such as welita, scutita (see
Dittmer 1989). Likewise, preterites in -t- are normal to verbs with stems that came to
end in affricates in the present and (underlyingly) geminate fricatives in the preterite due
to the effect of the High German Consonant Shift on voiceless geminates in the present
and the corresponding non-geminate stops in the preterite, e.g. scefta, sazta, wahta
(beside analogical wakta), with forms like setzida occurring in Franconian only (Schatz
1927: §472; cf. Braune 2004a: §362). Verbs like frewen/frouwen form their preterite
normally (frewita), though analogical forms do occur (frouwita). In Franconian there
occur some heavy stems with -it- in the preterite. As for the pass. part., light stems that
always have -i- in the preterite also have it in all case forms of the part., whereas both
light and heavy stems without it have -i- only in uninflected forms of the part., hence
gisezzit, gihōrit but gisaztēr, gihōrtēr.
In OS the present suffix -j- is retained and spelt i after both heavy and light syl-
lables, as with quellian ‘kill', lērian ‘teach' and wređian 'support', which, like nerian,
is without gemination. As in OHG, stems ending in a dental consonant lack the con-
necting vowel i in the preterite; they may or may not lack umlaut, as in latta, letta
'prevent' and quadda, quedda ‘greet' to lettian, queddian; likewise lagda, legda ‘laid'
to leggian, but cf. analogical pp. gilegid. Verbs ending in a postconsonantal sonorant 7,
In do not lose -i- in the preterite, hence twiflida ‘doubted', tēknida ‘drew'. This is
probably the model for other heavy-stem preterites in -id-, which are not uncommon. As
in OHG, -i- in the pass. part. of heavy stems should have been preserved only in
uninflected forms, producing alternations such as gi-lērid: gi-lērdes, etc. However, in
most instances, especially in the Heliand, the syncopated vowel has been restored.
Rarely does analogy operate in converse fashion, producing uninflected forms like gi-
brand 'burnt' (inf. brennian) and gi-stild 'stilled' (stillian).
In OE, to some present stems there are adjustments like those mentioned in
§12.24 when syncopated inflections are added to the 2 & 3 sg. pres. indicative, e.g.
sentst, sent 'send(s)' (inf. sendan), brenco 'brings' (breng(e)an). Stems ending in wor h
could undergo some significant changes, with many analogical developments: see Hogg
& Fulk 2011: §§6.97-9 for details. Where preserved, -i- in the preterite is lowered to e
after the earliest texts. Stems ending in a dental consonant have syncope in the preterite
regardless of whether the stem is heavy or light, as with pret. sette 'set' (for expected
†setede). Pret. legde ‘laid' (inf. lecgan) follows the same pattern. As in OS, the connec-
ting vowel is not syncopated in verbs with a stem ending in a postconsonantal sonorant
consonant, e.g. timbrede 'built', LWS bycnedon 'signified.6 In EWS and in all late OE
dialects there is a tendency for originally light stems to acquire inflections of the second
weak class, under somewhat obscure circumstances (see Hogg & Fulk 2011: §6.88),
e.g. wenian 'accustom', pret. wenode, replacing wennan, wenede."		
alignment30-send-fulk-past	Fulk2018	65	82	1	1937	1942	sende	50ed6ea1a8a7d3944b3f26745aee9c357395035b15867c9a509940efbb0a3aa3	"§4.7 Front mutation 65
Old Frisian. Although front umlaut must have produced a variety of sounds in
the prehistoric period, they had all fallen together as ễ by the time of the historical
records:15
a > æ (§4.12) > e: PGmc. *baðjaz > bed ‘bed'; PGmc. *lazjana"" > *leggjan >
ledza 'lay'.
a"" (from PGmc. aŋ before x, §4.1, and NSGmc. an before a voiceless fricative,
§4.11, and Anglo-Frisian ā before a nasal consonant, §4.12) > ē: PGmc. *fanxiþ
fā""xiþ > fēth ‘takes'; PGmc. *tanþiz > *tā""þiz > tēth ‘teeth'; PGmc. *wēnijana"" >
*wānjan > wēna ‘expect'.
ō> ē: PGmc. *blōðijana"" > blēda ‘bleed'; PGmc. bōtijana"" > bēta ‘atone'.
u > y > e: PGmc. *kustiz > kest ‘choice' (cf. OE cyst); PGmc. *kunja"" > kenne
'kind' (cf. OE cynn).
ūỷ > ē: PGmc. *brūðiz > brēd 'bride' (cf. OE bryd); PGmc. *kūpijana"" >
kētha 'announce' (cf. OE cỹðan).
ai > ā > ☎ > ē: PGmc. *laizijana"" > lēra ‘teach' (cf. OE læran); PGmc. *dailiz
> dēl 'part' (beside deil; 16 cf. OHG teil, OE dal).
au > ā > ē: PGmc. *hauzijana"" > *hārjan > hēra ‘hear'; PGmc. *laubijana"">
lēva 'believe' (cf. Go. ga-laubjan).
PGmc. iu remains unchanged (rather than developing to ia, §4.14) in umlaut.
environments, except that it becomes a rising diphthong, e.g. PGmc. *diupijana"" >
diupa 'deepen, dip' (cf. LWS dýpan < *dīepan).
Old Saxon. Only the umlaut of a to e (and ai to ei) is undeniably indicated in the
orthography, and even then forms with a by analogical replacement are frequent beside
those with e, e.g. mannisk beside mennisk- 'human' and acc. pl. handi beside hendi
'hands'. The evidence of MLG, however, shows that other back vowels and back diph-
thongs must have been mutated: see, e.g., Lasch 1914: §§42–60. Occasional spellings in
OS itself could also represent the native umlaut of vowels besides a (see, e.g., Prokosch
1939: §41h), but other explanations are possible. 17 Unlike in OE, syncope (§5.6) ante-
cedes i-umlaut in heavy-stemmed verbs, e.g. sanda 'sent': OE sende (cf. Go. sandida).
Old High German. As with OS, only the early umlaut of a ('primary umlaut') is
indicated in the spelling, as e, though Notker (late 10 th cent.) uses (iu) for the umlaut of
/u/, and MHG evidence shows that other back vowels and back diphthongs must have
undergone mutation (*secondary umlaut', which by most accounts includes umlaut of a
in environments in which it had earlier been prevented), as the i or j that caused the
umlaut evidenced in MHG had been lost or lowered to e already in the OHG period,
with signs of weakening as early as the start of the ninth century. 18 On the basis of
rhyme in MHG poetry it may be concluded that the e derived from PGmc. e and the e
resulting from the umlaut of a were discrete phonemes, /ɛ/ and /e/, respectively, and
thus in modern grammars they are often distinguished as ë and e (or e), respectively.19
Examples of the umlaut of a are PGmc. *lambiz-> lembir ‘lambs' (cf. nom. lamb) and
PGmc. *brannijana"" > brennen ‘burn' (cf. pret. branta). This umlaut of a begins to
appear in the OHG records ca. 750 and is carried through by the ninth century,
spreading southward. It fails before h + consonant and before consonant + w (as also, in
part, in OS), as in mahtīg ‘mighty' and garawen < *zarwijana"". Also as in OS, occa-
sional spellings, especially late in the OHG period and early in the MHG, seem to
evidence attempts to represent the effects of umlaut: examples are ā > æēlē, as in unsēlic
‘misfortunate' (12th cent.); uo (from ō) > ue, as in gruene ‘green'; u > ü (spelt i, ui, iu,
y), as in ibilo 'evil' < *ubil- (11th/12th cent.); ū> iu, as in liuten ‘make a sound' (cf. lūt"		
alignment30-set-kroonen-sit	Kroonen2013	434	474	1	4	14	*set(j)an-	e988f4a3afbfe17a1a524cadee708da6aed72e1ab9f65a29982e20e15fc8123e	"434
*set(j)an-
The gerundive to *set (j)an- (q.v.).
-
-
*set(j)an- s.v. 'to sit' Go. sitan s.v. 'id.', ON sitja s.v. 'id.', Far. sita s.v. 'id.',
Elfd. sittja s.v. 'id.', OE sittan s.v. 'id.', E to sit, OFri. sitta s.v. 'id.', OS sittian s.v.
'id.', Du. zitten s.v. 'id.', OHG sizzen s.v. 'id.', G sitzen s.v. 'id.' ⇒*sed-ie- (IE) ·
Formally identical to Gr. 3oμα 'to sit (down)', Arm. nstim 'to sit' <
*(ni-)sed-ie-; further cf. Gr. ĭw, Skt. sídati, OAv. hišasat 3sg.des. 'to sit' <
*si-sd-e-; Lat. sedeō, -ere 'to sit, be seated', Olr. saidid 'to sit', MCo. hedhi,
MBret. hezaff 'to stop' < *séd-e-; Lith. sédéti, Latv. sêdêt, OCS sěděti <
*sed-eh1-.
The original IE verb meaning 'to sit', for which also cf. *satjan-, *sadula-,
*sessa-, *setla-, *sēti- and *nista-. The dialectal difference between *setan-
(Go. sitan) and *setjan- (ON sitja, OE sittan, OHG sizzen) is debated, but may
point to an original i-present 3sg. *sed-éi-ti, 3pl. *sed-i-énti.
*setla- m. 'seat' Go. sitls m. 'id.', OE set/ m./n. ‘id.', ME setel 'id.', Du. zetel c.
'id.', OHG sezzal m. 'id.', G Sessel m. 'id.'⇒ *sed-tlo- (IE) - Olr. séol m. ‘den' <
*sed-lo-.
A word derived from *set(j)an- 'to sit' with an l-suffix. A much older for-
mation is continued by OE seðl, OS sethal, OHG sedal n. 'seat' < *sepla-, which
through Pre-Gm. *setlo- is to be derived from PGm. *sed-tlo- (an instrumen-
tal noun in *-tlo-). Also cf. *sadula-.
*seuda- m. 'purse, money-bag'
*sieuH-tó (DRV).
-
ON sjóðr m. 'id.', OE sēod m. ‘id.' ⇒
A to-formation derived from the root of *siujan- 'to sew' (q.v.). It is diffi-
cult to determine whether the word continues *seuda- <*seuH-to- or *siŭda-
<*siuH-to- / *siHu-to-, but in view of the related MHG sūte f. 'seam' < *sūdō-
< *siuH-t-éh2-, it is likely that Pre-Gm. *siūto- would have lost its i (cf. e.g.
*kewwan- < *ģieuH-e-). This makes *sieuH-to- the preferred proto-form.
*seukan- s.v. 'to be ill' Go. siukan s.v. 'id.' (DRV?).
-
A strong verb that given its final *k (< *kk) is likely to have been created
to the iterative *suk(k)ōn- (q.v.). Cf. the derived Go. siuks, ON sjúkr, OE sēoc,
OFri. siāk, OS siok, Du. ziek, OHG sioh, G siech adj. 'unwell, ill' < *seuka-.
*seuni-f. 'appearance, face' - Go. siuns f. 'sight, appearance, face', ON sjón f.
'sight, eyesight; look', Far. sjón f. 'id.', OE sien f. 'sight, vision', OFri. siune f.
'face, sight, appearance', NFri. F sjün 'apparition', OS siun f. 'sight', MDu. sune
f. 'face, vision'⇒ *sek-ní- (DRV).
A ni-formation created to the root of *sehwan- 'to see' (q.v.). The form
plays an important role in the establishment of the relative chronology of
the historical Germanic sound changes, as it proves that Verner's law pre-"		
alignment30-set-orel-sit-body	Orel2003	325	364	1	3322	3331	*setjanan	77936321094ecf545f04d7f920d34602c361dc0b97675894b2d67590acfb4cef	"senkwan
*senkwan sb.n.: ON sokk ‘sinking, hollow,
pit', OE sinc 'treasure, gold, silver', OS
sinc gold, treasure'. Derived from *senk-
wanan. HOLTHAUSEN AEEW 294; VRIES
ANEW 576.
*senkwanan str.vb.: Goth sigqan 'to sink',
ON sokkva id., OE sincan id., OFris sinka
id., OS sincan id., OHG sinkan id. Iden-
tical with Slav *segti 'to reach, to grab'
(ANIKIN Etim. 1983 48–57: for the seman-
tic development cf. Slav *ob-segati ‘to sink,
to settle'). SHMIDT Kritik 63-64 (to Lith
senku, sèkti 'to sink, to dry up', Slav *sęknoti
'to dry up'); MEILLET MSL VIII 288 (to
Arm ankanim 'to fall'); ZUPITZA Gutt. 93;
TORP-FALK 428; TRAUTMANN BSW 256–
257; FEIST 420; HOLTHAUSEN AEEW 294;
JÓHANNESSON IEW 785-786; POKORNY
I 906; CHEMODANOV SGGJa I 111;
FRAENKEL 772-773; VRIES ANEW 576;
ONIONS 829; SEEBOLD 393-394 (to
*sixwanan); VASMER-TRUBACHEV III 826;
LEHMANN GED 303 (against SCHMIDT);
KLUGE-SEEBOLD 764.
*senpanan str.vb.: OE sinnan 'to care for,
to mind, to heed', OFris sinna ‘to think',
OHG fir-sinnan 'to recover, to come back
to one's senses'. Related to Av hant- 'to
arrive', Lat sentiō 'to perceive' (VANIČEK
296; FICK I 562). PEDERSEN IF II
316; BARTHOLOMAE 1771%; TORP-FALK
430; HOLTHAUSEN AEEW 295; WALDE-
HOFMANN II 515-516; POKORNY I
908; SEEBOLD 394–395; EICHMANN KZ
LXXXVII 269-271 (reconstructs *sen-
nanan < *senH-, cf. Hitt sanh- 'to seek');
LEHMANN GED 296, 305.
*senþjan sb.n.: ON sinni 'walk, fellowship',
OE 3e-sid 'company, fellowship', OS gi-
sīthi id., OHG gi-sindi id. Cf. also Goth
ga-sinbja 'fellow traveller'. Derived from
*senpanan. FEIST 200; VRIES ANEW 477;
LEHMANN GED 305; KLUGE-SEEBOLD 319.
*senþaz sb.m.: Goth sinþs ‘time, instance'
(in iterative numerals), ON neut. sinn
'time', OE sid 'going, journey, travel',
OS sið 'way', OHG sind ‘direction,
way'. Identical with OIr sét ‘way', W hynt
id., MBret hent id. Further connected
325
setjanan
with *senpanan. TORP-FALK 430; HOLT-
HAUSEN AEEW 296; FEIST 423-424;
POKORNY I908; VRIES ANEW 477;
ZALIZNIAK II 172; SEEBOLD 394; LEHM-
ANN GED 305.
*senþōjanan wk.vb.: ON sinna 'to jour-
~
ney, to travel', OE síðian id., OS sīðōn id.,
OHG sindon id. Derived from *senpanan.
TORP-FALK 430; HOLTHAUSEN AEEW
296; VRIES ANEW 477; LEHMANN GED
305.
*senþōn *senþaz sb.m.: Goth ga-sinpa
'companion', ON sinni id., OS gi-sīd id.,
OHG gi-sind id. Derived from *senpanan.
FEIST 200; VRIES ANEW 477; LEHMANN
GED 305; KLUGE-SEEBOLD 319.
*serdanan str.vb.: ON serða 'to fornicate',
OE seorðan 'to violate', OHG sertan 'to
have sexual intercourse'. Of unknown
origin. BRUGMANN IF XXXII 323 (to
Gk ɛipo 'to fasten together in rows');
WOOD MP V 283 (to Skt sisarti 'to stretch,
to extend'); TORP-FALK 435 (to W serth
'obscene'); JÓHANNESSON IEW 787–788;
POKORNY I 911, 1023; VRIES ANEW 470;
SEEBOLD 395–396.
*sessaz sb.m.: ON sess 'seat', OE sess
'seat, bench'. Derived from *setjanan. Cf.
Lat part. sessus < *sed-to-. TORP-FALK
427; HOLTHAUSEN AEEW 291; WALDE-
HOFMANN II 507-508; VRIES ANEW 471;
SEEBOLD 397; BAMMESBERGER Nom. 78.
*setan sb.n.: ON set ‘aisle, wing (along the
hall)', sjot 'residence, seat' (u-stem), OE set
'seat, stall', MDu set ‘podex', OHG sez
'seat'. Derived from *setjanan. Cf. W sedd
'seat'. TORP-FALK 426-427; HOLT-
HAUSEN AEEW 291; POKORNY I 886;
VRIES ANEW 471, 479; ZALIZNIAK I 143;
SEEBOLD 396; LEHMANN GED 306;
BAMMESBERGER Nom. 59.
*setjanan str.vb.: Goth sitan 'to sit' (no
*-j-in pres.), ON sitja id., OE sittan id.,
OFris sitta id., OS sittian id., OHG sizzen
id. Related to Skt sídati 'to sit down, to be
seated', Av had 'to sit', Gk oμα
id., Lat sedeō id., OIr saidid 'to sit', Lith
sédu, sěsti, Slav *sędą, *sěsti. BRUGMANN
Grundriß II/3 190-192 (analogical loss of"		
alignment30-set-fulk-sit	Fulk2018	295	312	1	171	180	"*setjana"""	3368b68927cd6b2b3e623c0349ae90e39c6109fe96c3640befa9029942e38200	"§12.34 Stem formation of weak class 1 295
The causative type is very frequent, e.g. Go. ga-dráusjan 'cast down' (cf. driusan 'fall),
Olcel. setja 'set' (cf. sitja 'sit' < *setjana""), and OE cwellan 'kill' < *kwaljana"" (cf.
cwelan 'die'), though many exceptions to the pattern will be found.³ Examples of the
iterative (or intensive-iterative) type are Go. wagjan ‘shake' (cf. ga-wigan 'move') and
wrakjan 'persecute' (cf. wrikan, with the same meaning). Gothic verbs of the first weak
class are based on noun/adjective and verb stems only, reflecting the original situation,
but in the NWGmc. languages causative-factitive verbs could be formed from adverbs,
as well, as in ON yppa ‘lift', OE yppan 'disclose' (cf. ON upp ‘up'). It is plain that by
the time preterites were formed to these verbs by the addition of the dental suffix, the
suffixal element *-j- originally proper to the present stem was viewed as integral, since
it was carried over to the preterite stem, where it appears as *-i- between consonants.
The exception is the verbs lacking PGmc. *-i- in the preterite (§12.37), which represent
the earliest stratum in this class.
1. Cf. Kortlandt 1986, arguing that the distinction between the two types was maintained after light roots
until a relatively late date.
2. Late formations aside, the exceptions with a long vowel in the root are usually otherwise explicable as
regular, e.g. Go. uf-hlōhjan 'cause to laugh', with PIE *-oH- in the root, as opposed to hlahjan ‘laugh’, with
*-H-. Weak grade in the root is also not uncommon, e.g. Olcel. bylja ‘roar' (cf. bylr ‘squall, gust of wind'). It
is nonetheless true that in some instances PGmc. ō in the root must be explained as a product of the perception
that the causative stem is that of the preterite sg. of a strong verb (since both contained PIE o > PGmc. a), and
thus the pret. sg. stem of other strong types was adopted for the causative. The plainest instance is PGmc.
*fōrijana"" 'lead' > OIcel. færa, OS fōrian, OHG fuoren: cf. Olcel. pret. sg. fór to fara ‘go' (Ringe 2017: 258).
3. There is a wealth of relevant types cited in Riecke 1996. Otherwise, grammars of the individual lan-
guages should be consulted.
12.35 Inflection
In summarizing the inflection of weak verbs of class 1 it is necessary to distinguish ety-
mologically light stems from heavy. The patterns may be illustrated by the paradigms of
Go. satjan 'set' and ON fremja, OHG fremmen 'promote' (light stems) and Go. dáiljan,
Olcel. deila, OHG teilen 'deal out' (heavy stems), with OHG illustrating the general
WGmc. pattern:
Go.
Go.
OIcel.
OIcel.
OHG
OHG
Pres. Ind. 1 sg.
satja
dáilja
frem
deili
fremmu
teilu
2 sg.
satjis
dáileis
fremr
deilir
fremis
teilis
3 sg.
satjip
dáileiþ
fremr
deilir
fremit
teilit
1 du. satjōs
dáiljōs
2 du. satjats
dáiljats
pl. satjam
dáiljam
fremjum deilum
fremmemēs teilemēs
2 pl. satjip
dáileiþ
fremið deilið
fremmet
teilet
3 pl.
satjand
dáiljand
fremja deila
fremment teilent
Pres. Sj. 1 sg. satjáu
dáiljáu
fremja deila
2 sg.
satjáis
dáiljáis
3 sg.
satjái
dáiljái
fremir
fremi
deilir
deili
fremme
fremmēs(t)
fremme
teile
teilēs(t)
teile
1 du.
satjáiwa
dáiljáiwa
2 du. satjáits
dáiljáits
1 pl.
satjáima
2 pl. satjáiþ
dáiljáima
dáiljáiþ
3 pl.
satjáina
dáiljáina
fremim deilim
fremið deilið
fremi deili
fremmēm teilēm
fremmēt teilēt
fremmēn teilēn"		
alignment30-set-fulk-past	Fulk2018	298	315	1	3638	3643	sette	b637455629e96a4751162aa7aeb5726ad152404ec7cf8a8e4cc6ef71ccfe18d6	"298
A Comparative Grammar of the Early Germanic Languages
weckit, UG wecchit 'wakes'. Outside of Bavarian, in verbs like nerian there occur stems
like nerr- for neri-: see §6.21. Light stems ending in w develop two forms of the stem,
resulting in parallel paradigms, one with umlaut but no gemination, the other with gemi-
nation but no observable umlaut, e.g. frewen beside frauwen > frouwen 'gladden'.4 In
early UG there is not infrequent gemination after a long vowel or diphthong, as in
hōrren 'hear' and teillan ‘divide'. In general, the preterite suffix is -it- after light stems,
-t- after heavy, but in addition to cognates of verbs lacking any reflex of PGmc. *-i- in
the preterite in other languages ($12.37) there are some principled exceptions, whereby
-t- is attached to light stems and there is no umlaut: such verbs include those with stems
ending in ll or tt in the present (e.g. wellen ‘choose', scutten 'pour', pret. walta, scutta),
though to these verbs there also occur preterites in -it- such as welita, scutita (see
Dittmer 1989). Likewise, preterites in -t- are normal to verbs with stems that came to
end in affricates in the present and (underlyingly) geminate fricatives in the preterite due
to the effect of the High German Consonant Shift on voiceless geminates in the present
and the corresponding non-geminate stops in the preterite, e.g. scefta, sazta, wahta
(beside analogical wakta), with forms like setzida occurring in Franconian only (Schatz
1927: §472; cf. Braune 2004a: §362). Verbs like frewen/frouwen form their preterite
normally (frewita), though analogical forms do occur (frouwita). In Franconian there
occur some heavy stems with -it- in the preterite. As for the pass. part., light stems that
always have -i- in the preterite also have it in all case forms of the part., whereas both
light and heavy stems without it have -i- only in uninflected forms of the part., hence
gisezzit, gihōrit but gisaztēr, gihōrtēr.
In OS the present suffix -j- is retained and spelt i after both heavy and light syl-
lables, as with quellian ‘kill', lērian ‘teach' and wređian 'support', which, like nerian,
is without gemination. As in OHG, stems ending in a dental consonant lack the con-
necting vowel i in the preterite; they may or may not lack umlaut, as in latta, letta
'prevent' and quadda, quedda ‘greet' to lettian, queddian; likewise lagda, legda ‘laid'
to leggian, but cf. analogical pp. gilegid. Verbs ending in a postconsonantal sonorant 7,
In do not lose -i- in the preterite, hence twiflida ‘doubted', tēknida ‘drew'. This is
probably the model for other heavy-stem preterites in -id-, which are not uncommon. As
in OHG, -i- in the pass. part. of heavy stems should have been preserved only in
uninflected forms, producing alternations such as gi-lērid: gi-lērdes, etc. However, in
most instances, especially in the Heliand, the syncopated vowel has been restored.
Rarely does analogy operate in converse fashion, producing uninflected forms like gi-
brand 'burnt' (inf. brennian) and gi-stild 'stilled' (stillian).
In OE, to some present stems there are adjustments like those mentioned in
§12.24 when syncopated inflections are added to the 2 & 3 sg. pres. indicative, e.g.
sentst, sent 'send(s)' (inf. sendan), brenco 'brings' (breng(e)an). Stems ending in wor h
could undergo some significant changes, with many analogical developments: see Hogg
& Fulk 2011: §§6.97-9 for details. Where preserved, -i- in the preterite is lowered to e
after the earliest texts. Stems ending in a dental consonant have syncope in the preterite
regardless of whether the stem is heavy or light, as with pret. sette 'set' (for expected
†setede). Pret. legde ‘laid' (inf. lecgan) follows the same pattern. As in OS, the connec-
ting vowel is not syncopated in verbs with a stem ending in a postconsonantal sonorant
consonant, e.g. timbrede 'built', LWS bycnedon 'signified.6 In EWS and in all late OE
dialects there is a tendency for originally light stems to acquire inflections of the second
weak class, under somewhat obscure circumstances (see Hogg & Fulk 2011: §6.88),
e.g. wenian 'accustom', pret. wenode, replacing wennan, wenede."		
alignment30-set-fulk-expected	Fulk2018	298	315	1	3664	3671	†setede	b637455629e96a4751162aa7aeb5726ad152404ec7cf8a8e4cc6ef71ccfe18d6	"298
A Comparative Grammar of the Early Germanic Languages
weckit, UG wecchit 'wakes'. Outside of Bavarian, in verbs like nerian there occur stems
like nerr- for neri-: see §6.21. Light stems ending in w develop two forms of the stem,
resulting in parallel paradigms, one with umlaut but no gemination, the other with gemi-
nation but no observable umlaut, e.g. frewen beside frauwen > frouwen 'gladden'.4 In
early UG there is not infrequent gemination after a long vowel or diphthong, as in
hōrren 'hear' and teillan ‘divide'. In general, the preterite suffix is -it- after light stems,
-t- after heavy, but in addition to cognates of verbs lacking any reflex of PGmc. *-i- in
the preterite in other languages ($12.37) there are some principled exceptions, whereby
-t- is attached to light stems and there is no umlaut: such verbs include those with stems
ending in ll or tt in the present (e.g. wellen ‘choose', scutten 'pour', pret. walta, scutta),
though to these verbs there also occur preterites in -it- such as welita, scutita (see
Dittmer 1989). Likewise, preterites in -t- are normal to verbs with stems that came to
end in affricates in the present and (underlyingly) geminate fricatives in the preterite due
to the effect of the High German Consonant Shift on voiceless geminates in the present
and the corresponding non-geminate stops in the preterite, e.g. scefta, sazta, wahta
(beside analogical wakta), with forms like setzida occurring in Franconian only (Schatz
1927: §472; cf. Braune 2004a: §362). Verbs like frewen/frouwen form their preterite
normally (frewita), though analogical forms do occur (frouwita). In Franconian there
occur some heavy stems with -it- in the preterite. As for the pass. part., light stems that
always have -i- in the preterite also have it in all case forms of the part., whereas both
light and heavy stems without it have -i- only in uninflected forms of the part., hence
gisezzit, gihōrit but gisaztēr, gihōrtēr.
In OS the present suffix -j- is retained and spelt i after both heavy and light syl-
lables, as with quellian ‘kill', lērian ‘teach' and wređian 'support', which, like nerian,
is without gemination. As in OHG, stems ending in a dental consonant lack the con-
necting vowel i in the preterite; they may or may not lack umlaut, as in latta, letta
'prevent' and quadda, quedda ‘greet' to lettian, queddian; likewise lagda, legda ‘laid'
to leggian, but cf. analogical pp. gilegid. Verbs ending in a postconsonantal sonorant 7,
In do not lose -i- in the preterite, hence twiflida ‘doubted', tēknida ‘drew'. This is
probably the model for other heavy-stem preterites in -id-, which are not uncommon. As
in OHG, -i- in the pass. part. of heavy stems should have been preserved only in
uninflected forms, producing alternations such as gi-lērid: gi-lērdes, etc. However, in
most instances, especially in the Heliand, the syncopated vowel has been restored.
Rarely does analogy operate in converse fashion, producing uninflected forms like gi-
brand 'burnt' (inf. brennian) and gi-stild 'stilled' (stillian).
In OE, to some present stems there are adjustments like those mentioned in
§12.24 when syncopated inflections are added to the 2 & 3 sg. pres. indicative, e.g.
sentst, sent 'send(s)' (inf. sendan), brenco 'brings' (breng(e)an). Stems ending in wor h
could undergo some significant changes, with many analogical developments: see Hogg
& Fulk 2011: §§6.97-9 for details. Where preserved, -i- in the preterite is lowered to e
after the earliest texts. Stems ending in a dental consonant have syncope in the preterite
regardless of whether the stem is heavy or light, as with pret. sette 'set' (for expected
†setede). Pret. legde ‘laid' (inf. lecgan) follows the same pattern. As in OS, the connec-
ting vowel is not syncopated in verbs with a stem ending in a postconsonantal sonorant
consonant, e.g. timbrede 'built', LWS bycnedon 'signified.6 In EWS and in all late OE
dialects there is a tendency for originally light stems to acquire inflections of the second
weak class, under somewhat obscure circumstances (see Hogg & Fulk 2011: §6.88),
e.g. wenian 'accustom', pret. wenode, replacing wennan, wenede."		
alignment30-set-fulk-north-past	Fulk2018	300	317	1	335	342	gesætte	aeb388cb359bc74325b8e086189fb7e5deb9845319c4d643bfd5c79964c0ebe4	"300
A Comparative Grammar of the Early Germanic Languages
In all the WGmc. languages are to be found a few stems ending in a dental con-
sonant that resemble verbs lacking PGmc. *-i- in the pret., e.g. OS lettian ‘hinder', pret.
latta beside letta (not †letida), OHG quetten ‘call', pret. quatta, OE settan 'set', pret.
(Northumbrian) gesætte (WS sette). Probably analogical to OS settian 'set', pret. satta
beside setta, due to the semantic resemblance, is leggian ‘lay', pret. lagda (beside
legda). Gallée (1993: §407) would derive such forms from PGmc., but East and North
Gmc. afford no evidence of this. Still, the lack of umlaut in the pret. renders it likely that
these arose in WGmc. before the onset of umlaut, though most evidence of the pheno-
menon has been eliminated on an analogical basis.
The securest examples of verbs lacking PGmc. *-i- in the preterite are plainly
quite archaic verbs in which this irregularity persisted because of high frequency of use.
The plainest sign of the antiquity of the type is that although the preterites are weak,
they are formed with a suffix *-þ- (> *-t-) instead of *-0-, since, for example, *bu3-dē
would produce Go. †bugda rather than baúhta. These preterites are thus formed the
same way as those of the preterite-present verbs, another archaic category (§§12.51–4).
There is no scholarly consensus as to why *-i- should be missing from such pret-
erites. The verifiably oldest of these are primary verbs (so, e.g., Go. waúrkeiþ = Avestan
vǝrǝzyeiti 'does, makes', and cf. Gk. pέço ‘do'), which in PIE attached the *-ie/o- suffix
to the present stem only. As the most archaic of the Gmc. ja-verbs, then, those like
waúrkeiþ merely reflect the oldest state of affairs (so, e.g., Fullerton 1977: 5–7). This is
an attractive analysis inasmuch as the type is plainly archaic, and since the preterite was
formed with *-- rather than *-0-, the means of forming the preterite plainly differed
from the means used with later additions to weak class 1. A disadvantage of this ana-
lysis is that it leaves unexplained why, aside from WGmc. additions to the class, it is
only stems ending in a velar consonant (or a consonant, like /l/, capable of velarity) that
lack *-i- in the preterite. The problem is of some moment because the parallel between
preterite formation in these verbs and in preterite-present verbs is an important clue to
the origin of the type, yet preterites in that class with a stem-final velar are a notable
minority (see §12.53). Thus, an alternative analysis is that the preterite originally con-
tained *-i-, which was lost on a phonological basis. For example, Prokosch (1939: §67c;
cf. Brunner 1965: §407.3) argues that the final velar consonant was palatalized by the
following *i, which it absorbed, though it reverted to velar articulation early enough for
breaking to have taken place in forms like OE streahte 'stretched' and tealde 'counted'.
Yet perhaps it is the case that the conditioning is morphological rather than phono-
logical. Adding PIE t or its reflex Gmc. þ as the preterite suffix to stems ending in a
dental consonant (other than s, n) would have resulted in remarkable paradigm irregu-
larities like that seen in Go. preterite-present *witan ‘know' (cf. pres. 1 pl. witum), with
pret. wissa, and so it should not be surprising if original, primary weak verbs of this sort
without *-i- in the preterite were reformed to avoid this irregularity by the addition of
*-i-. It is less apparent why stems in labial consonants should have undergone a similar
analogical reformation, but it is notable that among the preterite-present verbs the only
stem of this type is to Go. *þaúrban (cf. pres. 1 pl. þaúrbum, but 1 sg. þarf), whereas
there are several verbs with stems ending in a velar consonant (OE dugan, *-nugan,
magan, āgan). It is possible, then, that among the presumably small number of primary
verbs in the earliest stages of PGmc. preterite-formation for weak and preterite-present
verbs, the relatively high incidence of the alternation between pres. *-3- and pret. *-xt-
ensured its acceptability, whereas the comparatively few stems in non-velars were all
refashioned to conform to the pattern established by analogically reformed stems like
pres. *sat-j-pret. *sat-ið-."		
alignment30-set-rt-mercian-participle	RingeTaylor2014	358	373	4	238	245	geseted	589dcc445edf6ea18d01d0a4a983f32dc9b73f016be9772f1becf693e6c9ad1c	"In WS a tendency to level the syncopated suffix throughout the past participles
of weak class I verbs with roots in -t- and -d- is apparent already around ap
goo. For instance, whereas in Ps(A) the past participle of gesettan ‘to set’ is
geseted, pl. gesette, and that of widl@dan ‘to carry off’ is widleded, pl. wid-
ledde, in early WS we already find gele@ded ~ geld ‘led’, and only gesett. In
fact all class I verbs with light roots in -t- or -d- exhibit only syncopated forms
in WS; attested in early WS are also oftredd ‘trampled to death’, ahwett
‘excited’, and gelett ‘hindered’ (Cosijn 1886: 154), later also ahredd ‘saved’
and several others."		
alignment30-set-rt-mercian-plural	RingeTaylor2014	358	373	4	251	258	gesette	589dcc445edf6ea18d01d0a4a983f32dc9b73f016be9772f1becf693e6c9ad1c	"In WS a tendency to level the syncopated suffix throughout the past participles
of weak class I verbs with roots in -t- and -d- is apparent already around ap
goo. For instance, whereas in Ps(A) the past participle of gesettan ‘to set’ is
geseted, pl. gesette, and that of widl@dan ‘to carry off’ is widleded, pl. wid-
ledde, in early WS we already find gele@ded ~ geld ‘led’, and only gesett. In
fact all class I verbs with light roots in -t- or -d- exhibit only syncopated forms
in WS; attested in early WS are also oftredd ‘trampled to death’, ahwett
‘excited’, and gelett ‘hindered’ (Cosijn 1886: 154), later also ahredd ‘saved’
and several others."		
alignment30-set-rt-ws-participle	RingeTaylor2014	358	373	4	385	391	gesett	589dcc445edf6ea18d01d0a4a983f32dc9b73f016be9772f1becf693e6c9ad1c	"In WS a tendency to level the syncopated suffix throughout the past participles
of weak class I verbs with roots in -t- and -d- is apparent already around ap
goo. For instance, whereas in Ps(A) the past participle of gesettan ‘to set’ is
geseted, pl. gesette, and that of widl@dan ‘to carry off’ is widleded, pl. wid-
ledde, in early WS we already find gele@ded ~ geld ‘led’, and only gesett. In
fact all class I verbs with light roots in -t- or -d- exhibit only syncopated forms
in WS; attested in early WS are also oftredd ‘trampled to death’, ahwett
‘excited’, and gelett ‘hindered’ (Cosijn 1886: 154), later also ahredd ‘saved’
and several others."		
