evidence_id	source_key	printed_pages	holding_sheet	paragraph	start_char	end_char	diplomatic_form	paragraph_sha256	paragraph_text	begin_anchor	end_anchor
alignment36-starve-orel-mortality	Orel2003	375	414	1	2292	2300	*sterbōn	30099e2e61f78d1c0675db06794d7c67d1cd24e995b85dd077258b3495e14cd9	"stenzanan
*stęgati 'to flog, to lash'. BRUGMANN IF
XXXII 180; ZUPITZA Gutt. 101; TORP-
FALK 481-482; FEIST 535; HOLTHAUSEN
AEEW 323; JÓHANNESSON IEW 867-868;
POKORNY I1015; VRIES ANEW 548;
FRAENKEL 901-902; ZALIZNIAK II 210;
ONIONS 870; SEEBOLD 470-471 (to Gk
orio 'to tattoo'); LEHMANN GED 383;
KLUGE-SEEBOLD 787.
*stenkwanan I str.vb.: Goth stiggan 'to
clash, to collide', ON stokkva 'to leap, to
spring', OE stincan id. Etymology un-
known. Probably related to Lat stinguō ‘to
extinguish' (RoZWADOWSKI IF IV 411).
BUGGE BB III 120 (to Gk téyyw 'to wet,
to moisten'); SABLER KZ XXXI 282 (to
Lith stengiu, sténgti ‘to exert oneself');
OSTHOFF Etym. I 365 (to Skt stambha-
'post'); ZUPITZA Gutt. 94 (to Skt tángati 'to
go, to stumble, to tremble'); BRUGMANN
KVG 515 (to Skt tujáti 'to move quickly, to
urge'); GRIENBERGER Got. 199 (follows
ROZWADOWSKI); PEDERSEN Kelt. Gr. I 79
(to W sangu 'to trample'); TORP-FALK 481;
WALDE-HOFMANN II 593; FEIST 452-453;
HOLTHAUSEN AEEW 323; JÓHANNESSON
IEW 862-866; POKORNY I 1032-1034;
VRIES ANEW 558 (to Gk στio 'to
tattoo'); FRAENKEL 901-902; SEEBOLD
471-472; LEHMANN GED 325; KLUGE-
SEEBOLD 797.
*stenkwanan II str.vb.: Norw stokka 'to
stink', OE stincan 'to smell, to stink',
WFris stjonke id., MLG stinken id., OHG
stinkan id. Historically identical with
*stenkwanan I (WOOD MLN XXV 74).
HOLTHAUSEN AEEW 323; HOFFNER RHA
XXI 36 (to Hitt išta(n)ḥ- ‘to taste');
ONIONS 870; SEEBOLD 471; LEHMANN
GED 325.
*stenþ(j)az adj.: ON stinnr, stiðr 'stiff,
unbending, strong', OE stið 'hard, stiff',
OFris stīth 'strong', MLG stide 'heavy,
stiff'. Originally, a participle of *stenan
(HEIDERMANNS 552). KARSTEN NB II
328-329; TORP-FALK 481 (to Gk sb.
σtɛvóc ‘narrow, straight'); HOLTHAUSEN
AEEW 323; POKORNY I 1021-1022;
VRIES ANEW 548; LERCHNER 242.
375
~
sternōn
*sterbanan str.vb.: OE steorfan 'to die',
OFris sterva id., OS sterban id., OHG
sterban id. Related to OIr ussarb 'death' <
*ud-sterbhā, Slav *sturbati *storbati 'to
stiffen, to die'. WALTHER KZ XII 411
(to Lat torpeō 'to be stiff'); PERSSON
Beiträge 435, 438 (to Gk στέpoos 'hide,
skin', Lat tergum 'back'); TORP-FALK 487;
HOLTHAUSEN AEEW 320; JÓHANNESSON
IEW 873-878; POKORNY I 1022–1027;
VRIES ANEW 549; ONIONS 864 (to
*sterdaz); SEEBOLD 472-473; VASMER-
TRUBACHEV III 756; KLUGE-SEEBOLD
793.
*sterbōn sb.m.: ON stjarfi 'epilepsy', OE
steorfa ‘mortality, pestilence, flesh of
dead animals', OS man-sterbo 'epidemic',
OHG sterbo 'pest'. Derived from *ster-
banan. TORP-FALK 487%; HOLTHAUSEN
AEEW 320; VRIES ANEW 549; SEEBOLD
472.
*sterdaz adj.: ON stirðr ‘stiff, rigid'. Iden-
tical with W serth id. TORP-FALK 487;
POKORNY I 1023; VRIES ANEW 547.
*sterkanan str.vb.: ON part. blóð-storkinn
'to coagulate', OHG ki-storchenen 'dabatis'.
Corresponds to Slav *stergti 'to guard' (the
latter is hardly connected with Lith sérgiu,
sérgėti ‘to protect, to save³) and probably
Hitt ištark- 'to ail'. Cf. *sterbanan. TORP-
FALK 486; JÓHANNESSON IEW 873–878;
POKORNY I 1022-1027; VRIES ANEW
551; SEEBOLD 473-474; PUHVEL II 475-
477; KLUGE-SEEBOLD 788.
*sternaz sb.m.: OE stearn ‘starling', LG
stern 'sea-swallow'. Cf. also ON þerna id.
A localism related to *staraz *staron and
directly compared with Lat sturnus 'star-
ling' <*strnos or *stornos and OPrus star-
nite (v.1. stamite) ‘gull'. TORP-FALK 486;
HOLTHAUSEN AEEW 318; SPECHT 49;
WALDE-HOFMANN II 610; POKORNY I
1036.
~
*sternōn sb.f.: Goth stairno 'star', ON stjar-
na id., MLG sterne id., OHG masc. sterno
id. Cf. also, with gemination, OE steorra
'star', OFris stera id., OS sterro id., OHG
sterro id. Related to Hitt haster- id., Toch
A pl. śre-ñ, B ścirye 'stars', Skt instr. pl."		
alignment36-starve-kroonen-ancestor	Kroonen2013	477	517	1	2558	2568	*stérbh-e-	b4fabdf55ab1cc1749e627a2dbe693f1a732aac94d867d1383f04cf0f5165acd	"*stēn-
477
stealthily', which is especially prominent in reflexive uses of the verb, cf.
Icel. stela-st, Far. stjala seg, stjala-st, Elfd. stjälå-s, MDu. hem stelen, G sich
stehlen and in the k-extension OE be-stealcian, E to stalk, OFri. stolkens 'hid-
den'. For this reason, PGm. *stelan- is better linked to Skt. tsárati
(Kroonen/Lubotsky 2009) <*tsel- and Arm. sotim <*tsol- (with s- < *ts-). As
in *steuban- ~ *stūban- 'to blow' (q.v.), the PIE initial cluster *ts- was regu-
larly metathesized to PGm. *st-. See also *stullōn-.
*sten- s.v. 'to stand' - Far. poet.stá suppl.v. 'id.', Nw. stå suppl.v. 'id.', OSw.
stā suppl.v. 'id.', Sw. stå suppl.v. 'id.', Da. stå suppl.v. 'id.', OFri. stan suppl.v.
'id.', ODu. stan suppl.v. 'id.', Du. staan suppl.v. 'id.', MHG stan, stěn suppl.v.
'id.', G stehen suppl.v. 'id.' (IE).
A verb in suppletion with *standan- (q.v.). The verb is not attested in the
oldest Germanic languages, but its occurrence in both North and West Ger-
manic suggests that it was present already in the proto-language (for the
old age of the NGm. verb, cf. Nw. dial. (Selbu) sta with Proto-Norse nasaliza-
tion). The reconstruction of the original form of the word poses several
difficulties, however. Many of the forms can be derived from PGm. *stēn-, i.e.
a verbum purum or root present. This reconstruction can only be reconciled
with the PIE root *steh2-, however, by positing a Narten-present 3sg.
*stéh₂-ti, 3pl. *stéh₂-nti (PGm. *stēþi, *stanpi), which has no extra-Gm. coun-
terpart. Another possibility would be to reconstruct *staja-, i.e. an i-present
3sg. *sth₂-é/ói-ti, 3pl. *sth₂-i-énti. This paradigm would regularly give PGm.
*staibi (= MHG stēt, G steht?), 3pl. *stajanpi, but nevertheless fails to explain
the rise of PNWGm. *sta-, unless one is willing to accept a PGm. change
*-aja- > *-ā- (Þórhallsdóttir 1993: 35-6). Inspecting the modern dialects
does not help much. Swi. Appenzell 3sg. štōd, 3pl. štěnt, štēnd probably
points to *stēpi, *stēndi, but the lack of umlaut in the singular and its pres-
ence in the plural is the opposite of what is expected. In Dutch, Stellingwerf
staon (with ao < PGm. *ē) points to *ste-, but Sliedrecht staon (with ao from
lengthened *a) to *sta-. Anyhow, Seebold 1970: 464-5 probably correctly
starts from *stēn- adopting the view that it arose due to analogy to *gen- 'to
go'.
⇒
-
*sterban- s.v. 'to become stiff, die' OE steorfan s.v. 'to die', E to starve,
OFri. sterva s.v. 'id.', OS sterban s.v. 'id.', Du. sterven s.v. 'id.', OHG sterban s.v.
'id.', G sterben s.v. 'id.' *stérbh-e- (EUR) - Gr. Hsch. στépcpvios adj. 'hard,
firm' <*sterbh-nio-; Ru. stérbnut' 'to become solid or hard, to die' <
*strbh-neu-; Lith. dial. strabnùs adj. 'diligent' < *strobh-nu-.
A strong verb to a European root *sterbh- 'to be(come) stiff, whence 'to
die'. See also *starka-."		
alignment36-steal-kroonen-ancestor	Kroonen2013	476	516	1	2295	2303	*tsél-e-	490d7c0bb915ccc190b45f5a596a6673091bea2007dfb93dc94b716a216d3b16	"476
*staurjan-
-
*staurjan- w.v. 'to disturb, destroy' OFri. to-stēra w.v. 'id.', ODu. storen
w.v. 'id.', EDu. storen w.v. 'to disturb', OHG stōren, stōrren w.v. 'to destroy', G
stōren w.v. 'to disturb, destroy' (NEUR?).
A factitive to PGm. *staura-, cf. MDu. stoor m. 'destruction'. Also cf. OS
far-sturian w.v. 'to subvert', OE styrian w.v. 'to be/put in motion, stir' <
*sturjan- and ON styrr m. 'stir, tumult, brawl', OE ge-styr n. 'motion, stir' <
*(ga-)sturja-. No certain etymology. The link with Latv. stūrs adj. 'stubborn,
unruly' < *stuH-ro-(?) is uncertain because this may be a Low German
loanword. See also *sturma- 'storm'.
-
*stautan- s.v. 'to hit, jab, thrust' Go. stautan s.v. 'id.', ON stauta w.v. 'id.',
Far. steyta w.v. 'id.', OFri. stēta s.v. 'id.', MDu. stoten s.v. 'id.', Du. stoten
s./w.v. 'id.', OHG stōzan s.v. 'id.', G stoßen s.v. 'id.' ⇒ *stóud-e- (IE) — Alb.
shtyn 'to shove, push' < *stud-n-ie-.
An o-grade intensive verb. Usually, the formation is connected to Skt.
tudáti 'to beat', Olr. do-tuit 'to crumble, fall' < *tud-é- and Lat. tundō, -ere 'to
strike, beat', Skt. tundate 'to push, stab' < *tu-n-d-e-, but the connection with
the Albanian form is more straightforward. See also *stut(t)ōn-.
-
*stekan- s.v. 'to stick' - OFri. steka s.v. 'id.', OS stekan* s.v. 'id.', Du. steken
s.v. 'id.', OHG stechan s.v. 'id.', G stechen s.v. 'id.'⇒ *stig-e- (IE) — Lat. īnstīgō,
-ere 'to stimulate, set on, incite, rouse or urge' <*-steig-e-.
A strong verb that appears to have developed from a zero-grade present
*stikan < *stig-e- after it was affected by a-mutation (cf. *hreþan- and
*sweban-). It received a secondary iterative *stukkōn-, while the original
was preserved as *stikkōn-. Also cf. Go. staks m. 'scar' < *staka- and *stakan-.
*stēki- adj. 'stinking' - Icel. stækur adj. 'id.', Nw. stæk adj. 'rancid' (DRV).
A vṛddhi-gerundive to *stinkwan- 'to stink'. Apparently, the nasal of this
verb was infixal.
-
*stelan- s.v. 'to steal; to go stealthily' Go. stilan s.v. 'to steal', ON stela s.v.
'to steal; steal upon', Far. stjala s.v. 'to steal', Elfd. stjälå s.v. 'to steal; to
sneak', OE stelan s.v. 'to steal, go stealthily', E to steal, O Fri. stela s.v. 'to
steal', OS stelan s.v. 'id.', Du. stelen s.v. 'id.', OHG stelan s.v. 'id.', G stehlen s.v.
'id.' *tsél-e- (IE) - Skt. tsárati 'to approach stealthily, creep up on, sneak'
< *tsél-e-; Arm. sotim 'to crawl, creep; to steal, glide' < *tsol-; OIr. intled f.
'snare, ambush; act of lying in wait, ambushing' < *-tsl-teh₂-; Lith. seléti
(selù) 'to lurk, sneak, prowl' < *tsel-eh1-ie-.
Existing etymologies all start from the meaning 'to steal' (cf. Pokorny
IEW: 1028, who assumes a cross of the root *ster- as in Gr. σtɛpέw 'to rob'
with *kel- as in G hehlen 'to fence' < *helan-). Within Germanic, it is clear,
however, that the meaning 'to steal' developed from an older 'to sneak, go"		
alignment36-steal-kroonen-iterative	Kroonen2013	477	517	1	523	532	*stullōn-	b4fabdf55ab1cc1749e627a2dbe693f1a732aac94d867d1383f04cf0f5165acd	"*stēn-
477
stealthily', which is especially prominent in reflexive uses of the verb, cf.
Icel. stela-st, Far. stjala seg, stjala-st, Elfd. stjälå-s, MDu. hem stelen, G sich
stehlen and in the k-extension OE be-stealcian, E to stalk, OFri. stolkens 'hid-
den'. For this reason, PGm. *stelan- is better linked to Skt. tsárati
(Kroonen/Lubotsky 2009) <*tsel- and Arm. sotim <*tsol- (with s- < *ts-). As
in *steuban- ~ *stūban- 'to blow' (q.v.), the PIE initial cluster *ts- was regu-
larly metathesized to PGm. *st-. See also *stullōn-.
*sten- s.v. 'to stand' - Far. poet.stá suppl.v. 'id.', Nw. stå suppl.v. 'id.', OSw.
stā suppl.v. 'id.', Sw. stå suppl.v. 'id.', Da. stå suppl.v. 'id.', OFri. stan suppl.v.
'id.', ODu. stan suppl.v. 'id.', Du. staan suppl.v. 'id.', MHG stan, stěn suppl.v.
'id.', G stehen suppl.v. 'id.' (IE).
A verb in suppletion with *standan- (q.v.). The verb is not attested in the
oldest Germanic languages, but its occurrence in both North and West Ger-
manic suggests that it was present already in the proto-language (for the
old age of the NGm. verb, cf. Nw. dial. (Selbu) sta with Proto-Norse nasaliza-
tion). The reconstruction of the original form of the word poses several
difficulties, however. Many of the forms can be derived from PGm. *stēn-, i.e.
a verbum purum or root present. This reconstruction can only be reconciled
with the PIE root *steh2-, however, by positing a Narten-present 3sg.
*stéh₂-ti, 3pl. *stéh₂-nti (PGm. *stēþi, *stanpi), which has no extra-Gm. coun-
terpart. Another possibility would be to reconstruct *staja-, i.e. an i-present
3sg. *sth₂-é/ói-ti, 3pl. *sth₂-i-énti. This paradigm would regularly give PGm.
*staibi (= MHG stēt, G steht?), 3pl. *stajanpi, but nevertheless fails to explain
the rise of PNWGm. *sta-, unless one is willing to accept a PGm. change
*-aja- > *-ā- (Þórhallsdóttir 1993: 35-6). Inspecting the modern dialects
does not help much. Swi. Appenzell 3sg. štōd, 3pl. štěnt, štēnd probably
points to *stēpi, *stēndi, but the lack of umlaut in the singular and its pres-
ence in the plural is the opposite of what is expected. In Dutch, Stellingwerf
staon (with ao < PGm. *ē) points to *ste-, but Sliedrecht staon (with ao from
lengthened *a) to *sta-. Anyhow, Seebold 1970: 464-5 probably correctly
starts from *stēn- adopting the view that it arose due to analogy to *gen- 'to
go'.
⇒
-
*sterban- s.v. 'to become stiff, die' OE steorfan s.v. 'to die', E to starve,
OFri. sterva s.v. 'id.', OS sterban s.v. 'id.', Du. sterven s.v. 'id.', OHG sterban s.v.
'id.', G sterben s.v. 'id.' *stérbh-e- (EUR) - Gr. Hsch. στépcpvios adj. 'hard,
firm' <*sterbh-nio-; Ru. stérbnut' 'to become solid or hard, to die' <
*strbh-neu-; Lith. dial. strabnùs adj. 'diligent' < *strobh-nu-.
A strong verb to a European root *sterbh- 'to be(come) stiff, whence 'to
die'. See also *starka-."		
alignment36-steal-kroonen-iterative-base	Kroonen2013	487	527	1	1173	1183	*tsl-néh₂-	f3cfcb5af79e74f6409deae8ba3af447c44bfd5641a7a1b46d0271c4bba7f9f8	"*stukka-
487
~
*stuban (q.v.). Also cf.
A collective formation to the root of *steuban-
the singulative n-stem G Stoben m. 'piece of dust' <*stuban-.
-
*stukka- m. ‘stick' ON stokkr m. 'stock, trunk, block, log of wood', Far.
stokkur m. 'log, beam, cane', Elfd. stukk m. 'stick', OE stocc m. 'stick, log,
trunk', OFri. stok m. ‘stick', Du. stok c. 'id.', OHG stoc m. 'stick, trunk', G Stock
m. 'id.' (DRV).
Derived from the strong verb *stekan- (the formation looks like a Pre-Gm.
ptc. *stug-nó-). Note that the zero-grade *u like in the iterative *stukkōn-
arose secondarily.
*stukkja- n. 'piece' - ON stykki n. 'id.', Far. stykki n. 'id.', Elfd. styttje n. ‘id.',
OE stycce n. 'id.', OS stukki n. 'id.', MDu. stuk n. 'id.', OHG stucki n. 'id.', G Stück
n. 'id.' (DRV).
A ja-stem derived from the strong verb *stekan- or from the pertaining
iterative *stuk(k)ōn- (q.v.).
*stuk(k)ōn- w.v. 'to stick'
Du. stokken w.v. 'to come to a halt', G stocken
w.v. 'to coagulate; to stop' (DRV).
An iterative derived from the secondary strong verb *stekan- (q.v.). With
the same secondary zero grade, cf. *stukka- and *stukkja-.
-
*stullōn-w.v. 'to steal' G Rhnl. stollen w.v. 'id.' ⇒ *tsl-néh₂- (IE).
The iterative to *stelan- (q.v.).
*stumma- adj. 'mute'
OFri. stum adj. 'id.', OS stum adj. 'id.', Du. stom adj.
'mute, dull, stupid', OHG stum(b) adj. 'silent', G stumm adj. 'id.' → *stmH-nó-
(NEUR).
A zero-grade formation related to *stamma- (q.v.).
*stunkwi- m. 'hit; smell' - Go. bi-stugqs m. 'thrust', OE stenc m. 'smell', E
stench, OS stunc m. 'id.' ⇒ *stngw-i- (DRV).
An i-stem created to the strong verb *stinkwan- (q.v.).
*stunta- adj. 'short' ON stuttr adj. 'id.', Far. stuttur adj. 'id.', Elfd. stutt adj.
'id.', OE stunt adj. 'foolish', MHG stunz adj. 'dull; cropped, short' (GM).
Also cf. ON stytta, OE styntian w.v. 'to shorten, trim' < *stunjan-. No fur-
ther etymology. The link with the PIE root *steud- (Pokorny IEW: 1032-4)
cannot be maintained in view the ablauting formations G stanzen w.v. 'to
press, cut out, punch' < *stantōn- and G stenzen w.v. 'to hit, beat' <
*stantjan-."		
alignment36-steal-ringe-past-sg	Ringe2017	271	282	2	2367	2372	*stal	6e89f8cfd49795878c6ba5efaa58b5f118fccda955bf9d416620dc34308dddc4	"It is striking that roots ending in *eCC, where both consonants are obstruents, also
belong to this ablaut class. Four or ﬁve such verbs are reconstructable for PGmc:
  *þreskaną, *þrask, *þruskun, *þruskanaz ‘thresh’ (cf. Goth. þriskan; OE þerscan,
     þærsc, þurscon, þorscen; OHG dreskan, *drask, druskun, gidroskan);
  *wreskwaną, *wraskw, *wruskun, *wruskwanaz ‘grow’ (cf. Goth. gawrisqand ‘they
     bear fruit’; ON ptc. roskinn ‘grown’);
  *ﬂehtaną, *ﬂaht, *ﬂuhtun, *ﬂuhtanaz ‘plait’ (OHG ﬂehtan, ﬂaht, ﬂuhtun, giﬂohtan;
     OE cpd. ﬂohtenfōt ‘with webbed feet’; Goth. derived noun dat. pl. ﬂahtom
     ‘(with) braids’; cognate with Lat. plectere);
  *fehtaną, *faht, *fuhtun, *fuhtanaz ‘ﬁght’ (OE feohtan, feaht, fuhton, fohten; OHG
     fehtan, faht, fuhtun, gifohtan; cognate with Lat. pectere ‘comb; thrash’).
A verb *hnesk(w)aną ‘soften’ can probably be inferred from the OHG ptc. fernoscenen
‘worn, rubbed’ and the adjective *hnaskuz ‘soft’ (cf. Goth. hnasqus, OE hnesċe).
All the examples but ‘ﬁght’ begin with CR-clusters; it seems clear that the *u of the
zero-grade forms originally arose from a syllabic sonorant, and that the sequence
*uR was adjusted on the model of the full-grade forms (e.g. *pl̥kt- > *fulht- ! *ﬂuht-;
see .. (i), .. (ii)). Seven more examples of roots of this type are well attested in
various subgroups of the family; very strikingly, all but one begin with CR-clusters,
and the remaining example, PWGmc *leskan ‘be extinguished’, begins with a son-
orant. Under the circumstances it is not very surprising that zero-grade *u has been
extended to ‘ﬁght’.
.. (i.d) The fourth strong class
Most of the verbs of this class exhibited roots ending in sonorants. So few are securely
reconstructable for PGmc that it seems reasonable to give a complete list:
  *beraną, *bar, *bērun, *buranaz ‘carry, bear’ (cf. Goth. baíran, bar, berun, baúrans;
     ON bera, bar, báru, borinn; OE beran, bær, bǣron, boren; OHG beran, bar,
     bārun, giboran);
  *teraną, *tar, *tērun, *turanaz ‘tear’ (cf. Goth. gataíran, gatar, *gaterun, gataúrans;
     OE teran, tær, tǣron, toren; OHG zeran, *zar, zārun, gizoran);
  *skeraną, *skar, *skērun, *skuranaz ‘shear’ (cf. ON skera, skar, skáru, skorinn; OE
     sċieran, sċear, sċēaron, sċoren; OHG skeran, *skar, skārun, giskoran; cognate
     with Gk κείρειν /ké:re:n/);
  *stelaną, *stal, *stēlun, *stulanaz ‘steal’ (cf. Goth. stilan; ON stela, stal, stálu,
     stolinn; OE stelan, stæl, stǣlon, stolen; OHG stelan, stal, stālun, gistolan);
  *dwelaną, *dwal, *dwēlun, *d(w)ulanaz ‘be confused’ (cf. OHG ar-twelan, in-twal,
     ar-twālun, gi-twolan ‘be sluggish’; OE ptc. ġedwolen ‘confused’; Goth. derivative
     dwals ‘foolish’);
  *helaną, *hal, *hēlun, *hulanaz ‘hide’ (cf. OE helan, hæl, hǣlon, holen; OHG helan,
     hal, hālun, giholan; cognate with OIr. sg. ceilid);"		
alignment36-steal-ringe-past-pl	Ringe2017	271	282	2	2374	2381	*stēlun	6e89f8cfd49795878c6ba5efaa58b5f118fccda955bf9d416620dc34308dddc4	"It is striking that roots ending in *eCC, where both consonants are obstruents, also
belong to this ablaut class. Four or ﬁve such verbs are reconstructable for PGmc:
  *þreskaną, *þrask, *þruskun, *þruskanaz ‘thresh’ (cf. Goth. þriskan; OE þerscan,
     þærsc, þurscon, þorscen; OHG dreskan, *drask, druskun, gidroskan);
  *wreskwaną, *wraskw, *wruskun, *wruskwanaz ‘grow’ (cf. Goth. gawrisqand ‘they
     bear fruit’; ON ptc. roskinn ‘grown’);
  *ﬂehtaną, *ﬂaht, *ﬂuhtun, *ﬂuhtanaz ‘plait’ (OHG ﬂehtan, ﬂaht, ﬂuhtun, giﬂohtan;
     OE cpd. ﬂohtenfōt ‘with webbed feet’; Goth. derived noun dat. pl. ﬂahtom
     ‘(with) braids’; cognate with Lat. plectere);
  *fehtaną, *faht, *fuhtun, *fuhtanaz ‘ﬁght’ (OE feohtan, feaht, fuhton, fohten; OHG
     fehtan, faht, fuhtun, gifohtan; cognate with Lat. pectere ‘comb; thrash’).
A verb *hnesk(w)aną ‘soften’ can probably be inferred from the OHG ptc. fernoscenen
‘worn, rubbed’ and the adjective *hnaskuz ‘soft’ (cf. Goth. hnasqus, OE hnesċe).
All the examples but ‘ﬁght’ begin with CR-clusters; it seems clear that the *u of the
zero-grade forms originally arose from a syllabic sonorant, and that the sequence
*uR was adjusted on the model of the full-grade forms (e.g. *pl̥kt- > *fulht- ! *ﬂuht-;
see .. (i), .. (ii)). Seven more examples of roots of this type are well attested in
various subgroups of the family; very strikingly, all but one begin with CR-clusters,
and the remaining example, PWGmc *leskan ‘be extinguished’, begins with a son-
orant. Under the circumstances it is not very surprising that zero-grade *u has been
extended to ‘ﬁght’.
.. (i.d) The fourth strong class
Most of the verbs of this class exhibited roots ending in sonorants. So few are securely
reconstructable for PGmc that it seems reasonable to give a complete list:
  *beraną, *bar, *bērun, *buranaz ‘carry, bear’ (cf. Goth. baíran, bar, berun, baúrans;
     ON bera, bar, báru, borinn; OE beran, bær, bǣron, boren; OHG beran, bar,
     bārun, giboran);
  *teraną, *tar, *tērun, *turanaz ‘tear’ (cf. Goth. gataíran, gatar, *gaterun, gataúrans;
     OE teran, tær, tǣron, toren; OHG zeran, *zar, zārun, gizoran);
  *skeraną, *skar, *skērun, *skuranaz ‘shear’ (cf. ON skera, skar, skáru, skorinn; OE
     sċieran, sċear, sċēaron, sċoren; OHG skeran, *skar, skārun, giskoran; cognate
     with Gk κείρειν /ké:re:n/);
  *stelaną, *stal, *stēlun, *stulanaz ‘steal’ (cf. Goth. stilan; ON stela, stal, stálu,
     stolinn; OE stelan, stæl, stǣlon, stolen; OHG stelan, stal, stālun, gistolan);
  *dwelaną, *dwal, *dwēlun, *d(w)ulanaz ‘be confused’ (cf. OHG ar-twelan, in-twal,
     ar-twālun, gi-twolan ‘be sluggish’; OE ptc. ġedwolen ‘confused’; Goth. derivative
     dwals ‘foolish’);
  *helaną, *hal, *hēlun, *hulanaz ‘hide’ (cf. OE helan, hæl, hǣlon, holen; OHG helan,
     hal, hālun, giholan; cognate with OIr. sg. ceilid);"		
alignment36-steal-ringe-participle	Ringe2017	271	282	2	2383	2392	*stulanaz	6e89f8cfd49795878c6ba5efaa58b5f118fccda955bf9d416620dc34308dddc4	"It is striking that roots ending in *eCC, where both consonants are obstruents, also
belong to this ablaut class. Four or ﬁve such verbs are reconstructable for PGmc:
  *þreskaną, *þrask, *þruskun, *þruskanaz ‘thresh’ (cf. Goth. þriskan; OE þerscan,
     þærsc, þurscon, þorscen; OHG dreskan, *drask, druskun, gidroskan);
  *wreskwaną, *wraskw, *wruskun, *wruskwanaz ‘grow’ (cf. Goth. gawrisqand ‘they
     bear fruit’; ON ptc. roskinn ‘grown’);
  *ﬂehtaną, *ﬂaht, *ﬂuhtun, *ﬂuhtanaz ‘plait’ (OHG ﬂehtan, ﬂaht, ﬂuhtun, giﬂohtan;
     OE cpd. ﬂohtenfōt ‘with webbed feet’; Goth. derived noun dat. pl. ﬂahtom
     ‘(with) braids’; cognate with Lat. plectere);
  *fehtaną, *faht, *fuhtun, *fuhtanaz ‘ﬁght’ (OE feohtan, feaht, fuhton, fohten; OHG
     fehtan, faht, fuhtun, gifohtan; cognate with Lat. pectere ‘comb; thrash’).
A verb *hnesk(w)aną ‘soften’ can probably be inferred from the OHG ptc. fernoscenen
‘worn, rubbed’ and the adjective *hnaskuz ‘soft’ (cf. Goth. hnasqus, OE hnesċe).
All the examples but ‘ﬁght’ begin with CR-clusters; it seems clear that the *u of the
zero-grade forms originally arose from a syllabic sonorant, and that the sequence
*uR was adjusted on the model of the full-grade forms (e.g. *pl̥kt- > *fulht- ! *ﬂuht-;
see .. (i), .. (ii)). Seven more examples of roots of this type are well attested in
various subgroups of the family; very strikingly, all but one begin with CR-clusters,
and the remaining example, PWGmc *leskan ‘be extinguished’, begins with a son-
orant. Under the circumstances it is not very surprising that zero-grade *u has been
extended to ‘ﬁght’.
.. (i.d) The fourth strong class
Most of the verbs of this class exhibited roots ending in sonorants. So few are securely
reconstructable for PGmc that it seems reasonable to give a complete list:
  *beraną, *bar, *bērun, *buranaz ‘carry, bear’ (cf. Goth. baíran, bar, berun, baúrans;
     ON bera, bar, báru, borinn; OE beran, bær, bǣron, boren; OHG beran, bar,
     bārun, giboran);
  *teraną, *tar, *tērun, *turanaz ‘tear’ (cf. Goth. gataíran, gatar, *gaterun, gataúrans;
     OE teran, tær, tǣron, toren; OHG zeran, *zar, zārun, gizoran);
  *skeraną, *skar, *skērun, *skuranaz ‘shear’ (cf. ON skera, skar, skáru, skorinn; OE
     sċieran, sċear, sċēaron, sċoren; OHG skeran, *skar, skārun, giskoran; cognate
     with Gk κείρειν /ké:re:n/);
  *stelaną, *stal, *stēlun, *stulanaz ‘steal’ (cf. Goth. stilan; ON stela, stal, stálu,
     stolinn; OE stelan, stæl, stǣlon, stolen; OHG stelan, stal, stālun, gistolan);
  *dwelaną, *dwal, *dwēlun, *d(w)ulanaz ‘be confused’ (cf. OHG ar-twelan, in-twal,
     ar-twālun, gi-twolan ‘be sluggish’; OE ptc. ġedwolen ‘confused’; Goth. derivative
     dwals ‘foolish’);
  *helaną, *hal, *hēlun, *hulanaz ‘hide’ (cf. OE helan, hæl, hǣlon, holen; OHG helan,
     hal, hālun, giholan; cognate with OIr. sg. ceilid);"		
alignment36-steal-ringe-oe-present	Ringe2017	271	282	2	2460	2466	stelan	6e89f8cfd49795878c6ba5efaa58b5f118fccda955bf9d416620dc34308dddc4	"It is striking that roots ending in *eCC, where both consonants are obstruents, also
belong to this ablaut class. Four or ﬁve such verbs are reconstructable for PGmc:
  *þreskaną, *þrask, *þruskun, *þruskanaz ‘thresh’ (cf. Goth. þriskan; OE þerscan,
     þærsc, þurscon, þorscen; OHG dreskan, *drask, druskun, gidroskan);
  *wreskwaną, *wraskw, *wruskun, *wruskwanaz ‘grow’ (cf. Goth. gawrisqand ‘they
     bear fruit’; ON ptc. roskinn ‘grown’);
  *ﬂehtaną, *ﬂaht, *ﬂuhtun, *ﬂuhtanaz ‘plait’ (OHG ﬂehtan, ﬂaht, ﬂuhtun, giﬂohtan;
     OE cpd. ﬂohtenfōt ‘with webbed feet’; Goth. derived noun dat. pl. ﬂahtom
     ‘(with) braids’; cognate with Lat. plectere);
  *fehtaną, *faht, *fuhtun, *fuhtanaz ‘ﬁght’ (OE feohtan, feaht, fuhton, fohten; OHG
     fehtan, faht, fuhtun, gifohtan; cognate with Lat. pectere ‘comb; thrash’).
A verb *hnesk(w)aną ‘soften’ can probably be inferred from the OHG ptc. fernoscenen
‘worn, rubbed’ and the adjective *hnaskuz ‘soft’ (cf. Goth. hnasqus, OE hnesċe).
All the examples but ‘ﬁght’ begin with CR-clusters; it seems clear that the *u of the
zero-grade forms originally arose from a syllabic sonorant, and that the sequence
*uR was adjusted on the model of the full-grade forms (e.g. *pl̥kt- > *fulht- ! *ﬂuht-;
see .. (i), .. (ii)). Seven more examples of roots of this type are well attested in
various subgroups of the family; very strikingly, all but one begin with CR-clusters,
and the remaining example, PWGmc *leskan ‘be extinguished’, begins with a son-
orant. Under the circumstances it is not very surprising that zero-grade *u has been
extended to ‘ﬁght’.
.. (i.d) The fourth strong class
Most of the verbs of this class exhibited roots ending in sonorants. So few are securely
reconstructable for PGmc that it seems reasonable to give a complete list:
  *beraną, *bar, *bērun, *buranaz ‘carry, bear’ (cf. Goth. baíran, bar, berun, baúrans;
     ON bera, bar, báru, borinn; OE beran, bær, bǣron, boren; OHG beran, bar,
     bārun, giboran);
  *teraną, *tar, *tērun, *turanaz ‘tear’ (cf. Goth. gataíran, gatar, *gaterun, gataúrans;
     OE teran, tær, tǣron, toren; OHG zeran, *zar, zārun, gizoran);
  *skeraną, *skar, *skērun, *skuranaz ‘shear’ (cf. ON skera, skar, skáru, skorinn; OE
     sċieran, sċear, sċēaron, sċoren; OHG skeran, *skar, skārun, giskoran; cognate
     with Gk κείρειν /ké:re:n/);
  *stelaną, *stal, *stēlun, *stulanaz ‘steal’ (cf. Goth. stilan; ON stela, stal, stálu,
     stolinn; OE stelan, stæl, stǣlon, stolen; OHG stelan, stal, stālun, gistolan);
  *dwelaną, *dwal, *dwēlun, *d(w)ulanaz ‘be confused’ (cf. OHG ar-twelan, in-twal,
     ar-twālun, gi-twolan ‘be sluggish’; OE ptc. ġedwolen ‘confused’; Goth. derivative
     dwals ‘foolish’);
  *helaną, *hal, *hēlun, *hulanaz ‘hide’ (cf. OE helan, hæl, hǣlon, holen; OHG helan,
     hal, hālun, giholan; cognate with OIr. sg. ceilid);"		
alignment36-steal-ringe-oe-past-sg	Ringe2017	271	282	2	2468	2472	stæl	6e89f8cfd49795878c6ba5efaa58b5f118fccda955bf9d416620dc34308dddc4	"It is striking that roots ending in *eCC, where both consonants are obstruents, also
belong to this ablaut class. Four or ﬁve such verbs are reconstructable for PGmc:
  *þreskaną, *þrask, *þruskun, *þruskanaz ‘thresh’ (cf. Goth. þriskan; OE þerscan,
     þærsc, þurscon, þorscen; OHG dreskan, *drask, druskun, gidroskan);
  *wreskwaną, *wraskw, *wruskun, *wruskwanaz ‘grow’ (cf. Goth. gawrisqand ‘they
     bear fruit’; ON ptc. roskinn ‘grown’);
  *ﬂehtaną, *ﬂaht, *ﬂuhtun, *ﬂuhtanaz ‘plait’ (OHG ﬂehtan, ﬂaht, ﬂuhtun, giﬂohtan;
     OE cpd. ﬂohtenfōt ‘with webbed feet’; Goth. derived noun dat. pl. ﬂahtom
     ‘(with) braids’; cognate with Lat. plectere);
  *fehtaną, *faht, *fuhtun, *fuhtanaz ‘ﬁght’ (OE feohtan, feaht, fuhton, fohten; OHG
     fehtan, faht, fuhtun, gifohtan; cognate with Lat. pectere ‘comb; thrash’).
A verb *hnesk(w)aną ‘soften’ can probably be inferred from the OHG ptc. fernoscenen
‘worn, rubbed’ and the adjective *hnaskuz ‘soft’ (cf. Goth. hnasqus, OE hnesċe).
All the examples but ‘ﬁght’ begin with CR-clusters; it seems clear that the *u of the
zero-grade forms originally arose from a syllabic sonorant, and that the sequence
*uR was adjusted on the model of the full-grade forms (e.g. *pl̥kt- > *fulht- ! *ﬂuht-;
see .. (i), .. (ii)). Seven more examples of roots of this type are well attested in
various subgroups of the family; very strikingly, all but one begin with CR-clusters,
and the remaining example, PWGmc *leskan ‘be extinguished’, begins with a son-
orant. Under the circumstances it is not very surprising that zero-grade *u has been
extended to ‘ﬁght’.
.. (i.d) The fourth strong class
Most of the verbs of this class exhibited roots ending in sonorants. So few are securely
reconstructable for PGmc that it seems reasonable to give a complete list:
  *beraną, *bar, *bērun, *buranaz ‘carry, bear’ (cf. Goth. baíran, bar, berun, baúrans;
     ON bera, bar, báru, borinn; OE beran, bær, bǣron, boren; OHG beran, bar,
     bārun, giboran);
  *teraną, *tar, *tērun, *turanaz ‘tear’ (cf. Goth. gataíran, gatar, *gaterun, gataúrans;
     OE teran, tær, tǣron, toren; OHG zeran, *zar, zārun, gizoran);
  *skeraną, *skar, *skērun, *skuranaz ‘shear’ (cf. ON skera, skar, skáru, skorinn; OE
     sċieran, sċear, sċēaron, sċoren; OHG skeran, *skar, skārun, giskoran; cognate
     with Gk κείρειν /ké:re:n/);
  *stelaną, *stal, *stēlun, *stulanaz ‘steal’ (cf. Goth. stilan; ON stela, stal, stálu,
     stolinn; OE stelan, stæl, stǣlon, stolen; OHG stelan, stal, stālun, gistolan);
  *dwelaną, *dwal, *dwēlun, *d(w)ulanaz ‘be confused’ (cf. OHG ar-twelan, in-twal,
     ar-twālun, gi-twolan ‘be sluggish’; OE ptc. ġedwolen ‘confused’; Goth. derivative
     dwals ‘foolish’);
  *helaną, *hal, *hēlun, *hulanaz ‘hide’ (cf. OE helan, hæl, hǣlon, holen; OHG helan,
     hal, hālun, giholan; cognate with OIr. sg. ceilid);"		
alignment36-steal-ringe-oe-past-pl	Ringe2017	271	282	2	2474	2481	stǣlon	6e89f8cfd49795878c6ba5efaa58b5f118fccda955bf9d416620dc34308dddc4	"It is striking that roots ending in *eCC, where both consonants are obstruents, also
belong to this ablaut class. Four or ﬁve such verbs are reconstructable for PGmc:
  *þreskaną, *þrask, *þruskun, *þruskanaz ‘thresh’ (cf. Goth. þriskan; OE þerscan,
     þærsc, þurscon, þorscen; OHG dreskan, *drask, druskun, gidroskan);
  *wreskwaną, *wraskw, *wruskun, *wruskwanaz ‘grow’ (cf. Goth. gawrisqand ‘they
     bear fruit’; ON ptc. roskinn ‘grown’);
  *ﬂehtaną, *ﬂaht, *ﬂuhtun, *ﬂuhtanaz ‘plait’ (OHG ﬂehtan, ﬂaht, ﬂuhtun, giﬂohtan;
     OE cpd. ﬂohtenfōt ‘with webbed feet’; Goth. derived noun dat. pl. ﬂahtom
     ‘(with) braids’; cognate with Lat. plectere);
  *fehtaną, *faht, *fuhtun, *fuhtanaz ‘ﬁght’ (OE feohtan, feaht, fuhton, fohten; OHG
     fehtan, faht, fuhtun, gifohtan; cognate with Lat. pectere ‘comb; thrash’).
A verb *hnesk(w)aną ‘soften’ can probably be inferred from the OHG ptc. fernoscenen
‘worn, rubbed’ and the adjective *hnaskuz ‘soft’ (cf. Goth. hnasqus, OE hnesċe).
All the examples but ‘ﬁght’ begin with CR-clusters; it seems clear that the *u of the
zero-grade forms originally arose from a syllabic sonorant, and that the sequence
*uR was adjusted on the model of the full-grade forms (e.g. *pl̥kt- > *fulht- ! *ﬂuht-;
see .. (i), .. (ii)). Seven more examples of roots of this type are well attested in
various subgroups of the family; very strikingly, all but one begin with CR-clusters,
and the remaining example, PWGmc *leskan ‘be extinguished’, begins with a son-
orant. Under the circumstances it is not very surprising that zero-grade *u has been
extended to ‘ﬁght’.
.. (i.d) The fourth strong class
Most of the verbs of this class exhibited roots ending in sonorants. So few are securely
reconstructable for PGmc that it seems reasonable to give a complete list:
  *beraną, *bar, *bērun, *buranaz ‘carry, bear’ (cf. Goth. baíran, bar, berun, baúrans;
     ON bera, bar, báru, borinn; OE beran, bær, bǣron, boren; OHG beran, bar,
     bārun, giboran);
  *teraną, *tar, *tērun, *turanaz ‘tear’ (cf. Goth. gataíran, gatar, *gaterun, gataúrans;
     OE teran, tær, tǣron, toren; OHG zeran, *zar, zārun, gizoran);
  *skeraną, *skar, *skērun, *skuranaz ‘shear’ (cf. ON skera, skar, skáru, skorinn; OE
     sċieran, sċear, sċēaron, sċoren; OHG skeran, *skar, skārun, giskoran; cognate
     with Gk κείρειν /ké:re:n/);
  *stelaną, *stal, *stēlun, *stulanaz ‘steal’ (cf. Goth. stilan; ON stela, stal, stálu,
     stolinn; OE stelan, stæl, stǣlon, stolen; OHG stelan, stal, stālun, gistolan);
  *dwelaną, *dwal, *dwēlun, *d(w)ulanaz ‘be confused’ (cf. OHG ar-twelan, in-twal,
     ar-twālun, gi-twolan ‘be sluggish’; OE ptc. ġedwolen ‘confused’; Goth. derivative
     dwals ‘foolish’);
  *helaną, *hal, *hēlun, *hulanaz ‘hide’ (cf. OE helan, hæl, hǣlon, holen; OHG helan,
     hal, hālun, giholan; cognate with OIr. sg. ceilid);"		
alignment36-steal-ringe-oe-participle	Ringe2017	271	282	2	2483	2489	stolen	6e89f8cfd49795878c6ba5efaa58b5f118fccda955bf9d416620dc34308dddc4	"It is striking that roots ending in *eCC, where both consonants are obstruents, also
belong to this ablaut class. Four or ﬁve such verbs are reconstructable for PGmc:
  *þreskaną, *þrask, *þruskun, *þruskanaz ‘thresh’ (cf. Goth. þriskan; OE þerscan,
     þærsc, þurscon, þorscen; OHG dreskan, *drask, druskun, gidroskan);
  *wreskwaną, *wraskw, *wruskun, *wruskwanaz ‘grow’ (cf. Goth. gawrisqand ‘they
     bear fruit’; ON ptc. roskinn ‘grown’);
  *ﬂehtaną, *ﬂaht, *ﬂuhtun, *ﬂuhtanaz ‘plait’ (OHG ﬂehtan, ﬂaht, ﬂuhtun, giﬂohtan;
     OE cpd. ﬂohtenfōt ‘with webbed feet’; Goth. derived noun dat. pl. ﬂahtom
     ‘(with) braids’; cognate with Lat. plectere);
  *fehtaną, *faht, *fuhtun, *fuhtanaz ‘ﬁght’ (OE feohtan, feaht, fuhton, fohten; OHG
     fehtan, faht, fuhtun, gifohtan; cognate with Lat. pectere ‘comb; thrash’).
A verb *hnesk(w)aną ‘soften’ can probably be inferred from the OHG ptc. fernoscenen
‘worn, rubbed’ and the adjective *hnaskuz ‘soft’ (cf. Goth. hnasqus, OE hnesċe).
All the examples but ‘ﬁght’ begin with CR-clusters; it seems clear that the *u of the
zero-grade forms originally arose from a syllabic sonorant, and that the sequence
*uR was adjusted on the model of the full-grade forms (e.g. *pl̥kt- > *fulht- ! *ﬂuht-;
see .. (i), .. (ii)). Seven more examples of roots of this type are well attested in
various subgroups of the family; very strikingly, all but one begin with CR-clusters,
and the remaining example, PWGmc *leskan ‘be extinguished’, begins with a son-
orant. Under the circumstances it is not very surprising that zero-grade *u has been
extended to ‘ﬁght’.
.. (i.d) The fourth strong class
Most of the verbs of this class exhibited roots ending in sonorants. So few are securely
reconstructable for PGmc that it seems reasonable to give a complete list:
  *beraną, *bar, *bērun, *buranaz ‘carry, bear’ (cf. Goth. baíran, bar, berun, baúrans;
     ON bera, bar, báru, borinn; OE beran, bær, bǣron, boren; OHG beran, bar,
     bārun, giboran);
  *teraną, *tar, *tērun, *turanaz ‘tear’ (cf. Goth. gataíran, gatar, *gaterun, gataúrans;
     OE teran, tær, tǣron, toren; OHG zeran, *zar, zārun, gizoran);
  *skeraną, *skar, *skērun, *skuranaz ‘shear’ (cf. ON skera, skar, skáru, skorinn; OE
     sċieran, sċear, sċēaron, sċoren; OHG skeran, *skar, skārun, giskoran; cognate
     with Gk κείρειν /ké:re:n/);
  *stelaną, *stal, *stēlun, *stulanaz ‘steal’ (cf. Goth. stilan; ON stela, stal, stálu,
     stolinn; OE stelan, stæl, stǣlon, stolen; OHG stelan, stal, stālun, gistolan);
  *dwelaną, *dwal, *dwēlun, *d(w)ulanaz ‘be confused’ (cf. OHG ar-twelan, in-twal,
     ar-twālun, gi-twolan ‘be sluggish’; OE ptc. ġedwolen ‘confused’; Goth. derivative
     dwals ‘foolish’);
  *helaną, *hal, *hēlun, *hulanaz ‘hide’ (cf. OE helan, hæl, hǣlon, holen; OHG helan,
     hal, hālun, giholan; cognate with OIr. sg. ceilid);"		
alignment36-steal-fulk-participle	Fulk2018	56	73	1	1210	1219	*stulanaz	d51b6d1661d69d30aead39f32ae5630f458b03cf14a13162ceedbf59162fe6d9	"56
A Comparative Grammar of the Early Germanic Languages
they tend to change in symmetrical fashion, and asymmetrical systems tend to be un-
stable (see, e.g., McMahon 1994: 28). Unsurprisingly, then, there is abundant evidence
that [o] arose again at a fairly early date, as a result of distance assimilation in vowels:
when u stood before a mid or low vowel in the next syllable (i.e., /a/ or /o(:)/, since /e/
had been virtually eliminated in unstressed syllables: see §5.5), it was lowered to o.
That this is a relatively early development is shown by a form like OE scolu, OS skola
'troop, shoal' < *skulō, since final -ō became -u in the fifth century, to judge by the
evidence of Runic inscriptions.¹ Lowering of u is also discernible in some early Runic
inscriptions, e.g. horna (Gallehus horn 2, ca. 400 CE; see Stiles 2012). The change is
not demonstrable in Gothic, where u is retained everywhere except before /r/ and /x/
(§4.5), but it is plainly evident elsewhere in Gmc. It is particularly plain in the past par-
ticiples of strong verbs of the fourth class, but it is evident in many other grammatical
categories, as well. Examples: Olcel. stolinn, OHG OS gi-stolan, OE stolen 'stolen' <
PGmc. *stulanaz < *stel-; OHG tor, OE OS dor 'door' < PIE *dhuron (cf. Gk.
лpółopov 'front door'); OHG bodam, Olcel. botn, OE botm = Gk. μy 'bottom' <
*bhudh-men-; OIcel. ok, OE geoc, OHG joh beside juh and OS juk² = Gk. Çvyóv, Lat.
jugum 'yoke' < PIE *įugom; OHG OS OE OFris. gold, Olcel. gull beside goll 'gold' <
PGmc. *3ulpa"". This lowering is prevented before a tautosyllabic nasal consonant, e.g.
in OE pp. wunden ‘wound' < *wundanaz and Olcel. sund ‘swimming' < *sunda”. It
appears that it was also prevented by a heterosyllabic nasal, as in OE fruma 'beginning',
guma ‘man', cuman ‘come', though OS and OHG show instances of o beside u, e.g. OS
gomo beside usual gumo; lowering in Olcel. koma 'come' (cf. Olcel. oblique guma) is
due to a-umlaut, a specifically Norse development (§4.8). Lowering is prevented also
when j preceded the non-high vowel conditioning the change: cf. OE cnyssan 'knock',
trymman 'strengthen' (not †cnessan, *tremman) < *knusjana”, *trumjana"".
It is plain, as well, that PGmc. i might be lowered to e in parallel fashion before a
mid or low vowel in the next syllable.³ Undeniable examples are OE OHG nest ‘nest' <
PIE *nizdos (cf. Skt. nīḍáḥ, Lat. nīdus, Middle Irish net, Lith. lizdas 'nest'), from *ni-
as in OE niper ‘down' plus *-zd- as in full-grade Lat. sedeō 'sit'; and OS OFris. OE
wer(-) 'person, man', OIcel. verr ‘man' (cf. Lat. vir, Welsh gŵr 'man'). Gothic, once
again, stands apart, since PIE i in that language is reflected as aí (probably /ɛ/ or /e/)
before /r, x, xw/, otherwise i (§4.5). The only other secure example in OE is spec
‘bacon' beside spic, 4 but the change is well attested outside of Anglo-Frisian, e.g. Olcel.
heðan 'hence' (note the absence of a-fracture (§4.8), and cf. early hiðra ‘here' = OE
hider, later Olcel. heðra by analogy); OHG quec, OS quec- (beside usual quik) 'live',
OFris. quec (beside usual quik) ‘'cattle' (cf. PIE * gihзu̟- in OE cwicu 'live', OIr. bith
'world, life'); rare OIcel. stegi beside stigi ‘ladder' (cf. stíga ‘step', Gk. στɛixo ‘walk' <
*steigh-); OHG lebara, MLG lever (cf. Olcel. lifr, OE lifer, OFris. livere) ‘liver' = Gk.
λnapós 'fat, greasy'. The change is most regular in High German (see Braune 2004a:
§31), least regular in English (A. Campbell 1977: §114). Plainly, the results of the
lowering of i are much less systematic than those for the lowering of u, and in
NWGmc., i and e alternated in many words, depending on whether or not a high vowel
appeared in the following syllable. This created a situation ripe for analogical change on
either an inter- or an intraparadigmatic basis, with leveling away of e being the
commonest result. 5 Because the distribution of /i/ and /e/ is so different in Gothic,
methodologically it is best to assume that the change of i to e is a development of
NWGmc., but it is not impossible that the change should have taken place in PGmc.,6
and indeed, it may have been the irregularities produced by this change that prompted"		
alignment36-steal-fulk-root	Fulk2018	56	73	1	1222	1228	*stel-	d51b6d1661d69d30aead39f32ae5630f458b03cf14a13162ceedbf59162fe6d9	"56
A Comparative Grammar of the Early Germanic Languages
they tend to change in symmetrical fashion, and asymmetrical systems tend to be un-
stable (see, e.g., McMahon 1994: 28). Unsurprisingly, then, there is abundant evidence
that [o] arose again at a fairly early date, as a result of distance assimilation in vowels:
when u stood before a mid or low vowel in the next syllable (i.e., /a/ or /o(:)/, since /e/
had been virtually eliminated in unstressed syllables: see §5.5), it was lowered to o.
That this is a relatively early development is shown by a form like OE scolu, OS skola
'troop, shoal' < *skulō, since final -ō became -u in the fifth century, to judge by the
evidence of Runic inscriptions.¹ Lowering of u is also discernible in some early Runic
inscriptions, e.g. horna (Gallehus horn 2, ca. 400 CE; see Stiles 2012). The change is
not demonstrable in Gothic, where u is retained everywhere except before /r/ and /x/
(§4.5), but it is plainly evident elsewhere in Gmc. It is particularly plain in the past par-
ticiples of strong verbs of the fourth class, but it is evident in many other grammatical
categories, as well. Examples: Olcel. stolinn, OHG OS gi-stolan, OE stolen 'stolen' <
PGmc. *stulanaz < *stel-; OHG tor, OE OS dor 'door' < PIE *dhuron (cf. Gk.
лpółopov 'front door'); OHG bodam, Olcel. botn, OE botm = Gk. μy 'bottom' <
*bhudh-men-; OIcel. ok, OE geoc, OHG joh beside juh and OS juk² = Gk. Çvyóv, Lat.
jugum 'yoke' < PIE *įugom; OHG OS OE OFris. gold, Olcel. gull beside goll 'gold' <
PGmc. *3ulpa"". This lowering is prevented before a tautosyllabic nasal consonant, e.g.
in OE pp. wunden ‘wound' < *wundanaz and Olcel. sund ‘swimming' < *sunda”. It
appears that it was also prevented by a heterosyllabic nasal, as in OE fruma 'beginning',
guma ‘man', cuman ‘come', though OS and OHG show instances of o beside u, e.g. OS
gomo beside usual gumo; lowering in Olcel. koma 'come' (cf. Olcel. oblique guma) is
due to a-umlaut, a specifically Norse development (§4.8). Lowering is prevented also
when j preceded the non-high vowel conditioning the change: cf. OE cnyssan 'knock',
trymman 'strengthen' (not †cnessan, *tremman) < *knusjana”, *trumjana"".
It is plain, as well, that PGmc. i might be lowered to e in parallel fashion before a
mid or low vowel in the next syllable.³ Undeniable examples are OE OHG nest ‘nest' <
PIE *nizdos (cf. Skt. nīḍáḥ, Lat. nīdus, Middle Irish net, Lith. lizdas 'nest'), from *ni-
as in OE niper ‘down' plus *-zd- as in full-grade Lat. sedeō 'sit'; and OS OFris. OE
wer(-) 'person, man', OIcel. verr ‘man' (cf. Lat. vir, Welsh gŵr 'man'). Gothic, once
again, stands apart, since PIE i in that language is reflected as aí (probably /ɛ/ or /e/)
before /r, x, xw/, otherwise i (§4.5). The only other secure example in OE is spec
‘bacon' beside spic, 4 but the change is well attested outside of Anglo-Frisian, e.g. Olcel.
heðan 'hence' (note the absence of a-fracture (§4.8), and cf. early hiðra ‘here' = OE
hider, later Olcel. heðra by analogy); OHG quec, OS quec- (beside usual quik) 'live',
OFris. quec (beside usual quik) ‘'cattle' (cf. PIE * gihзu̟- in OE cwicu 'live', OIr. bith
'world, life'); rare OIcel. stegi beside stigi ‘ladder' (cf. stíga ‘step', Gk. στɛixo ‘walk' <
*steigh-); OHG lebara, MLG lever (cf. Olcel. lifr, OE lifer, OFris. livere) ‘liver' = Gk.
λnapós 'fat, greasy'. The change is most regular in High German (see Braune 2004a:
§31), least regular in English (A. Campbell 1977: §114). Plainly, the results of the
lowering of i are much less systematic than those for the lowering of u, and in
NWGmc., i and e alternated in many words, depending on whether or not a high vowel
appeared in the following syllable. This created a situation ripe for analogical change on
either an inter- or an intraparadigmatic basis, with leveling away of e being the
commonest result. 5 Because the distribution of /i/ and /e/ is so different in Gothic,
methodologically it is best to assume that the change of i to e is a development of
NWGmc., but it is not impossible that the change should have taken place in PGmc.,6
and indeed, it may have been the irregularities produced by this change that prompted"		
alignment36-steal-fulk-oe-participle	Fulk2018	56	73	1	1186	1192	stolen	d51b6d1661d69d30aead39f32ae5630f458b03cf14a13162ceedbf59162fe6d9	"56
A Comparative Grammar of the Early Germanic Languages
they tend to change in symmetrical fashion, and asymmetrical systems tend to be un-
stable (see, e.g., McMahon 1994: 28). Unsurprisingly, then, there is abundant evidence
that [o] arose again at a fairly early date, as a result of distance assimilation in vowels:
when u stood before a mid or low vowel in the next syllable (i.e., /a/ or /o(:)/, since /e/
had been virtually eliminated in unstressed syllables: see §5.5), it was lowered to o.
That this is a relatively early development is shown by a form like OE scolu, OS skola
'troop, shoal' < *skulō, since final -ō became -u in the fifth century, to judge by the
evidence of Runic inscriptions.¹ Lowering of u is also discernible in some early Runic
inscriptions, e.g. horna (Gallehus horn 2, ca. 400 CE; see Stiles 2012). The change is
not demonstrable in Gothic, where u is retained everywhere except before /r/ and /x/
(§4.5), but it is plainly evident elsewhere in Gmc. It is particularly plain in the past par-
ticiples of strong verbs of the fourth class, but it is evident in many other grammatical
categories, as well. Examples: Olcel. stolinn, OHG OS gi-stolan, OE stolen 'stolen' <
PGmc. *stulanaz < *stel-; OHG tor, OE OS dor 'door' < PIE *dhuron (cf. Gk.
лpółopov 'front door'); OHG bodam, Olcel. botn, OE botm = Gk. μy 'bottom' <
*bhudh-men-; OIcel. ok, OE geoc, OHG joh beside juh and OS juk² = Gk. Çvyóv, Lat.
jugum 'yoke' < PIE *įugom; OHG OS OE OFris. gold, Olcel. gull beside goll 'gold' <
PGmc. *3ulpa"". This lowering is prevented before a tautosyllabic nasal consonant, e.g.
in OE pp. wunden ‘wound' < *wundanaz and Olcel. sund ‘swimming' < *sunda”. It
appears that it was also prevented by a heterosyllabic nasal, as in OE fruma 'beginning',
guma ‘man', cuman ‘come', though OS and OHG show instances of o beside u, e.g. OS
gomo beside usual gumo; lowering in Olcel. koma 'come' (cf. Olcel. oblique guma) is
due to a-umlaut, a specifically Norse development (§4.8). Lowering is prevented also
when j preceded the non-high vowel conditioning the change: cf. OE cnyssan 'knock',
trymman 'strengthen' (not †cnessan, *tremman) < *knusjana”, *trumjana"".
It is plain, as well, that PGmc. i might be lowered to e in parallel fashion before a
mid or low vowel in the next syllable.³ Undeniable examples are OE OHG nest ‘nest' <
PIE *nizdos (cf. Skt. nīḍáḥ, Lat. nīdus, Middle Irish net, Lith. lizdas 'nest'), from *ni-
as in OE niper ‘down' plus *-zd- as in full-grade Lat. sedeō 'sit'; and OS OFris. OE
wer(-) 'person, man', OIcel. verr ‘man' (cf. Lat. vir, Welsh gŵr 'man'). Gothic, once
again, stands apart, since PIE i in that language is reflected as aí (probably /ɛ/ or /e/)
before /r, x, xw/, otherwise i (§4.5). The only other secure example in OE is spec
‘bacon' beside spic, 4 but the change is well attested outside of Anglo-Frisian, e.g. Olcel.
heðan 'hence' (note the absence of a-fracture (§4.8), and cf. early hiðra ‘here' = OE
hider, later Olcel. heðra by analogy); OHG quec, OS quec- (beside usual quik) 'live',
OFris. quec (beside usual quik) ‘'cattle' (cf. PIE * gihзu̟- in OE cwicu 'live', OIr. bith
'world, life'); rare OIcel. stegi beside stigi ‘ladder' (cf. stíga ‘step', Gk. στɛixo ‘walk' <
*steigh-); OHG lebara, MLG lever (cf. Olcel. lifr, OE lifer, OFris. livere) ‘liver' = Gk.
λnapós 'fat, greasy'. The change is most regular in High German (see Braune 2004a:
§31), least regular in English (A. Campbell 1977: §114). Plainly, the results of the
lowering of i are much less systematic than those for the lowering of u, and in
NWGmc., i and e alternated in many words, depending on whether or not a high vowel
appeared in the following syllable. This created a situation ripe for analogical change on
either an inter- or an intraparadigmatic basis, with leveling away of e being the
commonest result. 5 Because the distribution of /i/ and /e/ is so different in Gothic,
methodologically it is best to assume that the change of i to e is a development of
NWGmc., but it is not impossible that the change should have taken place in PGmc.,6
and indeed, it may have been the irregularities produced by this change that prompted"		
alignment36-steal-fulk-theft	Fulk2018	52	69	1	3516	3521	stalu	b1ea63ba04fef19b1cd4b83945fc7c29f7817467e06091bc9372f73ae5bcaf0a	"52
A Comparative Grammar of the Early Germanic Languages
Connolly 1979, 1999, and cf. Polomé 1988: 384-401, Voyles 1989b, 1999,
Müller 2007: 159.
(d) Miscellaneous sources of 2 include lengthening and lowering of i upon loss of a
following anteconsonantal z (a sound that arose in PIE in those rare instances in
which s came to stand before a voiced stop), the securest example being OE mēd,
OS mēda, OHG miata ‘reward' beside Go. mizdō, OE meord ‘reward' < PIE
*mizdhó- in Gk. µσłóç ‘wages', OCS múzda, ‘reward', Skt. mīḍhá- ‘prize'. If
the OHG demonstrative dē, die corresponds to Go. þái (see §8.10), ai may be
supposed to have developed to 2 in NWGmc. unstressed syllables and then to
have been extended to stressed forms of the demonstrative (so Karstien 1921:
53).
(e) Influential has been the hypothesis of van Coetsem (1956, 1970: 55–8, 1997) that at
least some instances of 2 are to be derived from PIE ei before a low vowel in the
next syllable. This could account for alternations like OHG stiaga 'path' ~ stīgan
'ascend'. See also Knapp 1974, van Loon 1986.
1. To explain how the two e-sounds failed to coalesce it is sometimes assumed that PIE ē became PGmc. a.
This is also a step in the direction of ā, the NGmc. and, in part, WGmc. reflex of PIE ē, but this assumption
requires that a have reverted to ē in Gothic, and at all events there are other possible values for the PGmc.
reflex of PIE ē. The representation ē, is preferred here for its relative abstractness. See §3.3 n. 2.
2. There also occur OS OFris. hīr. The derivation of this word is disputed. It is plainly related to Lat. cis 'on
this side', but 2 has been derived from *ēi (Jellinek: see below) and by lengthening and lowering of i (Ringe
1984). The latter explanation seems more probable in view of parallel forms, e.g. Go. þar 'there', har
'where?'. For references, see Orel 2003: 172, and cf. Jörundur Hilmarsson 1991. For further possible sources,
see Hirt 1931-4: I §29.4.
3. In addition to works devoted specifically to the development of the reduplicated preterites in NWGmc.
(references in §12.20), see Sievers 1892: 238-57, Holthausen 1891, van Helten 1896: 438-45, idem 1908,
Lehmann 1952: 66-73, Grønvik 1998b: 91-5.
4. See esp. Polomé 1988: 384-401; van Coetsem 1997; Kortlandt 2006a; for the earlier literature, see
Streitberg 1896: §79, Hirt 1931–4: I, §29.4.
3.6
Ablaut in Proto-Germanic
Whereas PIE ablaut alternations (§3.1) were not extensively maintained in most IE lan-
guages, ablaut came to play an important grammatical role in Gmc., where it differ-
entiates the stems used to form the principal parts of strong verbs, and thus it serves as
an indicator of tense and/or number, or participial function. Unsurprisingly, then, ablaut
alternations are most plainly observable in strong verbs: see §12.11 for an overview of
the relevant alternations in this grammatical category. Ablaut alternations are evident,
however, in other grammatical contexts, as well. One fairly regular correspondence is
between strong verb stems with PIE e and derivatives, either verbal or nominal, with
PIE o. Weak verbs of class 1 provide many examples, e.g. Go. strong ga-nisan 'be
saved' beside weak nasjan 'save', strong siggan 'sink' (intrans.) beside weak sagqjan
(trans.), strong af-leipan 'depart' beside OE weak lædan ‘lead' < *laiðjan < *laiþjána"".
Similarly, beside strong verb stems with e-grade there occur fem. abstract nouns with o-
grade, e.g. Go. bi-leiban ‘remain' beside láiba ‘remnant', OE stelan 'steal' beside stalu
‘theft', Olcel. ríða ‘ride' < *rīðana"" beside reið ‘course' < *raiðō. Strong verb stems
with e-grade often have i-stem derivatives with weak grade, e.g. Go. qiman 'come'
beside qums 'advent', OE strican ‘stroke' beside Go. striks ‘stroke', OE brecan 'break'"		
alignment36-stem-orel-weak-prow	Orel2003	371	410	1	546	552	stefna	7dab9d13a6b7792c0fd57262a29440a9c3741949100d23832edc0e5b6eb0177b	"stam(m)az
ONIONS 862; LEHMANN GED 322-323;
HEIDERMANNS 544–545; KLUGE-SEEBOLD
787.
~
*stammēnan wk.vb.: ON stamma 'to
stammer', OHG stammen id. Derived
from *stam(m)az. TORP-FALK 483.
*stammjanan wk.vb.: ON stemma 'to
stem, to stop', OE for-stemman 'to pre-
vent, to hinder', OS stemmian 'to lift',
OHG stemmen id. Probably derived from
*stam(m)az. TORP-FALK 483-484; HOLT-
HAUSEN AEEW 319; POKORNY I 1021;
VRIES ANEW 546; ONIONS 867; LEHMANN
GED 322; HEIDERMANNS 545; KLUGE-
SEEBOLD 792.
*stamnaz *stamniz sb.m.: ON stafn
'stem (of a ship)', OE stefna 'prow, stern'
(n-stem), OFris stevene id. (fem.), OS stamn
id., MLG stam id., OHG stam 'stem'.
Identical with Gk στάuvos (earthen) jar'
based on *στâµɑ or *σtaµýv close to
Toch A stām, B stām ‘tree' < *stamn, OIr
taman 'tree trunk'. TORP NNEO 705
(separates *stabnaz and *stamnaz); TORP-
FALK 484; HOLTHAUSEN AEEW 318;
POKORNY I 1013; VENDRYES T-25 (differ-
ently on OIr taman); VRIES ANEW 540–
541; Frisk II 777; ONIONS 867; LEHMANN
GED 327; KLUGE-SEEBOLD 786-787, 794;
ADAMS TB 708–709; BURLAK IFTJa 259-
260.
*stamnjanan wk.vb.: ON stefna 'to stand
in a certain direction', OE stefnan 'to reg-
ulate, to direct', LG stevenen 'to steer'.
Derived from *stamnaz
*stamniz.
~
HOLTHAUSEN AEEW 319; VRIES ANEW
545 (sees two separate words here).
*stampaz sb.m.: OS stamp 'pestle, mor-
tar', OHG stampf id. Identical with Lith
stambas 'cabbage-stalk, stock'. Denomina-
tive related to Gk στέµßw 'to shake
about, to agitate', Lith stembstù, stembti 'to
stem'. TORP-FALK 484; TRAUTMANN
BSW 284; HOLTHAUSEN AEEW 316;
POKORNY I1011; FRAENKEL 895; VRIES
ANEW 543; FRISK II 788; ONIONS 862
(nasalized cognate of *stapiz).
*stampōjanan wk.vb.: ON stappa 'to
stamp', MLG stampen 'to tap, to pound',
371
stapiz
OHG stampfon id. Derived from *stampaz.
KUHN KZI 139; ZUPITZA Gutt. 28; TORP-
FALK 484; PORZIG Gliederung 137; VRIES
ANEW 543; ONIONS 862; SEEBOLD 463;
KLUGE-SEEBOLD 787.
*stamrōjanan wk.vb.: Norw dial. stamra
'to stammer', OE stamerian id., OS
stamuron id. Derived from *stam(m)az.
HOLTHAUSEN AEEW 316; VRIES ANEW
556.
*standanan str.vb.: Goth standan 'to
stand', ON standa id., OE standan id.,
OFris stonda id., OS standan id., OHG
stantan id. Based on a secondarily built
nasal present. Derived from *stēnan.
TORP-FALK 477%; BRUGMANN IF XV
126-128; STURTEVANT GR VII 467–476,
Language IV 3 (after HROZNY, to Hitt
ištandai 'to hesitate, to delay'); FEIST
449-450; HOLTHAUSEN AEEW 317;
KLUGE 743-744; JÓHANNESSON IEW 854–
858; POKORNY I 1004-1005; KAMMEN-
HUBER KZ LXXVII 32-35 (follows
STURTEVANT); VRIES ANEW 543; ONIONS
862-863; SEEBOLD 460-461; PEETERS IF
LXXXI 33-35; LEHMANN GED 323;
KLUGE-SEEBOLD 787.
*stanzō sb.f.: ON stong ‘pole', OS stanga
id., OHG stanga id. Derived from
*sten zanan. TORP-FALK 482; POKORNY I
1015; VRIES ANEW 559; ZALIZNIAK II
210; ONIONS 863; SEEBOLD 470; LEHMANN
GED 383; LÜHR Expr. 470–471; BAMMES-
BERGER Nom. 107; KLUGE-SEEBOLD 787.
*stankwaz sb.m.: ON stokkr 'stir, distur-
bance', OS stank 'scent', OHG stanc
id. Derived from *stenkwanan II. VRIES
ANEW 559; SEEBOLD 471; LEHMANN GED
325.
*stankwjanan wk.vb.: Goth ga-staggjan 'to
strike against', ON stokkva ‘to cause to
spring, to make start', OE stencan 'to scat-
ter'. Causative of *stenkwanan I. TORP-
FALK 481; HOLTHAUSEN AEEW 319; FEIST
201; VRIES ANEW 558; SEEBOLD 471;
LEHMANN GED 325.
*stapiz sb.m.: OE stepe, stæpe 'step', OFris
stap id., OHG stapf id. Despite the
difference in consonantism, related to"		
alignment36-stem-orel-steering	Orel2003	371	410	1	1065	1076	*stamnjanan	7dab9d13a6b7792c0fd57262a29440a9c3741949100d23832edc0e5b6eb0177b	"stam(m)az
ONIONS 862; LEHMANN GED 322-323;
HEIDERMANNS 544–545; KLUGE-SEEBOLD
787.
~
*stammēnan wk.vb.: ON stamma 'to
stammer', OHG stammen id. Derived
from *stam(m)az. TORP-FALK 483.
*stammjanan wk.vb.: ON stemma 'to
stem, to stop', OE for-stemman 'to pre-
vent, to hinder', OS stemmian 'to lift',
OHG stemmen id. Probably derived from
*stam(m)az. TORP-FALK 483-484; HOLT-
HAUSEN AEEW 319; POKORNY I 1021;
VRIES ANEW 546; ONIONS 867; LEHMANN
GED 322; HEIDERMANNS 545; KLUGE-
SEEBOLD 792.
*stamnaz *stamniz sb.m.: ON stafn
'stem (of a ship)', OE stefna 'prow, stern'
(n-stem), OFris stevene id. (fem.), OS stamn
id., MLG stam id., OHG stam 'stem'.
Identical with Gk στάuvos (earthen) jar'
based on *στâµɑ or *σtaµýv close to
Toch A stām, B stām ‘tree' < *stamn, OIr
taman 'tree trunk'. TORP NNEO 705
(separates *stabnaz and *stamnaz); TORP-
FALK 484; HOLTHAUSEN AEEW 318;
POKORNY I 1013; VENDRYES T-25 (differ-
ently on OIr taman); VRIES ANEW 540–
541; Frisk II 777; ONIONS 867; LEHMANN
GED 327; KLUGE-SEEBOLD 786-787, 794;
ADAMS TB 708–709; BURLAK IFTJa 259-
260.
*stamnjanan wk.vb.: ON stefna 'to stand
in a certain direction', OE stefnan 'to reg-
ulate, to direct', LG stevenen 'to steer'.
Derived from *stamnaz
*stamniz.
~
HOLTHAUSEN AEEW 319; VRIES ANEW
545 (sees two separate words here).
*stampaz sb.m.: OS stamp 'pestle, mor-
tar', OHG stampf id. Identical with Lith
stambas 'cabbage-stalk, stock'. Denomina-
tive related to Gk στέµßw 'to shake
about, to agitate', Lith stembstù, stembti 'to
stem'. TORP-FALK 484; TRAUTMANN
BSW 284; HOLTHAUSEN AEEW 316;
POKORNY I1011; FRAENKEL 895; VRIES
ANEW 543; FRISK II 788; ONIONS 862
(nasalized cognate of *stapiz).
*stampōjanan wk.vb.: ON stappa 'to
stamp', MLG stampen 'to tap, to pound',
371
stapiz
OHG stampfon id. Derived from *stampaz.
KUHN KZI 139; ZUPITZA Gutt. 28; TORP-
FALK 484; PORZIG Gliederung 137; VRIES
ANEW 543; ONIONS 862; SEEBOLD 463;
KLUGE-SEEBOLD 787.
*stamrōjanan wk.vb.: Norw dial. stamra
'to stammer', OE stamerian id., OS
stamuron id. Derived from *stam(m)az.
HOLTHAUSEN AEEW 316; VRIES ANEW
556.
*standanan str.vb.: Goth standan 'to
stand', ON standa id., OE standan id.,
OFris stonda id., OS standan id., OHG
stantan id. Based on a secondarily built
nasal present. Derived from *stēnan.
TORP-FALK 477%; BRUGMANN IF XV
126-128; STURTEVANT GR VII 467–476,
Language IV 3 (after HROZNY, to Hitt
ištandai 'to hesitate, to delay'); FEIST
449-450; HOLTHAUSEN AEEW 317;
KLUGE 743-744; JÓHANNESSON IEW 854–
858; POKORNY I 1004-1005; KAMMEN-
HUBER KZ LXXVII 32-35 (follows
STURTEVANT); VRIES ANEW 543; ONIONS
862-863; SEEBOLD 460-461; PEETERS IF
LXXXI 33-35; LEHMANN GED 323;
KLUGE-SEEBOLD 787.
*stanzō sb.f.: ON stong ‘pole', OS stanga
id., OHG stanga id. Derived from
*sten zanan. TORP-FALK 482; POKORNY I
1015; VRIES ANEW 559; ZALIZNIAK II
210; ONIONS 863; SEEBOLD 470; LEHMANN
GED 383; LÜHR Expr. 470–471; BAMMES-
BERGER Nom. 107; KLUGE-SEEBOLD 787.
*stankwaz sb.m.: ON stokkr 'stir, distur-
bance', OS stank 'scent', OHG stanc
id. Derived from *stenkwanan II. VRIES
ANEW 559; SEEBOLD 471; LEHMANN GED
325.
*stankwjanan wk.vb.: Goth ga-staggjan 'to
strike against', ON stokkva ‘to cause to
spring, to make start', OE stencan 'to scat-
ter'. Causative of *stenkwanan I. TORP-
FALK 481; HOLTHAUSEN AEEW 319; FEIST
201; VRIES ANEW 558; SEEBOLD 471;
LEHMANN GED 325.
*stapiz sb.m.: OE stepe, stæpe 'step', OFris
stap id., OHG stapf id. Despite the
difference in consonantism, related to"		
alignment36-stem-orel-voice	Orel2003	373	412	1	2702	2709	*stebnō	54ea1be4f5b2503e97ada068639cdaea71030adf027c3ea16d19916c0aec5bc6	"staþjanan
OE staddan 'to make staid, to stay',
MLG steden 'to establish'. Identical with
Lith statý ti 'to puť (BUGGE BB III 120).
Further see *standanan. HOLTHAUSEN
AEEW 316; POKORNY I 1006; FRAENKEL
897-898; VRIES ANEW 545; SEEBOLD
461.
*staþōn sb.m.: Goth lukarna-stapa 'candle-
stick', ON staði ‘stack, rick', MLG stade
'place where wheat is stored'. Derived
from *stenan, *standanan. TORP-FALK
478.
*stab(u)laz sb.m.: ON stoðull ‘milking-
shed', stál 'stack', OE staðol 'foundation',
OFris stathul barn', OS staðal id., OHG
stadal id. Derivative in *-tlo- of IE *stā-
'to stand', cf. Lat ob-staculum ‘hinderance,
obstacle', Lith staklės ‘'loom'. See *stan-
danan, *stenan. TORP-FALK 478; TRAUT-
MANN BSW 283; HOLTHAUSEN AEEW 317;
POKORNY I 1007; FRAENKEL 893; VRIES
ANEW 542, 559; ONIONS 860.
*staupan ~ *staupaz sb.n./m.: ON
staup 'knobby lump, cup, beaker', OE
steáp 'cup, drinking vessel', MLG stop id.,
OHG stouf id. Substantivized *staupaz.
ZUPITZA Gutt. 28; TORP-FALK 497; HOLT-
HAUSEN AEEW 318; POKORNY I 1034;
ZALIZNIAK II 172; VRIES ANEW 544;
ONIONS 872; KLUGE-SEEBOLD 790.
*staupaz adj.: OE steáp 'high, lofty', OFris
stāp id. Connected with *stūpanan. TORP-
FALK 496 497; HOLTHAUSEN AEEW 318;
POKORNY I 1034; ONIONS 866; SEEBOLD
474.
*staupjanan wk.vb.: ON steypa 'to cast
down, to overthrow', OE stúpan 'to raise,
to elevate', OFris stepa 'to help, to con-
tribute'. Factitive of *stupanan. TORP-
FALK 496; HOLTHAUSEN AEEW 321;
VRIES ANEW 547; ONIONS 866.
*stauraz sb.m.: ON staurr 'pale, stake'.
~
Identical with Gk σtavpós id. Cf. also a
denominative Lat in-staurō 'to restore'
(CURTIUS Gr. Et. 212). For further con-
nections see *steurō *steur (j)an. TORP-
FALK 493; WALDE-HOFMANN I 705-706;
POKORNY I 1009; VRIES ANEW 544;
FRISK II 778; LEHMANN GED 326.
373
stekanan
*stautanan str.vb.: Goth stautan 'to strike,
to hit', OFris stēta 'to punch, to kick', OS
stōtan 'to strike', OHG stōzan id. Probably
connected with Lat studeō 'to strive, to
~
study', Alb shtyj shtyj 'to thrust' <
*studniō. TORP-FALK 495; WALDE-
HOFMANN II 608; FEIST 451; POKORNY I
1032-1034; SEEBOLD 3-464; LEHMANN
GED 324; OREL AED 444; KLUGE-
SEEBOLD 799.
*stautiz sb.m.: ON steytr 'capsize', OFris
stēt 'thrust', MLG stōt 'blow', OHG stōz
id. Derived from *stautanan. TORP-FALK
495; VRIES ANEW 547; SEEBOLD 463;
LEHMANN GED 324; BAMMESBERGER Nom.
133.
*stautōjanan wk.vb.: ON stauta ‘to beat,
to strike', OHG stōzōn ‘to goad'. Cf. also
ON steyta 'to push' < *stautjanan. Derived
from *stautanan. JÓHANNESSON IEW 862–
866; VRIES ANEW 544, 547; SEEBOLD
463; LEHMANN GED 324.
*stebnjanan wk.vb.: ON stefna 'to give
notice, to summon', OE stefnian ‘to sum-
mon, to cite', MLG stevenen 'to summon'.
Derived from *stebnō *stemno. Reflexes
of this verb were influenced by those of
*stamnjanan. HOLTHAUSEN AEEW 319;
VRIES ANEW 545.
*stebnō
~
*stemnō sb.f.: Goth stibna
'voice', OE stefn, stemn id., OFris stifne,
stemme id., OS stemna id., OHG stimna,
stimma id. Of unknown origin. NOREEN
Abriß 140 (to Av staman- 'muzzle (of a
dog)', Gk στóμa 'mouth', W safn ‘jaw');
TORP-FALK 484 (against NOREEN);
PETERSSON IF XX 368, XXIII 386-
387; FALK-TORP ND 1197 (to *stabaz);
SCHMIDT Kritik 133 (against NOREEN);
GRIENBERGER Got. 199 (to Gk στévo 'to
sigh, to moan'); PEDERSEN Kelt. Gr. I 78;
STURTEVANT Language IV 123 (to Hitt
ištaman- ‘ear'); HOLTHAUSEN AEEW 319;
FEIST 452; ZALIZNIAK II 181; ONIONS
868; WENNERBERG Sprache XVIII 28-29
(follows NOREEN); LEHMANN GED 325;
KLUGE-SEEBOLD 796-797.
*stekanan str.vb.: OFris steka 'to prick, to
sting', OS stekan id., OHG stehhan id. An"		
alignment36-stem-rt-voice-stefn	RingeTaylor2014	330	345	16	123	128	stefn	1e16d9ee51c2357f1c78f9dd3ba3bff22b82af46b807ecdbfbc799026c63d333	"PGmc *stebno ‘voice’ (Goth. stibna) > PWGmc *stebnu (OF stifne ~ stemme, OS
stemna, OHG stimna) > OE stebn (CorpGl 2164) > stefn > stemn."		
alignment36-stem-rt-voice-stemn	RingeTaylor2014	330	345	16	131	136	stemn	1e16d9ee51c2357f1c78f9dd3ba3bff22b82af46b807ecdbfbc799026c63d333	"PGmc *stebno ‘voice’ (Goth. stibna) > PWGmc *stebnu (OF stifne ~ stemme, OS
stemna, OHG stimna) > OE stebn (CorpGl 2164) > stefn > stemn."		
alignment36-still-orel-adjective-oe	Orel2003	374	413	1	2238	2244	stille	03cdd59906c712771add48adc4454894183166cb47d989a2f509ea2455bdb22f	"stekanan
alternative reconstruction is *stikanan.
The latter may be related to Gk στíčo
'to stick', Lat instīgō 'to sting, to prick'.
ZUPITZA Gutt. 168; TORP-FALK 480;
WALDE-HOFMANN I 706-707; POKORNY I
1016-1017; VRIES ANEW 549; FRISK II
797-798; SEEBOLD 467-468; HEIDER-
MANNS 542; KLUGE-SEEBOLD 790.
*stek(k)ōn sb.m.: ON stjaki 'punt-pole,
stake', stikki 'short measured poem', OE
sticca 'stick', OFris stekk id., OS stekko
id., OHG stehho ‘pole'. Ablaut variant of
*stakon. However, an alternative recon-
struction and etymology cannot be ex-
cluded: *stik(k)ōn to Gk σvíw 'to stick',
Lat instigō 'to urge, to stimulate'. TORP-
FALK 491; HOLTHAUSEN AEEW 320;
WALDE-HOFMANN I 706; POKORNY I
1016-1017; VRIES ANEW 549; ZALIZNIAK
II 225; FRISK II 797-798; ONIONS 869;
HEIDERMANNS 542; KLUGE-SEEBOLD 790
(to Lith stagaras ‘stock').
*stekōjanan wk.vb.: ON stjaka 'to punt',
MLG steken 'to prick, to sting', OHG steh-
hōn id. Probably related to *stek(k)ōn.
VRIES ANEW 549.
*stelanan str.vb.: Goth stilan 'to steal',
374
ON stela id., OE stelan id., OFris stela id.,
OS stelan id., OHG stelan id. Probably,
related to IE *stel(H)- 'to stretch', hence,
'to cover' > 'to steal'. PRELLWITZ KZ
XLII 88-90 (to Lat stēlliō 'newt, stellion,
lizard with spotted back'); OSTHOFF PBB
XIII 460-461 (from *steranan influenced
by *xelanan); TORP-FALK 489; FEIST
453-454 (non-IE); HOLTHAUSEN AEEW
319; JÓHANNESSON IEW 878; POKORNY I
1018-1019, 1028 (to Gk στɛpéw ‘to rob');
CHEMODANOV SGGJa I 110; VRIES ANEW
546; ONIONS 866; SEEBOLD 468-469;
LEHMANN GED 326 (a pre-Gmc word);
KLUGE-SEEBOLD 791.
*stelkaz adj.: ON sbst. stelkr, stjalkr ‘a kind
of bird, Tringa islandica', OE adj. stealc
'steep'. Related to Lith stelgiù, stelgti 'to
stare? TORP-FALK 489; HOLTHAUSEN
AEEW 317; POKORNY I 1020; VRIES
ANEW 546; FRAENKEL 900.
*stellinzō sb.f.: ON stelling 'mast-step',
stenzanan
MLG stellinge 'rack'. Derived from *stell-
janan. VRIES ANEW 546.
*stelljanan wk.vb.: ON stilla 'to moder-
ate, to still, to soothe', OE stillan 'to
become still, to make still', OS stillian 'to
calm down', OHG stillen id. Derived
from *stelljaz. TORP-FALK 488; HOL-
THAUSEN AEEW 323; VRIES ANEW 548;
HEIDERMANNS 550; Kluge-SeeBOLD 796.
*stelljaz adj.: Burg *stiljis 'quiet', OE stille
‘still, quiet', OFris stille id., OS stilli
id., OHG stilli 'motionless'. Probably de-
rived from *stelanan in its original mean-
ing to stretch'. CURTIUS Gr. Et. 212,
216 (to Lat stolidus 'slow, dull, obtuse');
TORP-FALK 488; PERSSON Beiträge 424;
HOLTHAUSEN AEEW 323 (to Skt sthāṇú-
'motionless, firm³); VRIES ANEW 548;
POKORNY I 1019; ONIONS 869 (to *stallaz);
KÖBLER 713; ROSENGREN 72-74; Heider-
MANNS 550-551; KLUGE-SEEBOLD 796 (to
OIr tuilid 'to sleep', Lith tilti 'to be silent').
*steltjōn *staltjōn sb.f.: Norw dial.
stilta stilt, crutch', ME stilte id., MLG
stelte id., OHG stelza id. Related to
*stultaz. TORP-FALK 489; ONIONS 869.
*steluz stelōn sb.m.: ON stjolr 'hinder
part', OE stela 'stalk'. Cf. MLG stal, stale
'chair leg'. Related to Gk σtéλos 'beam',
Arm stełn 'trunk, stalk'. TORP-FALK 488;
HOLTHAUSEN AEEW 329; POKORNY I
1019; VRIES ANEW 549; FRISK II 786-
787.
~
~
*stenanan str.vb.: OE wk. sténan 'to
groan', MLG str./wk. stenen id. Related
to Skt stánati ‘to thunder', Gk στévo 'to
moan, to sigh', Lith stenu, stenéti 'to moan',
Slav *stenati id. TORP-FALK 481; Traut-
MANN BSW 286; HOLTHAUSEN AEEW 319;
MAYRHOFER III 510; POKORNY I 1021;
FRAENKEL 901; FRISK II 789-790;
SEEBOLD 469-470; VASMER-TRUBACHEV
III 754; KLUGE-SEEBOLD 798.
*stenzanan_str.vb.: ON stinga ‘to sting',
OE stingan 'to thrust, to prick, to sting',
OHG stingen 'fleotomare'. Cf. also Goth
us-staggan 'to pluck out' (GRIENBERGER
Got. 233–234). Identical with Lith stengiu,
sténgti 'to exert oneself, to be able', Slav"		
alignment36-stock-kroonen-precursor	Kroonen2013	487	527	1	486	495	*stug-nó-	f3cfcb5af79e74f6409deae8ba3af447c44bfd5641a7a1b46d0271c4bba7f9f8	"*stukka-
487
~
*stuban (q.v.). Also cf.
A collective formation to the root of *steuban-
the singulative n-stem G Stoben m. 'piece of dust' <*stuban-.
-
*stukka- m. ‘stick' ON stokkr m. 'stock, trunk, block, log of wood', Far.
stokkur m. 'log, beam, cane', Elfd. stukk m. 'stick', OE stocc m. 'stick, log,
trunk', OFri. stok m. ‘stick', Du. stok c. 'id.', OHG stoc m. 'stick, trunk', G Stock
m. 'id.' (DRV).
Derived from the strong verb *stekan- (the formation looks like a Pre-Gm.
ptc. *stug-nó-). Note that the zero-grade *u like in the iterative *stukkōn-
arose secondarily.
*stukkja- n. 'piece' - ON stykki n. 'id.', Far. stykki n. 'id.', Elfd. styttje n. ‘id.',
OE stycce n. 'id.', OS stukki n. 'id.', MDu. stuk n. 'id.', OHG stucki n. 'id.', G Stück
n. 'id.' (DRV).
A ja-stem derived from the strong verb *stekan- or from the pertaining
iterative *stuk(k)ōn- (q.v.).
*stuk(k)ōn- w.v. 'to stick'
Du. stokken w.v. 'to come to a halt', G stocken
w.v. 'to coagulate; to stop' (DRV).
An iterative derived from the secondary strong verb *stekan- (q.v.). With
the same secondary zero grade, cf. *stukka- and *stukkja-.
-
*stullōn-w.v. 'to steal' G Rhnl. stollen w.v. 'id.' ⇒ *tsl-néh₂- (IE).
The iterative to *stelan- (q.v.).
*stumma- adj. 'mute'
OFri. stum adj. 'id.', OS stum adj. 'id.', Du. stom adj.
'mute, dull, stupid', OHG stum(b) adj. 'silent', G stumm adj. 'id.' → *stmH-nó-
(NEUR).
A zero-grade formation related to *stamma- (q.v.).
*stunkwi- m. 'hit; smell' - Go. bi-stugqs m. 'thrust', OE stenc m. 'smell', E
stench, OS stunc m. 'id.' ⇒ *stngw-i- (DRV).
An i-stem created to the strong verb *stinkwan- (q.v.).
*stunta- adj. 'short' ON stuttr adj. 'id.', Far. stuttur adj. 'id.', Elfd. stutt adj.
'id.', OE stunt adj. 'foolish', MHG stunz adj. 'dull; cropped, short' (GM).
Also cf. ON stytta, OE styntian w.v. 'to shorten, trim' < *stunjan-. No fur-
ther etymology. The link with the PIE root *steud- (Pokorny IEW: 1032-4)
cannot be maintained in view the ablauting formations G stanzen w.v. 'to
press, cut out, punch' < *stantōn- and G stenzen w.v. 'to hit, beat' <
*stantjan-."		
alignment36-stock-kroonen-strong-base	Kroonen2013	476	516	1	1231	1239	*stekan-	490d7c0bb915ccc190b45f5a596a6673091bea2007dfb93dc94b716a216d3b16	"476
*staurjan-
-
*staurjan- w.v. 'to disturb, destroy' OFri. to-stēra w.v. 'id.', ODu. storen
w.v. 'id.', EDu. storen w.v. 'to disturb', OHG stōren, stōrren w.v. 'to destroy', G
stōren w.v. 'to disturb, destroy' (NEUR?).
A factitive to PGm. *staura-, cf. MDu. stoor m. 'destruction'. Also cf. OS
far-sturian w.v. 'to subvert', OE styrian w.v. 'to be/put in motion, stir' <
*sturjan- and ON styrr m. 'stir, tumult, brawl', OE ge-styr n. 'motion, stir' <
*(ga-)sturja-. No certain etymology. The link with Latv. stūrs adj. 'stubborn,
unruly' < *stuH-ro-(?) is uncertain because this may be a Low German
loanword. See also *sturma- 'storm'.
-
*stautan- s.v. 'to hit, jab, thrust' Go. stautan s.v. 'id.', ON stauta w.v. 'id.',
Far. steyta w.v. 'id.', OFri. stēta s.v. 'id.', MDu. stoten s.v. 'id.', Du. stoten
s./w.v. 'id.', OHG stōzan s.v. 'id.', G stoßen s.v. 'id.' ⇒ *stóud-e- (IE) — Alb.
shtyn 'to shove, push' < *stud-n-ie-.
An o-grade intensive verb. Usually, the formation is connected to Skt.
tudáti 'to beat', Olr. do-tuit 'to crumble, fall' < *tud-é- and Lat. tundō, -ere 'to
strike, beat', Skt. tundate 'to push, stab' < *tu-n-d-e-, but the connection with
the Albanian form is more straightforward. See also *stut(t)ōn-.
-
*stekan- s.v. 'to stick' - OFri. steka s.v. 'id.', OS stekan* s.v. 'id.', Du. steken
s.v. 'id.', OHG stechan s.v. 'id.', G stechen s.v. 'id.'⇒ *stig-e- (IE) — Lat. īnstīgō,
-ere 'to stimulate, set on, incite, rouse or urge' <*-steig-e-.
A strong verb that appears to have developed from a zero-grade present
*stikan < *stig-e- after it was affected by a-mutation (cf. *hreþan- and
*sweban-). It received a secondary iterative *stukkōn-, while the original
was preserved as *stikkōn-. Also cf. Go. staks m. 'scar' < *staka- and *stakan-.
*stēki- adj. 'stinking' - Icel. stækur adj. 'id.', Nw. stæk adj. 'rancid' (DRV).
A vṛddhi-gerundive to *stinkwan- 'to stink'. Apparently, the nasal of this
verb was infixal.
-
*stelan- s.v. 'to steal; to go stealthily' Go. stilan s.v. 'to steal', ON stela s.v.
'to steal; steal upon', Far. stjala s.v. 'to steal', Elfd. stjälå s.v. 'to steal; to
sneak', OE stelan s.v. 'to steal, go stealthily', E to steal, O Fri. stela s.v. 'to
steal', OS stelan s.v. 'id.', Du. stelen s.v. 'id.', OHG stelan s.v. 'id.', G stehlen s.v.
'id.' *tsél-e- (IE) - Skt. tsárati 'to approach stealthily, creep up on, sneak'
< *tsél-e-; Arm. sotim 'to crawl, creep; to steal, glide' < *tsol-; OIr. intled f.
'snare, ambush; act of lying in wait, ambushing' < *-tsl-teh₂-; Lith. seléti
(selù) 'to lurk, sneak, prowl' < *tsel-eh1-ie-.
Existing etymologies all start from the meaning 'to steal' (cf. Pokorny
IEW: 1028, who assumes a cross of the root *ster- as in Gr. σtɛpέw 'to rob'
with *kel- as in G hehlen 'to fence' < *helan-). Within Germanic, it is clear,
however, that the meaning 'to steal' developed from an older 'to sneak, go"		
alignment36-stock-kroonen-old-base	Kroonen2013	476	516	1	1539	1546	*stikan	490d7c0bb915ccc190b45f5a596a6673091bea2007dfb93dc94b716a216d3b16	"476
*staurjan-
-
*staurjan- w.v. 'to disturb, destroy' OFri. to-stēra w.v. 'id.', ODu. storen
w.v. 'id.', EDu. storen w.v. 'to disturb', OHG stōren, stōrren w.v. 'to destroy', G
stōren w.v. 'to disturb, destroy' (NEUR?).
A factitive to PGm. *staura-, cf. MDu. stoor m. 'destruction'. Also cf. OS
far-sturian w.v. 'to subvert', OE styrian w.v. 'to be/put in motion, stir' <
*sturjan- and ON styrr m. 'stir, tumult, brawl', OE ge-styr n. 'motion, stir' <
*(ga-)sturja-. No certain etymology. The link with Latv. stūrs adj. 'stubborn,
unruly' < *stuH-ro-(?) is uncertain because this may be a Low German
loanword. See also *sturma- 'storm'.
-
*stautan- s.v. 'to hit, jab, thrust' Go. stautan s.v. 'id.', ON stauta w.v. 'id.',
Far. steyta w.v. 'id.', OFri. stēta s.v. 'id.', MDu. stoten s.v. 'id.', Du. stoten
s./w.v. 'id.', OHG stōzan s.v. 'id.', G stoßen s.v. 'id.' ⇒ *stóud-e- (IE) — Alb.
shtyn 'to shove, push' < *stud-n-ie-.
An o-grade intensive verb. Usually, the formation is connected to Skt.
tudáti 'to beat', Olr. do-tuit 'to crumble, fall' < *tud-é- and Lat. tundō, -ere 'to
strike, beat', Skt. tundate 'to push, stab' < *tu-n-d-e-, but the connection with
the Albanian form is more straightforward. See also *stut(t)ōn-.
-
*stekan- s.v. 'to stick' - OFri. steka s.v. 'id.', OS stekan* s.v. 'id.', Du. steken
s.v. 'id.', OHG stechan s.v. 'id.', G stechen s.v. 'id.'⇒ *stig-e- (IE) — Lat. īnstīgō,
-ere 'to stimulate, set on, incite, rouse or urge' <*-steig-e-.
A strong verb that appears to have developed from a zero-grade present
*stikan < *stig-e- after it was affected by a-mutation (cf. *hreþan- and
*sweban-). It received a secondary iterative *stukkōn-, while the original
was preserved as *stikkōn-. Also cf. Go. staks m. 'scar' < *staka- and *stakan-.
*stēki- adj. 'stinking' - Icel. stækur adj. 'id.', Nw. stæk adj. 'rancid' (DRV).
A vṛddhi-gerundive to *stinkwan- 'to stink'. Apparently, the nasal of this
verb was infixal.
-
*stelan- s.v. 'to steal; to go stealthily' Go. stilan s.v. 'to steal', ON stela s.v.
'to steal; steal upon', Far. stjala s.v. 'to steal', Elfd. stjälå s.v. 'to steal; to
sneak', OE stelan s.v. 'to steal, go stealthily', E to steal, O Fri. stela s.v. 'to
steal', OS stelan s.v. 'id.', Du. stelen s.v. 'id.', OHG stelan s.v. 'id.', G stehlen s.v.
'id.' *tsél-e- (IE) - Skt. tsárati 'to approach stealthily, creep up on, sneak'
< *tsél-e-; Arm. sotim 'to crawl, creep; to steal, glide' < *tsol-; OIr. intled f.
'snare, ambush; act of lying in wait, ambushing' < *-tsl-teh₂-; Lith. seléti
(selù) 'to lurk, sneak, prowl' < *tsel-eh1-ie-.
Existing etymologies all start from the meaning 'to steal' (cf. Pokorny
IEW: 1028, who assumes a cross of the root *ster- as in Gr. σtɛpέw 'to rob'
with *kel- as in G hehlen 'to fence' < *helan-). Within Germanic, it is clear,
however, that the meaning 'to steal' developed from an older 'to sneak, go"		
alignment36-stock-kroonen-iterative	Kroonen2013	487	527	1	852	863	*stuk(k)ōn-	f3cfcb5af79e74f6409deae8ba3af447c44bfd5641a7a1b46d0271c4bba7f9f8	"*stukka-
487
~
*stuban (q.v.). Also cf.
A collective formation to the root of *steuban-
the singulative n-stem G Stoben m. 'piece of dust' <*stuban-.
-
*stukka- m. ‘stick' ON stokkr m. 'stock, trunk, block, log of wood', Far.
stokkur m. 'log, beam, cane', Elfd. stukk m. 'stick', OE stocc m. 'stick, log,
trunk', OFri. stok m. ‘stick', Du. stok c. 'id.', OHG stoc m. 'stick, trunk', G Stock
m. 'id.' (DRV).
Derived from the strong verb *stekan- (the formation looks like a Pre-Gm.
ptc. *stug-nó-). Note that the zero-grade *u like in the iterative *stukkōn-
arose secondarily.
*stukkja- n. 'piece' - ON stykki n. 'id.', Far. stykki n. 'id.', Elfd. styttje n. ‘id.',
OE stycce n. 'id.', OS stukki n. 'id.', MDu. stuk n. 'id.', OHG stucki n. 'id.', G Stück
n. 'id.' (DRV).
A ja-stem derived from the strong verb *stekan- or from the pertaining
iterative *stuk(k)ōn- (q.v.).
*stuk(k)ōn- w.v. 'to stick'
Du. stokken w.v. 'to come to a halt', G stocken
w.v. 'to coagulate; to stop' (DRV).
An iterative derived from the secondary strong verb *stekan- (q.v.). With
the same secondary zero grade, cf. *stukka- and *stukkja-.
-
*stullōn-w.v. 'to steal' G Rhnl. stollen w.v. 'id.' ⇒ *tsl-néh₂- (IE).
The iterative to *stelan- (q.v.).
*stumma- adj. 'mute'
OFri. stum adj. 'id.', OS stum adj. 'id.', Du. stom adj.
'mute, dull, stupid', OHG stum(b) adj. 'silent', G stumm adj. 'id.' → *stmH-nó-
(NEUR).
A zero-grade formation related to *stamma- (q.v.).
*stunkwi- m. 'hit; smell' - Go. bi-stugqs m. 'thrust', OE stenc m. 'smell', E
stench, OS stunc m. 'id.' ⇒ *stngw-i- (DRV).
An i-stem created to the strong verb *stinkwan- (q.v.).
*stunta- adj. 'short' ON stuttr adj. 'id.', Far. stuttur adj. 'id.', Elfd. stutt adj.
'id.', OE stunt adj. 'foolish', MHG stunz adj. 'dull; cropped, short' (GM).
Also cf. ON stytta, OE styntian w.v. 'to shorten, trim' < *stunjan-. No fur-
ther etymology. The link with the PIE root *steud- (Pokorny IEW: 1032-4)
cannot be maintained in view the ablauting formations G stanzen w.v. 'to
press, cut out, punch' < *stantōn- and G stenzen w.v. 'to hit, beat' <
*stantjan-."		
alignment36-stock-orel-stiff-native	Orel2003	383	422	1	170	178	*stuzjaz	8ae8a4a9ce34a080089da69ec063866ec157a3c84c84e19ab75d2a4fe0575956	"stufōn
66-67 (against MEYER-LÜBKE); VAN WIJK
IF XXIV 35; HOLTHAUSEN AEEW 323;
MARTYNOV Slav.-germ. 122-123 (from
Slav justбba hut, room'); ONIONS 872;
KLUGE-SEEBOLD 804.
*stuzjaz adj.: ON styggr ‘shy', MDu stugge
‘stubborn, stiff, unfriendly'. Related to
Skt stúkā 'tuft of wool, of hair', Lith stùkis
'stump', stukas 'short'. KARSTEN NB II
446; TORP-FALK 494-495; JÓHANNESSON
IEW 862–863; POKORNY I 1032; POLOMÉ
Language XXV 187-188 (to *stūraz);
MAYRHOFER III 516; POKORNY I 1032;
FRAENKEL 930; VRIES ANEW 557;
HEIDERMANNS 490 (ON < *skewwaz, adds
G scheu 'shy').
*stukkaz sb.m.: ON stokkr ‘trunk, block,
log of wood', OE stocc 'stock, trunk, log',
OFris stokk 'stick, stump', OS stokk ‘stock,
trunk, log', OHG stoc id. With an irregu-
larity in the inlaut geminate, related to
Skt stúkā 'tuft of wool, of hair'. See
*stuzjaz. ZUPITZA Gutt. 28; TORP-FALK
494; HOLTHAUSEN AEEW 323; MARTINET
Gém. 87, 196; MAYRHOFER III 516;
POKORNY I 1033 (to IE *steu-g-), 1035;
VRIES ANEW 550; ZALIZNIAK I 136;
ONIONS 871; LÜHR Expr. 231; Heider-
MANNS 563; KLUGE-SEEBOLD 797 (to Skt
tujáti 'to strike, to hit').
*stukkjan sb.n.: ON stykki 'piece', OE
stycce id., OS stukki id., OHG stucki id.
Derived from *stukkaz. TORP-FALK 494;
HOLTHAUSEN AEEW 328; MARTINET Gém.
197; POKORNY I 1033; VRIES ANEW 557;
ZALIZNIAK I 145; ONIONS 871; KLUGE-
SEEBOLD 804.
*stukkōjanan wk.vb.: ON stokka 'to
build, to raise', ME stocken ‘to put to-
gether, MLG stocken id., OHG sama-
stocken id. Derived from *stukkaz. VRIES
ANEW 550.
pole,
*stulpōn sb.m.: ON stólpi 'post, pillar',
ME stolpe id., MLG stolpe id. Close to
Lith dial. stulbas id., Slav *stolb
post' (FÖRSTEMANN KZ XIX 355). TAMM
UUÅ 1881 31 (ON < Slav *stбlрú);
TORP-FALK 489; TRAUTMANN BSW 290-
291; SPECHT KZ LXVIII 123; STENDER-
383
sturdō
PETERSEN Slav.-germ. 279-281 (Lith <
Gmc); POKORNY I 1020; CHEMODANOV
SGGJA I 82; FRAENKEL 930; VRIES ANEW
551; STANG LS 56; VASMER-TRUBACHEV
III 765; KLUGE-SEEBOLD 805.
*stundō sb.f.: ON stund 'period of time,
while, hour' (partly *stundiz), OE stund
id., OFris stunde id., OS stunda id.,
OHG stunta id. Derived from *stenan,
*standanan. TORP-FALK 477%; HOLT-
HAUSEN AEEW 327; POKORNY I 1005;
VRIES ANEW 556; ZALIZNIAK II 194;
MEIER ASNSL CCII 428–431 (from Rom
*extunda 'short period of time': OSard
istunda, Catal estona, Cors stonda); HEIDER-
MANNS 552; KLUGE-SEEBOLD 805 (follows
MEIER).
*stundōjanan wk.vb.: ON stunda ‘to pro-
ceed, to strive', OE á-stundian 'to astound,
to grieve'. Derived from *stundō. HOLT-
HAUSEN AEEW 328.
*stunjanan wk.vb.: ON stynja 'to groan',
OE stunian 'to crash, to resound', MLG
stonen 'to moan'. Derived from *stenanan.
Cf. also derivatives: ON stynr 'groan', OE
3e-stun 'noise, stun'. TORP-FALK 481;
HOLTHAUSEN AEEW 328; POKORNY I
1021; VRIES ANEW 557.
*stuntaz adj.: ON stuttr 'short, stunted,
scant', OE stunt ‘foolish, stupid', NFris
stönt 'short', MHG stunz id. Probably
derived from *stautanan. KOCK ANF XI
317 (ON stuttr by analogy, instead of
*stottr); KARSTEN NB I 13–14; TORP-FALK
482; HOLTHAUSEN AEEW 328; POKORNY
I 1033-1034; VRIES ANEW 556-557;
VRIES ANEW 556-557 (to Skt tudáti 'to
push, to strike'); ONIONS 878; LÜHR Expr.
102; HEIDERMANNS 564-565.
*stuntjanan wk.vb.: ON stytta 'to short-
en', OE styntan ‘to make dull, to become
dull'. Derived from *stuntaz. EHRISMANN
PBB XVIII 216 (to Lat tundō ‘to beat, to
strike', also with nasalization); TORP-FALK
482; HOLTHAUSEN AEEW 328; VRIES
ANEW 558; HEIDERMANNS 565.
*sturdō sb.f.: ON storð 'young wood, plan-
tation, earth (grown with brushwood)'.
Close to Gk σtópłŋ· tò òù toô dópatos,"		
alignment36-stock-orel-piece	Orel2003	383	422	1	1099	1108	*stukkjan	8ae8a4a9ce34a080089da69ec063866ec157a3c84c84e19ab75d2a4fe0575956	"stufōn
66-67 (against MEYER-LÜBKE); VAN WIJK
IF XXIV 35; HOLTHAUSEN AEEW 323;
MARTYNOV Slav.-germ. 122-123 (from
Slav justбba hut, room'); ONIONS 872;
KLUGE-SEEBOLD 804.
*stuzjaz adj.: ON styggr ‘shy', MDu stugge
‘stubborn, stiff, unfriendly'. Related to
Skt stúkā 'tuft of wool, of hair', Lith stùkis
'stump', stukas 'short'. KARSTEN NB II
446; TORP-FALK 494-495; JÓHANNESSON
IEW 862–863; POKORNY I 1032; POLOMÉ
Language XXV 187-188 (to *stūraz);
MAYRHOFER III 516; POKORNY I 1032;
FRAENKEL 930; VRIES ANEW 557;
HEIDERMANNS 490 (ON < *skewwaz, adds
G scheu 'shy').
*stukkaz sb.m.: ON stokkr ‘trunk, block,
log of wood', OE stocc 'stock, trunk, log',
OFris stokk 'stick, stump', OS stokk ‘stock,
trunk, log', OHG stoc id. With an irregu-
larity in the inlaut geminate, related to
Skt stúkā 'tuft of wool, of hair'. See
*stuzjaz. ZUPITZA Gutt. 28; TORP-FALK
494; HOLTHAUSEN AEEW 323; MARTINET
Gém. 87, 196; MAYRHOFER III 516;
POKORNY I 1033 (to IE *steu-g-), 1035;
VRIES ANEW 550; ZALIZNIAK I 136;
ONIONS 871; LÜHR Expr. 231; Heider-
MANNS 563; KLUGE-SEEBOLD 797 (to Skt
tujáti 'to strike, to hit').
*stukkjan sb.n.: ON stykki 'piece', OE
stycce id., OS stukki id., OHG stucki id.
Derived from *stukkaz. TORP-FALK 494;
HOLTHAUSEN AEEW 328; MARTINET Gém.
197; POKORNY I 1033; VRIES ANEW 557;
ZALIZNIAK I 145; ONIONS 871; KLUGE-
SEEBOLD 804.
*stukkōjanan wk.vb.: ON stokka 'to
build, to raise', ME stocken ‘to put to-
gether, MLG stocken id., OHG sama-
stocken id. Derived from *stukkaz. VRIES
ANEW 550.
pole,
*stulpōn sb.m.: ON stólpi 'post, pillar',
ME stolpe id., MLG stolpe id. Close to
Lith dial. stulbas id., Slav *stolb
post' (FÖRSTEMANN KZ XIX 355). TAMM
UUÅ 1881 31 (ON < Slav *stбlрú);
TORP-FALK 489; TRAUTMANN BSW 290-
291; SPECHT KZ LXVIII 123; STENDER-
383
sturdō
PETERSEN Slav.-germ. 279-281 (Lith <
Gmc); POKORNY I 1020; CHEMODANOV
SGGJA I 82; FRAENKEL 930; VRIES ANEW
551; STANG LS 56; VASMER-TRUBACHEV
III 765; KLUGE-SEEBOLD 805.
*stundō sb.f.: ON stund 'period of time,
while, hour' (partly *stundiz), OE stund
id., OFris stunde id., OS stunda id.,
OHG stunta id. Derived from *stenan,
*standanan. TORP-FALK 477%; HOLT-
HAUSEN AEEW 327; POKORNY I 1005;
VRIES ANEW 556; ZALIZNIAK II 194;
MEIER ASNSL CCII 428–431 (from Rom
*extunda 'short period of time': OSard
istunda, Catal estona, Cors stonda); HEIDER-
MANNS 552; KLUGE-SEEBOLD 805 (follows
MEIER).
*stundōjanan wk.vb.: ON stunda ‘to pro-
ceed, to strive', OE á-stundian 'to astound,
to grieve'. Derived from *stundō. HOLT-
HAUSEN AEEW 328.
*stunjanan wk.vb.: ON stynja 'to groan',
OE stunian 'to crash, to resound', MLG
stonen 'to moan'. Derived from *stenanan.
Cf. also derivatives: ON stynr 'groan', OE
3e-stun 'noise, stun'. TORP-FALK 481;
HOLTHAUSEN AEEW 328; POKORNY I
1021; VRIES ANEW 557.
*stuntaz adj.: ON stuttr 'short, stunted,
scant', OE stunt ‘foolish, stupid', NFris
stönt 'short', MHG stunz id. Probably
derived from *stautanan. KOCK ANF XI
317 (ON stuttr by analogy, instead of
*stottr); KARSTEN NB I 13–14; TORP-FALK
482; HOLTHAUSEN AEEW 328; POKORNY
I 1033-1034; VRIES ANEW 556-557;
VRIES ANEW 556-557 (to Skt tudáti 'to
push, to strike'); ONIONS 878; LÜHR Expr.
102; HEIDERMANNS 564-565.
*stuntjanan wk.vb.: ON stytta 'to short-
en', OE styntan ‘to make dull, to become
dull'. Derived from *stuntaz. EHRISMANN
PBB XVIII 216 (to Lat tundō ‘to beat, to
strike', also with nasalization); TORP-FALK
482; HOLTHAUSEN AEEW 328; VRIES
ANEW 558; HEIDERMANNS 565.
*sturdō sb.f.: ON storð 'young wood, plan-
tation, earth (grown with brushwood)'.
Close to Gk σtópłŋ· tò òù toô dópatos,"		
alignment36-stock-ringe-piece	Ringe2017	139	150	2	1220	1229	*stukkiją	248c4e7c259050990e127b1121b64ef24f7d5beedb6fdd5cc5c7dd19c793bac1	"–, Lühr : –). But a survey of nouns and adjectives reconstructable for
PGmc and its immediate daughters shows a different pattern of distribution. The
only examples of PGmc geminate stops that survive in Gothic are atta ‘father’ <
PGmc *attō, which exhibited an anomalous geminate already in PIE (see .. (i)),
and skatts ‘coin’ < PGmc *skattaz, a word of obscure etymology (see Feist  s.v.);
in fact those are the only examples of geminate stops that are strictly reconstructable
for PGmc, unless we admit the two with possible Lithuanian cognates discussed
above. Examples reconstructable for PNWGmc include *hattuz ‘hat’ (ON ho˛ttr,
OE hætt); *kroppaz ‘lump, hump’ (ON kroppr, OE cropp ‘bunch; bird’s crop’, OHG
kropf ‘trunk (of the body)’); *bu/okkaz ‘male goat’ (ON bokkr ~ bukkr, OE n-stem
bucca, OHG bok), which resembles words of similar meaning in various other IE
languages but has no exact cognates; *ﬂekkaz ‘spot’ (ON ﬂekkr, OHG ﬂek); *ﬂikkiją
‘ﬂitch (of bacon)’ (ON ﬂikki, OE ﬂiċċe); *ﬂokkaz ‘multitude, ﬂock’ (ON ﬂokkr,
OE ﬂocc); *frakkaz ‘aggressive’ (ON frakkr ‘undaunted’, OE fræc ‘greedy’); *smok-
kaz ‘shirt’ (ON smokkr, OE smoc); *stokkaz ‘stump’ (ON stokkr, OE stocc, OHG
stok); *stukkiją ‘piece’ (ON stykki, OE styċċe, OHG stucki). None of those listed so
far are reconstructable as n-stems. Actual n-stems include PNWGmc *hnakkō̄
‘nape of the neck’ (ON hnakki, OHG nacko); *rakkō̄ ‘sailyard ring’ (ON rakki,
OE racca); PWGmc *droppō ‘drop’ (OE droppa, OHG tropfo); OF rogga, OS, OHG
roggo ‘rye’; and a number of words with variable gemination, e.g. OE cnotta ‘knot’
vs. OHG knodo ‘knuckle’; OHG knappo (late knabo) ‘lad’ vs. OE cnafa ~ cnapa; and
a handful of less widespread forms (Kluge : –, –, Lühr : –).
The numbers are probably too small for statistical analysis, but there is no
obvious preponderance of geminates among n-stems, and thus no clear support
for Kluge’s Law.
   Proponents of the sound change also adduce putative examples in which the *Cn-
cluster was immediately preceded by a nonsyllabic or a long vowel, so that the
outcome *pp, *tt, *kk was degeminated. But those examples are also problematic.
For instance, here are the two that have potential cognates with an n-sufﬁx outside of
Germanic:
  PGmc *deupaz ‘deep’ (Goth. diups, ON djúpr, OE dēop, OHG tiof ) ? < *dhubhnós,
    cf. Gaulish dubno-, OIr. domun ‘world’ ( ‘earth’    ‘ground’)?
  PNWGmc *erpaz ‘dark brown’ (ON jarpr, OE eorp, OHG erpf) ? < *(H)r̥bhnós,
    cf. Gk. ὄρφνη /órphnɛ:/ ‘darkness’?
But how are we to explain the full-grade roots of the Gmc adjectives, given that
adjectives in *-nó- had zero-grade roots? The former is better explained as an original
u-stem *dhéwbu- ~ *dhubéw- (cf. Lith. dubùs ‘hollow’), with the full-grade root
generalized, subsequently shifted into the a-stems—or even as inherited *dhewbos
(innovative formation, but cf. Gk λευκός /leukós/ ‘white’); the latter has no obvious
cognates. Lühr’s analysis of PGmc *wēpną ‘weapon’ (Lühr : –) is no better,"		
alignment36-stone-ringe-noun	Ringe2017	328	339	3	346	354	*stainaz	adf2d077943b9ef09a7547cc175e7803b06c37c5fdd093b1cbeacdb396bbcb6b	". The PGmc lexicon
Shifts in the meanings of words and the replacement of old lexemes by new ones are
universal types of language change; it is therefore not surprising that the lexicon of
PGmc, like that of all IE languages, included many words of doubtful or unknown
origin (e.g. *blōþą ‘blood’, *bainą ‘bone’, *handuz ‘hand’, *regną ‘rain’, *stainaz
‘stone’, *gōdaz ‘good’, *drinkaną ‘to drink’, etc.). Much more interesting are PGmc
lexemes that can be shown to have been borrowed from other languages, because
they reveal something about the prehistory of PGmc; that is the phenomenon that
will be discussed here.
   Celtic loanwords in PGmc included at least *rīk- ‘king’, *īsarną ‘iron’, *ambahtaz
‘servant’, *brunjōn- ‘mailshirt’, *lēkijaz (*lē- kijaz?) ‘physician’, *gīslaz ‘hostage’,
*Rīnaz ‘Rhine’, and *walhaz ‘foreigner’ (an adaptation of the Celtic tribal name
that appears in Latin as Volcae). The ﬁrst is identiﬁable as Celtic because of its
vowel: if it were cognate with Lat. rēx, rēg- the PGmc vowel would be *ē, but in Celtic
(alone among the languages of ancient Europe) *ē merged with *ī. The same
argument might apply to ‘iron’, if was originally a vr̥ddhi-derivative of PIE *ésh2r̥
‘blood’ (Cowgill 1986: 68, fn. 10). The other loans are identiﬁable as distinctively
Celtic words or formations. ‘Physician’ appears to reﬂect *leagis, the preform of OIr.
liaig; if the vowel sequence *ea was treated like native vowel sequences (which of
course is not certain), the PGmc word might have had a trimoric vowel in its root
syllable. ‘King’, ‘physician’, and ‘foreigner’ were clearly borrowed before Grimm’s
Law applied; since the *b’s and *g of the other words reﬂect, or could reﬂect, original
breathy-voiced stops, it is possible that all these words were borrowed before
Grimm’s Law applied. The preponderance of words indicating social and political
relations (including warfare) is obvious, suggesting that the Celts enjoyed a higher
level of ‘civilization’ at the time of the loans. There are also quite a few words shared
only by Celtic and Germanic, which might or might not be loanwords; typical
examples include *tūną ‘fortiﬁed enclosure’, *aiþaz ‘oath’, *rūnō ‘secret’, *marhaz
‘horse’, and *rīdaną ‘to ride’. For further discussion see de Vries 1960.
   Latin loanwords in PGmc were, by contrast, very few (though the daughter
languages exhibit very many). In addition to *Rūmōnīz ‘Romans’ (see .. (i),"		
alignment36-stone-fulk-dative-body	Fulk2018	81	98	1	5435	5445	*stainomiz	d1c2d204ba7423db83c684cd773b6688d5b8a4cee552e5388674bc5550df8bce	"§5.2 Short vowels of final syllables 81
*kuni, as shown by the umlaut); *rīkija"" > Go. reiki, OIcel. ríki, OE rīce, OS rīki, OHG
richi 'dominion'; *zarwaz > OIcel. gorr (Proto-Norse *30rur), OE gearu, OS OHG
garo 'ready'. The significance of Go. -w in a form like gáidw (OE gād < *zaiðwa"")
‘want, lack' is disputed: see Krause 1968: §88, Braune 2004b: §42. Very likely -w is
due to paradigm regularization; cf. skadus 'shadow' (u-stem, originally wa-stem: cf. OE
gen. pl. sceadwa, etc.).
1. Antonsen (2007) argues that Runic wraita on the Reistad stone (Norway, ca. 450) is a 1 sg. pret.'wrote',
and thus -a was not lost in second syllables in PGmc. The usual interpretation of the word as a noun (and
hence with -a"") is, admittedly, dubitable, but see Ringe 2017: 143, declaring Antonsen's analysis impossible.
2. The evidence of bræðr, however, is insecure. Other forms suggest early loss of final -i in Scandinavia
after a heavy syllable, as in Runic ist 'is' (Vetteland stone, Norway, mid-4th cent.) from PIE *hes-ti, and
Olcel. umb. Note the absence of umlaut, though the word is difficult, since retention of the final vowel in OE
ymbe (but also ymb), OS OHG umbi raises doubts about the direct equivalence of Gk. άuoi ‘around' usually
assumed (e.g. by Hollifield (1980: 33). On this problem see §11.5. The final vowel in such forms perhaps
derives from prep. *bī; rather, Klingenschmitt (1987: 187) explains ymbe, umbi as proclitic, and thus the final
vowel was not, in a sense, word final. OIcel. ár ‘early' (Go. áir), without umlaut, probably derives from a loc.
*ai(e)ri (§6.11 ad fin.); cf. OE ær, OS OHG ēr, with umlaut, though it is not impossible that the comp. should
have been substituted for the positive in WGmc.
3. OE teagor (which is poetic, ultimately Mercian) shows back mutation of æ, suggesting retention of
rounding from lost final *-u late enough to color the final syllabic sonorant consonant as or rather than *er, as
might have been expected after the front vowel in the root (§5.6).
4. A dissenter is Ringe (2002, and in Ringe & Taylor 2014: 289–96 et passim), but see §5.6 n. 13 infra.
5. That is to say, Gothic must originally have lost unstressed i and u before a final consonant after a heavy
syllable but not a light. That unstressed i or u before a final consonant was not regularly lost in PGmc.
(despite the seeming claim of, e.g. Krahe & Meid 1969: I, §120; but cf. §122) is demonstrated by, among
other considerations, Runic forms like uinir ‘friend', -mari¸ ‘famed' (with ā: name element, Thorsberg
chape, ca. 200), and waruR ‘enclosure'. Prokosch (1939: §49c) argues rather that i and u were lost already in
PGmc. after heavy syllables or after two syllables (though his remark “which phonetically, or metrically,
amounts to the same thing"" is not quite right, due, ironically, to Prokosch's law: see §2.5), otherwise pre-
served. This would explain some matters, for example why i in the inflections of most case-forms of i-stems is
lost in Gothic (since there must be phonological loss under some circumstances to motivate analogical loss in
other environments; but this change appears to be Go. rather than PGmc.), and why there is no umlaut in the
sg. of i-stems in OS and OHG. The idea faces some rather severe difficulties, however, such as the consistent
preservation of i even after heavy stems in Runic i-stems as early as 200 (as above), of i after heavy syllables
in loanwords into Finnish, e.g. tiuris 'beast' from PGmc. *diuriz (> OE dēor), and the consistent umlaut in
ON and OE heavy-stemmed i-stems, given that the general trend in i- and u- stems is replacement of the
original inflections by a-stem (or ō-stem) inflections (which thus makes it easier to account for the Go. OS
and OHG forms as analogical than the ON and OE ones). The nom. pl. u-stem ending *-iwiz is sometimes
said to have developed to *-iuz already in PGmc. (so., e.g., Heusler 1967: §102; cf. Boutkan 1995b: 83–6),
but this need not have been the case. There is valuable material in Streitberg 1896: §§146–7, though his con-
clusion that i (but not u) in a final syllable was lost already in PGmc. after a heavy syllable appears to be mis-
taken.
6. Some regard the reduction of *-is to *-s (and loss of final *-i) in Go. as unconditional, e.g. Bjorvand
1991: 107, Boutkan 1995b: 59–62, 374–5. Thus, for example, framis ‘farther' is to be regarded as analogical
to a comp. adj. *framiza-. Neither analysis appears to be capable of definitive proof, but it is worth observing
that categorical loss of i would create an imbalance in the phonological development of the high vowels, since
u, though usually restored, is lost after heavy syllables, as in, e.g., acc. sg. root-stem baúrg < *burzu"" (Krause
1968: §69.2d).
7. Was loss in the ultima earlier in a third syllable than a second? So, e.g., Krahe & Meid 1969: I, §121,
calling the change “gemein-germ.” Boutkan (1995b) and Antonsen (2002: 241) work with similar assump-
tions. If PIE e in unstressed syllables is assumed to have become i except before r (§5.5), the assumption of
earlier loss in third syllables would be the simplest way to explain why in the pres. ind. of strong verbs there is
not umlaut throughout the paradigm in North and West Gmc. Certainly, i is preserved in second syllables in
Runic, but rather than regular loss in all third syllables there might be expected conditioned loss governed by
Prokosch's law (§2.5; e.g. *dazomz: *stainomiz), with subsequent generalization of the syncopated form. The"		
alignment36-stone-fulk-gothic-dative	Fulk2018	82	99	1	3315	3321	stáina	2cf922c00484b71bb553b0ee75109cafde5f796c0595a4330c2568e8e1086b77	"82
82
A Comparative Grammar of the Early Germanic Languages
assumption of early loss in third syllables leaves some WGmc. forms with umlaut unexplained, e.g. OE nd-
stem nom. plurals like friend 'friend' and hettend ‘enemy' (not thettand).
8. Cf. PGmc. *anþeraz > Go. anþar, Olcel. annarr, OE ōðer, OS ōðar, ōder, ādar, OHG ander, andar
'other'.
5.3
Bimoric vowels and diphthongs of final syllables
The bimoric syllabics of PGmc. reflect diphthongs (originally vowel + glide, §3.1) and
long vowels derived from PIE, as well as vowels lengthened upon loss of a final or ante-
consonantal laryngeal consonant, e.g. PIE *-oh₂> *-ō and PIE *-eh,-ti > PGmc. *-ēþ(i).
Although they are sometimes grouped with the trimoric vowels (see §5.4), vowels con-
tracted already in PIE from vowel sequences without an intervening laryngeal conson-
ant (e.g. PIE thematic masc. nom. pl. *-ōs < *-o-es) are almost certainly to be regarded
as bimoric.
In absolute finality, PGmc. ō develops to Go. a but NWGmc. u: cf. Runic 1 sg.
pres. waritu 'write' on the Järsberg stone (ca. 450) < PGmc. *wrītō. In NGmc. this u is
lost altogether (after causing fracture and u-mutation, §4.8), whereas in WGmc. it is lost
only after heavy syllables, though it is frequently restored on an analogical basis, espe-
cially in OS and OHG. Examples: PGmc. *3ebō 'gift' > Go. giba, Olcel. gjof, OE giefu;
PGmc. *laibō 'remnant' > Go láiba, OIcel. leif, OE lāf;¹ PGmc. pres. 1 sg. *farō ‘go'
Go. fara, Olcel. fer (with analogical e), OE (Anglian) færo, fearu, OS OHG faru.
Developments in monosyllables of lesser stress are less certain: PIE fem. *sō 'this'
gives Go. so but Olcel. sú (perhaps lengthened from *su: see §8.10); but to PIE *dō >
Go. du 'to' cf. OE OFris. OS tō, OHG zuo; plainly, the mutual influence of stressed and
unstressed forms played a role.
For the most part, PGmc. ō was preserved as such when a consonant originally
followed. This ō is reflected as ō in Gothic, a in NGmc., and probably a in WGmc.
Under such circumstances final -s/z was preserved in PGmc. (§6.11), and the develop-
ment of ō before it may be illustrated by the reflexes of the PIE nom. pl. masc. o-stem
ending *-ōs (< *-o-es) reflected in Go. dagōs ‘days', Olcel. dagar, OE dagas, OS
dagos, -as; yet the WGmc. evidence is mostly insecure, due to the possible analogical
influence of the acc. pl. inflection (§7.8). Final r was also preserved, and before it ō
apparently remained in Gothic and developed to a in WGmc. (> OE OFris. e), as in Go.
fidwōr, OE feower, OS fi(u)war 'four' (Stiles 1985-6); perhaps also *watōr > OE
wæter, OS water, watar, OHG wazzar ‘water' (cf. Gk. ""dwp). When final n (PIE n, m)
originally followed, it was lost and the vowel nasalized, the vowel still reflected as ō in
Runic NWGmc. (e.g. runo on the Einang stone, ca. 350–400), resulting otherwise in a
(OE and OFris. e< æ), as with the PIE acc. sg. ā-stem ending *-eh₂-m > *-ān > *-ō”, as
in Go. giba 'gift', OE giefe, OFris. gife, OS geba, OHG geba.² The same change is seen
in monosyllables of lesser stress, except that the Go. reflex is ō, e.g. PIE fem. acc. sg.
*tah₂-m 'this' > *tām > PGmc. *þō"" > Go. þō and re-lengthened OIcel. þá, OE þā.
In absolute finality, & (/ε:/) developed to a, which is securely reflected only in
Gothic, as in PIE instr. *-e-h₁ > *-ē in Go. dat. stáina (cf. original instr. þē in Go. ni pē
haldis 'none the more'; also Go. dat. hammēh ‘every' < PIE *-eh-ke hamma ‘who'
< PIE *-e-h, but see §7.8 on the a-stem dat. sg.). It is perhaps lost altogether in WGmc.
endingless locatives (§7.8 under dat. sg., but for alternative explanations see Dahl 1938:
51-5, Braune 2004a: §193 Anm. 8), and in the gen. of dual and plural personal"		
alignment36-stone-rt-acc-pwgmc	RingeTaylor2014	45	60	6	6	12	*stain	2b112f061d99eb59ffcabb8d2f9a040389a547f9393e1d674a460cce0de9dcca	PWGme *stain > OE stan, OF, OS stén, OHG stein;		
alignment36-stone-rt-acc-oe	RingeTaylor2014	45	60	6	18	22	stan	2b112f061d99eb59ffcabb8d2f9a040389a547f9393e1d674a460cce0de9dcca	PWGme *stain > OE stan, OF, OS stén, OHG stein;		
alignment36-stone-rt-adjective	RingeTaylor2014	234	249	12	6	16	*staininaz	bf9b4f5e8d2511b7d9af98de8048941f730c5cc51f5b4dc71db12c6131f0eb5c	"PGmce *staininaz ‘(made) of stone’ (Goth. staineins, OHG steinin) > *stanin > OE
steéenen;"		
alignment36-stone-rt-adjective-intermediate	RingeTaylor2014	234	249	12	68	75	*stanin	bf9b4f5e8d2511b7d9af98de8048941f730c5cc51f5b4dc71db12c6131f0eb5c	"PGmce *staininaz ‘(made) of stone’ (Goth. staineins, OHG steinin) > *stanin > OE
steéenen;"		
alignment36-stone-rt-adjective-endpoint	RingeTaylor2014	234	249	12	81	89	steéenen	bf9b4f5e8d2511b7d9af98de8048941f730c5cc51f5b4dc71db12c6131f0eb5c	"PGmce *staininaz ‘(made) of stone’ (Goth. staineins, OHG steinin) > *stanin > OE
steéenen;"		
alignment36-stool-kroonen-stand	Kroonen2013	481	521	1	1399	1409	*stéh₂-lo-	1d7ef7a7ebd3f52df52b2684731302e2ad1c755e83a9a382a9751bdd265defb6	"*stōda-
481
to drop, splash', Elfd. stekka s.v. 'to sprinkle, splash', OE stincan s.v. 'to smell,
stink; to leap, spring', E to stink, OS stinkan s.v. 'id.', Du. stinken s.v. 'id.', OHG
stinkan s.v. 'id.', G stinken s.v. 'id.' *sténgw-e- (EUR) Lat. re-stinguō, -ere
'to push back, suppress' < *-sténgw-e-; Lith. sténgti (sténgiu) 'to exert one-
self *stengw-ie-.
⇒
A strong verb. In view of the pertaining gerundive *stēki- (q.v.), it must
probably be reconstructed as *sté-n-gw-e- with a nasal infix. See also
*stunkwi-.
-
*stōda- n. 'flock' ON stóð n. 'stud', Far. stóð n. 'lazy horse', Elfd. stuoð f.
'litter; flock', OE stōd n. 'stud, herd of horses', E stud, Du. stoet c. 'guidance,
procession', OHG stuot f. 'herd of horses', G Stute f. 'mare' *steh₂-dhh1-0-
(DRV) Close to OCS stado n. 'herd, flock' and Lith. stódas m. 'flock of hors-
es'; also cf. Lith. stóné f. 'stable' <*steh₂-no-.
-
A word probably derived from the root *steh2- 'to stand' with the suffix
*-dhh1-0-, for which cf. *kudja- 'flock' and *awidja- 'flock of sheep'. OCS stado
and Lith. stódas may theoretically have been borrowed from Germanic, but
there is no direct reason to think so.
-
,
*stōla- m.'chair, seat' Go. stols m. 'id.', ON stóll m. 'id.', Far. stólur m. ‘id.',
Elfd. stuol m. 'id.', OE stōl m. ‘id.', E stool, OFri. stōl m. 'id.', OS stōl m. 'id.', Du.
stoel c. 'id.', OHG stuol m. 'id.', G Stuhl m. 'id.' ⇒ *stéh₂-lo- (IE)
pa-stólai m.pl. 'rack, frame' <*steh₂-lo-.
-
Lith.
In spite of the meaning 'chair', this word is usually taken to be a deriva-
tion from the root *steh₂- 'to stand', for which see *sten-. The alternative is
to reconstruct *sd-ōl-o-, a possible thematicization of an 1-stem to the root
*sed- 'to sit' (Peter Kerkhof, p.c.). There is probably no connection with OGS
stol m. 'throne', Lith. stālas m. 'table' < *stol-o-, which can be related to
*stalla- (q.v.).
⇒
*stōō- f. 'place; judgement' - Go. staua f. 'judgement, verdict', ON eld-stó f.
'fire-place', OE stōw f. 'place', OFri. stō f. 'site; place', OHG stuo-tago m.
'Judgement Day' *stehz-ueh2- (NEUR) - Lith. stovà f. 'place' (whence Lith.
stovėti, Latv. stāvêt 'to stand'); OCS staviti, Ru. stávit' (stávlju) 'to place' <
*steh2-u-eie-; Lat. stāvs adj. 'upright' < *steh₂-uo-.
Identical to Lith. stovà < *stehz-ueh2-. Pre-Gm. *stowō- developed into
*stōō- by the loss of *w after *ō. Go. staua [stɔ̃a] has regular lowering of ō in
hiatus position. OE stow (whence OE stōwian 'to direct', E stow), on the oth-
er hand, received a secondary w to fill the same hiatus. The whole cluster
probably goes back to a root extension of *steh₂- 'to stand' (see *stēn-),
which ultimately may be based on an adjective *steh₂-uo-, cf. Latv. stāws.
Also cf. Go. stojan w.v. 'to judge' < *stōjan-, OHG stouwen w.v. 'to accuse,"		
alignment36-stool-orel-oe-body	Orel2003	379	418	1	1640	1644	stól	6549020df70d4f76fb27ca5ce3d03b9fa038258c24876ecdbb65dada00d1bd3c	"stīraz
HOFMANN II 595; POKORNY I 1010–1011;
FRAENKEL 910.
*stirēnan wk.vb.: ON stira 'to stare, to gog-
gle', EFris stīren ‘to become rigid, MLG
stiren id., G stieren id. Derived from *stīraz.
TORP-FALK 490; VRIES ANEW 548–549.
*stōda-xrussan sb.n.: ON stóð hross
'stud-horse, stallion', OE stód-hors id.,
OHG stuot-ros id. Compound of *stōđan
and *xrussan. CARR Nom. comp. 78 (par-
allel formations).
stóð -merr
Com-
CARR
*stōđa-marxjōn sb.f.: ON
‘brood‐mare', OE stód-mere id.
pound of *stōdan and *marxjōn.
Nom. comp. 82 (parallel formations).
*stōdan sb.n.: ON stóð 'stud, herd (of
horses)', OE stód id., OS stōd ‘pen (for
horses)' (fem.), OHG stuot 'herd (of
horses)' (fem.). Together with Slav *stado
continues dialectal IE *stādhom, derived
from IE *stā- 'to stand', see *standanan,
*stenan. TORP-FALK 479 (Slav < Gmc);
HOLTHAUSEN AEEW 323, AWN 283;
POKORNY I 1004-1007; CHEMODANOV
SGGJA I 83; VRIES ANEW 550; ZALIZNIAK
II 175; ONIONS 877; STANG LS 54;
VASMER-TRUBACHEV III 743; LEHMANN
GED 33; KLUGE-SEEBOLD 806.
*stōdiz adj.: ON gagn-staðr 'contrary'.
379
Close to Av stāiti- ‘standing', Lith stačias
id., Latv stātis id., Slav *statь ‘row, way,
composure'. Continues *stā-ti-, cf. *stēnan.
BARTHOLOMAE 1605; KARSTEN NB II
186-187; POKORNY I 1006; TRAUTMANN
BSW 283; FRAENKEL 891; VRIES ANEW
558; VASMER-TRUBACHEV III 748; LEH-
MANN GED 324; MATZEL Festschr. Schröder
105, KZ CV 120, 132–133; HEIDERMANNS
556.
*stōdjanan wk.vb.: Goth ana-stodjan 'to
begin', ON stæða 'to establish'. Formally
derived from *stōdan or *stōdiz. FEIST
44-45; VRIES ANEW 558.
*stōlaz sb.m.: Goth stols 'seat, chair,
throne', ON stóll ‘chair, stool', OE stól id.,
OFris stōl id., OS stōl id., OHG stuol id.
Close to Lith pa-stõlas ‘stand' < *stālo-,
cf. also Slav *stol throne, table, chair'.
Further to IE *stā- 'to stand, to put', see
stōwjanan
*stenan. TORP-FALK 488; HOLTHAUSEN
AEEW 324; FEIST 455-456; POKORNY I
1007; FRAENKEL 547-548; VRIES ANEW
551; ZALIZNIAK I 135; ONIONS 872;
STANG LS 55; SEEBOLD 464; VASMER-
TRUBACHEV III 764-765; LEHMANN GED
327; BAMMESBERGER Nom. 76; KLUGE-
SEEBOLD 804.
*stōmōn sb.m.: Goth stoma 'basis, sub-
stance, úлóστασiç', OHG gi-stuomi 'quiet'.
Close to Skt neut. stháman- 'location',
Gk στnuov 'warp in weaving', Lat stāmen
id., Lith stomuo 'stature', Slav *stam
'permanent, stubborn'. Further based
on IE *sta 'to stand'. See *stenan.
SCHRÖDER DADL XLII 68 (from *stōb-
ma-); TRAUTMANN BSW 282; WALDE-
HOFMANN II 586; FEIST 456; MAYRHOFER
III 526; POKORNY I 1007-1008;
FRAENKEL 912; FRISK II 796; VASMER-
TRUBACHEV III 744–745; LEHMANN GED
327; BAMMESBERGER Nom. 184.
*stōraz adj.: ON stórr 'great, potent', OE
stór great, strong, violent', OFris stōr
'big, weighty', OLG stōri ‘famous'. Iden-
tical with Lith stóras 'thick', Slav *starb
'old' (MEILLET Etudes 404). Cf. *starraz.
KARSTEN NB II 251; TORP-FALK 479;
PERSSON Beiträge 707, 711; TRAUTMANN
BSW 282; FEIST 50–51; HOLTHAUSEN
AEEW 324, AWN 284; POKORNY I 1008;
FRAENKEL 913; VRIES ANEW 551-552;
VASMER-TRUBACHEV III 747; LEHMANN
GED 37-38; STANG LS 55; HEIDERMANNS
557-558.
*stōrjanan wk.vb.: ON stæra 'to swell',
OHG stuorren 'to support'. Derived from
*stōraz. Structurally close to Slav *stariti sę
'to become old'. HEIDERMANNS 558.
*stōwjanan wk.vb.: Goth stojan 'to judge',
OE stówian 'to hold back, to restrain',
MLG stowen 'to heap up', OHG stouwen
'to complain'. Derived from *stōwō
(BRUGMANN Grundriß II/I 202, 207).
However, can be structurally close to
Slav *staviti 'to put, to place', Lith stóviu,
stovėti 'to stand, to stand still' (ZUBATÝ
BB XVIII 247). GRIENBERGER Got. 198;
PERSSON Beiträge 563, 713; MIKKOLA"		
