row_id	concept	selected_oe_cell	inspected_alias_family_leads	complete_index_screen	index_navigation_hits	body_navigation_hits_not_identity	accepted_consultation_pages	disposition	actual_review_status	actual_evidence_ids	identity_cell_guard	scope_assessment
1933	adder	nǣdre	nǣdre;nḗdrōn	PGmc358-368;PNWGmc/PWGmc369;OE380-386;complete source indexes and body tables inspected				screened_no_applicable_lead			No equality to a selected cell inferred from current strings or a lexical-index entry.	No applicable named lead established within the completed relevance screen. This is a screen result, not a no_form_found/not_applicable coverage record, not source silence as dissent.
1934	bake	bacan	bacan;bákaną	PGmc358-368;PNWGmc/PWGmc369;OE380-386;complete source indexes and body tables inspected			213	relevant_consulted	evidence_found	ringe-complete-bake-stem	No equality to a selected cell inferred from current strings or a lexical-index entry.	Actual consultation, not merely screen.
1935	ball	-	bálluz	PGmc358-368;PNWGmc/PWGmc369;OE380-386;complete source indexes and body tables inspected				screened_no_applicable_lead			No equality to a selected cell inferred from current strings or a lexical-index entry.	No applicable named lead established within the completed relevance screen. This is a screen result, not a no_form_found/not_applicable coverage record, not source silence as dissent.
1936	ban	bannes	bannes;bánną;bánnas	PGmc358-368;PNWGmc/PWGmc369;OE380-386;complete source indexes and body tables inspected				screened_no_applicable_lead			No equality to a selected cell inferred from current strings or a lexical-index entry.	No applicable named lead established within the completed relevance screen. This is a screen result, not a no_form_found/not_applicable coverage record, not source silence as dissent.
1937	barrow	beorg	beorg;bérgą	PGmc358-368;PNWGmc/PWGmc369;OE380-386;complete source indexes and body tables inspected			190	relevant_consulted	evidence_found	ringe-complete-barrow-family	No equality to a selected cell inferred from current strings or a lexical-index entry.	Actual consultation, not merely screen.
1938	bast	bæst	bæst;bástą	PGmc358-368;PNWGmc/PWGmc369;OE380-386;complete source indexes and body tables inspected				screened_no_applicable_lead			No equality to a selected cell inferred from current strings or a lexical-index entry.	No applicable named lead established within the completed relevance screen. This is a screen result, not a no_form_found/not_applicable coverage record, not source silence as dissent.
1939	bath	bæþ	bæþ;báθą	PGmc358-368;PNWGmc/PWGmc369;OE380-386;complete source indexes and body tables inspected				screened_no_applicable_lead			No equality to a selected cell inferred from current strings or a lexical-index entry.	No applicable named lead established within the completed relevance screen. This is a screen result, not a no_form_found/not_applicable coverage record, not source silence as dissent.
1940	beard	beard	beard;bárdaz	PGmc358-368;PNWGmc/PWGmc369;OE380-386;complete source indexes and body tables inspected				screened_no_applicable_lead			No equality to a selected cell inferred from current strings or a lexical-index entry.	No applicable named lead established within the completed relevance screen. This is a screen result, not a no_form_found/not_applicable coverage record, not source silence as dissent.
1941	beaver	befer	befer;bébruz	PGmc358-368;PNWGmc/PWGmc369;OE380-386;complete source indexes and body tables inspected				screened_no_applicable_lead			No equality to a selected cell inferred from current strings or a lexical-index entry.	No applicable named lead established within the completed relevance screen. This is a screen result, not a no_form_found/not_applicable coverage record, not source silence as dissent.
1942	beech	bōc	bōc;bōkō	PGmc358-368;PNWGmc/PWGmc369;OE380-386;complete source indexes and body tables inspected				screened_no_applicable_lead			No equality to a selected cell inferred from current strings or a lexical-index entry.	No applicable named lead established within the completed relevance screen. This is a screen result, not a no_form_found/not_applicable coverage record, not source silence as dissent.
1943	begin	beġinnan	beġinnan;bigínnaną	PGmc358-368;PNWGmc/PWGmc369;OE380-386;complete source indexes and body tables inspected				screened_lead_excluded			p258 Gothic anastodjan begin is the stand causative, not selected begin beġinnan.	No applicable named lead established within the completed relevance screen. This is a screen result, not a no_form_found/not_applicable coverage record, not source silence as dissent.
1944	believe	ġelīefan	ġelīefan;galáubijaną	PGmc358-368;PNWGmc/PWGmc369;OE380-386;complete source indexes and body tables inspected			239	relevant_consulted	discussion_only	ringe-complete-believe-gothic-dual;ringe-complete-believe-gothic-3sg	Believe is genuinely attested in Gothic clitic/finite examples239; semantically similar PIE trust bheydh is not the selected ga-laub etymon.	Actual consultation, not merely screen.
1945	belly	bielġ	bielġ;bálgiz	PGmc358-368;PNWGmc/PWGmc369;OE380-386;complete source indexes and body tables inspected				screened_lead_excluded			p223 belly is the breast etymon breus/brus with Russian/Irish relatives, not selected bielġ.	No applicable named lead established within the completed relevance screen. This is a screen result, not a no_form_found/not_applicable coverage record, not source silence as dissent.
1946	berry	berġes	berġes;bázją;bázjas	PGmc358-368;PNWGmc/PWGmc369;OE380-386;complete source indexes and body tables inspected				screened_no_applicable_lead			No equality to a selected cell inferred from current strings or a lexical-index entry.	No applicable named lead established within the completed relevance screen. This is a screen result, not a no_form_found/not_applicable coverage record, not source silence as dissent.
1947	bid	-	béudaną;beudaną;budanaz;bēodan;boden	PGmc358-368;PNWGmc/PWGmc369;OE380-386;complete source indexes and body tables inspected	p.359: *arbiją 144, 157, 326                           *beudaną, *baust 247; *budanaz 188 || p.381: bēodan: boden 188                                 clēofan 119, 134, 268 (princ. parts)	p.188: budanaz,boden;p.247: béudaną,beudaną	188	relevant_consulted	evidence_found	ringe-complete-offer-participle	No equality to a selected cell inferred from current strings or a lexical-index entry.	Actual consultation, not merely screen.
1948	bid	-	bídjaną;bidjaną;biddan;bedanaz	PGmc358-368;PNWGmc/PWGmc369;OE380-386;complete source indexes and body tables inspected	p.359: *arjaną 207, 214, 279; *ariþi, *arjanþi 143,    *bidjaną 128, 143, 152, 207, 250, 273 (princ. || p.359: *arþi- ~ *ardi- 305                                  *bedanaz 211; *bēd- 210; || p.381: biddan 128, 250, 273 (princ. parts);              cwēn 90, 119	p.128: bídjaną,bidjaną,biddan;p.207: bídjaną,bidjaną;p.211: bedanaz;p.250: bídjaną,bidjaną,biddan;p.273: bídjaną,bidjaną,biddan,bedanaz;p.296: bídjaną,bidjaną;p.297: bedanaz	128,250	relevant_consulted	evidence_found	ringe-system-bid-ask;ringe-complete-ask-present;ringe-complete-ask-inf	No equality to a selected cell inferred from current strings or a lexical-index entry.	Actual consultation, not merely screen.
1949	bier	bǣr	bǣr;bḗrō	PGmc358-368;PNWGmc/PWGmc369;OE380-386;complete source indexes and body tables inspected	p.359: *berandi, *berō 249; *berōz 161;        *burg- 101, 121, 190, 222; *burgiz (gen. sg.), || p.359: *berō 128                                                *būi- ~ *būa- 159	p.128: bḗrō;p.249: bḗrō;p.271: bǣr		screened_lead_excluded			p128 bear bera and p271 carry beraną are different leads; no directly applicable bier quotation established. Carry has no direct corpus row.	No applicable named lead established within the completed relevance screen. This is a screen result, not a no_form_found/not_applicable coverage record, not source silence as dissent.
1950	bind	bindan	bindan;bíndaną	PGmc358-368;PNWGmc/PWGmc369;OE380-386;complete source indexes and body tables inspected	p.359: *arō 89, 92, 170; *arn- 89, 170                 *bindaną 174, 252 (princ. parts); *band 143, || p.381: bindan 174; band 143, 181; bind 143               cwide 324	p.174: bindan,bíndaną;p.252: bíndaną	174,252	relevant_consulted	evidence_found	ringe-system-bind-1;ringe-system-bind-2;ringe-system-bind-3;ringe-system-bind-4;ringe-system-bind-underlying;ringe-complete-bind-inf	No equality to a selected cell inferred from current strings or a lexical-index entry.	Actual consultation, not merely screen.
1951	birth	byrd	byrd;búrdiz;gaburþi-;gaburdi-;ġebyrd	PGmc358-368;PNWGmc/PWGmc369;OE380-386;complete source indexes and body tables inspected	p.359: *gaburþi- ~ *gaburdi- 305                    *būaną 97, 120, 221, 262, 280 || p.383: ġebyrd 305                                        hefeþ 123, 145, 155	p.145: byrd;p.305: gaburþi-,gaburdi-,ġebyrd	305	relevant_consulted	evidence_found	ringe-complete-birth-voiceless;ringe-complete-birth-voiced	No equality to a selected cell inferred from current strings or a lexical-index entry.	Actual consultation, not merely screen.
1952	blood	blōd	blōd;blōdą;blōþa-;blōda-;blōþą	PGmc358-368;PNWGmc/PWGmc369;OE380-386;complete source indexes and body tables inspected	p.359: *ausaną: *eaus 214                              *blōþą ~ *blōda- 302, 328 || p.381: blōd 302                                                  182; -des(t) 182	p.302: blōd,blōdą,blōþa-,blōda-,blōþą;p.328: blōþą	302	relevant_consulted	evidence_found	ringe-complete-blood-voiceless;ringe-complete-blood-voiced	No equality to a selected cell inferred from current strings or a lexical-index entry.	Actual consultation, not merely screen.
1953	board	bord	bord;búrdą	PGmc358-368;PNWGmc/PWGmc369;OE380-386;complete source indexes and body tables inspected				screened_lead_excluded			p260 board is spjald/spilda, not selected bord.	No applicable named lead established within the completed relevance screen. This is a screen result, not a no_form_found/not_applicable coverage record, not source silence as dissent.
1954	bone	bān	bān;báiną	PGmc358-368;PNWGmc/PWGmc369;OE380-386;complete source indexes and body tables inspected	p.359: *bainą 328                                              *branhtē 245, 262	p.328: báiną	328	relevant_consulted	discussion_only	ringe-complete-bone-etymology	No equality to a selected cell inferred from current strings or a lexical-index entry.	Actual consultation, not merely screen.
1955	book	bōc	bōc;bōkz	PGmc358-368;PNWGmc/PWGmc369;OE380-386;complete source indexes and body tables inspected				screened_no_applicable_lead			No equality to a selected cell inferred from current strings or a lexical-index entry.	No applicable named lead established within the completed relevance screen. This is a screen result, not a no_form_found/not_applicable coverage record, not source silence as dissent.
1956	bore	borian	borian;búrōjaną	PGmc358-368;PNWGmc/PWGmc369;OE380-386;complete source indexes and body tables inspected				screened_no_applicable_lead			No equality to a selected cell inferred from current strings or a lexical-index entry.	No applicable named lead established within the completed relevance screen. This is a screen result, not a no_form_found/not_applicable coverage record, not source silence as dissent.
1957	bosom	bōsm	bōsm;bōsmaz	PGmc358-368;PNWGmc/PWGmc369;OE380-386;complete source indexes and body tables inspected				screened_no_applicable_lead			No equality to a selected cell inferred from current strings or a lexical-index entry.	No applicable named lead established within the completed relevance screen. This is a screen result, not a no_form_found/not_applicable coverage record, not source silence as dissent.
1958	both	bū	bū;bō;ba-;bajoþ-;both	PGmc358-368;PNWGmc/PWGmc369;OE380-386;complete source indexes and body tables inspected	p.359: *ba- ‘both’ 319                                 *bringaną 136, 174, 245, 262, 280 (princ.	p.87: both;p.89: both;p.94: both;p.98: both;p.100: both;p.101: both;p.104: both;p.105: both;p.107: both;p.108: both;p.110: both;p.118: both;p.119: both;p.121: both;p.122: both;p.124: both;p.125: both;p.126: both;p.131: both;p.133: both;p.138: both;p.140: both;p.144: both;p.146: both;p.147: both;p.148: both;p.149: both;p.152: both;p.154: both;p.156: both;p.158: both;p.162: both;p.163: both;p.164: both;p.165: both;p.167: both;p.170: both;p.175: both;p.176: both;p.180: both;p.182: both;p.185: both;p.186: both;p.188: both;p.190: both;p.194: both;p.196: both;p.197: both;p.199: both;p.201: both;p.205: both;p.206: both;p.207: both;p.217: both;p.221: both;p.225: both;p.226: both;p.228: both;p.234: both;p.242: both;p.244: both;p.248: both;p.251: both;p.254: both;p.258: both;p.259: both;p.260: both;p.264: both;p.268: both;p.271: both;p.276: both;p.277: both;p.279: both;p.283: both;p.286: both;p.288: both;p.289: both;p.290: both;p.293: both;p.294: both;p.295: both;p.296: both;p.299: both;p.302: both;p.305: both;p.307: both;p.314: both;p.316: both;p.318: both;p.319: ba-,bajoþ-,both;p.319: both;p.321: both;p.322: both;p.324: both;p.326: both	318,319	relevant_consulted	discussion_only	ringe-complete-both-uncertain	Ordinary English both generated many false body hits; genuine ba- and two comparison discussed pp318-319 without recoverable selected full form.	Actual consultation, not merely screen.
1959	bottom	botm	botm;búdmaz;búttmaz	PGmc358-368;PNWGmc/PWGmc369;OE380-386;complete source indexes and body tables inspected				screened_no_applicable_lead			No equality to a selected cell inferred from current strings or a lexical-index entry.	No applicable named lead established within the completed relevance screen. This is a screen result, not a no_form_found/not_applicable coverage record, not source silence as dissent.
1960	bough	bōg	bōg;bōguz	PGmc358-368;PNWGmc/PWGmc369;OE380-386;complete source indexes and body tables inspected	p.359: *austrōn- 167                                   *bōguz 91, 120, 172 || p.381: æftemest 318                                      bōg 92, 120, 172	p.91: bōg,bōguz;p.120: bōg,bōguz;p.172: bōg,bōguz	172	relevant_consulted	evidence_found	ringe-complete-bough	No equality to a selected cell inferred from current strings or a lexical-index entry.	Actual consultation, not merely screen.
1961	bow	bīeġan	bīeġan;báugijaną	PGmc358-368;PNWGmc/PWGmc369;OE380-386;complete source indexes and body tables inspected			324	relevant_consulted	evidence_found	ringe-complete-bend	No equality to a selected cell inferred from current strings or a lexical-index entry.	Actual consultation, not merely screen.
1962	bow	bēag	bēag;béuganą;báug;baugaz;beuganą	PGmc358-368;PNWGmc/PWGmc369;OE380-386;complete source indexes and body tables inspected	p.359: *arhwō ~ *arwō- 133                             *beuganą, *baugaz 324 || p.381: bēag 324                                          ċealf 310	p.324: bēag,baugaz;p.324: béuganą,beuganą	324	relevant_consulted	evidence_found	ringe-complete-bow-ring	No equality to a selected cell inferred from current strings or a lexical-index entry.	Actual consultation, not merely screen.
1963	bow	boga	boga;búgô	PGmc358-368;PNWGmc/PWGmc369;OE380-386;complete source indexes and body tables inspected			324	relevant_consulted	evidence_found	ringe-complete-bow-noun-family	No equality to a selected cell inferred from current strings or a lexical-index entry.	Actual consultation, not merely screen.
1964	bower	būr	būr;būrą	PGmc358-368;PNWGmc/PWGmc369;OE380-386;complete source indexes and body tables inspected		p.212: būr		screened_lead_excluded			p212 bur- is carry's hypothetical past stem, not bower būr. The navigation match is not lexical identification.	No applicable named lead established within the completed relevance screen. This is a screen result, not a no_form_found/not_applicable coverage record, not source silence as dissent.
1965	brand	brandes	brandes;brándaz;brándas	PGmc358-368;PNWGmc/PWGmc369;OE380-386;complete source indexes and body tables inspected				screened_no_applicable_lead			No equality to a selected cell inferred from current strings or a lexical-index entry.	No applicable named lead established within the completed relevance screen. This is a screen result, not a no_form_found/not_applicable coverage record, not source silence as dissent.
1966	bread	brēad	brēad;bráudą	PGmc358-368;PNWGmc/PWGmc369;OE380-386;complete source indexes and body tables inspected				screened_no_applicable_lead			No equality to a selected cell inferred from current strings or a lexical-index entry.	No applicable named lead established within the completed relevance screen. This is a screen result, not a no_form_found/not_applicable coverage record, not source silence as dissent.
1967	break	brecan	brecan;brékaną	PGmc358-368;PNWGmc/PWGmc369;OE380-386;complete source indexes and body tables inspected	p.359: *-auz (u-stem gen. sg.) 304–5                   *brekaną 103, 257, 272 (princ. parts); || p.381: ǣ r 159; ǣ rra 318                              brecan 103, 272 (princ. parts); bræc,	p.103: brecan,brékaną;p.257: brékaną;p.272: brecan,brékaną	211,218,257,272	relevant_consulted	evidence_found	ringe-system-break;ringe-system-break-ptc;ringe-complete-break-participle;ringe-complete-break-inaz	No equality to a selected cell inferred from current strings or a lexical-index entry.	Actual consultation, not merely screen.
1968	breast	brēost	brēost;brústz;bréustą;breust-;brust-	PGmc358-368;PNWGmc/PWGmc369;OE380-386;complete source indexes and body tables inspected	p.359: *-az ~ *-iz- (z-stem sufﬁx) 149, 222            *breust- ~ *brust- 223 || p.381: -æs (a-stem gen. sg., archaic) 226                brēost 223	p.223: brēost	223	relevant_consulted	evidence_found	ringe-complete-breast-full;ringe-complete-breast-zero	No equality to a selected cell inferred from current strings or a lexical-index entry.	Actual consultation, not merely screen.
1969	breeches	brēċ	brēċ;brōkiz	PGmc358-368;PNWGmc/PWGmc369;OE380-386;complete source indexes and body tables inspected				screened_no_applicable_lead			No equality to a selected cell inferred from current strings or a lexical-index entry.	No applicable named lead established within the completed relevance screen. This is a screen result, not a no_form_found/not_applicable coverage record, not source silence as dissent.
1970	bride	brȳd	brȳd;brūdiz	PGmc358-368;PNWGmc/PWGmc369;OE380-386;complete source indexes and body tables inspected				screened_no_applicable_lead			No equality to a selected cell inferred from current strings or a lexical-index entry.	No applicable named lead established within the completed relevance screen. This is a screen result, not a no_form_found/not_applicable coverage record, not source silence as dissent.
1971	bring	bringan	bringan;brínganą	PGmc358-368;PNWGmc/PWGmc369;OE380-386;complete source indexes and body tables inspected	p.359: *ba- ‘both’ 319                                 *bringaną 136, 174, 245, 262, 280 (princ. || p.381: æt 55, 118, 168                                   bringan 136, 174, 245, 280 (princ. parts);	p.136: bringan,brínganą;p.174: bringan,brínganą;p.245: bringan,brínganą;p.262: brínganą;p.280: bringan,brínganą	136,237,245	relevant_consulted	evidence_found	ringe-system-bring;ringe-system-bring-past;ringe-complete-bring-participle;ringe-complete-bring-gothic-past	No equality to a selected cell inferred from current strings or a lexical-index entry.	Actual consultation, not merely screen.
1972	brook	brūcan	brūcan;brūkaną;brūhtē	PGmc358-368;PNWGmc/PWGmc369;OE380-386;complete source indexes and body tables inspected	p.359: *batiz 327                                   *brūkaną 112, 254, 262, 280 (princ. parts); || p.359: *(ga-)batnō- ~ *(ga-)batna- 290                      *brūhtē 262 || p.381: ālynnan 97                                        brūcan 112, 280 (princ. parts)	p.112: brūcan,brūkaną;p.254: brūkaną;p.262: brūkaną,brūhtē;p.280: brūcan,brūkaną,brūhtē	112,262,280	relevant_consulted	evidence_found	ringe-system-brook;ringe-system-brook-past;ringe-complete-brook-inf;ringe-complete-brook-weak-past;ringe-complete-brook-weak-participle	No equality to a selected cell inferred from current strings or a lexical-index entry.	Actual consultation, not merely screen.
1973	buck	bucc	bucc;búkkaz	PGmc358-368;PNWGmc/PWGmc369;OE380-386;complete source indexes and body tables inspected			139	relevant_consulted	evidence_found	ringe-complete-buck	No equality to a selected cell inferred from current strings or a lexical-index entry.	Actual consultation, not merely screen.
1974	burst	berstan	berstan;bréstaną;brestaną	PGmc358-368;PNWGmc/PWGmc369;OE380-386;complete source indexes and body tables inspected	p.369: *brestaną 254                              *-ǭ (non-masc. n-stem nom. sg.) 307	p.254: bréstaną,brestaną	254	relevant_consulted	evidence_found	ringe-system-burst	No equality to a selected cell inferred from current strings or a lexical-index entry.	Actual consultation, not merely screen.
1975	calf	ċealf	ċealf;kálbaz;kalbaz;kalbiz-	PGmc358-368;PNWGmc/PWGmc369;OE380-386;complete source indexes and body tables inspected	p.363: *kalbaz ~ *kalbiz- 310                      *leubalīkaz 327 || p.381: bēag 324                                          ċealf 310	p.310: ċealf,kálbaz,kalbaz,kalbiz-	310	relevant_consulted	evidence_found	ringe-complete-calf-a;ringe-complete-calf-i	No equality to a selected cell inferred from current strings or a lexical-index entry.	Actual consultation, not merely screen.
1976	chew	ċēowan	ċēowan;kéwwaną	PGmc358-368;PNWGmc/PWGmc369;OE380-386;complete source indexes and body tables inspected	p.363: *kewwaną 99, 109, 268 (princ. parts)        *lētaną 215 (princ. parts), 278 (princ. parts), || p.381: bend 97                                           ċēowan 109, 268 (princ. parts)	p.109: ċēowan,kéwwaną;p.268: kéwwaną;p.268: ċēowan,kéwwaną	109	relevant_consulted	evidence_found	ringe-complete-chew	No equality to a selected cell inferred from current strings or a lexical-index entry.	Actual consultation, not merely screen.
1977	climb	climban	climban;klímbaną	PGmc358-368;PNWGmc/PWGmc369;OE380-386;complete source indexes and body tables inspected				screened_no_applicable_lead			No equality to a selected cell inferred from current strings or a lexical-index entry.	No applicable named lead established within the completed relevance screen. This is a screen result, not a no_form_found/not_applicable coverage record, not source silence as dissent.
1978	comb	camb	camb;kámbaz;kambaz	PGmc358-368;PNWGmc/PWGmc369;OE380-386;complete source indexes and body tables inspected	p.363: *kambaz 108, 119, 171                       *leuganą, *leugna- 137 || p.381: camb 108, 119, 171	p.108: camb,kámbaz,kambaz;p.119: camb,kámbaz,kambaz;p.171: camb,kámbaz,kambaz	171	relevant_consulted	evidence_found	ringe-complete-comb	No equality to a selected cell inferred from current strings or a lexical-index entry.	Actual consultation, not merely screen.
1979	corn	corn	corn;kúrną	PGmc358-368;PNWGmc/PWGmc369;OE380-386;complete source indexes and body tables inspected	p.363: *kurną 101, 119                                 *libjaną 287, 289 || p.381: subj. 3sg.), beren 167; birst 152, 249;   corn 101, 119	p.101: corn,kúrną;p.119: corn,kúrną	119	relevant_consulted	evidence_found	ringe-complete-corn	No equality to a selected cell inferred from current strings or a lexical-index entry.	Actual consultation, not merely screen.
1980	cow	cȳ	cȳ;kōz;kūi;kū-;kwō-;cū	PGmc358-368;PNWGmc/PWGmc369;OE380-386;complete source indexes and body tables inspected	p.363: *kū- ~ *kwō- 223                                     *liwanaz 129	p.223: kū-;p.223: kū-,kwō-;p.226: kwō-;p.321: kwō-	223	relevant_consulted	evidence_found	ringe-complete-cow-u;ringe-complete-cow-o	No equality to a selected cell inferred from current strings or a lexical-index entry.	Actual consultation, not merely screen.
1981	craft	cræft	cræft;kráftiz;kráftaz	PGmc358-368;PNWGmc/PWGmc369;OE380-386;complete source indexes and body tables inspected				screened_no_applicable_lead			No equality to a selected cell inferred from current strings or a lexical-index entry.	No applicable named lead established within the completed relevance screen. This is a screen result, not a no_form_found/not_applicable coverage record, not source silence as dissent.
1982	crop	cropp	cropp;krúppaz	PGmc358-368;PNWGmc/PWGmc369;OE380-386;complete source indexes and body tables inspected	p.381: birþ 120, 152, 249; boren 188             cropp 139	p.139: cropp	139	relevant_consulted	evidence_found	ringe-complete-crop	No equality to a selected cell inferred from current strings or a lexical-index entry.	Actual consultation, not merely screen.
1983	cud	cwedu	cwedu;kwíθuz;kwéðuz	PGmc358-368;PNWGmc/PWGmc369;OE380-386;complete source indexes and body tables inspected				screened_no_applicable_lead			No equality to a selected cell inferred from current strings or a lexical-index entry.	No applicable named lead established within the completed relevance screen. This is a screen result, not a no_form_found/not_applicable coverage record, not source silence as dissent.
1984	dale	dæl	dæl;dálaz	PGmc358-368;PNWGmc/PWGmc369;OE380-386;complete source indexes and body tables inspected				screened_no_applicable_lead			No equality to a selected cell inferred from current strings or a lexical-index entry.	No applicable named lead established within the completed relevance screen. This is a screen result, not a no_form_found/not_applicable coverage record, not source silence as dissent.
1985	day	dæġ	dæġ;dágaz	PGmc358-368;PNWGmc/PWGmc369;OE380-386;complete source indexes and body tables inspected	p.360: *dagaz 312 (parad.)                                *fadēr 98, 123, 308	p.152: dæġ;p.312: dágaz	312	relevant_consulted	evidence_found	ringe-complete-day-table	No equality to a selected cell inferred from current strings or a lexical-index entry.	Actual consultation, not merely screen.
1986	deal	dǣl	dǣl;dáiliz	PGmc358-368;PNWGmc/PWGmc369;OE380-386;complete source indexes and body tables inspected	p.360: *dailiz 284                                        *faihaz ‘hostile’ 107	p.284: dáiliz	284	relevant_consulted	evidence_found	ringe-complete-deal-noun;ringe-complete-deal-verb	No equality to a selected cell inferred from current strings or a lexical-index entry.	Actual consultation, not merely screen.
1987	deed	dǣd	dǣd;dḗdiz;dēdiz	PGmc358-368;PNWGmc/PWGmc369;OE380-386;complete source indexes and body tables inspected	p.360: *dēdiz 58 fn. 48, 90, 121, 198 (partial parad.),            (princ. parts), 282	p.90: dǣd,dḗdiz,dēdiz;p.121: dǣd,dḗdiz,dēdiz;p.259: dḗdiz,dēdiz;p.312: dḗdiz,dēdiz	121,259	relevant_consulted	evidence_found	ringe-system-deed;ringe-complete-deed-explicit	No equality to a selected cell inferred from current strings or a lexical-index entry.	Actual consultation, not merely screen.
1988	deer	dēor	dēor;déuzą	PGmc358-368;PNWGmc/PWGmc369;OE380-386;complete source indexes and body tables inspected			315	relevant_consulted	evidence_found	alignment-deer-ringe-dear-adjective	Dear i-stem adjective, not selected animal noun; Fulk's separate explicit beast claim is not overwritten.	Historical initial screen: No applicable named lead established within the completed relevance screen. This is a screen result, not a no_form_found/not_applicable coverage record, not source silence as dissent. Actual follow-up315 now records the related dear adjective, its ri formation and uncertain inflection; no animal noun quotation is fabricated.
1989	dew	dēaw	dēaw;dáwwō;mildēaw;militou	PGmc358-368;PNWGmc/PWGmc369;OE380-386;complete source indexes and body tables inspected	p.384: lǣ dan 251                                 mildēaw 152, 168, 223, 312	p.152: mildēaw,militou;p.168: dēaw;p.223: mildēaw,militou;p.312: mildēaw,militou	312	relevant_consulted	discussion_only	ringe-complete-dew-honey-component	No equality to a selected cell inferred from current strings or a lexical-index entry.	Actual consultation, not merely screen.
1990	dill	dile	dile;déljaz;déliz	PGmc358-368;PNWGmc/PWGmc369;OE380-386;complete source indexes and body tables inspected				screened_no_applicable_lead			No equality to a selected cell inferred from current strings or a lexical-index entry.	No applicable named lead established within the completed relevance screen. This is a screen result, not a no_form_found/not_applicable coverage record, not source silence as dissent.
1991	do	dōn	dōn;dōną;dō-;dēnaz;dōnaz;ded-;dēd-	PGmc358-368;PNWGmc/PWGmc369;OE380-386;complete source indexes and body tables inspected	p.360: *-d- (~ *-dēd-) / *-T- (~ *-Tēd-) (weak past          *atjaną 282 (princ. parts) || p.360: *dō- 33 fn. 23, 185, 219, 185 fn. 38, 259,             *fastāną 289 || p.360: 294–5 (parad.); *ded- ~ *dēd- 191,         *fedwōr 91, 93, 123, 172, 319 (parad.) || p.360: 173, 183, 193, 217, 243; *dēnaz, (post-    *felaz ~ *ﬁliz- 310 || p.360: PGmc) *dōnaz 295 fn. 19; *dudī-,           *felhaną, *falgō 247 || p.382: dōn: dǣ don (poetic) 183; dē ̆de               ettan 282 || p.382: (Anglian) 185; dōn (ptc.) 295 fn. 19;   fǣ mne 138 fn. 21	p.84: dōn;p.100: dō-;p.183: ded-,dēd-;p.183: dōn;p.184: ded-,dēd-;p.185: dō-;p.191: ded-,dēd-;p.193: ded-,dēd-;p.194: ded-,dēd-;p.219: dō-,ded-,dēd-;p.241: dōn;p.259: dō-,ded-,dēd-;p.262: ded-,dēd-;p.270: dōn;p.280: ded-,dēd-;p.284: ded-,dēd-;p.286: ded-,dēd-;p.294: dōn;p.294: ded-,dēd-;p.294: dō-,ded-,dēd-;p.294: dō-;p.295: dōną,dō-,dēnaz,dōnaz;p.295: dōn,dēnaz,dōnaz;p.297: ded-,dēd-	182,183,184,185,186,187,188,189,190,191,192,193,194,219,243,259	relevant_consulted	evidence_found	ringe-system-do-past-pl;ringe-system-do-root;ringe-complete-do-present;ringe-complete-do-pwg;ringe-complete-do-past1;ringe-complete-do-past3;ringe-complete-do-weakpast	No equality to a selected cell inferred from current strings or a lexical-index entry.	Actual consultation, not merely screen.
1992	door	dor	dor;dúrą	PGmc358-368;PNWGmc/PWGmc369;OE380-386;complete source indexes and body tables inspected	p.382: dor 121                                         fāh ‘hostile’ 107	p.121: dor	121	relevant_consulted	evidence_found	ringe-complete-door	No equality to a selected cell inferred from current strings or a lexical-index entry.	Actual consultation, not merely screen.
1993	dough	dāg	dāg;dáigaz	PGmc358-368;PNWGmc/PWGmc369;OE380-386;complete source indexes and body tables inspected	p.360: *daigaz 324                                        *faihaz ‘decorated’ 107 || p.381: bītan 186, 266 (princ. parts); bāt 181;           dāg 324	p.104: dāg;p.115: dāg;p.312: dāg;p.324: dāg,dáigaz	324	relevant_consulted	evidence_found	ringe-complete-dough	No equality to a selected cell inferred from current strings or a lexical-index entry.	Actual consultation, not merely screen.
1994	dove	-	dūbōn	PGmc358-368;PNWGmc/PWGmc369;OE380-386;complete source indexes and body tables inspected				screened_no_applicable_lead			No equality to a selected cell inferred from current strings or a lexical-index entry.	No applicable named lead established within the completed relevance screen. This is a screen result, not a no_form_found/not_applicable coverage record, not source silence as dissent.
1995	dream	drēam	drēam;dráugmaz	PGmc358-368;PNWGmc/PWGmc369;OE380-386;complete source indexes and body tables inspected		p.115: drēam;p.137: drēam		screened_lead_excluded			pp115,137 swefnaz is sleep/dream, not selected drēam; semantic resemblance is not same-etymon proof.	No applicable named lead established within the completed relevance screen. This is a screen result, not a no_form_found/not_applicable coverage record, not source silence as dissent.
1996	drench	drenċ	drenċ;dránkiz;drankijaną;drenċan	PGmc358-368;PNWGmc/PWGmc369;OE380-386;complete source indexes and body tables inspected	p.360: *drankijaną 282 (princ. parts)                  *ﬁjāną 288; *ﬁjānd- 315 || p.382: drenċan 282                                     faran 275 (princ. parts)	p.282: drankijaną,drenċan	282	relevant_consulted	evidence_found	ringe-complete-drench-causative	No equality to a selected cell inferred from current strings or a lexical-index entry.	Actual consultation, not merely screen.
1997	drink	drincan	drincan;drínkaną	PGmc358-368;PNWGmc/PWGmc369;OE380-386;complete source indexes and body tables inspected	p.360: *drinkaną 269 (princ. parts), 282, 328             *ferþuz 74, 306 || p.382: drincan 269 (princ. parts)                      feohtan 108, 271 (princ. parts)	p.269: drincan,drínkaną;p.282: drínkaną;p.328: drínkaną	269	relevant_consulted	evidence_found	ringe-complete-drink	No equality to a selected cell inferred from current strings or a lexical-index entry.	Actual consultation, not merely screen.
1998	drive	drīfan	drīfan;drī́baną;drḯbaną	PGmc358-368;PNWGmc/PWGmc369;OE380-386;complete source indexes and body tables inspected	p.360: *drībaną 135, 283                                  *ﬁmf 114, 140, 141, 173, 230, 320 || p.382: drīfan 135                                      feoh 114	p.135: drīfan,drī́baną,drḯbaną;p.283: drī́baną,drḯbaną	135,283	relevant_consulted	evidence_found	ringe-complete-drive;ringe-complete-drive-causative	No equality to a selected cell inferred from current strings or a lexical-index entry.	Actual consultation, not merely screen.
1999	earth	eorþe	eorþe;érθōn	PGmc358-368;PNWGmc/PWGmc369;OE380-386;complete source indexes and body tables inspected			237,326	relevant_consulted	evidence_found	ringe-complete-earth-material;ringe-complete-earth-gothic	Material adjective irþīnaz326 and Gothic aírþai237 are actual earth leads; translation ground does not identify the separate grund noun.	Actual consultation, not merely screen.
2000	eat	etan	etan;étaną	PGmc358-368;PNWGmc/PWGmc369;OE380-386;complete source indexes and body tables inspected	p.360: *etaną 89, 119, 199, 249, 273 (princ. parts),          *framjaną 250; *framiþi, *framjanþi 251 || p.382: dohtor 121, 163                                 etan 89, 119, 199, 249, 273 (princ. parts); ǣ t,	p.89: etan,étaną;p.119: etan,étaną;p.199: etan;p.249: etan,étaną;p.273: etan,étaną;p.282: étaną	119,249,256	relevant_consulted	evidence_found	ringe-system-eat;ringe-system-eat-root;ringe-complete-eat	No equality to a selected cell inferred from current strings or a lexical-index entry.	Actual consultation, not merely screen.
2001	eel	ǣl	ǣl;ḗlaz	PGmc358-368;PNWGmc/PWGmc369;OE380-386;complete source indexes and body tables inspected				screened_no_applicable_lead			No equality to a selected cell inferred from current strings or a lexical-index entry.	No applicable named lead established within the completed relevance screen. This is a screen result, not a no_form_found/not_applicable coverage record, not source silence as dissent.
2002	fall	feallan	feallan;fállaną	PGmc358-368;PNWGmc/PWGmc369;OE380-386;complete source indexes and body tables inspected				screened_lead_excluded			Other falling/sleeping nouns and verbs hruzą/hreusaną/swefaną do not identify selected feallan.	No applicable named lead established within the completed relevance screen. This is a screen result, not a no_form_found/not_applicable coverage record, not source silence as dissent.
2003	fare	faran	faran;fáraną	PGmc358-368;PNWGmc/PWGmc369;OE380-386;complete source indexes and body tables inspected	p.360: *deupaz 75, 118, 139                               *faraną 213 (princ. parts), 258 (2x), 275 || p.382: drenċan 282                                     faran 275 (princ. parts)	p.213: fáraną;p.258: fáraną;p.275: faran,fáraną;p.282: fáraną	213,258	relevant_consulted	evidence_found	ringe-system-fare;ringe-complete-fare	No equality to a selected cell inferred from current strings or a lexical-index entry.	Actual consultation, not merely screen.
2004	fast	festan	festan;fastēną;fástijaną;fastāną;fastēn;fastan	PGmc358-368;PNWGmc/PWGmc369;OE380-386;complete source indexes and body tables inspected	p.360: *dō- 33 fn. 23, 185, 219, 185 fn. 38, 259,             *fastāną 289	p.204: fastan;p.289: fastāną,fastēn,fastan	289	relevant_consulted	evidence_found	ringe-complete-fast	No equality to a selected cell inferred from current strings or a lexical-index entry.	Actual consultation, not merely screen.
2005	father	fæder	fæder;fádēr	PGmc358-368;PNWGmc/PWGmc369;OE380-386;complete source indexes and body tables inspected	p.360: *dagaz 312 (parad.)                                *fadēr 98, 123, 308 || p.382: (Northumbrian) 183; deodan              fæder 98, 123, 308; fadur (Anglian) 308	p.98: fæder,fádēr;p.123: fæder,fádēr;p.308: fádēr;p.308: fæder	123	relevant_consulted	evidence_found	ringe-complete-father	No equality to a selected cell inferred from current strings or a lexical-index entry.	Actual consultation, not merely screen.
2006	fee	feoh	feoh;féxu	PGmc358-368;PNWGmc/PWGmc369;OE380-386;complete source indexes and body tables inspected	p.360: 182; *dedu- 184 fn. 37; *dēdun 168,        *fehu 114, 243, 304, 312 (parad.) || p.382: drīfan 135                                      feoh 114	p.114: feoh,féxu;p.243: féxu;p.304: féxu;p.312: féxu	114,243	relevant_consulted	evidence_found	ringe-system-fee;ringe-complete-fee	No equality to a selected cell inferred from current strings or a lexical-index entry.	Actual consultation, not merely screen.
2007	fell	fell	fell;féllą	PGmc358-368;PNWGmc/PWGmc369;OE380-386;complete source indexes and body tables inspected	p.360: *dudu- 184, 194                            *fellą 165 || p.382: drepan: drepen ~ dropen 274                     fell 165	p.126: fell;p.138: fell;p.165: fell,féllą;p.177: fell;p.180: fell;p.203: fell;p.207: fell;p.215: fell;p.229: fell;p.277: fell;p.310: fell;p.316: fell	165	relevant_consulted	evidence_found	ringe-complete-fell	No equality to a selected cell inferred from current strings or a lexical-index entry.	Actual consultation, not merely screen.
2008	fern	fearn	fearn;fárnaz	PGmc358-368;PNWGmc/PWGmc369;OE380-386;complete source indexes and body tables inspected				screened_no_applicable_lead			No equality to a selected cell inferred from current strings or a lexical-index entry.	No applicable named lead established within the completed relevance screen. This is a screen result, not a no_form_found/not_applicable coverage record, not source silence as dissent.
2009	field	feld	feld;félθuz	PGmc358-368;PNWGmc/PWGmc369;OE380-386;complete source indexes and body tables inspected				screened_no_applicable_lead			No equality to a selected cell inferred from current strings or a lexical-index entry.	No applicable named lead established within the completed relevance screen. This is a screen result, not a no_form_found/not_applicable coverage record, not source silence as dissent.
2010	fight	feohtan	feohtan;féxtaną	PGmc358-368;PNWGmc/PWGmc369;OE380-386;complete source indexes and body tables inspected	p.360: 182; *dedēz 182; *dedǭ 104, 173,         *fehtaną 108, 271 (princ. parts) || p.382: drincan 269 (princ. parts)                      feohtan 108, 271 (princ. parts)	p.108: feohtan,féxtaną;p.271: feohtan,féxtaną	108,254,271	relevant_consulted	evidence_found	ringe-system-fight-wg;ringe-complete-fight-pgmc;ringe-complete-fight-paradigm	No equality to a selected cell inferred from current strings or a lexical-index entry.	Actual consultation, not merely screen.
2011	find	fundene	fundene;fínθaną;fúnðanǭ;fundanaz;funden;finþaną;findan	PGmc358-368;PNWGmc/PWGmc369;OE380-386;complete source indexes and body tables inspected	p.360: *duganą 291 (princ. parts); *daug 178              *ﬁnþaną 106, 269 (princ. parts) || p.382: ﬁndan 269 (princ. parts)	p.106: fínθaną,finþaną;p.269: fínθaną,fundanaz,funden,finþaną,findan	269	relevant_consulted	evidence_found	ringe-complete-find-selected-participle;ringe-complete-find-inf	No equality to a selected cell inferred from current strings or a lexical-index entry.	Actual consultation, not merely screen.
2012	finger	finger	finger;fíngraz	PGmc358-368;PNWGmc/PWGmc369;OE380-386;complete source indexes and body tables inspected				screened_no_applicable_lead			No equality to a selected cell inferred from current strings or a lexical-index entry.	No applicable named lead established within the completed relevance screen. This is a screen result, not a no_form_found/not_applicable coverage record, not source silence as dissent.
2013	fire	fȳre	fȳre;fūri;fōr;fun-;fuïr;funin-;fȳr	PGmc358-368;PNWGmc/PWGmc369;OE380-386;complete source indexes and body tables inspected	p.358: Forms in PGmc shape which are clearly not reconstructable for PGmc are given || p.358: verbs under the pres. inf. (except for *ar, *lais, and ‘be’, which is listed under || p.360: *ebnaz 138 fn. 21, 325                             *fōr ~ *fun- 147, 162, 309 || p.369: *fuïr 309                                  *þweran 272 || p.382: eart, see bīon                                  for- 114 || p.382: eġe 110, 149, 310                               (for)wierdan 245, 282; (for)wierdaþ 150, || p.382: ellicor 327                                             156; (for)wierded 190; (for) || p.383: fȳr 309                                   hara 308	p.85: fōr;p.86: fōr;p.87: fōr;p.88: fōr;p.89: fōr;p.90: fōr;p.91: fōr;p.92: fōr;p.93: fōr;p.94: fōr;p.95: fōr;p.98: fōr;p.99: fōr;p.101: fōr;p.102: fōr;p.103: fōr;p.104: fōr;p.105: fōr;p.106: fōr;p.107: fōr;p.109: fōr;p.110: fōr;p.111: fōr;p.112: fōr;p.113: fōr;p.114: fōr;p.115: fōr;p.117: fōr;p.118: fōr;p.119: fōr;p.120: fōr;p.121: fōr;p.122: fōr;p.124: fōr;p.125: fōr;p.126: fōr;p.127: fōr;p.128: fōr;p.130: fōr;p.131: fōr;p.132: fōr;p.133: fōr;p.134: fōr;p.135: fōr;p.138: fōr;p.139: fōr;p.140: fōr;p.141: fōr;p.143: fōr;p.144: fōr;p.145: fōr;p.146: fōr;p.147: fōr;p.147: fōr,fun-,funin-;p.147: fuïr;p.148: fōr;p.149: fōr;p.150: fōr;p.151: fōr;p.152: fōr;p.153: fōr;p.154: fōr;p.155: fōr;p.156: fōr;p.157: fōr;p.158: fōr;p.160: fōr;p.161: fōr;p.162: fōr;p.162: fōr,fun-,funin-;p.163: fōr;p.164: fōr;p.165: fōr;p.166: fōr;p.167: fōr;p.168: fōr;p.169: fōr;p.170: fōr;p.171: fōr;p.172: fōr;p.173: fōr;p.175: fōr;p.176: fōr;p.177: fōr;p.178: fōr;p.179: fōr;p.180: fōr;p.181: fōr;p.182: fōr;p.183: fōr;p.184: fōr;p.185: fōr;p.186: fōr;p.187: fōr;p.189: fōr;p.190: fōr;p.191: fōr;p.192: fōr;p.193: fōr;p.194: fōr;p.195: fōr;p.196: fōr;p.197: fōr;p.198: fōr;p.199: fōr;p.200: fōr;p.201: fōr;p.202: fōr;p.203: fōr;p.204: fōr;p.205: fōr;p.206: fōr;p.207: fōr;p.208: fōr;p.210: fōr;p.211: fōr;p.212: fōr;p.213: fōr;p.214: fōr;p.215: fōr;p.216: fōr;p.217: fōr;p.218: fōr;p.219: fōr;p.220: fōr;p.221: fōr;p.222: fōr;p.223: fōr;p.224: fōr;p.225: fōr;p.226: fōr;p.227: fōr;p.228: fōr;p.229: fōr;p.230: fōr;p.231: fōr;p.232: fōr;p.233: fōr;p.234: fōr;p.235: fōr;p.240: fōr;p.241: fōr;p.242: fōr;p.243: fōr;p.244: fōr;p.245: fōr;p.248: fōr;p.249: fōr;p.250: fōr;p.251: fōr;p.252: fōr;p.253: fōr;p.254: fōr;p.255: fōr;p.256: fōr;p.257: fōr;p.259: fōr;p.260: fōr;p.261: fōr;p.262: fōr;p.265: fōr;p.266: fōr;p.267: fōr;p.268: fōr;p.269: fōr;p.270: fōr;p.271: fōr;p.272: fōr;p.273: fōr;p.274: fōr;p.275: fōr;p.276: fōr;p.277: fōr;p.278: fōr;p.279: fōr;p.280: fōr;p.281: fōr;p.282: fōr;p.283: fōr;p.285: fōr;p.287: fōr;p.288: fōr;p.289: fōr;p.290: fōr;p.291: fōr;p.292: fōr;p.293: fōr;p.294: fōr;p.295: fōr;p.296: fōr;p.297: fōr;p.299: fōr;p.300: fōr;p.301: fōr;p.302: fōr;p.303: fōr;p.304: fōr;p.305: fōr;p.306: fōr;p.307: fōr;p.308: fōr;p.309: fōr;p.309: fōr,fuïr,fȳr;p.309: fun-,funin-;p.309: fōr,fuïr,funin-;p.310: fōr;p.311: fōr;p.313: fōr;p.314: fōr;p.315: fōr;p.317: fōr;p.318: fōr;p.320: fōr;p.321: fōr;p.322: fōr;p.323: fōr;p.324: fōr;p.325: fōr;p.326: fōr;p.327: fōr;p.328: fōr;p.329: fōr	56,57,147,162,221,222,309	relevant_consulted	evidence_found	ringe-complete-fire-strong;ringe-complete-fire-oblique;ringe-complete-fire-west;ringe-complete-water-fire-collective	Short fōr is also normalized to ordinary for by navigation; actual fire passages147,162,309 control identity. Selected fȳre is dative.	Actual consultation, not merely screen.
2014	fish	fisċ	fisċ;fískaz	PGmc358-368;PNWGmc/PWGmc369;OE380-386;complete source indexes and body tables inspected	p.360: *duhtēr 121, 163, 165, 308; *duhtr- 163            *ﬁskaz 117, 285, 325 || p.382: -e (ō-stem acc. pl., acc. sg.) 92               ﬁsċ 117	p.117: fisċ,fískaz;p.285: fískaz;p.325: fískaz	117	relevant_consulted	evidence_found	ringe-complete-fish	No equality to a selected cell inferred from current strings or a lexical-index entry.	Actual consultation, not merely screen.
2015	fist	fȳst	fȳst;fúnxstiz	PGmc358-368;PNWGmc/PWGmc369;OE380-386;complete source indexes and body tables inspected				screened_no_applicable_lead			No equality to a selected cell inferred from current strings or a lexical-index entry.	No applicable named lead established within the completed relevance screen. This is a screen result, not a no_form_found/not_applicable coverage record, not source silence as dissent.
2016	flask	flasce	flasce;flaskō;fláskōn	PGmc358-368;PNWGmc/PWGmc369;OE380-386;complete source indexes and body tables inspected				screened_no_applicable_lead			No equality to a selected cell inferred from current strings or a lexical-index entry.	No applicable named lead established within the completed relevance screen. This is a screen result, not a no_form_found/not_applicable coverage record, not source silence as dissent.
2017	flax	fleax	fleax;fláxsą	PGmc358-368;PNWGmc/PWGmc369;OE380-386;complete source indexes and body tables inspected				screened_no_applicable_lead			No equality to a selected cell inferred from current strings or a lexical-index entry.	No applicable named lead established within the completed relevance screen. This is a screen result, not a no_form_found/not_applicable coverage record, not source silence as dissent.
2018	flea	flēah	flēah;fláuxz	PGmc358-368;PNWGmc/PWGmc369;OE380-386;complete source indexes and body tables inspected				screened_no_applicable_lead			No equality to a selected cell inferred from current strings or a lexical-index entry.	No applicable named lead established within the completed relevance screen. This is a screen result, not a no_form_found/not_applicable coverage record, not source silence as dissent.
2019	flee	flēon	flēon;fléuxaną	PGmc358-368;PNWGmc/PWGmc369;OE380-386;complete source indexes and body tables inspected				screened_no_applicable_lead			No equality to a selected cell inferred from current strings or a lexical-index entry.	No applicable named lead established within the completed relevance screen. This is a screen result, not a no_form_found/not_applicable coverage record, not source silence as dissent.
2020	flesh	flǣsċ	flǣsċ;fláiskiz	PGmc358-368;PNWGmc/PWGmc369;OE380-386;complete source indexes and body tables inspected				screened_no_applicable_lead			No equality to a selected cell inferred from current strings or a lexical-index entry.	No applicable named lead established within the completed relevance screen. This is a screen result, not a no_form_found/not_applicable coverage record, not source silence as dissent.
2021	flood	flōd	flōd;flōduz	PGmc358-368;PNWGmc/PWGmc369;OE380-386;complete source indexes and body tables inspected	p.360: *e- (reduplication) 277                            *ﬂōduz 325	p.325: flōduz	325	relevant_consulted	evidence_found	ringe-complete-flood	No equality to a selected cell inferred from current strings or a lexical-index entry.	Actual consultation, not merely screen.
2022	fly	flēogan	flēogan;fléuganą	PGmc358-368;PNWGmc/PWGmc369;OE380-386;complete source indexes and body tables inspected				screened_no_applicable_lead			No equality to a selected cell inferred from current strings or a lexical-index entry.	No applicable named lead established within the completed relevance screen. This is a screen result, not a no_form_found/not_applicable coverage record, not source silence as dissent.
2023	foal	fola	fola;fúlô	PGmc358-368;PNWGmc/PWGmc369;OE380-386;complete source indexes and body tables inspected				screened_no_applicable_lead			No equality to a selected cell inferred from current strings or a lexical-index entry.	No applicable named lead established within the completed relevance screen. This is a screen result, not a no_form_found/not_applicable coverage record, not source silence as dissent.
2024	fodder	fōdor	fōdor;fōdrą	PGmc358-368;PNWGmc/PWGmc369;OE380-386;complete source indexes and body tables inspected	p.360: *eb- 89                                            *fōdrą 90, 172 || p.382: ēare 308                                        fōdor 90, 172	p.90: fōdor,fōdrą;p.172: fōdor,fōdrą		screened_lead_excluded			pp90,172 fōdrą is sheath from protect, not selected feeding fodder fōdor; exclude homographic lead.	No applicable named lead established within the completed relevance screen. This is a screen result, not a no_form_found/not_applicable coverage record, not source silence as dissent.
2025	fold	fealdan	fealdan;fálθaną	PGmc358-368;PNWGmc/PWGmc369;OE380-386;complete source indexes and body tables inspected	p.360: *daudaz 283, 326                                   *falþaną 279 (princ. parts)	p.279: fálθaną	279	relevant_consulted	evidence_found	ringe-complete-fold	No equality to a selected cell inferred from current strings or a lexical-index entry.	Actual consultation, not merely screen.
2026	folk	folc	folc;fúlką	PGmc358-368;PNWGmc/PWGmc369;OE380-386;complete source indexes and body tables inspected				screened_lead_excluded			PNWGmc flokkaz139 is multitude/folk with OE flocc; it is not a quotation of selected folc/fulka. English folk gloss alone does not prove selected lexical identity.	No applicable named lead established within the completed relevance screen. This is a screen result, not a no_form_found/not_applicable coverage record, not source silence as dissent.
2027	follow	fylġan	fylġan;fulgēną;fúlgijaną;fulgijaną;folgian;folgēn	PGmc358-368;PNWGmc/PWGmc369;OE380-386;complete source indexes and body tables inspected	p.361: *fulgijaną 287                                   *gunþiz 112 || p.382: earh 133                                        folgian 206 fn. 46, 287 || p.383: fylġan 206 fn. 46, 287                    hangian 288	p.206: fylġan,folgian;p.287: fylġan,fúlgijaną,fulgijaną,folgian,folgēn	287	relevant_consulted	evidence_found	ringe-complete-follow	No equality to a selected cell inferred from current strings or a lexical-index entry.	Actual consultation, not merely screen.
2028	forlorn	lēosan	lēosan;léusaną;fra-leusaną;fra-luznō-;forlēosan	PGmc358-368;PNWGmc/PWGmc369;OE380-386;complete source indexes and body tables inspected	p.363: *kaup- 329                                  *fra-leusaną 239, 246, 289 || p.363: *keusaną 109, 185 fn. 39, 246; *kaus 181,       *fra-luznō- ~ *fra-luzna- 289 || p.382: eax 134 fn. 20                                  forlēosan 246	p.246: forlēosan;p.289: léusaną,fra-leusaną,fra-luznō-	289	relevant_consulted	evidence_found	ringe-complete-lose-prefixed;ringe-complete-lose-fientive-no;ringe-complete-lose-fientive-na	No equality to a selected cell inferred from current strings or a lexical-index entry.	Actual consultation, not merely screen.
2029	four	fēower	fēower;fédwōr	PGmc358-368;PNWGmc/PWGmc369;OE380-386;complete source indexes and body tables inspected	p.360: 294–5 (parad.); *ded- ~ *dēd- 191,         *fedwōr 91, 93, 123, 172, 319 (parad.) || p.382: dryht, dryhten 135                              fēower 91, 123, 172	p.91: fēower,fédwōr;p.93: fédwōr;p.123: fēower,fédwōr;p.172: fēower,fédwōr;p.319: fédwōr;p.320: fédwōr	123	relevant_consulted	evidence_found	ringe-complete-four	No equality to a selected cell inferred from current strings or a lexical-index entry.	Actual consultation, not merely screen.
2030	fowl	fugol	fugol;fúglaz	PGmc358-368;PNWGmc/PWGmc369;OE380-386;complete source indexes and body tables inspected				screened_no_applicable_lead			No equality to a selected cell inferred from current strings or a lexical-index entry.	No applicable named lead established within the completed relevance screen. This is a screen result, not a no_form_found/not_applicable coverage record, not source silence as dissent.
2031	fox	fox	fox;fúxsaz	PGmc358-368;PNWGmc/PWGmc369;OE380-386;complete source indexes and body tables inspected				screened_no_applicable_lead			No equality to a selected cell inferred from current strings or a lexical-index entry.	No applicable named lead established within the completed relevance screen. This is a screen result, not a no_form_found/not_applicable coverage record, not source silence as dissent.
2032	freeze	frēosan	frēosan;fréusaną	PGmc358-368;PNWGmc/PWGmc369;OE380-386;complete source indexes and body tables inspected	p.361: *freusaną, *fruzą 247                               *grōtijaną 282 (princ. parts) || p.382: ened 98, 123, 223                               frēosan 247	p.247: frēosan,fréusaną	247	relevant_consulted	evidence_found	ringe-system-freeze	No equality to a selected cell inferred from current strings or a lexical-index entry.	Actual consultation, not merely screen.
2033	friend	frēond	frēond;fríjōndz;frijōnd-;frijōną;frijō-	PGmc358-368;PNWGmc/PWGmc369;OE380-386;complete source indexes and body tables inspected	p.361: *frijōną 157, 286; *frijōnd- 224, 228, 315   *grōniz 315	p.157: frijōną;p.286: frijō-;p.315: frijō-	157,224,228,286,315	relevant_consulted	evidence_found	ringe-complete-friend-love-image;ringe-complete-friend-loving-image;ringe-complete-friend-noun-image-228;ringe-complete-friend-noun-image-315;ringe-complete-friend-stage	No equality to a selected cell inferred from current strings or a lexical-index entry.	Actual consultation, not merely screen.
2034	fright	fyrhte	fyrhte;furxtīn;fúrxtīnaz;furhtaz;furhtijaną	PGmc358-368;PNWGmc/PWGmc369;OE380-386;complete source indexes and body tables inspected	p.361: *furhtaz 283                                     *hafraz 170 || p.361: *furhtijaną 283                              *haftaz 117	p.283: furhtaz,furhtijaną	283	relevant_consulted	evidence_found	ringe-complete-fright-adjective	No equality to a selected cell inferred from current strings or a lexical-index entry.	Actual consultation, not merely screen.
2035	frost	forst	forst;frústą	PGmc358-368;PNWGmc/PWGmc369;OE380-386;complete source indexes and body tables inspected			247	relevant_consulted	evidence_found	ringe-complete-frost-family	Fruzą247 is another freeze derivative, established as family evidence using preserved core consultations. Cold root gol109/119/212 is different; no selected frustaz/forst quotation established.	Actual consultation, not merely screen.
2036	furrow	furh	furh;fúrx	PGmc358-368;PNWGmc/PWGmc369;OE380-386;complete source indexes and body tables inspected	p.361: *furh- 222                                               123, 146, 155; *habjanþi 146, 155;	p.222: furh,fúrx	222	relevant_consulted	evidence_found	ringe-complete-furrow	No equality to a selected cell inferred from current strings or a lexical-index entry.	Actual consultation, not merely screen.
2037	gall	ġealla	ġealla;gállą;gállô	PGmc358-368;PNWGmc/PWGmc369;OE380-386;complete source indexes and body tables inspected				screened_no_applicable_lead			No equality to a selected cell inferred from current strings or a lexical-index entry.	No applicable named lead established within the completed relevance screen. This is a screen result, not a no_form_found/not_applicable coverage record, not source silence as dissent.
2038	gang	gang	gang;gángaz	PGmc358-368;PNWGmc/PWGmc369;OE380-386;complete source indexes and body tables inspected			135	relevant_consulted	evidence_found	ringe-complete-gang	No equality to a selected cell inferred from current strings or a lexical-index entry.	Actual consultation, not merely screen.
2039	ghost	gāst	gāst;gáistaz	PGmc358-368;PNWGmc/PWGmc369;OE380-386;complete source indexes and body tables inspected				screened_no_applicable_lead			No equality to a selected cell inferred from current strings or a lexical-index entry.	No applicable named lead established within the completed relevance screen. This is a screen result, not a no_form_found/not_applicable coverage record, not source silence as dissent.
2040	gift	ġift	ġift;gíftiz;giftiz;ġifta;gebō;ġiefu	PGmc358-368;PNWGmc/PWGmc369;OE380-386;complete source indexes and body tables inspected	p.361: *gebō 312 (parad.) 324                        *haþuz 115, 170 || p.361: *giftiz 135                                   *hauhaz 316 (partial parad.) || p.383: ġiefu 324                                 hnesċe 271 || p.383: ġifta 135                                 holian 285	p.135: ġift,gíftiz,giftiz,ġifta;p.209: ġift;p.312: ġift,gebō;p.324: ġift,gebō,ġiefu	135,151,152,153,154,155,324	relevant_consulted	evidence_found	gift-ringe-pgmc;raising-ringe-high-front;ringe-complete-gift;ringe-complete-gift-oe-pl;ringe-complete-gift-family	No equality to a selected cell inferred from current strings or a lexical-index entry.	Actual consultation, not merely screen.
2041	give	ġiefan	ġiefan;gébaną	PGmc358-368;PNWGmc/PWGmc369;OE380-386;complete source indexes and body tables inspected	p.361: *gebaną 135, 247, 273 (princ. parts);            *hataz ~ *hatiz- 288, 310 || p.383: ġiefan 135, 273 (princ. parts)            hliehhan 276 (princ. parts)	p.135: ġiefan,gébaną;p.247: gébaną;p.273: ġiefan,gébaną	247,273	relevant_consulted	evidence_found	ringe-system-give;ringe-system-give-past;ringe-complete-give	No equality to a selected cell inferred from current strings or a lexical-index entry.	Actual consultation, not merely screen.
2042	god	god	god;gúdą	PGmc358-368;PNWGmc/PWGmc369;OE380-386;complete source indexes and body tables inspected	p.361: *friþuz 98, 285                                  *gudą, *gudjō 325	p.115: god;p.152: god;p.170: god;p.187: god;p.248: god;p.325: god,gúdą	325	relevant_consulted	evidence_found	ringe-complete-god	No equality to a selected cell inferred from current strings or a lexical-index entry.	Actual consultation, not merely screen.
2043	gold	gold	gold;gúlθą;gulþa-;gulda-;gulþīnaz	PGmc358-368;PNWGmc/PWGmc369;OE380-386;complete source indexes and body tables inspected	p.361: *friþōną 285 *friþusamaz 327                 *gulþa- ~ *gulda- 302 || p.361: *frīdaz 97, 98                                      *gulþīnaz 326 || p.383: gold 302                                  horn 101, 115	p.302: gold,gúlθą,gulþa-,gulda-;p.326: gulþīnaz	302,326	relevant_consulted	evidence_found	ringe-complete-gold-th;ringe-complete-gold-d;ringe-complete-gold-material	No equality to a selected cell inferred from current strings or a lexical-index entry.	Actual consultation, not merely screen.
2044	goose	gōs	gōs;gánsz	PGmc358-368;PNWGmc/PWGmc369;OE380-386;complete source indexes and body tables inspected	p.383: gōs 121, 170                              hrāw ~ hrǣ w 310	p.121: gōs;p.170: gōs	170	relevant_consulted	evidence_found	ringe-complete-goose	No equality to a selected cell inferred from current strings or a lexical-index entry.	Actual consultation, not merely screen.
2045	grass	græs	græs;grásą	PGmc358-368;PNWGmc/PWGmc369;OE380-386;complete source indexes and body tables inspected				screened_lead_excluded			Grass hawją is selected hay's etymon, not selected græs.	No applicable named lead established within the completed relevance screen. This is a screen result, not a no_form_found/not_applicable coverage record, not source silence as dissent.
2046	grave	grafan	grafan;grábaną;grabaną	PGmc358-368;PNWGmc/PWGmc369;OE380-386;complete source indexes and body tables inspected	p.361: *fregnaną ~ *frigni- 200, 208, 275 (princ.       *grabaną 259		238,259	relevant_consulted	evidence_found	ringe-complete-grave-root;ringe-complete-grave-gothic	No equality to a selected cell inferred from current strings or a lexical-index entry.	Actual consultation, not merely screen.
2047	gripe	grīpan	grīpan;grī́paną;grḯpaną	PGmc358-368;PNWGmc/PWGmc369;OE380-386;complete source indexes and body tables inspected	p.361: *frijaz 90, 157                                  *grīpaną 109, 118 || p.383: grīpan 109, 118                           hrēad, hroden 248	p.109: grīpan,grī́paną,grḯpaną;p.118: grīpan,grī́paną,grḯpaną	118	relevant_consulted	evidence_found	ringe-complete-gripe	No equality to a selected cell inferred from current strings or a lexical-index entry.	Actual consultation, not merely screen.
2048	ground	grund	grund;grúnduz	PGmc358-368;PNWGmc/PWGmc369;OE380-386;complete source indexes and body tables inspected				screened_lead_excluded			Crushed-ground grain kurną, earth aírþai and world dubno are not selected ground grund.	No applicable named lead established within the completed relevance screen. This is a screen result, not a no_form_found/not_applicable coverage record, not source silence as dissent.
2049	guest	ġiest	ġiest;gástiz	PGmc358-368;PNWGmc/PWGmc369;OE380-386;complete source indexes and body tables inspected	p.361: *gastiz 117, 171, 312 (parad.);                  *harduz 123, 315, 316 (partial parad.) || p.361: *gastīz 156                             *harjaz 76, 115, 144, 156, 246, || p.383: ġiest 117, 171                            hol 200 fn. 43	p.117: ġiest,gástiz;p.156: gástiz;p.171: ġiest,gástiz;p.312: gástiz	156,171	relevant_consulted	evidence_found	ringe-complete-guest;ringe-complete-guest-pl	No equality to a selected cell inferred from current strings or a lexical-index entry.	Actual consultation, not merely screen.
2050	hail	hæġl	hæġl;xáglą	PGmc358-368;PNWGmc/PWGmc369;OE380-386;complete source indexes and body tables inspected				screened_no_applicable_lead			No equality to a selected cell inferred from current strings or a lexical-index entry.	No applicable named lead established within the completed relevance screen. This is a screen result, not a no_form_found/not_applicable coverage record, not source silence as dissent.
2051	hair	hǣr	hǣr;xḗrą;hairaz;hār;hēra-	PGmc358-368;PNWGmc/PWGmc369;OE380-386;complete source indexes and body tables inspected	p.361: *gamainiz 190, 195 (partial parad.)              *hairaz 107 || p.383: fyllan 145, 283                           hār 107	p.107: hairaz,hār		screened_lead_excluded			p107 hairaz gray-haired/OE hār is not selected hair noun hǣr.	No applicable named lead established within the completed relevance screen. This is a screen result, not a no_form_found/not_applicable coverage record, not source silence as dissent.
2052	hall	heall	heall;xállō;salaz;saliz-;sele;sæl	PGmc358-368;PNWGmc/PWGmc369;OE380-386;complete source indexes and body tables inspected	p.365: *-ōz (pres. indic. 1du.) 161                      *salaz ~ *saliz- 310 || p.385: sæl 311                                      spurnan 117 || p.385: sele 311                                     sweostor 167	p.311: salaz,saliz-,sele,sæl	311	relevant_consulted	evidence_found	ringe-complete-hall-a;ringe-complete-hall-i	No equality to a selected cell inferred from current strings or a lexical-index entry.	Actual consultation, not merely screen.
2053	hammer	hameres	hameres;xámaraz;xámaras	PGmc358-368;PNWGmc/PWGmc369;OE380-386;complete source indexes and body tables inspected				screened_no_applicable_lead			No equality to a selected cell inferred from current strings or a lexical-index entry.	No applicable named lead established within the completed relevance screen. This is a screen result, not a no_form_found/not_applicable coverage record, not source silence as dissent.
2054	hand	hand	hand;xánduz;handugaz	PGmc358-368;PNWGmc/PWGmc369;OE380-386;complete source indexes and body tables inspected	p.361: *garnō 109                                       *handuz 328 || p.361: *garwaz 283                                         *handugaz 326	p.84: hand;p.93: hand;p.94: hand;p.101: hand;p.108: hand;p.129: hand;p.147: hand;p.160: hand;p.162: hand;p.164: hand;p.166: hand;p.167: hand;p.169: hand;p.171: hand;p.177: hand;p.180: hand;p.204: hand;p.206: hand;p.211: hand;p.218: hand;p.224: hand;p.225: hand;p.230: hand;p.231: hand;p.242: hand;p.250: hand;p.253: hand;p.259: hand;p.264: hand;p.278: hand;p.295: hand;p.307: hand;p.314: hand;p.326: handugaz;p.328: hand,xánduz	326,328	relevant_consulted	evidence_found	ringe-complete-hand-derived;ringe-complete-hand-etymology	Ordinary English hand is not lexical evidence on every page; actual handugaz326 and etymological comment328 control review.	Actual consultation, not merely screen.
2055	handle	handlian	handlian;xándlōjaną	PGmc358-368;PNWGmc/PWGmc369;OE380-386;complete source indexes and body tables inspected				screened_lead_excluded			p98 Greek kōpē handle illustrates take's laryngeal zero grade; it is not selected handle handlian.	No applicable named lead established within the completed relevance screen. This is a screen result, not a no_form_found/not_applicable coverage record, not source silence as dissent.
2056	harm	hearm	hearm;xármaz	PGmc358-368;PNWGmc/PWGmc369;OE380-386;complete source indexes and body tables inspected				screened_lead_excluded			p276 skaþjaną harm/hurt is another lexeme, not selected hearm.	No applicable named lead established within the completed relevance screen. This is a screen result, not a no_form_found/not_applicable coverage record, not source silence as dissent.
2057	harvest	hierfest	hierfest;xárbistuz	PGmc358-368;PNWGmc/PWGmc369;OE380-386;complete source indexes and body tables inspected				screened_no_applicable_lead			No equality to a selected cell inferred from current strings or a lexical-index entry.	No applicable named lead established within the completed relevance screen. This is a screen result, not a no_form_found/not_applicable coverage record, not source silence as dissent.
2058	have	hæfeþ	hæfeþ;xabēną;xábēθi;habjaną;habai-;haban;habban	PGmc358-368;PNWGmc/PWGmc369;OE380-386;complete source indexes and body tables inspected	p.361: *fullijaną 145, 283                          *habjaną ‘hold’ 189, 287; *habai- || p.361: *funsaz 106                                      *habjaną ‘lift’ 208, 276 (princ. parts), 287; || p.383: habban 287; hæbb- 189; hæfd 163, 189      hrēþ 310	p.189: habai-;p.206: habai-;p.208: habjaną;p.276: habjaną;p.287: habjaną,haban,habban	189,237	relevant_consulted	evidence_found	ringe-complete-have-stem;ringe-complete-have-jstem;ringe-complete-have-participle;ringe-complete-have-gothic-present	No equality to a selected cell inferred from current strings or a lexical-index entry.	Actual consultation, not merely screen.
2059	haw	haga	haga;xágô	PGmc358-368;PNWGmc/PWGmc369;OE380-386;complete source indexes and body tables inspected				screened_no_applicable_lead			No equality to a selected cell inferred from current strings or a lexical-index entry.	No applicable named lead established within the completed relevance screen. This is a screen result, not a no_form_found/not_applicable coverage record, not source silence as dissent.
2060	hawk	hafoc	hafoc;xábukaz	PGmc358-368;PNWGmc/PWGmc369;OE380-386;complete source indexes and body tables inspected				screened_no_applicable_lead			No equality to a selected cell inferred from current strings or a lexical-index entry.	No applicable named lead established within the completed relevance screen. This is a screen result, not a no_form_found/not_applicable coverage record, not source silence as dissent.
2061	hay	hīeġ	hīeġ;xáwją	PGmc358-368;PNWGmc/PWGmc369;OE380-386;complete source indexes and body tables inspected	p.361: *glasa- ~ *glaza- 302                            *hawją 160, 250 || p.383: *ġenugan 291 (princ. parts); ġeneah 178   hīeġ 160, 250	p.160: hīeġ,xáwją;p.250: hīeġ,xáwją	160,250	relevant_consulted	evidence_found	ringe-system-hay-w;ringe-system-hay-u;ringe-complete-hay	No equality to a selected cell inferred from current strings or a lexical-index entry.	Actual consultation, not merely screen.
2062	hazel	hæsl	hæsl;xáslaz	PGmc358-368;PNWGmc/PWGmc369;OE380-386;complete source indexes and body tables inspected				screened_no_applicable_lead			No equality to a selected cell inferred from current strings or a lexical-index entry.	No applicable named lead established within the completed relevance screen. This is a screen result, not a no_form_found/not_applicable coverage record, not source silence as dissent.
2063	head	hēafod	hēafod;xáubudą	PGmc358-368;PNWGmc/PWGmc369;OE380-386;complete source indexes and body tables inspected			237	relevant_consulted	discussion_only	ringe-complete-head-wounded-gothic	Head-wounded haubiþwundan237 supplies attested component evidence; gebal- skull121 is not this selected head etymon.	Actual consultation, not merely screen.
2064	heal	hǣlan	hǣlan;xáilijaną	PGmc358-368;PNWGmc/PWGmc369;OE380-386;complete source indexes and body tables inspected	p.361: *galgō 110                                          *hailijaną 283	p.283: hǣlan,xáilijaną	283	relevant_consulted	evidence_found	ringe-complete-heal	No equality to a selected cell inferred from current strings or a lexical-index entry.	Actual consultation, not merely screen.
2065	heart	heorte	heorte;xértōn;hertōn-	PGmc358-368;PNWGmc/PWGmc369;OE380-386;complete source indexes and body tables inspected	p.362: *hertōn- 107, 115                                        226, 232 || p.383: *ġehāta (Northumbrian) 279                heorte 107, 115	p.107: heorte,xértōn,hertōn-;p.115: heorte,xértōn,hertōn-	107	relevant_consulted	evidence_found	ringe-complete-heart	No equality to a selected cell inferred from current strings or a lexical-index entry.	Actual consultation, not merely screen.
2066	hearth	heorþ	heorþ;xérθaz	PGmc358-368;PNWGmc/PWGmc369;OE380-386;complete source indexes and body tables inspected				screened_no_applicable_lead			No equality to a selected cell inferred from current strings or a lexical-index entry.	No applicable named lead established within the completed relevance screen. This is a screen result, not a no_form_found/not_applicable coverage record, not source silence as dissent.
2067	heath	hǣþ	hǣþ;xáiθiz	PGmc358-368;PNWGmc/PWGmc369;OE380-386;complete source indexes and body tables inspected				screened_no_applicable_lead			No equality to a selected cell inferred from current strings or a lexical-index entry.	No applicable named lead established within the completed relevance screen. This is a screen result, not a no_form_found/not_applicable coverage record, not source silence as dissent.
2068	heaven	heofon	heofon;xémenaz;xébun;himin-;hemen-	PGmc358-368;PNWGmc/PWGmc369;OE380-386;complete source indexes and body tables inspected			239	relevant_consulted	discussion_only	ringe-complete-heaven-gothic	Gothic himina239 is a genuine incidental heaven attestation; no full reconstructed himinaz/hem... form was found or synthesized.	Actual consultation, not merely screen.
2069	hedge	heġġ	heġġ;xágjaz	PGmc358-368;PNWGmc/PWGmc369;OE380-386;complete source indexes and body tables inspected				screened_no_applicable_lead			No equality to a selected cell inferred from current strings or a lexical-index entry.	No applicable named lead established within the completed relevance screen. This is a screen result, not a no_form_found/not_applicable coverage record, not source silence as dissent.
2070	helm	helm	helm;xélmaz	PGmc358-368;PNWGmc/PWGmc369;OE380-386;complete source indexes and body tables inspected				screened_no_applicable_lead			No equality to a selected cell inferred from current strings or a lexical-index entry.	No applicable named lead established within the completed relevance screen. This is a screen result, not a no_form_found/not_applicable coverage record, not source silence as dissent.
2071	help	helpan	helpan;xélpaną	PGmc358-368;PNWGmc/PWGmc369;OE380-386;complete source indexes and body tables inspected	p.362: *helpaną 252 (princ. parts) 270 (princ. parts)    *hwaþaraz 110, 115, 322 || p.383: ġedwolen 271                              helpan 270 (princ. parts)	p.252: xélpaną;p.270: helpan,xélpaną	252	relevant_consulted	evidence_found	ringe-system-help-1;ringe-system-help-2;ringe-system-help-3;ringe-system-help-4	No equality to a selected cell inferred from current strings or a lexical-index entry.	Actual consultation, not merely screen.
2072	help	help	help;xélpō;helpō	PGmc358-368;PNWGmc/PWGmc369;OE380-386;complete source indexes and body tables inspected	p.362: *helpō 324                                     *hwaz 321–2 (parad.); *hwa- 327; || p.383: ġecwiss 106                               help 325	p.126: help;p.132: help;p.201: help;p.252: help;p.270: help;p.324: help,xélpō,helpō;p.324: help	324	relevant_consulted	evidence_found	ringe-complete-help-noun	No equality to a selected cell inferred from current strings or a lexical-index entry.	Actual consultation, not merely screen.
2073	herd	heord	heord;xérdō	PGmc358-368;PNWGmc/PWGmc369;OE380-386;complete source indexes and body tables inspected	p.362: *herdō 107                                               *hwanǭ 104, 115; *hwas 232; || p.383: ġefīoġan 288                              heord 107	p.107: heord,xérdō	107	relevant_consulted	evidence_found	ringe-complete-herd	No equality to a selected cell inferred from current strings or a lexical-index entry.	Actual consultation, not merely screen.
2074	hew	hēawan	hēawan;xáwwaną	PGmc358-368;PNWGmc/PWGmc369;OE380-386;complete source indexes and body tables inspected	p.361: *gōdaz 314 (partial parad.) 315–16 (partial      *hawwaną 108, 170, 279 (princ. parts) || p.383: ġealga 110                                hēawan 108, 170, 279 (princ. parts)	p.108: hēawan,xáwwaną;p.170: hēawan,xáwwaną;p.279: hēawan,xáwwaną	108	relevant_consulted	evidence_found	ringe-complete-hew	No equality to a selected cell inferred from current strings or a lexical-index entry.	Actual consultation, not merely screen.
2075	hind	hind	hind;xéndjō	PGmc358-368;PNWGmc/PWGmc369;OE380-386;complete source indexes and body tables inspected				screened_no_applicable_lead			No equality to a selected cell inferred from current strings or a lexical-index entry.	No applicable named lead established within the completed relevance screen. This is a screen result, not a no_form_found/not_applicable coverage record, not source silence as dissent.
2076	hoard	hord	hord;xúzdą	PGmc358-368;PNWGmc/PWGmc369;OE380-386;complete source indexes and body tables inspected	p.362: *huzdą 115                                        *-iz (gen. sg.) 149, 226, 311 || p.383: godcund 101, 119                          hord 115	p.115: hord,xúzdą	115	relevant_consulted	evidence_found	ringe-complete-hoard	No equality to a selected cell inferred from current strings or a lexical-index entry.	Actual consultation, not merely screen.
2077	hold	healdan	healdan;xáldaną	PGmc358-368;PNWGmc/PWGmc369;OE380-386;complete source indexes and body tables inspected	p.361: *ganganą 135, 219; *ijj- 219                     *haldaną 206 fn. 46	p.206: xáldaną	206	relevant_consulted	evidence_found	ringe-complete-hold	No equality to a selected cell inferred from current strings or a lexical-index entry.	Actual consultation, not merely screen.
2078	home	hām	hām;xáimaz	PGmc358-368;PNWGmc/PWGmc369;OE380-386;complete source indexes and body tables inspected		p.100: hām;p.121: hām;p.303: hām		screened_lead_excluded			Navigation matches to hām do not establish home-family identity; no applicable whole home quotation located.	No applicable named lead established within the completed relevance screen. This is a screen result, not a no_form_found/not_applicable coverage record, not source silence as dissent.
2079	honey	huniġ	huniġ;xúnagą	PGmc358-368;PNWGmc/PWGmc369;OE380-386;complete source indexes and body tables inspected			152,168,223,311,312	relevant_consulted	discussion_only	ringe-complete-honey-comparandum	Honey mili/milid is a separate lexical item, appearing as honeydew first component, not selected huniġ.	Actual consultation, not merely screen.
2080	hood	hōd	hōd;xōdaz	PGmc358-368;PNWGmc/PWGmc369;OE380-386;complete source indexes and body tables inspected				screened_no_applicable_lead			No equality to a selected cell inferred from current strings or a lexical-index entry.	No applicable named lead established within the completed relevance screen. This is a screen result, not a no_form_found/not_applicable coverage record, not source silence as dissent.
2081	hoof	hōf	hōf;xōfaz	PGmc358-368;PNWGmc/PWGmc369;OE380-386;complete source indexes and body tables inspected	p.361: *furhnō 137                                              *hōf- ~ *hōb- 214	p.214: hōf;p.276: hōf		screened_lead_excluded			p214 hōf/hōb are lifted past stems; they are not the selected hoof noun hōf.	No applicable named lead established within the completed relevance screen. This is a screen result, not a no_form_found/not_applicable coverage record, not source silence as dissent.
2082	horn	horn	horn;xúrną	PGmc358-368;PNWGmc/PWGmc369;OE380-386;complete source indexes and body tables inspected	p.362: *hurną 101, 115                                   *-iz (comparative adverb sufﬁx) 327 || p.383: gold 302                                  horn 101, 115	p.101: horn,xúrną;p.104: horn;p.115: horn,xúrną;p.236: horn	115,236	relevant_consulted	evidence_found	ringe-complete-horn;ringe-complete-horn-runic	No equality to a selected cell inferred from current strings or a lexical-index entry.	Actual consultation, not merely screen.
2083	hound	hund	hund;xúndaz	PGmc358-368;PNWGmc/PWGmc369;OE380-386;complete source indexes and body tables inspected	p.383: hǣ lan 283                               hund ‘hundred’ 231	p.230: hund;p.231: hund		screened_lead_excluded			p231 hund means hundred, not selected hound; exclude homography.	No applicable named lead established within the completed relevance screen. This is a screen result, not a no_form_found/not_applicable coverage record, not source silence as dissent.
2084	knead	cnedan	cnedan;knédaną;knudaną;knedan	PGmc358-368;PNWGmc/PWGmc369;OE380-386;complete source indexes and body tables inspected	p.363: *knudaną 109, 208, 274–5                        *lagjaną 282 (princ. parts) 297–9 (parad.) || p.381: bera ‘bear’ 128                                   cnedan 109, 275 (princ. parts)	p.109: cnedan,knudaną;p.208: knudaną;p.274: knudaną;p.275: cnedan	109	relevant_consulted	evidence_found	ringe-complete-knead	No equality to a selected cell inferred from current strings or a lexical-index entry.	Actual consultation, not merely screen.
2085	knee	cneowe	cneowe;knéwą;knéwai;knewą;cnēo	PGmc358-368;PNWGmc/PWGmc369;OE380-386;complete source indexes and body tables inspected	p.363: *knewą 109, 119                                      155; *ligjanþi 143, 155 || p.381: beran 271 (princ. parts); beoru                   cnēo 109, 110	p.109: knéwą,knewą,cnēo;p.119: knéwą,knewą,cnēo	119	relevant_consulted	evidence_found	ringe-complete-knee	Source knewą is a noun citation, not selected short dative cneowe.	Actual consultation, not merely screen.
2086	knight	cniht	cniht;kníxtaz;knéxtaz	PGmc358-368;PNWGmc/PWGmc369;OE380-386;complete source indexes and body tables inspected				screened_no_applicable_lead			No equality to a selected cell inferred from current strings or a lexical-index entry.	No applicable named lead established within the completed relevance screen. This is a screen result, not a no_form_found/not_applicable coverage record, not source silence as dissent.
2087	knob	cnobba	cnobba;knúppaz;knúbbô	PGmc358-368;PNWGmc/PWGmc369;OE380-386;complete source indexes and body tables inspected				screened_no_applicable_lead			No equality to a selected cell inferred from current strings or a lexical-index entry.	No applicable named lead established within the completed relevance screen. This is a screen result, not a no_form_found/not_applicable coverage record, not source silence as dissent.
2088	lade	hladan	hladan;laθōjaną;xláðaną;hlaþaną;hladanaz	PGmc358-368;PNWGmc/PWGmc369;OE380-386;complete source indexes and body tables inspected	p.362: *hlaþaną 106, 248, 276 (princ. parts)             *-i (cons.-stem dat. sg.) 225 || p.383: ġesibbian 285                             hladan 276 (princ. parts)	p.106: hlaþaną;p.248: hlaþaną;p.276: hladan,hlaþaną,hladanaz	276	relevant_consulted	evidence_found	ringe-complete-lade	No equality to a selected cell inferred from current strings or a lexical-index entry.	Actual consultation, not merely screen.
2089	land	land	land;lándą	PGmc358-368;PNWGmc/PWGmc369;OE380-386;complete source indexes and body tables inspected	p.363: *jūz 153, 233, 322 (parad.)                 *landą 143 || p.384: land 143                                    munan: man 178	p.143: land,lándą;p.282: land	143	relevant_consulted	evidence_found	ringe-complete-land	No equality to a selected cell inferred from current strings or a lexical-index entry.	Actual consultation, not merely screen.
2090	lap	lappa	lappa;lábbaz;láppô	PGmc358-368;PNWGmc/PWGmc369;OE380-386;complete source indexes and body tables inspected				screened_no_applicable_lead			No equality to a selected cell inferred from current strings or a lexical-index entry.	No applicable named lead established within the completed relevance screen. This is a screen result, not a no_form_found/not_applicable coverage record, not source silence as dissent.
2091	last	lǣstan	lǣstan;láistijaną	PGmc358-368;PNWGmc/PWGmc369;OE380-386;complete source indexes and body tables inspected	p.363: parad.) 2x; *junhizō 174           *laistaz, *laistijaną 284	p.284: lǣstan,láistijaną	284	relevant_consulted	evidence_found	ringe-complete-last	No equality to a selected cell inferred from current strings or a lexical-index entry.	Actual consultation, not merely screen.
2092	laugh	hliehhan	hliehhan;lákaną;xláxjaną	PGmc358-368;PNWGmc/PWGmc369;OE380-386;complete source indexes and body tables inspected	p.362: *hlahjaną 207, 245, 258, 276 (princ. parts) 282   *hwīlō 97 || p.383: ġiefan 135, 273 (princ. parts)            hliehhan 276 (princ. parts)	p.207: xláxjaną;p.245: hliehhan,xláxjaną;p.258: xláxjaną;p.276: hliehhan,xláxjaną;p.282: xláxjaną	245,276	relevant_consulted	evidence_found	ringe-system-laugh;ringe-complete-laugh	No equality to a selected cell inferred from current strings or a lexical-index entry.	Actual consultation, not merely screen.
2093	lead	lǣdan	lǣdan;láidijaną	PGmc358-368;PNWGmc/PWGmc369;OE380-386;complete source indexes and body tables inspected	p.364: *laidijaną 250                           *mōdagaz 326	p.250: lǣdan,láidijaną	250	relevant_consulted	evidence_found	ringe-system-lead	No equality to a selected cell inferred from current strings or a lexical-index entry.	Actual consultation, not merely screen.
2094	leaf	lēaf	lēaf;láubą	PGmc358-368;PNWGmc/PWGmc369;OE380-386;complete source indexes and body tables inspected				screened_no_applicable_lead			No equality to a selected cell inferred from current strings or a lexical-index entry.	No applicable named lead established within the completed relevance screen. This is a screen result, not a no_form_found/not_applicable coverage record, not source silence as dissent.
2095	learn	liornian	liornian;líznōjaną;liznō-;lizna-;lernēn	PGmc358-368;PNWGmc/PWGmc369;OE380-386;complete source indexes and body tables inspected	p.363: *juką 104, 109, 119, 153, 312 (parad.)               *laizijanþi, *laizīþi 252 *liznō- ~ || p.363: *jungaz 102, 123, 154, 174, 316 (partial       *lizna- 203, 246, 290 || p.384: 115; hwȳ 322                         liornian 201, 246, 290	p.201: liornian;p.203: liznō-,lizna-;p.246: liornian,liznō-,lizna-,lernēn;p.290: liornian,liznō-,lizna-,lernēn	203,246	relevant_consulted	evidence_found	ringe-system-learn-no;ringe-system-learn-na;ringe-complete-learn-no;ringe-complete-learn-na	No equality to a selected cell inferred from current strings or a lexical-index entry.	Actual consultation, not merely screen.
2096	leather	leþer	leþer;léθrą	PGmc358-368;PNWGmc/PWGmc369;OE380-386;complete source indexes and body tables inspected				screened_lead_excluded			p106 Welsh leather strap is not the selected leather leþer etymon.	No applicable named lead established within the completed relevance screen. This is a screen result, not a no_form_found/not_applicable coverage record, not source silence as dissent.
2097	leek	lēac	lēac;láukaz	PGmc358-368;PNWGmc/PWGmc369;OE380-386;complete source indexes and body tables inspected		p.269: lēac		screened_lead_excluded			p269 lēac is closed past of lūcan, not selected leek noun lēac.	No applicable named lead established within the completed relevance screen. This is a screen result, not a no_form_found/not_applicable coverage record, not source silence as dissent.
2098	let	lǣtan	lǣtan;lḗtaną	PGmc358-368;PNWGmc/PWGmc369;OE380-386;complete source indexes and body tables inspected	p.363: *kewwaną 99, 109, 268 (princ. parts)        *lētaną 215 (princ. parts), 278 (princ. parts),	p.215: lḗtaną;p.278: lḗtaną;p.296: lḗtaną	215	relevant_consulted	evidence_found	ringe-complete-let	No equality to a selected cell inferred from current strings or a lexical-index entry.	Actual consultation, not merely screen.
2099	lick	liccian	liccian;líkkōjaną	PGmc358-368;PNWGmc/PWGmc369;OE380-386;complete source indexes and body tables inspected				screened_no_applicable_lead			No equality to a selected cell inferred from current strings or a lexical-index entry.	No applicable named lead established within the completed relevance screen. This is a screen result, not a no_form_found/not_applicable coverage record, not source silence as dissent.
2100	lid	hlid	hlid;xlídą	PGmc358-368;PNWGmc/PWGmc369;OE380-386;complete source indexes and body tables inspected				screened_no_applicable_lead			No equality to a selected cell inferred from current strings or a lexical-index entry.	No applicable named lead established within the completed relevance screen. This is a screen result, not a no_form_found/not_applicable coverage record, not source silence as dissent.
2101	life	līf	līf;lī́bą;lḯbą;libjaną;libnō-;libna-;bi-lībaną	PGmc358-368;PNWGmc/PWGmc369;OE380-386;complete source indexes and body tables inspected	p.363: *kuningaz 174                               *bi-lībaną 230, 238, 282, 289 || p.363: *kurną 101, 119                                 *libjaną 287, 289 || p.363: *kurnilą 325                                 *libnō- ~ *libna- 289; *libnōną 230	p.229: līf;p.287: libjaną;p.289: libjaną,libnō-,libna-,bi-lībaną	287	relevant_consulted	evidence_found	ringe-complete-life-live	No equality to a selected cell inferred from current strings or a lexical-index entry.	Actual consultation, not merely screen.
2102	light	līehtan	līehtan;léuxtijaną;leuhad;leuht-;lēoht	PGmc358-368;PNWGmc/PWGmc369;OE380-386;complete source indexes and body tables inspected	p.363: *karō, *karōną 285                          *leuhad ~ *leuht- 223, 311 || p.384: lēoht ‘(day)light’ 223                      næġl 88, 122	p.223: leuhad,leuht-,lēoht;p.311: leuhad,leuht-	223	relevant_consulted	evidence_found	ringe-complete-light-nominal-stem;ringe-complete-light-nominal-zero	No equality to a selected cell inferred from current strings or a lexical-index entry.	Actual consultation, not merely screen.
2103	lime	līm	līm;lī́mą;lḯmą	PGmc358-368;PNWGmc/PWGmc369;OE380-386;complete source indexes and body tables inspected				screened_no_applicable_lead			No equality to a selected cell inferred from current strings or a lexical-index entry.	No applicable named lead established within the completed relevance screen. This is a screen result, not a no_form_found/not_applicable coverage record, not source silence as dissent.
2104	linden	lind	lind;líndō	PGmc358-368;PNWGmc/PWGmc369;OE380-386;complete source indexes and body tables inspected				screened_no_applicable_lead			No equality to a selected cell inferred from current strings or a lexical-index entry.	No applicable named lead established within the completed relevance screen. This is a screen result, not a no_form_found/not_applicable coverage record, not source silence as dissent.
2105	line	līne	līne;lī́nōn;lḯnōn	PGmc358-368;PNWGmc/PWGmc369;OE380-386;complete source indexes and body tables inspected		p.99: līne;p.101: līne;p.169: līne;p.200: līne;p.254: līne		screened_lead_excluded			Potential līne/line navigation matches in phonological exposition do not identify selected flax thread līne.	No applicable named lead established within the completed relevance screen. This is a screen result, not a no_form_found/not_applicable coverage record, not source silence as dissent.
2106	list	līste	līste;lī́stōn;lḯstōn	PGmc358-368;PNWGmc/PWGmc369;OE380-386;complete source indexes and body tables inspected				screened_no_applicable_lead			No equality to a selected cell inferred from current strings or a lexical-index entry.	No applicable named lead established within the completed relevance screen. This is a screen result, not a no_form_found/not_applicable coverage record, not source silence as dissent.
2107	live	lifeþ	lifeþ;libēną;líbēθi;libjaną;liban;libban	PGmc358-368;PNWGmc/PWGmc369;OE380-386;complete source indexes and body tables inspected	p.363: *kurną 101, 119                                 *libjaną 287, 289 || p.384: libban 287                                  nama 92, 94, 172, 190	p.287: libjaną,liban,libban;p.289: libjaną	239,287	relevant_consulted	evidence_found	ringe-complete-live;ringe-complete-live-gothic	No equality to a selected cell inferred from current strings or a lexical-index entry.	Actual consultation, not merely screen.
2108	liver	lifer	lifer;líbrō	PGmc358-368;PNWGmc/PWGmc369;OE380-386;complete source indexes and body tables inspected				screened_no_applicable_lead			No equality to a selected cell inferred from current strings or a lexical-index entry.	No applicable named lead established within the completed relevance screen. This is a screen result, not a no_form_found/not_applicable coverage record, not source silence as dissent.
2109	loam	lām	lām;laimōn;láimą	PGmc358-368;PNWGmc/PWGmc369;OE380-386;complete source indexes and body tables inspected		p.101: lām		screened_lead_excluded			Navigation lām matches do not establish the loam lexeme; no applicable named reconstruction located.	No applicable named lead established within the completed relevance screen. This is a screen result, not a no_form_found/not_applicable coverage record, not source silence as dissent.
2110	loath	lāþ	lāþ;láiθaz	PGmc358-368;PNWGmc/PWGmc369;OE380-386;complete source indexes and body tables inspected				screened_no_applicable_lead			No equality to a selected cell inferred from current strings or a lexical-index entry.	No applicable named lead established within the completed relevance screen. This is a screen result, not a no_form_found/not_applicable coverage record, not source silence as dissent.
2111	lock	loc	loc;lúką	PGmc358-368;PNWGmc/PWGmc369;OE380-386;complete source indexes and body tables inspected		p.87: loc;p.133: loc;p.144: loc;p.151: loc;p.158: loc;p.166: loc;p.221: loc;p.225: loc;p.227: loc;p.228: loc;p.233: loc;p.269: lúką;p.307: loc;p.313: loc		screened_lead_excluded			Ordinary loc abbreviations create false hits; p269 lūkan close is not by itself a quoted nominal lock loc formation.	No applicable named lead established within the completed relevance screen. This is a screen result, not a no_form_found/not_applicable coverage record, not source silence as dissent.
2112	lock	locc	locc;lúkkaz;lokkaz;lokkōną;loccian	PGmc358-368;PNWGmc/PWGmc369;OE380-386;complete source indexes and body tables inspected	p.369: *bregdaną 254                              *lokkaz, *lokkōną 138 || p.384: hwaþerian 110                               locc 138 || p.384: hwearﬁan 286                                loccian 138	p.138: locc,lokkaz;p.138: lokkōną,loccian	138	relevant_consulted	evidence_found	ringe-complete-lock-hair	No equality to a selected cell inferred from current strings or a lexical-index entry.	Actual consultation, not merely screen.
2113	louse	lūs	lūs;lūsz	PGmc358-368;PNWGmc/PWGmc369;OE380-386;complete source indexes and body tables inspected				screened_no_applicable_lead			No equality to a selected cell inferred from current strings or a lexical-index entry.	No applicable named lead established within the completed relevance screen. This is a screen result, not a no_form_found/not_applicable coverage record, not source silence as dissent.
2114	lung	lungen	lungen;lungō;lúnganjō	PGmc358-368;PNWGmc/PWGmc369;OE380-386;complete source indexes and body tables inspected				screened_no_applicable_lead			No equality to a selected cell inferred from current strings or a lexical-index entry.	No applicable named lead established within the completed relevance screen. This is a screen result, not a no_form_found/not_applicable coverage record, not source silence as dissent.
2115	lust	lust	lust;lústuz	PGmc358-368;PNWGmc/PWGmc369;OE380-386;complete source indexes and body tables inspected	p.364: *lustuz 325                                          255; *mun- 212	p.325: lústuz	325	relevant_consulted	evidence_found	ringe-complete-lust	No equality to a selected cell inferred from current strings or a lexical-index entry.	Actual consultation, not merely screen.
2116	lye	lēag	lēag;láugō	PGmc358-368;PNWGmc/PWGmc369;OE380-386;complete source indexes and body tables inspected				screened_no_applicable_lead			No equality to a selected cell inferred from current strings or a lexical-index entry.	No applicable named lead established within the completed relevance screen. This is a screen result, not a no_form_found/not_applicable coverage record, not source silence as dissent.
2117	make	macian	macian;mákōjaną	PGmc358-368;PNWGmc/PWGmc369;OE380-386;complete source indexes and body tables inspected				screened_lead_excluded			Make skapjaną/tawjaną/do and work derivatives are separate lexemes, not selected macian.	No applicable named lead established within the completed relevance screen. This is a screen result, not a no_form_found/not_applicable coverage record, not source silence as dissent.
2118	malt	mealt	mealt;máltaz	PGmc358-368;PNWGmc/PWGmc369;OE380-386;complete source indexes and body tables inspected				screened_no_applicable_lead			No equality to a selected cell inferred from current strings or a lexical-index entry.	No applicable named lead established within the completed relevance screen. This is a screen result, not a no_form_found/not_applicable coverage record, not source silence as dissent.
2119	man	mannes	mannes;mánnaz;mánnas;mann-;mann;manniskaz	PGmc358-368;PNWGmc/PWGmc369;OE380-386;complete source indexes and body tables inspected	p.364: *mann- 105, 165                              *natją 91 || p.364: *manniskaz 326                               *nōtō 91 || p.384: ierfe 144, 157                              mann 165	p.105: mann-,mann;p.165: mann-,mann;p.246: mann;p.326: manniskaz	165,326	relevant_consulted	evidence_found	ringe-complete-man-stem;ringe-complete-man-adjective	Selected mannes is genitive; mann- stem does not supply a full genitive, and world wer is another word.	Actual consultation, not merely screen.
2120	march	mearc	mearc;márkō	PGmc358-368;PNWGmc/PWGmc369;OE380-386;complete source indexes and body tables inspected				screened_no_applicable_lead			No equality to a selected cell inferred from current strings or a lexical-index entry.	No applicable named lead established within the completed relevance screen. This is a screen result, not a no_form_found/not_applicable coverage record, not source silence as dissent.
2121	mast	mæst	mæst;mástaz	PGmc358-368;PNWGmc/PWGmc369;OE380-386;complete source indexes and body tables inspected				screened_no_applicable_lead			No equality to a selected cell inferred from current strings or a lexical-index entry.	No applicable named lead established within the completed relevance screen. This is a screen result, not a no_form_found/not_applicable coverage record, not source silence as dissent.
2122	meal	mǣl	mǣl;mḗlą;mēlą;melu;melwą	PGmc358-368;PNWGmc/PWGmc369;OE380-386;complete source indexes and body tables inspected	p.364: *melwą 258                                   *namnijaną 284; *namnidaz, || p.384: iung 102, 123, 154, 174                     melu 258	p.258: melu,melwą		screened_lead_excluded			Selected mǣl is not flour melu/melwą p258; exclude the latter.	No applicable named lead established within the completed relevance screen. This is a screen result, not a no_form_found/not_applicable coverage record, not source silence as dissent.
2123	mean	mǣnan	mǣnan;máinijaną	PGmc358-368;PNWGmc/PWGmc369;OE380-386;complete source indexes and body tables inspected				screened_no_applicable_lead			No equality to a selected cell inferred from current strings or a lexical-index entry.	No applicable named lead established within the completed relevance screen. This is a screen result, not a no_form_found/not_applicable coverage record, not source silence as dissent.
2124	meed	meorde	meorde;mizdō;mízdai	PGmc358-368;PNWGmc/PWGmc369;OE380-386;complete source indexes and body tables inspected	p.364: *galīkōną 285                         *mizdō 121	p.121: mizdō	121	relevant_consulted	evidence_found	ringe-complete-meed	No equality to a selected cell inferred from current strings or a lexical-index entry.	Actual consultation, not merely screen.
2125	might	miht	miht;máxtiz;mahtiz;mahtīgaz;maganą	PGmc358-368;PNWGmc/PWGmc369;OE380-386;complete source indexes and body tables inspected	p.364: *maganą 247, 292 (princ. parts); *mag 134,   *murnaną 270 || p.364: *mahtiz 134                               *mūs 149, 222, 313 (parad.); *mūsiz || p.364: *mahtīgaz 326                                   (gen. sg.), *mūsiz (nom. pl.) 149 || p.384: lǣ ċe 250, 324                             miht 134	p.134: miht,máxtiz,mahtiz;p.247: maganą;p.292: maganą;p.326: mahtīgaz	134,326	relevant_consulted	evidence_found	ringe-complete-might;ringe-complete-might-adjective	No equality to a selected cell inferred from current strings or a lexical-index entry.	Actual consultation, not merely screen.
2126	milk	meoloc	meoloc;mélukz	PGmc358-368;PNWGmc/PWGmc369;OE380-386;complete source indexes and body tables inspected			222	relevant_consulted	evidence_found	ringe-complete-milk	No equality to a selected cell inferred from current strings or a lexical-index entry.	Actual consultation, not merely screen.
2127	month	mōnaþ	mōnaþ;mḗnōθz;mēnōþ-;mēnō	PGmc358-368;PNWGmc/PWGmc369;OE380-386;complete source indexes and body tables inspected	p.364: *mēnō̄þ- 224, 311                            *neurō 130 || p.364: *mēnō ~ *mēnan- 224                          *ne(w)un 105, 162, 229, 320 || p.384: lǣ stan 284                                mōna, mōnaþ 224	p.217: mēnō;p.224: mōnaþ,mēnōþ-;p.311: mēnōþ-	224	relevant_consulted	evidence_found	ringe-complete-month	No equality to a selected cell inferred from current strings or a lexical-index entry.	Actual consultation, not merely screen.
2128	mood	mōd	mōd;mōdaz;mōdagaz	PGmc358-368;PNWGmc/PWGmc369;OE380-386;complete source indexes and body tables inspected	p.364: *laidijaną 250                           *mōdagaz 326	p.326: mōdagaz	326	relevant_consulted	evidence_found	ringe-complete-mood-derived	No equality to a selected cell inferred from current strings or a lexical-index entry.	Actual consultation, not merely screen.
2129	mother	mōder	mōder;mōdēr	PGmc358-368;PNWGmc/PWGmc369;OE380-386;complete source indexes and body tables inspected	p.364: *līþu 304                                    *mōdēr 123, 167, 308	p.123: mōder,mōdēr;p.167: mōder,mōdēr;p.308: mōder,mōdēr	123	relevant_consulted	evidence_found	ringe-complete-mother	No equality to a selected cell inferred from current strings or a lexical-index entry.	Actual consultation, not merely screen.
2130	nail	næġl	næġl;náglaz	PGmc358-368;PNWGmc/PWGmc369;OE380-386;complete source indexes and body tables inspected	p.364: *magraz 123                                  *naglaz 88, 122 || p.384: lēoht ‘(day)light’ 223                      næġl 88, 122	p.88: næġl,náglaz;p.122: næġl,náglaz	122	relevant_consulted	evidence_found	ringe-complete-nail	No equality to a selected cell inferred from current strings or a lexical-index entry.	Actual consultation, not merely screen.
2131	name	nama	nama;námô;namō;namin-;namn-	PGmc358-368;PNWGmc/PWGmc369;OE380-386;complete source indexes and body tables inspected	p.364: *maiz 327                                 *namō 92, 94, 172, 138 fn. 21, 189, 284, 307, || p.364: *malaną 212, 258                                      312–13 (parad.); *namn- 94, 284 || p.384: libban 287                                  nama 92, 94, 172, 190	p.92: nama,námô,namō;p.94: nama,námô,namō,namn-;p.138: námô,namō,namn-;p.172: nama,námô,namō;p.189: námô,namō;p.190: nama,námô,namō;p.284: námô,namō,namin-,namn-;p.307: námô,namō;p.312: námô,namō	56,57,91,92,93,94,307,312,313	relevant_consulted	evidence_found	ringe-complete-name-oblique;ringe-complete-name-dative;ringe-complete-name-plural;ringe-complete-name-citation-image;ringe-complete-name-nom-image;ringe-complete-name-acc-image;ringe-complete-name-collective	No equality to a selected cell inferred from current strings or a lexical-index entry.	Actual consultation, not merely screen.
2132	nave	nafu	nafu;nábō	PGmc358-368;PNWGmc/PWGmc369;OE380-386;complete source indexes and body tables inspected				screened_no_applicable_lead			No equality to a selected cell inferred from current strings or a lexical-index entry.	No applicable named lead established within the completed relevance screen. This is a screen result, not a no_form_found/not_applicable coverage record, not source silence as dissent.
2133	navel	nafola	nafola;nablô;nábulô	PGmc358-368;PNWGmc/PWGmc369;OE380-386;complete source indexes and body tables inspected				screened_no_applicable_lead			No equality to a selected cell inferred from current strings or a lexical-index entry.	No applicable named lead established within the completed relevance screen. This is a screen result, not a no_form_found/not_applicable coverage record, not source silence as dissent.
2134	neck	hnecca	hnecca;xnákkaz;xnékkô	PGmc358-368;PNWGmc/PWGmc369;OE380-386;complete source indexes and body tables inspected			139	relevant_consulted	evidence_found	ringe-complete-neck-image;ringe-complete-neck-glyph	No equality to a selected cell inferred from current strings or a lexical-index entry.	Actual consultation, not merely screen.
2135	need	nīed	nīed;náudiz;nauþi-;naudi-	PGmc358-368;PNWGmc/PWGmc369;OE380-386;complete source indexes and body tables inspected	p.364: *marhaz 116, 328                             *nauþi- ~ *naudi- 305 || p.385: nīed 305                                     sendan 246, 282	p.305: nīed,nauþi-,naudi-	305	relevant_consulted	evidence_found	ringe-complete-need-th;ringe-complete-need-d	No equality to a selected cell inferred from current strings or a lexical-index entry.	Actual consultation, not merely screen.
2136	needle	nǣdl	nǣdl;nḗθlō;nḗðlō;nēþlō-;nēdlō-	PGmc358-368;PNWGmc/PWGmc369;OE380-386;complete source indexes and body tables inspected	p.364: *mēþiz ‘measure’ 90                             *nēþlō- ~ *nēdlō- 303	p.303: nǣdl,nḗθlō,nēþlō-,nēdlō-	303	relevant_consulted	evidence_found	ringe-complete-needle-th;ringe-complete-needle-d	No equality to a selected cell inferred from current strings or a lexical-index entry.	Actual consultation, not merely screen.
2137	nest	nest	nest;nístą	PGmc358-368;PNWGmc/PWGmc369;OE380-386;complete source indexes and body tables inspected	p.384: līesan 283                                  nest 120	p.120: nest	120	relevant_consulted	evidence_found	ringe-complete-nest;ringe-complete-nest-alternative	No equality to a selected cell inferred from current strings or a lexical-index entry.	Actual consultation, not merely screen.
2138	net	nett	nett;nátją	PGmc358-368;PNWGmc/PWGmc369;OE380-386;complete source indexes and body tables inspected	p.364: *mann- 105, 165                              *natją 91 || p.384: līoht ‘light(weight)’ 134, 174              nett 91	p.91: nett,nátją	91	relevant_consulted	evidence_found	ringe-complete-net;ringe-complete-net-collective	No equality to a selected cell inferred from current strings or a lexical-index entry.	Actual consultation, not merely screen.
2139	nettle	netle	netle;nátilōn	PGmc358-368;PNWGmc/PWGmc369;OE380-386;complete source indexes and body tables inspected				screened_no_applicable_lead			No equality to a selected cell inferred from current strings or a lexical-index entry.	No applicable named lead established within the completed relevance screen. This is a screen result, not a no_form_found/not_applicable coverage record, not source silence as dissent.
2140	night	niht	niht;náxtz;náxti;naht-;nahtų;nahtiz	PGmc358-368;PNWGmc/PWGmc369;OE380-386;complete source indexes and body tables inspected	p.364: *ga-mainiz 315                               *naht- 113, 117, 222, 313 (parad.); || p.364: *maizō 317; *maistaz 97, 317                          *nahtų 243	p.113: naht-;p.117: naht-;p.222: naht-;p.243: nahtų;p.313: náxti,nahtų,nahtiz	243,313	relevant_consulted	evidence_found	ringe-system-night-acc;ringe-complete-night-nom;ringe-complete-night-acc;ringe-complete-night-dat	No equality to a selected cell inferred from current strings or a lexical-index entry.	Actual consultation, not merely screen.
2141	nightmare	mare	mare;márōn	PGmc358-368;PNWGmc/PWGmc369;OE380-386;complete source indexes and body tables inspected				screened_no_applicable_lead			No equality to a selected cell inferred from current strings or a lexical-index entry.	No applicable named lead established within the completed relevance screen. This is a screen result, not a no_form_found/not_applicable coverage record, not source silence as dissent.
2142	nine	nigon	nigon;nígun;ne(w)un;newun;neun	PGmc358-368;PNWGmc/PWGmc369;OE380-386;complete source indexes and body tables inspected	p.364: *mēnō ~ *mēnan- 224                          *ne(w)un 105, 162, 229, 320 || p.385: nigon 105                                    sēon 138, 273 (princ. parts); sewen 129	p.105: nigon,nígun,ne(w)un,newun;p.162: ne(w)un,newun;p.229: ne(w)un,newun;p.320: ne(w)un	162	relevant_consulted	evidence_found	ringe-complete-nine	Source ne(w)un retains optional w; do not silently spell the source as current corpus nigon or a long-vowel form.	Actual consultation, not merely screen.
2143	nose	nosu	nosu;nasō;núsō	PGmc358-368;PNWGmc/PWGmc369;OE380-386;complete source indexes and body tables inspected			222	relevant_consulted	evidence_found	ringe-complete-nose	No equality to a selected cell inferred from current strings or a lexical-index entry.	Actual consultation, not merely screen.
2144	one	ān	ān;áinaz	PGmc358-368;PNWGmc/PWGmc369;OE380-386;complete source indexes and body tables inspected	p.358: *ainaz 229, 318                                    *andijaz 144, 157	p.229: áinaz;p.318: áinaz	229	relevant_consulted	evidence_found	ringe-complete-one	No equality to a selected cell inferred from current strings or a lexical-index entry.	Actual consultation, not merely screen.
2145	oven	ofn	ofn;úfnaz	PGmc358-368;PNWGmc/PWGmc369;OE380-386;complete source indexes and body tables inspected			137	relevant_consulted	discussion_only	ringe-complete-oven-gothic	Gothic oven aúhn137 is a real other-cell attestation; source quotation does not decide inherited h versus f.	Actual consultation, not merely screen.
2146	ox	oxa	oxa;úxsô	PGmc358-368;PNWGmc/PWGmc369;OE380-386;complete source indexes and body tables inspected	p.367: *tūną 328                                         *uhsō 108, 116, 149; *uhsin-, *uhsn- 149, 307 || p.385: oxa 108, 116, 149                            sīon: siwen 129	p.108: oxa,úxsô;p.116: oxa,úxsô;p.149: oxa,úxsô	149	relevant_consulted	evidence_found	ringe-complete-ox-oblique-in;ringe-complete-ox-oblique-n	No equality to a selected cell inferred from current strings or a lexical-index entry.	Actual consultation, not merely screen.
2147	rain	reġn	reġn;régną	PGmc358-368;PNWGmc/PWGmc369;OE380-386;complete source indexes and body tables inspected	p.365: *regną 137, 328                                                - || p.385: reġn 138                                     smoc 139	p.137: reġn,régną;p.328: régną	137	relevant_consulted	evidence_found	ringe-complete-rain	No equality to a selected cell inferred from current strings or a lexical-index entry.	Actual consultation, not merely screen.
2148	rainbow	reġnboga	reġnboga;régna-bùgô;regną;baugaz;bugō	PGmc358-368;PNWGmc/PWGmc369;OE380-386;complete source indexes and body tables inspected	p.359: *arhwō ~ *arwō- 133                             *beuganą, *baugaz 324 || p.365: *regną 137, 328                                                -	p.137: regną;p.324: baugaz;p.328: regną	137,324,328	relevant_consulted	evidence_found	ringe-complete-rainbow-ring;ringe-complete-rainbow-rain	No equality to a selected cell inferred from current strings or a lexical-index entry.	Actual consultation, not merely screen.
2149	raven	hræfn	hræfn;xrábnaz	PGmc358-368;PNWGmc/PWGmc369;OE380-386;complete source indexes and body tables inspected				screened_no_applicable_lead			No equality to a selected cell inferred from current strings or a lexical-index entry.	No applicable named lead established within the completed relevance screen. This is a screen result, not a no_form_found/not_applicable coverage record, not source silence as dissent.
2150	read	rǣdan	rǣdan;rḗdaną	PGmc358-368;PNWGmc/PWGmc369;OE380-386;complete source indexes and body tables inspected	p.365: sufﬁx) 201–3, 267, 289                    *rēdaną 215 (princ. parts), 278	p.215: rḗdaną;p.278: rḗdaną	215	relevant_consulted	evidence_found	ringe-complete-read	No equality to a selected cell inferred from current strings or a lexical-index entry.	Actual consultation, not merely screen.
2151	reek	rēac	rēac;ráukiz;ráukaz	PGmc358-368;PNWGmc/PWGmc369;OE380-386;complete source indexes and body tables inspected				screened_no_applicable_lead			No equality to a selected cell inferred from current strings or a lexical-index entry.	No applicable named lead established within the completed relevance screen. This is a screen result, not a no_form_found/not_applicable coverage record, not source silence as dissent.
2152	rest	ræste	ræste;rastō;rástōz	PGmc358-368;PNWGmc/PWGmc369;OE380-386;complete source indexes and body tables inspected				screened_lead_excluded			p311 rest remaz/rimiz and quiet root kwyeh1 are not identified as selected ræste.	No applicable named lead established within the completed relevance screen. This is a screen result, not a no_form_found/not_applicable coverage record, not source silence as dissent.
2153	ride	rīdan	rīdan;rī́daną;rḯdaną	PGmc358-368;PNWGmc/PWGmc369;OE380-386;complete source indexes and body tables inspected	p.365: *ga-nuganą 184, 256, 291 (princ. parts);          *rīdaną 328	p.328: rī́daną,rḯdaną	328	relevant_consulted	evidence_found	ringe-complete-ride-loan-lead	No equality to a selected cell inferred from current strings or a lexical-index entry.	Actual consultation, not merely screen.
2154	rind	rind	rind;ríndō	PGmc358-368;PNWGmc/PWGmc369;OE380-386;complete source indexes and body tables inspected				screened_no_applicable_lead			No equality to a selected cell inferred from current strings or a lexical-index entry.	No applicable named lead established within the completed relevance screen. This is a screen result, not a no_form_found/not_applicable coverage record, not source silence as dissent.
2155	coat	rocc	rocc;rúkkaz	PGmc358-368;PNWGmc/PWGmc369;OE380-386;complete source indexes and body tables inspected				screened_no_applicable_lead			No equality to a selected cell inferred from current strings or a lexical-index entry.	No applicable named lead established within the completed relevance screen. This is a screen result, not a no_form_found/not_applicable coverage record, not source silence as dissent.
2156	roe	-	ráixōn	PGmc358-368;PNWGmc/PWGmc369;OE380-386;complete source indexes and body tables inspected				screened_no_applicable_lead			No equality to a selected cell inferred from current strings or a lexical-index entry.	No applicable named lead established within the completed relevance screen. This is a screen result, not a no_form_found/not_applicable coverage record, not source silence as dissent.
2157	rood	rōd	rōd;rōdō	PGmc358-368;PNWGmc/PWGmc369;OE380-386;complete source indexes and body tables inspected				screened_no_applicable_lead			No equality to a selected cell inferred from current strings or a lexical-index entry.	No applicable named lead established within the completed relevance screen. This is a screen result, not a no_form_found/not_applicable coverage record, not source silence as dissent.
2158	room	rūm	rūm;rūmą	PGmc358-368;PNWGmc/PWGmc369;OE380-386;complete source indexes and body tables inspected		p.308: rūm		screened_lead_excluded			p308 clause prose matches rūm navigation but does not establish a room lexical quotation.	No applicable named lead established within the completed relevance screen. This is a screen result, not a no_form_found/not_applicable coverage record, not source silence as dissent.
2159	rope	rāp	rāp;ráipą	PGmc358-368;PNWGmc/PWGmc369;OE380-386;complete source indexes and body tables inspected				screened_lead_excluded			OE tēag rope247 and Sanskrit cuts-a-rope97 are not selected rāp.	No applicable named lead established within the completed relevance screen. This is a screen result, not a no_form_found/not_applicable coverage record, not source silence as dissent.
2160	rudder	rōþor	rōþor;rōθraz	PGmc358-368;PNWGmc/PWGmc369;OE380-386;complete source indexes and body tables inspected	p.385: rōþor 325                                    sōl, (Northumbrian) sōlmerca 162 fn. 28	p.325: rōþor	325	relevant_consulted	evidence_found	ringe-complete-rudder	No equality to a selected cell inferred from current strings or a lexical-index entry.	Actual consultation, not merely screen.
2161	run	rinnan	rinnan;rínnaną;rinnaną;renn-;runiz;ryne;hlaupaną	PGmc358-368;PNWGmc/PWGmc369;OE380-386;complete source indexes and body tables inspected	p.362: *hlaupaną 260                                     *-id- (weak I ﬁnite past sufﬁx), *-ida- (past || p.365: *-nþi (pres. 3pl.) 207                            *rinnaną 269 || p.365: *runiz 324 || p.385: ryne 324                                     spātan, spittan 260	p.260: hlaupaną;p.269: rínnaną,rinnaną;p.269: renn-;p.324: runiz,ryne	269,324	relevant_consulted	evidence_found	ringe-complete-run;ringe-complete-run-underlying;ringe-complete-run-noun	No equality to a selected cell inferred from current strings or a lexical-index entry.	Actual consultation, not merely screen.
2162	rust	rust	rust;rústō;rustaz;reudaną	PGmc358-368;PNWGmc/PWGmc369;OE380-386;complete source indexes and body tables inspected	p.365: *reudaną 248, 289                                 *seh aną 129, 247, 273 (princ. parts); || p.365: *rustaz 248                                        *sīnaz 323 || p.385: rust 248                                     sōt 256	p.166: rust;p.248: rust,rustaz,reudaną;p.289: reudaną	248	relevant_consulted	evidence_found	ringe-system-rust	No equality to a selected cell inferred from current strings or a lexical-index entry.	Actual consultation, not merely screen.
2163	rye	ryġe	ryġe;rúgiz;rug-;rogga;roggo	PGmc358-368;PNWGmc/PWGmc369;OE380-386;complete source indexes and body tables inspected		p.139: rogga,roggo	136,137,138,139,140	relevant_consulted	discussion_only	ringe-complete-rye-frisian;ringe-complete-rye-german;ringe-complete-rye-kluge	No equality to a selected cell inferred from current strings or a lexical-index entry.	Actual consultation, not merely screen.
2164	sail	seġl	seġl;séglą;segl-	PGmc358-368;PNWGmc/PWGmc369;OE380-386;complete source indexes and body tables inspected				screened_lead_excluded			p258 sail is the gloss of OHG ferien transport; not selected seġl.	No applicable named lead established within the completed relevance screen. This is a screen result, not a no_form_found/not_applicable coverage record, not source silence as dissent.
2165	sake	sacu	sacu;sákō	PGmc358-368;PNWGmc/PWGmc369;OE380-386;complete source indexes and body tables inspected				screened_no_applicable_lead			No equality to a selected cell inferred from current strings or a lexical-index entry.	No applicable named lead established within the completed relevance screen. This is a screen result, not a no_form_found/not_applicable coverage record, not source silence as dissent.
2166	salt	sealt	sealt;sáltą	PGmc358-368;PNWGmc/PWGmc369;OE380-386;complete source indexes and body tables inspected			260	relevant_consulted	evidence_found	ringe-complete-salt-family	Source saltaną260 is a related salt verb, not a full selected salt noun quote.	Actual consultation, not merely screen.
2167	salve	sealf	sealf;sálbō	PGmc358-368;PNWGmc/PWGmc369;OE380-386;complete source indexes and body tables inspected	p.365: *-ǭ (ō-stem acc. sg.) 92                        *salbō 123, 189, 285 || p.365: *-ōi (ō-stem dat. sg.) 225                                 *salbōdēdun 193; *salbō, *salbōn, || p.365: *-ōz (comparative adverb ending) 327                       *salbōnþi, *salbōþi, *salbǭ 160 || p.385: sealf 123, 189                               sunu 97; suna (gen. sg.) 151; sunu (acc.	p.123: sealf,sálbō;p.160: sálbō;p.189: sealf,sálbō;p.285: sálbō;p.297: sálbō;p.298: sálbō	123,160,189,285,297,298	relevant_consulted	evidence_found	ringe-complete-salve-inf-image;ringe-complete-salve-base-image;ringe-complete-salve-quantity	No equality to a selected cell inferred from current strings or a lexical-index entry.	Actual consultation, not merely screen.
2168	sap	sæp	sæp;sapōn;sápą	PGmc358-368;PNWGmc/PWGmc369;OE380-386;complete source indexes and body tables inspected				screened_no_applicable_lead			No equality to a selected cell inferred from current strings or a lexical-index entry.	No applicable named lead established within the completed relevance screen. This is a screen result, not a no_form_found/not_applicable coverage record, not source silence as dissent.
2169	sea	sǣ	sǣ;sái;sáiwiz	PGmc358-368;PNWGmc/PWGmc369;OE380-386;complete source indexes and body tables inspected		p.129: sái;p.138: sái;p.191: sái;p.247: sái;p.265: sái;p.273: sái;p.285: sái;p.287: sái;p.298: sái		screened_lead_excluded			Matches to sǣ and surrounding reconstructed sequences do not establish the sea lexeme; no applicable whole sea quotation located.	No applicable named lead established within the completed relevance screen. This is a screen result, not a no_form_found/not_applicable coverage record, not source silence as dissent.
2170	seam	sēam	sēam;sáumaz	PGmc358-368;PNWGmc/PWGmc369;OE380-386;complete source indexes and body tables inspected				screened_no_applicable_lead			No equality to a selected cell inferred from current strings or a lexical-index entry.	No applicable named lead established within the completed relevance screen. This is a screen result, not a no_form_found/not_applicable coverage record, not source silence as dissent.
2171	seek	sēċan	sēċan;sōkijaną	PGmc358-368;PNWGmc/PWGmc369;OE380-386;complete source indexes and body tables inspected	p.366: *sōkijaną 207, 281 (princ. parts), 297–9            *swiknaz 97, 137, 147 || p.385: sēċan 281 (princ. parts); sēċaþ 144, 156;    swefan 245, 274	p.207: sōkijaną;p.281: sēċan,sōkijaną;p.297: sōkijaną	281	relevant_consulted	evidence_found	ringe-complete-seek;ringe-complete-seek-past;ringe-complete-seek-participle	No equality to a selected cell inferred from current strings or a lexical-index entry.	Actual consultation, not merely screen.
2172	send	sendan	sendan;sándijaną;sandijaną	PGmc358-368;PNWGmc/PWGmc369;OE380-386;complete source indexes and body tables inspected	p.365: *paidō 329                                        *sandijaną 246, 282 || p.385: nīed 305                                     sendan 246, 282	p.246: sendan,sándijaną,sandijaną;p.282: sendan,sándijaną,sandijaną	246,282	relevant_consulted	evidence_found	ringe-system-send;ringe-complete-send	No equality to a selected cell inferred from current strings or a lexical-index entry.	Actual consultation, not merely screen.
2173	set	settan	settan;sátjaną;satjaną	PGmc358-368;PNWGmc/PWGmc369;OE380-386;complete source indexes and body tables inspected	p.366: *satjaną 282 (princ. parts)                     *stauraz 96 || p.385: niþþas 144, 156                              settan 282	p.282: settan,sátjaną,satjaną	282	relevant_consulted	evidence_found	ringe-complete-set	No equality to a selected cell inferred from current strings or a lexical-index entry.	Actual consultation, not merely screen.
2174	seven	seofon	seofon;sébun	PGmc358-368;PNWGmc/PWGmc369;OE380-386;complete source indexes and body tables inspected	p.365: *sebun 105, 123, 229, 320 || p.385: nift 117                                     seofon 105, 123, 229	p.105: seofon,sébun;p.123: seofon,sébun;p.229: seofon,sébun;p.230: sébun;p.320: sébun	229	relevant_consulted	evidence_found	ringe-complete-seven	No equality to a selected cell inferred from current strings or a lexical-index entry.	Actual consultation, not merely screen.
2175	shaft	sċeaft	sċeaft;skáftą	PGmc358-368;PNWGmc/PWGmc369;OE380-386;complete source indexes and body tables inspected				screened_no_applicable_lead			No equality to a selected cell inferred from current strings or a lexical-index entry.	No applicable named lead established within the completed relevance screen. This is a screen result, not a no_form_found/not_applicable coverage record, not source silence as dissent.
2176	shame	sċamu	sċamu;skámō	PGmc358-368;PNWGmc/PWGmc369;OE380-386;complete source indexes and body tables inspected				screened_no_applicable_lead			No equality to a selected cell inferred from current strings or a lexical-index entry.	No applicable named lead established within the completed relevance screen. This is a screen result, not a no_form_found/not_applicable coverage record, not source silence as dissent.
2177	shear	sċieran	sċieran;skéraną	PGmc358-368;PNWGmc/PWGmc369;OE380-386;complete source indexes and body tables inspected	p.366: *skeraną 271 (princ. parts)                         *sunuz 97, 312 (parad.); *sunauz 151; || p.385: sċieran 271 (princ. parts)                   stocc 139	p.271: sċieran,skéraną	271	relevant_consulted	evidence_found	ringe-complete-shear	No equality to a selected cell inferred from current strings or a lexical-index entry.	Actual consultation, not merely screen.
2178	sheath	sċēaþ	sċēaþ;skáiθiz	PGmc358-368;PNWGmc/PWGmc369;OE380-386;complete source indexes and body tables inspected				screened_lead_excluded			Sheath fōdrą90/172 is a different lexeme from selected sċēaþ.	No applicable named lead established within the completed relevance screen. This is a screen result, not a no_form_found/not_applicable coverage record, not source silence as dissent.
2179	sheep	sċēap	sċēap;skḗpą	PGmc358-368;PNWGmc/PWGmc369;OE380-386;complete source indexes and body tables inspected				screened_lead_excluded			Sheep awiz89/170 is ewe's etymon, not selected sċēap.	No applicable named lead established within the completed relevance screen. This is a screen result, not a no_form_found/not_applicable coverage record, not source silence as dissent.
2180	shield	sċield	sċield;skélduz	PGmc358-368;PNWGmc/PWGmc369;OE380-386;complete source indexes and body tables inspected				screened_no_applicable_lead			No equality to a selected cell inferred from current strings or a lexical-index entry.	No applicable named lead established within the completed relevance screen. This is a screen result, not a no_form_found/not_applicable coverage record, not source silence as dissent.
2181	shilling	sċilling	sċilling;skíllingaz	PGmc358-368;PNWGmc/PWGmc369;OE380-386;complete source indexes and body tables inspected				screened_no_applicable_lead			No equality to a selected cell inferred from current strings or a lexical-index entry.	No applicable named lead established within the completed relevance screen. This is a screen result, not a no_form_found/not_applicable coverage record, not source silence as dissent.
2182	shine	sċīnan	sċīnan;skī́naną;skḯnaną;skīnaną;skīmō	PGmc358-368;PNWGmc/PWGmc369;OE380-386;complete source indexes and body tables inspected	p.366: *skīnaną 267, 268 (princ. parts), 324                        *suniwiz 150; *sunų 104, 243 || p.366: *skīmō 324                                      *surgō, *surgāną 289 || p.385: sċīnan 268 (princ. parts)                    streġdan 254	p.267: skī́naną,skḯnaną,skīnaną;p.268: sċīnan,skī́naną,skḯnaną,skīnaną;p.324: skī́naną,skḯnaną,skīnaną,skīmō	267	relevant_consulted	evidence_found	ringe-complete-shine	No equality to a selected cell inferred from current strings or a lexical-index entry.	Actual consultation, not merely screen.
2183	shoulder	sċuldrum	sċuldrum;skuldrō;skúldramiz	PGmc358-368;PNWGmc/PWGmc369;OE380-386;complete source indexes and body tables inspected				screened_lead_excluded			Shoulder bōguz/amsaz/ahslō examples are different lexemes from selected sċuldrum.	No applicable named lead established within the completed relevance screen. This is a screen result, not a no_form_found/not_applicable coverage record, not source silence as dissent.
2184	shove	sċēaf	sċēaf;skéubaną;skáub	PGmc358-368;PNWGmc/PWGmc369;OE380-386;complete source indexes and body tables inspected				screened_no_applicable_lead			No equality to a selected cell inferred from current strings or a lexical-index entry.	No applicable named lead established within the completed relevance screen. This is a screen result, not a no_form_found/not_applicable coverage record, not source silence as dissent.
2185	shovel	sċofl	sċofl;skúflō	PGmc358-368;PNWGmc/PWGmc369;OE380-386;complete source indexes and body tables inspected				screened_no_applicable_lead			No equality to a selected cell inferred from current strings or a lexical-index entry.	No applicable named lead established within the completed relevance screen. This is a screen result, not a no_form_found/not_applicable coverage record, not source silence as dissent.
2186	show	sċēawian	sċēawian;skáwōjaną	PGmc358-368;PNWGmc/PWGmc369;OE380-386;complete source indexes and body tables inspected				screened_no_applicable_lead			No equality to a selected cell inferred from current strings or a lexical-index entry.	No applicable named lead established within the completed relevance screen. This is a screen result, not a no_form_found/not_applicable coverage record, not source silence as dissent.
2187	shower	sċūr	sċūr;skūrō	PGmc358-368;PNWGmc/PWGmc369;OE380-386;complete source indexes and body tables inspected				screened_no_applicable_lead			No equality to a selected cell inferred from current strings or a lexical-index entry.	No applicable named lead established within the completed relevance screen. This is a screen result, not a no_form_found/not_applicable coverage record, not source silence as dissent.
2188	side	sīde	sīde;sī́dōn;sḯdōn	PGmc358-368;PNWGmc/PWGmc369;OE380-386;complete source indexes and body tables inspected				screened_no_applicable_lead			No equality to a selected cell inferred from current strings or a lexical-index entry.	No applicable named lead established within the completed relevance screen. This is a screen result, not a no_form_found/not_applicable coverage record, not source silence as dissent.
2189	sieve	sife	sife;síbaz;síbi	PGmc358-368;PNWGmc/PWGmc369;OE380-386;complete source indexes and body tables inspected				screened_no_applicable_lead			No equality to a selected cell inferred from current strings or a lexical-index entry.	No applicable named lead established within the completed relevance screen. This is a screen result, not a no_form_found/not_applicable coverage record, not source silence as dissent.
2190	sing	singan	singan;síngwaną	PGmc358-368;PNWGmc/PWGmc369;OE380-386;complete source indexes and body tables inspected	p.366: *singwaną 112, 128, 174; *sung- 112                 *standaną 96, 200, 208, 218, 258, 277 (princ. || p.385: ōþer 116, 150                                singan 128, 174	p.112: síngwaną;p.128: singan,síngwaną;p.174: singan,síngwaną	128	relevant_consulted	evidence_found	ringe-complete-sing	No equality to a selected cell inferred from current strings or a lexical-index entry.	Actual consultation, not merely screen.
2191	singe	senġan	senġan;sángijaną	PGmc358-368;PNWGmc/PWGmc369;OE380-386;complete source indexes and body tables inspected				screened_no_applicable_lead			No equality to a selected cell inferred from current strings or a lexical-index entry.	No applicable named lead established within the completed relevance screen. This is a screen result, not a no_form_found/not_applicable coverage record, not source silence as dissent.
2192	sister	swester	swester;swéstēr	PGmc358-368;PNWGmc/PWGmc369;OE380-386;complete source indexes and body tables inspected	p.366: *snaiwaz 129, 324                               *swestēr 167, 308; *swistrī 167	p.167: swester,swéstēr;p.308: swester,swéstēr	167	relevant_consulted	evidence_found	ringe-complete-sister	No equality to a selected cell inferred from current strings or a lexical-index entry.	Actual consultation, not merely screen.
2193	sit	sittan	sittan;sétjaną;sitjaną;set-;setanaz	PGmc358-368;PNWGmc/PWGmc369;OE380-386;complete source indexes and body tables inspected	p.366: *sitjaną 106, 207, 249, 252, 273 (princ. parts),        *stāną ~ *stai- 159, 205, 218, 295; *sta- 257 || p.366: 282; *sat 181, 211; *set- 256; *sēt- 211       *stōdijaną 258 || p.385: sittan 249, 273 (princ. parts); sæt 181	p.106: sitjaną;p.207: sitjaną;p.211: set-;p.249: sittan,sitjaną;p.252: sitjaną;p.256: set-;p.273: sittan,sitjaną,setanaz;p.282: sitjaną	151,152,153,154,155,249,256,273	relevant_consulted	evidence_found	raising-ringe-high-front;ringe-system-sit;ringe-system-sit-root;ringe-complete-sit-participle	No equality to a selected cell inferred from current strings or a lexical-index entry.	Actual consultation, not merely screen.
2194	six	six	six;séxs	PGmc358-368;PNWGmc/PWGmc369;OE380-386;complete source indexes and body tables inspected	p.365: *rekwaz ~ *rikwiz- 111, 120, 124, 190, 284, 310   *sehs 116, 229, 320	p.99: six;p.116: six,séxs;p.177: six;p.209: six;p.215: six;p.221: six;p.229: six,séxs;p.235: six;p.259: six;p.261: six;p.278: six;p.289: six;p.299: six;p.320: six,séxs;p.320: séxs	229	relevant_consulted	evidence_found	ringe-complete-six	No equality to a selected cell inferred from current strings or a lexical-index entry.	Actual consultation, not merely screen.
2195	slay	slēan	slēan;sláxaną;slahaną;slaganaz;slagiz	PGmc358-368;PNWGmc/PWGmc369;OE380-386;complete source indexes and body tables inspected	p.366: *slahaną 213 (princ. parts), 246, 259, 275          *swarjaną 252, 276 (princ. parts); *swari- ~ || p.366: *slagiz 324                                     *swefaną 245, 257, 274 || p.385: rǣ dan: reord (Anglian) 215                 slēan 275 (princ. parts)	p.213: sláxaną,slahaną,slaganaz;p.246: sláxaną,slahaną;p.275: slēan,sláxaną,slahaną,slaganaz;p.324: slagiz	213,237,246	relevant_consulted	evidence_found	ringe-system-slay;ringe-complete-slay;ringe-complete-slay-gothic-past	No equality to a selected cell inferred from current strings or a lexical-index entry.	Actual consultation, not merely screen.
2196	sleep	slǣpan	slǣpan;slḗpaną;slēpaną;sezlēp;swefaną	PGmc358-368;PNWGmc/PWGmc369;OE380-386;complete source indexes and body tables inspected	p.366: *slagiz 324                                     *swefaną 245, 257, 274 || p.366: *slēpaną 278 (princ. parts)                         *sweglō, *sweglōną 285	p.245: swefaną;p.274: swefaną;p.278: slḗpaną,slēpaną,sezlēp;p.278: slḗpaną,slēpaną	274,278	relevant_consulted	evidence_found	ringe-complete-sleep;ringe-complete-sleep-comparandum	No equality to a selected cell inferred from current strings or a lexical-index entry.	Actual consultation, not merely screen.
2197	slime	slīm	slīm;slī́mą;slḯmą	PGmc358-368;PNWGmc/PWGmc369;OE380-386;complete source indexes and body tables inspected				screened_no_applicable_lead			No equality to a selected cell inferred from current strings or a lexical-index entry.	No applicable named lead established within the completed relevance screen. This is a screen result, not a no_form_found/not_applicable coverage record, not source silence as dissent.
2198	smear	smierwan	smierwan;smérwijaną	PGmc358-368;PNWGmc/PWGmc369;OE380-386;complete source indexes and body tables inspected				screened_no_applicable_lead			No equality to a selected cell inferred from current strings or a lexical-index entry.	No applicable named lead established within the completed relevance screen. This is a screen result, not a no_form_found/not_applicable coverage record, not source silence as dissent.
2199	snow	snāw	snāw;snáiwaz	PGmc358-368;PNWGmc/PWGmc369;OE380-386;complete source indexes and body tables inspected	p.366: *snaiwaz 129, 324                               *swestēr 167, 308; *swistrī 167 || p.385: rēodan 248                                   snāw 129, 324	p.129: snāw,snáiwaz;p.324: snāw,snáiwaz	129	relevant_consulted	evidence_found	ringe-complete-snow	No equality to a selected cell inferred from current strings or a lexical-index entry.	Actual consultation, not merely screen.
2200	sorrow	sorg	sorg;súrgō;surgō;surgāną	PGmc358-368;PNWGmc/PWGmc369;OE380-386;complete source indexes and body tables inspected	p.366: *skīmō 324                                      *surgō, *surgāną 289	p.289: súrgō,surgō,surgāną	289	relevant_consulted	evidence_found	ringe-complete-sorrow-verb	No equality to a selected cell inferred from current strings or a lexical-index entry.	Actual consultation, not merely screen.
2201	soul	sāwol	sāwol;sáiwalō	PGmc358-368;PNWGmc/PWGmc369;OE380-386;complete source indexes and body tables inspected				screened_no_applicable_lead			No equality to a selected cell inferred from current strings or a lexical-index entry.	No applicable named lead established within the completed relevance screen. This is a screen result, not a no_form_found/not_applicable coverage record, not source silence as dissent.
2202	span	spannan	spannan;spánnaną	PGmc358-368;PNWGmc/PWGmc369;OE380-386;complete source indexes and body tables inspected				screened_no_applicable_lead			No equality to a selected cell inferred from current strings or a lexical-index entry.	No applicable named lead established within the completed relevance screen. This is a screen result, not a no_form_found/not_applicable coverage record, not source silence as dissent.
2203	span	spanne	spanne;spannō;spánnai	PGmc358-368;PNWGmc/PWGmc369;OE380-386;complete source indexes and body tables inspected				screened_no_applicable_lead			No equality to a selected cell inferred from current strings or a lexical-index entry.	No applicable named lead established within the completed relevance screen. This is a screen result, not a no_form_found/not_applicable coverage record, not source silence as dissent.
2204	spar	spearra	spearra;spárrô	PGmc358-368;PNWGmc/PWGmc369;OE380-386;complete source indexes and body tables inspected				screened_no_applicable_lead			No equality to a selected cell inferred from current strings or a lexical-index entry.	No applicable named lead established within the completed relevance screen. This is a screen result, not a no_form_found/not_applicable coverage record, not source silence as dissent.
2205	spare	sparian	sparian;sparēną;spárōjaną	PGmc358-368;PNWGmc/PWGmc369;OE380-386;complete source indexes and body tables inspected				screened_no_applicable_lead			No equality to a selected cell inferred from current strings or a lexical-index entry.	No applicable named lead established within the completed relevance screen. This is a screen result, not a no_form_found/not_applicable coverage record, not source silence as dissent.
2206	spear	speoru	speoru;spéru;speru	PGmc358-368;PNWGmc/PWGmc369;OE380-386;complete source indexes and body tables inspected				screened_no_applicable_lead			No equality to a selected cell inferred from current strings or a lexical-index entry.	No applicable named lead established within the completed relevance screen. This is a screen result, not a no_form_found/not_applicable coverage record, not source silence as dissent.
2207	spin	spinnan	spinnan;spínnaną	PGmc358-368;PNWGmc/PWGmc369;OE380-386;complete source indexes and body tables inspected				screened_lead_excluded			PIE spin sneh1- and spin-around swipa are not selected spinnan.	No applicable named lead established within the completed relevance screen. This is a screen result, not a no_form_found/not_applicable coverage record, not source silence as dissent.
2208	spindle	spinl	spinl;spénnilō	PGmc358-368;PNWGmc/PWGmc369;OE380-386;complete source indexes and body tables inspected				screened_no_applicable_lead			No equality to a selected cell inferred from current strings or a lexical-index entry.	No applicable named lead established within the completed relevance screen. This is a screen result, not a no_form_found/not_applicable coverage record, not source silence as dissent.
2209	spoon	spōn	spōn;spḗnuz	PGmc358-368;PNWGmc/PWGmc369;OE380-386;complete source indexes and body tables inspected				screened_no_applicable_lead			No equality to a selected cell inferred from current strings or a lexical-index entry.	No applicable named lead established within the completed relevance screen. This is a screen result, not a no_form_found/not_applicable coverage record, not source silence as dissent.
2210	spread	sprǣdan	sprǣdan;spráidijaną	PGmc358-368;PNWGmc/PWGmc369;OE380-386;complete source indexes and body tables inspected				screened_no_applicable_lead			No equality to a selected cell inferred from current strings or a lexical-index entry.	No applicable named lead established within the completed relevance screen. This is a screen result, not a no_form_found/not_applicable coverage record, not source silence as dissent.
2211	spur	spora	spora;spúrô	PGmc358-368;PNWGmc/PWGmc369;OE380-386;complete source indexes and body tables inspected			117,269-270	consulted_applicable	evidence_found	alignment35-spur-ringe-pgmc;alignment35-spur-ringe-pie-weak;alignment35-spur-ringe-pie-strong;alignment35-spur-ringe-membership	No equality to a selected cell inferred from current strings or a lexical-index entry.	No applicable named lead established within the completed relevance screen. This is a screen result, not a no_form_found/not_applicable coverage record, not source silence as dissent. Actual PGmc spurnaną and PIE nasal-present ancestors are kick-family evidence, not an implement n-stem; NWGmc-only attestation, reconstruction warrants and unknown leveling date retained. Supplement (117): PGmc kick/trample infinitive in s-plus-stop cluster account; not implement n-stem.. Supplement (117): PIE be-kicking nasal-present weak stem; laryngeal position and syllabic r retained.. Supplement (270): PIE nasal-infixed strong present alternant; not implement noun or default preterite.. Supplement (117,269-270): Scoped source argument: spur-ringe-membership.
2212	staff	stæf	stæf;stábiz;stábaz	PGmc358-368;PNWGmc/PWGmc369;OE380-386;complete source indexes and body tables inspected				screened_no_applicable_lead			No equality to a selected cell inferred from current strings or a lexical-index entry.	No applicable named lead established within the completed relevance screen. This is a screen result, not a no_form_found/not_applicable coverage record, not source silence as dissent.
2213	start	styrtan	styrtan;stúrtijaną	PGmc358-368;PNWGmc/PWGmc369;OE380-386;complete source indexes and body tables inspected				screened_no_applicable_lead			No equality to a selected cell inferred from current strings or a lexical-index entry.	No applicable named lead established within the completed relevance screen. This is a screen result, not a no_form_found/not_applicable coverage record, not source silence as dissent.
2214	starve	steorfan	steorfan;stérbaną	PGmc358-368;PNWGmc/PWGmc369;OE380-386;complete source indexes and body tables inspected				screened_no_applicable_lead			No equality to a selected cell inferred from current strings or a lexical-index entry.	No applicable named lead established within the completed relevance screen. This is a screen result, not a no_form_found/not_applicable coverage record, not source silence as dissent.
2215	steal	stelan	stelan;stélaną;stelaną;stulanaz	PGmc358-368;PNWGmc/PWGmc369;OE380-386;complete source indexes and body tables inspected	p.366: *siuniz 130, 138, 247                               *stelaną 271 (princ. parts) || p.385: sċæfþ 117                                    stelan 271 (princ. parts)	p.271: stelan,stélaną,stelaną,stulanaz;p.272: stélaną,stelaną	271	relevant_consulted	evidence_found	ringe-complete-steal	No equality to a selected cell inferred from current strings or a lexical-index entry.	Actual consultation, not merely screen.
2216	stem	stefn	stefn;stámnaz;stámniz;stebnō;stibna	PGmc358-368;PNWGmc/PWGmc369;OE380-386;complete source indexes and body tables inspected	p.366: *setaz ~ *sitiz- 310                            *stebnō 137 || p.385: sāwan 159                                    stefn 138	p.137: stefn,stebnō,stibna		screened_lead_excluded			p137 stebnō voice, possibly stemn-, cites OE stefn voice; selected stem/stalk is not established as that etymon.	No applicable named lead established within the completed relevance screen. This is a screen result, not a no_form_found/not_applicable coverage record, not source silence as dissent.
2217	still	stillan	stillan;stéllijaną	PGmc358-368;PNWGmc/PWGmc369;OE380-386;complete source indexes and body tables inspected				screened_lead_excluded			p288 silāną be still is not identified as selected stillan.	No applicable named lead established within the completed relevance screen. This is a screen result, not a no_form_found/not_applicable coverage record, not source silence as dissent.
2218	stilt	-	stéltjōn	PGmc358-368;PNWGmc/PWGmc369;OE380-386;complete source indexes and body tables inspected				screened_no_applicable_lead			No equality to a selected cell inferred from current strings or a lexical-index entry.	No applicable named lead established within the completed relevance screen. This is a screen result, not a no_form_found/not_applicable coverage record, not source silence as dissent.
2219	stock	stocc	stocc;stúkkaz;stokkaz;stukkiją	PGmc358-368;PNWGmc/PWGmc369;OE380-386;complete source indexes and body tables inspected	p.369: *ﬂikkiją 139                               *stokkaz 139 || p.369: *ﬂokkaz 139                                *stukkiją 139 || p.385: sċieran 271 (princ. parts)                   stocc 139	p.139: stocc,stokkaz,stukkiją	139	relevant_consulted	evidence_found	ringe-complete-stock	No equality to a selected cell inferred from current strings or a lexical-index entry.	Actual consultation, not merely screen.
2220	stone	stān	stān;stáinaz;stainīnaz;stainagaz	PGmc358-368;PNWGmc/PWGmc369;OE380-386;complete source indexes and body tables inspected	p.366: *sibjō 250, 285                                     *stainaz 328 || p.366: *ga-sibjōną 285                                     *stainīnaz 326 || p.384: lǣ stan 284                                mōna, mōnaþ 224	p.159: stān;p.272: stān;p.295: stān;p.326: stainīnaz;p.326: stainagaz;p.328: stáinaz	326,328	relevant_consulted	evidence_found	ringe-complete-stone-derived;ringe-complete-stone-derived2;ringe-complete-stone-etymology	No equality to a selected cell inferred from current strings or a lexical-index entry.	Actual consultation, not merely screen.
2221	stool	stōl	stōl;stōlaz	PGmc358-368;PNWGmc/PWGmc369;OE380-386;complete source indexes and body tables inspected				screened_no_applicable_lead			No equality to a selected cell inferred from current strings or a lexical-index entry.	No applicable named lead established within the completed relevance screen. This is a screen result, not a no_form_found/not_applicable coverage record, not source silence as dissent.
2222	stork	storc	storc;stúrkaz	PGmc358-368;PNWGmc/PWGmc369;OE380-386;complete source indexes and body tables inspected				screened_no_applicable_lead			No equality to a selected cell inferred from current strings or a lexical-index entry.	No applicable named lead established within the completed relevance screen. This is a screen result, not a no_form_found/not_applicable coverage record, not source silence as dissent.
2223	storm	storm	storm;stúrmaz	PGmc358-368;PNWGmc/PWGmc369;OE380-386;complete source indexes and body tables inspected		p.258: storm		screened_lead_excluded			p258 OE ȳst storm is another noun, not selected storm/sturmaz. No same-etymon identity established.	No applicable named lead established within the completed relevance screen. This is a screen result, not a no_form_found/not_applicable coverage record, not source silence as dissent.
2224	straw	strēaw	strēaw;stráwą;straw-	PGmc358-368;PNWGmc/PWGmc369;OE380-386;complete source indexes and body tables inspected				screened_no_applicable_lead			No equality to a selected cell inferred from current strings or a lexical-index entry.	No applicable named lead established within the completed relevance screen. This is a screen result, not a no_form_found/not_applicable coverage record, not source silence as dissent.
2225	stream	strēam	strēam;stráumaz	PGmc358-368;PNWGmc/PWGmc369;OE380-386;complete source indexes and body tables inspected	p.366: *skapjaną 135, 250, 276 (princ. parts)              *straumaz 167 || p.385: sċīma 324                                    strēam 167	p.167: strēam,stráumaz	167	relevant_consulted	evidence_found	ringe-complete-stream	No equality to a selected cell inferred from current strings or a lexical-index entry.	Actual consultation, not merely screen.
2226	stretch	streċċan	streċċan;strákkijaną	PGmc358-368;PNWGmc/PWGmc369;OE380-386;complete source indexes and body tables inspected				screened_no_applicable_lead			No equality to a selected cell inferred from current strings or a lexical-index entry.	No applicable named lead established within the completed relevance screen. This is a screen result, not a no_form_found/not_applicable coverage record, not source silence as dissent.
2227	strew	strīeġan	strīeġan;stráwjaną;strawjaną	PGmc358-368;PNWGmc/PWGmc369;OE380-386;complete source indexes and body tables inspected			254	relevant_consulted	discussion_only	ringe-complete-strew-attestation	Source OE strong streġdan254 and selected strīeġan are different formations; source strong attestation is retained only as family evidence.	Actual consultation, not merely screen.
2228	string	strenġ	strenġ;strángiz	PGmc358-368;PNWGmc/PWGmc369;OE380-386;complete source indexes and body tables inspected				screened_no_applicable_lead			No equality to a selected cell inferred from current strings or a lexical-index entry.	No applicable named lead established within the completed relevance screen. This is a screen result, not a no_form_found/not_applicable coverage record, not source silence as dissent.
2229	stud	stōd	stōd;stōdą	PGmc358-368;PNWGmc/PWGmc369;OE380-386;complete source indexes and body tables inspected	p.366: *sinīgaz 316                                                 *stōd- 96, 218 || p.385: sand 121, 163, 170                           standan 277 (princ. parts); stōd, stōdon 96	p.96: stōd;p.218: stōd;p.277: stōd		screened_lead_excluded			pp96,218,277 stōd is stood verbal past, not selected stud stōd herd noun.	No applicable named lead established within the completed relevance screen. This is a screen result, not a no_form_found/not_applicable coverage record, not source silence as dissent.
2230	summer	sumer	sumer;súmaraz	PGmc358-368;PNWGmc/PWGmc369;OE380-386;complete source indexes and body tables inspected	p.366: *skattaz 139                                        *sumaraz 100	p.100: súmaraz	100	relevant_consulted	evidence_found	ringe-complete-summer	No equality to a selected cell inferred from current strings or a lexical-index entry.	Actual consultation, not merely screen.
2231	sun	sunne	sunne;súnnōn;sunnōn-;sōwul;suwen-;swen-	PGmc358-368;PNWGmc/PWGmc369;OE380-386;complete source indexes and body tables inspected	p.366: *sēmō 90, 92, 307, 325                          *sōwul 162, 309 || p.366: *skauniz 315                                        *sunnōn- 310 || p.385: þone 104, 114, 168                   sunne 310	p.162: sōwul;p.309: sōwul;p.310: súnnōn,sunnōn-;p.310: sunne,suwen-,swen-	162,309,310	relevant_consulted	evidence_found	ringe-complete-sun-collective;ringe-complete-sun-nstem;ringe-complete-sun-explicit	No equality to a selected cell inferred from current strings or a lexical-index entry.	Actual consultation, not merely screen.
2232	sunder	sundrian	sundrian;súndrōjaną	PGmc358-368;PNWGmc/PWGmc369;OE380-386;complete source indexes and body tables inspected				screened_no_applicable_lead			No equality to a selected cell inferred from current strings or a lexical-index entry.	No applicable named lead established within the completed relevance screen. This is a screen result, not a no_form_found/not_applicable coverage record, not source silence as dissent.
2233	sup	sūpan	sūpan;sūpaną	PGmc358-368;PNWGmc/PWGmc369;OE380-386;complete source indexes and body tables inspected	p.366: 255; *skalþ 217, 292; *skul- 212;          *sūpaną 254–5	p.254: sūpaną;p.255: sūpaną	254,255	relevant_consulted	evidence_found	ringe-system-sup	No equality to a selected cell inferred from current strings or a lexical-index entry.	Actual consultation, not merely screen.
2234	swallow	swealwe	swealwe;swálwōn	PGmc358-368;PNWGmc/PWGmc369;OE380-386;complete source indexes and body tables inspected				screened_no_applicable_lead			No equality to a selected cell inferred from current strings or a lexical-index entry.	No applicable named lead established within the completed relevance screen. This is a screen result, not a no_form_found/not_applicable coverage record, not source silence as dissent.
2235	swan	swanes	swanes;swánaz;swánas	PGmc358-368;PNWGmc/PWGmc369;OE380-386;complete source indexes and body tables inspected				screened_no_applicable_lead			No equality to a selected cell inferred from current strings or a lexical-index entry.	No applicable named lead established within the completed relevance screen. This is a screen result, not a no_form_found/not_applicable coverage record, not source silence as dissent.
2236	swell	swellan	swellan;swéllaną;swellaną	PGmc358-368;PNWGmc/PWGmc369;OE380-386;complete source indexes and body tables inspected	p.366: *snīwidi 129                                        *swellaną 99, 270	p.270: swéllaną,swellaną	270	relevant_consulted	evidence_found	ringe-complete-swell	No equality to a selected cell inferred from current strings or a lexical-index entry.	Actual consultation, not merely screen.
2237	swim	swimman	swimman;swímmaną;swimmaną	PGmc358-368;PNWGmc/PWGmc369;OE380-386;complete source indexes and body tables inspected	p.366: (parad.); *sōkijanþi 144, 156;             *swimmaną 269	p.269: swímmaną,swimmaną	269	relevant_consulted	evidence_found	ringe-complete-swim	No equality to a selected cell inferred from current strings or a lexical-index entry.	Actual consultation, not merely screen.
2238	swine	swīn	swīn;swī́ną;swḯną;swīną	PGmc358-368;PNWGmc/PWGmc369;OE380-386;complete source indexes and body tables inspected	p.366: *sōkīþi 136, 144, 156, 188;                *swīną 147 || p.386: swīn 147                                         wæcnan 135, 201, 277, 290	p.147: swīn,swī́ną,swḯną,swīną	147	relevant_consulted	evidence_found	ringe-complete-swine	No equality to a selected cell inferred from current strings or a lexical-index entry.	Actual consultation, not merely screen.
2239	sword	sweord	sweord;swérdą	PGmc358-368;PNWGmc/PWGmc369;OE380-386;complete source indexes and body tables inspected				screened_lead_excluded			Early Runic sword makija157 is not selected sweord.	No applicable named lead established within the completed relevance screen. This is a screen result, not a no_form_found/not_applicable coverage record, not source silence as dissent.
2240	tap	tæppa	tæppa;táppô	PGmc358-368;PNWGmc/PWGmc369;OE380-386;complete source indexes and body tables inspected				screened_no_applicable_lead			No equality to a selected cell inferred from current strings or a lexical-index entry.	No applicable named lead established within the completed relevance screen. This is a screen result, not a no_form_found/not_applicable coverage record, not source silence as dissent.
2241	team	tēam	tēam;táugmaz	PGmc358-368;PNWGmc/PWGmc369;OE380-386;complete source indexes and body tables inspected				screened_no_applicable_lead			No equality to a selected cell inferred from current strings or a lexical-index entry.	No applicable named lead established within the completed relevance screen. This is a screen result, not a no_form_found/not_applicable coverage record, not source silence as dissent.
2242	ten	tēon	tēon;téxun	PGmc358-368;PNWGmc/PWGmc369;OE380-386;complete source indexes and body tables inspected	p.367: *tehun 100, 105, 116, 165, 168, 243, 320          *þrīz 153, 156, 319 (parad.); *þri- 229, 320; || p.386: tēon 246, 268 (princ. parts)                     weaxan 213, 276 (princ. parts)	p.100: téxun;p.105: téxun;p.116: téxun;p.165: téxun;p.167: téxun;p.231: téxun;p.243: téxun;p.246: tēon;p.268: tēon;p.320: téxun	243,320	relevant_consulted	evidence_found	ringe-system-ten;ringe-complete-ten-cardinal	Corpus concept ten and texun prototype identify cardinal ten; OE tēon draw at246/268 is a homographic false lead.	Actual consultation, not merely screen.
2243	thane	þeġn	þeġn;θégnaz	PGmc358-368;PNWGmc/PWGmc369;OE380-386;complete source indexes and body tables inspected	p.367: *þegnaz 138, 140                                  *-urz (*-uraz?; r-stem gen. sg.) 308 || p.380: vaða 276 (princ. parts)                       þegn 138 || p.386: þeġn 138                                         willan: wile 294	p.138: þeġn,θégnaz;p.140: θégnaz	138	relevant_consulted	evidence_found	ringe-complete-thane	No equality to a selected cell inferred from current strings or a lexical-index entry.	Actual consultation, not merely screen.
2244	thanks	þanc	þanc;θánkaz	PGmc358-368;PNWGmc/PWGmc369;OE380-386;complete source indexes and body tables inspected	p.367: *þankaz 119                                       *unsaraz 323 || p.386: þanc 119                                         widuwe 121	p.119: þanc,θánkaz	119	relevant_consulted	evidence_found	ringe-complete-thanks	No equality to a selected cell inferred from current strings or a lexical-index entry.	Actual consultation, not merely screen.
2245	thatch	þæc	þæc;θáką	PGmc358-368;PNWGmc/PWGmc369;OE380-386;complete source indexes and body tables inspected				screened_no_applicable_lead			No equality to a selected cell inferred from current strings or a lexical-index entry.	No applicable named lead established within the completed relevance screen. This is a screen result, not a no_form_found/not_applicable coverage record, not source silence as dissent.
2246	thief	þēof	þēof;θéubaz	PGmc358-368;PNWGmc/PWGmc369;OE380-386;complete source indexes and body tables inspected				screened_no_applicable_lead			No equality to a selected cell inferred from current strings or a lexical-index entry.	No applicable named lead established within the completed relevance screen. This is a screen result, not a no_form_found/not_applicable coverage record, not source silence as dissent.
2247	thing	þing	þing;θíngą;þinhaz;þingiz-	PGmc358-368;PNWGmc/PWGmc369;OE380-386;complete source indexes and body tables inspected	p.367: *tawidun 193 fn. 40                       *þinhaz ~ *þingiz- 310 || p.380: vatn 309                                      þing 311 || p.386: þing 311                                         wlātian 286	p.311: þing,þinhaz,þingiz-	311	relevant_consulted	evidence_found	ringe-complete-thing-time;ringe-complete-thing-oblique;ringe-complete-thing-history	No equality to a selected cell inferred from current strings or a lexical-index entry.	Actual consultation, not merely screen.
2248	think	þenċan	þenċan;θánkijaną;þankijaną;þanhtē;þanhtaz	PGmc358-368;PNWGmc/PWGmc369;OE380-386;complete source indexes and body tables inspected	p.367: *þankijaną 119, 136, 207, 281 (princ. parts);     *unnaną 291 (princ. parts); *ann 179 || p.367: *þanhtaz 136, 174                         *uns 125, 142, 235, 322 (parad.); *unsiz 235 || p.386: þenċan 119, 136, 281 (princ. parts);             wind 95, 174	p.119: θánkijaną,þankijaną;p.119: þenċan;p.136: þenċan,θánkijaną,þankijaną,þanhtaz;p.174: þanhtaz;p.207: θánkijaną,þankijaną;p.281: þenċan,θánkijaną,þankijaną,þanhtē,þanhtaz	136	relevant_consulted	evidence_found	ringe-complete-think;ringe-complete-thought-participle	No equality to a selected cell inferred from current strings or a lexical-index entry.	Actual consultation, not merely screen.
2249	thirst	þurst	þurst;θúrstuz	PGmc358-368;PNWGmc/PWGmc369;OE380-386;complete source indexes and body tables inspected			145	relevant_consulted	evidence_found	ringe-complete-thirst-family	þurzijaną145 is dry-out/thirst verb family evidence, not the selected tu-stem thirst noun.	Actual consultation, not merely screen.
2250	thistle	þistles	þistles;θéstilaz;θístilas	PGmc358-368;PNWGmc/PWGmc369;OE380-386;complete source indexes and body tables inspected				screened_no_applicable_lead			No equality to a selected cell inferred from current strings or a lexical-index entry.	No applicable named lead established within the completed relevance screen. This is a screen result, not a no_form_found/not_applicable coverage record, not source silence as dissent.
2251	thorn	þorn	þorn;θúrnaz	PGmc358-368;PNWGmc/PWGmc369;OE380-386;complete source indexes and body tables inspected				screened_no_applicable_lead			No equality to a selected cell inferred from current strings or a lexical-index entry.	No applicable named lead established within the completed relevance screen. This is a screen result, not a no_form_found/not_applicable coverage record, not source silence as dissent.
2252	thousand	þūsend	þūsend;θūs-undī;θūs-èndi;þūsundī	PGmc358-368;PNWGmc/PWGmc369;OE380-386;complete source indexes and body tables inspected	p.367: *Tīwaz 152                                        *þūsundī 231, 320	p.231: þūsundī;p.320: þūsundī	231	relevant_consulted	evidence_found	ringe-complete-thousand	No equality to a selected cell inferred from current strings or a lexical-index entry.	Actual consultation, not merely screen.
2253	thrash	þresċan	þresċan;θréskaną;þreskaną;þerscan	PGmc358-368;PNWGmc/PWGmc369;OE380-386;complete source indexes and body tables inspected	p.367: *tehswaz 108                                      *þreskaną 254, 271 (princ. parts) || p.386: þerscan 271 (princ. parts)                       wiþercora 246	p.254: θréskaną,þreskaną;p.271: θréskaną,þreskaną,þerscan	254,271	relevant_consulted	evidence_found	ringe-system-thrash;ringe-complete-thrash	No equality to a selected cell inferred from current strings or a lexical-index entry.	Actual consultation, not merely screen.
2254	three	þrīe	þrīe;θréjez;þrīz;þrinz;þrijō;þrijǭ;þrijǭ̄	PGmc358-368;PNWGmc/PWGmc369;OE380-386;complete source indexes and body tables inspected	p.367: *tehun 100, 105, 116, 165, 168, 243, 320          *þrīz 153, 156, 319 (parad.); *þri- 229, 320; || p.367: *tehundō 320                                          *þrinz 115 || p.386: þrīe 153, 156                                    wull 88, 101, 165, 172, 242; wulle (acc.) 104,	p.115: þrinz;p.153: þrīe,þrīz;p.156: þrīe,þrīz;p.319: þrīz,þrinz,þrijō,þrijǭ,þrijǭ̄;p.320: þrīz	151,152,153,154,155,156,319	relevant_consulted	evidence_found	three-ringe-pgmc;raising-ringe-high-front;ringe-complete-three;ringe-complete-three-acc;ringe-complete-three-neut;ringe-complete-three-table-nom	No equality to a selected cell inferred from current strings or a lexical-index entry.	Actual consultation, not merely screen.
2255	thunder	þunor	þunor;θúnraz	PGmc358-368;PNWGmc/PWGmc369;OE380-386;complete source indexes and body tables inspected				screened_no_applicable_lead			No equality to a selected cell inferred from current strings or a lexical-index entry.	No applicable named lead established within the completed relevance screen. This is a screen result, not a no_form_found/not_applicable coverage record, not source silence as dissent.
2256	tick	ticca	ticca;tíkkô	PGmc358-368;PNWGmc/PWGmc369;OE380-386;complete source indexes and body tables inspected				screened_no_applicable_lead			No equality to a selected cell inferred from current strings or a lexical-index entry.	No applicable named lead established within the completed relevance screen. This is a screen result, not a no_form_found/not_applicable coverage record, not source silence as dissent.
2257	tide	tīd	tīd;tī́diz;tḯdiz	PGmc358-368;PNWGmc/PWGmc369;OE380-386;complete source indexes and body tables inspected				screened_no_applicable_lead			No equality to a selected cell inferred from current strings or a lexical-index entry.	No applicable named lead established within the completed relevance screen. This is a screen result, not a no_form_found/not_applicable coverage record, not source silence as dissent.
2258	timber	timber	timber;tímrą;tímbrą;timrijaną;timbran;timr-	PGmc358-368;PNWGmc/PWGmc369;OE380-386;complete source indexes and body tables inspected	p.367: *timrijaną 250                                       *þurzijaną 145 || p.380: timbra 250                                    vita ‘know’ 290 (princ. parts); veit 178 || p.386: timbran 250                                      weċġan 283	p.250: tímbrą,timrijaną,timbran	250	relevant_consulted	evidence_found	ringe-complete-timber-build	Source build verb timrijaną is a family lead, not a selected timber noun quotation.	Actual consultation, not merely screen.
2259	toe	tā	tā;táixōn	PGmc358-368;PNWGmc/PWGmc369;OE380-386;complete source indexes and body tables inspected				screened_no_applicable_lead			No equality to a selected cell inferred from current strings or a lexical-index entry.	No applicable named lead established within the completed relevance screen. This is a screen result, not a no_form_found/not_applicable coverage record, not source silence as dissent.
2260	token	tācn	tācn;táikną	PGmc358-368;PNWGmc/PWGmc369;OE380-386;complete source indexes and body tables inspected				screened_no_applicable_lead			No equality to a selected cell inferred from current strings or a lexical-index entry.	No applicable named lead established within the completed relevance screen. This is a screen result, not a no_form_found/not_applicable coverage record, not source silence as dissent.
2261	tongs	tang	tang;tángō	PGmc358-368;PNWGmc/PWGmc369;OE380-386;complete source indexes and body tables inspected				screened_no_applicable_lead			No equality to a selected cell inferred from current strings or a lexical-index entry.	No applicable named lead established within the completed relevance screen. This is a screen result, not a no_form_found/not_applicable coverage record, not source silence as dissent.
2262	tongue	tunge	tunge;túngōn	PGmc358-368;PNWGmc/PWGmc369;OE380-386;complete source indexes and body tables inspected	p.367: *tungōn- 100, 110, 112, 118, 308, 312–13          *ubilaz 96, 317 (partial parad.) || p.386: tunge 100, 110, 112, 118                         wer 73, 97	p.100: tunge,túngōn;p.110: tunge,túngōn;p.112: tunge,túngōn;p.118: tunge,túngōn;p.308: túngōn	118,312	relevant_consulted	evidence_found	ringe-complete-tongue;ringe-complete-tongue-gen	No equality to a selected cell inferred from current strings or a lexical-index entry.	Actual consultation, not merely screen.
2263	town	tūn	tūn;tūną	PGmc358-368;PNWGmc/PWGmc369;OE380-386;complete source indexes and body tables inspected	p.367: *tūną 328                                         *uhsō 108, 116, 149; *uhsin-, *uhsn- 149, 307	p.328: tūną	328	relevant_consulted	evidence_found	ringe-complete-town-loan-lead	No equality to a selected cell inferred from current strings or a lexical-index entry.	Actual consultation, not merely screen.
2264	tread	tredan	tredan;trédaną;trudaną;treden	PGmc358-368;PNWGmc/PWGmc369;OE380-386;complete source indexes and body tables inspected	p.367: *trudaną 208, 274                                 *ub 125, 141 || p.386: tredan 274 (princ. parts)                        weorþan 116, 181, 270 (princ. parts);	p.208: trudaną;p.274: trudaną;p.274: tredan,treden;p.274: treden	274	relevant_consulted	evidence_found	ringe-complete-tread	No equality to a selected cell inferred from current strings or a lexical-index entry.	Actual consultation, not merely screen.
2265	trough	trog	trog;trúgą	PGmc358-368;PNWGmc/PWGmc369;OE380-386;complete source indexes and body tables inspected		p.223: trog		screened_lead_excluded			Navigation trog/Griepentrog or other text strings do not identify the selected trough noun.	No applicable named lead established within the completed relevance screen. This is a screen result, not a no_form_found/not_applicable coverage record, not source silence as dissent.
2266	wade	wadan	wadan;wádaną	PGmc358-368;PNWGmc/PWGmc369;OE380-386;complete source indexes and body tables inspected	p.368: *wadaną 212, 276 (princ. parts)                  *windaną, *wandijaną 283 || p.386: swift 260                                        wadan 276 (princ. parts)	p.276: wadan,wádaną	276	relevant_consulted	evidence_found	ringe-complete-wade	No equality to a selected cell inferred from current strings or a lexical-index entry.	Actual consultation, not merely screen.
2267	wain	wæġn	wæġn;wágnaz	PGmc358-368;PNWGmc/PWGmc369;OE380-386;complete source indexes and body tables inspected				screened_no_applicable_lead			No equality to a selected cell inferred from current strings or a lexical-index entry.	No applicable named lead established within the completed relevance screen. This is a screen result, not a no_form_found/not_applicable coverage record, not source silence as dissent.
2268	wake	wacan	wacan;wakēną;wákaną;wakāną;waknō-;wakna-;wacian;wæcnan;wakjaną	PGmc358-368;PNWGmc/PWGmc369;OE380-386;complete source indexes and body tables inspected	p.368: *wakāną ~ *wakja- 258, 282, 288, 290             *witaną 193, 247, 290–1 (princ. parts); || p.368: *wakjaną 135, 131 fn. 19, 258, 282 (princ.             *wait (3sg.) 106, 119, 141, 169, || p.368: *waknō- ~ *wakna- 135, 258, 277, 288, 290              *witum 141 || p.386: swēte 91, 119                                    wacian 288 || p.386: swīn 147                                         wæcnan 135, 201, 277, 290	p.131: wakjaną;p.135: waknō-,wakna-,wæcnan,wakjaną;p.201: wæcnan;p.258: waknō-,wakna-,wakjaną;p.277: wæcnan;p.282: wakjaną;p.288: wákaną,wakāną,wacian,wakjaną;p.290: wákaną,wakāną,waknō-,wakna-,wæcnan,wakjaną	135,288	relevant_consulted	evidence_found	ringe-complete-wake-no;ringe-complete-wake-na;ringe-complete-wake-causative;ringe-complete-wake-stative	Selected wacan is not simply wæcnan fientive, weċċan causative or wacian stative; family cells are kept separate.	Actual consultation, not merely screen.
2269	warp	wearp	wearp;wárpą	PGmc358-368;PNWGmc/PWGmc369;OE380-386;complete source indexes and body tables inspected				screened_no_applicable_lead			No equality to a selected cell inferred from current strings or a lexical-index entry.	No applicable named lead established within the completed relevance screen. This is a screen result, not a no_form_found/not_applicable coverage record, not source silence as dissent.
2270	warp	weorpan	weorpan;wérpaną	PGmc358-368;PNWGmc/PWGmc369;OE380-386;complete source indexes and body tables inspected	p.368: *werpaną 140, 252 (princ. parts)                 *wrōgijaną 284 || p.386: tōþ 88, 118, 222                                 weorpan 140	p.140: weorpan,wérpaną;p.252: wérpaną	140,252	relevant_consulted	evidence_found	ringe-system-warp-1;ringe-system-warp-2;ringe-system-warp-3;ringe-system-warp-4;ringe-complete-warp	No equality to a selected cell inferred from current strings or a lexical-index entry.	Actual consultation, not merely screen.
2271	wart	wearte	wearte;wártōn	PGmc358-368;PNWGmc/PWGmc369;OE380-386;complete source indexes and body tables inspected				screened_no_applicable_lead			No equality to a selected cell inferred from current strings or a lexical-index entry.	No applicable named lead established within the completed relevance screen. This is a screen result, not a no_form_found/not_applicable coverage record, not source silence as dissent.
2272	wash	wascan	wascan;wáskaną	PGmc358-368;PNWGmc/PWGmc369;OE380-386;complete source indexes and body tables inspected				screened_no_applicable_lead			No equality to a selected cell inferred from current strings or a lexical-index entry.	No applicable named lead established within the completed relevance screen. This is a screen result, not a no_form_found/not_applicable coverage record, not source silence as dissent.
2273	wasp	wæfs	wæfs;wábsaz	PGmc358-368;PNWGmc/PWGmc369;OE380-386;complete source indexes and body tables inspected	p.386: swipe, swipor 260                                wæfs 134	p.134: wæfs	134	relevant_consulted	evidence_found	ringe-complete-wasp	No equality to a selected cell inferred from current strings or a lexical-index entry.	Actual consultation, not merely screen.
2274	water	wæter	wæter;wátną;wátōr;watōr;watiniz;watinz;watini;watn-;watar	PGmc358-368;PNWGmc/PWGmc369;OE380-386;complete source indexes and body tables inspected	p.368: *watōr, *watin(i)z, *watini, *watn- 308–9        *wītaną ‘look after’, *witāną 289 || p.369: *hari, *haritogō 246                       *watar 309 || p.386: wæter 309	p.309: wæter,wátōr,watōr,watiniz,watinz,watini,watar	56,57,147,162,221,222,309	relevant_consulted	evidence_found	ringe-complete-water;ringe-complete-water-gen;ringe-complete-water-gen-alt;ringe-complete-water-dat;ringe-complete-water-west;ringe-complete-water-fire-collective	No equality to a selected cell inferred from current strings or a lexical-index entry.	Actual consultation, not merely screen.
2275	wax	weax	weax;wáxsą	PGmc358-368;PNWGmc/PWGmc369;OE380-386;complete source indexes and body tables inspected				screened_no_applicable_lead			No equality to a selected cell inferred from current strings or a lexical-index entry.	No applicable named lead established within the completed relevance screen. This is a screen result, not a no_form_found/not_applicable coverage record, not source silence as dissent.
2276	wax	weaxan	weaxan;wáxsaną;wahsijaną;wahsanaz	PGmc358-368;PNWGmc/PWGmc369;OE380-386;complete source indexes and body tables inspected	p.368: *wahsijaną 134, 213, 276 (princ. parts)          *wiraz 97 || p.386: tēon 246, 268 (princ. parts)                     weaxan 213, 276 (princ. parts)	p.134: wahsijaną;p.213: weaxan,wáxsaną,wahsijaną;p.276: weaxan,wahsijaną,wahsanaz	213	relevant_consulted	evidence_found	ringe-complete-grow	No equality to a selected cell inferred from current strings or a lexical-index entry.	Actual consultation, not merely screen.
2277	way	weġ	weġ;wégaz	PGmc358-368;PNWGmc/PWGmc369;OE380-386;complete source indexes and body tables inspected	p.368: *weganą 249, 283; *wag, *weganaz, *wēg-          *wrekaną 211, 274 (princ. parts), 283;	p.134: weġ;p.135: weġ;p.211: weġ;p.213: weġ		screened_lead_excluded			PIE moving/growing roots and verb weganą are not a body quotation of selected nominal way wegaz; no nominal identity asserted from current strings.	No applicable named lead established within the completed relevance screen. This is a screen result, not a no_form_found/not_applicable coverage record, not source silence as dissent.
2278	weapon	wǣpn	wǣpn;wḗpną	PGmc358-368;PNWGmc/PWGmc369;OE380-386;complete source indexes and body tables inspected	p.368: *wēpną 139                                       *wurstwą 329	p.139: wḗpną	139	relevant_consulted	evidence_found	ringe-complete-weapon	No equality to a selected cell inferred from current strings or a lexical-index entry.	Actual consultation, not merely screen.
2279	weasel	wesle	wesle;wéslōn	PGmc358-368;PNWGmc/PWGmc369;OE380-386;complete source indexes and body tables inspected				screened_no_applicable_lead			No equality to a selected cell inferred from current strings or a lexical-index entry.	No applicable named lead established within the completed relevance screen. This is a screen result, not a no_form_found/not_applicable coverage record, not source silence as dissent.
2280	weather	weder	weder;wédrą	PGmc358-368;PNWGmc/PWGmc369;OE380-386;complete source indexes and body tables inspected				screened_no_applicable_lead			No equality to a selected cell inferred from current strings or a lexical-index entry.	No applicable named lead established within the completed relevance screen. This is a screen result, not a no_form_found/not_applicable coverage record, not source silence as dissent.
2281	weave	wefan	wefan;wébaną	PGmc358-368;PNWGmc/PWGmc369;OE380-386;complete source indexes and body tables inspected	p.368: *webaną 121, 134                                 *wlītaną, *wlaitōną 286 || p.386: Tīw, Tīwesdæġ 152                                wefan 121, 134	p.121: wefan,wébaną;p.134: wefan,wébaną	121	relevant_consulted	evidence_found	ringe-complete-weave	No equality to a selected cell inferred from current strings or a lexical-index entry.	Actual consultation, not merely screen.
2282	west	westene	westene;wéstanē	PGmc358-368;PNWGmc/PWGmc369;OE380-386;complete source indexes and body tables inspected				screened_no_applicable_lead			No equality to a selected cell inferred from current strings or a lexical-index entry.	No applicable named lead established within the completed relevance screen. This is a screen result, not a no_form_found/not_applicable coverage record, not source silence as dissent.
2283	wether	weþer	weþer;wíθrą	PGmc358-368;PNWGmc/PWGmc369;OE380-386;complete source indexes and body tables inspected				screened_no_applicable_lead			No equality to a selected cell inferred from current strings or a lexical-index entry.	No applicable named lead established within the completed relevance screen. This is a screen result, not a no_form_found/not_applicable coverage record, not source silence as dissent.
2284	whale	hwæl	hwæl;wálaz;xwálaz	PGmc358-368;PNWGmc/PWGmc369;OE380-386;complete source indexes and body tables inspected				screened_no_applicable_lead			No equality to a selected cell inferred from current strings or a lexical-index entry.	No applicable named lead established within the completed relevance screen. This is a screen result, not a no_form_found/not_applicable coverage record, not source silence as dissent.
2285	while	hwīl	hwīl;xwī́lō;xwḯlō	PGmc358-368;PNWGmc/PWGmc369;OE380-386;complete source indexes and body tables inspected	p.362: *hlahjaną 207, 245, 258, 276 (princ. parts) 282   *hwīlō 97 || p.384: hwīl 97                                     lustsumliċ 327	p.97: hwīl,xwī́lō,xwḯlō	97	relevant_consulted	evidence_found	ringe-complete-while	No equality to a selected cell inferred from current strings or a lexical-index entry.	Actual consultation, not merely screen.
2286	whine	hwīnan	hwīnan;wainōjaną;xwḯnaną	PGmc358-368;PNWGmc/PWGmc369;OE380-386;complete source indexes and body tables inspected				screened_no_applicable_lead			No equality to a selected cell inferred from current strings or a lexical-index entry.	No applicable named lead established within the completed relevance screen. This is a screen result, not a no_form_found/not_applicable coverage record, not source silence as dissent.
2287	whore	hōre	hōre;xōrōn	PGmc358-368;PNWGmc/PWGmc369;OE380-386;complete source indexes and body tables inspected				screened_no_applicable_lead			No equality to a selected cell inferred from current strings or a lexical-index entry.	No applicable named lead established within the completed relevance screen. This is a screen result, not a no_form_found/not_applicable coverage record, not source silence as dissent.
2288	widow	wuduwe	wuduwe;wíduwōn;widuwōn-;widuwe	PGmc358-368;PNWGmc/PWGmc369;OE380-386;complete source indexes and body tables inspected	p.368: *widuwōn- 121, 302 || p.386: þanc 119                                         widuwe 121	p.121: wíduwōn,widuwōn-,widuwe	121	relevant_consulted	evidence_found	ringe-complete-widow	No equality to a selected cell inferred from current strings or a lexical-index entry.	Actual consultation, not merely screen.
2289	wield	wealdan	wealdan;wáldaną	PGmc358-368;PNWGmc/PWGmc369;OE380-386;complete source indexes and body tables inspected				screened_no_applicable_lead			No equality to a selected cell inferred from current strings or a lexical-index entry.	No applicable named lead established within the completed relevance screen. This is a screen result, not a no_form_found/not_applicable coverage record, not source silence as dissent.
2290	wife	wīf	wīf;wī́bą;wḯbą	PGmc358-368;PNWGmc/PWGmc369;OE380-386;complete source indexes and body tables inspected				screened_lead_excluded			Wife kwēniz90/119 is woman/queen's etymon, not selected wīf.	No applicable named lead established within the completed relevance screen. This is a screen result, not a no_form_found/not_applicable coverage record, not source silence as dissent.
2291	wight	wiht	wiht;wéxtiz	PGmc358-368;PNWGmc/PWGmc369;OE380-386;complete source indexes and body tables inspected				screened_no_applicable_lead			No equality to a selected cell inferred from current strings or a lexical-index entry.	No applicable named lead established within the completed relevance screen. This is a screen result, not a no_form_found/not_applicable coverage record, not source silence as dissent.
2292	will	willan	willan;wéljaną;wiljaną;wilī-;wel-d-;wile;wulaną	PGmc358-368;PNWGmc/PWGmc369;OE380-386;complete source indexes and body tables inspected	p.368: (parad.); *frawerþaną 245, 282;          *wulaną 208, 255 fn. 6, 272 || p.368: *wiljaną 283, 294 (partial parad.); *wilī -      0̷ (a-stem voc. sg.) 141 || p.386: þeġn 138                                         willan: wile 294	p.208: wulaną;p.255: wulaną;p.272: wulaną;p.283: wiljaną;p.294: wilī-;p.294: wiljaną,wel-d-;p.294: wile	219,294	relevant_consulted	evidence_found	ringe-complete-will-verb;ringe-complete-will-optative	Boiling wulaną is neither will verb nor will noun; accepted wiljaną/wilī- passages219/294 control review.	Actual consultation, not merely screen.
2293	will	willa	willa;wéljô;wiljaną;wilī-;wulaną	PGmc358-368;PNWGmc/PWGmc369;OE380-386;complete source indexes and body tables inspected	p.368: (parad.); *frawerþaną 245, 282;          *wulaną 208, 255 fn. 6, 272 || p.368: *wiljaną 283, 294 (partial parad.); *wilī -      0̷ (a-stem voc. sg.) 141	p.208: wulaną;p.255: wulaną;p.272: wulaną;p.283: wiljaną;p.294: wilī-;p.294: wiljaną	219	relevant_consulted	evidence_found	ringe-complete-will-optative	Will noun has only verbal family evidence, not a quoted nominal citation; boiling wulaną excluded.	Actual consultation, not merely screen.
2294	wind	windan	windan;wíndaną	PGmc358-368;PNWGmc/PWGmc369;OE380-386;complete source indexes and body tables inspected	p.368: *wadaną 212, 276 (princ. parts)                  *windaną, *wandijaną 283	p.283: wíndaną	283	relevant_consulted	evidence_found	ringe-complete-wind-causative	Windaz wind noun is not selected windan winding verb; retain only actual related causative lead.	Actual consultation, not merely screen.
2295	winter	winter	winter;wíntruz	PGmc358-368;PNWGmc/PWGmc369;OE380-386;complete source indexes and body tables inspected				screened_no_applicable_lead			No equality to a selected cell inferred from current strings or a lexical-index entry.	No applicable named lead established within the completed relevance screen. This is a screen result, not a no_form_found/not_applicable coverage record, not source silence as dissent.
2296	withy	wīþiġ	wīþiġ;wáiθiz;wḯθagą	PGmc358-368;PNWGmc/PWGmc369;OE380-386;complete source indexes and body tables inspected				screened_lead_excluded			p138 Greek withy lugos is a proposed comparator for lock of hair, not selected wīþiġ.	No applicable named lead established within the completed relevance screen. This is a screen result, not a no_form_found/not_applicable coverage record, not source silence as dissent.
2297	wold	weald	weald;wálθuz	PGmc358-368;PNWGmc/PWGmc369;OE380-386;complete source indexes and body tables inspected				screened_no_applicable_lead			No equality to a selected cell inferred from current strings or a lexical-index entry.	No applicable named lead established within the completed relevance screen. This is a screen result, not a no_form_found/not_applicable coverage record, not source silence as dissent.
2298	wolf	wulf	wulf;wúlfaz	PGmc358-368;PNWGmc/PWGmc369;OE380-386;complete source indexes and body tables inspected	p.368: *warþ 181, 209; *wurd- 209               *wulfaz 100; *wulf (voc. sg.) 141; || p.386: þone etc., see sē                                wulf 100; wulf (acc. sg.) 104	p.100: wulf,wúlfaz;p.104: wulf;p.132: wúlfaz;p.140: wúlfaz;p.141: wulf	140	relevant_consulted	evidence_found	ringe-complete-wolf	No equality to a selected cell inferred from current strings or a lexical-index entry.	Actual consultation, not merely screen.
2299	wonder	wundor	wundor;wúndrą	PGmc358-368;PNWGmc/PWGmc369;OE380-386;complete source indexes and body tables inspected				screened_no_applicable_lead			No equality to a selected cell inferred from current strings or a lexical-index entry.	No applicable named lead established within the completed relevance screen. This is a screen result, not a no_form_found/not_applicable coverage record, not source silence as dissent.
2300	wool	wull	wull;wúllō;wullō;wullǭ;wulle	PGmc358-368;PNWGmc/PWGmc369;OE380-386;complete source indexes and body tables inspected	p.368: *frawardidedun 193;                      *wullō 88, 101, 165, 172, 242; *wullǭ 104, || p.386: þrīe 153, 156                                    wull 88, 101, 165, 172, 242; wulle (acc.) 104,	p.88: wull,wúllō,wullō,wullǭ;p.101: wull,wúllō,wullō,wullǭ;p.104: wúllō,wullō,wullǭ,wulle;p.165: wull,wúllō,wullō,wullǭ;p.172: wull,wúllō,wullō,wullǭ;p.172: wúllō,wullō,wullǭ,wulle;p.242: wull,wúllō,wullō,wullǭ;p.243: wúllō,wullō,wullǭ,wulle	172,242,243	relevant_consulted	evidence_found	ringe-system-wool-nom;ringe-system-wool-acc;ringe-complete-wool-nom;ringe-complete-wool-acc	Selected wool nominative differs from authorial accusative wullǭ.	Actual consultation, not merely screen.
2301	word	word	word;wúrdą	PGmc358-368;PNWGmc/PWGmc369;OE380-386;complete source indexes and body tables inspected	p.368: *frawardidun 193;                        *wurdą 100, 123 || p.386: þolian 288                                       word 101, 123	p.87: word;p.88: word;p.89: word;p.90: word;p.91: word;p.92: word;p.93: word;p.94: word;p.95: word;p.96: word;p.98: word;p.99: word;p.100: word;p.101: word,wúrdą;p.101: word;p.102: word;p.104: word;p.105: word;p.106: word;p.107: word;p.108: word;p.110: word;p.111: word;p.112: word;p.114: word;p.115: word;p.116: word;p.118: word;p.120: word;p.122: word;p.123: word,wúrdą;p.124: word;p.125: word;p.126: word;p.127: word;p.128: word;p.130: word;p.131: word;p.132: word;p.133: word;p.134: word;p.138: word;p.139: word;p.141: word;p.142: word;p.143: word;p.146: word;p.147: word;p.150: word;p.152: word;p.153: word;p.154: word;p.158: word;p.160: word;p.162: word;p.163: word;p.166: word;p.167: word;p.169: word;p.171: word;p.173: word;p.175: word;p.184: word;p.193: word;p.201: word;p.207: word;p.209: word;p.218: word;p.223: word;p.229: word;p.230: word;p.231: word;p.235: word;p.240: word;p.242: word;p.243: word;p.244: word;p.245: word;p.247: word;p.249: word;p.251: word;p.254: word;p.256: word;p.260: word;p.264: word;p.265: word;p.267: word;p.279: word;p.300: word;p.302: word;p.303: word;p.304: word;p.305: word;p.306: word;p.309: word;p.310: word;p.315: word;p.319: word;p.323: word;p.325: word;p.327: word;p.328: word	123	relevant_consulted	evidence_found	ringe-complete-word	Ordinary English word generates false hits; actual PGmc wurdą passage123 controls identity.	Actual consultation, not merely screen.
2302	world	weorold	weorold;wíra-àldiz;wír-àldu;wiraz;aldaz;wer;old	PGmc358-368;PNWGmc/PWGmc369;OE380-386;complete source indexes and body tables inspected	p.358: *-aga- (adj.-forming sufﬁx) 326                        *aldaz, *alþizō̄, *alþistaz 317 || p.368: *wahsijaną 134, 213, 276 (princ. parts)          *wiraz 97 || p.380: togna 246                                     vætur (Old Swedish) 309 || p.380: troð 257                                      væxa (Old Swedish) 213 || p.380: vexa (Old Norwegian) 213, 276                 -0̷ (i-stem dat. sg.) 305 || p.380: 3. Old English. || p.386: tunge 100, 110, 112, 118                         wer 73, 97	p.89: old;p.91: old;p.97: old;p.97: wiraz,wer;p.100: old;p.103: old;p.105: old;p.108: old;p.109: old;p.110: old;p.112: old;p.118: old;p.119: old;p.126: old;p.129: old;p.134: old;p.164: old;p.168: old;p.170: old;p.173: old;p.177: old;p.178: old;p.179: old;p.180: old;p.184: old;p.185: old;p.191: old;p.200: old;p.201: old;p.206: old;p.213: old;p.214: old;p.215: old;p.218: old;p.219: old;p.224: old;p.225: old;p.229: old;p.231: old;p.233: old;p.236: old;p.240: old;p.253: old;p.255: old;p.263: old;p.267: old;p.272: old;p.273: old;p.275: old;p.277: old;p.278: old;p.287: old;p.292: old;p.294: old;p.295: old;p.299: old;p.300: old;p.302: old;p.304: old;p.305: old;p.308: old;p.309: old;p.312: old;p.315: old;p.316: old;p.317: old;p.317: aldaz;p.318: old;p.325: old;p.328: old	97,317	relevant_consulted	evidence_found	ringe-complete-world-component;ringe-complete-world-old-component	Ordinary old and person words generate false hits; only identified component leads wiraz97 and probable aldaz317 are recorded.	Actual consultation, not merely screen.
2303	worm	wyrm	wyrm;wúrmiz	PGmc358-368;PNWGmc/PWGmc369;OE380-386;complete source indexes and body tables inspected	p.368: *wēï- ~ *wēa- 159                        *wurmiz 101 || p.386: þyrred 145                                       wyrm 101	p.101: wyrm,wúrmiz	101	relevant_consulted	evidence_found	ringe-complete-worm	No equality to a selected cell inferred from current strings or a lexical-index entry.	Actual consultation, not merely screen.
2304	wring	wringan	wringan;wrínganą	PGmc358-368;PNWGmc/PWGmc369;OE380-386;complete source indexes and body tables inspected				screened_no_applicable_lead			No equality to a selected cell inferred from current strings or a lexical-index entry.	No applicable named lead established within the completed relevance screen. This is a screen result, not a no_form_found/not_applicable coverage record, not source silence as dissent.
2305	yarn	ġearn	ġearn;gárną	PGmc358-368;PNWGmc/PWGmc369;OE380-386;complete source indexes and body tables inspected				screened_no_applicable_lead			No equality to a selected cell inferred from current strings or a lexical-index entry.	No applicable named lead established within the completed relevance screen. This is a screen result, not a no_form_found/not_applicable coverage record, not source silence as dissent.
2306	year	ġēar	ġēar;jḗrą	PGmc358-368;PNWGmc/PWGmc369;OE380-386;complete source indexes and body tables inspected				screened_lead_excluded			Year aþnaz137 is a different formation and Gothic lexeme, not selected ġēar.	No applicable named lead established within the completed relevance screen. This is a screen result, not a no_form_found/not_applicable coverage record, not source silence as dissent.
2307	yoke	ġeoc	ġeoc;júką	PGmc358-368;PNWGmc/PWGmc369;OE380-386;complete source indexes and body tables inspected	p.363: *juką 104, 109, 119, 153, 312 (parad.)               *laizijanþi, *laizīþi 252 *liznō- ~ || p.383: ġeoc 104, 109, 119, 153                   hīehþu 326	p.104: ġeoc,júką;p.109: ġeoc,júką;p.119: ġeoc,júką;p.153: ġeoc,júką;p.312: júką	119	relevant_consulted	evidence_found	ringe-complete-yoke	No equality to a selected cell inferred from current strings or a lexical-index entry.	Actual consultation, not merely screen.
2308	youth	ġeoguþ	ġeoguþ;júgunθiz;júgunθ	PGmc358-368;PNWGmc/PWGmc369;OE380-386;complete source indexes and body tables inspected				screened_no_applicable_lead			No equality to a selected cell inferred from current strings or a lexical-index entry.	No applicable named lead established within the completed relevance screen. This is a screen result, not a no_form_found/not_applicable coverage record, not source silence as dissent.
2309	make (iptv.2sg)	maca	maca;makōną;mákô	PGmc358-368;PNWGmc/PWGmc369;OE380-386;complete source indexes and body tables inspected				screened_lead_excluded			Make synonyms skapjaną/tawjaną/do do not establish selected macian imperative.	No applicable named lead established within the completed relevance screen. This is a screen result, not a no_form_found/not_applicable coverage record, not source silence as dissent.
2310	make (3sg)	macaþ	macaþ;makōną;mákōθi	PGmc358-368;PNWGmc/PWGmc369;OE380-386;complete source indexes and body tables inspected				screened_lead_excluded			Make synonyms skapjaną/tawjaną/do do not establish selected macian third singular.	No applicable named lead established within the completed relevance screen. This is a screen result, not a no_form_found/not_applicable coverage record, not source silence as dissent.
2311	bore (iptv.2sg)	bora	bora;burōną;búrô	PGmc358-368;PNWGmc/PWGmc369;OE380-386;complete source indexes and body tables inspected				screened_no_applicable_lead			No equality to a selected cell inferred from current strings or a lexical-index entry.	No applicable named lead established within the completed relevance screen. This is a screen result, not a no_form_found/not_applicable coverage record, not source silence as dissent.
2312	bore (3sg)	boraþ	boraþ;burōną;búrōθi	PGmc358-368;PNWGmc/PWGmc369;OE380-386;complete source indexes and body tables inspected				screened_no_applicable_lead			No equality to a selected cell inferred from current strings or a lexical-index entry.	No applicable named lead established within the completed relevance screen. This is a screen result, not a no_form_found/not_applicable coverage record, not source silence as dissent.
2313	learn (iptv.2sg)	liorna	liorna;liznōjaną;líznô;liznō-;lizna-;liornian;lernēn	PGmc358-368;PNWGmc/PWGmc369;OE380-386;complete source indexes and body tables inspected	p.363: *juką 104, 109, 119, 153, 312 (parad.)               *laizijanþi, *laizīþi 252 *liznō- ~ || p.363: *jungaz 102, 123, 154, 174, 316 (partial       *lizna- 203, 246, 290 || p.384: 115; hwȳ 322                         liornian 201, 246, 290	p.201: liornian;p.203: líznô,liznō-,lizna-;p.246: líznô,liznō-,lizna-,liornian,lernēn;p.290: líznô,liznō-,lizna-,liornian,lernēn	203,246	relevant_consulted	evidence_found	ringe-system-learn-no;ringe-system-learn-na;ringe-complete-learn-no;ringe-complete-learn-na	No equality to a selected cell inferred from current strings or a lexical-index entry.	Actual consultation, not merely screen.
2314	learn (3sg)	liornaþ	liornaþ;liznōjaną;líznōθi;liznō-;lizna-;liornian;lernēn	PGmc358-368;PNWGmc/PWGmc369;OE380-386;complete source indexes and body tables inspected	p.363: *juką 104, 109, 119, 153, 312 (parad.)               *laizijanþi, *laizīþi 252 *liznō- ~ || p.363: *jungaz 102, 123, 154, 174, 316 (partial       *lizna- 203, 246, 290 || p.384: 115; hwȳ 322                         liornian 201, 246, 290	p.201: liornian;p.203: liznō-,lizna-;p.246: liznō-,lizna-,liornian,lernēn;p.290: liznō-,lizna-,liornian,lernēn	203,246	relevant_consulted	evidence_found	ringe-system-learn-no;ringe-system-learn-na;ringe-complete-learn-no;ringe-complete-learn-na	No equality to a selected cell inferred from current strings or a lexical-index entry.	Actual consultation, not merely screen.
2315	lick (iptv.2sg)	licca	licca;likkōną;líkkô	PGmc358-368;PNWGmc/PWGmc369;OE380-386;complete source indexes and body tables inspected				screened_no_applicable_lead			No equality to a selected cell inferred from current strings or a lexical-index entry.	No applicable named lead established within the completed relevance screen. This is a screen result, not a no_form_found/not_applicable coverage record, not source silence as dissent.
2316	lick (3sg)	liccaþ	liccaþ;likkōną;líkkōθi	PGmc358-368;PNWGmc/PWGmc369;OE380-386;complete source indexes and body tables inspected				screened_no_applicable_lead			No equality to a selected cell inferred from current strings or a lexical-index entry.	No applicable named lead established within the completed relevance screen. This is a screen result, not a no_form_found/not_applicable coverage record, not source silence as dissent.
2317	show (iptv.2sg)	sċēawa	sċēawa;skawōną;skáwô	PGmc358-368;PNWGmc/PWGmc369;OE380-386;complete source indexes and body tables inspected				screened_no_applicable_lead			No equality to a selected cell inferred from current strings or a lexical-index entry.	No applicable named lead established within the completed relevance screen. This is a screen result, not a no_form_found/not_applicable coverage record, not source silence as dissent.
2318	show (3sg)	sċēawaþ	sċēawaþ;skawōną;skáwōθi	PGmc358-368;PNWGmc/PWGmc369;OE380-386;complete source indexes and body tables inspected				screened_no_applicable_lead			No equality to a selected cell inferred from current strings or a lexical-index entry.	No applicable named lead established within the completed relevance screen. This is a screen result, not a no_form_found/not_applicable coverage record, not source silence as dissent.
2322	who	hwā	hwā;xwáz;hwaz;hwiz	PGmc358-368;PNWGmc/PWGmc369;OE380-386;complete source indexes and body tables inspected	p.362: *helpō 324                                     *hwaz 321–2 (parad.); *hwa- 327; || p.384: hwā: hwæs 322; hwæt 118, 168; hwone 104,            onliġen 130	p.322: xwáz,hwaz,hwiz;p.327: hwā	322	relevant_consulted	evidence_found	ringe-complete-who-table	No equality to a selected cell inferred from current strings or a lexical-index entry.	Actual consultation, not merely screen.
2326	you	ēow	ēow;ízwiz;izwiz;jūz;ġē	PGmc358-368;PNWGmc/PWGmc369;OE380-386;complete source indexes and body tables inspected	p.363: *izwiz 235, 322                             *kwabjaną 276 (princ. parts) || p.363: *jūz 153, 233, 322 (parad.)                 *landą 143	p.153: jūz;p.233: jūz;p.235: ízwiz,izwiz;p.322: ízwiz,izwiz,jūz	233,235	relevant_consulted	evidence_found	ringe-complete-you-oblique;ringe-complete-you-nom	Selected ēow is oblique izwiz, not nominative jūz.	Actual consultation, not merely screen.
2327	wound	wundude	wundude;wúndōdē;wundō;wundōną;wundaz;wundian	PGmc358-368;PNWGmc/PWGmc369;OE380-386;complete source indexes and body tables inspected	p.368: *frawardidēdun 193 (2x);                 *wundaz, *wundō, *wundōną 285 || p.386: þurfan 2991 (princ. parts); þearf 178            wundian 285	p.285: wundō,wundaz,wundian	237,285	relevant_consulted	evidence_found	ringe-complete-head-wounded-gothic;ringe-complete-wound-inf-image;ringe-complete-wound-base-noun-image;ringe-complete-wound-base-adjective-image;ringe-complete-wound-quantity	Selected wound is finite past, not a reconstructed trimoric present or noun citation.	Actual consultation, not merely screen.
2328	sow	sāwan	sāwan;sḗaną;sēaną;sezō;sezun	PGmc358-368;PNWGmc/PWGmc369;OE380-386;complete source indexes and body tables inspected	p.366: *sēaną 90, 215 (princ. parts), 278 (princ.          *sōþiz 190 || p.366: parts); *sezō 277; *sēï- ~ *sēa- 159           *sōdijaną: *sōdidaz, *sōdīþi 190 || p.385: sāwan 159                                    stefn 138	p.90: sḗaną,sēaną;p.159: sāwan;p.215: sḗaną,sēaną,sezō,sezun;p.277: sezō;p.278: sḗaną,sēaną,sezō,sezun;p.278: sḗaną,sēaną	215	relevant_consulted	evidence_found	ringe-complete-sow;ringe-complete-sow-past	No equality to a selected cell inferred from current strings or a lexical-index entry.	Actual consultation, not merely screen.
2329	betray	lǣwan	lǣwan;lḗwijaną	PGmc358-368;PNWGmc/PWGmc369;OE380-386;complete source indexes and body tables inspected				screened_no_applicable_lead			No equality to a selected cell inferred from current strings or a lexical-index entry.	No applicable named lead established within the completed relevance screen. This is a screen result, not a no_form_found/not_applicable coverage record, not source silence as dissent.
2330	thought	þōhte	þōhte;θánxtē;þankijaną;þanhtē;þanhtaz	PGmc358-368;PNWGmc/PWGmc369;OE380-386;complete source indexes and body tables inspected	p.367: *þankijaną 119, 136, 207, 281 (princ. parts);     *unnaną 291 (princ. parts); *ann 179 || p.367: *þanhtaz 136, 174                         *uns 125, 142, 235, 322 (parad.); *unsiz 235	p.119: þankijaną;p.136: þankijaną,þanhtaz;p.174: þanhtaz;p.207: þankijaną;p.281: þōhte,θánxtē,þankijaną,þanhtē,þanhtaz	136,281	relevant_consulted	evidence_found	ringe-complete-think;ringe-complete-thought-participle;ringe-complete-thought-finite	No equality to a selected cell inferred from current strings or a lexical-index entry.	Actual consultation, not merely screen.
2332	hue	hīew	hīew;xíwją;hīwją;hīwja-;hiwja-;hewja-;heuja-	PGmc358-368;PNWGmc/PWGmc369;OE380-386;complete source indexes and body tables inspected			151,152,153,154,155	relevant_consulted	discussion_only	raising-ringe-high-front	No equality to a selected cell inferred from current strings or a lexical-index entry.	Actual consultation, not merely screen.
