row_id	source_key	concept	target	population_class	disposition	inspected_aliases	index_locators	body_pages	inspected_topic_pages	actual_consulted_pages	question	assessment	holding_limit	review_evidence_ids
1933	RingeTaylor2014	adder	nǣdre	runnable	screened_no_specific_commitment	nadra;nađraz;nađrōn;nh̥₁-tr-ik;nh̥₁tr-ó;næddre;nædre;nēan;nēdra;nēdrōn;nēđrōn;nǣdre;nḗdrōn					Does this source provide an earlier form, selected-cell/stem, trigger, analogy or dated endpoint for adder nǣdre?	No identity-safe specific target established by the full held-text alias/index/topic screen; not an author-silence finding.	Held text only; alias OCR and quantities can be imperfect. Full index/body search is a screen, not a393-row negative grammar review. PAGE14 roman folio unresolved.	
1934	RingeTaylor2014	bake	bacan	runnable	consulted_applicable	bacan;bak(k)an;bak(k)ōn;bakan;bakanan;bakkan;bákaną;bōka;bacan	printed563 (PAGE578): *bakan 126, 233;printed576 (PAGE591): bacan 126, 233	126,233	126,233	126,128,167,233	Does this source provide an earlier form, selected-cell/stem, trigger, analogy or dated endpoint for bake bacan?	Text-checked actual applicable source units; retain direct forms, attested examples and process statements separately. No input adoption, historical equivalence, silence-as-dissent or image verification beyond the inherited checks is claimed.	Held text only; alias OCR and quantities can be imperfect. Full index/body search is a screen, not a393-row negative grammar review. PAGE14 roman folio unresolved.	rt-complete-1934-001;rt-complete-1934-003;rt-complete-1934-004;rt-complete-1934-005;rt-complete-1934-006;rt-complete-1934-007;rt-complete-1934-008;rt-complete-1934-010;rt-complete-1934-011;rt-complete-1934-012
1935	RingeTaylor2014	ball	-	research_only	screened_no_specific_commitment	ballan;ballaz;ballu;balluns;balluz;balō;bálluz		46	187,250,298,320		Does this source provide an earlier form, selected-cell/stem, trigger, analogy or dated endpoint for ball -?	Ball hits include the scholar Ball (with Stiles), not proof of the research-only ball lexeme. Possible orthographic/semantic/family matches are navigation only; no source absence is inferred.	Held text only; alias OCR and quantities can be imperfect. Full index/body search is a screen, not a393-row negative grammar review. PAGE14 roman folio unresolved.	
1936	RingeTaylor2014	ban	bannes	runnable	consulted_applicable	bannan;bannes;bhe-n-h₂;bhe-nu-e;bánnas;bánną;bannan	printed563 (PAGE578): *bannan 126;printed576 (PAGE591): bannan 126, 348 (princ.)	126,202,348	52,144,202,229,282,284,285,322,365	126,128,348	Verbal proclaim/summon family; not the selected noun genitive.	Verbal proclaim/summon family; not the selected noun genitive. No input adoption, historical equivalence, silence-as-dissent or image verification beyond the inherited checks is claimed.	Held text only; alias OCR and quantities can be imperfect. Full index/body search is a screen, not a393-row negative grammar review. PAGE14 roman folio unresolved.	rt-complete-1936-001;rt-complete-1936-003;rt-complete-1936-004;rt-complete-1936-005
1937	RingeTaylor2014	barrow	beorg	runnable	consulted_applicable	beorg;berga;berʒan;berʒaz;bérgą;berga-	printed549 (PAGE564): *berga- 182, 313;printed577 (PAGE592): beorg 182, 313;printed577 (PAGE592): bergan (Merc.) 242	182,242,313		182,313	Does this source provide an earlier form, selected-cell/stem, trigger, analogy or dated endpoint for barrow beorg?	Text-checked actual applicable source units; retain direct forms, attested examples and process statements separately. No input adoption, historical equivalence, silence-as-dissent or image verification beyond the inherited checks is claimed.	Held text only; alias OCR and quantities can be imperfect. Full index/body search is a screen, not a393-row negative grammar review. PAGE14 roman folio unresolved.	rt-complete-1937-001;rt-complete-1937-002;rt-complete-1937-003;rt-complete-1937-004;rt-complete-1937-005;rt-complete-1937-006;rt-complete-1937-007
1938	RingeTaylor2014	bast	bæst	runnable	screened_no_specific_commitment	basta;bastan;bastaz;bástą;bæst;bōsta/ō					Does this source provide an earlier form, selected-cell/stem, trigger, analogy or dated endpoint for bast bæst?	No identity-safe specific target established by the full held-text alias/index/topic screen; not an author-silence finding.	Held text only; alias OCR and quantities can be imperfect. Full index/body search is a screen, not a393-row negative grammar review. PAGE14 roman folio unresolved.	
1939	RingeTaylor2014	bath	bæþ	runnable	consulted_applicable	baþa;baþan;báθą;bæþ;bath	printed559 (PAGE574): *baba, *-u 194	194	190,194,306	194	Does this source provide an earlier form, selected-cell/stem, trigger, analogy or dated endpoint for bath bæþ?	Text-checked actual applicable source units; retain direct forms, attested examples and process statements separately. No input adoption, historical equivalence, silence-as-dissent or image verification beyond the inherited checks is claimed.	Held text only; alias OCR and quantities can be imperfect. Full index/body search is a screen, not a393-row negative grammar review. PAGE14 roman folio unresolved.	rt-complete-1939-001;rt-complete-1939-002;rt-complete-1939-003;rt-complete-1939-004;rt-complete-1939-005;rt-complete-1939-006;rt-complete-1939-007;rt-complete-1939-008
1940	RingeTaylor2014	beard	beard	runnable	consulted_applicable	barzda;barđaz;beard;bárdaz;beard	printed576 (PAGE591): beard 180	180	180	180	Does this source provide an earlier form, selected-cell/stem, trigger, analogy or dated endpoint for beard beard?	Text-checked actual applicable source units; retain direct forms, attested examples and process statements separately. No input adoption, historical equivalence, silence-as-dissent or image verification beyond the inherited checks is claimed.	Held text only; alias OCR and quantities can be imperfect. Full index/body search is a screen, not a393-row negative grammar review. PAGE14 roman folio unresolved.	rt-complete-1940-001;rt-complete-1940-002;rt-complete-1940-003;rt-complete-1940-004;rt-complete-1940-005
1941	RingeTaylor2014	beaver	befer	runnable	screened_no_specific_commitment	bebruz;bebur;bebura;befer;bébruz					Does this source provide an earlier form, selected-cell/stem, trigger, analogy or dated endpoint for beaver befer?	No identity-safe specific target established by the full held-text alias/index/topic screen; not an author-silence finding.	Held text only; alias OCR and quantities can be imperfect. Full index/body search is a screen, not a393-row negative grammar review. PAGE14 roman folio unresolved.	
1942	RingeTaylor2014	beech	bōc	runnable	screened_no_specific_commitment	baukja;bōc;bōk;bōk(j)ō;bōkjan;bōkjōn;bōkz;bōkō		194			Does this source provide an earlier form, selected-cell/stem, trigger, analogy or dated endpoint for beech bōc?	The back-noun baka/baku hit at194 is not the selected beech bōc; book plural evidence belongs to1955, not this identity. Possible orthographic/semantic/family matches are navigation only; no source absence is inferred.	Held text only; alias OCR and quantities can be imperfect. Full index/body search is a screen, not a393-row negative grammar review. PAGE14 roman folio unresolved.	
1943	RingeTaylor2014	begin	beġinnan	runnable	screened_no_specific_commitment	beġinnan;bigínnaną;ginnan;ʒennanan	printed609 (PAGE624): beginnan 409, 486, 488, 493;printed614 (PAGE629): onginnan/beginnan 409, 486, 488, 489,		2,82,99,113,128,138,204,223,233,353,513		Does this source provide an earlier form, selected-cell/stem, trigger, analogy or dated endpoint for begin beġinnan?	Possible orthographic/semantic/family matches are navigation only; no source absence is inferred.	Held text only; alias OCR and quantities can be imperfect. Full index/body search is a screen, not a393-row negative grammar review. PAGE14 roman folio unresolved.	
1944	RingeTaylor2014	believe	ġelīefan	runnable	consulted_applicable	galáubijaną;gelefan;geliefan;laubjanan;leuba;leuban;luba;lubēn;lubōjan;ġelīefan;galaubijana	printed550 (PAGE565): *galaubijana 245;printed553 (PAGE568): *luba, *lubona 27	27,245	55,143,245,262,293,375,381,390,518	245	Does this source provide an earlier form, selected-cell/stem, trigger, analogy or dated endpoint for believe ġelīefan?	Text-checked actual applicable source units; retain direct forms, attested examples and process statements separately. No input adoption, historical equivalence, silence-as-dissent or image verification beyond the inherited checks is claimed.	Held text only; alias OCR and quantities can be imperfect. Full index/body search is a screen, not a393-row negative grammar review. PAGE14 roman folio unresolved.	rt-complete-1944-001;rt-complete-1944-002;rt-complete-1944-003;rt-complete-1944-004;rt-complete-1944-005;rt-complete-1944-006
1945	RingeTaylor2014	belly	bielġ	runnable	consulted_applicable	balgi;balʒiz;belgu;bielġ;bálgiz;balgiz	printed548 (PAGE563): *balgiz 208, 231, 243, 287;printed563 (PAGE578): *balgi 287;printed577 (PAGE592): bielg 208, 231, 243, 287	208,231,243,287	50	208,231,243,287	Does this source provide an earlier form, selected-cell/stem, trigger, analogy or dated endpoint for belly bielġ?	Text-checked actual applicable source units; retain direct forms, attested examples and process statements separately. No input adoption, historical equivalence, silence-as-dissent or image verification beyond the inherited checks is claimed.	Held text only; alias OCR and quantities can be imperfect. Full index/body search is a screen, not a393-row negative grammar review. PAGE14 roman folio unresolved.	rt-complete-1945-001;rt-complete-1945-002;rt-complete-1945-003;rt-complete-1945-004;rt-complete-1945-005;rt-complete-1945-006;rt-complete-1945-007;rt-complete-1945-008;rt-complete-1945-009;rt-complete-1945-010;rt-complete-1945-011;rt-complete-1945-012;rt-complete-1945-013;rt-complete-1945-014;rt-complete-1945-015;rt-complete-1945-016;rt-complete-1945-017;rt-complete-1945-018;rt-complete-1945-019;rt-complete-1945-020;rt-complete-1945-021;rt-complete-1945-022;rt-complete-1945-023
1946	RingeTaylor2014	berry	berġes	runnable	screened_no_specific_commitment	basja;basjan;bazja;bazjan;bazjō;berġes;bázjas;bázją					Does this source provide an earlier form, selected-cell/stem, trigger, analogy or dated endpoint for berry berġes?	No identity-safe specific target established by the full held-text alias/index/topic screen; not an author-silence finding.	Held text only; alias OCR and quantities can be imperfect. Full index/body search is a screen, not a393-row negative grammar review. PAGE14 roman folio unresolved.	
1947	RingeTaylor2014	bid	-	research_only	consulted_applicable	beodan;beud;beudan;beuđanan;béudaną;béodan	printed577 (PAGE592): béodan 350	350	107,250,373	350	Offer/command béodan, never ask biddan (1948).	Offer/command béodan, never ask biddan (1948). No input adoption, historical equivalence, silence-as-dissent or image verification beyond the inherited checks is claimed.	Held text only; alias OCR and quantities can be imperfect. Full index/body search is a screen, not a393-row negative grammar review. PAGE14 roman folio unresolved.	rt-complete-1947-001;rt-complete-1947-002
1948	RingeTaylor2014	bid	-	research_only	consulted_applicable	bedjan;biddan;bidj;bidjan;biđjanan;bídjaną;bīđanan;bidjana;biddan	printed549 (PAGE564): *bidjana 51;printed577 (PAGE592): biddan 51, 351	51,351	107,250,373	51,351	Ask biddan, never offer/command béodan (1947).	Ask biddan, never offer/command béodan (1947). No input adoption, historical equivalence, silence-as-dissent or image verification beyond the inherited checks is claimed.	Held text only; alias OCR and quantities can be imperfect. Full index/body search is a screen, not a393-row negative grammar review. PAGE14 roman folio unresolved.	rt-complete-1948-001;rt-complete-1948-002;rt-complete-1948-003;rt-complete-1948-004;rt-complete-1948-005;rt-complete-1948-006;rt-complete-1948-007;rt-complete-1948-008;rt-complete-1948-009;rt-complete-1948-010;rt-complete-1948-011
1949	RingeTaylor2014	bier	bǣr	runnable	screened_no_specific_commitment	barwōn;bērō;bǣr;bḗrō					Does this source provide an earlier form, selected-cell/stem, trigger, analogy or dated endpoint for bier bǣr?	No identity-safe specific target established by the full held-text alias/index/topic screen; not an author-silence finding.	Held text only; alias OCR and quantities can be imperfect. Full index/body search is a screen, not a393-row negative grammar review. PAGE14 roman folio unresolved.	
1950	RingeTaylor2014	bind	bindan	runnable	consulted_applicable	benđanan;bindan;bíndaną;bind	printed549 (PAGE564): *bindana, *-and- 153;printed564 (PAGE579): *bindan, *-andi 153;printed577 (PAGE592): bindan 153	153	309,349	153,513	Does this source provide an earlier form, selected-cell/stem, trigger, analogy or dated endpoint for bind bindan?	Text-checked actual applicable source units; retain direct forms, attested examples and process statements separately. No input adoption, historical equivalence, silence-as-dissent or image verification beyond the inherited checks is claimed.	Held text only; alias OCR and quantities can be imperfect. Full index/body search is a screen, not a393-row negative grammar review. PAGE14 roman folio unresolved.	rt-complete-1950-001;rt-complete-1950-002;rt-complete-1950-003;rt-complete-1950-004;rt-complete-1950-005;rt-complete-1950-006;rt-complete-1950-007;rt-complete-1950-008;rt-complete-1950-009;rt-complete-1950-010;rt-complete-1950-011
1951	RingeTaylor2014	birth	byrd	runnable	consulted_applicable	burdi;burđiz;byrd;búrdiz;buridé		271,511,514		271	Begotten verbal cell is family evidence, not a birth-noun citation.	Begotten verbal cell is family evidence, not a birth-noun citation. No input adoption, historical equivalence, silence-as-dissent or image verification beyond the inherited checks is claimed.	Held text only; alias OCR and quantities can be imperfect. Full index/body search is a screen, not a393-row negative grammar review. PAGE14 roman folio unresolved.	rt-complete-1951-001;rt-complete-1951-002;rt-complete-1951-003
1952	RingeTaylor2014	blood	blōd	runnable	consulted_applicable	blōd;blōda;blōdą;blōđan;blode		288,299	228,263,267,281,299	299	Does this source provide an earlier form, selected-cell/stem, trigger, analogy or dated endpoint for blood blōd?	Text-checked actual applicable source units; retain direct forms, attested examples and process statements separately. No input adoption, historical equivalence, silence-as-dissent or image verification beyond the inherited checks is claimed.	Held text only; alias OCR and quantities can be imperfect. Full index/body search is a screen, not a393-row negative grammar review. PAGE14 roman folio unresolved.	rt-complete-1952-001;rt-complete-1952-002;rt-complete-1952-003;rt-complete-1952-004;rt-complete-1952-005;rt-complete-1952-006;rt-complete-1952-007;rt-complete-1952-008;rt-complete-1952-009;rt-complete-1952-010;rt-complete-1952-011
1953	RingeTaylor2014	board	bord	runnable	screened_no_specific_commitment	barđan;bord;burzda;burđan;búrdą			198,329		Does this source provide an earlier form, selected-cell/stem, trigger, analogy or dated endpoint for board bord?	Gaming-board tabla/tefl at329 and across-the-board wording at198 do not reconstruct selected bord. No identity-safe specific target established by the full held-text alias/index/topic screen; not an author-silence finding.	Held text only; alias OCR and quantities can be imperfect. Full index/body search is a screen, not a393-row negative grammar review. PAGE14 roman folio unresolved.	
1954	RingeTaylor2014	bone	bān	runnable	screened_no_specific_commitment	baina;bainan;báiną;bān	printed563 (PAGE578): *ban’nu 229	52,144,202,229,282,284,285,322,365	183,389		Does this source provide an earlier form, selected-cell/stem, trigger, analogy or dated endpoint for bone bān?	Neck-bone compound at183 does not analyse standalone bān; bone at389 is OCR for a pronoun, not a bone citation. Possible orthographic/semantic/family matches are navigation only; no source absence is inferred.	Held text only; alias OCR and quantities can be imperfect. Full index/body search is a screen, not a393-row negative grammar review. PAGE14 roman folio unresolved.	
1955	RingeTaylor2014	book	bōc	runnable	consulted_applicable	bōc;bōk;bōka/ō;bōkz;bōkō;bokari;bokiz		194	2,8,168,246,320	138,208,227,286	Book plural and scribe derivative are separate cells/formations; no beech-tree identity is inferred.	Book plural and scribe derivative are separate cells/formations; no beech-tree identity is inferred. No input adoption, historical equivalence, silence-as-dissent or image verification beyond the inherited checks is claimed.	Held text only; alias OCR and quantities can be imperfect. Full index/body search is a screen, not a393-row negative grammar review. PAGE14 roman folio unresolved.	rt-complete-1955-001;rt-complete-1955-002;rt-complete-1955-003;rt-complete-1955-004;rt-complete-1955-005;rt-complete-1955-006;rt-complete-1955-007;rt-complete-1955-008;rt-complete-1955-009;rt-complete-1955-010;rt-complete-1955-011
1956	RingeTaylor2014	bore	borian	runnable	screened_no_specific_commitment	borian;burōjan;burōjanan;búrōjaną			294		Does this source provide an earlier form, selected-cell/stem, trigger, analogy or dated endpoint for bore borian?	No identity-safe specific target established by the full held-text alias/index/topic screen; not an author-silence finding.	Held text only; alias OCR and quantities can be imperfect. Full index/body search is a screen, not a393-row negative grammar review. PAGE14 roman folio unresolved.	
1957	RingeTaylor2014	bosom	bōsm	runnable	consulted_applicable	bōsm;bōsma;bōsmaz;bosm	printed564 (PAGE579): *bosm 332	332	332	332	Does this source provide an earlier form, selected-cell/stem, trigger, analogy or dated endpoint for bosom bōsm?	Text-checked actual applicable source units; retain direct forms, attested examples and process statements separately. No input adoption, historical equivalence, silence-as-dissent or image verification beyond the inherited checks is claimed.	Held text only; alias OCR and quantities can be imperfect. Full index/body search is a screen, not a393-row negative grammar review. PAGE14 roman folio unresolved.	rt-complete-1957-001;rt-complete-1957-003;rt-complete-1957-004;rt-complete-1957-005
1958	RingeTaylor2014	both	bū	runnable	consulted_applicable	bai;bajjan;bans;bō(u);bō-jenō;bōns;bōz;both		121,170	4,5,9,15,16,19,20,22,24,27,28,31,33,34,35,36,37,38,39,40,42,48,49,54,55,56,58,63,64,66,68,69,71,73,74,75,78,80,81,86,89,93,98,102,114,119,120,121,122,127,133,134,140,141,151,152,157,160,163,168,170,173,178,180,181,182,185,186,193,195,201,204,205,208,210,211,214,215,217,220,221,227,228,235,236,241,242,243,249,251,254,255,256,257,258,263,264,265,272,273,275,277,278,283,286,291,292,293,296,298,301,302,303,305,306,307,308,309,320,323,325,327,330,331,332,336,339,341,343,344,345,346,349,354,356,359,363,366,367,368,373,375,376,377,379,381,382,386,387,388,389,390,512,515,518	121,388	Does this source provide an earlier form, selected-cell/stem, trigger, analogy or dated endpoint for both bū?	Text-checked actual applicable source units; retain direct forms, attested examples and process statements separately. No input adoption, historical equivalence, silence-as-dissent or image verification beyond the inherited checks is claimed.	Held text only; alias OCR and quantities can be imperfect. Full index/body search is a screen, not a393-row negative grammar review. PAGE14 roman folio unresolved.	rt-complete-1958-001;rt-complete-1958-002;rt-complete-1958-003;rt-complete-1958-004;rt-complete-1958-005;rt-complete-1958-006;rt-complete-1958-007
1959	RingeTaylor2014	bottom	botm	runnable	consulted_applicable	botm;budma;budman;budmē;butmaz;buttaz;buttma;buttman;buttna;buđmaz;búdmaz;búttmaz;botm	printed578 (PAGE593): botm 332, 341	332,341	332	332,341	Does this source provide an earlier form, selected-cell/stem, trigger, analogy or dated endpoint for bottom botm?	Text-checked actual applicable source units; retain direct forms, attested examples and process statements separately. No input adoption, historical equivalence, silence-as-dissent or image verification beyond the inherited checks is claimed.	Held text only; alias OCR and quantities can be imperfect. Full index/body search is a screen, not a393-row negative grammar review. PAGE14 roman folio unresolved.	rt-complete-1959-001;rt-complete-1959-002;rt-complete-1959-003;rt-complete-1959-004;rt-complete-1959-005;rt-complete-1959-006
1960	RingeTaylor2014	bough	bōg	runnable	screened_no_specific_commitment	bōg;bōgu;bōguz;bōʒaz;bōʒuz		40,309			Does this source provide an earlier form, selected-cell/stem, trigger, analogy or dated endpoint for bough bōg?	Possible orthographic/semantic/family matches are navigation only; no source absence is inferred.	Held text only; alias OCR and quantities can be imperfect. Full index/body search is a screen, not a393-row negative grammar review. PAGE14 roman folio unresolved.	
1961	RingeTaylor2014	bow	bīeġan	runnable	consulted_applicable	baugjan;bauʒjanan;báugijaną;bīeġan;baugijana	printed577 (PAGE592): biegan 209, 246, 296	209,246,296	28,39,96,209,234	209,246	Does this source provide an earlier form, selected-cell/stem, trigger, analogy or dated endpoint for bow bīeġan?	Text-checked actual applicable source units; retain direct forms, attested examples and process statements separately. No input adoption, historical equivalence, silence-as-dissent or image verification beyond the inherited checks is claimed.	Held text only; alias OCR and quantities can be imperfect. Full index/body search is a screen, not a393-row negative grammar review. PAGE14 roman folio unresolved.	rt-complete-1961-001;rt-complete-1961-002;rt-complete-1961-003;rt-complete-1961-004;rt-complete-1961-005;rt-complete-1961-006;rt-complete-1961-007
1962	RingeTaylor2014	bow	bēag	runnable	consulted_applicable	bauʒaz;beugan;báug;béuganą;bēag;būgan;baugaz	printed549 (PAGE564): *beugana 28;printed559 (PAGE574): *baugaz 309;printed576 (PAGE591): béag 309	309	28,39,96,209,234	309	Does this source provide an earlier form, selected-cell/stem, trigger, analogy or dated endpoint for bow bēag?	Text-checked actual applicable source units; retain direct forms, attested examples and process statements separately. No input adoption, historical equivalence, silence-as-dissent or image verification beyond the inherited checks is claimed.	Held text only; alias OCR and quantities can be imperfect. Full index/body search is a screen, not a393-row negative grammar review. PAGE14 roman folio unresolved.	rt-complete-1962-001;rt-complete-1962-002;rt-complete-1962-003;rt-complete-1962-004
1963	RingeTaylor2014	bow	boga	runnable	consulted_applicable	boga;bugan;buʒōn;búgô;boga	printed559 (PAGE574): *bugo 28;printed578 (PAGE593): boga 28	28	28,39,96,209,234	28	Does this source provide an earlier form, selected-cell/stem, trigger, analogy or dated endpoint for bow boga?	Text-checked actual applicable source units; retain direct forms, attested examples and process statements separately. No input adoption, historical equivalence, silence-as-dissent or image verification beyond the inherited checks is claimed.	Held text only; alias OCR and quantities can be imperfect. Full index/body search is a screen, not a393-row negative grammar review. PAGE14 roman folio unresolved.	rt-complete-1963-001;rt-complete-1963-002;rt-complete-1963-003
1964	RingeTaylor2014	bower	būr	runnable	screened_no_specific_commitment	būr;būra;būran;būrą		347,384			Does this source provide an earlier form, selected-cell/stem, trigger, analogy or dated endpoint for bower būr?	Possible orthographic/semantic/family matches are navigation only; no source absence is inferred.	Held text only; alias OCR and quantities can be imperfect. Full index/body search is a screen, not a393-row negative grammar review. PAGE14 roman folio unresolved.	
1965	RingeTaylor2014	brand	brandes	runnable	screened_no_specific_commitment	brandes;brannjan;branđaz;brinnan;brándas;brándaz		144,229,340,341			Does this source provide an earlier form, selected-cell/stem, trigger, analogy or dated endpoint for brand brandes?	Possible orthographic/semantic/family matches are navigation only; no source absence is inferred.	Held text only; alias OCR and quantities can be imperfect. Full index/body search is a screen, not a393-row negative grammar review. PAGE14 roman folio unresolved.	
1966	RingeTaylor2014	bread	brēad	runnable	screened_no_specific_commitment	brauda;brauđan;bruþan;bráudą;brēad		170,202	170,202		Does this source provide an earlier form, selected-cell/stem, trigger, analogy or dated endpoint for bread brēad?	The bread passages170/202 concern hlaibaz/hlāf and hlāford, not selected brēad. Possible orthographic/semantic/family matches are navigation only; no source absence is inferred.	Held text only; alias OCR and quantities can be imperfect. Full index/body search is a screen, not a393-row negative grammar review. PAGE14 roman folio unresolved.	
1967	RingeTaylor2014	break	brecan	runnable	consulted_applicable	brecan;brekan;brekanan;brékaną;brikizi			209,222,235,295,384,391	295	Source break 2sg/3sg cells are not the selected infinitive.	Source break 2sg/3sg cells are not the selected infinitive. No input adoption, historical equivalence, silence-as-dissent or image verification beyond the inherited checks is claimed.	Held text only; alias OCR and quantities can be imperfect. Full index/body search is a screen, not a393-row negative grammar review. PAGE14 roman folio unresolved.	rt-complete-1967-001;rt-complete-1967-002;rt-complete-1967-003;rt-complete-1967-004;rt-complete-1967-005;rt-complete-1967-006;rt-complete-1967-007;rt-complete-1967-008;rt-complete-1967-009;rt-complete-1967-010
1968	RingeTaylor2014	breast	brēost	runnable	consulted_applicable	breusta;breustan;brustz;bréustą;brústz;brēost;breusta	printed559 (PAGE574): *breusta 174;printed578 (PAGE593): bréost 174	174	28,174	174	Does this source provide an earlier form, selected-cell/stem, trigger, analogy or dated endpoint for breast brēost?	Text-checked actual applicable source units; retain direct forms, attested examples and process statements separately. No input adoption, historical equivalence, silence-as-dissent or image verification beyond the inherited checks is claimed.	Held text only; alias OCR and quantities can be imperfect. Full index/body search is a screen, not a393-row negative grammar review. PAGE14 roman folio unresolved.	rt-complete-1968-001
1969	RingeTaylor2014	breeches	brēċ	runnable	consulted_applicable	brēċ;brōk;brōkiz;brōkz;brokiz	printed559 (PAGE574): *brokiz 208, 227;printed578 (PAGE593): brec 147	147,208,227,309		208,227	Does this source provide an earlier form, selected-cell/stem, trigger, analogy or dated endpoint for breeches brēċ?	Text-checked actual applicable source units; retain direct forms, attested examples and process statements separately. No input adoption, historical equivalence, silence-as-dissent or image verification beyond the inherited checks is claimed.	Held text only; alias OCR and quantities can be imperfect. Full index/body search is a screen, not a393-row negative grammar review. PAGE14 roman folio unresolved.	rt-complete-1969-001;rt-complete-1969-002;rt-complete-1969-003;rt-complete-1969-004;rt-complete-1969-005;rt-complete-1969-006
1970	RingeTaylor2014	bride	brȳd	runnable	consulted_applicable	brūdi;brūdiz;brūđiz;brȳd;bryd	printed578 (PAGE593): bryd 224	224	224	224	Does this source provide an earlier form, selected-cell/stem, trigger, analogy or dated endpoint for bride brȳd?	Text-checked actual applicable source units; retain direct forms, attested examples and process statements separately. No input adoption, historical equivalence, silence-as-dissent or image verification beyond the inherited checks is claimed.	Held text only; alias OCR and quantities can be imperfect. Full index/body search is a screen, not a393-row negative grammar review. PAGE14 roman folio unresolved.	rt-complete-1970-001;rt-complete-1970-003
1971	RingeTaylor2014	bring	bringan	runnable	consulted_applicable	brenʒanan;bringan;brínganą;ga-bringan;bringan	printed549 (PAGE564): *bringana 4;printed578 (PAGE593): bringan 4, 350	4,350	4,196,227,233,296,309,365,366	4,350	Does this source provide an earlier form, selected-cell/stem, trigger, analogy or dated endpoint for bring bringan?	Text-checked actual applicable source units; retain direct forms, attested examples and process statements separately. No input adoption, historical equivalence, silence-as-dissent or image verification beyond the inherited checks is claimed.	Held text only; alias OCR and quantities can be imperfect. Full index/body search is a screen, not a393-row negative grammar review. PAGE14 roman folio unresolved.	rt-complete-1971-001;rt-complete-1971-002;rt-complete-1971-003;rt-complete-1971-004;rt-complete-1971-005;rt-complete-1971-006;rt-complete-1971-007
1972	RingeTaylor2014	brook	brūcan	runnable	consulted_applicable	brūcan;brūkanan;brūkaną;need			210,237,289	39	Need/use verb membership argument; no inference from later strong class to PGmc.	Need/use verb membership argument; no inference from later strong class to PGmc. No input adoption, historical equivalence, silence-as-dissent or image verification beyond the inherited checks is claimed.	Held text only; alias OCR and quantities can be imperfect. Full index/body search is a screen, not a393-row negative grammar review. PAGE14 roman folio unresolved.	rt-complete-1972-001;rt-complete-1972-002;rt-complete-1972-003
1973	RingeTaylor2014	buck	bucc	runnable	screened_no_specific_commitment	bucc;bukka;bukka(n);bukkaz;bukō;búkkaz					Does this source provide an earlier form, selected-cell/stem, trigger, analogy or dated endpoint for buck bucc?	No identity-safe specific target established by the full held-text alias/index/topic screen; not an author-silence finding.	Held text only; alias OCR and quantities can be imperfect. Full index/body search is a screen, not a393-row negative grammar review. PAGE14 roman folio unresolved.	
1974	RingeTaylor2014	burst	berstan	runnable	consulted_applicable	berstan;brestan;brestanan;bréstaną;berstan	printed577 (PAGE592): berstan 6, 341, 347 (princ.)	6,341,347	6,127,128,341,345,347	341,347	Does this source provide an earlier form, selected-cell/stem, trigger, analogy or dated endpoint for burst berstan?	Text-checked actual applicable source units; retain direct forms, attested examples and process statements separately. No input adoption, historical equivalence, silence-as-dissent or image verification beyond the inherited checks is claimed.	Held text only; alias OCR and quantities can be imperfect. Full index/body search is a screen, not a393-row negative grammar review. PAGE14 roman folio unresolved.	rt-complete-1974-001;rt-complete-1974-002;rt-complete-1974-004;rt-complete-1974-005;rt-complete-1974-006;rt-complete-1974-007
1975	RingeTaylor2014	calf	ċealf	runnable	consulted_applicable	kalbaz;kalbiz;kalbizō;kálbaz;ċealf;kalb;cealf	printed553 (PAGE568): *kalbaz ~ *-iz- 205, 231;printed579 (PAGE594): cealf 205, 385	205,231,385	118,205,231,385,386	205,231,385,386	Does this source provide an earlier form, selected-cell/stem, trigger, analogy or dated endpoint for calf ċealf?	Text-checked actual applicable source units; retain direct forms, attested examples and process statements separately. No input adoption, historical equivalence, silence-as-dissent or image verification beyond the inherited checks is claimed.	Held text only; alias OCR and quantities can be imperfect. Full index/body search is a screen, not a393-row negative grammar review. PAGE14 roman folio unresolved.	rt-complete-1975-001;rt-complete-1975-002;rt-complete-1975-003;rt-complete-1975-004;rt-complete-1975-005;rt-complete-1975-006;rt-complete-1975-007;rt-complete-1975-008;rt-complete-1975-009;rt-complete-1975-010;rt-complete-1975-011;rt-complete-1975-012;rt-complete-1975-013;rt-complete-1975-014;rt-complete-1975-015;rt-complete-1975-016;rt-complete-1975-017;rt-complete-1975-018;rt-complete-1975-019;rt-complete-1975-020;rt-complete-1975-021;rt-complete-1975-022;rt-complete-1975-023;rt-complete-1975-024;rt-complete-1975-025;rt-complete-1975-026;rt-complete-1975-027;rt-complete-1975-028
1976	RingeTaylor2014	chew	ċēowan	runnable	consulted_applicable	kewwan;kewwanan;kjujja;kéwwaną;ċēowan;céowan	printed579 (PAGE594): céowan 173	173	173	173	Does this source provide an earlier form, selected-cell/stem, trigger, analogy or dated endpoint for chew ċēowan?	Text-checked actual applicable source units; retain direct forms, attested examples and process statements separately. No input adoption, historical equivalence, silence-as-dissent or image verification beyond the inherited checks is claimed.	Held text only; alias OCR and quantities can be imperfect. Full index/body search is a screen, not a393-row negative grammar review. PAGE14 roman folio unresolved.	rt-complete-1976-001;rt-complete-1976-002;rt-complete-1976-004
1977	RingeTaylor2014	climb	climban	runnable	consulted_applicable	climban;klabōn;klembanan;klimb/pan;klimban;klimman;klimpan;klímbaną;klībanan;klimban	printed568 (PAGE583): *klimban 127	127	127,335	127,128	Does this source provide an earlier form, selected-cell/stem, trigger, analogy or dated endpoint for climb climban?	Text-checked actual applicable source units; retain direct forms, attested examples and process statements separately. No input adoption, historical equivalence, silence-as-dissent or image verification beyond the inherited checks is claimed.	Held text only; alias OCR and quantities can be imperfect. Full index/body search is a screen, not a393-row negative grammar review. PAGE14 roman folio unresolved.	rt-complete-1977-001;rt-complete-1977-002;rt-complete-1977-003;rt-complete-1977-004
1978	RingeTaylor2014	comb	camb	runnable	consulted_applicable	camb;kamba;kambaz;kámbaz;kambaz	printed553 (PAGE568): *kambaz 144, 202;printed579 (PAGE594): camb 144	144,202	84,144,182,202	144,202	Does this source provide an earlier form, selected-cell/stem, trigger, analogy or dated endpoint for comb camb?	Text-checked actual applicable source units; retain direct forms, attested examples and process statements separately. No input adoption, historical equivalence, silence-as-dissent or image verification beyond the inherited checks is claimed.	Held text only; alias OCR and quantities can be imperfect. Full index/body search is a screen, not a393-row negative grammar review. PAGE14 roman folio unresolved.	rt-complete-1978-001;rt-complete-1978-002;rt-complete-1978-003;rt-complete-1978-004;rt-complete-1978-005;rt-complete-1978-006
1979	RingeTaylor2014	corn	corn	runnable	screened_no_specific_commitment	corn;kurna;kurnan;kúrną					Does this source provide an earlier form, selected-cell/stem, trigger, analogy or dated endpoint for corn corn?	No identity-safe specific target established by the full held-text alias/index/topic screen; not an author-silence finding.	Held text only; alias OCR and quantities can be imperfect. Full index/body search is a screen, not a393-row negative grammar review. PAGE14 roman folio unresolved.	
1980	RingeTaylor2014	cow	cȳ	runnable	consulted_applicable	kōwz;kōz;kūi;kūz;cow;cow	printed560 (PAGE575): *kuz 86;printed568 (PAGE583): *kuz 86	86	86,318	86,318	Does this source provide an earlier form, selected-cell/stem, trigger, analogy or dated endpoint for cow cȳ?	Text-checked actual applicable source units; retain direct forms, attested examples and process statements separately. No input adoption, historical equivalence, silence-as-dissent or image verification beyond the inherited checks is claimed.	Held text only; alias OCR and quantities can be imperfect. Full index/body search is a screen, not a393-row negative grammar review. PAGE14 roman folio unresolved.	rt-complete-1980-001;rt-complete-1980-002;rt-complete-1980-003;rt-complete-1980-004;rt-complete-1980-005;rt-complete-1980-006;rt-complete-1980-007;rt-complete-1980-008;rt-complete-1980-009
1981	RingeTaylor2014	craft	cræft	runnable	screened_no_specific_commitment	cræft;krafjanan;kraftiz;kraftu;kraftuz;kráftaz;kráftiz					Does this source provide an earlier form, selected-cell/stem, trigger, analogy or dated endpoint for craft cræft?	No identity-safe specific target established by the full held-text alias/index/topic screen; not an author-silence finding.	Held text only; alias OCR and quantities can be imperfect. Full index/body search is a screen, not a393-row negative grammar review. PAGE14 roman folio unresolved.	
1982	RingeTaylor2014	crop	cropp	runnable	screened_no_specific_commitment	cropp;kreupanan;kruppa;kruppaz;krúppaz			239		Does this source provide an earlier form, selected-cell/stem, trigger, analogy or dated endpoint for crop cropp?	Seed/crop sāda at239 is not selected cropp. No identity-safe specific target established by the full held-text alias/index/topic screen; not an author-silence finding.	Held text only; alias OCR and quantities can be imperfect. Full index/body search is a screen, not a393-row negative grammar review. PAGE14 roman folio unresolved.	
1983	RingeTaylor2014	cud	cwedu	runnable	consulted_applicable	cudu;cwedu;cweodu;cwidu;cwudu;kwedu;kweđwō(n);kwidu;kwéðuz;kwíθuz;kwēda;kwēdja;kwēdjan;kwēdōn;ō(n);kwidu	printed568 (PAGE583): *kwidu 323;printed580 (PAGE595): cudu 320;printed580 (PAGE595): cweodu 323;printed580 (PAGE595): cwidu 42, 320, 323	42,320,323,339	42,339	323	Does this source provide an earlier form, selected-cell/stem, trigger, analogy or dated endpoint for cud cwedu?	The author begins at PWGmc i here; no explicit PGmc form or leveling-from-cwedu argument in this passage. Text-checked actual applicable source units; retain direct forms, attested examples and process statements separately. No input adoption, historical equivalence, silence-as-dissent or image verification beyond the inherited checks is claimed.	Held text only; alias OCR and quantities can be imperfect. Full index/body search is a screen, not a393-row negative grammar review. PAGE14 roman folio unresolved.	cud-ringe-taylor-wgmc;rt-complete-1983-001;rt-complete-1983-002;rt-complete-1983-003;rt-complete-1983-004;rt-complete-1983-005;rt-complete-1983-006
1984	RingeTaylor2014	dale	dæl	runnable	screened_no_specific_commitment	dala;dálaz;dæl;đalan;đalaz					Does this source provide an earlier form, selected-cell/stem, trigger, analogy or dated endpoint for dale dæl?	No identity-safe specific target established by the full held-text alias/index/topic screen; not an author-silence finding.	Held text only; alias OCR and quantities can be imperfect. Full index/body search is a screen, not a393-row negative grammar review. PAGE14 roman folio unresolved.	
1985	RingeTaylor2014	day	dæġ	runnable	consulted_applicable	daga;dágaz;dæġ;đaʒaz;dagaz	printed549 (PAGE564): *dagaz 147, 212;printed564 (PAGE579): *daga 43;printed581 (PAGE596): daga 59, 154	25,43,59,114,147,153,154,191,193,212,333	2,15,25,114,147,148,153,191,193,212,218,252,267,333,386	114,147,167,194,212	Does this source provide an earlier form, selected-cell/stem, trigger, analogy or dated endpoint for day dæġ?	Text-checked actual applicable source units; retain direct forms, attested examples and process statements separately. No input adoption, historical equivalence, silence-as-dissent or image verification beyond the inherited checks is claimed.	Held text only; alias OCR and quantities can be imperfect. Full index/body search is a screen, not a393-row negative grammar review. PAGE14 roman folio unresolved.	rt-complete-1985-001;rt-complete-1985-002;rt-complete-1985-003;rt-complete-1985-004;rt-complete-1985-005;rt-complete-1985-006;rt-complete-1985-007;rt-complete-1985-008;rt-complete-1985-009;rt-complete-1985-010;rt-complete-1985-011;rt-complete-1985-012;rt-complete-1985-013;rt-complete-1985-014;rt-complete-1985-015;rt-complete-1985-016;rt-complete-1985-017;rt-complete-1985-018;rt-complete-1985-019;rt-complete-1985-020;rt-complete-1985-021;rt-complete-1985-022;rt-complete-1985-023;rt-complete-1985-024
1986	RingeTaylor2014	deal	dǣl	runnable	consulted_applicable	daili;dáiliz;dǣl;đailiz;dailiz	printed549 (PAGE564): *dailiz 234, 287;printed564 (PAGE579): *daili 287	234,287	1,12,119,129,154,160,169,239,257,274,327,330,338	234,287	Does this source provide an earlier form, selected-cell/stem, trigger, analogy or dated endpoint for deal dǣl?	Text-checked actual applicable source units; retain direct forms, attested examples and process statements separately. No input adoption, historical equivalence, silence-as-dissent or image verification beyond the inherited checks is claimed.	Held text only; alias OCR and quantities can be imperfect. Full index/body search is a screen, not a393-row negative grammar review. PAGE14 roman folio unresolved.	rt-complete-1986-001;rt-complete-1986-002;rt-complete-1986-003;rt-complete-1986-004;rt-complete-1986-005;rt-complete-1986-006;rt-complete-1986-007
1987	RingeTaylor2014	deed	dǣd	runnable	consulted_applicable	dēdi;dǣd;dḗdiz;đēđiz;dédiz	printed549 (PAGE564): *dédiz 12, 149, 239, 287, 520	12,149,239,287,520	12,114,115,149,239,287,520	12,115,149,239,287,520	Does this source provide an earlier form, selected-cell/stem, trigger, analogy or dated endpoint for deed dǣd?	Text-checked actual applicable source units; retain direct forms, attested examples and process statements separately. No input adoption, historical equivalence, silence-as-dissent or image verification beyond the inherited checks is claimed.	Held text only; alias OCR and quantities can be imperfect. Full index/body search is a screen, not a393-row negative grammar review. PAGE14 roman folio unresolved.	rt-complete-1987-001;rt-complete-1987-002;rt-complete-1987-003;rt-complete-1987-004;rt-complete-1987-005;rt-complete-1987-006;rt-complete-1987-007;rt-complete-1987-008;rt-complete-1987-009;rt-complete-1987-010;rt-complete-1987-011;rt-complete-1987-012;rt-complete-1987-013;rt-complete-1987-014;rt-complete-1987-015;rt-complete-1987-016;rt-complete-1987-017;rt-complete-1987-018;rt-complete-1987-019;rt-complete-1987-020;rt-complete-1987-021;rt-complete-1987-022;rt-complete-1987-023;rt-complete-1987-024;rt-complete-1987-025;rt-complete-1987-026;rt-complete-1987-027;rt-complete-1987-028;rt-complete-1987-029;rt-complete-1987-030;rt-complete-1987-031;rt-complete-1987-032;rt-complete-1987-033;rt-complete-1987-034;rt-complete-1987-035;rt-complete-1987-036;rt-complete-1987-037;rt-complete-1987-038
1988	RingeTaylor2014	deer	dēor	runnable	consulted_applicable	deuza;dheuso;dhouso;déuzą;dēor;đeuzan;deuza	printed549 (PAGE564): *deuza 174;printed581 (PAGE596): déor 86, 174, 378	86,174,378	171,314	174	Does this source provide an earlier form, selected-cell/stem, trigger, analogy or dated endpoint for deer dēor?	Text-checked actual applicable source units; retain direct forms, attested examples and process statements separately. No input adoption, historical equivalence, silence-as-dissent or image verification beyond the inherited checks is claimed.	Held text only; alias OCR and quantities can be imperfect. Full index/body search is a screen, not a393-row negative grammar review. PAGE14 roman folio unresolved.	rt-complete-1988-001;rt-complete-1988-002
1989	RingeTaylor2014	dew	dēaw	runnable	screened_no_specific_commitment	dawwa/ō;dáwwō;dēaw;đawwan;đawwō					Does this source provide an earlier form, selected-cell/stem, trigger, analogy or dated endpoint for dew dēaw?	No identity-safe specific target established by the full held-text alias/index/topic screen; not an author-silence finding.	Held text only; alias OCR and quantities can be imperfect. Full index/body search is a screen, not a393-row negative grammar review. PAGE14 roman folio unresolved.	
1990	RingeTaylor2014	dill	dile	runnable	screened_no_specific_commitment	deli;deliz;delja;dile;duli;dulja;duljaz;déliz;déljaz;đeljaz	printed581 (PAGE596): deli (Merc.) 383	287,383			Does this source provide an earlier form, selected-cell/stem, trigger, analogy or dated endpoint for dill dile?	Possible orthographic/semantic/family matches are navigation only; no source absence is inferred.	Held text only; alias OCR and quantities can be imperfect. Full index/body search is a screen, not a393-row negative grammar review. PAGE14 roman folio unresolved.	
1991	RingeTaylor2014	do	dōn	runnable	consulted_applicable	don;dōn;dōną;đōnan;don;du-du-;dénaz;done;dédun	printed564 (PAGE579): *don 109-10 (parad.), 369;printed581 (PAGE596): don (inf., Angl.) 369 (parad.);printed581 (PAGE596): don (ptc.) 143, 146, 520	3,68,109,110,143,146,369,520	4,5,8,10,19,29,33,40,43,48,53,59,63,65,67,76,77,79,89,94,100,102,109,110,111,112,113,117,120,121,123,133,142,144,146,155,158,161,163,165,189,191,195,207,211,219,249,250,255,256,258,261,262,269,272,292,293,294,301,303,312,320,327,338,339,340,345,348,350,353,354,355,356,358,359,362,363,369,373,376,381,386,387,390,515,517,519,520	110,143,369,370,517,519,520	Does this source provide an earlier form, selected-cell/stem, trigger, analogy or dated endpoint for do dōn?	Text-checked actual applicable source units; retain direct forms, attested examples and process statements separately. No input adoption, historical equivalence, silence-as-dissent or image verification beyond the inherited checks is claimed.	Held text only; alias OCR and quantities can be imperfect. Full index/body search is a screen, not a393-row negative grammar review. PAGE14 roman folio unresolved.	rt-complete-1991-001;rt-complete-1991-002;rt-complete-1991-003;rt-complete-1991-004;rt-complete-1991-006;rt-complete-1991-007;rt-complete-1991-008;rt-complete-1991-009;rt-complete-1991-010;rt-complete-1991-011;rt-complete-1991-012;rt-complete-1991-013;rt-complete-1991-014;rt-complete-1991-015;rt-complete-1991-016;rt-complete-1991-017;rt-complete-1991-018;rt-complete-1991-019;rt-complete-1991-020;rt-complete-1991-021;rt-complete-1991-022;rt-complete-1991-023;rt-complete-1991-024;rt-complete-1991-025;rt-complete-1991-026;rt-complete-1991-027;rt-complete-1991-028;rt-complete-1991-029;rt-complete-1991-030;rt-complete-1991-031;rt-complete-1991-032;rt-complete-1991-033;rt-complete-1991-034;rt-complete-1991-035;rt-complete-1991-036;rt-complete-1991-037;rt-complete-1991-038;rt-complete-1991-039;rt-complete-1991-040;rt-complete-1991-041;rt-complete-1991-042;rt-complete-1991-043;rt-complete-1991-044
1992	RingeTaylor2014	door	dor	runnable	consulted_applicable	dor;dura;dúrą;đuran;đurz;đurō;dur-;duru			28,223,385	28,385	Door root/u-stem formations and case history are retained, not equated to selected dor.	Door root/u-stem formations and case history are retained, not equated to selected dor. No input adoption, historical equivalence, silence-as-dissent or image verification beyond the inherited checks is claimed.	Held text only; alias OCR and quantities can be imperfect. Full index/body search is a screen, not a393-row negative grammar review. PAGE14 roman folio unresolved.	rt-complete-1992-001;rt-complete-1992-002
1993	RingeTaylor2014	dough	dāg	runnable	screened_no_specific_commitment	daiga;dáigaz;dāg;đaiʒaz;đīʒanan	printed564 (PAGE579): *dag 114 (parad.), 147, 193 (parad.), 212	15,114,147,193,212,379			Does this source provide an earlier form, selected-cell/stem, trigger, analogy or dated endpoint for dough dāg?	Possible orthographic/semantic/family matches are navigation only; no source absence is inferred.	Held text only; alias OCR and quantities can be imperfect. Full index/body search is a screen, not a393-row negative grammar review. PAGE14 roman folio unresolved.	
1994	RingeTaylor2014	dove	-	research_only	screened_no_specific_commitment	dūbōn;đūbōn					Does this source provide an earlier form, selected-cell/stem, trigger, analogy or dated endpoint for dove -?	No identity-safe specific target established by the full held-text alias/index/topic screen; not an author-silence finding.	Held text only; alias OCR and quantities can be imperfect. Full index/body search is a screen, not a393-row negative grammar review. PAGE14 roman folio unresolved.	
1995	RingeTaylor2014	dream	drēam	runnable	screened_no_specific_commitment	draugma;drauma;drauʒaz;dráugmaz;drēam;đraumaz;đrauʒmaz;đreusanan		74,319,330	74,319,330		Does this source provide an earlier form, selected-cell/stem, trigger, analogy or dated endpoint for dream drēam?	Possible orthographic/semantic/family matches are navigation only; no source absence is inferred.	Held text only; alias OCR and quantities can be imperfect. Full index/body search is a screen, not a393-row negative grammar review. PAGE14 roman folio unresolved.	
1996	RingeTaylor2014	drench	drenċ	runnable	screened_no_specific_commitment	drankjan;drenċ;drinkan;drunki;dránkiz;đrankan;đrenkōn					Does this source provide an earlier form, selected-cell/stem, trigger, analogy or dated endpoint for drench drenċ?	No identity-safe specific target established by the full held-text alias/index/topic screen; not an author-silence finding.	Held text only; alias OCR and quantities can be imperfect. Full index/body search is a screen, not a393-row negative grammar review. PAGE14 roman folio unresolved.	
1997	RingeTaylor2014	drink	drincan	runnable	consulted_applicable	drincan;drinkan;drínkaną;đrankjanan;đrenkanan;drincan	printed581 (PAGE596): drincan 211, 347 (princ.), 350	211,347,350	38,39,208,211,268,279,281,347,349	211,347,350	Does this source provide an earlier form, selected-cell/stem, trigger, analogy or dated endpoint for drink drincan?	Text-checked actual applicable source units; retain direct forms, attested examples and process statements separately. No input adoption, historical equivalence, silence-as-dissent or image verification beyond the inherited checks is claimed.	Held text only; alias OCR and quantities can be imperfect. Full index/body search is a screen, not a393-row negative grammar review. PAGE14 roman folio unresolved.	rt-complete-1997-001;rt-complete-1997-002;rt-complete-1997-003;rt-complete-1997-004;rt-complete-1997-005;rt-complete-1997-006;rt-complete-1997-007;rt-complete-1997-008;rt-complete-1997-011;rt-complete-1997-010;rt-complete-1997-012;rt-complete-1997-013;rt-complete-1997-014;rt-complete-1997-015
1998	RingeTaylor2014	drive	drīfan	runnable	consulted_applicable	drīban;drīfan;drī́baną;drḯbaną;đrībanan;drifan	printed581 (PAGE596): drifan 292, 347 (princ.), 350	292,347,350	225,233,245,292,347,349	292,342,347,350	Does this source provide an earlier form, selected-cell/stem, trigger, analogy or dated endpoint for drive drīfan?	Text-checked actual applicable source units; retain direct forms, attested examples and process statements separately. No input adoption, historical equivalence, silence-as-dissent or image verification beyond the inherited checks is claimed.	Held text only; alias OCR and quantities can be imperfect. Full index/body search is a screen, not a393-row negative grammar review. PAGE14 roman folio unresolved.	rt-complete-1998-001;rt-complete-1998-002;rt-complete-1998-003;rt-complete-1998-004;rt-complete-1998-007;rt-complete-1998-006;rt-complete-1998-008;rt-complete-1998-009;rt-complete-1998-010;rt-complete-1998-011;rt-complete-1998-012
1999	RingeTaylor2014	earth	eorþe	runnable	consulted_applicable	eorþe;erwōn;erþiz;erþō;erþōn;érθōn;eorbe		182	62,156,164,172,182	182	Does this source provide an earlier form, selected-cell/stem, trigger, analogy or dated endpoint for earth eorþe?	Text-checked actual applicable source units; retain direct forms, attested examples and process statements separately. No input adoption, historical equivalence, silence-as-dissent or image verification beyond the inherited checks is claimed.	Held text only; alias OCR and quantities can be imperfect. Full index/body search is a screen, not a393-row negative grammar review. PAGE14 roman folio unresolved.	rt-complete-1999-001;rt-complete-1999-002;rt-complete-1999-003;rt-complete-1999-004;rt-complete-1999-005
2000	RingeTaylor2014	eat	etan	runnable	consulted_applicable	etan;etanan;étaną;etan	printed583 (PAGE598): etan 325, 348 (princ.)	325,348	173,227,325,348	325,348	Does this source provide an earlier form, selected-cell/stem, trigger, analogy or dated endpoint for eat etan?	Text-checked actual applicable source units; retain direct forms, attested examples and process statements separately. No input adoption, historical equivalence, silence-as-dissent or image verification beyond the inherited checks is claimed.	Held text only; alias OCR and quantities can be imperfect. Full index/body search is a screen, not a393-row negative grammar review. PAGE14 roman folio unresolved.	rt-complete-2000-001;rt-complete-2000-002;rt-complete-2000-003;rt-complete-2000-004;rt-complete-2000-005;rt-complete-2000-007;rt-complete-2000-008;rt-complete-2000-009;rt-complete-2000-010
2001	RingeTaylor2014	eel	ǣl	runnable	screened_no_specific_commitment	ēla;ēlaz;ḗlaz	printed596 (PAGE611): nafola ~ -ela 191, 270, 336				Does this source provide an earlier form, selected-cell/stem, trigger, analogy or dated endpoint for eel ǣl?	Possible orthographic/semantic/family matches are navigation only; no source absence is inferred.	Held text only; alias OCR and quantities can be imperfect. Full index/body search is a screen, not a393-row negative grammar review. PAGE14 roman folio unresolved.	
2002	RingeTaylor2014	fall	feallan	runnable	consulted_applicable	fallan;fallanan;feallan;fállaną;pol;pol-n;fallan	printed559 (PAGE574): *fallana 129, 185;printed565 (PAGE580): *fallan, *fallattian 129;printed583 (PAGE598): fallan (Merc.) 185, 219;printed584 (PAGE599): feallan 129, 185, 348 (princ.), 350	129,185,219,348,350	66,126,129,185,191,219,231,232,243,244,283,301,342,352	129,185	Does this source provide an earlier form, selected-cell/stem, trigger, analogy or dated endpoint for fall feallan?	Text-checked actual applicable source units; retain direct forms, attested examples and process statements separately. No input adoption, historical equivalence, silence-as-dissent or image verification beyond the inherited checks is claimed.	Held text only; alias OCR and quantities can be imperfect. Full index/body search is a screen, not a393-row negative grammar review. PAGE14 roman folio unresolved.	rt-complete-2002-001;rt-complete-2002-002;rt-complete-2002-003;rt-complete-2002-004;rt-complete-2002-005;rt-complete-2002-006;rt-complete-2002-007;rt-complete-2002-008;rt-complete-2002-009
2003	RingeTaylor2014	fare	faran	runnable	consulted_applicable	faran;faranan;farjanan;fáraną;faran	printed550 (PAGE565): *farana, *-idi, *-izi 232;printed583 (PAGE598): faran 195, 198, 232, 346, 348 (princ.), 351	195,197,198,230,232,346,348,351	196,197	167,195,197,198,232,346,348,351	Does this source provide an earlier form, selected-cell/stem, trigger, analogy or dated endpoint for fare faran?	Text-checked actual applicable source units; retain direct forms, attested examples and process statements separately. No input adoption, historical equivalence, silence-as-dissent or image verification beyond the inherited checks is claimed.	Held text only; alias OCR and quantities can be imperfect. Full index/body search is a screen, not a393-row negative grammar review. PAGE14 roman folio unresolved.	rt-complete-2003-001;rt-complete-2003-002;rt-complete-2003-003;rt-complete-2003-004;rt-complete-2003-005;rt-complete-2003-006;rt-complete-2003-007;rt-complete-2003-008;rt-complete-2003-009;rt-complete-2003-010;rt-complete-2003-011;rt-complete-2003-012;rt-complete-2003-013;rt-complete-2003-014;rt-complete-2003-015;rt-complete-2003-016;rt-complete-2003-017;rt-complete-2003-018;rt-complete-2003-019;rt-complete-2003-020;rt-complete-2003-021;rt-complete-2003-022;rt-complete-2003-023;rt-complete-2003-024;rt-complete-2003-025;rt-complete-2003-026;rt-complete-2003-027;rt-complete-2003-028;rt-complete-2003-029;rt-complete-2003-030;rt-complete-2003-031;rt-complete-2003-032;rt-complete-2003-033;rt-complete-2003-034;rt-complete-2003-035;rt-complete-2003-038;rt-complete-2003-037;rt-complete-2003-039;rt-complete-2003-040;rt-complete-2003-041;rt-complete-2003-042;rt-complete-2003-043
2004	RingeTaylor2014	fast	festan	runnable	consulted_applicable	fast-umnjō;fastaz;fastjanan;fastu;fastēn;fastēną;festan;fástijaną;feestan;fastaz	printed550 (PAGE565): *fastaz 131, 147	36,95,131,147,237	95,131,147,220,252,347	95,131,147	Does this source provide an earlier form, selected-cell/stem, trigger, analogy or dated endpoint for fast festan?	Text-checked actual applicable source units; retain direct forms, attested examples and process statements separately. No input adoption, historical equivalence, silence-as-dissent or image verification beyond the inherited checks is claimed.	Held text only; alias OCR and quantities can be imperfect. Full index/body search is a screen, not a393-row negative grammar review. PAGE14 roman folio unresolved.	rt-complete-2004-001;rt-complete-2004-002;rt-complete-2004-003;rt-complete-2004-005;rt-complete-2004-006;rt-complete-2004-007;rt-complete-2004-008;rt-complete-2004-009;rt-complete-2004-010;rt-complete-2004-011;rt-complete-2004-012;rt-complete-2004-013
2005	RingeTaylor2014	father	fæder	runnable	consulted_applicable	fader;fađēr;fádēr;fæder;fadér;fadur	printed550 (PAGE565): *fadér 25, 60, 147;printed559 (PAGE574): *fadér 60;printed565 (PAGE580): *fader 60, 147	25,60,147,382	25,44,60,147,218,221,381,382	25,60,147,386	Does this source provide an earlier form, selected-cell/stem, trigger, analogy or dated endpoint for father fæder?	Text-checked actual applicable source units; retain direct forms, attested examples and process statements separately. No input adoption, historical equivalence, silence-as-dissent or image verification beyond the inherited checks is claimed.	Held text only; alias OCR and quantities can be imperfect. Full index/body search is a screen, not a393-row negative grammar review. PAGE14 roman folio unresolved.	rt-complete-2005-001;rt-complete-2005-002;rt-complete-2005-003;rt-complete-2005-004;rt-complete-2005-005;rt-complete-2005-006;rt-complete-2005-007;rt-complete-2005-008;rt-complete-2005-009;rt-complete-2005-010;rt-complete-2005-011;rt-complete-2005-012
2006	RingeTaylor2014	fee	feoh	runnable	consulted_applicable	fehu;feoh;fexan;fexu;féxu;fehu	printed550 (PAGE565): *fehu 177, 312;printed565 (PAGE580): *fehu 115 (parad.);printed584 (PAGE599): feoh 177, 312	115,177,249,312		115,177,312	Does this source provide an earlier form, selected-cell/stem, trigger, analogy or dated endpoint for fee feoh?	Text-checked actual applicable source units; retain direct forms, attested examples and process statements separately. No input adoption, historical equivalence, silence-as-dissent or image verification beyond the inherited checks is claimed.	Held text only; alias OCR and quantities can be imperfect. Full index/body search is a screen, not a393-row negative grammar review. PAGE14 roman folio unresolved.	rt-complete-2006-001;rt-complete-2006-002;rt-complete-2006-003;rt-complete-2006-004;rt-complete-2006-005;rt-complete-2006-006;rt-complete-2006-007;rt-complete-2006-008;rt-complete-2006-009;rt-complete-2006-010;rt-complete-2006-011;rt-complete-2006-012;rt-complete-2006-013
2007	RingeTaylor2014	fell	fell	runnable	screened_no_specific_commitment	fell;fella;fellan;féllą;pel-n	printed583 (PAGE598): fell (Angl.) 232, 244	30,185,200,231,232,243,244,301,322	185,200,231,232,243,244,301,322		Does this source provide an earlier form, selected-cell/stem, trigger, analogy or dated endpoint for fell fell?	Possible orthographic/semantic/family matches are navigation only; no source absence is inferred.	Held text only; alias OCR and quantities can be imperfect. Full index/body search is a screen, not a393-row negative grammar review. PAGE14 roman folio unresolved.	
2008	RingeTaylor2014	fern	fearn	runnable	screened_no_specific_commitment	farna;farnan;fearn;fárnaz					Does this source provide an earlier form, selected-cell/stem, trigger, analogy or dated endpoint for fern fearn?	No identity-safe specific target established by the full held-text alias/index/topic screen; not an author-silence finding.	Held text only; alias OCR and quantities can be imperfect. Full index/body search is a screen, not a393-row negative grammar review. PAGE14 roman folio unresolved.	
2009	RingeTaylor2014	field	feld	runnable	consulted_applicable	feld;felþa;felþaz;felþuz;fulđō(n);félθuz;peltu;pl̥tu;feld	printed584 (PAGE599): feld 155	155	48,54,135,147,155,205,234,269,327,387	155	Does this source provide an earlier form, selected-cell/stem, trigger, analogy or dated endpoint for field feld?	Text-checked actual applicable source units; retain direct forms, attested examples and process statements separately. No input adoption, historical equivalence, silence-as-dissent or image verification beyond the inherited checks is claimed.	Held text only; alias OCR and quantities can be imperfect. Full index/body search is a screen, not a393-row negative grammar review. PAGE14 roman folio unresolved.	rt-complete-2009-001;rt-complete-2009-002;rt-complete-2009-003;rt-complete-2009-004;rt-complete-2009-005;rt-complete-2009-006;rt-complete-2009-007
2010	RingeTaylor2014	fight	feohtan	runnable	consulted_applicable	fehtan;feohtan;fextanan;flextanan;féxtaną;fehtan	printed565 (PAGE580): *fehtan 178, 312;printed584 (PAGE599): feohtan 178, 312	178,312	36,178,232,308,312,344	128,178,312	Does this source provide an earlier form, selected-cell/stem, trigger, analogy or dated endpoint for fight feohtan?	Text-checked actual applicable source units; retain direct forms, attested examples and process statements separately. No input adoption, historical equivalence, silence-as-dissent or image verification beyond the inherited checks is claimed.	Held text only; alias OCR and quantities can be imperfect. Full index/body search is a screen, not a393-row negative grammar review. PAGE14 roman folio unresolved.	rt-complete-2010-001;rt-complete-2010-002;rt-complete-2010-003;rt-complete-2010-004;rt-complete-2010-005;rt-complete-2010-006;rt-complete-2010-007
2011	RingeTaylor2014	find	fundene	runnable	consulted_applicable	fenþanan;findan;finþan;fund;fundan;fundene;fínθaną;fúnðanǭ;findan	printed550 (PAGE565): *finbana 140;printed584 (PAGE599): findan 140, 344 (princ.)	140,344	13,14,20,21,22,23,29,30,32,33,36,37,38,43,52,54,57,58,60,62,64,65,74,76,79,84,87,92,95,98,101,102,108,112,113,116,140,160,162,166,169,170,171,181,183,186,194,195,200,203,217,219,222,239,244,253,262,268,269,272,274,275,278,290,310,324,325,331,336,344,346,349,351,352,354,355,356,357,358,362,363,364,365,366,368,377,378,380,382,383,385,386,387,388	139,140,344,346,513	Selected row is the participle fundene. Present findan is another cell; funden and the voiced-alternant levelling argument are retained separately.	Selected row is the participle fundene. Present findan is another cell; funden and the voiced-alternant levelling argument are retained separately. No input adoption, historical equivalence, silence-as-dissent or image verification beyond the inherited checks is claimed.	Held text only; alias OCR and quantities can be imperfect. Full index/body search is a screen, not a393-row negative grammar review. PAGE14 roman folio unresolved.	rt-complete-2011-001;rt-complete-2011-002;rt-complete-2011-003;rt-complete-2011-004;rt-complete-2011-005;rt-complete-2011-006;rt-complete-2011-007;rt-complete-2011-008;rt-complete-2011-009;rt-complete-2011-010;rt-complete-2011-011;rt-complete-2011-012
2012	RingeTaylor2014	finger	finger	runnable	consulted_applicable	fenfe;fenxwe;fenʒraz;finger;fingra;fíngraz;fingraz	printed550 (PAGE565): *fingraz 48	48,64,154	48,64,154	48	Does this source provide an earlier form, selected-cell/stem, trigger, analogy or dated endpoint for finger finger?	Text-checked actual applicable source units; retain direct forms, attested examples and process statements separately. No input adoption, historical equivalence, silence-as-dissent or image verification beyond the inherited checks is claimed.	Held text only; alias OCR and quantities can be imperfect. Full index/body search is a screen, not a393-row negative grammar review. PAGE14 roman folio unresolved.	rt-complete-2012-001;rt-complete-2012-002
2013	RingeTaylor2014	fire	fȳre	runnable	consulted_applicable	fawōr;feuri;fu(w)eni;fu(w)eri;fun;funaz;funins;funkōn;funōn;furaz;fuwer;fōr;fūr;fūri;fȳre;ph₂-un-ós;ph₂-uén-i;ph₂-uōr;péh₂-ur;pūnós;fuir;fyre;fuir	printed558 (PAGE573): Alphabetical order: as for PGme;printed562 (PAGE577): Alphabetical order: as for PGmc.; palatalized consonants follow their non-;printed574 (PAGE589): Diacritics are ignored in alphabetizing (as is usual for OE). The digraphs @;printed585 (PAGE600): for 346;printed585 (PAGE600): for bon be 389;printed597 (PAGE612): reccan ‘care for’ 98, 228;printed610 (PAGE625): diagnostics for verb position 397-9, 401,	1,2,3,4,5,6,8,9,11,13,14,16,17,18,19,20,22,23,24,26,27,28,29,31,32,33,34,35,37,38,39,41,44,45,46,47,48,49,50,51,52,54,55,56,57,58,60,61,63,64,65,66,67,68,69,70,71,74,75,76,77,78,79,80,81,82,84,85,86,87,88,89,90,91,93,94,95,96,98,99,100,101,103,105,106,107,108,110,111,112,113,114,115,116,118,120,121,122,123,124,125,126,127,128,129,130,131,132,133,134,136,138,139,141,142,143,145,146,147,148,149,150,154,155,156,157,158,160,161,162,163,164,165,166,168,169,175,176,177,179,180,181,183,184,185,186,187,188,189,191,192,193,195,196,197,198,199,200,201,203,204,205,208,210,211,214,215,216,217,219,220,221,226,228,232,233,235,236,237,239,242,243,244,247,248,249,250,252,254,255,256,257,260,261,263,264,266,267,268,269,272,273,274,275,276,277,280,281,283,284,285,288,289,290,291,292,294,295,296,297,298,299,302,303,307,308,309,310,311,312,313,317,318,319,320,321,322,324,325,326,330,331,332,334,335,336,337,339,340,341,344,346,348,349,351,352,353,354,355,356,357,358,359,360,362,363,364,365,366,367,368,369,370,371,373,375,376,378,379,380,381,383,384,385,387,388,389,390,391,511,512,513,514,515,516,517,518,519,520,521	37,88,119,225,270,318,331,341	106,119,318	Does this source provide an earlier form, selected-cell/stem, trigger, analogy or dated endpoint for fire fȳre?	Text-checked actual applicable source units; retain direct forms, attested examples and process statements separately. No input adoption, historical equivalence, silence-as-dissent or image verification beyond the inherited checks is claimed.	Held text only; alias OCR and quantities can be imperfect. Full index/body search is a screen, not a393-row negative grammar review. PAGE14 roman folio unresolved.	rt-complete-2013-001;rt-complete-2013-002;rt-complete-2013-003;rt-complete-2013-004;rt-complete-2013-005;rt-complete-2013-006;rt-complete-2013-007;rt-complete-2013-008;rt-complete-2013-009;rt-complete-2013-010;rt-complete-2013-011;rt-complete-2013-012;rt-complete-2013-013;rt-complete-2013-014;rt-complete-2013-015
2014	RingeTaylor2014	fish	fisċ	runnable	consulted_applicable	fiska;fiskaz;fisċ;fískaz;peiskos;fiscas			59,188,267,298	188	Source fish plural metathesis is another cell/process, not a quoted PGmc singular.	Source fish plural metathesis is another cell/process, not a quoted PGmc singular. No input adoption, historical equivalence, silence-as-dissent or image verification beyond the inherited checks is claimed.	Held text only; alias OCR and quantities can be imperfect. Full index/body search is a screen, not a393-row negative grammar review. PAGE14 roman folio unresolved.	rt-complete-2014-001
2015	RingeTaylor2014	fist	fȳst	runnable	consulted_applicable	fenfe;fenxwe;funhsti;funxwstiz;fúnxstiz;fȳst;fist	printed586 (PAGE601): fyst 224, 287	224,287	224,287	224,287	Does this source provide an earlier form, selected-cell/stem, trigger, analogy or dated endpoint for fist fȳst?	Text-checked actual applicable source units; retain direct forms, attested examples and process statements separately. No input adoption, historical equivalence, silence-as-dissent or image verification beyond the inherited checks is claimed.	Held text only; alias OCR and quantities can be imperfect. Full index/body search is a screen, not a393-row negative grammar review. PAGE14 roman folio unresolved.	rt-complete-2015-001;rt-complete-2015-002;rt-complete-2015-003;rt-complete-2015-004;rt-complete-2015-005
2016	RingeTaylor2014	flask	flasce	runnable	consulted_applicable	flasce;flaskō;flaskō(n);flataz;flaxt-ska;fláskōn;flask	printed559 (PAGE574): *flaskon- 192;printed584 (PAGE599): flasce, flascan ~ -x- 192	192		192	Does this source provide an earlier form, selected-cell/stem, trigger, analogy or dated endpoint for flask flasce?	Text-checked actual applicable source units; retain direct forms, attested examples and process statements separately. No input adoption, historical equivalence, silence-as-dissent or image verification beyond the inherited checks is claimed.	Held text only; alias OCR and quantities can be imperfect. Full index/body search is a screen, not a393-row negative grammar review. PAGE14 roman folio unresolved.	rt-complete-2016-001;rt-complete-2016-002;rt-complete-2016-003;rt-complete-2016-004;rt-complete-2016-005
2017	RingeTaylor2014	flax	fleax	runnable	consulted_applicable	flahsa;flaxsan;fleax;fláxsą;flahs	printed584 (PAGE599): fleax 176	176	42,84,176,182,202	176	Does this source provide an earlier form, selected-cell/stem, trigger, analogy or dated endpoint for flax fleax?	Text-checked actual applicable source units; retain direct forms, attested examples and process statements separately. No input adoption, historical equivalence, silence-as-dissent or image verification beyond the inherited checks is claimed.	Held text only; alias OCR and quantities can be imperfect. Full index/body search is a screen, not a393-row negative grammar review. PAGE14 roman folio unresolved.	rt-complete-2017-001;rt-complete-2017-002;rt-complete-2017-003;rt-complete-2017-004
2018	RingeTaylor2014	flea	flēah	runnable	screened_no_specific_commitment	flauhō;flauxz;fláuxz;flēah	printed584 (PAGE599): fléah 309	309,345			Does this source provide an earlier form, selected-cell/stem, trigger, analogy or dated endpoint for flea flēah?	OHG floh in the flee-verb material309/345 means '(s)he fled', not the flea lexeme. Possible orthographic/semantic/family matches are navigation only; no source absence is inferred.	Held text only; alias OCR and quantities can be imperfect. Full index/body search is a screen, not a393-row negative grammar review. PAGE14 roman folio unresolved.	
2019	RingeTaylor2014	flee	flēon	runnable	consulted_applicable	fleuxanan;fléuxaną;flēon;þleuhan;fléon	printed584 (PAGE599): fléon 315, 345 (princ.)	315,345	315,316,345,356	315,345	Does this source provide an earlier form, selected-cell/stem, trigger, analogy or dated endpoint for flee flēon?	Text-checked actual applicable source units; retain direct forms, attested examples and process statements separately. No input adoption, historical equivalence, silence-as-dissent or image verification beyond the inherited checks is claimed.	Held text only; alias OCR and quantities can be imperfect. Full index/body search is a screen, not a393-row negative grammar review. PAGE14 roman folio unresolved.	rt-complete-2019-001;rt-complete-2019-002;rt-complete-2019-003;rt-complete-2019-004;rt-complete-2019-005;rt-complete-2019-006;rt-complete-2019-007;rt-complete-2019-008;rt-complete-2019-009;rt-complete-2019-010;rt-complete-2019-011;rt-complete-2019-012;rt-complete-2019-013;rt-complete-2019-015;rt-complete-2019-016
2020	RingeTaylor2014	flesh	flǣsċ	runnable	consulted_applicable	flaik-sk;flaiskaz;fláiskiz;flǣsċ;þlaiskiz;flaiski			209,234,287	126,128	Does this source provide an earlier form, selected-cell/stem, trigger, analogy or dated endpoint for flesh flǣsċ?	Text-checked actual applicable source units; retain direct forms, attested examples and process statements separately. No input adoption, historical equivalence, silence-as-dissent or image verification beyond the inherited checks is claimed.	Held text only; alias OCR and quantities can be imperfect. Full index/body search is a screen, not a393-row negative grammar review. PAGE14 roman folio unresolved.	rt-complete-2020-001;rt-complete-2020-002;rt-complete-2020-003
2021	RingeTaylor2014	flood	flōd	runnable	screened_no_specific_commitment	flōd;flōdu;flōduz;flōwanan;flōđan;flōđiz;flōđuz					Does this source provide an earlier form, selected-cell/stem, trigger, analogy or dated endpoint for flood flōd?	No identity-safe specific target established by the full held-text alias/index/topic screen; not an author-silence finding.	Held text only; alias OCR and quantities can be imperfect. Full index/body search is a screen, not a393-row negative grammar review. PAGE14 roman folio unresolved.	
2022	RingeTaylor2014	fly	flēogan	runnable	consulted_applicable	fleugan;fleuhan;fleukan;fleuʒanan;fléuganą;flēogan;flūkan;fleug	printed550 (PAGE565): *fleugana 174, 309;printed565 (PAGE580): *fleugan 130;printed565 (PAGE580): *fleuhan, *-and, *-€ 315;printed584 (PAGE599): fléogan 130, 174, 309, 347 (princ.)	130,174,309,315,347	130,174,309,347	130,174,309	Does this source provide an earlier form, selected-cell/stem, trigger, analogy or dated endpoint for fly flēogan?	Text-checked actual applicable source units; retain direct forms, attested examples and process statements separately. No input adoption, historical equivalence, silence-as-dissent or image verification beyond the inherited checks is claimed.	Held text only; alias OCR and quantities can be imperfect. Full index/body search is a screen, not a393-row negative grammar review. PAGE14 roman folio unresolved.	rt-complete-2022-001;rt-complete-2022-002;rt-complete-2022-003;rt-complete-2022-004;rt-complete-2022-005;rt-complete-2022-006;rt-complete-2022-007;rt-complete-2022-008;rt-complete-2022-009;rt-complete-2022-010;rt-complete-2022-011;rt-complete-2022-012
2023	RingeTaylor2014	foal	fola	runnable	screened_no_specific_commitment	fola;fulan;fulja;fulōn;fúlô		345			Does this source provide an earlier form, selected-cell/stem, trigger, analogy or dated endpoint for foal fola?	Possible orthographic/semantic/family matches are navigation only; no source absence is inferred.	Held text only; alias OCR and quantities can be imperfect. Full index/body search is a screen, not a393-row negative grammar review. PAGE14 roman folio unresolved.	
2024	RingeTaylor2014	fodder	fōdor	runnable	consulted_applicable	fōdor;fōdra;fōdrą;fōrþra;fōþra;fōđran;fōđōn;pā-tro;fodra	printed550 (PAGE565): *fodra 327;printed585 (PAGE600): fodor 327	327		327	Sheath/lining formation is a semantic comparandum, not proof of the selected fodder identity.	Sheath/lining formation is a semantic comparandum, not proof of the selected fodder identity. No input adoption, historical equivalence, silence-as-dissent or image verification beyond the inherited checks is claimed.	Held text only; alias OCR and quantities can be imperfect. Full index/body search is a screen, not a393-row negative grammar review. PAGE14 roman folio unresolved.	rt-complete-2024-001;rt-complete-2024-002;rt-complete-2024-003;rt-complete-2024-004
2025	RingeTaylor2014	fold	fealdan	runnable	consulted_applicable	falþan;falþanan;fealdan;fálθaną;pel-t;fealdan	printed584 (PAGE599): fealdan 156	156	155,156	156	Does this source provide an earlier form, selected-cell/stem, trigger, analogy or dated endpoint for fold fealdan?	Text-checked actual applicable source units; retain direct forms, attested examples and process statements separately. No input adoption, historical equivalence, silence-as-dissent or image verification beyond the inherited checks is claimed.	Held text only; alias OCR and quantities can be imperfect. Full index/body search is a screen, not a393-row negative grammar review. PAGE14 roman folio unresolved.	rt-complete-2025-001;rt-complete-2025-002;rt-complete-2025-003;rt-complete-2025-004
2026	RingeTaylor2014	folk	folc	runnable	consulted_applicable	folc;fulkan;fúlką;polĝ;fulka	printed559 (PAGE574): *fulka 28, 33;printed585 (PAGE600): folc 28, 33	28,33	28,33,53,135,223	28,33	Does this source provide an earlier form, selected-cell/stem, trigger, analogy or dated endpoint for folk folc?	Text-checked actual applicable source units; retain direct forms, attested examples and process statements separately. No input adoption, historical equivalence, silence-as-dissent or image verification beyond the inherited checks is claimed.	Held text only; alias OCR and quantities can be imperfect. Full index/body search is a screen, not a393-row negative grammar review. PAGE14 roman folio unresolved.	rt-complete-2026-001;rt-complete-2026-002;rt-complete-2026-003;rt-complete-2026-004
2027	RingeTaylor2014	follow	fylġan	runnable	consulted_applicable	fulgjan;fulgēn;fulgēną;fulʒēnan;fylġan;fúlgijaną;pьlzti;pьlzěti;fulg	printed585 (PAGE600): fylgan 33, 96, 222, 350	33,96,222,350	29,33,58,89,92,96,137,168,172,222,234,235,250,252,263,275,280,292,354,356,357,518,520	33	Does this source provide an earlier form, selected-cell/stem, trigger, analogy or dated endpoint for follow fylġan?	Text-checked actual applicable source units; retain direct forms, attested examples and process statements separately. No input adoption, historical equivalence, silence-as-dissent or image verification beyond the inherited checks is claimed.	Held text only; alias OCR and quantities can be imperfect. Full index/body search is a screen, not a393-row negative grammar review. PAGE14 roman folio unresolved.	rt-complete-2027-001;rt-complete-2027-002;rt-complete-2027-003
2028	RingeTaylor2014	forlorn	lēosan	runnable	consulted_applicable	leusan;leusanan;léusaną;lēosan;forléosan				342	Does this source provide an earlier form, selected-cell/stem, trigger, analogy or dated endpoint for forlorn lēosan?	Text-checked actual applicable source units; retain direct forms, attested examples and process statements separately. No input adoption, historical equivalence, silence-as-dissent or image verification beyond the inherited checks is claimed.	Held text only; alias OCR and quantities can be imperfect. Full index/body search is a screen, not a393-row negative grammar review. PAGE14 roman folio unresolved.	rt-complete-2028-001;rt-complete-2028-002;rt-complete-2028-003;rt-complete-2028-004;rt-complete-2028-009
2029	RingeTaylor2014	four	fēower	runnable	consulted_applicable	fedur-aiz;fedwar;fedwōr;fewar;feđurez;feđwōrez;fédwōr;fēower;fedwor		41,59,60,152,173,333	18,41,59,60,93,121,152,160,173,197,279,284,302,310,313,332,333,349,352,362,381,388	41,59	Does this source provide an earlier form, selected-cell/stem, trigger, analogy or dated endpoint for four fēower?	Text-checked actual applicable source units; retain direct forms, attested examples and process statements separately. No input adoption, historical equivalence, silence-as-dissent or image verification beyond the inherited checks is claimed.	Held text only; alias OCR and quantities can be imperfect. Full index/body search is a screen, not a393-row negative grammar review. PAGE14 roman folio unresolved.	rt-complete-2029-001;rt-complete-2029-002;rt-complete-2029-003;rt-complete-2029-004;rt-complete-2029-005;rt-complete-2029-006;rt-complete-2029-007;rt-complete-2029-008;rt-complete-2029-009
2030	RingeTaylor2014	fowl	fugol	runnable	consulted_applicable	flug-la;fluʒlaz;fugla;fugol;fuʒlaz;fúglaz;fugl	printed550 (PAGE565): *fuglaz 32, 48, 330;printed585 (PAGE600): fugol 32, 330, 387	32,48,330,387		32,48,330,387	Does this source provide an earlier form, selected-cell/stem, trigger, analogy or dated endpoint for fowl fugol?	Text-checked actual applicable source units; retain direct forms, attested examples and process statements separately. No input adoption, historical equivalence, silence-as-dissent or image verification beyond the inherited checks is claimed.	Held text only; alias OCR and quantities can be imperfect. Full index/body search is a screen, not a393-row negative grammar review. PAGE14 roman folio unresolved.	rt-complete-2030-001;rt-complete-2030-002;rt-complete-2030-003;rt-complete-2030-004;rt-complete-2030-005;rt-complete-2030-006;rt-complete-2030-007;rt-complete-2030-008;rt-complete-2030-009;rt-complete-2030-010;rt-complete-2030-011;rt-complete-2030-012;rt-complete-2030-013;rt-complete-2030-014;rt-complete-2030-015;rt-complete-2030-016;rt-complete-2030-017
2031	RingeTaylor2014	fox	fox	runnable	screened_no_specific_commitment	fox;fuhsa;fuxsaz;fuxōn;fúxsaz					Does this source provide an earlier form, selected-cell/stem, trigger, analogy or dated endpoint for fox fox?	No identity-safe specific target established by the full held-text alias/index/topic screen; not an author-silence finding.	Held text only; alias OCR and quantities can be imperfect. Full index/body search is a screen, not a393-row negative grammar review. PAGE14 roman folio unresolved.	
2032	RingeTaylor2014	freeze	frēosan	runnable	consulted_applicable	freusan;freusanan;fruzana;fréusaną;frēosan;freusana;fréosan	printed550 (PAGE565): *freusana 173;printed585 (PAGE600): fréosan 173, 342 (princ.)	173,342	173,342	173,342	Does this source provide an earlier form, selected-cell/stem, trigger, analogy or dated endpoint for freeze frēosan?	Text-checked actual applicable source units; retain direct forms, attested examples and process statements separately. No input adoption, historical equivalence, silence-as-dissent or image verification beyond the inherited checks is claimed.	Held text only; alias OCR and quantities can be imperfect. Full index/body search is a screen, not a393-row negative grammar review. PAGE14 roman folio unresolved.	rt-complete-2032-001;rt-complete-2032-002;rt-complete-2032-004;rt-complete-2032-005;rt-complete-2032-006;rt-complete-2032-007;rt-complete-2032-008
2033	RingeTaylor2014	friend	frēond	runnable	consulted_applicable	fri(j)ōnd;frijaz;frijond;frijō;frijōjan;frijōjanan;frijōndz;fríjōndz;frēond;frijond-;fréond	printed550 (PAGE565): *frijaz 318;printed550 (PAGE565): *frijond- 62, 175	62,283,318,361,386	62,175,283,334,383,386	62,386	Does this source provide an earlier form, selected-cell/stem, trigger, analogy or dated endpoint for friend frēond?	Text-checked actual applicable source units; retain direct forms, attested examples and process statements separately. No input adoption, historical equivalence, silence-as-dissent or image verification beyond the inherited checks is claimed.	Held text only; alias OCR and quantities can be imperfect. Full index/body search is a screen, not a393-row negative grammar review. PAGE14 roman folio unresolved.	rt-complete-2033-001;rt-complete-2033-002;rt-complete-2033-003;rt-complete-2033-004;rt-complete-2033-005;rt-complete-2033-006
2034	RingeTaylor2014	fright	fyrhte	runnable	screened_no_specific_commitment	furhtō;furxtaz;furxtīn;fyrhte;fúrxtīnaz					Does this source provide an earlier form, selected-cell/stem, trigger, analogy or dated endpoint for fright fyrhte?	No identity-safe specific target established by the full held-text alias/index/topic screen; not an author-silence finding.	Held text only; alias OCR and quantities can be imperfect. Full index/body search is a screen, not a393-row negative grammar review. PAGE14 roman folio unresolved.	
2035	RingeTaylor2014	frost	forst	runnable	screened_no_specific_commitment	forst;frusta;frustan;frustaz;frústą					Does this source provide an earlier form, selected-cell/stem, trigger, analogy or dated endpoint for frost forst?	No identity-safe specific target established by the full held-text alias/index/topic screen; not an author-silence finding.	Held text only; alias OCR and quantities can be imperfect. Full index/body search is a screen, not a393-row negative grammar review. PAGE14 roman folio unresolved.	
2036	RingeTaylor2014	furrow	furh	runnable	consulted_applicable	furg;furh;furh-i;furh-z;furxiz;furxō;fúrx;furh	printed550 (PAGE565): *furh- 28, 202, 308;printed565 (PAGE580): *furh, *-um 308;printed585 (PAGE600): furh 28, 308	28,202,224,308	28,202,224,308	28,202,308	Does this source provide an earlier form, selected-cell/stem, trigger, analogy or dated endpoint for furrow furh?	Text-checked actual applicable source units; retain direct forms, attested examples and process statements separately. No input adoption, historical equivalence, silence-as-dissent or image verification beyond the inherited checks is claimed.	Held text only; alias OCR and quantities can be imperfect. Full index/body search is a screen, not a393-row negative grammar review. PAGE14 roman folio unresolved.	rt-complete-2036-001;rt-complete-2036-002;rt-complete-2036-003;rt-complete-2036-004;rt-complete-2036-005;rt-complete-2036-006;rt-complete-2036-007;rt-complete-2036-008;rt-complete-2036-009;rt-complete-2036-010;rt-complete-2036-011;rt-complete-2036-012;rt-complete-2036-013;rt-complete-2036-014;rt-complete-2036-015
2037	RingeTaylor2014	gall	ġealla	runnable	screened_no_specific_commitment	galla;galla/ōn;gállô;gállą;ġealla;ʒallan;ʒallōn		155			Does this source provide an earlier form, selected-cell/stem, trigger, analogy or dated endpoint for gall ġealla?	Possible orthographic/semantic/family matches are navigation only; no source absence is inferred.	Held text only; alias OCR and quantities can be imperfect. Full index/body search is a screen, not a393-row negative grammar review. PAGE14 roman folio unresolved.	
2038	RingeTaylor2014	gang	gang	runnable	screened_no_specific_commitment	ejj-od;ejjō;gang;gangan;gangi;ganhti;ganhtja;geanga;geangume;ginhti;gungan;gángaz;ʒanʒanan;ʒanʒaz	printed565 (PAGE580): gangi 209;printed586 (PAGE601): gang (past) 91;printed586 (PAGE601): gangan 348	91,209,348,370	91,370		Does this source provide an earlier form, selected-cell/stem, trigger, analogy or dated endpoint for gang gang?	Possible orthographic/semantic/family matches are navigation only; no source absence is inferred.	Held text only; alias OCR and quantities can be imperfect. Full index/body search is a screen, not a393-row negative grammar review. PAGE14 roman folio unresolved.	
2039	RingeTaylor2014	ghost	gāst	runnable	consulted_applicable	gaista;gáistaz;gāst;ʒaisaz;ʒaisjanan;ʒaistaz;gaist	printed586 (PAGE601): gast 126, 171, 283	43,55,126,171,216,244,283,287	283	126,128,171	Does this source provide an earlier form, selected-cell/stem, trigger, analogy or dated endpoint for ghost gāst?	Text-checked actual applicable source units; retain direct forms, attested examples and process statements separately. No input adoption, historical equivalence, silence-as-dissent or image verification beyond the inherited checks is claimed.	Held text only; alias OCR and quantities can be imperfect. Full index/body search is a screen, not a393-row negative grammar review. PAGE14 roman folio unresolved.	rt-complete-2039-001;rt-complete-2039-002;rt-complete-2039-003;rt-complete-2039-004
2040	RingeTaylor2014	gift	ġift	runnable	consulted_applicable	geban;gebō;gift;gifta;giftiz;gíftiz;gēbōn;ġift;ʒeftiz;gift	printed551 (PAGE566): *gebo 15, 288;printed551 (PAGE566): *gebO 59, 152, 333;printed566 (PAGE581): *gebO 43, 59, 154	15,43,48,56,59,61,114,154,215,288,325,331,336	15,43,48,56,59,61,114,288,325,331,336	15,43,59,61,114,220,288,325	Giefu/gebō is the give-family ō-stem, not a quotation of the selected gift i-stem singular.	An inherited-versus-OE process argument; this review does not quote a whole-word gift reconstruction. Giefu/gebō is the give-family ō-stem, not a quotation of the selected gift i-stem singular. No input adoption, historical equivalence, silence-as-dissent or image verification beyond the inherited checks is claimed.	Held text only; alias OCR and quantities can be imperfect. Full index/body search is a screen, not a393-row negative grammar review. PAGE14 roman folio unresolved.	raising-ringe-taylor-oe-boundary;rt-complete-2040-001;rt-complete-2040-002;rt-complete-2040-003;rt-complete-2040-004;rt-complete-2040-005;rt-complete-2040-006;rt-complete-2040-007;rt-complete-2040-008;rt-complete-2040-009;rt-complete-2040-010;rt-complete-2040-011;rt-complete-2040-012;rt-complete-2040-013;rt-complete-2040-014;rt-complete-2040-015;rt-complete-2040-016;rt-complete-2040-017;rt-complete-2040-018;rt-complete-2040-019;rt-complete-2040-020;rt-complete-2040-021;rt-complete-2040-022;rt-complete-2040-023;rt-complete-2040-024;rt-complete-2040-025;rt-complete-2040-026;rt-complete-2040-027;rt-complete-2040-028;rt-complete-2040-029;rt-complete-2040-030;rt-complete-2040-031;rt-complete-2040-032;rt-complete-2040-033;rt-complete-2040-034;rt-complete-2040-035;rt-complete-2040-036;rt-complete-2040-037;rt-complete-2040-038;rt-complete-2040-039;rt-complete-2040-040;rt-complete-2040-041;rt-complete-2040-042
2041	RingeTaylor2014	give	ġiefan	runnable	consulted_applicable	ga-ef;geban;gébaną;ġiefan;ʒebanan;gebang;giefan		215,325,347,351	3,79,87,95,124,167,185,197,201,208,215,238,243,325,347,357,358,362,371,519	215,325	Does this source provide an earlier form, selected-cell/stem, trigger, analogy or dated endpoint for give ġiefan?	Text-checked actual applicable source units; retain direct forms, attested examples and process statements separately. No input adoption, historical equivalence, silence-as-dissent or image verification beyond the inherited checks is claimed.	Held text only; alias OCR and quantities can be imperfect. Full index/body search is a screen, not a393-row negative grammar review. PAGE14 roman folio unresolved.	rt-complete-2041-001;rt-complete-2041-002;rt-complete-2041-003;rt-complete-2041-004;rt-complete-2041-005;rt-complete-2041-006;rt-complete-2041-007;rt-complete-2041-008;rt-complete-2041-009;rt-complete-2041-010;rt-complete-2041-011;rt-complete-2041-012
2042	RingeTaylor2014	god	god	runnable	consulted_applicable	god;guda;gúdą;ʒuđ(z);ʒuđaz;guda	printed566 (PAGE581): god 119 (parad.);printed589 (PAGE604): god 28, 282;printed589 (PAGE604): god 282	28,32,119,141,282,328	28,32,119,141,282,328	28	Does this source provide an earlier form, selected-cell/stem, trigger, analogy or dated endpoint for god god?	Text-checked actual applicable source units; retain direct forms, attested examples and process statements separately. No input adoption, historical equivalence, silence-as-dissent or image verification beyond the inherited checks is claimed.	Held text only; alias OCR and quantities can be imperfect. Full index/body search is a screen, not a393-row negative grammar review. PAGE14 roman folio unresolved.	rt-complete-2042-001
2043	RingeTaylor2014	gold	gold	runnable	consulted_applicable	gold;gulda;gulþa;gúlθą;ʒulþan;gulba	printed551 (PAGE566): *gulba ~ *gulda- 28, 155;printed589 (PAGE604): gold 28, 155	28,155	28,155	28,155	Does this source provide an earlier form, selected-cell/stem, trigger, analogy or dated endpoint for gold gold?	Text-checked actual applicable source units; retain direct forms, attested examples and process statements separately. No input adoption, historical equivalence, silence-as-dissent or image verification beyond the inherited checks is claimed.	Held text only; alias OCR and quantities can be imperfect. Full index/body search is a screen, not a393-row negative grammar review. PAGE14 roman folio unresolved.	rt-complete-2043-001;rt-complete-2043-002;rt-complete-2043-003;rt-complete-2043-004;rt-complete-2043-005;rt-complete-2043-006;rt-complete-2043-007;rt-complete-2043-008
2044	RingeTaylor2014	goose	gōs	runnable	consulted_applicable	gans;gansus;gánsz;gōs;ʒansz;gans	printed550 (PAGE565): *gans 141;printed589 (PAGE604): gos 141	141	141	139,141	Does this source provide an earlier form, selected-cell/stem, trigger, analogy or dated endpoint for goose gōs?	Text-checked actual applicable source units; retain direct forms, attested examples and process statements separately. No input adoption, historical equivalence, silence-as-dissent or image verification beyond the inherited checks is claimed.	Held text only; alias OCR and quantities can be imperfect. Full index/body search is a screen, not a393-row negative grammar review. PAGE14 roman folio unresolved.	rt-complete-2044-001;rt-complete-2044-002;rt-complete-2044-003;rt-complete-2044-004
2045	RingeTaylor2014	grass	græs	runnable	consulted_applicable	grasa;grásą;græs;ʒrasan;grasa	printed551 (PAGE566): *grasa 147, 198;printed560 (PAGE575): grasa 198	147,198	15,53,147,173,198,246,341	147,198	Does this source provide an earlier form, selected-cell/stem, trigger, analogy or dated endpoint for grass græs?	Text-checked actual applicable source units; retain direct forms, attested examples and process statements separately. No input adoption, historical equivalence, silence-as-dissent or image verification beyond the inherited checks is claimed.	Held text only; alias OCR and quantities can be imperfect. Full index/body search is a screen, not a393-row negative grammar review. PAGE14 roman folio unresolved.	rt-complete-2045-001;rt-complete-2045-002;rt-complete-2045-003;rt-complete-2045-004;rt-complete-2045-005;rt-complete-2045-006;rt-complete-2045-007;rt-complete-2045-008;rt-complete-2045-009;rt-complete-2045-010;rt-complete-2045-011;rt-complete-2045-012
2046	RingeTaylor2014	grave	grafan	runnable	screened_no_specific_commitment	graban;grafan;grábaną;ʒrabanan			29,212,328,330		Does this source provide an earlier form, selected-cell/stem, trigger, analogy or dated endpoint for grave grafan?	Leger and cumbol grave/tomb comparanda are not selected grafan. No identity-safe specific target established by the full held-text alias/index/topic screen; not an author-silence finding.	Held text only; alias OCR and quantities can be imperfect. Full index/body search is a screen, not a393-row negative grammar review. PAGE14 roman folio unresolved.	
2047	RingeTaylor2014	gripe	grīpan	runnable	screened_no_specific_commitment	grīpan;grī́paną;grḯpaną;ʒrīpanan					Does this source provide an earlier form, selected-cell/stem, trigger, analogy or dated endpoint for gripe grīpan?	No identity-safe specific target established by the full held-text alias/index/topic screen; not an author-silence finding.	Held text only; alias OCR and quantities can be imperfect. Full index/body search is a screen, not a393-row negative grammar review. PAGE14 roman folio unresolved.	
2048	RingeTaylor2014	ground	grund	runnable	screened_no_specific_commitment	ghrn̥-tu;grumfþu;grumþu;grund;grundu;grúnduz;ʒrunþan;ʒrunþaz;ʒrunþuz;ʒrunđiz;ʒrunđuz			74,211,232,244,332		Does this source provide an earlier form, selected-cell/stem, trigger, analogy or dated endpoint for ground grund?	Ground at74 is the participle of grind; the ridge/fall examples211/232/244 do not analyse grund. No identity-safe specific target established by the full held-text alias/index/topic screen; not an author-silence finding.	Held text only; alias OCR and quantities can be imperfect. Full index/body search is a screen, not a393-row negative grammar review. PAGE14 roman folio unresolved.	
2049	RingeTaylor2014	guest	ġiest	runnable	consulted_applicable	gasti;gástiz;ġiest;ʒastiz;gastiz	printed551 (PAGE566): *gastiz 43, 55, 216, 244, 287;printed551 (PAGE566): *gasti 55, 287;printed551 (PAGE566): *gastiz 15, 43, 300;printed566 (PAGE581): *gasti 43, 55, 115 (parad.), 287;printed566 (PAGE581): gasti 43;printed588 (PAGE603): Giest 43, 55, 216, 244, 287	15,43,55,115,216,244,287,300	43,55,114,115,216,244,287	43,55,115,216,244,287	Does this source provide an earlier form, selected-cell/stem, trigger, analogy or dated endpoint for guest ġiest?	Text-checked actual applicable source units; retain direct forms, attested examples and process statements separately. No input adoption, historical equivalence, silence-as-dissent or image verification beyond the inherited checks is claimed.	Held text only; alias OCR and quantities can be imperfect. Full index/body search is a screen, not a393-row negative grammar review. PAGE14 roman folio unresolved.	rt-complete-2049-001;rt-complete-2049-002;rt-complete-2049-003;rt-complete-2049-004;rt-complete-2049-005;rt-complete-2049-006;rt-complete-2049-007;rt-complete-2049-008;rt-complete-2049-009;rt-complete-2049-010;rt-complete-2049-011;rt-complete-2049-012;rt-complete-2049-013;rt-complete-2049-014;rt-complete-2049-015;rt-complete-2049-016;rt-complete-2049-017;rt-complete-2049-018;rt-complete-2049-019;rt-complete-2049-020;rt-complete-2049-021;rt-complete-2049-022;rt-complete-2049-023;rt-complete-2049-024;rt-complete-2049-025;rt-complete-2049-026;rt-complete-2049-027;rt-complete-2049-028;rt-complete-2049-029;rt-complete-2049-030;rt-complete-2049-031;rt-complete-2049-032;rt-complete-2049-033;rt-complete-2049-034;rt-complete-2049-035;rt-complete-2049-036;rt-complete-2049-037
2050	RingeTaylor2014	hail	hæġl	runnable	screened_no_specific_commitment	hagla;hæġl;xaʒlan;xaʒlaz;xexlōn;xáglą			128,129,227,230		Does this source provide an earlier form, selected-cell/stem, trigger, analogy or dated endpoint for hail hæġl?	Hail/greet/healthy examples128/129/227/230 are not the hailstone hæġl identity. No identity-safe specific target established by the full held-text alias/index/topic screen; not an author-silence finding.	Held text only; alias OCR and quantities can be imperfect. Full index/body search is a screen, not a393-row negative grammar review. PAGE14 roman folio unresolved.	
2051	RingeTaylor2014	hair	hǣr	runnable	screened_no_specific_commitment	hezra;hēra;hǣr;xēran;xḗrą	printed591 (PAGE606): héra ‘hear’ (North.) 245;printed591 (PAGE606): héra ‘higher’ (Angl.) 267, 317	83,192,245,267,317	84,207,226,247,248,277		Does this source provide an earlier form, selected-cell/stem, trigger, analogy or dated endpoint for hair hǣr?	Hazdaz/head-hair and cut/clip-hair examples are distinct lexemes; no local hǣr form or relevant hǣr-specific argument was established. Possible orthographic/semantic/family matches are navigation only; no source absence is inferred.	Held text only; alias OCR and quantities can be imperfect. Full index/body search is a screen, not a393-row negative grammar review. PAGE14 roman folio unresolved.	
2052	RingeTaylor2014	hall	heall	runnable	consulted_applicable	heall;helan;helma;xal-n-ō;xalliz;xallō;xelanan;xállō;hallu	printed589 (PAGE604): hélan 234;printed590 (PAGE605): heall 185, 285	185,285	129,185,224,236,261,275,285,291,293	185,285	Does this source provide an earlier form, selected-cell/stem, trigger, analogy or dated endpoint for hall heall?	Text-checked actual applicable source units; retain direct forms, attested examples and process statements separately. No input adoption, historical equivalence, silence-as-dissent or image verification beyond the inherited checks is claimed.	Held text only; alias OCR and quantities can be imperfect. Full index/body search is a screen, not a393-row negative grammar review. PAGE14 roman folio unresolved.	rt-complete-2052-001;rt-complete-2052-002;rt-complete-2052-003;rt-complete-2052-004
2053	RingeTaylor2014	hammer	hameres	runnable	screened_no_specific_commitment	hamara;hameres;xamaraz;xámaras;xámaraz					Does this source provide an earlier form, selected-cell/stem, trigger, analogy or dated endpoint for hammer hameres?	No identity-safe specific target established by the full held-text alias/index/topic screen; not an author-silence finding.	Held text only; alias OCR and quantities can be imperfect. Full index/body search is a screen, not a393-row negative grammar review. PAGE14 roman folio unresolved.	
2054	RingeTaylor2014	hand	hand	runnable	consulted_applicable	hand;handu;xanđuz;xenþanan;xánduz;handuz;handu	printed566 (PAGE581): *handu 287;printed590 (PAGE605): hand 144, 287, 385	5,10,15,19,33,35,44,46,47,50,53,63,66,70,74,78,80,92,131,140,144,152,158,162,181,185,187,200,203,226,238,247,256,260,262,264,278,284,287,289,294,302,325,338,345,352,354,362,370,376,379,383,385,515,517	5,10,15,19,33,35,44,46,47,50,53,63,66,70,74,78,80,92,131,140,144,152,158,162,181,185,187,200,203,226,238,247,256,260,262,264,278,284,287,289,294,302,325,338,345,352,354,362,370,376,379,383,385,515,517	144,287,385	Does this source provide an earlier form, selected-cell/stem, trigger, analogy or dated endpoint for hand hand?	Text-checked actual applicable source units; retain direct forms, attested examples and process statements separately. No input adoption, historical equivalence, silence-as-dissent or image verification beyond the inherited checks is claimed.	Held text only; alias OCR and quantities can be imperfect. Full index/body search is a screen, not a393-row negative grammar review. PAGE14 roman folio unresolved.	rt-complete-2054-001;rt-complete-2054-002;rt-complete-2054-003;rt-complete-2054-004;rt-complete-2054-005;rt-complete-2054-006;rt-complete-2054-007;rt-complete-2054-008
2055	RingeTaylor2014	handle	handlian	runnable	consulted_applicable	handlian;handu;xanđlan;xanđlō;xanđlōjanan;xándlōjaną;handul	printed566 (PAGE581): *handu 287;printed590 (PAGE605): handlian 131, 269	131,144,269,287	131,269	131,269	Handle derivative; source retains the internal -ul- and later morphological remodelling.	Handle derivative; source retains the internal -ul- and later morphological remodelling. No input adoption, historical equivalence, silence-as-dissent or image verification beyond the inherited checks is claimed.	Held text only; alias OCR and quantities can be imperfect. Full index/body search is a screen, not a393-row negative grammar review. PAGE14 roman folio unresolved.	rt-complete-2055-001;rt-complete-2055-002;rt-complete-2055-003;rt-complete-2055-004;rt-complete-2055-005;rt-complete-2055-006;rt-complete-2055-007
2056	RingeTaylor2014	harm	hearm	runnable	screened_no_specific_commitment	harma;hearm;xarmaz;xármaz			46,51,206,236,238,245,247		Does this source provide an earlier form, selected-cell/stem, trigger, analogy or dated endpoint for harm hearm?	Balwa and harm verbs skabjan/aglijan do not establish the selected hearm noun. No identity-safe specific target established by the full held-text alias/index/topic screen; not an author-silence finding.	Held text only; alias OCR and quantities can be imperfect. Full index/body search is a screen, not a393-row negative grammar review. PAGE14 roman folio unresolved.	
2057	RingeTaylor2014	harvest	hierfest	runnable	consulted_applicable	harbista;hierfest;xarbistaz;xarbistuz;xarbustuz;xarfaz;xárbistuz;harbist			96,126,236,252	126,128	Does this source provide an earlier form, selected-cell/stem, trigger, analogy or dated endpoint for harvest hierfest?	Text-checked actual applicable source units; retain direct forms, attested examples and process statements separately. No input adoption, historical equivalence, silence-as-dissent or image verification beyond the inherited checks is claimed.	Held text only; alias OCR and quantities can be imperfect. Full index/body search is a screen, not a393-row negative grammar review. PAGE14 roman folio unresolved.	rt-complete-2057-001;rt-complete-2057-002;rt-complete-2057-003;rt-complete-2057-004;rt-complete-2057-005
2058	RingeTaylor2014	have	hæfeþ	runnable	consulted_applicable	habban;habēn;hæf;hæfeþ;xabēnan;xabēną;xafjanan;xábēθi;habban;habja-	printed589 (PAGE604): habban 93, 131, 362-4 (stems)	93,94,131,362,363,364	1,2,3,5,6,7,8,12,13,14,15,16,17,18,19,20,21,22,23,24,25,26,27,28,29,32,33,34,35,36,39,40,41,42,43,44,45,46,47,48,49,50,51,53,54,55,56,57,58,59,60,61,62,63,65,66,67,68,69,70,71,72,73,74,75,76,77,78,79,80,81,82,83,85,86,88,89,90,91,92,93,94,96,97,98,99,100,101,102,103,105,106,108,109,110,111,112,113,114,115,116,117,118,119,120,121,122,123,124,125,126,127,128,129,131,132,133,134,135,136,137,139,140,141,142,145,146,148,151,153,154,155,156,158,159,160,161,162,163,164,166,167,168,169,170,171,172,173,175,176,177,179,182,183,184,185,186,187,188,189,190,192,193,194,195,196,197,199,200,201,202,203,204,207,208,209,211,214,217,218,219,220,225,228,229,230,231,233,235,236,238,239,240,241,242,243,247,250,251,252,253,254,255,256,257,258,260,261,262,263,264,265,266,267,268,269,273,274,275,276,277,278,279,280,281,282,283,284,285,288,289,290,291,292,293,294,295,296,297,298,300,301,302,303,305,306,308,311,314,316,317,318,320,321,322,326,327,331,332,335,336,337,338,339,340,341,343,345,346,349,350,352,353,355,356,357,358,359,360,361,363,364,365,366,368,369,370,371,372,373,374,375,376,377,378,379,380,381,382,383,384,385,386,387,388,389,390,391,511,512,513,514,515,516,517,518,519,520	93,106,131,363,364,517,518	Does this source provide an earlier form, selected-cell/stem, trigger, analogy or dated endpoint for have hæfeþ?	Text-checked actual applicable source units; retain direct forms, attested examples and process statements separately. No input adoption, historical equivalence, silence-as-dissent or image verification beyond the inherited checks is claimed.	Held text only; alias OCR and quantities can be imperfect. Full index/body search is a screen, not a393-row negative grammar review. PAGE14 roman folio unresolved.	rt-complete-2058-001;rt-complete-2058-002;rt-complete-2058-003;rt-complete-2058-004;rt-complete-2058-005;rt-complete-2058-006;rt-complete-2058-007;rt-complete-2058-008;rt-complete-2058-009;rt-complete-2058-010;rt-complete-2058-011;rt-complete-2058-012;rt-complete-2058-013;rt-complete-2058-014;rt-complete-2058-015;rt-complete-2058-016;rt-complete-2058-017;rt-complete-2058-018;rt-complete-2058-019;rt-complete-2058-020
2059	RingeTaylor2014	haw	haga	runnable	screened_no_specific_commitment	haga;haga(n);hagna;hagō;hakkaz;xaʒanan;xaʒaz;xaʒōn;xágô		190	246		Does this source provide an earlier form, selected-cell/stem, trigger, analogy or dated endpoint for haw haga?	The hawja grass/hay example246 concerns hay2061, not selected haw haga. Possible orthographic/semantic/family matches are navigation only; no source absence is inferred.	Held text only; alias OCR and quantities can be imperfect. Full index/body search is a screen, not a393-row negative grammar review. PAGE14 roman folio unresolved.	
2060	RingeTaylor2014	hawk	hafoc	runnable	consulted_applicable	habuka;hafoc;xabukaz;xábukaz;hafoc	printed590 (PAGE605): hafoc 191, 219, 272	191,219,272	191,219,272	191,219,272	Does this source provide an earlier form, selected-cell/stem, trigger, analogy or dated endpoint for hawk hafoc?	Text-checked actual applicable source units; retain direct forms, attested examples and process statements separately. No input adoption, historical equivalence, silence-as-dissent or image verification beyond the inherited checks is claimed.	Held text only; alias OCR and quantities can be imperfect. Full index/body search is a screen, not a393-row negative grammar review. PAGE14 roman folio unresolved.	rt-complete-2060-001;rt-complete-2060-002;rt-complete-2060-004;rt-complete-2060-005;rt-complete-2060-006;rt-complete-2060-007;rt-complete-2060-008;rt-complete-2060-009;rt-complete-2060-010;rt-complete-2060-012
2061	RingeTaylor2014	hay	hīeġ	runnable	consulted_applicable	hauja;hīeġ;xawwjan;xaʒwjan;xáwją;hawi;hawja	printed591 (PAGE606): hieg 53, 173, 246	53,173,246	53,173,246	53,173,246	Does this source provide an earlier form, selected-cell/stem, trigger, analogy or dated endpoint for hay hīeġ?	Text-checked actual applicable source units; retain direct forms, attested examples and process statements separately. No input adoption, historical equivalence, silence-as-dissent or image verification beyond the inherited checks is claimed.	Held text only; alias OCR and quantities can be imperfect. Full index/body search is a screen, not a393-row negative grammar review. PAGE14 roman folio unresolved.	rt-complete-2061-001;rt-complete-2061-002;rt-complete-2061-003;rt-complete-2061-004;rt-complete-2061-005;rt-complete-2061-006;rt-complete-2061-007;rt-complete-2061-008;rt-complete-2061-009;rt-complete-2061-010;rt-complete-2061-011;rt-complete-2061-012;rt-complete-2061-013;rt-complete-2061-014;rt-complete-2061-015;rt-complete-2061-016;rt-complete-2061-017;rt-complete-2061-018;rt-complete-2061-019;rt-complete-2061-020
2062	RingeTaylor2014	hazel	hæsl	runnable	consulted_applicable	hasla;hæsl;koslo;kosulo;xaslaz;xáslaz;haslaz			329	329	Does this source provide an earlier form, selected-cell/stem, trigger, analogy or dated endpoint for hazel hæsl?	Text-checked actual applicable source units; retain direct forms, attested examples and process statements separately. No input adoption, historical equivalence, silence-as-dissent or image verification beyond the inherited checks is claimed.	Held text only; alias OCR and quantities can be imperfect. Full index/body search is a screen, not a393-row negative grammar review. PAGE14 roman folio unresolved.	rt-complete-2062-001;rt-complete-2062-002;rt-complete-2062-003
2063	RingeTaylor2014	head	hēafod	runnable	consulted_applicable	ha(u)beda;ha(u)buda;habweþaz;hafuþ;hēafod;xabuđan;xaubiđan;xaubuđan;xáubudą;xūbōn;héafod	printed590 (PAGE605): héafod 257, 270, 378 (parad.)	257,270,378	84,96,118,121,127,141,257,269,270,378	257,270,378	Does this source provide an earlier form, selected-cell/stem, trigger, analogy or dated endpoint for head hēafod?	Text-checked actual applicable source units; retain direct forms, attested examples and process statements separately. No input adoption, historical equivalence, silence-as-dissent or image verification beyond the inherited checks is claimed.	Held text only; alias OCR and quantities can be imperfect. Full index/body search is a screen, not a393-row negative grammar review. PAGE14 roman folio unresolved.	rt-complete-2063-001;rt-complete-2063-002;rt-complete-2063-003;rt-complete-2063-004;rt-complete-2063-005;rt-complete-2063-006;rt-complete-2063-007;rt-complete-2063-008;rt-complete-2063-009;rt-complete-2063-010;rt-complete-2063-011;rt-complete-2063-012;rt-complete-2063-013;rt-complete-2063-014;rt-complete-2063-015;rt-complete-2063-016;rt-complete-2063-017;rt-complete-2063-018;rt-complete-2063-019;rt-complete-2063-020;rt-complete-2063-021;rt-complete-2063-022;rt-complete-2063-023;rt-complete-2063-024;rt-complete-2063-025
2064	RingeTaylor2014	heal	hǣlan	runnable	consulted_applicable	hail-sō(ja)n;haila;hailatjan;hǣlan;xailaz;xailjanan;xáilijaną;hailijan			12,200,234,257	234	Does this source provide an earlier form, selected-cell/stem, trigger, analogy or dated endpoint for heal hǣlan?	Text-checked actual applicable source units; retain direct forms, attested examples and process statements separately. No input adoption, historical equivalence, silence-as-dissent or image verification beyond the inherited checks is claimed.	Held text only; alias OCR and quantities can be imperfect. Full index/body search is a screen, not a393-row negative grammar review. PAGE14 roman folio unresolved.	rt-complete-2064-001;rt-complete-2064-002;rt-complete-2064-003
2065	RingeTaylor2014	heart	heorte	runnable	consulted_applicable	heorte;hertōn;xertōn;xértōn;herta;hert6n-	printed591 (PAGE606): heorte 59, 182	59,182	59,182,248,324	59,182	Does this source provide an earlier form, selected-cell/stem, trigger, analogy or dated endpoint for heart heorte?	Text-checked actual applicable source units; retain direct forms, attested examples and process statements separately. No input adoption, historical equivalence, silence-as-dissent or image verification beyond the inherited checks is claimed.	Held text only; alias OCR and quantities can be imperfect. Full index/body search is a screen, not a393-row negative grammar review. PAGE14 roman folio unresolved.	rt-complete-2065-001;rt-complete-2065-002;rt-complete-2065-003;rt-complete-2065-004;rt-complete-2065-005;rt-complete-2065-006;rt-complete-2065-007;rt-complete-2065-008
2066	RingeTaylor2014	hearth	heorþ	runnable	screened_no_specific_commitment	heorþ;herþa;xerþaz;xérθaz					Does this source provide an earlier form, selected-cell/stem, trigger, analogy or dated endpoint for hearth heorþ?	No identity-safe specific target established by the full held-text alias/index/topic screen; not an author-silence finding.	Held text only; alias OCR and quantities can be imperfect. Full index/body search is a screen, not a393-row negative grammar review. PAGE14 roman folio unresolved.	
2067	RingeTaylor2014	heath	hǣþ	runnable	consulted_applicable	haiþa;haiþi;haiþja;hǣþ;xaiþiz;xáiθiz;haipi			234	234	Does this source provide an earlier form, selected-cell/stem, trigger, analogy or dated endpoint for heath hǣþ?	Text-checked actual applicable source units; retain direct forms, attested examples and process statements separately. No input adoption, historical equivalence, silence-as-dissent or image verification beyond the inherited checks is claimed.	Held text only; alias OCR and quantities can be imperfect. Full index/body search is a screen, not a393-row negative grammar review. PAGE14 roman folio unresolved.	rt-complete-2067-001;rt-complete-2067-002;rt-complete-2067-003
2068	RingeTaylor2014	heaven	heofon	runnable	consulted_applicable	ahmōn;hemeni;hemila;hemina;hemna;hemnaz;hemō;heofon;humnaz;meni;xemenaz;xébun;xémenaz;heofon	printed590 (PAGE605): heofon 272, 324, 387	272,324,387	29,152,272,324,330,333,387	272,324,387	Does this source provide an earlier form, selected-cell/stem, trigger, analogy or dated endpoint for heaven heofon?	Text-checked actual applicable source units; retain direct forms, attested examples and process statements separately. No input adoption, historical equivalence, silence-as-dissent or image verification beyond the inherited checks is claimed.	Held text only; alias OCR and quantities can be imperfect. Full index/body search is a screen, not a393-row negative grammar review. PAGE14 roman folio unresolved.	rt-complete-2068-001;rt-complete-2068-002;rt-complete-2068-003;rt-complete-2068-004;rt-complete-2068-005;rt-complete-2068-006;rt-complete-2068-007;rt-complete-2068-008;rt-complete-2068-009;rt-complete-2068-010;rt-complete-2068-011;rt-complete-2068-012;rt-complete-2068-013;rt-complete-2068-014
2069	RingeTaylor2014	hedge	heġġ	runnable	screened_no_specific_commitment	hagja;hagjō;heġġ;kagi̯os;xaʒjaz;xágjaz					Does this source provide an earlier form, selected-cell/stem, trigger, analogy or dated endpoint for hedge heġġ?	No identity-safe specific target established by the full held-text alias/index/topic screen; not an author-silence finding.	Held text only; alias OCR and quantities can be imperfect. Full index/body search is a screen, not a393-row negative grammar review. PAGE14 roman folio unresolved.	
2070	RingeTaylor2014	helm	helm	runnable	screened_no_specific_commitment	helm;helma;xelmaz;xélmaz		136,184	136,184		Does this source provide an earlier form, selected-cell/stem, trigger, analogy or dated endpoint for helm helm?	Helm in a Norse quotation136 and straw halmaz/healm184 do not supply the selected helmet helm history. Possible orthographic/semantic/family matches are navigation only; no source absence is inferred.	Held text only; alias OCR and quantities can be imperfect. Full index/body search is a screen, not a393-row negative grammar review. PAGE14 roman folio unresolved.	
2071	RingeTaylor2014	help	helpan	runnable	consulted_applicable	halpa;helpan;hulpōn;xelpanan;xélpaną;helpan;hulpun	printed590 (PAGE605): helpan 347 (princ.);printed592 (PAGE607): hulpon 30	30,347	56,184,197,254,275,293,295,347,383	30,347	Does this source provide an earlier form, selected-cell/stem, trigger, analogy or dated endpoint for help helpan?	Text-checked actual applicable source units; retain direct forms, attested examples and process statements separately. No input adoption, historical equivalence, silence-as-dissent or image verification beyond the inherited checks is claimed.	Held text only; alias OCR and quantities can be imperfect. Full index/body search is a screen, not a393-row negative grammar review. PAGE14 roman folio unresolved.	rt-complete-2071-001;rt-complete-2071-004;rt-complete-2071-003;rt-complete-2071-005;rt-complete-2071-006;rt-complete-2071-007
2072	RingeTaylor2014	help	help	runnable	consulted_applicable	halpa;help;helpan;hilps;hulpōn;xelpō;xélpō;help	printed590 (PAGE605): helpan 347 (princ.);printed592 (PAGE607): hulpon 30	30,56,184,197,254,275,293,295,347,383	56,184,197,254,275,293,295,347,383	56	Help-verb family and productive-rule illustration, not a quoted help-noun citation.	Help-verb family and productive-rule illustration, not a quoted help-noun citation. No input adoption, historical equivalence, silence-as-dissent or image verification beyond the inherited checks is claimed.	Held text only; alias OCR and quantities can be imperfect. Full index/body search is a screen, not a393-row negative grammar review. PAGE14 roman folio unresolved.	rt-complete-2072-001;rt-complete-2072-002;rt-complete-2072-003;rt-complete-2072-004;rt-complete-2072-005;rt-complete-2072-006;rt-complete-2072-007;rt-complete-2072-008;rt-complete-2072-009;rt-complete-2072-010;rt-complete-2072-011;rt-complete-2072-012;rt-complete-2072-013;rt-complete-2072-014;rt-complete-2072-015;rt-complete-2072-016;rt-complete-2072-017;rt-complete-2072-018;rt-complete-2072-019;rt-complete-2072-020;rt-complete-2072-021;rt-complete-2072-022;rt-complete-2072-023;rt-complete-2072-024;rt-complete-2072-025;rt-complete-2072-026;rt-complete-2072-027;rt-complete-2072-028;rt-complete-2072-029
2073	RingeTaylor2014	herd	heord	runnable	consulted_applicable	heord;herdō;xerđiz;xerđō;xérdō;herdu	printed590 (PAGE605): heord 182, 285;printed590 (PAGE605): -heord ‘hair’ 247	84,182,247,285	182,234,285	182	Does this source provide an earlier form, selected-cell/stem, trigger, analogy or dated endpoint for herd heord?	Text-checked actual applicable source units; retain direct forms, attested examples and process statements separately. No input adoption, historical equivalence, silence-as-dissent or image verification beyond the inherited checks is claimed.	Held text only; alias OCR and quantities can be imperfect. Full index/body search is a screen, not a393-row negative grammar review. PAGE14 roman folio unresolved.	rt-complete-2073-001;rt-complete-2073-002;rt-complete-2073-003
2074	RingeTaylor2014	hew	hēawan	runnable	consulted_applicable	hawwan;hēawan;xawwanan;xáwwaną;haww	printed590 (PAGE605): héawan 66, 89, 172	66,89,172	89,319	66,89,172	Does this source provide an earlier form, selected-cell/stem, trigger, analogy or dated endpoint for hew hēawan?	Text-checked actual applicable source units; retain direct forms, attested examples and process statements separately. No input adoption, historical equivalence, silence-as-dissent or image verification beyond the inherited checks is claimed.	Held text only; alias OCR and quantities can be imperfect. Full index/body search is a screen, not a393-row negative grammar review. PAGE14 roman folio unresolved.	rt-complete-2074-001;rt-complete-2074-002;rt-complete-2074-003;rt-complete-2074-004;rt-complete-2074-005;rt-complete-2074-006;rt-complete-2074-007;rt-complete-2074-008;rt-complete-2074-009;rt-complete-2074-010;rt-complete-2074-011;rt-complete-2074-012;rt-complete-2074-013;rt-complete-2074-014;rt-complete-2074-015
2075	RingeTaylor2014	hind	hind	runnable	screened_no_specific_commitment	hind;hindō;xenđjō(n);xéndjō					Does this source provide an earlier form, selected-cell/stem, trigger, analogy or dated endpoint for hind hind?	No identity-safe specific target established by the full held-text alias/index/topic screen; not an author-silence finding.	Held text only; alias OCR and quantities can be imperfect. Full index/body search is a screen, not a393-row negative grammar review. PAGE14 roman folio unresolved.	
2076	RingeTaylor2014	hoard	hord	runnable	consulted_applicable	hord;huzda;kudh-to;xuzđan;xúzdą;xūdjanan;huzda	printed552 (PAGE567): *huzda 27, 84;printed591 (PAGE606): hord 27, 84	27,84		27,84	Does this source provide an earlier form, selected-cell/stem, trigger, analogy or dated endpoint for hoard hord?	Text-checked actual applicable source units; retain direct forms, attested examples and process statements separately. No input adoption, historical equivalence, silence-as-dissent or image verification beyond the inherited checks is claimed.	Held text only; alias OCR and quantities can be imperfect. Full index/body search is a screen, not a393-row negative grammar review. PAGE14 roman folio unresolved.	rt-complete-2076-001;rt-complete-2076-002;rt-complete-2076-003
2077	RingeTaylor2014	hold	healdan	runnable	consulted_applicable	healdan;keld;xalđanan;xáldaną;healdan	printed590 (PAGE605): healdan 184, 350	184,350	131,184,371	184,350	Does this source provide an earlier form, selected-cell/stem, trigger, analogy or dated endpoint for hold healdan?	Text-checked actual applicable source units; retain direct forms, attested examples and process statements separately. No input adoption, historical equivalence, silence-as-dissent or image verification beyond the inherited checks is claimed.	Held text only; alias OCR and quantities can be imperfect. Full index/body search is a screen, not a393-row negative grammar review. PAGE14 roman folio unresolved.	rt-complete-2077-001;rt-complete-2077-002;rt-complete-2077-003;rt-complete-2077-005;rt-complete-2077-006;rt-complete-2077-007;rt-complete-2077-008;rt-complete-2077-009
2078	RingeTaylor2014	home	hām	runnable	consulted_applicable	haima;hām;xaimaz;xaimiz;xaimō;xáimaz;home	printed590 (PAGE605): ham 170;printed590 (PAGE605): ham (dat.) 15, 380	15,170,380	15,170,380	15,170,380	Does this source provide an earlier form, selected-cell/stem, trigger, analogy or dated endpoint for home hām?	Text-checked actual applicable source units; retain direct forms, attested examples and process statements separately. No input adoption, historical equivalence, silence-as-dissent or image verification beyond the inherited checks is claimed.	Held text only; alias OCR and quantities can be imperfect. Full index/body search is a screen, not a393-row negative grammar review. PAGE14 roman folio unresolved.	rt-complete-2078-001;rt-complete-2078-002;rt-complete-2078-003;rt-complete-2078-004;rt-complete-2078-005;rt-complete-2078-006;rt-complete-2078-007
2079	RingeTaylor2014	honey	huniġ	runnable	consulted_applicable	hunanga;huniġ;xunaʒan;xúnagą;hunag	printed592 (PAGE607): hunig 31, 152, 212, 335	31,152,212,335	31,212	31,152,212,335	Does this source provide an earlier form, selected-cell/stem, trigger, analogy or dated endpoint for honey huniġ?	Text-checked actual applicable source units; retain direct forms, attested examples and process statements separately. No input adoption, historical equivalence, silence-as-dissent or image verification beyond the inherited checks is claimed.	Held text only; alias OCR and quantities can be imperfect. Full index/body search is a screen, not a393-row negative grammar review. PAGE14 roman folio unresolved.	rt-complete-2079-001;rt-complete-2079-002;rt-complete-2079-003;rt-complete-2079-004;rt-complete-2079-005;rt-complete-2079-006;rt-complete-2079-007;rt-complete-2079-008;rt-complete-2079-009;rt-complete-2079-010;rt-complete-2079-011;rt-complete-2079-012;rt-complete-2079-013;rt-complete-2079-014;rt-complete-2079-015
2080	RingeTaylor2014	hood	hōd	runnable	screened_no_specific_commitment	hōd;hōda;xattuz;xōdaz;xōđaz			237		Does this source provide an earlier form, selected-cell/stem, trigger, analogy or dated endpoint for hood hōd?	Hadinaz/hēden 'hooded jacket/hood' at237 is not selected hōd. No identity-safe specific target established by the full held-text alias/index/topic screen; not an author-silence finding.	Held text only; alias OCR and quantities can be imperfect. Full index/body search is a screen, not a393-row negative grammar review. PAGE14 roman folio unresolved.	
2081	RingeTaylor2014	hoof	hōf	runnable	screened_no_specific_commitment	hōf;hōfa;xōfaz	printed552 (PAGE567): *hof, *hobun 100	100,348			Does this source provide an earlier form, selected-cell/stem, trigger, analogy or dated endpoint for hoof hōf?	Possible orthographic/semantic/family matches are navigation only; no source absence is inferred.	Held text only; alias OCR and quantities can be imperfect. Full index/body search is a screen, not a393-row negative grammar review. PAGE14 roman folio unresolved.	
2082	RingeTaylor2014	horn	horn	runnable	consulted_applicable	horn;hurna;xurnan;xúrną;hurn	printed552 (PAGE567): *hurna 27, 45;printed567 (PAGE582): *horn 45;printed591 (PAGE606): horn 27, 45	27,33,45,212	27,33,45,212	27,45	Does this source provide an earlier form, selected-cell/stem, trigger, analogy or dated endpoint for horn horn?	Text-checked actual applicable source units; retain direct forms, attested examples and process statements separately. No input adoption, historical equivalence, silence-as-dissent or image verification beyond the inherited checks is claimed.	Held text only; alias OCR and quantities can be imperfect. Full index/body search is a screen, not a393-row negative grammar review. PAGE14 roman folio unresolved.	rt-complete-2082-001;rt-complete-2082-002;rt-complete-2082-003;rt-complete-2082-004
2083	RingeTaylor2014	hound	hund	runnable	consulted_applicable	hund;hunda;k̂u̯n̥-to;xunđaz;xúndaz;hundaz	printed592 (PAGE607): hund ‘dog’ 29;printed592 (PAGE607): hund ‘hundred’ 122	29,122,140,312		29	Does this source provide an earlier form, selected-cell/stem, trigger, analogy or dated endpoint for hound hund?	Text-checked actual applicable source units; retain direct forms, attested examples and process statements separately. No input adoption, historical equivalence, silence-as-dissent or image verification beyond the inherited checks is claimed.	Held text only; alias OCR and quantities can be imperfect. Full index/body search is a screen, not a393-row negative grammar review. PAGE14 roman folio unresolved.	rt-complete-2083-001
2084	RingeTaylor2014	knead	cnedan	runnable	consulted_applicable	cnedan;knedan;kneđanan;knuda;knudan;knudume;knédaną;kundume;knedan	printed568 (PAGE583): *knedan 78	78	78	78	Does this source provide an earlier form, selected-cell/stem, trigger, analogy or dated endpoint for knead cnedan?	Text-checked actual applicable source units; retain direct forms, attested examples and process statements separately. No input adoption, historical equivalence, silence-as-dissent or image verification beyond the inherited checks is claimed.	Held text only; alias OCR and quantities can be imperfect. Full index/body search is a screen, not a393-row negative grammar review. PAGE14 roman folio unresolved.	rt-complete-2084-001;rt-complete-2084-002;rt-complete-2084-003;rt-complete-2084-004;rt-complete-2084-005;rt-complete-2084-006
2085	RingeTaylor2014	knee	cneowe	runnable	consulted_applicable	cneo;cneowe;knew;knewa;knewan;knéwai;knéwą;kneu;knewa	printed553 (PAGE568): *knewa 174, 187, 387;printed580 (PAGE595): cnéo(w) 61, 174, 187, 387	61,140,174,187,387	174,187,387	61,106,174,187,387	Selected short dative cneowe: source endingless long cnéo and speculative long-vowel levelling do not quote that dative.	Selected short dative cneowe: source endingless long cnéo and speculative long-vowel levelling do not quote that dative. No input adoption, historical equivalence, silence-as-dissent or image verification beyond the inherited checks is claimed.	Held text only; alias OCR and quantities can be imperfect. Full index/body search is a screen, not a393-row negative grammar review. PAGE14 roman folio unresolved.	rt-complete-2085-001;rt-complete-2085-002;rt-complete-2085-003;rt-complete-2085-004;rt-complete-2085-005;rt-complete-2085-006;rt-complete-2085-007;rt-complete-2085-008;rt-complete-2085-009;rt-complete-2085-010;rt-complete-2085-011;rt-complete-2085-012;rt-complete-2085-013;rt-complete-2085-014;rt-complete-2085-015;rt-complete-2085-016;rt-complete-2085-017;rt-complete-2085-018
2086	RingeTaylor2014	knight	cniht	runnable	consulted_applicable	cniht;kenþan;knakkaz;knakkō;knappaz;knaʒʒaz;knextaz;knéxtaz;kníxtaz;kneht		127,337		127,128,337	Does this source provide an earlier form, selected-cell/stem, trigger, analogy or dated endpoint for knight cniht?	Text-checked actual applicable source units; retain direct forms, attested examples and process statements separately. No input adoption, historical equivalence, silence-as-dissent or image verification beyond the inherited checks is claimed.	Held text only; alias OCR and quantities can be imperfect. Full index/body search is a screen, not a393-row negative grammar review. PAGE14 roman folio unresolved.	rt-complete-2086-001;rt-complete-2086-002;rt-complete-2086-003;rt-complete-2086-004;rt-complete-2086-005;rt-complete-2086-006;rt-complete-2086-007;rt-complete-2086-008
2087	RingeTaylor2014	knob	cnobba	runnable	screened_no_specific_commitment	cnobba;knab/ppan;knabbaz;knabō;knappa;knappaz;knapō;knuppaz;knúbbô;knúppaz	printed568 (PAGE583): *knabo 192	192			Does this source provide an earlier form, selected-cell/stem, trigger, analogy or dated endpoint for knob cnobba?	Possible orthographic/semantic/family matches are navigation only; no source absence is inferred.	Held text only; alias OCR and quantities can be imperfect. Full index/body search is a screen, not a393-row negative grammar review. PAGE14 roman folio unresolved.	
2088	RingeTaylor2014	lade	hladan	runnable	consulted_applicable	hladan;hlaþan;laθōjaną;xlaþanan;xláðaną	printed591 (PAGE606): hladan 233, 344 (princ.)	233,344		233,343-344	Does this source provide an earlier form, selected-cell/stem, trigger, analogy or dated endpoint for lade hladan?	Possible orthographic/semantic/family matches are navigation only; no source absence is inferred. Actual follow-up consultation, not a fabricated grammar negative or an inferred selected PGmc cell. Supplement (233): PGmc lade infinitive; native b not silently emended. Supplement (233): PGmc lade second singular present indicative. Supplement (233): PGmc lade third singular present indicative. Supplement (232-233,343-344): complete owned argument; not a whole-word selected quotation.	Held text only; alias OCR and quantities can be imperfect. Full index/body search is a screen, not a393-row negative grammar review. PAGE14 roman folio unresolved.	alignment-lade-rt-infinitive;alignment-lade-rt-2sg;alignment-lade-rt-3sg;alignment-lade-voicing-and-finite-cells
2089	RingeTaylor2014	land	land	runnable	consulted_applicable	land;landa;lanđan;lándą;landu	printed593 (PAGE608): land (pl.) 15, 286	11,15,136,165,178,234,270,286	11,15,136,165,178,234,270,286	15,286	Does this source provide an earlier form, selected-cell/stem, trigger, analogy or dated endpoint for land land?	Text-checked actual applicable source units; retain direct forms, attested examples and process statements separately. No input adoption, historical equivalence, silence-as-dissent or image verification beyond the inherited checks is claimed.	Held text only; alias OCR and quantities can be imperfect. Full index/body search is a screen, not a393-row negative grammar review. PAGE14 roman folio unresolved.	rt-complete-2089-001;rt-complete-2089-002;rt-complete-2089-003;rt-complete-2089-004;rt-complete-2089-005
2090	RingeTaylor2014	lap	lappa	runnable	consulted_applicable	lappa;lappjaz;lappōn;lábbaz;láppô;lappa	printed593 (PAGE608): lappa 219	219	129,238,332,342	219	Does this source provide an earlier form, selected-cell/stem, trigger, analogy or dated endpoint for lap lappa?	Text-checked actual applicable source units; retain direct forms, attested examples and process statements separately. No input adoption, historical equivalence, silence-as-dissent or image verification beyond the inherited checks is claimed.	Held text only; alias OCR and quantities can be imperfect. Full index/body search is a screen, not a393-row negative grammar review. PAGE14 roman folio unresolved.	rt-complete-2090-001
2091	RingeTaylor2014	last	lǣstan	runnable	consulted_applicable	laisa;laistaz;laisti;laistiz;laistjanan;laisō;laisōn;láistijaną;lǣstan;laistijana		234	8,10,33,37,45,69,76,79,87,98,100,116,138,160,167,197,262,274,279,283,292,293,294,302,303,311,323,337,341,355,364,368,385,391	234	Does this source provide an earlier form, selected-cell/stem, trigger, analogy or dated endpoint for last lǣstan?	Text-checked actual applicable source units; retain direct forms, attested examples and process statements separately. No input adoption, historical equivalence, silence-as-dissent or image verification beyond the inherited checks is claimed.	Held text only; alias OCR and quantities can be imperfect. Full index/body search is a screen, not a393-row negative grammar review. PAGE14 roman folio unresolved.	rt-complete-2091-001;rt-complete-2091-002;rt-complete-2091-003
2092	RingeTaylor2014	laugh	hliehhan	runnable	consulted_applicable	hlah(j)an;hlahan;hlahjan;hliehhan;lákaną;xlaxjanan;xláxjaną;hlahjan;hliehhan	printed591 (PAGE606): hliehhan 51, 177, 240, 343 (princ.), 348	51,177,240,343,348	51,176,177,188,205,240,343,348	51,177,240,343,348	Does this source provide an earlier form, selected-cell/stem, trigger, analogy or dated endpoint for laugh hliehhan?	Text-checked actual applicable source units; retain direct forms, attested examples and process statements separately. No input adoption, historical equivalence, silence-as-dissent or image verification beyond the inherited checks is claimed.	Held text only; alias OCR and quantities can be imperfect. Full index/body search is a screen, not a393-row negative grammar review. PAGE14 roman folio unresolved.	rt-complete-2092-001;rt-complete-2092-002;rt-complete-2092-003;rt-complete-2092-004;rt-complete-2092-005;rt-complete-2092-006;rt-complete-2092-007;rt-complete-2092-008;rt-complete-2092-009;rt-complete-2092-010;rt-complete-2092-011;rt-complete-2092-012;rt-complete-2092-013;rt-complete-2092-014;rt-complete-2092-015;rt-complete-2092-016;rt-complete-2092-017;rt-complete-2092-018;rt-complete-2092-019;rt-complete-2092-020
2093	RingeTaylor2014	lead	lǣdan	runnable	consulted_applicable	laidjan;laiđjanan;laiđō;láidijaną;līþanan;lǣdan;laidijan	printed553 (PAGE568): *laidijana 234		69,79,101,197,227,234,297,309,315,317,353	234	Does this source provide an earlier form, selected-cell/stem, trigger, analogy or dated endpoint for lead lǣdan?	Text-checked actual applicable source units; retain direct forms, attested examples and process statements separately. No input adoption, historical equivalence, silence-as-dissent or image verification beyond the inherited checks is claimed.	Held text only; alias OCR and quantities can be imperfect. Full index/body search is a screen, not a393-row negative grammar review. PAGE14 roman folio unresolved.	rt-complete-2093-001;rt-complete-2093-002;rt-complete-2093-003;rt-complete-2093-004;rt-complete-2093-005
2094	RingeTaylor2014	leaf	lēaf	runnable	consulted_applicable	lauba;lauban;laupaz;láubą;lēaf;laub	printed593 (PAGE608): léaf 172	172,194,221	172,194,221	172	Does this source provide an earlier form, selected-cell/stem, trigger, analogy or dated endpoint for leaf lēaf?	Text-checked actual applicable source units; retain direct forms, attested examples and process statements separately. No input adoption, historical equivalence, silence-as-dissent or image verification beyond the inherited checks is claimed.	Held text only; alias OCR and quantities can be imperfect. Full index/body search is a screen, not a393-row negative grammar review. PAGE14 roman folio unresolved.	rt-complete-2094-001;rt-complete-2094-002;rt-complete-2094-003
2095	RingeTaylor2014	learn	liornian	runnable	consulted_applicable	leis;leornian;liornian;lizn;liznēnan;liznōjanan;liznōn;líznōjaną;lizn	printed553 (PAGE568): *lizn6- ~ *-a- 38, 95;printed569 (PAGE584): *liznon 84, 183;printed594 (PAGE609): liornian ~ -eo- 38, 84, 95, 183, 247	38,84,95,183,223,247	38,84,94,95,183,196,197,247,292,349,360	38,84,95,183,517,518	Does this source provide an earlier form, selected-cell/stem, trigger, analogy or dated endpoint for learn liornian?	Text-checked actual applicable source units; retain direct forms, attested examples and process statements separately. No input adoption, historical equivalence, silence-as-dissent or image verification beyond the inherited checks is claimed.	Held text only; alias OCR and quantities can be imperfect. Full index/body search is a screen, not a393-row negative grammar review. PAGE14 roman folio unresolved.	rt-complete-2095-001;rt-complete-2095-002;rt-complete-2095-003;rt-complete-2095-004;rt-complete-2095-005;rt-complete-2095-006;rt-complete-2095-007;rt-complete-2095-008;rt-complete-2095-009;rt-complete-2095-010;rt-complete-2095-011;rt-complete-2095-012;rt-complete-2095-013;rt-complete-2095-014;rt-complete-2095-015;rt-complete-2095-016;rt-complete-2095-017;rt-complete-2095-018;rt-complete-2095-019;rt-complete-2095-020
2096	RingeTaylor2014	leather	leþer	runnable	screened_no_specific_commitment	leþer;leþra;leþran;léθrą			208,231,243,287		Does this source provide an earlier form, selected-cell/stem, trigger, analogy or dated endpoint for leather leþer?	Balgiz 'leather bag' examples208/231/243/287 belong to bag/belly1945, not selected leather leþer. No identity-safe specific target established by the full held-text alias/index/topic screen; not an author-silence finding.	Held text only; alias OCR and quantities can be imperfect. Full index/body search is a screen, not a393-row negative grammar review. PAGE14 roman folio unresolved.	
2097	RingeTaylor2014	leek	lēac	runnable	screened_no_specific_commitment	lauka;laukaz;láukaz;lēac					Does this source provide an earlier form, selected-cell/stem, trigger, analogy or dated endpoint for leek lēac?	No identity-safe specific target established by the full held-text alias/index/topic screen; not an author-silence finding.	Held text only; alias OCR and quantities can be imperfect. Full index/body search is a screen, not a393-row negative grammar review. PAGE14 roman folio unresolved.	
2098	RingeTaylor2014	let	lǣtan	runnable	consulted_applicable	lētan;lētanan;lǣtan;lḗtaną;létana;lelot	printed593 (PAGE608): letan 11, 149, 239, 348 (princ.);printed594 (PAGE609): létan (Merc., Kent.) 92, 149, 239	11,90,92,149,239,348	2,11,55,90,92,107,128,149,159,160,194,239,252,297,323,348,350,374,518	11,90,518	Does this source provide an earlier form, selected-cell/stem, trigger, analogy or dated endpoint for let lǣtan?	Text-checked actual applicable source units; retain direct forms, attested examples and process statements separately. No input adoption, historical equivalence, silence-as-dissent or image verification beyond the inherited checks is claimed.	Held text only; alias OCR and quantities can be imperfect. Full index/body search is a screen, not a393-row negative grammar review. PAGE14 roman folio unresolved.	rt-complete-2098-001;rt-complete-2098-002;rt-complete-2098-003;rt-complete-2098-004;rt-complete-2098-005;rt-complete-2098-006;rt-complete-2098-007;rt-complete-2098-008;rt-complete-2098-009;rt-complete-2098-010;rt-complete-2098-011;rt-complete-2098-012;rt-complete-2098-013;rt-complete-2098-014;rt-complete-2098-015;rt-complete-2098-016;rt-complete-2098-017;rt-complete-2098-018;rt-complete-2098-019;rt-complete-2098-020;rt-complete-2098-021
2099	RingeTaylor2014	lick	liccian	runnable	consulted_applicable	liccian;likkōjanan;likkōn;líkkōjaną;li/ekk	printed594 (PAGE609): liccian 35	35	35	35	Does this source provide an earlier form, selected-cell/stem, trigger, analogy or dated endpoint for lick liccian?	Text-checked actual applicable source units; retain direct forms, attested examples and process statements separately. No input adoption, historical equivalence, silence-as-dissent or image verification beyond the inherited checks is claimed.	Held text only; alias OCR and quantities can be imperfect. Full index/body search is a screen, not a393-row negative grammar review. PAGE14 roman folio unresolved.	rt-complete-2099-001;rt-complete-2099-002;rt-complete-2099-003
2100	RingeTaylor2014	lid	hlid	runnable	screened_no_specific_commitment	hlid;xliđan;xlídą;xlīđanan			520		Does this source provide an earlier form, selected-cell/stem, trigger, analogy or dated endpoint for lid hlid?	Lid at520 is a scholar citation, not the lid lexeme. No identity-safe specific target established by the full held-text alias/index/topic screen; not an author-silence finding.	Held text only; alias OCR and quantities can be imperfect. Full index/body search is a screen, not a393-row negative grammar review. PAGE14 roman folio unresolved.	
2101	RingeTaylor2014	life	līf	runnable	consulted_applicable	lība;līban;līf;lī́bą;lḯbą;liba	printed561 (PAGE576): *liba 298;printed594 (PAGE609): lif 298;printed594 (PAGE609): lif(i)ga (North.) 321, 365	34,298,321	182,183,298,308,313	298	Does this source provide an earlier form, selected-cell/stem, trigger, analogy or dated endpoint for life līf?	Text-checked actual applicable source units; retain direct forms, attested examples and process statements separately. No input adoption, historical equivalence, silence-as-dissent or image verification beyond the inherited checks is claimed.	Held text only; alias OCR and quantities can be imperfect. Full index/body search is a screen, not a393-row negative grammar review. PAGE14 roman folio unresolved.	rt-complete-2101-001;rt-complete-2101-002;rt-complete-2101-003
2102	RingeTaylor2014	light	līehtan	runnable	consulted_applicable	leuhada;leuhman;leuhna;leuhsa;leuhsjan;leuxtan;leuxtjanan;léuxtijaną;līehtan;liehtan	printed553 (PAGE568): *leuhada 99, 174, 309;printed594 (PAGE609): liehtan 249, 310	99,174,249,309,310	9,14,15,54,55,66,69,70,72,74,79,99,143,168,174,178,200,260,264,266,270,271,272,276,277,278,285,288,289,293,294,295,301,302,303,305,309,310,330,349,350,351,357,358,359,367,377,382,383,384,387	249,310	Does this source provide an earlier form, selected-cell/stem, trigger, analogy or dated endpoint for light līehtan?	Text-checked actual applicable source units; retain direct forms, attested examples and process statements separately. No input adoption, historical equivalence, silence-as-dissent or image verification beyond the inherited checks is claimed.	Held text only; alias OCR and quantities can be imperfect. Full index/body search is a screen, not a393-row negative grammar review. PAGE14 roman folio unresolved.	rt-complete-2102-001;rt-complete-2102-002;rt-complete-2102-003;rt-complete-2102-004;rt-complete-2102-005;rt-complete-2102-006;rt-complete-2102-007;rt-complete-2102-008;rt-complete-2102-009;rt-complete-2102-010;rt-complete-2102-011;rt-complete-2102-012;rt-complete-2102-013;rt-complete-2102-014;rt-complete-2102-015
2103	RingeTaylor2014	lime	līm	runnable	screened_no_specific_commitment	līm;līma;līman;līmaz;lī́mą;lḯmą	printed561 (PAGE576): *limaz, *-4 321;printed568 (PAGE583): *lim, *-u 321;printed594 (PAGE609): lim 321	321			Does this source provide an earlier form, selected-cell/stem, trigger, analogy or dated endpoint for lime līm?	Possible orthographic/semantic/family matches are navigation only; no source absence is inferred.	Held text only; alias OCR and quantities can be imperfect. Full index/body search is a screen, not a393-row negative grammar review. PAGE14 roman folio unresolved.	
2104	RingeTaylor2014	linden	lind	runnable	screened_no_specific_commitment	lentā;lenđ(j)ō;lind;lindō;líndō		141			Does this source provide an earlier form, selected-cell/stem, trigger, analogy or dated endpoint for linden lind?	Possible orthographic/semantic/family matches are navigation only; no source absence is inferred.	Held text only; alias OCR and quantities can be imperfect. Full index/body search is a screen, not a393-row negative grammar review. PAGE14 roman folio unresolved.	
2105	RingeTaylor2014	line	līne	runnable	screened_no_specific_commitment	līnan;līne;līnea;lī́nōn;lḯnōn		38,66,73,84,95,149,169,183,309,319	66,73,149,169,309,319		Does this source provide an earlier form, selected-cell/stem, trigger, analogy or dated endpoint for line līne?	Possible orthographic/semantic/family matches are navigation only; no source absence is inferred.	Held text only; alias OCR and quantities can be imperfect. Full index/body search is a screen, not a393-row negative grammar review. PAGE14 roman folio unresolved.	
2106	RingeTaylor2014	list	līste	runnable	screened_no_specific_commitment	līste;līstōn;lī́stōn;lḯstōn			8,12,29,38,50,94,96,126,134,142,143,165,204,215,251,255,264,273,282,299,348,350,351,385,521		Does this source provide an earlier form, selected-cell/stem, trigger, analogy or dated endpoint for list līste?	No identity-safe specific target established by the full held-text alias/index/topic screen; not an author-silence finding.	Held text only; alias OCR and quantities can be imperfect. Full index/body search is a screen, not a393-row negative grammar review. PAGE14 roman folio unresolved.	
2107	RingeTaylor2014	live	lifeþ	runnable	consulted_applicable	leibh;lib;libban;libēn;libēnan;libēną;lifeþ;lifian;líbēθi;libja-;libban	printed569 (PAGE584): *lib 298;printed594 (PAGE609): libban 34, 93, 321, 363-5	34,93,298,321,363,364,365	34,93,94,97,108,253,321,364,365,368,518	34,93,321,363,364,365,517,518	Does this source provide an earlier form, selected-cell/stem, trigger, analogy or dated endpoint for live lifeþ?	Text-checked actual applicable source units; retain direct forms, attested examples and process statements separately. No input adoption, historical equivalence, silence-as-dissent or image verification beyond the inherited checks is claimed.	Held text only; alias OCR and quantities can be imperfect. Full index/body search is a screen, not a393-row negative grammar review. PAGE14 roman folio unresolved.	rt-complete-2107-001;rt-complete-2107-002;rt-complete-2107-003;rt-complete-2107-004;rt-complete-2107-005;rt-complete-2107-006;rt-complete-2107-007;rt-complete-2107-008;rt-complete-2107-009;rt-complete-2107-010;rt-complete-2107-011;rt-complete-2107-012;rt-complete-2107-013;rt-complete-2107-014;rt-complete-2107-015;rt-complete-2107-016;rt-complete-2107-017;rt-complete-2107-018;rt-complete-2107-019;rt-complete-2107-020;rt-complete-2107-021
2108	RingeTaylor2014	liver	lifer	runnable	consulted_applicable	leurini;lib(a)rō;librō;libur-eni;lifer;lipr-éh₂;líbrō;libru	printed594 (PAGE609): lifer 34, 328	34,328	34,328	34,328	Does this source provide an earlier form, selected-cell/stem, trigger, analogy or dated endpoint for liver lifer?	Text-checked actual applicable source units; retain direct forms, attested examples and process statements separately. No input adoption, historical equivalence, silence-as-dissent or image verification beyond the inherited checks is claimed.	Held text only; alias OCR and quantities can be imperfect. Full index/body search is a screen, not a393-row negative grammar review. PAGE14 roman folio unresolved.	rt-complete-2108-001;rt-complete-2108-002;rt-complete-2108-003;rt-complete-2108-004;rt-complete-2108-005;rt-complete-2108-006
2109	RingeTaylor2014	loam	lām	runnable	screened_no_specific_commitment	laiman;laimōn;láimą;lām		33			Does this source provide an earlier form, selected-cell/stem, trigger, analogy or dated endpoint for loam lām?	Possible orthographic/semantic/family matches are navigation only; no source absence is inferred.	Held text only; alias OCR and quantities can be imperfect. Full index/body search is a screen, not a393-row negative grammar review. PAGE14 roman folio unresolved.	
2110	RingeTaylor2014	loath	lāþ	runnable	consulted_applicable	laiþaz;láiθaz;lāþ;laibaz		129,190,297		129	Does this source provide an earlier form, selected-cell/stem, trigger, analogy or dated endpoint for loath lāþ?	Text-checked actual applicable source units; retain direct forms, attested examples and process statements separately. No input adoption, historical equivalence, silence-as-dissent or image verification beyond the inherited checks is claimed.	Held text only; alias OCR and quantities can be imperfect. Full index/body search is a screen, not a393-row negative grammar review. PAGE14 roman folio unresolved.	rt-complete-2110-001;rt-complete-2110-002;rt-complete-2110-003
2111	RingeTaylor2014	lock	loc	runnable	screened_no_specific_commitment	leukan;loc;lukan;lúką;lūkan;lūkanan	printed547 (PAGE562): *-ey (loc. sg.) 379;printed547 (PAGE562): *-oy (loc. sg.) 379	39,379			Does this source provide an earlier form, selected-cell/stem, trigger, analogy or dated endpoint for lock loc?	Possible orthographic/semantic/family matches are navigation only; no source absence is inferred.	Held text only; alias OCR and quantities can be imperfect. Full index/body search is a screen, not a393-row negative grammar review. PAGE14 roman folio unresolved.	
2112	RingeTaylor2014	lock	locc	runnable	screened_no_specific_commitment	locc;lukka;lukkaz;lúkkaz					Does this source provide an earlier form, selected-cell/stem, trigger, analogy or dated endpoint for lock locc?	No identity-safe specific target established by the full held-text alias/index/topic screen; not an author-silence finding.	Held text only; alias OCR and quantities can be imperfect. Full index/body search is a screen, not a393-row negative grammar review. PAGE14 roman folio unresolved.	
2113	RingeTaylor2014	louse	lūs	runnable	screened_no_specific_commitment	lūs;lūsz					Does this source provide an earlier form, selected-cell/stem, trigger, analogy or dated endpoint for louse lūs?	No identity-safe specific target established by the full held-text alias/index/topic screen; not an author-silence finding.	Held text only; alias OCR and quantities can be imperfect. Full index/body search is a screen, not a393-row negative grammar review. PAGE14 roman folio unresolved.	
2114	RingeTaylor2014	lung	lungen	runnable	screened_no_specific_commitment	lungen;lungunjō;lungō;lungōn;lunʒun(j)ō;lunʒwan;lunʒwraz;lunʒwōn;lúnganjō					Does this source provide an earlier form, selected-cell/stem, trigger, analogy or dated endpoint for lung lungen?	No identity-safe specific target established by the full held-text alias/index/topic screen; not an author-silence finding.	Held text only; alias OCR and quantities can be imperfect. Full index/body search is a screen, not a393-row negative grammar review. PAGE14 roman folio unresolved.	
2115	RingeTaylor2014	lust	lust	runnable	consulted_applicable	laubō;leubaz;lub-stu;lubō;lust;lustan;lustaz;lustiz;lustu;lustuz;lústuz;lustuz;lustusamaz	printed553 (PAGE568): *lustuz 30;printed594 (PAGE609): lust 30	30	30	30,521	Desire noun and its suffixed derivative remain separate.	Desire noun and its suffixed derivative remain separate. No input adoption, historical equivalence, silence-as-dissent or image verification beyond the inherited checks is claimed.	Held text only; alias OCR and quantities can be imperfect. Full index/body search is a screen, not a393-row negative grammar review. PAGE14 roman folio unresolved.	rt-complete-2115-001;rt-complete-2115-002;rt-complete-2115-003;rt-complete-2115-004
2116	RingeTaylor2014	lye	lēag	runnable	screened_no_specific_commitment	lauʒō;loukā;láugō;lēag					Does this source provide an earlier form, selected-cell/stem, trigger, analogy or dated endpoint for lye lēag?	No identity-safe specific target established by the full held-text alias/index/topic screen; not an author-silence finding.	Held text only; alias OCR and quantities can be imperfect. Full index/body search is a screen, not a393-row negative grammar review. PAGE14 roman folio unresolved.	
2117	RingeTaylor2014	make	macian	runnable	consulted_applicable	macian;makōjan;makōjanan;mákōjaną;makon;mak6n;macian		127,191,228	1,2,3,4,15,20,21,30,40,48,51,57,63,70,79,95,112,127,131,140,144,148,157,169,183,185,191,197,205,208,216,223,224,225,226,228,229,231,234,239,242,243,244,249,261,262,284,292,297,303,341,358,516	127,128,191,228,517	Does this source provide an earlier form, selected-cell/stem, trigger, analogy or dated endpoint for make macian?	Text-checked actual applicable source units; retain direct forms, attested examples and process statements separately. No input adoption, historical equivalence, silence-as-dissent or image verification beyond the inherited checks is claimed.	Held text only; alias OCR and quantities can be imperfect. Full index/body search is a screen, not a393-row negative grammar review. PAGE14 roman folio unresolved.	rt-complete-2117-001;rt-complete-2117-002;rt-complete-2117-003;rt-complete-2117-004;rt-complete-2117-005;rt-complete-2117-006;rt-complete-2117-007;rt-complete-2117-008;rt-complete-2117-010;rt-complete-2117-011;rt-complete-2117-012
2118	RingeTaylor2014	malt	mealt	runnable	screened_no_specific_commitment	malta;maltan;maltaz;mealt;máltaz					Does this source provide an earlier form, selected-cell/stem, trigger, analogy or dated endpoint for malt mealt?	No identity-safe specific target established by the full held-text alias/index/topic screen; not an author-silence finding.	Held text only; alias OCR and quantities can be imperfect. Full index/body search is a screen, not a393-row negative grammar review. PAGE14 roman folio unresolved.	
2119	RingeTaylor2014	man	mannes	runnable	consulted_applicable	man;mann;mannan;mannaniz;mannas;mannaz;mannes;manniz;mannz;mannō;mannōn;manō;menn;minn;mon-n-ós;mánnas;mánnaz;món-ōn;mann-;manniz;mann	printed554 (PAGE569): *mann- 144;printed554 (PAGE569): *manniz 229, 286;printed561 (PAGE576): *mano 11, 143;printed569 (PAGE584): *man(na)slago 192;printed569 (PAGE584): *mano 300;printed594 (PAGE609): man(i)ge 144, 212, 266;printed594 (PAGE609): mann 144;printed595 (PAGE610): menn 229, 286;printed611 (PAGE626): man 433, 477, 482-3;printed612 (PAGE627): man 433, 477, 482-3	11,30,31,143,144,146,153,165,191,192,211,212,222,229,230,236,241,259,286,289,300,319,323,387,519	30,31,144,153,191,192,211,212,222,229,236,241,286,289,319,323,387	106,144,167,229,286	Selected genitive mannes is not the source nominative/plural. No mann/wer identity conflation.	Selected genitive mannes is not the source nominative/plural. No mann/wer identity conflation. No input adoption, historical equivalence, silence-as-dissent or image verification beyond the inherited checks is claimed.	Held text only; alias OCR and quantities can be imperfect. Full index/body search is a screen, not a393-row negative grammar review. PAGE14 roman folio unresolved.	rt-complete-2119-001;rt-complete-2119-002;rt-complete-2119-003;rt-complete-2119-004;rt-complete-2119-005;rt-complete-2119-006;rt-complete-2119-007;rt-complete-2119-008;rt-complete-2119-009;rt-complete-2119-010;rt-complete-2119-011;rt-complete-2119-012;rt-complete-2119-013;rt-complete-2119-014
2120	RingeTaylor2014	march	mearc	runnable	consulted_applicable	markan;markō;mearc;márkō;mark	printed554 (PAGE569): *marko 180, 285, 313;printed595 (PAGE610): mearc 180, 285, 313	180,285,313	127,308	180,285,313	Does this source provide an earlier form, selected-cell/stem, trigger, analogy or dated endpoint for march mearc?	Text-checked actual applicable source units; retain direct forms, attested examples and process statements separately. No input adoption, historical equivalence, silence-as-dissent or image verification beyond the inherited checks is claimed.	Held text only; alias OCR and quantities can be imperfect. Full index/body search is a screen, not a393-row negative grammar review. PAGE14 roman folio unresolved.	rt-complete-2120-001;rt-complete-2120-002;rt-complete-2120-003;rt-complete-2120-004;rt-complete-2120-005;rt-complete-2120-006;rt-complete-2120-007;rt-complete-2120-008;rt-complete-2120-009;rt-complete-2120-010;rt-complete-2120-011;rt-complete-2120-012;rt-complete-2120-013;rt-complete-2120-014;rt-complete-2120-015;rt-complete-2120-016
2121	RingeTaylor2014	mast	mæst	runnable	screened_no_specific_commitment	masta;mastaz;mástaz;mæst			261		Does this source provide an earlier form, selected-cell/stem, trigger, analogy or dated endpoint for mast mæst?	Mast at261 is an attested metrical context for hlifian, not an analysis of mæst. No identity-safe specific target established by the full held-text alias/index/topic screen; not an author-silence finding.	Held text only; alias OCR and quantities can be imperfect. Full index/body search is a screen, not a393-row negative grammar review. PAGE14 roman folio unresolved.	
2122	RingeTaylor2014	meal	mǣl	runnable	consulted_applicable	mæl;mēla;mēlan;mǣl;mḗlą;méla	printed554 (PAGE569): *méla 11, 150, 239	150,239	187	150,239	Mǣl '(a) time', not melwą flour.	Mǣl '(a) time', not melwą flour. No input adoption, historical equivalence, silence-as-dissent or image verification beyond the inherited checks is claimed.	Held text only; alias OCR and quantities can be imperfect. Full index/body search is a screen, not a393-row negative grammar review. PAGE14 roman folio unresolved.	rt-complete-2122-001;rt-complete-2122-002;rt-complete-2122-003;rt-complete-2122-004;rt-complete-2122-005;rt-complete-2122-006
2123	RingeTaylor2014	mean	mǣnan	runnable	screened_no_specific_commitment	mainjan;mainjanan;mainō;máinijaną;mǣnan			38,80,133,208,315,319		Does this source provide an earlier form, selected-cell/stem, trigger, analogy or dated endpoint for mean mǣnan?	No identity-safe specific target established by the full held-text alias/index/topic screen; not an author-silence finding.	Held text only; alias OCR and quantities can be imperfect. Full index/body search is a screen, not a393-row negative grammar review. PAGE14 roman folio unresolved.	
2124	RingeTaylor2014	meed	meorde	runnable	consulted_applicable	meorde;miadō;mizdō;mizdō(n);mizđō(n);mízdai;mē²dō;mē₂đō;mizd		84,285		84,285	Does this source provide an earlier form, selected-cell/stem, trigger, analogy or dated endpoint for meed meorde?	Text-checked actual applicable source units; retain direct forms, attested examples and process statements separately. No input adoption, historical equivalence, silence-as-dissent or image verification beyond the inherited checks is claimed.	Held text only; alias OCR and quantities can be imperfect. Full index/body search is a screen, not a393-row negative grammar review. PAGE14 roman folio unresolved.	rt-complete-2124-001;rt-complete-2124-002;rt-complete-2124-003;rt-complete-2124-004;rt-complete-2124-005
2125	RingeTaylor2014	might	miht	runnable	screened_no_specific_commitment	mahti;mahtu;maxtiz;maxtuz;maʒa;miht;máxtiz	printed594 (PAGE609): maga 192	192,240,334	15,17,20,21,22,23,24,26,27,28,29,32,35,39,40,42,44,47,48,51,54,57,58,64,65,66,68,69,71,74,75,77,78,80,82,90,93,98,99,100,101,102,106,110,111,113,115,116,118,124,126,128,130,131,133,135,136,137,138,141,142,145,146,147,155,157,158,159,160,162,163,168,169,171,181,185,186,188,189,193,198,200,203,211,213,214,215,220,221,226,228,239,247,250,253,255,256,257,260,261,263,267,269,274,275,276,277,280,284,289,294,295,309,311,316,317,318,319,327,330,332,336,337,340,343,345,349,352,355,359,364,370,372,373,376,377,378,381,383,384,385,389,390,516,517,519		Does this source provide an earlier form, selected-cell/stem, trigger, analogy or dated endpoint for might miht?	Possible orthographic/semantic/family matches are navigation only; no source absence is inferred.	Held text only; alias OCR and quantities can be imperfect. Full index/body search is a screen, not a393-row negative grammar review. PAGE14 roman folio unresolved.	
2126	RingeTaylor2014	milk	meoloc	runnable	consulted_applicable	mel(u)kan;melikiz;melk-z;melkanan;meluk;melukz;meoloc;mulk-iz;mélukz;meluk	printed554 (PAGE569): *meluk- 253, 324	253,324	186,191,253,257,324	253,324	Does this source provide an earlier form, selected-cell/stem, trigger, analogy or dated endpoint for milk meoloc?	Text-checked actual applicable source units; retain direct forms, attested examples and process statements separately. No input adoption, historical equivalence, silence-as-dissent or image verification beyond the inherited checks is claimed.	Held text only; alias OCR and quantities can be imperfect. Full index/body search is a screen, not a393-row negative grammar review. PAGE14 roman folio unresolved.	rt-complete-2126-001;rt-complete-2126-002;rt-complete-2126-003;rt-complete-2126-004;rt-complete-2126-005;rt-complete-2126-006;rt-complete-2126-007;rt-complete-2126-008;rt-complete-2126-009
2127	RingeTaylor2014	month	mōnaþ	runnable	consulted_applicable	mēnōn;mēnōþ;mēnōþz;mōnaþ;mḗnōθz;ménop-;méndb-	printed595 (PAGE610): monab (pl.) 57, 59, 274		11,57,64,65,143,273,274	11,143	Does this source provide an earlier form, selected-cell/stem, trigger, analogy or dated endpoint for month mōnaþ?	Text-checked actual applicable source units; retain direct forms, attested examples and process statements separately. No input adoption, historical equivalence, silence-as-dissent or image verification beyond the inherited checks is claimed.	Held text only; alias OCR and quantities can be imperfect. Full index/body search is a screen, not a393-row negative grammar review. PAGE14 roman folio unresolved.	rt-complete-2127-001;rt-complete-2127-002;rt-complete-2127-003;rt-complete-2127-004;rt-complete-2127-005;rt-complete-2127-006;rt-complete-2127-007;rt-complete-2127-008;rt-complete-2127-009;rt-complete-2127-010;rt-complete-2127-011;rt-complete-2127-012;rt-complete-2127-013
2128	RingeTaylor2014	mood	mōd	runnable	screened_no_specific_commitment	mōd;mōdaz;mōđaz		246,254,265	158,160,356		Does this source provide an earlier form, selected-cell/stem, trigger, analogy or dated endpoint for mood mōd?	Tense-and-mood wording158/160/356 is grammatical metalanguage, not mōd. Possible orthographic/semantic/family matches are navigation only; no source absence is inferred.	Held text only; alias OCR and quantities can be imperfect. Full index/body search is a screen, not a393-row negative grammar review. PAGE14 roman folio unresolved.	
2129	RingeTaylor2014	mother	mōder	runnable	consulted_applicable	mōder;mōdēr;mōþer;mōđēr;stéopmoder			126,212,285,328,382,515	381	Step-mother compound supplies a kinship-paradigm example, not an assembled standalone mother citation.	Step-mother compound supplies a kinship-paradigm example, not an assembled standalone mother citation. No input adoption, historical equivalence, silence-as-dissent or image verification beyond the inherited checks is claimed.	Held text only; alias OCR and quantities can be imperfect. Full index/body search is a screen, not a393-row negative grammar review. PAGE14 roman folio unresolved.	rt-complete-2129-001;rt-complete-2129-002
2130	RingeTaylor2014	nail	næġl	runnable	consulted_applicable	nagl;nagla;naʒlaz;náglaz;næġl;nagl	printed554 (PAGE569): *naglaz 148, 212, 329;printed569 (PAGE584): *nagl 148, 329	148,212,329	148,212,329	148,212,329	Does this source provide an earlier form, selected-cell/stem, trigger, analogy or dated endpoint for nail næġl?	Text-checked actual applicable source units; retain direct forms, attested examples and process statements separately. No input adoption, historical equivalence, silence-as-dissent or image verification beyond the inherited checks is claimed.	Held text only; alias OCR and quantities can be imperfect. Full index/body search is a screen, not a393-row negative grammar review. PAGE14 roman folio unresolved.	rt-complete-2130-001;rt-complete-2130-002;rt-complete-2130-003;rt-complete-2130-004;rt-complete-2130-005;rt-complete-2130-006;rt-complete-2130-007;rt-complete-2130-008;rt-complete-2130-009
2131	RingeTaylor2014	name	nama	runnable	consulted_applicable	nam(n)an;nama;namōn;námô;namo;nama	printed596 (PAGE611): nama 59, 79, 144, 154, 163 (parad.), 300;printed596 (PAGE611): namon 201, 236, 346	59,79,144,154,163,201,300	16,21,31,32,33,53,59,79,117,136,143,144,154,163,172,197,206,212,230,231,265,267,282,285,294,300,308,328,337,353	59,79,144,154,163,300	Does this source provide an earlier form, selected-cell/stem, trigger, analogy or dated endpoint for name nama?	Text-checked actual applicable source units; retain direct forms, attested examples and process statements separately. No input adoption, historical equivalence, silence-as-dissent or image verification beyond the inherited checks is claimed.	Held text only; alias OCR and quantities can be imperfect. Full index/body search is a screen, not a393-row negative grammar review. PAGE14 roman folio unresolved.	rt-complete-2131-001;rt-complete-2131-002;rt-complete-2131-003;rt-complete-2131-004;rt-complete-2131-005;rt-complete-2131-006;rt-complete-2131-007;rt-complete-2131-008;rt-complete-2131-009;rt-complete-2131-010;rt-complete-2131-011;rt-complete-2131-012;rt-complete-2131-013;rt-complete-2131-014;rt-complete-2131-015;rt-complete-2131-016;rt-complete-2131-017;rt-complete-2131-018;rt-complete-2131-019;rt-complete-2131-020;rt-complete-2131-021;rt-complete-2131-022;rt-complete-2131-023
2132	RingeTaylor2014	nave	nafu	runnable	screened_no_specific_commitment	nabiz;nabō;nafu;nábō					Does this source provide an earlier form, selected-cell/stem, trigger, analogy or dated endpoint for nave nafu?	No identity-safe specific target established by the full held-text alias/index/topic screen; not an author-silence finding.	Held text only; alias OCR and quantities can be imperfect. Full index/body search is a screen, not a393-row negative grammar review. PAGE14 roman folio unresolved.	
2133	RingeTaylor2014	navel	nafola	runnable	consulted_applicable	nab(u)lōn;nablan;nablô;nafola;nábulô;nabul	printed596 (PAGE611): nafola ~ -ela 191, 270, 336	191,270,336	191,270,336	191,270	Does this source provide an earlier form, selected-cell/stem, trigger, analogy or dated endpoint for navel nafola?	Text-checked actual applicable source units; retain direct forms, attested examples and process statements separately. No input adoption, historical equivalence, silence-as-dissent or image verification beyond the inherited checks is claimed.	Held text only; alias OCR and quantities can be imperfect. Full index/body search is a screen, not a393-row negative grammar review. PAGE14 roman folio unresolved.	rt-complete-2133-001;rt-complete-2133-002;rt-complete-2133-003;rt-complete-2133-004;rt-complete-2133-005
2134	RingeTaylor2014	neck	hnecca	runnable	screened_no_specific_commitment	hnakka(n);hnakkan;hnakkuns;hnecca;hnehō;hnekkan;hnekkō;hnukkan;hnukkaz;hunkkaz;xnakkaz;xnakkōn;xnákkaz;xnékkô			183,184,248		Does this source provide an earlier form, selected-cell/stem, trigger, analogy or dated endpoint for neck hnecca?	Swirhijan/swīra and halsaz/heals neck examples183/184/248 are not selected hnecca. No identity-safe specific target established by the full held-text alias/index/topic screen; not an author-silence finding.	Held text only; alias OCR and quantities can be imperfect. Full index/body search is a screen, not a393-row negative grammar review. PAGE14 roman folio unresolved.	
2135	RingeTaylor2014	need	nīed	runnable	consulted_applicable	nauþi;nauđiz;náudiz;nīed;naudiz;niudi	printed596 (PAGE611): nied 246, 250	236,246,250	39,48,65,87,98,99,112,133,155,162,168,198,219,250,256,257,262,263,274,275,292,305,319,332,338,352,354,364,368,379,380,390,516,517	250	Does this source provide an earlier form, selected-cell/stem, trigger, analogy or dated endpoint for need nīed?	Text-checked actual applicable source units; retain direct forms, attested examples and process statements separately. No input adoption, historical equivalence, silence-as-dissent or image verification beyond the inherited checks is claimed.	Held text only; alias OCR and quantities can be imperfect. Full index/body search is a screen, not a393-row negative grammar review. PAGE14 roman folio unresolved.	rt-complete-2135-001;rt-complete-2135-002;rt-complete-2135-003
2136	RingeTaylor2014	needle	nǣdl	runnable	consulted_applicable	nējanan;nēþlō;nǣdl;nḗðlō;nḗθlō;nédlo-			329	329	Does this source provide an earlier form, selected-cell/stem, trigger, analogy or dated endpoint for needle nǣdl?	Text-checked actual applicable source units; retain direct forms, attested examples and process statements separately. No input adoption, historical equivalence, silence-as-dissent or image verification beyond the inherited checks is claimed.	Held text only; alias OCR and quantities can be imperfect. Full index/body search is a screen, not a393-row negative grammar review. PAGE14 roman folio unresolved.	rt-complete-2136-001;rt-complete-2136-002;rt-complete-2136-003;rt-complete-2136-004;rt-complete-2136-005
2137	RingeTaylor2014	nest	nest	runnable	consulted_applicable	nest;nista;nistan;nístą;nistaz	printed596 (PAGE611): nest 34;printed596 (PAGE611): nést, -a (Angl.) 179, 247, 278, 317	34,247,278,317	34,247	34,330	Does this source provide an earlier form, selected-cell/stem, trigger, analogy or dated endpoint for nest nest?	Text-checked actual applicable source units; retain direct forms, attested examples and process statements separately. No input adoption, historical equivalence, silence-as-dissent or image verification beyond the inherited checks is claimed.	Held text only; alias OCR and quantities can be imperfect. Full index/body search is a screen, not a393-row negative grammar review. PAGE14 roman folio unresolved.	rt-complete-2137-001;rt-complete-2137-002;rt-complete-2137-003;rt-complete-2137-004;rt-complete-2137-005
2138	RingeTaylor2014	net	nett	runnable	consulted_applicable	natja;natjan;nett;nátją;nōtō;natja	printed554 (PAGE569): *natja 238;printed596 (PAGE611): nett 238	238	238	238	Does this source provide an earlier form, selected-cell/stem, trigger, analogy or dated endpoint for net nett?	Text-checked actual applicable source units; retain direct forms, attested examples and process statements separately. No input adoption, historical equivalence, silence-as-dissent or image verification beyond the inherited checks is claimed.	Held text only; alias OCR and quantities can be imperfect. Full index/body search is a screen, not a393-row negative grammar review. PAGE14 roman folio unresolved.	rt-complete-2138-001;rt-complete-2138-002;rt-complete-2138-003;rt-complete-2138-004
2139	RingeTaylor2014	nettle	netle	runnable	consulted_applicable	natilōn;natōn;netle;nutōn;nátilōn;netle	printed596 (PAGE611): nuton (North.) 340	272,275,340	270,275	272,275	Does this source provide an earlier form, selected-cell/stem, trigger, analogy or dated endpoint for nettle netle?	Text-checked actual applicable source units; retain direct forms, attested examples and process statements separately. No input adoption, historical equivalence, silence-as-dissent or image verification beyond the inherited checks is claimed.	Held text only; alias OCR and quantities can be imperfect. Full index/body search is a screen, not a393-row negative grammar review. PAGE14 roman folio unresolved.	rt-complete-2139-001;rt-complete-2139-002
2140	RingeTaylor2014	night	niht	runnable	consulted_applicable	naht;naxtz;niht;náxti;náxtz;nahtiz;niht	printed569 (PAGE584): *naht 117 (parad.);printed596 (PAGE611): niht (dat.) 380;printed611 (PAGE626): naht 410;printed611 (PAGE626): naht 410	117,240,380	19,117,240,380	117,240,380	Does this source provide an earlier form, selected-cell/stem, trigger, analogy or dated endpoint for night niht?	Text-checked actual applicable source units; retain direct forms, attested examples and process statements separately. No input adoption, historical equivalence, silence-as-dissent or image verification beyond the inherited checks is claimed.	Held text only; alias OCR and quantities can be imperfect. Full index/body search is a screen, not a393-row negative grammar review. PAGE14 roman folio unresolved.	rt-complete-2140-001;rt-complete-2140-002;rt-complete-2140-003;rt-complete-2140-004;rt-complete-2140-005;rt-complete-2140-006;rt-complete-2140-007;rt-complete-2140-008;rt-complete-2140-009;rt-complete-2140-010;rt-complete-2140-011;rt-complete-2140-012;rt-complete-2140-013;rt-complete-2140-014;rt-complete-2140-015;rt-complete-2140-016;rt-complete-2140-017;rt-complete-2140-018;rt-complete-2140-019;rt-complete-2140-020;rt-complete-2140-021;rt-complete-2140-022
2141	RingeTaylor2014	nightmare	mare	runnable	consulted_applicable	mare;marōn;márōn;maron-	printed561 (PAGE576): *maron- 192	192,243	192	192	Does this source provide an earlier form, selected-cell/stem, trigger, analogy or dated endpoint for nightmare mare?	Text-checked actual applicable source units; retain direct forms, attested examples and process statements separately. No input adoption, historical equivalence, silence-as-dissent or image verification beyond the inherited checks is claimed.	Held text only; alias OCR and quantities can be imperfect. Full index/body search is a screen, not a393-row negative grammar review. PAGE14 roman folio unresolved.	rt-complete-2141-001;rt-complete-2141-002;rt-complete-2141-003;rt-complete-2141-004;rt-complete-2141-005;rt-complete-2141-006
2142	RingeTaylor2014	nine	nigon	runnable	consulted_applicable	newun;nigon;niwun;nígun;nigun	printed574 (PAGE589): *nigun 166;printed596 (PAGE611): nigon 166, 324	166,324	165,166,283,284,324,349	166,324	Does this source provide an earlier form, selected-cell/stem, trigger, analogy or dated endpoint for nine nigon?	Text-checked actual applicable source units; retain direct forms, attested examples and process statements separately. No input adoption, historical equivalence, silence-as-dissent or image verification beyond the inherited checks is claimed.	Held text only; alias OCR and quantities can be imperfect. Full index/body search is a screen, not a393-row negative grammar review. PAGE14 roman folio unresolved.	rt-complete-2142-001;rt-complete-2142-002;rt-complete-2142-003
2143	RingeTaylor2014	nose	nosu	runnable	consulted_applicable	nasō;nosu;nusō;núsō;nōsō;nosu	printed596 (PAGE611): nosu 385	385	224,385	385	Does this source provide an earlier form, selected-cell/stem, trigger, analogy or dated endpoint for nose nosu?	Text-checked actual applicable source units; retain direct forms, attested examples and process statements separately. No input adoption, historical equivalence, silence-as-dissent or image verification beyond the inherited checks is claimed.	Held text only; alias OCR and quantities can be imperfect. Full index/body search is a screen, not a393-row negative grammar review. PAGE14 roman folio unresolved.	rt-complete-2143-001;rt-complete-2143-002
2144	RingeTaylor2014	one	ān	runnable	consulted_applicable	aina;ainaz;áinaz;ain			2,3,4,5,7,8,11,12,17,18,19,21,22,26,31,32,35,37,39,40,41,42,47,49,57,58,62,66,68,71,73,74,75,77,78,79,80,81,82,85,88,89,91,92,95,97,98,99,101,103,112,120,121,130,132,133,134,136,137,140,145,146,148,149,153,154,158,160,162,163,167,170,174,175,176,179,181,183,185,186,187,194,195,196,200,203,213,220,221,222,224,225,228,231,235,236,243,244,246,247,252,253,255,256,257,261,262,264,265,266,275,276,277,280,281,284,289,291,292,302,305,311,314,316,323,326,332,338,339,343,349,352,354,365,366,367,373,378,379,381,384,390,515,517,519,520	120	Does this source provide an earlier form, selected-cell/stem, trigger, analogy or dated endpoint for one ān?	Text-checked actual applicable source units; retain direct forms, attested examples and process statements separately. No input adoption, historical equivalence, silence-as-dissent or image verification beyond the inherited checks is claimed.	Held text only; alias OCR and quantities can be imperfect. Full index/body search is a screen, not a393-row negative grammar review. PAGE14 roman folio unresolved.	rt-complete-2144-001;rt-complete-2144-002;rt-complete-2144-003;rt-complete-2144-004;rt-complete-2144-005;rt-complete-2144-006
2145	RingeTaylor2014	oven	ofn	runnable	consulted_applicable	ofn;ufna;ufnaz;uhna;uxwnaz;uʒwnaz;úfnaz;ufnaz	printed562 (PAGE577): *ufnaz 331;printed569 (PAGE584): *ofn 331	331	331	331	Does this source provide an earlier form, selected-cell/stem, trigger, analogy or dated endpoint for oven ofn?	Text-checked actual applicable source units; retain direct forms, attested examples and process statements separately. No input adoption, historical equivalence, silence-as-dissent or image verification beyond the inherited checks is claimed.	Held text only; alias OCR and quantities can be imperfect. Full index/body search is a screen, not a393-row negative grammar review. PAGE14 roman folio unresolved.	rt-complete-2145-001;rt-complete-2145-002;rt-complete-2145-003
2146	RingeTaylor2014	ox	oxa	runnable	consulted_applicable	oxa;uhsan;uhsummiz;uxsōn;úxsô;uhso	printed597 (PAGE612): oxa 27, 34	27,34	14,27,33,49,104,172,251,286	34	Does this source provide an earlier form, selected-cell/stem, trigger, analogy or dated endpoint for ox oxa?	Text-checked actual applicable source units; retain direct forms, attested examples and process statements separately. No input adoption, historical equivalence, silence-as-dissent or image verification beyond the inherited checks is claimed.	Held text only; alias OCR and quantities can be imperfect. Full index/body search is a screen, not a393-row negative grammar review. PAGE14 roman folio unresolved.	rt-complete-2146-001;rt-complete-2146-002;rt-complete-2146-003;rt-complete-2146-004;rt-complete-2146-005
2147	RingeTaylor2014	rain	reġn	runnable	consulted_applicable	regna;reġn;reʒnan;reʒnaz;régną;regn	printed570 (PAGE585): *regn 212, 330;printed598 (PAGE613): regn 212, 330	212,236,330	207,212,330	212,330	Does this source provide an earlier form, selected-cell/stem, trigger, analogy or dated endpoint for rain reġn?	Text-checked actual applicable source units; retain direct forms, attested examples and process statements separately. No input adoption, historical equivalence, silence-as-dissent or image verification beyond the inherited checks is claimed.	Held text only; alias OCR and quantities can be imperfect. Full index/body search is a screen, not a393-row negative grammar review. PAGE14 roman folio unresolved.	rt-complete-2147-001;rt-complete-2147-002;rt-complete-2147-003;rt-complete-2147-004;rt-complete-2147-005;rt-complete-2147-006;rt-complete-2147-007
2148	RingeTaylor2014	rainbow	reġnboga	runnable	consulted_applicable	beuʒanan;bugan;buʒōn;regna;reġnboga;reʒna-buʒōn;régna-bùgô;regn		330		330	Rain compound component only; no complete rainbow reconstruction is assembled.	Rain compound component only; no complete rainbow reconstruction is assembled. No input adoption, historical equivalence, silence-as-dissent or image verification beyond the inherited checks is claimed.	Held text only; alias OCR and quantities can be imperfect. Full index/body search is a screen, not a393-row negative grammar review. PAGE14 roman folio unresolved.	rt-complete-2148-001;rt-complete-2148-002;rt-complete-2148-003
2149	RingeTaylor2014	raven	hræfn	runnable	consulted_applicable	hrab/ppan;hrabna;hrabō;hrappaz;hræfn;xrabnaz;xrabōn;xrábnaz;hrabnaz			93,330	330	Does this source provide an earlier form, selected-cell/stem, trigger, analogy or dated endpoint for raven hræfn?	Text-checked actual applicable source units; retain direct forms, attested examples and process statements separately. No input adoption, historical equivalence, silence-as-dissent or image verification beyond the inherited checks is claimed.	Held text only; alias OCR and quantities can be imperfect. Full index/body search is a screen, not a393-row negative grammar review. PAGE14 roman folio unresolved.	rt-complete-2149-001;rt-complete-2149-002;rt-complete-2149-003
2150	RingeTaylor2014	read	rǣdan	runnable	consulted_applicable	rēdan;rēđan;rēđanan;rēđaz;rēđjan;rǣdan;rḗdaną;rédana;rerd	printed597 (PAGE612): redan 11, 149, 239, 346;printed598 (PAGE613): rédan (Kent.) 92, 149, 239	11,92,149,239	136,269,305,346,360,516	11,346,518	Does this source provide an earlier form, selected-cell/stem, trigger, analogy or dated endpoint for read rǣdan?	Text-checked actual applicable source units; retain direct forms, attested examples and process statements separately. No input adoption, historical equivalence, silence-as-dissent or image verification beyond the inherited checks is claimed.	Held text only; alias OCR and quantities can be imperfect. Full index/body search is a screen, not a393-row negative grammar review. PAGE14 roman folio unresolved.	rt-complete-2150-001;rt-complete-2150-002;rt-complete-2150-003;rt-complete-2150-004;rt-complete-2150-005;rt-complete-2150-006;rt-complete-2150-007;rt-complete-2150-008;rt-complete-2150-009;rt-complete-2150-010;rt-complete-2150-011;rt-complete-2150-012;rt-complete-2150-013
2151	RingeTaylor2014	reek	rēac	runnable	screened_no_specific_commitment	raukaz;rauki;raukiz;reukanan;ráukaz;ráukiz;rēac					Does this source provide an earlier form, selected-cell/stem, trigger, analogy or dated endpoint for reek rēac?	No identity-safe specific target established by the full held-text alias/index/topic screen; not an author-silence finding.	Held text only; alias OCR and quantities can be imperfect. Full index/body search is a screen, not a393-row negative grammar review. PAGE14 roman folio unresolved.	
2152	RingeTaylor2014	rest	ræste	runnable	screened_no_specific_commitment	rastō;rástōz;ræste			18,31,36,58,85,111,237,279,293,329,361,362,367,380,384,387,516,518		Does this source provide an earlier form, selected-cell/stem, trigger, analogy or dated endpoint for rest ræste?	No identity-safe specific target established by the full held-text alias/index/topic screen; not an author-silence finding.	Held text only; alias OCR and quantities can be imperfect. Full index/body search is a screen, not a393-row negative grammar review. PAGE14 roman folio unresolved.	
2153	RingeTaylor2014	ride	rīdan	runnable	consulted_applicable	rīdan;rīđanan;rī́daną;rḯdaną;raidu			171,285	171,285	Riding-event noun supplies a bounded verbal-family comparandum; it does not quote selected rīdan or establish that verb's PGmc citation.	Riding-event noun supplies a bounded verbal-family comparandum; it does not quote selected rīdan or establish that verb's PGmc citation. No input adoption, historical equivalence, silence-as-dissent or image verification beyond the inherited checks is claimed.	Held text only; alias OCR and quantities can be imperfect. Full index/body search is a screen, not a393-row negative grammar review. PAGE14 roman folio unresolved.	rt-complete-2153-001;rt-complete-2153-002;rt-complete-2153-003;rt-complete-2153-004;rt-complete-2153-005
2154	RingeTaylor2014	rind	rind	runnable	consulted_applicable	randiz;ranđō;renđō(n);rind;ríndō;rinda		127,141	127,141	127	Does this source provide an earlier form, selected-cell/stem, trigger, analogy or dated endpoint for rind rind?	Text-checked actual applicable source units; retain direct forms, attested examples and process statements separately. No input adoption, historical equivalence, silence-as-dissent or image verification beyond the inherited checks is claimed.	Held text only; alias OCR and quantities can be imperfect. Full index/body search is a screen, not a393-row negative grammar review. PAGE14 roman folio unresolved.	rt-complete-2154-001;rt-complete-2154-002
2155	RingeTaylor2014	coat	rocc	runnable	screened_no_specific_commitment	rocc;rukkaz;rúkkaz					Does this source provide an earlier form, selected-cell/stem, trigger, analogy or dated endpoint for coat rocc?	No identity-safe specific target established by the full held-text alias/index/topic screen; not an author-silence finding.	Held text only; alias OCR and quantities can be imperfect. Full index/body search is a screen, not a393-row negative grammar review. PAGE14 roman folio unresolved.	
2156	RingeTaylor2014	roe	-	research_only	consulted_applicable	raigjōn;raiha(n);raihjōn;raixō;raixōn;ráixōn;raiho			171	171,314	Does this source provide an earlier form, selected-cell/stem, trigger, analogy or dated endpoint for roe -?	Text-checked actual applicable source units; retain direct forms, attested examples and process statements separately. No input adoption, historical equivalence, silence-as-dissent or image verification beyond the inherited checks is claimed.	Held text only; alias OCR and quantities can be imperfect. Full index/body search is a screen, not a393-row negative grammar review. PAGE14 roman folio unresolved.	rt-complete-2156-001;rt-complete-2156-002;rt-complete-2156-003;rt-complete-2156-004;rt-complete-2156-005;rt-complete-2156-006;rt-complete-2156-007
2157	RingeTaylor2014	rood	rōd	runnable	screened_no_specific_commitment	rōd;rōdō;rōđō(n)		84,172,242,286,313			Does this source provide an earlier form, selected-cell/stem, trigger, analogy or dated endpoint for rood rōd?	Possible orthographic/semantic/family matches are navigation only; no source absence is inferred.	Held text only; alias OCR and quantities can be imperfect. Full index/body search is a screen, not a393-row negative grammar review. PAGE14 roman folio unresolved.	
2158	RingeTaylor2014	room	rūm	runnable	screened_no_specific_commitment	rūm;rūma;rūman;rūmaz;rūmą		199,382,385	224		Does this source provide an earlier form, selected-cell/stem, trigger, analogy or dated endpoint for room rūm?	Possible orthographic/semantic/family matches are navigation only; no source absence is inferred.	Held text only; alias OCR and quantities can be imperfect. Full index/body search is a screen, not a393-row negative grammar review. PAGE14 roman folio unresolved.	
2159	RingeTaylor2014	rope	rāp	runnable	consulted_applicable	raipa;raipan;raipaz;ráipą;rāp;stegareif			213	213	Rope is the component of an OHG-to-OE-to-ON stirrup loan history; no standalone PGmc rope citation is assembled.	Rope is the component of an OHG-to-OE-to-ON stirrup loan history; no standalone PGmc rope citation is assembled. No input adoption, historical equivalence, silence-as-dissent or image verification beyond the inherited checks is claimed.	Held text only; alias OCR and quantities can be imperfect. Full index/body search is a screen, not a393-row negative grammar review. PAGE14 roman folio unresolved.	rt-complete-2159-001
2160	RingeTaylor2014	rudder	rōþor	runnable	screened_no_specific_commitment	rōanan;rōþor;rōþra;rōþran;rōþraz;rōþrjan;rōθraz					Does this source provide an earlier form, selected-cell/stem, trigger, analogy or dated endpoint for rudder rōþor?	No identity-safe specific target established by the full held-text alias/index/topic screen; not an author-silence finding.	Held text only; alias OCR and quantities can be imperfect. Full index/body search is a screen, not a393-row negative grammar review. PAGE14 roman folio unresolved.	
2161	RingeTaylor2014	run	rinnan	runnable	consulted_applicable	iernan;irnan;rannjanan;rennanan;rinn;rinnan;rínnaną;rinnang;irnan		340,341	157,172,189,203,229,256,265,269,279,284,298,305,314,335,339,340,341	340,341	Rinnan/irnan family, never hlaupan.	Rinnan/irnan family, never hlaupan. No input adoption, historical equivalence, silence-as-dissent or image verification beyond the inherited checks is claimed.	Held text only; alias OCR and quantities can be imperfect. Full index/body search is a screen, not a393-row negative grammar review. PAGE14 roman folio unresolved.	rt-complete-2161-001;rt-complete-2161-002;rt-complete-2161-003;rt-complete-2161-004;rt-complete-2161-005
2162	RingeTaylor2014	rust	rust	runnable	screened_no_specific_commitment	rauda;rauđaz;reuda;rudēn;rust;rustaz;rustō;ruđ(j)an;rústō	printed555 (PAGE570): *raudaz 172	172			Does this source provide an earlier form, selected-cell/stem, trigger, analogy or dated endpoint for rust rust?	Possible orthographic/semantic/family matches are navigation only; no source absence is inferred.	Held text only; alias OCR and quantities can be imperfect. Full index/body search is a screen, not a393-row negative grammar review. PAGE14 roman folio unresolved.	
2163	RingeTaylor2014	rye	ryġe	runnable	consulted_applicable	rugi;rukk/gan;ruʒiz;ruʒʒōn;ryġe;rúgiz;rugiz	printed555 (PAGE570): *rugiz 223;printed598 (PAGE613): ryge 223	223	223,317	223	Does this source provide an earlier form, selected-cell/stem, trigger, analogy or dated endpoint for rye ryġe?	Text-checked actual applicable source units; retain direct forms, attested examples and process statements separately. No input adoption, historical equivalence, silence-as-dissent or image verification beyond the inherited checks is claimed.	Held text only; alias OCR and quantities can be imperfect. Full index/body search is a screen, not a393-row negative grammar review. PAGE14 roman folio unresolved.	rt-complete-2163-001;rt-complete-2163-002
2164	RingeTaylor2014	sail	seġl	runnable	consulted_applicable	segla;seġl;seʒlan;séglą;segl	printed561 (PAGE576): *segla 213, 329;printed570 (PAGE585): *segl 329;printed600 (PAGE615): segl 213, 329	213,329,332	213,329,332	213,329,330	Does this source provide an earlier form, selected-cell/stem, trigger, analogy or dated endpoint for sail seġl?	Text-checked actual applicable source units; retain direct forms, attested examples and process statements separately. No input adoption, historical equivalence, silence-as-dissent or image verification beyond the inherited checks is claimed.	Held text only; alias OCR and quantities can be imperfect. Full index/body search is a screen, not a393-row negative grammar review. PAGE14 roman folio unresolved.	rt-complete-2164-001;rt-complete-2164-002;rt-complete-2164-003;rt-complete-2164-004;rt-complete-2164-005;rt-complete-2164-006
2165	RingeTaylor2014	sake	sacu	runnable	consulted_applicable	sacu;sakanan;sakjō(n);sakō;sákō;saku	printed598 (PAGE613): sacu 128, 195, 288	128,195,288	115	128,195,288	Does this source provide an earlier form, selected-cell/stem, trigger, analogy or dated endpoint for sake sacu?	Text-checked actual applicable source units; retain direct forms, attested examples and process statements separately. No input adoption, historical equivalence, silence-as-dissent or image verification beyond the inherited checks is claimed.	Held text only; alias OCR and quantities can be imperfect. Full index/body search is a screen, not a393-row negative grammar review. PAGE14 roman folio unresolved.	rt-complete-2165-001;rt-complete-2165-002;rt-complete-2165-003;rt-complete-2165-004;rt-complete-2165-005;rt-complete-2165-006;rt-complete-2165-007;rt-complete-2165-008;rt-complete-2165-009;rt-complete-2165-010;rt-complete-2165-011;rt-complete-2165-012;rt-complete-2165-013;rt-complete-2165-014;rt-complete-2165-015;rt-complete-2165-016;rt-complete-2165-017;rt-complete-2165-018
2166	RingeTaylor2014	salt	sealt	runnable	consulted_applicable	salta;saltan;sealt;sáltą;salta	printed555 (PAGE570): *salta 184;printed599 (PAGE614): sealt 184	73,184	184,219	184	Does this source provide an earlier form, selected-cell/stem, trigger, analogy or dated endpoint for salt sealt?	Text-checked actual applicable source units; retain direct forms, attested examples and process statements separately. No input adoption, historical equivalence, silence-as-dissent or image verification beyond the inherited checks is claimed.	Held text only; alias OCR and quantities can be imperfect. Full index/body search is a screen, not a393-row negative grammar review. PAGE14 roman folio unresolved.	rt-complete-2166-001;rt-complete-2166-002;rt-complete-2166-003;rt-complete-2166-004;rt-complete-2166-005;rt-complete-2166-006
2167	RingeTaylor2014	salve	sealf	runnable	consulted_applicable	salbō;sealf;sálbō;salbu	printed555 (PAGE570): *salbo 184, 297;printed555 (PAGE570): *salbo 59, 299;printed570 (PAGE585): *salbo (iptv.) 299;printed599 (PAGE614): sealf 184, 297	59,108,109,184,297,299	79,156,297	297	Salve noun and anoint verb are distinct units wherever both occur.	Salve noun and anoint verb are distinct units wherever both occur. No input adoption, historical equivalence, silence-as-dissent or image verification beyond the inherited checks is claimed.	Held text only; alias OCR and quantities can be imperfect. Full index/body search is a screen, not a393-row negative grammar review. PAGE14 roman folio unresolved.	rt-complete-2167-001;rt-complete-2167-002;rt-complete-2167-003;rt-complete-2167-004;rt-complete-2167-005;rt-complete-2167-006;rt-complete-2167-007
2168	RingeTaylor2014	sap	sæp	runnable	screened_no_specific_commitment	saf/ban;saf/ppan;safō;sapa;sapan;sappa;sappaz;sapōn;sápą;sæp					Does this source provide an earlier form, selected-cell/stem, trigger, analogy or dated endpoint for sap sæp?	No identity-safe specific target established by the full held-text alias/index/topic screen; not an author-silence finding.	Held text only; alias OCR and quantities can be imperfect. Full index/body search is a screen, not a393-row negative grammar review. PAGE14 roman folio unresolved.	
2169	RingeTaylor2014	sea	sǣ	runnable	consulted_applicable	saiwaz;saiwi;saiwiz;sái;sáiwiz;saiwiz;sea	printed555 (PAGE570): *saiwiz 234, 259	234,259	28,58,84,127,158,168,186,191,212,234,237,246,259,289,318,334	234,259,318	Does this source provide an earlier form, selected-cell/stem, trigger, analogy or dated endpoint for sea sǣ?	Text-checked actual applicable source units; retain direct forms, attested examples and process statements separately. No input adoption, historical equivalence, silence-as-dissent or image verification beyond the inherited checks is claimed.	Held text only; alias OCR and quantities can be imperfect. Full index/body search is a screen, not a393-row negative grammar review. PAGE14 roman folio unresolved.	rt-complete-2169-001;rt-complete-2169-002;rt-complete-2169-003;rt-complete-2169-004;rt-complete-2169-005;rt-complete-2169-006;rt-complete-2169-007;rt-complete-2169-008;rt-complete-2169-009;rt-complete-2169-010;rt-complete-2169-011;rt-complete-2169-012;rt-complete-2169-013;rt-complete-2169-014;rt-complete-2169-015;rt-complete-2169-016;rt-complete-2169-017;rt-complete-2169-018
2170	RingeTaylor2014	seam	sēam	runnable	screened_no_specific_commitment	sauma;saumaz;siwjanan;sáumaz;sēam					Does this source provide an earlier form, selected-cell/stem, trigger, analogy or dated endpoint for seam sēam?	No identity-safe specific target established by the full held-text alias/index/topic screen; not an author-silence finding.	Held text only; alias OCR and quantities can be imperfect. Full index/body search is a screen, not a393-row negative grammar review. PAGE14 roman folio unresolved.	
2171	RingeTaylor2014	seek	sēċan	runnable	consulted_applicable	sēċan;sōkijaną;sōkjan;sōkjanan;sokijan;sdkijan	printed599 (PAGE614): sécan 157, 208, 226	157,208,226	143,157,195,208,221,226	157,208,226	Does this source provide an earlier form, selected-cell/stem, trigger, analogy or dated endpoint for seek sēċan?	Text-checked actual applicable source units; retain direct forms, attested examples and process statements separately. No input adoption, historical equivalence, silence-as-dissent or image verification beyond the inherited checks is claimed.	Held text only; alias OCR and quantities can be imperfect. Full index/body search is a screen, not a393-row negative grammar review. PAGE14 roman folio unresolved.	rt-complete-2171-001;rt-complete-2171-002;rt-complete-2171-003;rt-complete-2171-004;rt-complete-2171-005;rt-complete-2171-006;rt-complete-2171-007;rt-complete-2171-008;rt-complete-2171-009;rt-complete-2171-010;rt-complete-2171-011;rt-complete-2171-012;rt-complete-2171-013
2172	RingeTaylor2014	send	sendan	runnable	consulted_applicable	sandjan;sanđjanan;sendan;senþanan;sándijaną;sandijan	printed555 (PAGE570): *sandijana 229;printed600 (PAGE615): sendan 229	229	229	229	Does this source provide an earlier form, selected-cell/stem, trigger, analogy or dated endpoint for send sendan?	Text-checked actual applicable source units; retain direct forms, attested examples and process statements separately. No input adoption, historical equivalence, silence-as-dissent or image verification beyond the inherited checks is claimed.	Held text only; alias OCR and quantities can be imperfect. Full index/body search is a screen, not a393-row negative grammar review. PAGE14 roman folio unresolved.	rt-complete-2172-001;rt-complete-2172-002;rt-complete-2172-003
2173	RingeTaylor2014	set	settan	runnable	consulted_applicable	satjan;satjanan;settan;sátjaną;satjan;settan	printed555 (PAGE570): *satjana 51;printed600 (PAGE615): settan 51, 238, 351, 358	51,238,351,358	4,51,72,73,81,93,95,99,109,152,213,238,246,262,274,333,341,355,358,361,379	51,238,351,358	Does this source provide an earlier form, selected-cell/stem, trigger, analogy or dated endpoint for set settan?	Text-checked actual applicable source units; retain direct forms, attested examples and process statements separately. No input adoption, historical equivalence, silence-as-dissent or image verification beyond the inherited checks is claimed.	Held text only; alias OCR and quantities can be imperfect. Full index/body search is a screen, not a393-row negative grammar review. PAGE14 roman folio unresolved.	rt-complete-2173-001;rt-complete-2173-002;rt-complete-2173-003;rt-complete-2173-004;rt-complete-2173-005;rt-complete-2173-006;rt-complete-2173-007;rt-complete-2173-008;rt-complete-2173-009;rt-complete-2173-010;rt-complete-2173-011;rt-complete-2173-012;rt-complete-2173-013;rt-complete-2173-014;rt-complete-2173-015;rt-complete-2173-016;rt-complete-2173-017;rt-complete-2173-018;rt-complete-2173-019;rt-complete-2173-020;rt-complete-2173-021;rt-complete-2173-022
2174	RingeTaylor2014	seven	seofon	runnable	consulted_applicable	sebun;seofon;sep-m;sept-m;sébun;sebun	printed555 (PAGE570): *sebun 324;printed600 (PAGE615): seofon 324	324	66,302,324,349	324	Does this source provide an earlier form, selected-cell/stem, trigger, analogy or dated endpoint for seven seofon?	Text-checked actual applicable source units; retain direct forms, attested examples and process statements separately. No input adoption, historical equivalence, silence-as-dissent or image verification beyond the inherited checks is claimed.	Held text only; alias OCR and quantities can be imperfect. Full index/body search is a screen, not a393-row negative grammar review. PAGE14 roman folio unresolved.	rt-complete-2174-001;rt-complete-2174-002;rt-complete-2174-003
2175	RingeTaylor2014	shaft	sċeaft	runnable	consulted_applicable	skaban;skabanan;skaftan;skaftaz;skafti;skaftjan;skap(j)an;skapp/bōn;skubbōn;skáftą;sċeaft;skafta	printed561 (PAGE576): *skafta- 216;printed571 (PAGE586): *skaban 207;printed599 (PAGE614): sceaft 216	207,216,233	216	216	Does this source provide an earlier form, selected-cell/stem, trigger, analogy or dated endpoint for shaft sċeaft?	Text-checked actual applicable source units; retain direct forms, attested examples and process statements separately. No input adoption, historical equivalence, silence-as-dissent or image verification beyond the inherited checks is claimed.	Held text only; alias OCR and quantities can be imperfect. Full index/body search is a screen, not a393-row negative grammar review. PAGE14 roman folio unresolved.	rt-complete-2175-001;rt-complete-2175-002;rt-complete-2175-003;rt-complete-2175-004
2176	RingeTaylor2014	shame	sċamu	runnable	consulted_applicable	skam(m)az;skamō;skámō;sċamu;shame	printed599 (PAGE614): scamu 207		207	207	Does this source provide an earlier form, selected-cell/stem, trigger, analogy or dated endpoint for shame sċamu?	Text-checked actual applicable source units; retain direct forms, attested examples and process statements separately. No input adoption, historical equivalence, silence-as-dissent or image verification beyond the inherited checks is claimed.	Held text only; alias OCR and quantities can be imperfect. Full index/body search is a screen, not a393-row negative grammar review. PAGE14 roman folio unresolved.	rt-complete-2176-001;rt-complete-2176-002;rt-complete-2176-003
2177	RingeTaylor2014	shear	sċieran	runnable	consulted_applicable	skeran;skeranan;skéraną;sċieran;skeran;scieran	printed561 (PAGE576): *skerana 216;printed599 (PAGE614): scieran 216, 347 (princ.)	216,347	216,347	216,347	Does this source provide an earlier form, selected-cell/stem, trigger, analogy or dated endpoint for shear sċieran?	Text-checked actual applicable source units; retain direct forms, attested examples and process statements separately. No input adoption, historical equivalence, silence-as-dissent or image verification beyond the inherited checks is claimed.	Held text only; alias OCR and quantities can be imperfect. Full index/body search is a screen, not a393-row negative grammar review. PAGE14 roman folio unresolved.	rt-complete-2177-001;rt-complete-2177-002;rt-complete-2177-003;rt-complete-2177-004;rt-complete-2177-005;rt-complete-2177-006;rt-complete-2177-007;rt-complete-2177-009;rt-complete-2177-010;rt-complete-2177-011;rt-complete-2177-012
2178	RingeTaylor2014	sheath	sċēaþ	runnable	consulted_applicable	skaiþanan;skaiþiz;skaiþō;skaiđanan;skáiθiz;sċēaþ;skaibiz	printed561 (PAGE576): *skaibiz 235	235,298	235,327	235,298	Does this source provide an earlier form, selected-cell/stem, trigger, analogy or dated endpoint for sheath sċēaþ?	Text-checked actual applicable source units; retain direct forms, attested examples and process statements separately. No input adoption, historical equivalence, silence-as-dissent or image verification beyond the inherited checks is claimed.	Held text only; alias OCR and quantities can be imperfect. Full index/body search is a screen, not a393-row negative grammar review. PAGE14 roman folio unresolved.	rt-complete-2178-001;rt-complete-2178-002;rt-complete-2178-003;rt-complete-2178-004;rt-complete-2178-005
2179	RingeTaylor2014	sheep	sċēap	runnable	consulted_applicable	skēpa;skēpan;skḗpą;sċēap;skap	printed599 (PAGE614): scéap 127, 216;printed599 (PAGE614): scéap 235	127,216,235	127,148,216,237,259,289,318,324	127,128,216	Does this source provide an earlier form, selected-cell/stem, trigger, analogy or dated endpoint for sheep sċēap?	Text-checked actual applicable source units; retain direct forms, attested examples and process statements separately. No input adoption, historical equivalence, silence-as-dissent or image verification beyond the inherited checks is claimed.	Held text only; alias OCR and quantities can be imperfect. Full index/body search is a screen, not a393-row negative grammar review. PAGE14 roman folio unresolved.	rt-complete-2179-001;rt-complete-2179-002;rt-complete-2179-003;rt-complete-2179-004;rt-complete-2179-005;rt-complete-2179-006
2180	RingeTaylor2014	shield	sċield	runnable	consulted_applicable	skeldu;skeljanan;skelđaz;skelđiz;skelđuz;skelōjanan;skélduz;sċield;skeldu	printed555 (PAGE570): *skelduz 216, 287;printed571 (PAGE586): *skeldu 216, 287;printed599 (PAGE614): scield 216, 287	216,287	136,216,287,319,344	216,287	Does this source provide an earlier form, selected-cell/stem, trigger, analogy or dated endpoint for shield sċield?	Text-checked actual applicable source units; retain direct forms, attested examples and process statements separately. No input adoption, historical equivalence, silence-as-dissent or image verification beyond the inherited checks is claimed.	Held text only; alias OCR and quantities can be imperfect. Full index/body search is a screen, not a393-row negative grammar review. PAGE14 roman folio unresolved.	rt-complete-2180-001;rt-complete-2180-002;rt-complete-2180-003;rt-complete-2180-004;rt-complete-2180-005;rt-complete-2180-006;rt-complete-2180-007;rt-complete-2180-008
2181	RingeTaylor2014	shilling	sċilling	runnable	screened_no_specific_commitment	skeld-linga;skellanan;skellingaz;skíllingaz;sċilling					Does this source provide an earlier form, selected-cell/stem, trigger, analogy or dated endpoint for shilling sċilling?	No identity-safe specific target established by the full held-text alias/index/topic screen; not an author-silence finding.	Held text only; alias OCR and quantities can be imperfect. Full index/body search is a screen, not a393-row negative grammar review. PAGE14 roman folio unresolved.	
2182	RingeTaylor2014	shine	sċīnan	runnable	consulted_applicable	skīnan;skīnanan;skī́naną;skḯnaną;sċīnan;scinan	printed599 (PAGE614): scinan 204	204	130,204,249,310	204	Does this source provide an earlier form, selected-cell/stem, trigger, analogy or dated endpoint for shine sċīnan?	Text-checked actual applicable source units; retain direct forms, attested examples and process statements separately. No input adoption, historical equivalence, silence-as-dissent or image verification beyond the inherited checks is claimed.	Held text only; alias OCR and quantities can be imperfect. Full index/body search is a screen, not a393-row negative grammar review. PAGE14 roman folio unresolved.	rt-complete-2182-001;rt-complete-2182-002;rt-complete-2182-003
2183	RingeTaylor2014	shoulder	sċuldrum	runnable	consulted_applicable	skuldra;skuldrjōn;skuldrō;skulđr(j)ō;skúldramiz;sċuldrum;skuldru			127,158,176,237,272,285,329	127,128	Does this source provide an earlier form, selected-cell/stem, trigger, analogy or dated endpoint for shoulder sċuldrum?	Text-checked actual applicable source units; retain direct forms, attested examples and process statements separately. No input adoption, historical equivalence, silence-as-dissent or image verification beyond the inherited checks is claimed.	Held text only; alias OCR and quantities can be imperfect. Full index/body search is a screen, not a393-row negative grammar review. PAGE14 roman folio unresolved.	rt-complete-2183-001;rt-complete-2183-002;rt-complete-2183-003;rt-complete-2183-004
2184	RingeTaylor2014	shove	sċēaf	runnable	consulted_applicable	skeuban;skeubanan;skáub;skéubaną;skūban;skūbanan;skūbōjanan;sċēaf;skaub	printed555 (PAGE570): *skaub 298;printed599 (PAGE614): scéaf (noun) 206;printed599 (PAGE614): scéaf (past) 298	206,298		298	Does this source provide an earlier form, selected-cell/stem, trigger, analogy or dated endpoint for shove sċēaf?	Text-checked actual applicable source units; retain direct forms, attested examples and process statements separately. No input adoption, historical equivalence, silence-as-dissent or image verification beyond the inherited checks is claimed.	Held text only; alias OCR and quantities can be imperfect. Full index/body search is a screen, not a393-row negative grammar review. PAGE14 roman folio unresolved.	rt-complete-2184-001;rt-complete-2184-002;rt-complete-2184-003
2185	RingeTaylor2014	shovel	sċofl	runnable	screened_no_specific_commitment	skúflō;skūblō;skūflō;sċofl					Does this source provide an earlier form, selected-cell/stem, trigger, analogy or dated endpoint for shovel sċofl?	No identity-safe specific target established by the full held-text alias/index/topic screen; not an author-silence finding.	Held text only; alias OCR and quantities can be imperfect. Full index/body search is a screen, not a393-row negative grammar review. PAGE14 roman folio unresolved.	
2186	RingeTaylor2014	show	sċēawian	runnable	screened_no_specific_commitment	skawaz;skawōjan;skawōjanan;skáwōjaną;sċēawian;xē(u)we			1,5,8,14,28,37,39,48,53,58,71,76,80,82,86,87,88,136,148,150,173,187,211,229,252,253,260,261,270,306,310,323,327,340,353,356,364,370,521		Does this source provide an earlier form, selected-cell/stem, trigger, analogy or dated endpoint for show sċēawian?	No identity-safe specific target established by the full held-text alias/index/topic screen; not an author-silence finding.	Held text only; alias OCR and quantities can be imperfect. Full index/body search is a screen, not a393-row negative grammar review. PAGE14 roman folio unresolved.	
2187	RingeTaylor2014	shower	sċūr	runnable	consulted_applicable	skewur;sku(w)eni;skūnaz;skūra/ō;skūraz;skūriz;skūrō;sċūr;shower			207	207	Does this source provide an earlier form, selected-cell/stem, trigger, analogy or dated endpoint for shower sċūr?	Text-checked actual applicable source units; retain direct forms, attested examples and process statements separately. No input adoption, historical equivalence, silence-as-dissent or image verification beyond the inherited checks is claimed.	Held text only; alias OCR and quantities can be imperfect. Full index/body search is a screen, not a393-row negative grammar review. PAGE14 roman folio unresolved.	rt-complete-2187-001;rt-complete-2187-002
2188	RingeTaylor2014	side	sīde	runnable	screened_no_specific_commitment	sīde;sīdōn;sīđaz;sīđōn;sī́dōn;sḯdōn		36,42,82,209,334,352	36,42,82,209,334,352		Does this source provide an earlier form, selected-cell/stem, trigger, analogy or dated endpoint for side sīde?	Possible orthographic/semantic/family matches are navigation only; no source absence is inferred.	Held text only; alias OCR and quantities can be imperfect. Full index/body search is a screen, not a393-row negative grammar review. PAGE14 roman folio unresolved.	
2189	RingeTaylor2014	sieve	sife	runnable	screened_no_specific_commitment	sibaz;sife;síbaz;síbi			49,178		Does this source provide an earlier form, selected-cell/stem, trigger, analogy or dated endpoint for sieve sife?	Sihhwa/seohhe sieve at49/178 is distinct from selected sife; no stage/ending erasure equates them. No identity-safe specific target established by the full held-text alias/index/topic screen; not an author-silence finding.	Held text only; alias OCR and quantities can be imperfect. Full index/body search is a screen, not a393-row negative grammar review. PAGE14 roman folio unresolved.	
2190	RingeTaylor2014	sing	singan	runnable	consulted_applicable	sanʒwaz;senʒwanan;singan;singwan;síngwaną;sing	printed570 (PAGE585): *singwan 215;printed600 (PAGE615): singan 215	215	195,215	215,513	Does this source provide an earlier form, selected-cell/stem, trigger, analogy or dated endpoint for sing singan?	Text-checked actual applicable source units; retain direct forms, attested examples and process statements separately. No input adoption, historical equivalence, silence-as-dissent or image verification beyond the inherited checks is claimed.	Held text only; alias OCR and quantities can be imperfect. Full index/body search is a screen, not a393-row negative grammar review. PAGE14 roman folio unresolved.	rt-complete-2190-001;rt-complete-2190-002;rt-complete-2190-003;rt-complete-2190-004
2191	RingeTaylor2014	singe	senġan	runnable	screened_no_specific_commitment	sanʒjanan;senġan;sángijaną					Does this source provide an earlier form, selected-cell/stem, trigger, analogy or dated endpoint for singe senġan?	No identity-safe specific target established by the full held-text alias/index/topic screen; not an author-silence finding.	Held text only; alias OCR and quantities can be imperfect. Full index/body search is a screen, not a393-row negative grammar review. PAGE14 roman folio unresolved.	
2192	RingeTaylor2014	sister	swester	runnable	consulted_applicable	su̯esor;sweostor;swester;swestēr;swéstēr;swestér;sweostor	printed556 (PAGE571): *swestér 18, 515;printed602 (PAGE617): sweostor 326, 382, 515	18,326,382,515	326,382,515	326,382,515,520	Does this source provide an earlier form, selected-cell/stem, trigger, analogy or dated endpoint for sister swester?	Text-checked actual applicable source units; retain direct forms, attested examples and process statements separately. No input adoption, historical equivalence, silence-as-dissent or image verification beyond the inherited checks is claimed.	Held text only; alias OCR and quantities can be imperfect. Full index/body search is a screen, not a393-row negative grammar review. PAGE14 roman folio unresolved.	rt-complete-2192-001;rt-complete-2192-002;rt-complete-2192-003;rt-complete-2192-004;rt-complete-2192-005;rt-complete-2192-006;rt-complete-2192-007;rt-complete-2192-008;rt-complete-2192-009;rt-complete-2192-011;rt-complete-2192-012;rt-complete-2192-013;rt-complete-2192-014;rt-complete-2192-015;rt-complete-2192-016;rt-complete-2192-017;rt-complete-2192-018;rt-complete-2192-019;rt-complete-2192-020;rt-complete-2192-021;rt-complete-2192-022;rt-complete-2192-023;rt-complete-2192-024;rt-complete-2192-025;rt-complete-2192-026;rt-complete-2192-027
2193	RingeTaylor2014	sit	sittan	runnable	consulted_applicable	sed-i-énti;sed-éi-ti;set(j)an;setan;setjan;setjanan;sittan;sétjaną;sitjang	printed600 (PAGE615): sittan 51	51	51,69,295	51,106,220,513	Does this source provide an earlier form, selected-cell/stem, trigger, analogy or dated endpoint for sit sittan?	The current late raising conflicts with this working history, but is not evidence that the dictionaries invented their e headwords. Text-checked actual applicable source units; retain direct forms, attested examples and process statements separately. No input adoption, historical equivalence, silence-as-dissent or image verification beyond the inherited checks is claimed.	Held text only; alias OCR and quantities can be imperfect. Full index/body search is a screen, not a393-row negative grammar review. PAGE14 roman folio unresolved.	raising-ringe-taylor-oe-boundary;rt-complete-2193-001;rt-complete-2193-002;rt-complete-2193-003;rt-complete-2193-004;rt-complete-2193-005;rt-complete-2193-006;rt-complete-2193-007;rt-complete-2193-008
2194	RingeTaylor2014	six	six	runnable	consulted_applicable	sehs;sexs;six;séxs;sehs	printed555 (PAGE570): *sehs 337	66,158,283,302,303,337,349,381	66,158,283,302,303,337,349,381	337	Does this source provide an earlier form, selected-cell/stem, trigger, analogy or dated endpoint for six six?	Text-checked actual applicable source units; retain direct forms, attested examples and process statements separately. No input adoption, historical equivalence, silence-as-dissent or image verification beyond the inherited checks is claimed.	Held text only; alias OCR and quantities can be imperfect. Full index/body search is a screen, not a393-row negative grammar review. PAGE14 roman folio unresolved.	rt-complete-2194-001;rt-complete-2194-002;rt-complete-2194-003
2195	RingeTaylor2014	slay	slēan	runnable	consulted_applicable	slahan;slaxanan;sláxaną;slēan;slahan;sléan	printed571 (PAGE586): *slahan 189, 315;printed601 (PAGE616): sléan 177, 189, 198, 315, 343 (princ.), 348	177,189,198,315,316,343,348	177,189,190,238	177,189,315,343,348	Does this source provide an earlier form, selected-cell/stem, trigger, analogy or dated endpoint for slay slēan?	Text-checked actual applicable source units; retain direct forms, attested examples and process statements separately. No input adoption, historical equivalence, silence-as-dissent or image verification beyond the inherited checks is claimed.	Held text only; alias OCR and quantities can be imperfect. Full index/body search is a screen, not a393-row negative grammar review. PAGE14 roman folio unresolved.	rt-complete-2195-001;rt-complete-2195-002;rt-complete-2195-003;rt-complete-2195-004;rt-complete-2195-005;rt-complete-2195-006;rt-complete-2195-007;rt-complete-2195-008;rt-complete-2195-009;rt-complete-2195-010;rt-complete-2195-011;rt-complete-2195-012;rt-complete-2195-013;rt-complete-2195-014;rt-complete-2195-015;rt-complete-2195-016;rt-complete-2195-017;rt-complete-2195-018;rt-complete-2195-019;rt-complete-2195-020;rt-complete-2195-021;rt-complete-2195-022;rt-complete-2195-023;rt-complete-2195-024;rt-complete-2195-025;rt-complete-2195-026
2196	RingeTaylor2014	sleep	slǣpan	runnable	consulted_applicable	slēpan;slēpanan;slēpaz;slǣpan;slḗpaną;slépan	printed556 (PAGE571): *slépaz 199;printed601 (PAGE616): slepan 11, 149, 199, 348 (princ.)	11,149,199,348	11,149,199,238,271,330,348	11,149,199,346	Does this source provide an earlier form, selected-cell/stem, trigger, analogy or dated endpoint for sleep slǣpan?	Text-checked actual applicable source units; retain direct forms, attested examples and process statements separately. No input adoption, historical equivalence, silence-as-dissent or image verification beyond the inherited checks is claimed.	Held text only; alias OCR and quantities can be imperfect. Full index/body search is a screen, not a393-row negative grammar review. PAGE14 roman folio unresolved.	rt-complete-2196-001;rt-complete-2196-002;rt-complete-2196-004;rt-complete-2196-005;rt-complete-2196-006;rt-complete-2196-008;rt-complete-2196-009;rt-complete-2196-010;rt-complete-2196-011;rt-complete-2196-012;rt-complete-2196-013;rt-complete-2196-014;rt-complete-2196-015;rt-complete-2196-017;rt-complete-2196-018
2197	RingeTaylor2014	slime	slīm	runnable	screened_no_specific_commitment	slīm;slīma;slīman;slī́mą;slḯmą					Does this source provide an earlier form, selected-cell/stem, trigger, analogy or dated endpoint for slime slīm?	No identity-safe specific target established by the full held-text alias/index/topic screen; not an author-silence finding.	Held text only; alias OCR and quantities can be imperfect. Full index/body search is a screen, not a393-row negative grammar review. PAGE14 roman folio unresolved.	
2198	RingeTaylor2014	smear	smierwan	runnable	consulted_applicable	smerwjan;smerwjanan;smierwan;smérwijaną;smier	printed601 (PAGE616): smierwan 183, 248	183,248	183,248	183,248	Does this source provide an earlier form, selected-cell/stem, trigger, analogy or dated endpoint for smear smierwan?	Text-checked actual applicable source units; retain direct forms, attested examples and process statements separately. No input adoption, historical equivalence, silence-as-dissent or image verification beyond the inherited checks is claimed.	Held text only; alias OCR and quantities can be imperfect. Full index/body search is a screen, not a393-row negative grammar review. PAGE14 roman folio unresolved.	rt-complete-2198-001;rt-complete-2198-002;rt-complete-2198-003;rt-complete-2198-004;rt-complete-2198-005;rt-complete-2198-006;rt-complete-2198-007;rt-complete-2198-008;rt-complete-2198-009;rt-complete-2198-010;rt-complete-2198-011;rt-complete-2198-012;rt-complete-2198-013
2199	RingeTaylor2014	snow	snāw	runnable	consulted_applicable	snaiwa;snaiʒwaz;snáiwaz;snāw;snīʒwanan;snaiwaz	printed556 (PAGE571): *snaiwaz 171;printed601 (PAGE616): snaw 171	171	171	171	Does this source provide an earlier form, selected-cell/stem, trigger, analogy or dated endpoint for snow snāw?	Text-checked actual applicable source units; retain direct forms, attested examples and process statements separately. No input adoption, historical equivalence, silence-as-dissent or image verification beyond the inherited checks is claimed.	Held text only; alias OCR and quantities can be imperfect. Full index/body search is a screen, not a393-row negative grammar review. PAGE14 roman folio unresolved.	rt-complete-2199-001;rt-complete-2199-002
2200	RingeTaylor2014	sorrow	sorg	runnable	consulted_applicable	sorg;surgō;surʒēnan;surʒō;súrgō;surgo	printed556 (PAGE571): *surgo 27;printed601 (PAGE616): sorg 27	27	27	27	Does this source provide an earlier form, selected-cell/stem, trigger, analogy or dated endpoint for sorrow sorg?	Text-checked actual applicable source units; retain direct forms, attested examples and process statements separately. No input adoption, historical equivalence, silence-as-dissent or image verification beyond the inherited checks is claimed.	Held text only; alias OCR and quantities can be imperfect. Full index/body search is a screen, not a393-row negative grammar review. PAGE14 roman folio unresolved.	rt-complete-2200-001;rt-complete-2200-002
2201	RingeTaylor2014	soul	sāwol	runnable	consulted_applicable	saiwalō;saiwlō;swai-walō;sáiwalō;sāwol;saiwal	printed555 (PAGE570): *saiwalO 171, 265, 330;printed570 (PAGE585): *saiwalo 300;printed598 (PAGE613): sawol ~ -ul 171, 265, 330, 377	171,299,330	56,171,182,265,299,330,377	171,265,330	Does this source provide an earlier form, selected-cell/stem, trigger, analogy or dated endpoint for soul sāwol?	Text-checked actual applicable source units; retain direct forms, attested examples and process statements separately. No input adoption, historical equivalence, silence-as-dissent or image verification beyond the inherited checks is claimed.	Held text only; alias OCR and quantities can be imperfect. Full index/body search is a screen, not a393-row negative grammar review. PAGE14 roman folio unresolved.	rt-complete-2201-001;rt-complete-2201-002;rt-complete-2201-003;rt-complete-2201-004;rt-complete-2201-005;rt-complete-2201-006;rt-complete-2201-007;rt-complete-2201-008;rt-complete-2201-009;rt-complete-2201-010;rt-complete-2201-011;rt-complete-2201-012;rt-complete-2201-013;rt-complete-2201-014
2202	RingeTaylor2014	span	spannan	runnable	consulted_applicable	spananan;spannan;spannanan;spánnaną;spannan	printed571 (PAGE586): *spannan 127;printed601 (PAGE616): spannan 127	127	143	127,128	Does this source provide an earlier form, selected-cell/stem, trigger, analogy or dated endpoint for span spannan?	Text-checked actual applicable source units; retain direct forms, attested examples and process statements separately. No input adoption, historical equivalence, silence-as-dissent or image verification beyond the inherited checks is claimed.	Held text only; alias OCR and quantities can be imperfect. Full index/body search is a screen, not a393-row negative grammar review. PAGE14 roman folio unresolved.	rt-complete-2202-001;rt-complete-2202-002;rt-complete-2202-003
2203	RingeTaylor2014	span	spanne	runnable	consulted_applicable	spannan;spanne;spannō;spánnai;spannan	printed571 (PAGE586): *spannan 127;printed601 (PAGE616): spannan 127	127	143	127	Harness verb is family evidence, not the selected span-noun dative.	Harness verb is family evidence, not the selected span-noun dative. No input adoption, historical equivalence, silence-as-dissent or image verification beyond the inherited checks is claimed.	Held text only; alias OCR and quantities can be imperfect. Full index/body search is a screen, not a393-row negative grammar review. PAGE14 roman folio unresolved.	rt-complete-2203-001
2204	RingeTaylor2014	spar	spearra	runnable	screened_no_specific_commitment	spar(r)an;sparan;sparran;sparraz;sparrōn;sparō;spearra;spárrô		180			Does this source provide an earlier form, selected-cell/stem, trigger, analogy or dated endpoint for spar spearra?	Possible orthographic/semantic/family matches are navigation only; no source absence is inferred.	Held text only; alias OCR and quantities can be imperfect. Full index/body search is a screen, not a393-row negative grammar review. PAGE14 roman folio unresolved.	
2205	RingeTaylor2014	spare	sparian	runnable	consulted_applicable	sparaz;sparian;sparēn;sparēnan;sparēną;spárōjaną;spar	printed601 (PAGE616): sparian 162, 191, 219, 367	162,191,219,367	162,191,219,367	162,191,219,367	Does this source provide an earlier form, selected-cell/stem, trigger, analogy or dated endpoint for spare sparian?	Text-checked actual applicable source units; retain direct forms, attested examples and process statements separately. No input adoption, historical equivalence, silence-as-dissent or image verification beyond the inherited checks is claimed.	Held text only; alias OCR and quantities can be imperfect. Full index/body search is a screen, not a393-row negative grammar review. PAGE14 roman folio unresolved.	rt-complete-2205-001;rt-complete-2205-002;rt-complete-2205-003;rt-complete-2205-004;rt-complete-2205-005;rt-complete-2205-006;rt-complete-2205-007;rt-complete-2205-008;rt-complete-2205-009;rt-complete-2205-010;rt-complete-2205-011;rt-complete-2205-012;rt-complete-2205-013;rt-complete-2205-014;rt-complete-2205-015;rt-complete-2205-016;rt-complete-2205-017;rt-complete-2205-018
2206	RingeTaylor2014	spear	speoru	runnable	screened_no_specific_commitment	speoru;speru;spéru			82,86		Does this source provide an earlier form, selected-cell/stem, trigger, analogy or dated endpoint for spear speoru?	Gaizaz/gār spear at82/86 is not selected speoru. No identity-safe specific target established by the full held-text alias/index/topic screen; not an author-silence finding.	Held text only; alias OCR and quantities can be imperfect. Full index/body search is a screen, not a393-row negative grammar review. PAGE14 roman folio unresolved.	
2207	RingeTaylor2014	spin	spinnan	runnable	screened_no_specific_commitment	spennanan;spinnan;spínnaną					Does this source provide an earlier form, selected-cell/stem, trigger, analogy or dated endpoint for spin spinnan?	No identity-safe specific target established by the full held-text alias/index/topic screen; not an author-silence finding.	Held text only; alias OCR and quantities can be imperfect. Full index/body search is a screen, not a393-row negative grammar review. PAGE14 roman folio unresolved.	
2208	RingeTaylor2014	spindle	spinl	runnable	consulted_applicable	spennilō(n);spinl;spinnan;spunan;spénnilō;spinnilu		330	330	330	Does this source provide an earlier form, selected-cell/stem, trigger, analogy or dated endpoint for spindle spinl?	Text-checked actual applicable source units; retain direct forms, attested examples and process statements separately. No input adoption, historical equivalence, silence-as-dissent or image verification beyond the inherited checks is claimed.	Held text only; alias OCR and quantities can be imperfect. Full index/body search is a screen, not a393-row negative grammar review. PAGE14 roman folio unresolved.	rt-complete-2208-001;rt-complete-2208-002;rt-complete-2208-003;rt-complete-2208-004;rt-complete-2208-005
2209	RingeTaylor2014	spoon	spōn	runnable	consulted_applicable	spēnuz;spōn;spōnuz;spḗnuz;spanuz	printed601 (PAGE616): spon 143	143		143	Does this source provide an earlier form, selected-cell/stem, trigger, analogy or dated endpoint for spoon spōn?	Text-checked actual applicable source units; retain direct forms, attested examples and process statements separately. No input adoption, historical equivalence, silence-as-dissent or image verification beyond the inherited checks is claimed.	Held text only; alias OCR and quantities can be imperfect. Full index/body search is a screen, not a393-row negative grammar review. PAGE14 roman folio unresolved.	rt-complete-2209-001;rt-complete-2209-002;rt-complete-2209-003
2210	RingeTaylor2014	spread	sprǣdan	runnable	screened_no_specific_commitment	spraidjan;spraitjan;spraiđjanan;spráidijaną;sprīđanan;sprǣdan			13,14,15,32,35,37,38,45,48,49,50,53,57,58,59,63,68,72,75,76,81,87,88,90,91,92,94,98,99,100,101,110,116,122,124,139,145,146,156,158,161,163,164,169,170,173,175,189,197,238,246,254,255,259,260,281,302,318,336,343,346,354,355,356,358,365,372,377,378,379,380,381,388,513,516,517		Does this source provide an earlier form, selected-cell/stem, trigger, analogy or dated endpoint for spread sprǣdan?	No identity-safe specific target established by the full held-text alias/index/topic screen; not an author-silence finding.	Held text only; alias OCR and quantities can be imperfect. Full index/body search is a screen, not a393-row negative grammar review. PAGE14 roman folio unresolved.	
2211	RingeTaylor2014	spur	spora	runnable	screened_no_specific_commitment	spernan;spora;spura;spuran;spurjan;spurnan;spurōn;spúrô	printed601 (PAGE616): spurnan ~ -o- 32, 346 (princ.), 347 (princ.)	32,346,347			Does this source provide an earlier form, selected-cell/stem, trigger, analogy or dated endpoint for spur spora?	Possible orthographic/semantic/family matches are navigation only; no source absence is inferred.	Held text only; alias OCR and quantities can be imperfect. Full index/body search is a screen, not a393-row negative grammar review. PAGE14 roman folio unresolved.	
2212	RingeTaylor2014	staff	stæf	runnable	consulted_applicable	staba;stabaz;stabiz;stábaz;stábiz;stæf;stabaz	printed556 (PAGE571): *stabaz 147, 193	147,193	147,193,210,226	147,193,194	Does this source provide an earlier form, selected-cell/stem, trigger, analogy or dated endpoint for staff stæf?	Text-checked actual applicable source units; retain direct forms, attested examples and process statements separately. No input adoption, historical equivalence, silence-as-dissent or image verification beyond the inherited checks is claimed.	Held text only; alias OCR and quantities can be imperfect. Full index/body search is a screen, not a393-row negative grammar review. PAGE14 roman folio unresolved.	rt-complete-2212-001;rt-complete-2212-002;rt-complete-2212-003;rt-complete-2212-004;rt-complete-2212-005;rt-complete-2212-006;rt-complete-2212-007;rt-complete-2212-008;rt-complete-2212-009;rt-complete-2212-010;rt-complete-2212-011;rt-complete-2212-012;rt-complete-2212-013
2213	RingeTaylor2014	start	styrtan	runnable	screened_no_specific_commitment	(ga-)sturja;startjanan;staura;staurjan;stertaz;sterđaz;sturjan;styrtan;stúrtijaną			313		Does this source provide an earlier form, selected-cell/stem, trigger, analogy or dated endpoint for start styrtan?	No identity-safe specific target established by the full held-text alias/index/topic screen; not an author-silence finding.	Held text only; alias OCR and quantities can be imperfect. Full index/body search is a screen, not a393-row negative grammar review. PAGE14 roman folio unresolved.	
2214	RingeTaylor2014	starve	steorfan	runnable	consulted_applicable	steorfan;sterban;sterbanan;stérbaną;sterban	printed571 (PAGE586): *sterban 127, 182;printed602 (PAGE617): steorfan 127, 182	127,182		127,128,182	Does this source provide an earlier form, selected-cell/stem, trigger, analogy or dated endpoint for starve steorfan?	Text-checked actual applicable source units; retain direct forms, attested examples and process statements separately. No input adoption, historical equivalence, silence-as-dissent or image verification beyond the inherited checks is claimed.	Held text only; alias OCR and quantities can be imperfect. Full index/body search is a screen, not a393-row negative grammar review. PAGE14 roman folio unresolved.	rt-complete-2214-001;rt-complete-2214-002;rt-complete-2214-003;rt-complete-2214-004;rt-complete-2214-005
2215	RingeTaylor2014	steal	stelan	runnable	screened_no_specific_commitment	stelan;stelanan;stélaną					Does this source provide an earlier form, selected-cell/stem, trigger, analogy or dated endpoint for steal stelan?	No identity-safe specific target established by the full held-text alias/index/topic screen; not an author-silence finding.	Held text only; alias OCR and quantities can be imperfect. Full index/body search is a screen, not a393-row negative grammar review. PAGE14 roman folio unresolved.	
2216	RingeTaylor2014	stem	stefn	runnable	consulted_applicable	stabnaz;stamnaz;stamniz;stefn;stámnaz;stámniz;stebn	printed601 (PAGE616): stefn ~ stemn 330	330	10,14,15,16,17,19,21,22,23,24,25,28,30,32,33,34,35,37,38,42,44,45,47,48,49,50,55,56,57,59,60,61,62,64,67,69,70,71,74,75,77,78,79,80,81,84,87,89,90,92,93,94,96,97,98,99,100,101,102,103,104,106,108,110,111,112,113,114,115,116,117,118,119,120,121,122,124,125,131,133,134,135,136,139,140,142,147,150,152,154,156,157,158,161,162,163,166,170,173,174,182,192,193,195,197,201,205,207,208,211,214,217,224,233,236,237,239,240,241,247,250,253,254,257,258,259,265,266,272,274,278,285,286,287,288,289,293,298,299,300,303,307,312,314,315,322,323,325,326,333,334,340,342,343,344,345,346,349,350,351,353,354,355,356,358,359,360,361,363,364,365,366,369,370,371,372,373,374,375,376,377,378,379,380,381,382,383,384,385,386,387,388,389,391,515,517,518,519,520,521	330	Does this source provide an earlier form, selected-cell/stem, trigger, analogy or dated endpoint for stem stefn?	Text-checked actual applicable source units; retain direct forms, attested examples and process statements separately. No input adoption, historical equivalence, silence-as-dissent or image verification beyond the inherited checks is claimed.	Held text only; alias OCR and quantities can be imperfect. Full index/body search is a screen, not a393-row negative grammar review. PAGE14 roman folio unresolved.	rt-complete-2216-001;rt-complete-2216-002;rt-complete-2216-003;rt-complete-2216-004
2217	RingeTaylor2014	still	stillan	runnable	screened_no_specific_commitment	stelljanan;stelljaz;stillan;stéllijaną			6,24,26,33,36,38,40,42,45,46,48,60,63,69,70,74,77,81,82,85,87,88,93,97,106,108,116,118,122,126,128,132,133,134,160,167,168,169,172,183,187,189,197,201,203,206,210,216,221,228,241,250,253,256,262,263,264,273,274,278,280,281,290,303,305,316,319,322,334,335,336,338,343,346,354,359,360,362,368,370,373,376,377,380,381,385,512,514,516,517,518,520,521		Does this source provide an earlier form, selected-cell/stem, trigger, analogy or dated endpoint for still stillan?	No identity-safe specific target established by the full held-text alias/index/topic screen; not an author-silence finding.	Held text only; alias OCR and quantities can be imperfect. Full index/body search is a screen, not a393-row negative grammar review. PAGE14 roman folio unresolved.	
2218	RingeTaylor2014	stilt	-	research_only	screened_no_specific_commitment	staltjōn;steltjōn;stultaz;stéltjōn					Does this source provide an earlier form, selected-cell/stem, trigger, analogy or dated endpoint for stilt -?	No identity-safe specific target established by the full held-text alias/index/topic screen; not an author-silence finding.	Held text only; alias OCR and quantities can be imperfect. Full index/body search is a screen, not a393-row negative grammar review. PAGE14 roman folio unresolved.	
2219	RingeTaylor2014	stock	stocc	runnable	screened_no_specific_commitment	stocc;stukka;stukkaz;stuʒjaz;stúkkaz					Does this source provide an earlier form, selected-cell/stem, trigger, analogy or dated endpoint for stock stocc?	No identity-safe specific target established by the full held-text alias/index/topic screen; not an author-silence finding.	Held text only; alias OCR and quantities can be imperfect. Full index/body search is a screen, not a393-row negative grammar review. PAGE14 roman folio unresolved.	
2220	RingeTaylor2014	stone	stān	runnable	consulted_applicable	staina;stainaz;stáinaz;stān;stainaz;staing	printed556 (PAGE571): *stainaz 170;printed556 (PAGE571): *staina 45;printed561 (PAGE576): *staina 45;printed582 (PAGE597): ef(e)stan ‘hasten’ 278;printed601 (PAGE616): stan 45, 170	45,170,234	45,170,234	45,170	Does this source provide an earlier form, selected-cell/stem, trigger, analogy or dated endpoint for stone stān?	Text-checked actual applicable source units; retain direct forms, attested examples and process statements separately. No input adoption, historical equivalence, silence-as-dissent or image verification beyond the inherited checks is claimed.	Held text only; alias OCR and quantities can be imperfect. Full index/body search is a screen, not a393-row negative grammar review. PAGE14 roman folio unresolved.	rt-complete-2220-001;rt-complete-2220-002;rt-complete-2220-003
2221	RingeTaylor2014	stool	stōl	runnable	screened_no_specific_commitment	sd-ōl-o;stōl;stōla;stōlaz					Does this source provide an earlier form, selected-cell/stem, trigger, analogy or dated endpoint for stool stōl?	No identity-safe specific target established by the full held-text alias/index/topic screen; not an author-silence finding.	Held text only; alias OCR and quantities can be imperfect. Full index/body search is a screen, not a393-row negative grammar review. PAGE14 roman folio unresolved.	
2222	RingeTaylor2014	stork	storc	runnable	screened_no_specific_commitment	starka;sterka;sterkan;sterkanan;sterkir;storc;storkr;sturkaz;sturki;sturknan;stúrkaz					Does this source provide an earlier form, selected-cell/stem, trigger, analogy or dated endpoint for stork storc?	No identity-safe specific target established by the full held-text alias/index/topic screen; not an author-silence finding.	Held text only; alias OCR and quantities can be imperfect. Full index/body search is a screen, not a393-row negative grammar review. PAGE14 roman folio unresolved.	
2223	RingeTaylor2014	storm	storm	runnable	screened_no_specific_commitment	storm;sturjanan;sturma;sturmaz;stúrmaz		141,225,310	141,225,310		Does this source provide an earlier form, selected-cell/stem, trigger, analogy or dated endpoint for storm storm?	Unsti/yst and hrēoh storm/downpour examples141/225/310 are not selected storm. Possible orthographic/semantic/family matches are navigation only; no source absence is inferred.	Held text only; alias OCR and quantities can be imperfect. Full index/body search is a screen, not a393-row negative grammar review. PAGE14 roman folio unresolved.	
2224	RingeTaylor2014	straw	strēaw	runnable	consulted_applicable	strawa;strawan;stráwą;strēaw;strawa;stréaw	printed562 (PAGE577): *strawa 173;printed602 (PAGE617): streaw 173, 387	173,387	173,184,219,387	173,387	Does this source provide an earlier form, selected-cell/stem, trigger, analogy or dated endpoint for straw strēaw?	Text-checked actual applicable source units; retain direct forms, attested examples and process statements separately. No input adoption, historical equivalence, silence-as-dissent or image verification beyond the inherited checks is claimed.	Held text only; alias OCR and quantities can be imperfect. Full index/body search is a screen, not a393-row negative grammar review. PAGE14 roman folio unresolved.	rt-complete-2224-001;rt-complete-2224-002;rt-complete-2224-003;rt-complete-2224-004;rt-complete-2224-005;rt-complete-2224-006;rt-complete-2224-007;rt-complete-2224-008;rt-complete-2224-009;rt-complete-2224-010;rt-complete-2224-011;rt-complete-2224-012;rt-complete-2224-013;rt-complete-2224-014;rt-complete-2224-015
2225	RingeTaylor2014	stream	strēam	runnable	consulted_applicable	sroumo;strauma;straumaz;stráumaz;strēam;straumaz	printed556 (PAGE571): *straumaz 172, 515;printed602 (PAGE617): stream 172, 515	29,172,196,214,515	29,172,196,214,515	172,515	Does this source provide an earlier form, selected-cell/stem, trigger, analogy or dated endpoint for stream strēam?	Text-checked actual applicable source units; retain direct forms, attested examples and process statements separately. No input adoption, historical equivalence, silence-as-dissent or image verification beyond the inherited checks is claimed.	Held text only; alias OCR and quantities can be imperfect. Full index/body search is a screen, not a393-row negative grammar review. PAGE14 roman folio unresolved.	rt-complete-2225-001;rt-complete-2225-002;rt-complete-2225-003;rt-complete-2225-004;rt-complete-2225-005;rt-complete-2225-006;rt-complete-2225-007
2226	RingeTaylor2014	stretch	streċċan	runnable	consulted_applicable	strak(k)az;strakkjanan;strang(j)a;strangi;strangjan;streċċan;stringan;strunka;strákkijaną;streccan	printed602 (PAGE617): streccan 97, 238	97,209,238	97,238,358	97,238	Does this source provide an earlier form, selected-cell/stem, trigger, analogy or dated endpoint for stretch streċċan?	Text-checked actual applicable source units; retain direct forms, attested examples and process statements separately. No input adoption, historical equivalence, silence-as-dissent or image verification beyond the inherited checks is claimed.	Held text only; alias OCR and quantities can be imperfect. Full index/body search is a screen, not a393-row negative grammar review. PAGE14 roman folio unresolved.	rt-complete-2226-001;rt-complete-2226-002;rt-complete-2226-003;rt-complete-2226-005
2227	RingeTaylor2014	strew	strīeġan	runnable	consulted_applicable	straujan;strawjanan;strawēnan;stráwjaną;strīeġan;strawjan;streide		53,173,246	53,173,246	53,173,318	Does this source provide an earlier form, selected-cell/stem, trigger, analogy or dated endpoint for strew strīeġan?	Text-checked actual applicable source units; retain direct forms, attested examples and process statements separately. No input adoption, historical equivalence, silence-as-dissent or image verification beyond the inherited checks is claimed.	Held text only; alias OCR and quantities can be imperfect. Full index/body search is a screen, not a393-row negative grammar review. PAGE14 roman folio unresolved.	rt-complete-2227-001;rt-complete-2227-002;rt-complete-2227-003;rt-complete-2227-004;rt-complete-2227-005;rt-complete-2227-006;rt-complete-2227-007;rt-complete-2227-008;rt-complete-2227-009;rt-complete-2227-010;rt-complete-2227-011;rt-complete-2227-012;rt-complete-2227-013;rt-complete-2227-014;rt-complete-2227-015;rt-complete-2227-016;rt-complete-2227-017
2228	RingeTaylor2014	string	strenġ	runnable	consulted_applicable	strangi;stranʒaz;stranʒiz;strenġ;strángiz;strangiz	printed562 (PAGE577): *strangiz 209;printed602 (PAGE617): streng 209	209	209	209	Does this source provide an earlier form, selected-cell/stem, trigger, analogy or dated endpoint for string strenġ?	Text-checked actual applicable source units; retain direct forms, attested examples and process statements separately. No input adoption, historical equivalence, silence-as-dissent or image verification beyond the inherited checks is claimed.	Held text only; alias OCR and quantities can be imperfect. Full index/body search is a screen, not a393-row negative grammar review. PAGE14 roman folio unresolved.	rt-complete-2228-001;rt-complete-2228-002;rt-complete-2228-003
2229	RingeTaylor2014	stud	stōd	runnable	screened_no_specific_commitment	stōd;stōda;stōdą;stōđan		28,343,348	28		Does this source provide an earlier form, selected-cell/stem, trigger, analogy or dated endpoint for stud stōd?	Stup-/stud- pillar at28 is not the stud/horse-breeding stōd identity. Possible orthographic/semantic/family matches are navigation only; no source absence is inferred.	Held text only; alias OCR and quantities can be imperfect. Full index/body search is a screen, not a393-row negative grammar review. PAGE14 roman folio unresolved.	
2230	RingeTaylor2014	summer	sumer	runnable	consulted_applicable	sumara;sumer;sumeraz;súmaraz;sumaraz	printed556 (PAGE571): *sumaraz 31	31	31	31	Does this source provide an earlier form, selected-cell/stem, trigger, analogy or dated endpoint for summer sumer?	Text-checked actual applicable source units; retain direct forms, attested examples and process statements separately. No input adoption, historical equivalence, silence-as-dissent or image verification beyond the inherited checks is claimed.	Held text only; alias OCR and quantities can be imperfect. Full index/body search is a screen, not a393-row negative grammar review. PAGE14 roman folio unresolved.	rt-complete-2230-001;rt-complete-2230-002
2231	RingeTaylor2014	sun	sunne	runnable	consulted_applicable	sun-n-ez;sunaz;sunne;sunnōn;sunōn;súnnōn;sōel;sōwel;sunnon-	printed556 (PAGE571): *sunnon- 29;printed602 (PAGE617): sunne 29	29	29,194,229,255,256,289,341	29	Does this source provide an earlier form, selected-cell/stem, trigger, analogy or dated endpoint for sun sunne?	Text-checked actual applicable source units; retain direct forms, attested examples and process statements separately. No input adoption, historical equivalence, silence-as-dissent or image verification beyond the inherited checks is claimed.	Held text only; alias OCR and quantities can be imperfect. Full index/body search is a screen, not a393-row negative grammar review. PAGE14 roman folio unresolved.	rt-complete-2231-001
2232	RingeTaylor2014	sunder	sundrian	runnable	screened_no_specific_commitment	sundraz;sundrian;sundrjanan;sundrōjanan;súndrōjaną					Does this source provide an earlier form, selected-cell/stem, trigger, analogy or dated endpoint for sunder sundrian?	No identity-safe specific target established by the full held-text alias/index/topic screen; not an author-silence finding.	Held text only; alias OCR and quantities can be imperfect. Full index/body search is a screen, not a393-row negative grammar review. PAGE14 roman folio unresolved.	
2233	RingeTaylor2014	sup	sūpan	runnable	consulted_applicable	sūpan;sūpanan;sūpaną;sūpō(n);slurp	printed556 (PAGE571): *supana 39;printed602 (PAGE617): supan 39;printed602 (PAGE617): supan, -erne 141		80,148,194,232,236,244,249,289	39	Does this source provide an earlier form, selected-cell/stem, trigger, analogy or dated endpoint for sup sūpan?	Text-checked actual applicable source units; retain direct forms, attested examples and process statements separately. No input adoption, historical equivalence, silence-as-dissent or image verification beyond the inherited checks is claimed.	Held text only; alias OCR and quantities can be imperfect. Full index/body search is a screen, not a393-row negative grammar review. PAGE14 roman folio unresolved.	rt-complete-2233-001;rt-complete-2233-002
2234	RingeTaylor2014	swallow	swealwe	runnable	consulted_applicable	swal(ʒ)wōn;swalwōn;swealwe;swelʒanan;swálwōn;swalwa	printed602 (PAGE617): swealwe 185	185	185	185	Does this source provide an earlier form, selected-cell/stem, trigger, analogy or dated endpoint for swallow swealwe?	Text-checked actual applicable source units; retain direct forms, attested examples and process statements separately. No input adoption, historical equivalence, silence-as-dissent or image verification beyond the inherited checks is claimed.	Held text only; alias OCR and quantities can be imperfect. Full index/body search is a screen, not a393-row negative grammar review. PAGE14 roman folio unresolved.	rt-complete-2234-001;rt-complete-2234-002;rt-complete-2234-003
2235	RingeTaylor2014	swan	swanes	runnable	screened_no_specific_commitment	swana;swanaz;swanes;swánas;swánaz					Does this source provide an earlier form, selected-cell/stem, trigger, analogy or dated endpoint for swan swanes?	No identity-safe specific target established by the full held-text alias/index/topic screen; not an author-silence finding.	Held text only; alias OCR and quantities can be imperfect. Full index/body search is a screen, not a393-row negative grammar review. PAGE14 roman folio unresolved.	
2236	RingeTaylor2014	swell	swellan	runnable	screened_no_specific_commitment	swelanan;swellan;swellanan;swéllaną					Does this source provide an earlier form, selected-cell/stem, trigger, analogy or dated endpoint for swell swellan?	No identity-safe specific target established by the full held-text alias/index/topic screen; not an author-silence finding.	Held text only; alias OCR and quantities can be imperfect. Full index/body search is a screen, not a393-row negative grammar review. PAGE14 roman folio unresolved.	
2237	RingeTaylor2014	swim	swimman	runnable	consulted_applicable	s(w)umjan;swaipanan;swemjan;swemmanan;swimman;swímmaną;swīmanan;swīp-m-anan;swamm				144	Does this source provide an earlier form, selected-cell/stem, trigger, analogy or dated endpoint for swim swimman?	Text-checked actual applicable source units; retain direct forms, attested examples and process statements separately. No input adoption, historical equivalence, silence-as-dissent or image verification beyond the inherited checks is claimed.	Held text only; alias OCR and quantities can be imperfect. Full index/body search is a screen, not a393-row negative grammar review. PAGE14 roman folio unresolved.	rt-complete-2237-001;rt-complete-2237-002;rt-complete-2237-003
2238	RingeTaylor2014	swine	swīn	runnable	screened_no_specific_commitment	swīn;swīna;swīnan;swī́ną;swḯną;sūz					Does this source provide an earlier form, selected-cell/stem, trigger, analogy or dated endpoint for swine swīn?	No identity-safe specific target established by the full held-text alias/index/topic screen; not an author-silence finding.	Held text only; alias OCR and quantities can be imperfect. Full index/body search is a screen, not a393-row negative grammar review. PAGE14 roman folio unresolved.	
2239	RingeTaylor2014	sword	sweord	runnable	consulted_applicable	sweord;swerda;swerdra;swerđan;swérdą;swerda	printed562 (PAGE577): *swerda 182;printed602 (PAGE617): sweord 182	182	12,45,89,182,207	182	Does this source provide an earlier form, selected-cell/stem, trigger, analogy or dated endpoint for sword sweord?	Text-checked actual applicable source units; retain direct forms, attested examples and process statements separately. No input adoption, historical equivalence, silence-as-dissent or image verification beyond the inherited checks is claimed.	Held text only; alias OCR and quantities can be imperfect. Full index/body search is a screen, not a393-row negative grammar review. PAGE14 roman folio unresolved.	rt-complete-2239-001;rt-complete-2239-002
2240	RingeTaylor2014	tap	tæppa	runnable	screened_no_specific_commitment	tappōn;táppô;tæppa			230		Does this source provide an earlier form, selected-cell/stem, trigger, analogy or dated endpoint for tap tæppa?	Tapi/tāp at230 is the teeth plural, not selected tap tæppa. No identity-safe specific target established by the full held-text alias/index/topic screen; not an author-silence finding.	Held text only; alias OCR and quantities can be imperfect. Full index/body search is a screen, not a393-row negative grammar review. PAGE14 roman folio unresolved.	
2241	RingeTaylor2014	team	tēam	runnable	consulted_applicable	taugma;tauma;tauxmaz;teuxanan;táugmaz;tēam;tiuche		178	178	178	OF team reflex is a comparandum; selected OE team ancestry is not established by that translation.	OF team reflex is a comparandum; selected OE team ancestry is not established by that translation. No input adoption, historical equivalence, silence-as-dissent or image verification beyond the inherited checks is claimed.	Held text only; alias OCR and quantities can be imperfect. Full index/body search is a screen, not a393-row negative grammar review. PAGE14 roman folio unresolved.	rt-complete-2241-001;rt-complete-2241-002
2242	RingeTaylor2014	ten	tēon	runnable	consulted_applicable	tehun;texun;tien;téxun;tēon;tehuni-	printed603 (PAGE618): téon 174, 315, 317, 345 (princ.), 347;printed603 (PAGE618): téon ‘educate’ 317, 359;printed603 (PAGE618): téon ~ tion 178, 344 (princ.);printed603 (PAGE618): tien 166, 253	166,174,178,253,315,317,344,345,347,350,359	166,240,244,253,273,352	253	Does this source provide an earlier form, selected-cell/stem, trigger, analogy or dated endpoint for ten tēon?	Text-checked actual applicable source units; retain direct forms, attested examples and process statements separately. No input adoption, historical equivalence, silence-as-dissent or image verification beyond the inherited checks is claimed.	Held text only; alias OCR and quantities can be imperfect. Full index/body search is a screen, not a393-row negative grammar review. PAGE14 roman folio unresolved.	rt-complete-2242-001;rt-complete-2242-002;rt-complete-2242-003;rt-complete-2242-004;rt-complete-2242-005;rt-complete-2242-006;rt-complete-2242-007
2243	RingeTaylor2014	thane	þeġn	runnable	consulted_applicable	þegna;þeġn;þeʒnaz;θégnaz;begnaz	printed562 (PAGE577): *begnaz 213, 330;printed572 (PAGE587): *begn 330	213,330		213,330	Does this source provide an earlier form, selected-cell/stem, trigger, analogy or dated endpoint for thane þeġn?	Text-checked actual applicable source units; retain direct forms, attested examples and process statements separately. No input adoption, historical equivalence, silence-as-dissent or image verification beyond the inherited checks is claimed.	Held text only; alias OCR and quantities can be imperfect. Full index/body search is a screen, not a393-row negative grammar review. PAGE14 roman folio unresolved.	rt-complete-2243-001;rt-complete-2243-002;rt-complete-2243-003;rt-complete-2243-004;rt-complete-2243-005;rt-complete-2243-006
2244	RingeTaylor2014	thanks	þanc	runnable	consulted_applicable	þanc;þanka;þankaz;þankō;θánkaz;bankaz		512	512	512	Does this source provide an earlier form, selected-cell/stem, trigger, analogy or dated endpoint for thanks þanc?	Text-checked actual applicable source units; retain direct forms, attested examples and process statements separately. No input adoption, historical equivalence, silence-as-dissent or image verification beyond the inherited checks is claimed.	Held text only; alias OCR and quantities can be imperfect. Full index/body search is a screen, not a393-row negative grammar review. PAGE14 roman folio unresolved.	rt-complete-2244-001;rt-complete-2244-002;rt-complete-2244-003;rt-complete-2244-004
2245	RingeTaylor2014	thatch	þæc	runnable	consulted_applicable	þaka;þakan;þæc;θáką;roof	printed559 (PAGE574): *baka, *-u 194;printed563 (PAGE578): *bakan 126, 233	126,147,194,233	213	147	Does this source provide an earlier form, selected-cell/stem, trigger, analogy or dated endpoint for thatch þæc?	Text-checked actual applicable source units; retain direct forms, attested examples and process statements separately. No input adoption, historical equivalence, silence-as-dissent or image verification beyond the inherited checks is claimed.	Held text only; alias OCR and quantities can be imperfect. Full index/body search is a screen, not a393-row negative grammar review. PAGE14 roman folio unresolved.	rt-complete-2245-001;rt-complete-2245-002;rt-complete-2245-003;rt-complete-2245-004
2246	RingeTaylor2014	thief	þēof	runnable	consulted_applicable	þeuba;þeubaz;þēof;θéubaz;peubaz	printed598 (PAGE613): regnheard, -béof (poetic) 236		173,236	173	Does this source provide an earlier form, selected-cell/stem, trigger, analogy or dated endpoint for thief þēof?	Text-checked actual applicable source units; retain direct forms, attested examples and process statements separately. No input adoption, historical equivalence, silence-as-dissent or image verification beyond the inherited checks is claimed.	Held text only; alias OCR and quantities can be imperfect. Full index/body search is a screen, not a393-row negative grammar review. PAGE14 roman folio unresolved.	rt-complete-2246-001;rt-complete-2246-002
2247	RingeTaylor2014	thing	þing	runnable	consulted_applicable	þenxaz;þenʒaz;þing;þinga;θíngą;binga	printed572 (PAGE587): *bing 128	128	5,22,128,140,191,197,224,248,331,337	128	Does this source provide an earlier form, selected-cell/stem, trigger, analogy or dated endpoint for thing þing?	Text-checked actual applicable source units; retain direct forms, attested examples and process statements separately. No input adoption, historical equivalence, silence-as-dissent or image verification beyond the inherited checks is claimed.	Held text only; alias OCR and quantities can be imperfect. Full index/body search is a screen, not a393-row negative grammar review. PAGE14 roman folio unresolved.	rt-complete-2247-001;rt-complete-2247-002;rt-complete-2247-003;rt-complete-2247-004;rt-complete-2247-005;rt-complete-2247-006;rt-complete-2247-007;rt-complete-2247-008;rt-complete-2247-009
2248	RingeTaylor2014	think	þenċan	runnable	consulted_applicable	þankjan;þankjanan;þenċan;θánkijaną;bencan;bankijanga		4	4,30,86,93,94,97,108,116,131,134,143,223,295,362,364,512,519	4,512	Think/thought family argument and reflex, not a quoted selected infinitive in every passage.	Think/thought family argument and reflex, not a quoted selected infinitive in every passage. No input adoption, historical equivalence, silence-as-dissent or image verification beyond the inherited checks is claimed.	Held text only; alias OCR and quantities can be imperfect. Full index/body search is a screen, not a393-row negative grammar review. PAGE14 roman folio unresolved.	rt-complete-2248-001;rt-complete-2248-002;rt-complete-2248-003;rt-complete-2248-004;rt-complete-2248-005;rt-complete-2248-006
2249	RingeTaylor2014	thirst	þurst	runnable	screened_no_specific_commitment	þersanan;þursjanan;þurst;þurstan;þurstaz;þurstiz;þurstjanan;þurstu;þurstuz;þurstīn;þurʒjanan;þurʒuz;θúrstuz		6,127,128,341,345,347			Does this source provide an earlier form, selected-cell/stem, trigger, analogy or dated endpoint for thirst þurst?	Possible orthographic/semantic/family matches are navigation only; no source absence is inferred.	Held text only; alias OCR and quantities can be imperfect. Full index/body search is a screen, not a393-row negative grammar review. PAGE14 roman folio unresolved.	
2250	RingeTaylor2014	thistle	þistles	runnable	screened_no_specific_commitment	þe(x)stilaz;þistles;θéstilaz;θístilas					Does this source provide an earlier form, selected-cell/stem, trigger, analogy or dated endpoint for thistle þistles?	No identity-safe specific target established by the full held-text alias/index/topic screen; not an author-silence finding.	Held text only; alias OCR and quantities can be imperfect. Full index/body search is a screen, not a393-row negative grammar review. PAGE14 roman folio unresolved.	
2251	RingeTaylor2014	thorn	þorn	runnable	screened_no_specific_commitment	þorn;þurna;þurnaz;þurnu;þurnuz;θúrnaz	printed578 (PAGE593): burna 29	27,29,30,152,282,283,333	511		Does this source provide an earlier form, selected-cell/stem, trigger, analogy or dated endpoint for thorn þorn?	The PIE thorn-cluster literature at511 is not the botanical thorn lexeme. Possible orthographic/semantic/family matches are navigation only; no source absence is inferred.	Held text only; alias OCR and quantities can be imperfect. Full index/body search is a screen, not a393-row negative grammar review. PAGE14 roman folio unresolved.	
2252	RingeTaylor2014	thousand	þūsend	runnable	screened_no_specific_commitment	þūs-(x)unđī;þūs-hund-i;þūsend;þūshundi;θūs-undī;θūs-èndi					Does this source provide an earlier form, selected-cell/stem, trigger, analogy or dated endpoint for thousand þūsend?	No identity-safe specific target established by the full held-text alias/index/topic screen; not an author-silence finding.	Held text only; alias OCR and quantities can be imperfect. Full index/body search is a screen, not a393-row negative grammar review. PAGE14 roman folio unresolved.	
2253	RingeTaylor2014	thrash	þresċan	runnable	screened_no_specific_commitment	þreskanan;þresċan;θréskaną			209,215		Does this source provide an earlier form, selected-cell/stem, trigger, analogy or dated endpoint for thrash þresċan?	Swangijan/swingan thrash glosses209/215 do not establish selected þresċan. No identity-safe specific target established by the full held-text alias/index/topic screen; not an author-silence finding.	Held text only; alias OCR and quantities can be imperfect. Full index/body search is a screen, not a393-row negative grammar review. PAGE14 roman folio unresolved.	
2254	RingeTaylor2014	three	þrīe	runnable	consulted_applicable	brejez;breo;brie;trei-eh₂;trei-eh₂-es;trei-es;trei-om;tri-mis;tri-ns;þrejez;þri;þrijjan;þrimiz;þrīe;þrīns;þrīz;þrīō;þrīōz;θréjez;three		121,280	6,7,8,17,24,30,42,58,62,67,68,69,75,76,77,85,86,91,93,97,99,108,121,128,134,135,141,146,150,160,175,181,183,185,186,197,235,240,257,258,281,282,283,292,293,295,301,310,318,320,323,324,338,344,346,353,361,378,379,388,389,512,515,517	106,121,220,388,515	Inherited numeral and later gender-specific endings are separate; no ending removal creates agreement.	The general date does not authorize an e-to-i-only correction that suppresses contraction or the added OE ending. Inherited numeral and later gender-specific endings are separate; no ending removal creates agreement. No input adoption, historical equivalence, silence-as-dissent or image verification beyond the inherited checks is claimed.	Held text only; alias OCR and quantities can be imperfect. Full index/body search is a screen, not a393-row negative grammar review. PAGE14 roman folio unresolved.	raising-ringe-taylor-oe-boundary;rt-complete-2254-001;rt-complete-2254-002;rt-complete-2254-003;rt-complete-2254-004;rt-complete-2254-005;rt-complete-2254-006;rt-complete-2254-007;rt-complete-2254-008;rt-complete-2254-009;rt-complete-2254-010;rt-complete-2254-011;rt-complete-2254-012;rt-complete-2254-013;rt-complete-2254-014;rt-complete-2254-015;rt-complete-2254-016;rt-complete-2254-017;rt-complete-2254-018
2255	RingeTaylor2014	thunder	þunor	runnable	consulted_applicable	þunor;þunraz;θúnraz;thunder			32,328	32,328	Does this source provide an earlier form, selected-cell/stem, trigger, analogy or dated endpoint for thunder þunor?	Text-checked actual applicable source units; retain direct forms, attested examples and process statements separately. No input adoption, historical equivalence, silence-as-dissent or image verification beyond the inherited checks is claimed.	Held text only; alias OCR and quantities can be imperfect. Full index/body search is a screen, not a393-row negative grammar review. PAGE14 roman folio unresolved.	rt-complete-2255-001;rt-complete-2255-002;rt-complete-2255-003;rt-complete-2255-004
2256	RingeTaylor2014	tick	ticca	runnable	screened_no_specific_commitment	ticca;tikan;tikkan;tikkaz;tikkōn;tíkkô;tīgan;tīgō;tīkan					Does this source provide an earlier form, selected-cell/stem, trigger, analogy or dated endpoint for tick ticca?	No identity-safe specific target established by the full held-text alias/index/topic screen; not an author-silence finding.	Held text only; alias OCR and quantities can be imperfect. Full index/body search is a screen, not a393-row negative grammar review. PAGE14 roman folio unresolved.	
2257	RingeTaylor2014	tide	tīd	runnable	screened_no_specific_commitment	tīd;tīdi;tīđiz;tī́diz;tḯdiz		315			Does this source provide an earlier form, selected-cell/stem, trigger, analogy or dated endpoint for tide tīd?	Possible orthographic/semantic/family matches are navigation only; no source absence is inferred.	Held text only; alias OCR and quantities can be imperfect. Full index/body search is a screen, not a393-row negative grammar review. PAGE14 roman folio unresolved.	
2258	RingeTaylor2014	timber	timber	runnable	consulted_applicable	temanan;temran;temrjanan;temrōjanan;timber;timbra;tímbrą;tímrą;timra	printed556 (PAGE571): *timra 327;printed603 (PAGE618): timber 327	327	327	327	Does this source provide an earlier form, selected-cell/stem, trigger, analogy or dated endpoint for timber timber?	Text-checked actual applicable source units; retain direct forms, attested examples and process statements separately. No input adoption, historical equivalence, silence-as-dissent or image verification beyond the inherited checks is claimed.	Held text only; alias OCR and quantities can be imperfect. Full index/body search is a screen, not a393-row negative grammar review. PAGE14 roman folio unresolved.	rt-complete-2258-001;rt-complete-2258-002;rt-complete-2258-003;rt-complete-2258-004;rt-complete-2258-005
2259	RingeTaylor2014	toe	tā	runnable	consulted_applicable	taihwō(n);taiwō(n);taixwō(n);ti(h)wōn;táixōn;tīhwōn;tīxanan;taih6n-			171,314	171,314	Does this source provide an earlier form, selected-cell/stem, trigger, analogy or dated endpoint for toe tā?	Text-checked actual applicable source units; retain direct forms, attested examples and process statements separately. No input adoption, historical equivalence, silence-as-dissent or image verification beyond the inherited checks is claimed.	Held text only; alias OCR and quantities can be imperfect. Full index/body search is a screen, not a393-row negative grammar review. PAGE14 roman folio unresolved.	rt-complete-2259-001;rt-complete-2259-002;rt-complete-2259-003;rt-complete-2259-004;rt-complete-2259-005
2260	RingeTaylor2014	token	tācn	runnable	consulted_applicable	taik-ni;taikna;taiknan;táikną;tācn;taikn	printed556 (PAGE571): *taikna 48, 331	48,311,331	311	48,331	Does this source provide an earlier form, selected-cell/stem, trigger, analogy or dated endpoint for token tācn?	Text-checked actual applicable source units; retain direct forms, attested examples and process statements separately. No input adoption, historical equivalence, silence-as-dissent or image verification beyond the inherited checks is claimed.	Held text only; alias OCR and quantities can be imperfect. Full index/body search is a screen, not a393-row negative grammar review. PAGE14 roman folio unresolved.	rt-complete-2260-001;rt-complete-2260-002;rt-complete-2260-003;rt-complete-2260-004;rt-complete-2260-005
2261	RingeTaylor2014	tongs	tang	runnable	screened_no_specific_commitment	tang;tangō;tanʒō;tángō					Does this source provide an earlier form, selected-cell/stem, trigger, analogy or dated endpoint for tongs tang?	No identity-safe specific target established by the full held-text alias/index/topic screen; not an author-silence finding.	Held text only; alias OCR and quantities can be imperfect. Full index/body search is a screen, not a393-row negative grammar review. PAGE14 roman folio unresolved.	
2262	RingeTaylor2014	tongue	tunge	runnable	consulted_applicable	tunge;tungōn;tunʒōn;túngōn;tungon-;tunga	printed557 (PAGE572): *tungon- 29;printed604 (PAGE619): tunge 29, 59, 153, 163 (parad.), 300, 333	29,59,62,117,153,163,300,333	29,37,59,62,117,153,163,300,333	29,59,153	Does this source provide an earlier form, selected-cell/stem, trigger, analogy or dated endpoint for tongue tunge?	Text-checked actual applicable source units; retain direct forms, attested examples and process statements separately. No input adoption, historical equivalence, silence-as-dissent or image verification beyond the inherited checks is claimed.	Held text only; alias OCR and quantities can be imperfect. Full index/body search is a screen, not a393-row negative grammar review. PAGE14 roman folio unresolved.	rt-complete-2262-001;rt-complete-2262-002;rt-complete-2262-003;rt-complete-2262-004;rt-complete-2262-005;rt-complete-2262-006;rt-complete-2262-007;rt-complete-2262-008;rt-complete-2262-009;rt-complete-2262-010;rt-complete-2262-011;rt-complete-2262-012
2263	RingeTaylor2014	town	tūn	runnable	screened_no_specific_commitment	tūn;tūna;tūnan;tūnaz;tūniz;tūną			28,43,100,169,218,236,286,288,328,380		Does this source provide an earlier form, selected-cell/stem, trigger, analogy or dated endpoint for town tūn?	Burg/byrg town glosses are not selected tūn. No identity-safe specific target established by the full held-text alias/index/topic screen; not an author-silence finding.	Held text only; alias OCR and quantities can be imperfect. Full index/body search is a screen, not a393-row negative grammar review. PAGE14 roman folio unresolved.	
2264	RingeTaylor2014	tread	tredan	runnable	consulted_applicable	tredan;tređanan;trudan;truđanan;trédaną;trudang;tredan	printed572 (PAGE587): *tredan 78, 325;printed604 (PAGE619): tredan 325	78,325	78,127	78,325	Does this source provide an earlier form, selected-cell/stem, trigger, analogy or dated endpoint for tread tredan?	Text-checked actual applicable source units; retain direct forms, attested examples and process statements separately. No input adoption, historical equivalence, silence-as-dissent or image verification beyond the inherited checks is claimed.	Held text only; alias OCR and quantities can be imperfect. Full index/body search is a screen, not a393-row negative grammar review. PAGE14 roman folio unresolved.	rt-complete-2264-001;rt-complete-2264-002;rt-complete-2264-003;rt-complete-2264-004;rt-complete-2264-005;rt-complete-2264-006;rt-complete-2264-007;rt-complete-2264-008;rt-complete-2264-009
2265	RingeTaylor2014	trough	trog	runnable	screened_no_specific_commitment	trog;truga;truʒan;truʒaz;trúgą			314		Does this source provide an earlier form, selected-cell/stem, trigger, analogy or dated endpoint for trough trog?	The prth-/þrīh water-conduit example314 was not identified with selected trog; consonants and stem cannot be substituted to manufacture identity. No identity-safe specific target established by the full held-text alias/index/topic screen; not an author-silence finding.	Held text only; alias OCR and quantities can be imperfect. Full index/body search is a screen, not a393-row negative grammar review. PAGE14 roman folio unresolved.	
2266	RingeTaylor2014	wade	wadan	runnable	screened_no_specific_commitment	wadan;wađanan;wádaną					Does this source provide an earlier form, selected-cell/stem, trigger, analogy or dated endpoint for wade wadan?	No identity-safe specific target established by the full held-text alias/index/topic screen; not an author-silence finding.	Held text only; alias OCR and quantities can be imperfect. Full index/body search is a screen, not a393-row negative grammar review. PAGE14 roman folio unresolved.	
2267	RingeTaylor2014	wain	wæġn	runnable	screened_no_specific_commitment	wagna;waʒnaz;waʒōn;weʒanan;wágnaz;wæġn	printed606 (PAGE621): wagon 199, 201	199,201			Does this source provide an earlier form, selected-cell/stem, trigger, analogy or dated endpoint for wain wæġn?	Possible orthographic/semantic/family matches are navigation only; no source absence is inferred.	Held text only; alias OCR and quantities can be imperfect. Full index/body search is a screen, not a393-row negative grammar review. PAGE14 roman folio unresolved.	
2268	RingeTaylor2014	wake	wacan	runnable	consulted_applicable	wacan;wakan;wakanan;waknēnan;waknōjanan;wakēnan;wakēną;wákaną;wakai-;wakja-		162,190	38,97,98,99,101,147,241,348,357,366	162,190	Stative/fientive wake-family forms are not equated to the selected strong wake infinitive.	Stative/fientive wake-family forms are not equated to the selected strong wake infinitive. No input adoption, historical equivalence, silence-as-dissent or image verification beyond the inherited checks is claimed.	Held text only; alias OCR and quantities can be imperfect. Full index/body search is a screen, not a393-row negative grammar review. PAGE14 roman folio unresolved.	rt-complete-2268-001;rt-complete-2268-002;rt-complete-2268-003;rt-complete-2268-004;rt-complete-2268-005;rt-complete-2268-006;rt-complete-2268-007;rt-complete-2268-008;rt-complete-2268-009;rt-complete-2268-010;rt-complete-2268-011;rt-complete-2268-012;rt-complete-2268-013;rt-complete-2268-014;rt-complete-2268-015
2269	RingeTaylor2014	warp	wearp	runnable	consulted_applicable	warpan;wearp;werpan;wárpą;warp	printed573 (PAGE588): *werpan 107 (parad.);printed606 (PAGE621): wearp 180;printed606 (PAGE621): wearp 180	107,180,182,343,347	107,180,181,354	180	Source wearp is the throw-verb past, not a quotation of the selected ending-bearing warp-noun input; retain only as a bounded lexical comparandum.	Source wearp is the throw-verb past, not a quotation of the selected ending-bearing warp-noun input; retain only as a bounded lexical comparandum. No input adoption, historical equivalence, silence-as-dissent or image verification beyond the inherited checks is claimed.	Held text only; alias OCR and quantities can be imperfect. Full index/body search is a screen, not a393-row negative grammar review. PAGE14 roman folio unresolved.	rt-complete-2269-001;rt-complete-2269-002;rt-complete-2269-003;rt-complete-2269-004;rt-complete-2269-005;rt-complete-2269-006;rt-complete-2269-007
2270	RingeTaylor2014	warp	weorpan	runnable	consulted_applicable	weorpan;werpan;werpanan;wérpaną;werpan;weorpan	printed573 (PAGE588): *werpan 107 (parad.);printed606 (PAGE621): weorpan 182, 347 (princ.), 350;printed614 (PAGE629): weorpan 428, 429, 431, 437, 438, 488;printed614 (PAGE629): weorpan 428, 429, 431, 437;	107,182,343,347,350	107,180,181,354	182,347,350	Does this source provide an earlier form, selected-cell/stem, trigger, analogy or dated endpoint for warp weorpan?	Text-checked actual applicable source units; retain direct forms, attested examples and process statements separately. No input adoption, historical equivalence, silence-as-dissent or image verification beyond the inherited checks is claimed.	Held text only; alias OCR and quantities can be imperfect. Full index/body search is a screen, not a393-row negative grammar review. PAGE14 roman folio unresolved.	rt-complete-2270-001;rt-complete-2270-002;rt-complete-2270-003;rt-complete-2270-007;rt-complete-2270-005;rt-complete-2270-006;rt-complete-2270-008;rt-complete-2270-009;rt-complete-2270-010;rt-complete-2270-011
2271	RingeTaylor2014	wart	wearte	runnable	screened_no_specific_commitment	u(e/o)rs;uors-ó;wartō(n);warza;wearte;wártōn					Does this source provide an earlier form, selected-cell/stem, trigger, analogy or dated endpoint for wart wearte?	No identity-safe specific target established by the full held-text alias/index/topic screen; not an author-silence finding.	Held text only; alias OCR and quantities can be imperfect. Full index/body search is a screen, not a393-row negative grammar review. PAGE14 roman folio unresolved.	
2272	RingeTaylor2014	wash	wascan	runnable	consulted_applicable	wascan;waskan;waskanan;waskōjanan;wáskaną;waskan	printed573 (PAGE588): *waskan 127;printed606 (PAGE621): wascan 127	127,233	127,177,233,312,343,354	127,128,233	Does this source provide an earlier form, selected-cell/stem, trigger, analogy or dated endpoint for wash wascan?	Text-checked actual applicable source units; retain direct forms, attested examples and process statements separately. No input adoption, historical equivalence, silence-as-dissent or image verification beyond the inherited checks is claimed.	Held text only; alias OCR and quantities can be imperfect. Full index/body search is a screen, not a393-row negative grammar review. PAGE14 roman folio unresolved.	rt-complete-2272-001;rt-complete-2272-002;rt-complete-2272-003;rt-complete-2272-004;rt-complete-2272-005;rt-complete-2272-006
2273	RingeTaylor2014	wasp	wæfs	runnable	screened_no_specific_commitment	wabsaz;wabsjō;wábsaz;wæfs					Does this source provide an earlier form, selected-cell/stem, trigger, analogy or dated endpoint for wasp wæfs?	No identity-safe specific target established by the full held-text alias/index/topic screen; not an author-silence finding.	Held text only; alias OCR and quantities can be imperfect. Full index/body search is a screen, not a393-row negative grammar review. PAGE14 roman folio unresolved.	
2274	RingeTaylor2014	water	wæter	runnable	consulted_applicable	watan;watar;watenaz;watna;watnan;watra;watōn;watōr;wetōn;wátną;wátōr;wæter;wator;weeter	printed558 (PAGE573): *watOr 59-60, 119, 147, 152, 333 *wirbizi 297;printed573 (PAGE588): *watar 59-60, 119, 147, 152,	59,60,119,147,152,266,333	37,54,59,60,88,119,147,152,173,191,195,206,209,218,233,238,266,277,289,314,333,387	59,119,147,152,167,333,387	Does this source provide an earlier form, selected-cell/stem, trigger, analogy or dated endpoint for water wæter?	Text-checked actual applicable source units; retain direct forms, attested examples and process statements separately. No input adoption, historical equivalence, silence-as-dissent or image verification beyond the inherited checks is claimed.	Held text only; alias OCR and quantities can be imperfect. Full index/body search is a screen, not a393-row negative grammar review. PAGE14 roman folio unresolved.	rt-complete-2274-001;rt-complete-2274-002;rt-complete-2274-003;rt-complete-2274-004;rt-complete-2274-005;rt-complete-2274-006;rt-complete-2274-007;rt-complete-2274-008;rt-complete-2274-009;rt-complete-2274-010;rt-complete-2274-011;rt-complete-2274-012;rt-complete-2274-013;rt-complete-2274-014;rt-complete-2274-015;rt-complete-2274-016;rt-complete-2274-017;rt-complete-2274-018;rt-complete-2274-019;rt-complete-2274-020;rt-complete-2274-021;rt-complete-2274-022;rt-complete-2274-023;rt-complete-2274-024;rt-complete-2274-025;rt-complete-2274-026;rt-complete-2274-027;rt-complete-2274-028;rt-complete-2274-029;rt-complete-2274-030;rt-complete-2274-031;rt-complete-2274-032;rt-complete-2274-033;rt-complete-2274-034
2275	RingeTaylor2014	wax	weax	runnable	screened_no_specific_commitment	wahsa;waxsan;weax;wáxsą		241			Does this source provide an earlier form, selected-cell/stem, trigger, analogy or dated endpoint for wax weax?	Possible orthographic/semantic/family matches are navigation only; no source absence is inferred.	Held text only; alias OCR and quantities can be imperfect. Full index/body search is a screen, not a393-row negative grammar review. PAGE14 roman folio unresolved.	
2276	RingeTaylor2014	wax	weaxan	runnable	consulted_applicable	wahs(j)an;wahsan;wahsjan;waxsanan;waxsjanan;weaxan;wáxsaną;wahsijan	printed606 (PAGE621): weaxan 176, 312, 350	176,312,350		176,312	Does this source provide an earlier form, selected-cell/stem, trigger, analogy or dated endpoint for wax weaxan?	Text-checked actual applicable source units; retain direct forms, attested examples and process statements separately. No input adoption, historical equivalence, silence-as-dissent or image verification beyond the inherited checks is claimed.	Held text only; alias OCR and quantities can be imperfect. Full index/body search is a screen, not a393-row negative grammar review. PAGE14 roman folio unresolved.	rt-complete-2276-001;rt-complete-2276-002;rt-complete-2276-003;rt-complete-2276-004;rt-complete-2276-005;rt-complete-2276-006;rt-complete-2276-007;rt-complete-2276-008;rt-complete-2276-009
2277	RingeTaylor2014	way	weġ	runnable	consulted_applicable	wega;weġ;weʒaz;wégaz;wegaz	printed558 (PAGE573): *wegaz 212 *wihaz 178;printed558 (PAGE573): *wégaz 212 *wulfaz 32;printed573 (PAGE588): *weg 212;printed606 (PAGE621): weg 212;printed606 (PAGE621): weg 212;printed606 (PAGE621): wega ~ -a- (Merc.) 374	36,212,326,374	19,21,43,44,59,81,84,95,99,132,133,159,170,176,186,202,212,214,250,290,291,317,318,332,361,364,365,366,374,375,519	212	Does this source provide an earlier form, selected-cell/stem, trigger, analogy or dated endpoint for way weġ?	Text-checked actual applicable source units; retain direct forms, attested examples and process statements separately. No input adoption, historical equivalence, silence-as-dissent or image verification beyond the inherited checks is claimed.	Held text only; alias OCR and quantities can be imperfect. Full index/body search is a screen, not a393-row negative grammar review. PAGE14 roman folio unresolved.	rt-complete-2277-001;rt-complete-2277-002;rt-complete-2277-003
2278	RingeTaylor2014	weapon	wǣpn	runnable	consulted_applicable	wēbna;wēbō;wēp(p)az;wēpna;wēpnan;wǣpn;wḗpną;wépna		10,149,331	10,16,28,46,149,241,306,331,334	10,149,331	Does this source provide an earlier form, selected-cell/stem, trigger, analogy or dated endpoint for weapon wǣpn?	Text-checked actual applicable source units; retain direct forms, attested examples and process statements separately. No input adoption, historical equivalence, silence-as-dissent or image verification beyond the inherited checks is claimed.	Held text only; alias OCR and quantities can be imperfect. Full index/body search is a screen, not a393-row negative grammar review. PAGE14 roman folio unresolved.	rt-complete-2278-001;rt-complete-2278-002;rt-complete-2278-003;rt-complete-2278-004;rt-complete-2278-005;rt-complete-2278-006;rt-complete-2278-007;rt-complete-2278-008;rt-complete-2278-009;rt-complete-2278-010
2279	RingeTaylor2014	weasel	wesle	runnable	screened_no_specific_commitment	wes(u)lōn;wesalaz;wesle;wéslōn					Does this source provide an earlier form, selected-cell/stem, trigger, analogy or dated endpoint for weasel wesle?	No identity-safe specific target established by the full held-text alias/index/topic screen; not an author-silence finding.	Held text only; alias OCR and quantities can be imperfect. Full index/body search is a screen, not a393-row negative grammar review. PAGE14 roman folio unresolved.	
2280	RingeTaylor2014	weather	weder	runnable	screened_no_specific_commitment	uetr-éh₂;uétr-om;weder;wedra;weþra;weđran;wédrą					Does this source provide an earlier form, selected-cell/stem, trigger, analogy or dated endpoint for weather weder?	No identity-safe specific target established by the full held-text alias/index/topic screen; not an author-silence finding.	Held text only; alias OCR and quantities can be imperfect. Full index/body search is a screen, not a393-row negative grammar review. PAGE14 roman folio unresolved.	
2281	RingeTaylor2014	weave	wefan	runnable	consulted_applicable	weban;webanan;wefan;wébaną;webana	printed606 (PAGE621): wefan 325	325	325	325	Does this source provide an earlier form, selected-cell/stem, trigger, analogy or dated endpoint for weave wefan?	Text-checked actual applicable source units; retain direct forms, attested examples and process statements separately. No input adoption, historical equivalence, silence-as-dissent or image verification beyond the inherited checks is claimed.	Held text only; alias OCR and quantities can be imperfect. Full index/body search is a screen, not a393-row negative grammar review. PAGE14 roman folio unresolved.	rt-complete-2281-001;rt-complete-2281-002;rt-complete-2281-003;rt-complete-2281-004
2282	RingeTaylor2014	west	westene	runnable	screened_no_specific_commitment	westan;westanē̆;westene;westera;wéstanē			1,7,10,26,28,41,42,43,44,45,46,47,48,49,50,51,52,53,54,55,56,57,58,59,60,61,62,63,64,65,66,67,68,69,70,71,72,73,74,75,76,77,78,79,80,81,82,83,84,85,86,87,88,89,90,91,92,93,94,95,96,97,98,99,100,101,102,103,104,105,106,107,108,109,110,111,112,113,114,115,116,117,118,119,120,121,122,123,124,125,126,127,128,129,130,131,132,133,134,135,136,137,138,139,140,141,142,143,144,145,146,147,148,149,150,151,152,153,154,155,156,157,158,159,160,161,162,163,164,165,166,168,169,170,179,199,215,218,219,220,238,252,293,364,367,384		Does this source provide an earlier form, selected-cell/stem, trigger, analogy or dated endpoint for west westene?	No identity-safe specific target established by the full held-text alias/index/topic screen; not an author-silence finding.	Held text only; alias OCR and quantities can be imperfect. Full index/body search is a screen, not a393-row negative grammar review. PAGE14 roman folio unresolved.	
2283	RingeTaylor2014	wether	weþer	runnable	screened_no_specific_commitment	weþer;weþraz;weþru;weþruz;wíθrą					Does this source provide an earlier form, selected-cell/stem, trigger, analogy or dated endpoint for wether weþer?	No identity-safe specific target established by the full held-text alias/index/topic screen; not an author-silence finding.	Held text only; alias OCR and quantities can be imperfect. Full index/body search is a screen, not a393-row negative grammar review. PAGE14 roman folio unresolved.	
2284	RingeTaylor2014	whale	hwæl	runnable	consulted_applicable	hwali;hwæl;wálaz;xwalaz;xwaliz;xwálaz;whale			50,194	50,194	Does this source provide an earlier form, selected-cell/stem, trigger, analogy or dated endpoint for whale hwæl?	Text-checked actual applicable source units; retain direct forms, attested examples and process statements separately. No input adoption, historical equivalence, silence-as-dissent or image verification beyond the inherited checks is claimed.	Held text only; alias OCR and quantities can be imperfect. Full index/body search is a screen, not a393-row negative grammar review. PAGE14 roman folio unresolved.	rt-complete-2284-001;rt-complete-2284-002;rt-complete-2284-003;rt-complete-2284-004;rt-complete-2284-005;rt-complete-2284-006;rt-complete-2284-007;rt-complete-2284-008;rt-complete-2284-009;rt-complete-2284-010;rt-complete-2284-011;rt-complete-2284-012
2285	RingeTaylor2014	while	hwīl	runnable	screened_no_specific_commitment	hwīl;hwīlō;xwīlō;xwīlōn;xwī́lō;xwḯlō			12,15,17,18,24,25,32,56,58,63,65,66,69,80,85,101,111,113,121,125,126,141,167,176,186,189,195,197,214,219,221,255,260,342,343,345,349,350,356,358,370,371,374,376,385,387,388,516,520		Does this source provide an earlier form, selected-cell/stem, trigger, analogy or dated endpoint for while hwīl?	No identity-safe specific target established by the full held-text alias/index/topic screen; not an author-silence finding.	Held text only; alias OCR and quantities can be imperfect. Full index/body search is a screen, not a393-row negative grammar review. PAGE14 roman folio unresolved.	
2286	RingeTaylor2014	whine	hwīnan	runnable	consulted_applicable	hwīnan;wainōjaną;xwajōjan;xwīnanan;xwīōjan;xwḯnaną;hwinan	printed592 (PAGE607): hwinan 130	130	130	130	Does this source provide an earlier form, selected-cell/stem, trigger, analogy or dated endpoint for whine hwīnan?	Text-checked actual applicable source units; retain direct forms, attested examples and process statements separately. No input adoption, historical equivalence, silence-as-dissent or image verification beyond the inherited checks is claimed.	Held text only; alias OCR and quantities can be imperfect. Full index/body search is a screen, not a393-row negative grammar review. PAGE14 roman folio unresolved.	rt-complete-2286-001;rt-complete-2286-002;rt-complete-2286-003;rt-complete-2286-004
2287	RingeTaylor2014	whore	hōre	runnable	screened_no_specific_commitment	harjōn;hōre;hōrjōn;hōrōn;xōraz;xōrōn					Does this source provide an earlier form, selected-cell/stem, trigger, analogy or dated endpoint for whore hōre?	No identity-safe specific target established by the full held-text alias/index/topic screen; not an author-silence finding.	Held text only; alias OCR and quantities can be imperfect. Full index/body search is a screen, not a393-row negative grammar review. PAGE14 roman folio unresolved.	
2288	RingeTaylor2014	widow	wuduwe	runnable	consulted_applicable	widu(w)ōn;wiđuwōn;wuduwe;wíduwōn;widuw	printed608 (PAGE623): wuduwe 322	270,322	270	270,322	Does this source provide an earlier form, selected-cell/stem, trigger, analogy or dated endpoint for widow wuduwe?	Text-checked actual applicable source units; retain direct forms, attested examples and process statements separately. No input adoption, historical equivalence, silence-as-dissent or image verification beyond the inherited checks is claimed.	Held text only; alias OCR and quantities can be imperfect. Full index/body search is a screen, not a393-row negative grammar review. PAGE14 roman folio unresolved.	rt-complete-2288-001;rt-complete-2288-002;rt-complete-2288-003;rt-complete-2288-004;rt-complete-2288-005;rt-complete-2288-006;rt-complete-2288-007
2289	RingeTaylor2014	wield	wealdan	runnable	consulted_applicable	waldan;walđanan;wealdan;wulþōn;wáldaną;waldang	printed606 (PAGE621): waldan (Merc.) 232;printed606 (PAGE621): wealdan 232	232		232	Does this source provide an earlier form, selected-cell/stem, trigger, analogy or dated endpoint for wield wealdan?	Text-checked actual applicable source units; retain direct forms, attested examples and process statements separately. No input adoption, historical equivalence, silence-as-dissent or image verification beyond the inherited checks is claimed.	Held text only; alias OCR and quantities can be imperfect. Full index/body search is a screen, not a393-row negative grammar review. PAGE14 roman folio unresolved.	rt-complete-2289-001;rt-complete-2289-002;rt-complete-2289-003
2290	RingeTaylor2014	wife	wīf	runnable	consulted_applicable	wība;wīban;wīf;wī́bą;wḯbą;wibu;wif	printed607 (PAGE622): wif 297, 378	297,378	12,50,143,146,224,230,287,519	297,378	Does this source provide an earlier form, selected-cell/stem, trigger, analogy or dated endpoint for wife wīf?	Text-checked actual applicable source units; retain direct forms, attested examples and process statements separately. No input adoption, historical equivalence, silence-as-dissent or image verification beyond the inherited checks is claimed.	Held text only; alias OCR and quantities can be imperfect. Full index/body search is a screen, not a393-row negative grammar review. PAGE14 roman folio unresolved.	rt-complete-2290-001;rt-complete-2290-002;rt-complete-2290-003;rt-complete-2290-004
2291	RingeTaylor2014	wight	wiht	runnable	consulted_applicable	wehti;wehtja;wextiz;wiht;wéxtiz;wihti	printed607 (PAGE622): wiht 337	337	168	337	Does this source provide an earlier form, selected-cell/stem, trigger, analogy or dated endpoint for wight wiht?	Text-checked actual applicable source units; retain direct forms, attested examples and process statements separately. No input adoption, historical equivalence, silence-as-dissent or image verification beyond the inherited checks is claimed.	Held text only; alias OCR and quantities can be imperfect. Full index/body search is a screen, not a393-row negative grammar review. PAGE14 roman folio unresolved.	rt-complete-2291-001;rt-complete-2291-002;rt-complete-2291-003;rt-complete-2291-004;rt-complete-2291-005
2292	RingeTaylor2014	will	willan	runnable	consulted_applicable	ih₁-s;ih₁-t;uelh₁-ieh₁-m;uelh₁-t;ulh₁-nt;ulh₁-ntoi;ulh₁-toi;ulh₁-énti;uélh₁-ti;wel(j)anan;welj;weljan;weljēu;wiljan;willan;wéljaną;wiljang;willan	printed573 (PAGE588): *willan 52, 74-5, 109-10;printed607 (PAGE622): willan 52, 74, 355, 371	52,74,75,109,340,355,371	1,3,4,10,14,27,37,39,40,41,45,48,50,55,56,67,71,75,82,87,88,89,96,105,109,110,118,119,123,129,134,139,145,146,148,149,150,155,158,159,160,161,167,175,176,177,178,179,183,190,193,195,196,200,201,204,221,246,248,253,257,259,261,264,273,275,278,281,284,285,290,296,305,311,312,319,334,342,345,349,353,354,355,362,370,375,377,383,386,511,516	52,74,355,371	Want willan, never the boiling verb.	Want willan, never the boiling verb. No input adoption, historical equivalence, silence-as-dissent or image verification beyond the inherited checks is claimed.	Held text only; alias OCR and quantities can be imperfect. Full index/body search is a screen, not a393-row negative grammar review. PAGE14 roman folio unresolved.	rt-complete-2292-001;rt-complete-2292-002;rt-complete-2292-003;rt-complete-2292-004;rt-complete-2292-005;rt-complete-2292-006;rt-complete-2292-007;rt-complete-2292-008;rt-complete-2292-009;rt-complete-2292-010;rt-complete-2292-011;rt-complete-2292-012;rt-complete-2292-013;rt-complete-2292-014;rt-complete-2292-015;rt-complete-2292-016;rt-complete-2292-017;rt-complete-2292-018;rt-complete-2292-019;rt-complete-2292-020
2293	RingeTaylor2014	will	willa	runnable	consulted_applicable	vilja;welj;weljan;weljōn;wiljon;willa;wéljô;wiljang	printed607 (PAGE622): willa (Kent.) 372	52,74,372	1,3,4,10,14,27,37,39,40,41,45,48,50,55,56,67,71,75,82,87,88,89,96,105,109,110,118,119,123,129,134,139,145,146,148,149,150,155,158,159,160,161,167,175,176,177,178,179,183,190,193,195,196,200,201,204,221,246,248,253,257,259,261,264,273,275,278,281,284,285,290,296,305,311,312,319,334,342,345,349,353,354,355,362,370,375,377,383,386,511,516	52	Want verb is family evidence, not a quotation of the selected will noun.	Want verb is family evidence, not a quotation of the selected will noun. No input adoption, historical equivalence, silence-as-dissent or image verification beyond the inherited checks is claimed.	Held text only; alias OCR and quantities can be imperfect. Full index/body search is a screen, not a393-row negative grammar review. PAGE14 roman folio unresolved.	rt-complete-2293-001;rt-complete-2293-002;rt-complete-2293-003
2294	RingeTaylor2014	wind	windan	runnable	screened_no_specific_commitment	wenđanan;wind;windan;wíndaną		151	151		Does this source provide an earlier form, selected-cell/stem, trigger, analogy or dated endpoint for wind windan?	The151 wéana 'to blow' wind example is not selected windan 'to wind'; noun wind is likewise not admitted as its consultation. Possible orthographic/semantic/family matches are navigation only; no source absence is inferred.	Held text only; alias OCR and quantities can be imperfect. Full index/body search is a screen, not a393-row negative grammar review. PAGE14 roman folio unresolved.	
2295	RingeTaylor2014	winter	winter	runnable	consulted_applicable	wentraz;wentruz;winter;wintru;wíntruz;wintruz	printed558 (PAGE573): *wintruz 328;printed573 (PAGE588): *wintru 328;printed607 (PAGE622): winter 328	328	328	328	Does this source provide an earlier form, selected-cell/stem, trigger, analogy or dated endpoint for winter winter?	Text-checked actual applicable source units; retain direct forms, attested examples and process statements separately. No input adoption, historical equivalence, silence-as-dissent or image verification beyond the inherited checks is claimed.	Held text only; alias OCR and quantities can be imperfect. Full index/body search is a screen, not a393-row negative grammar review. PAGE14 roman folio unresolved.	rt-complete-2295-001;rt-complete-2295-002;rt-complete-2295-003;rt-complete-2295-004
2296	RingeTaylor2014	withy	wīþiġ	runnable	screened_no_specific_commitment	ueh₁i;ueh₁i-mon;ueh₁i-mon-(?);wiþiz;wáiθiz;wīman;wīþiġ;wīþjaz;wīþjō;wḯθagą					Does this source provide an earlier form, selected-cell/stem, trigger, analogy or dated endpoint for withy wīþiġ?	No identity-safe specific target established by the full held-text alias/index/topic screen; not an author-silence finding.	Held text only; alias OCR and quantities can be imperfect. Full index/body search is a screen, not a393-row negative grammar review. PAGE14 roman folio unresolved.	
2297	RingeTaylor2014	wold	weald	runnable	screened_no_specific_commitment	walþu;walþuz;weald;wálθuz					Does this source provide an earlier form, selected-cell/stem, trigger, analogy or dated endpoint for wold weald?	No identity-safe specific target established by the full held-text alias/index/topic screen; not an author-silence finding.	Held text only; alias OCR and quantities can be imperfect. Full index/body search is a screen, not a393-row negative grammar review. PAGE14 roman folio unresolved.	
2298	RingeTaylor2014	wolf	wulf	runnable	consulted_applicable	wulf;wulfa;wulfaz;wulxwaz;wúlfaz;wulfaz	printed558 (PAGE573): *wégaz 212 *wulfaz 32;printed608 (PAGE623): wulf 32	32	32	32	Does this source provide an earlier form, selected-cell/stem, trigger, analogy or dated endpoint for wolf wulf?	Text-checked actual applicable source units; retain direct forms, attested examples and process statements separately. No input adoption, historical equivalence, silence-as-dissent or image verification beyond the inherited checks is claimed.	Held text only; alias OCR and quantities can be imperfect. Full index/body search is a screen, not a393-row negative grammar review. PAGE14 roman folio unresolved.	rt-complete-2298-001
2299	RingeTaylor2014	wonder	wundor	runnable	consulted_applicable	wundor;wunđran;wunēnan;wúndrą;wundra	printed562 (PAGE577): *wundra 328	328	224,328,331	328	Does this source provide an earlier form, selected-cell/stem, trigger, analogy or dated endpoint for wonder wundor?	Text-checked actual applicable source units; retain direct forms, attested examples and process statements separately. No input adoption, historical equivalence, silence-as-dissent or image verification beyond the inherited checks is claimed.	Held text only; alias OCR and quantities can be imperfect. Full index/body search is a screen, not a393-row negative grammar review. PAGE14 roman folio unresolved.	rt-complete-2299-001;rt-complete-2299-002;rt-complete-2299-003
2300	RingeTaylor2014	wool	wull	runnable	consulted_applicable	Hulh₁-n-éh₂;Hulh₁-néh₂;Huĺh₁-n-om;wull;wullō;wúllō;wull	printed608 (PAGE623): wull 32	32	32	32	Does this source provide an earlier form, selected-cell/stem, trigger, analogy or dated endpoint for wool wull?	Text-checked actual applicable source units; retain direct forms, attested examples and process statements separately. No input adoption, historical equivalence, silence-as-dissent or image verification beyond the inherited checks is claimed.	Held text only; alias OCR and quantities can be imperfect. Full index/body search is a screen, not a393-row negative grammar review. PAGE14 roman folio unresolved.	rt-complete-2300-001;rt-complete-2300-002;rt-complete-2300-003;rt-complete-2300-004;rt-complete-2300-005
2301	RingeTaylor2014	word	word	runnable	consulted_applicable	word;wurda;wurđan;wúrdą;wurda	printed558 (PAGE573): *wépng 10, 149, 331 *wurda 27;printed573 (PAGE588): *word6d 299;printed608 (PAGE623): word 27;printed608 (PAGE623): word (pl.) 286, 301, 378	4,5,9,12,14,15,16,18,22,24,25,26,27,28,31,33,36,37,41,42,43,44,45,46,48,49,53,55,56,57,58,60,61,62,63,65,66,67,69,70,71,76,77,82,85,86,87,89,100,101,102,104,105,106,111,114,115,116,118,122,126,127,128,129,133,134,135,136,139,154,155,156,158,160,163,164,166,171,177,192,197,200,202,203,204,205,207,210,211,214,225,226,231,236,246,251,252,253,255,256,258,259,263,264,272,280,281,282,283,284,286,288,289,290,291,297,298,299,300,301,302,303,306,310,315,316,322,323,325,326,327,329,330,331,332,335,336,337,339,340,341,342,355,359,366,371,373,378,379,381,382,387,512,513,514,515	4,5,9,12,14,15,16,18,22,24,25,26,27,28,31,33,36,37,41,42,43,44,45,46,48,49,53,55,56,57,58,60,61,62,63,65,66,67,69,70,71,76,77,82,85,86,87,89,100,101,102,104,105,106,111,114,115,116,118,122,126,127,128,129,133,134,135,136,139,154,155,156,158,160,163,164,166,171,177,192,197,200,202,203,204,205,207,210,211,214,225,226,231,236,246,251,252,253,255,256,258,259,263,264,272,280,281,282,283,284,286,288,289,290,291,297,298,299,300,301,302,303,306,310,315,316,322,323,325,326,327,329,330,331,332,335,336,337,339,340,341,342,355,359,366,371,373,378,379,381,382,387,512,513,514,515	27	Does this source provide an earlier form, selected-cell/stem, trigger, analogy or dated endpoint for word word?	Text-checked actual applicable source units; retain direct forms, attested examples and process statements separately. No input adoption, historical equivalence, silence-as-dissent or image verification beyond the inherited checks is claimed.	Held text only; alias OCR and quantities can be imperfect. Full index/body search is a screen, not a393-row negative grammar review. PAGE14 roman folio unresolved.	rt-complete-2301-001
2302	RingeTaylor2014	world	weorold	runnable	consulted_applicable	alan;alda;aldi;aldra;alþja;alþīn;alđiz;weorold;weoruld;werald;wira;wira-alđiz;wiraz;wír-àldu;wíra-àldiz;werald;wiraz	printed558 (PAGE573): *wargijana, *-ipo 241 *wiraz 34;printed563 (PAGE578): *alan 52, 185, 266;printed573 (PAGE588): *werald(i) 202;printed606 (PAGE621): weorold ~ -u- 202, 301, 326, 377	34,202,232,244,301,326,377	2,8,133,170,182,183,202,301,308,313,326,377	34,202,326	Wer is the compound's man/warrior component, not the separate mann row.	Wer is the compound's man/warrior component, not the separate mann row. No input adoption, historical equivalence, silence-as-dissent or image verification beyond the inherited checks is claimed.	Held text only; alias OCR and quantities can be imperfect. Full index/body search is a screen, not a393-row negative grammar review. PAGE14 roman folio unresolved.	rt-complete-2302-001;rt-complete-2302-002;rt-complete-2302-003;rt-complete-2302-004;rt-complete-2302-005;rt-complete-2302-006;rt-complete-2302-007;rt-complete-2302-008;rt-complete-2302-009;rt-complete-2302-010;rt-complete-2302-011;rt-complete-2302-012;rt-complete-2302-013;rt-complete-2302-014;rt-complete-2302-015;rt-complete-2302-016
2303	RingeTaylor2014	worm	wyrm	runnable	consulted_applicable	wurmaz;wurmi;wurmiz;wyrm;wúrmiz;wurmiz	printed558 (PAGE573): *wikon- 34, 323 *wurmiz 223;printed608 (PAGE623): wyrm 223	223	223	223	Does this source provide an earlier form, selected-cell/stem, trigger, analogy or dated endpoint for worm wyrm?	Text-checked actual applicable source units; retain direct forms, attested examples and process statements separately. No input adoption, historical equivalence, silence-as-dissent or image verification beyond the inherited checks is claimed.	Held text only; alias OCR and quantities can be imperfect. Full index/body search is a screen, not a393-row negative grammar review. PAGE14 roman folio unresolved.	rt-complete-2303-001;rt-complete-2303-002
2304	RingeTaylor2014	wring	wringan	runnable	screened_no_specific_commitment	wrenʒanan;wringan;wrinhan;wrínganą					Does this source provide an earlier form, selected-cell/stem, trigger, analogy or dated endpoint for wring wringan?	No identity-safe specific target established by the full held-text alias/index/topic screen; not an author-silence finding.	Held text only; alias OCR and quantities can be imperfect. Full index/body search is a screen, not a393-row negative grammar review. PAGE14 roman folio unresolved.	
2305	RingeTaylor2014	yarn	ġearn	runnable	consulted_applicable	garna;gárną;ġearn;ʒarnan;ʒarnjan;ʒarnō;garna	printed586 (PAGE601): gearn 205	205	205	205	Does this source provide an earlier form, selected-cell/stem, trigger, analogy or dated endpoint for yarn ġearn?	Text-checked actual applicable source units; retain direct forms, attested examples and process statements separately. No input adoption, historical equivalence, silence-as-dissent or image verification beyond the inherited checks is claimed.	Held text only; alias OCR and quantities can be imperfect. Full index/body search is a screen, not a393-row negative grammar review. PAGE14 roman folio unresolved.	rt-complete-2305-001;rt-complete-2305-002;rt-complete-2305-003;rt-complete-2305-004
2306	RingeTaylor2014	year	ġēar	runnable	consulted_applicable	jēra;jēran;jḗrą;ġēar;jéra;géar	printed586 (PAGE601): gear 5, 12, 150, 216	5,12,16,150,207,216,265,335	5,12,150,216,336,375	12,150,216	Does this source provide an earlier form, selected-cell/stem, trigger, analogy or dated endpoint for year ġēar?	Text-checked actual applicable source units; retain direct forms, attested examples and process statements separately. No input adoption, historical equivalence, silence-as-dissent or image verification beyond the inherited checks is claimed.	Held text only; alias OCR and quantities can be imperfect. Full index/body search is a screen, not a393-row negative grammar review. PAGE14 roman folio unresolved.	rt-complete-2306-001;rt-complete-2306-002;rt-complete-2306-003;rt-complete-2306-004;rt-complete-2306-005;rt-complete-2306-006;rt-complete-2306-007;rt-complete-2306-008;rt-complete-2306-009;rt-complete-2306-010;rt-complete-2306-011
2307	RingeTaylor2014	yoke	ġeoc	runnable	consulted_applicable	juka;jukan;júką;ġeoc;jukg;jok	printed587 (PAGE602): geoc 5, 27	5,27	5,27,114,115,157,329	27,114,115	Does this source provide an earlier form, selected-cell/stem, trigger, analogy or dated endpoint for yoke ġeoc?	Text-checked actual applicable source units; retain direct forms, attested examples and process statements separately. No input adoption, historical equivalence, silence-as-dissent or image verification beyond the inherited checks is claimed.	Held text only; alias OCR and quantities can be imperfect. Full index/body search is a screen, not a393-row negative grammar review. PAGE14 roman folio unresolved.	rt-complete-2307-001;rt-complete-2307-002;rt-complete-2307-003;rt-complete-2307-004;rt-complete-2307-005;rt-complete-2307-006;rt-complete-2307-007;rt-complete-2307-008;rt-complete-2307-009;rt-complete-2307-010;rt-complete-2307-011;rt-complete-2307-012
2308	RingeTaylor2014	youth	ġeoguþ	runnable	consulted_applicable	ju(w)unþi;junʒaz;juunþi;juwunþi;juʒunþiz;júgunθ;júgunθiz;ġeoguþ;jugunpi	printed553 (PAGE568): ‘jungaz 29	29	141,313	139,141	Youth nominal formation; the unrelated young adjective is not a source quotation of youth.	Youth nominal formation; the unrelated young adjective is not a source quotation of youth. No input adoption, historical equivalence, silence-as-dissent or image verification beyond the inherited checks is claimed.	Held text only; alias OCR and quantities can be imperfect. Full index/body search is a screen, not a393-row negative grammar review. PAGE14 roman folio unresolved.	rt-complete-2308-001;rt-complete-2308-002;rt-complete-2308-003;rt-complete-2308-004
2309	RingeTaylor2014	make (iptv.2sg)	maca	runnable	consulted_applicable	maca;makōjan;makōjanan;makōną;mákô;mak6n		228	1,2,3,4,15,20,21,30,40,48,51,57,63,70,79,95,112,127,131,140,144,148,157,169,183,185,191,197,205,208,216,223,224,225,226,228,229,231,234,239,242,243,244,249,261,262,284,292,297,303,341,358,516	128,228,517	Named verb stem/infinitive is family evidence for this finite-cell row; no finite ending is manufactured.	Named verb stem/infinitive is family evidence for this finite-cell row; no finite ending is manufactured. No input adoption, historical equivalence, silence-as-dissent or image verification beyond the inherited checks is claimed.	Held text only; alias OCR and quantities can be imperfect. Full index/body search is a screen, not a393-row negative grammar review. PAGE14 roman folio unresolved.	rt-complete-2309-001;rt-complete-2309-002;rt-complete-2309-003;rt-complete-2309-004;rt-complete-2309-005;rt-complete-2309-006
2310	RingeTaylor2014	make (3sg)	macaþ	runnable	consulted_applicable	macaþ;makōjan;makōjanan;makōną;mákōθi;mak6n		228	1,2,3,4,15,20,21,30,40,48,51,57,63,70,79,95,112,127,131,140,144,148,157,169,183,185,191,197,205,208,216,223,224,225,226,228,229,231,234,239,242,243,244,249,261,262,284,292,297,303,341,358,516	128,228,517	Named verb stem/infinitive is family evidence for this finite-cell row; no finite ending is manufactured.	Named verb stem/infinitive is family evidence for this finite-cell row; no finite ending is manufactured. No input adoption, historical equivalence, silence-as-dissent or image verification beyond the inherited checks is claimed.	Held text only; alias OCR and quantities can be imperfect. Full index/body search is a screen, not a393-row negative grammar review. PAGE14 roman folio unresolved.	rt-complete-2310-001;rt-complete-2310-002;rt-complete-2310-003;rt-complete-2310-004;rt-complete-2310-005;rt-complete-2310-006
2311	RingeTaylor2014	bore (iptv.2sg)	bora	runnable	screened_no_specific_commitment	barjanan;bora;burōjan;burōjanan;burōną;búrô			294		Does this source provide an earlier form, selected-cell/stem, trigger, analogy or dated endpoint for bore (iptv.2sg) bora?	No identity-safe specific target established by the full held-text alias/index/topic screen; not an author-silence finding.	Held text only; alias OCR and quantities can be imperfect. Full index/body search is a screen, not a393-row negative grammar review. PAGE14 roman folio unresolved.	
2312	RingeTaylor2014	bore (3sg)	boraþ	runnable	screened_no_specific_commitment	barjanan;boraþ;burōjan;burōjanan;burōną;búrōθi			294		Does this source provide an earlier form, selected-cell/stem, trigger, analogy or dated endpoint for bore (3sg) boraþ?	No identity-safe specific target established by the full held-text alias/index/topic screen; not an author-silence finding.	Held text only; alias OCR and quantities can be imperfect. Full index/body search is a screen, not a393-row negative grammar review. PAGE14 roman folio unresolved.	
2313	RingeTaylor2014	learn (iptv.2sg)	liorna	runnable	consulted_applicable	leis;liorna;liznēnan;liznōjanan;liznōjaną;liznōn;líznô;lizn	printed569 (PAGE584): *liznon 84, 183	84,95,223	38,84,94,95,183,196,197,247,292,349,360	38,84,95,183,517,518	Named verb stem/infinitive is family evidence for this finite-cell row; no finite ending is manufactured.	Named verb stem/infinitive is family evidence for this finite-cell row; no finite ending is manufactured. No input adoption, historical equivalence, silence-as-dissent or image verification beyond the inherited checks is claimed.	Held text only; alias OCR and quantities can be imperfect. Full index/body search is a screen, not a393-row negative grammar review. PAGE14 roman folio unresolved.	rt-complete-2313-001;rt-complete-2313-002;rt-complete-2313-003;rt-complete-2313-004;rt-complete-2313-005;rt-complete-2313-006;rt-complete-2313-007;rt-complete-2313-008;rt-complete-2313-009;rt-complete-2313-010;rt-complete-2313-011;rt-complete-2313-012;rt-complete-2313-013;rt-complete-2313-014;rt-complete-2313-015;rt-complete-2313-016;rt-complete-2313-017;rt-complete-2313-018;rt-complete-2313-019;rt-complete-2313-020
2314	RingeTaylor2014	learn (3sg)	liornaþ	runnable	consulted_applicable	leis;liornaþ;liznēnan;liznōjanan;liznōjaną;liznōn;líznōθi;lizn	printed569 (PAGE584): *liznon 84, 183	84,223	38,84,94,95,183,196,197,247,292,349,360	38,84,95,183,517,518	Named verb stem/infinitive is family evidence for this finite-cell row; no finite ending is manufactured.	Named verb stem/infinitive is family evidence for this finite-cell row; no finite ending is manufactured. No input adoption, historical equivalence, silence-as-dissent or image verification beyond the inherited checks is claimed.	Held text only; alias OCR and quantities can be imperfect. Full index/body search is a screen, not a393-row negative grammar review. PAGE14 roman folio unresolved.	rt-complete-2314-001;rt-complete-2314-002;rt-complete-2314-003;rt-complete-2314-004;rt-complete-2314-005;rt-complete-2314-006;rt-complete-2314-007;rt-complete-2314-008;rt-complete-2314-009;rt-complete-2314-010;rt-complete-2314-011;rt-complete-2314-012;rt-complete-2314-013;rt-complete-2314-014;rt-complete-2314-015;rt-complete-2314-016;rt-complete-2314-017;rt-complete-2314-018;rt-complete-2314-019;rt-complete-2314-020
2315	RingeTaylor2014	lick (iptv.2sg)	licca	runnable	consulted_applicable	licca;likkōjanan;likkōn;likkōną;líkkô;li/ekk		35	35	35	Named verb stem/infinitive is family evidence for this finite-cell row; no finite ending is manufactured.	Named verb stem/infinitive is family evidence for this finite-cell row; no finite ending is manufactured. No input adoption, historical equivalence, silence-as-dissent or image verification beyond the inherited checks is claimed.	Held text only; alias OCR and quantities can be imperfect. Full index/body search is a screen, not a393-row negative grammar review. PAGE14 roman folio unresolved.	rt-complete-2315-001;rt-complete-2315-002;rt-complete-2315-003
2316	RingeTaylor2014	lick (3sg)	liccaþ	runnable	consulted_applicable	liccaþ;likkōjanan;likkōn;likkōną;líkkōθi;li/ekk		35	35	35	Named verb stem/infinitive is family evidence for this finite-cell row; no finite ending is manufactured.	Named verb stem/infinitive is family evidence for this finite-cell row; no finite ending is manufactured. No input adoption, historical equivalence, silence-as-dissent or image verification beyond the inherited checks is claimed.	Held text only; alias OCR and quantities can be imperfect. Full index/body search is a screen, not a393-row negative grammar review. PAGE14 roman folio unresolved.	rt-complete-2316-001;rt-complete-2316-002;rt-complete-2316-003
2317	RingeTaylor2014	show (iptv.2sg)	sċēawa	runnable	screened_no_specific_commitment	skawaz;skawōjan;skawōjanan;skawōną;skáwô;sċēawa;xē(u)we			1,5,8,14,28,37,39,48,53,58,71,76,80,82,86,87,88,136,148,150,173,187,211,229,252,253,260,261,270,306,310,323,327,340,353,356,364,370,521		Does this source provide an earlier form, selected-cell/stem, trigger, analogy or dated endpoint for show (iptv.2sg) sċēawa?	No identity-safe specific target established by the full held-text alias/index/topic screen; not an author-silence finding.	Held text only; alias OCR and quantities can be imperfect. Full index/body search is a screen, not a393-row negative grammar review. PAGE14 roman folio unresolved.	
2318	RingeTaylor2014	show (3sg)	sċēawaþ	runnable	screened_no_specific_commitment	skawaz;skawōjan;skawōjanan;skawōną;skáwōθi;sċēawaþ;xē(u)we			1,5,8,14,28,37,39,48,53,58,71,76,80,82,86,87,88,136,148,150,173,187,211,229,252,253,260,261,270,306,310,323,327,340,353,356,364,370,521		Does this source provide an earlier form, selected-cell/stem, trigger, analogy or dated endpoint for show (3sg) sċēawaþ?	No identity-safe specific target established by the full held-text alias/index/topic screen; not an author-silence finding.	Held text only; alias OCR and quantities can be imperfect. Full index/body search is a screen, not a393-row negative grammar review. PAGE14 roman folio unresolved.	
2322	RingeTaylor2014	who	hwā	runnable	consulted_applicable	hwa;hwat;hwaz;hwiz;hwā;hwō;xwaz;xwez;xwáz;hwaz;hwa	printed567 (PAGE582): *hwa- 124;printed567 (PAGE582): *hwaz 86, 125 (parad.);printed592 (PAGE607): hwa 86, 152, 391	86,124,125,142,145,146,147,152,166	23,32,35,46,86,152,235,261,292,322,323,360,364,516	86,125,391,521	Does this source provide an earlier form, selected-cell/stem, trigger, analogy or dated endpoint for who hwā?	Text-checked actual applicable source units; retain direct forms, attested examples and process statements separately. No input adoption, historical equivalence, silence-as-dissent or image verification beyond the inherited checks is claimed.	Held text only; alias OCR and quantities can be imperfect. Full index/body search is a screen, not a393-row negative grammar review. PAGE14 roman folio unresolved.	rt-complete-2322-001;rt-complete-2322-002;rt-complete-2322-003;rt-complete-2322-004;rt-complete-2322-005;rt-complete-2322-006;rt-complete-2322-007;rt-complete-2322-008;rt-complete-2322-009;rt-complete-2322-010;rt-complete-2322-011;rt-complete-2322-012;rt-complete-2322-013;rt-complete-2322-014;rt-complete-2322-015
2326	RingeTaylor2014	you	ēow	runnable	consulted_applicable	eow;iw-siz;iwe;iwiz;izwiz;jiz;jēz;jīz;jūz;ízwiz;ēow;izwiz;iow;iuw	printed552 (PAGE567): *-iwiz 375;printed552 (PAGE567): *izwiz 41, 519;printed553 (PAGE568): *jut, *jiz 23, 519;printed560 (PAGE575): *jiz_ 23-4, 86;printed567 (PAGE582): *jiz 86, 216	23,24,41,86,125,188,216,375,391,519	25,41,43,56,58,67,69,70,71,86,99,101,180,195,211,215,216,220,227,230,235,239,246,292,293,294,295,296,297,299,317,319,353,354,355,356,357,360,363,368,518	41,106,125,391,519	Does this source provide an earlier form, selected-cell/stem, trigger, analogy or dated endpoint for you ēow?	Text-checked actual applicable source units; retain direct forms, attested examples and process statements separately. No input adoption, historical equivalence, silence-as-dissent or image verification beyond the inherited checks is claimed.	Held text only; alias OCR and quantities can be imperfect. Full index/body search is a screen, not a393-row negative grammar review. PAGE14 roman folio unresolved.	rt-complete-2326-001;rt-complete-2326-002;rt-complete-2326-003;rt-complete-2326-004;rt-complete-2326-005;rt-complete-2326-006;rt-complete-2326-007;rt-complete-2326-008;rt-complete-2326-009;rt-complete-2326-010;rt-complete-2326-011;rt-complete-2326-012;rt-complete-2326-013;rt-complete-2326-014
2327	RingeTaylor2014	wound	wundude	runnable	screened_no_specific_commitment	wenanan;winnan;wunda;wundude;wundō;wunni;wunđaz;wunđiz;wunđō;wunđōjanan;wúndōdē			39,82,171,195,229,235,285		Does this source provide an earlier form, selected-cell/stem, trigger, analogy or dated endpoint for wound wundude?	No identity-safe specific target established by the full held-text alias/index/topic screen; not an author-silence finding.	Held text only; alias OCR and quantities can be imperfect. Full index/body search is a screen, not a393-row negative grammar review. PAGE14 roman folio unresolved.	
2328	RingeTaylor2014	sow	sāwan	runnable	consulted_applicable	se-sh₁-nt;se-soh₁-e;se-sunþ;se-sōe;sāwan;sēan;sēanan;sḗaną;séang;sawan	printed598 (PAGE613): sawan 12, 151;printed599 (PAGE614): séan ~ -ia- (noun, Merc.) 316	316,345	12,13,86,151,355	12	Does this source provide an earlier form, selected-cell/stem, trigger, analogy or dated endpoint for sow sāwan?	Text-checked actual applicable source units; retain direct forms, attested examples and process statements separately. No input adoption, historical equivalence, silence-as-dissent or image verification beyond the inherited checks is claimed.	Held text only; alias OCR and quantities can be imperfect. Full index/body search is a screen, not a393-row negative grammar review. PAGE14 roman folio unresolved.	rt-complete-2328-001;rt-complete-2328-002
2329	RingeTaylor2014	betray	lǣwan	runnable	consulted_applicable	lēwan;lēwjan;lēwjanan;lǣwan;lḗwijaną;léwijang		150	35,150	150	Does this source provide an earlier form, selected-cell/stem, trigger, analogy or dated endpoint for betray lǣwan?	Text-checked actual applicable source units; retain direct forms, attested examples and process statements separately. No input adoption, historical equivalence, silence-as-dissent or image verification beyond the inherited checks is claimed.	Held text only; alias OCR and quantities can be imperfect. Full index/body search is a screen, not a393-row negative grammar review. PAGE14 roman folio unresolved.	rt-complete-2329-001;rt-complete-2329-002;rt-complete-2329-003;rt-complete-2329-004;rt-complete-2329-005
2330	RingeTaylor2014	thought	þōhte	runnable	consulted_applicable	þankjan;þankjanan;þōhte;θánxtē;panhté	printed564 (PAGE579): *bohté 99	99	11,30,72,78,142,145,149,208,220,222,239,289,512	72,142	Selected thought past has source past-stem evidence, not a thought-noun substitution.	Selected thought past has source past-stem evidence, not a thought-noun substitution. No input adoption, historical equivalence, silence-as-dissent or image verification beyond the inherited checks is claimed.	Held text only; alias OCR and quantities can be imperfect. Full index/body search is a screen, not a393-row negative grammar review. PAGE14 roman folio unresolved.	rt-complete-2330-001;rt-complete-2330-002;rt-complete-2330-003;rt-complete-2330-004;rt-complete-2330-005;rt-complete-2330-006;rt-complete-2330-007;rt-complete-2330-008;rt-complete-2330-009;rt-complete-2330-010
2332	RingeTaylor2014	hue	hīew	runnable	consulted_applicable	heuja;hiew;hiw;hiwj;hīew;hīwa;kieh₁-u;kieh₁-u-io;kieh₁u-ió;kēu-ió;xewjan;xíwją;hiwja	printed567 (PAGE582): *hiwi, *hiw'w’a- 250;printed591 (PAGE606): hiw (North.) 250	250	250	220,250	Does this source provide an earlier form, selected-cell/stem, trigger, analogy or dated endpoint for hue hīew?	The defended i choice is explicit but the proposed glide analysis is qualified; the general process is not another quoted hue reconstruction. Text-checked actual applicable source units; retain direct forms, attested examples and process statements separately. No input adoption, historical equivalence, silence-as-dissent or image verification beyond the inherited checks is claimed.	Held text only; alias OCR and quantities can be imperfect. Full index/body search is a screen, not a393-row negative grammar review. PAGE14 roman folio unresolved.	hue-ringe-taylor-pgmc;raising-ringe-taylor-oe-boundary;rt-complete-2332-001;rt-complete-2332-002;rt-complete-2332-003;rt-complete-2332-004;rt-complete-2332-005;rt-complete-2332-006;rt-complete-2332-007;rt-complete-2332-008;rt-complete-2332-009;rt-complete-2332-010;rt-complete-2332-011;rt-complete-2332-012;rt-complete-2332-013
