entry	class_bucket	source_key	current_citation	surrounding_claim	source_layer	candidate_locator	locator_basis	action	file_changed	note
bake — OE bacan	regular	Orel2003	[@Orel2003; @Campbell1959, 61; @RingeTaylor2014, 270]	Orel reconstructs _\*bakanan_, and Campbell cites _bacan_ as a standard example of A-restoration [@Orel2003; @Campbell1959, 61; @RingeTaylor2014, 270]. Bosworth-Toller and Clark Hall record _bacan_ as the Old English infinitive [@BosworthToller1898, 72; @ClarkHall1960, 19]. The selected input _\*bákaną_ represents the same weak verb in the accent notation used here. From _\*bákaną_, Anglo-Frisian brightening first gives _\*bækaną_. A-restoration before single _k_ returns the stem vowel to _a_, and later weak-tail reductions yield _bacan_.	regular book-prose overlay		left broad; no safe headword/page pairing was verified in this pass	left_broad		same_source_has_locator_elsewhere_in_volume=yes; prior_classification=safe; line=141
begin — OE beġinnan	regular	RingeTaylor2014	[@RingeTaylor2014]	The verb is modeled here as inherited _\*bigínnaną_. Ringe and Taylor state that intervocalic _\*g_ is palatalized between front vowels in Old English [@RingeTaylor2014], and Campbell lists _ginnan_ among familiar examples of palatal _g_ in this verb family [@Campbell1959, 174]. Bosworth-Toller and Clark Hall lemmatize the verb as _be-ginnan_ / _beginnan_ [@BosworthToller1898, 84; @ClarkHall1960]. From _\*bigínnaną_, heavy-syllable nasal apocope yields _\*bigínnan_. Ringe and Taylor explicitly cite _bi- > be-_ as an Old English unstressed-prefix development [@RingeTaylor2014].	regular book-prose overlay		left broad; no safe headword/page pairing was verified in this pass	left_broad		same_source_has_locator_elsewhere_in_volume=yes; prior_classification=safe; line=231
begin — OE beġinnan	regular	ClarkHall1960	[@BosworthToller1898, 84; @ClarkHall1960]	The verb is modeled here as inherited _\*bigínnaną_. Ringe and Taylor state that intervocalic _\*g_ is palatalized between front vowels in Old English [@RingeTaylor2014], and Campbell lists _ginnan_ among familiar examples of palatal _g_ in this verb family [@Campbell1959, 174]. Bosworth-Toller and Clark Hall lemmatize the verb as _be-ginnan_ / _beginnan_ [@BosworthToller1898, 84; @ClarkHall1960]. From _\*bigínnaną_, heavy-syllable nasal apocope yields _\*bigínnan_. Ringe and Taylor explicitly cite _bi- > be-_ as an Old English unstressed-prefix development [@RingeTaylor2014].	regular book-prose overlay		left broad; no safe headword/page pairing was verified in this pass	left_broad		same_source_has_locator_elsewhere_in_volume=yes; prior_classification=safe; line=231
begin — OE beġinnan	regular	RingeTaylor2014	[@RingeTaylor2014]	The verb is modeled here as inherited _\*bigínnaną_. Ringe and Taylor state that intervocalic _\*g_ is palatalized between front vowels in Old English [@RingeTaylor2014], and Campbell lists _ginnan_ among familiar examples of palatal _g_ in this verb family [@Campbell1959, 174]. Bosworth-Toller and Clark Hall lemmatize the verb as _be-ginnan_ / _beginnan_ [@BosworthToller1898, 84; @ClarkHall1960]. From _\*bigínnaną_, heavy-syllable nasal apocope yields _\*bigínnan_. Ringe and Taylor explicitly cite _bi- > be-_ as an Old English unstressed-prefix development [@RingeTaylor2014].	regular book-prose overlay		left broad; no safe headword/page pairing was verified in this pass	left_broad		same_source_has_locator_elsewhere_in_volume=yes; prior_classification=safe; line=231
birth — OE byrd	regular	Kroonen2013	[@Kroonen2013]	Kroonen cites the noun under stem-level _\*burdi-_ and gives Old English _(ge-)byrd_ among the reflexes [@Kroonen2013]. The selected input _\*búrdiz_ is the nominative-style form that stands behind that stem label. Clark Hall and Bosworth-Toller both attest simplex _byrd_ as an Old English noun meaning 'birth' [@ClarkHall1960; @BosworthToller1898, 125]. From _\*búrdiz_, loss of final _z_ gives _\*búrdi_.	regular book-prose overlay	122	Kroonen *burdi- entry with OE (ge-)byrd in local page-marked OCR.	locator_added	Germanic/docs/assembly/book_prose/regular_all_01/1951-birth-byrd.book.md	same_source_has_locator_elsewhere_in_volume=yes; prior_classification=safe; line=321; verified in local page-marked source and applied in compact regular book prose
birth — OE byrd	regular	ClarkHall1960	[@ClarkHall1960; @BosworthToller1898, 125]	Kroonen cites the noun under stem-level _\*burdi-_ and gives Old English _(ge-)byrd_ among the reflexes [@Kroonen2013]. The selected input _\*búrdiz_ is the nominative-style form that stands behind that stem label. Clark Hall and Bosworth-Toller both attest simplex _byrd_ as an Old English noun meaning 'birth' [@ClarkHall1960; @BosworthToller1898, 125]. From _\*búrdiz_, loss of final _z_ gives _\*búrdi_.	regular book-prose overlay	70	Clark Hall byrd headword in local page-marked OCR.	locator_added	Germanic/docs/assembly/book_prose/regular_all_01/1951-birth-byrd.book.md	same_source_has_locator_elsewhere_in_volume=yes; prior_classification=safe; line=321; verified in local page-marked source and applied in compact regular book prose
birth — OE byrd	regular	Hogg1992	[@Hogg1992]	Form note. The relevant comparator here is the simplex noun _byrd_. The prefixed forms remain related attested material within the same lexical family, and Hogg's discussion of deverbal feminines provides the broader derivational setting [@Hogg1992].	regular book-prose overlay		left broad; outside the targeted high-yield cleanup set	left_broad		same_source_has_locator_elsewhere_in_volume=yes; prior_classification=unresolved; line=323
bone — OE bān	regular	Kroonen2013	[@Kroonen2013; @Orel2003]	Kroonen cites the noun as _\*baina-_, and Orel gives the same lexeme under _\*bainan_ [@Kroonen2013; @Orel2003]. Both are comparative headword conventions for the same neuter noun whose Old English reflex is _bān_. Clark Hall and Bosworth-Toller record _bān_ as the ordinary Old English noun [@ClarkHall1960; @BosworthToller1898]. West Germanic monophthongization turns stressed _\*ai_ into _ā_, giving _\*bāną_; heavy-syllable nasal apocope then yields _bān_.	regular book-prose overlay	86	Kroonen *baina- entry with OE bān in local page-marked OCR.	locator_added	Germanic/docs/assembly/book_prose/regular_all_01/1954-bone-bān.book.md	same_source_has_locator_elsewhere_in_volume=yes; prior_classification=safe; line=367; verified in local page-marked source and applied in compact regular book prose
bone — OE bān	regular	Orel2003	[@Kroonen2013; @Orel2003]	Kroonen cites the noun as _\*baina-_, and Orel gives the same lexeme under _\*bainan_ [@Kroonen2013; @Orel2003]. Both are comparative headword conventions for the same neuter noun whose Old English reflex is _bān_. Clark Hall and Bosworth-Toller record _bān_ as the ordinary Old English noun [@ClarkHall1960; @BosworthToller1898]. West Germanic monophthongization turns stressed _\*ai_ into _ā_, giving _\*bāną_; heavy-syllable nasal apocope then yields _bān_.	regular book-prose overlay	71	Orel *bainan entry with OE bán in local page-marked OCR.	locator_added	Germanic/docs/assembly/book_prose/regular_all_01/1954-bone-bān.book.md	same_source_has_locator_elsewhere_in_volume=yes; prior_classification=safe; line=367; verified in local page-marked source and applied in compact regular book prose
bone — OE bān	regular	ClarkHall1960	[@ClarkHall1960; @BosworthToller1898]	Kroonen cites the noun as _\*baina-_, and Orel gives the same lexeme under _\*bainan_ [@Kroonen2013; @Orel2003]. Both are comparative headword conventions for the same neuter noun whose Old English reflex is _bān_. Clark Hall and Bosworth-Toller record _bān_ as the ordinary Old English noun [@ClarkHall1960; @BosworthToller1898]. West Germanic monophthongization turns stressed _\*ai_ into _ā_, giving _\*bāną_; heavy-syllable nasal apocope then yields _bān_.	regular book-prose overlay	44	Clark Hall bān headword in local page-marked OCR.	locator_added	Germanic/docs/assembly/book_prose/regular_all_01/1954-bone-bān.book.md	same_source_has_locator_elsewhere_in_volume=yes; prior_classification=safe; line=367; verified in local page-marked source and applied in compact regular book prose
bone — OE bān	regular	BosworthToller1898	[@ClarkHall1960; @BosworthToller1898]	Kroonen cites the noun as _\*baina-_, and Orel gives the same lexeme under _\*bainan_ [@Kroonen2013; @Orel2003]. Both are comparative headword conventions for the same neuter noun whose Old English reflex is _bān_. Clark Hall and Bosworth-Toller record _bān_ as the ordinary Old English noun [@ClarkHall1960; @BosworthToller1898]. West Germanic monophthongization turns stressed _\*ai_ into _ā_, giving _\*bāną_; heavy-syllable nasal apocope then yields _bān_.	regular book-prose overlay		left broad this pass; conditional source not re-verified here unless the target claim was safely anchored	left_broad		same_source_has_locator_elsewhere_in_volume=yes; prior_classification=conditional; line=367
breeches — OE brēċ	regular	Kroonen2013	[@Kroonen2013]	Kroonen cites the noun under _\*brōk-_, with Old English _brōc_ and plural 'breeches' among its reflexes [@Kroonen2013]. Ringe and Taylor give the plural development directly as PNWGmc _\*brokiz_ > _\*breeci_ > OE _bréc_ [@RingeTaylor2014]. Bright notes _brōc_ with plural _brēc_, and Clark Hall gives _bréc_ fp. breeches while also listing _broc_ as a feminine noun probably represented chiefly in the plural [@BrightCassidyRingler1971; @ClarkHall1960, 64]. After loss of final _-z_, the stem ends in _-ki_, so the velar palatalizes and _ō_ undergoes i-umlaut to _ē_; final high-vowel apocope then yields _brēċ_ [@RingeTaylor2014].	regular book-prose overlay		left broad; no safe headword/page pairing was verified in this pass	left_broad		same_source_has_locator_elsewhere_in_volume=yes; prior_classification=safe; line=509
breeches — OE brēċ	regular	RingeTaylor2014	[@RingeTaylor2014]	Kroonen cites the noun under _\*brōk-_, with Old English _brōc_ and plural 'breeches' among its reflexes [@Kroonen2013]. Ringe and Taylor give the plural development directly as PNWGmc _\*brokiz_ > _\*breeci_ > OE _bréc_ [@RingeTaylor2014]. Bright notes _brōc_ with plural _brēc_, and Clark Hall gives _bréc_ fp. breeches while also listing _broc_ as a feminine noun probably represented chiefly in the plural [@BrightCassidyRingler1971; @ClarkHall1960, 64]. After loss of final _-z_, the stem ends in _-ki_, so the velar palatalizes and _ō_ undergoes i-umlaut to _ē_; final high-vowel apocope then yields _brēċ_ [@RingeTaylor2014].	regular book-prose overlay		left broad; no safe headword/page pairing was verified in this pass	left_broad		same_source_has_locator_elsewhere_in_volume=yes; prior_classification=safe; line=509
breeches — OE brēċ	regular	BrightCassidyRingler1971	[@BrightCassidyRingler1971; @ClarkHall1960, 64]	Kroonen cites the noun under _\*brōk-_, with Old English _brōc_ and plural 'breeches' among its reflexes [@Kroonen2013]. Ringe and Taylor give the plural development directly as PNWGmc _\*brokiz_ > _\*breeci_ > OE _bréc_ [@RingeTaylor2014]. Bright notes _brōc_ with plural _brēc_, and Clark Hall gives _bréc_ fp. breeches while also listing _broc_ as a feminine noun probably represented chiefly in the plural [@BrightCassidyRingler1971; @ClarkHall1960, 64]. After loss of final _-z_, the stem ends in _-ki_, so the velar palatalizes and _ō_ undergoes i-umlaut to _ē_; final high-vowel apocope then yields _brēċ_ [@RingeTaylor2014].	regular book-prose overlay		left broad; no safe headword/page pairing was verified in this pass	left_broad		same_source_has_locator_elsewhere_in_volume=yes; prior_classification=safe; line=509
breeches — OE brēċ	regular	RingeTaylor2014	[@RingeTaylor2014]	Kroonen cites the noun under _\*brōk-_, with Old English _brōc_ and plural 'breeches' among its reflexes [@Kroonen2013]. Ringe and Taylor give the plural development directly as PNWGmc _\*brokiz_ > _\*breeci_ > OE _bréc_ [@RingeTaylor2014]. Bright notes _brōc_ with plural _brēc_, and Clark Hall gives _bréc_ fp. breeches while also listing _broc_ as a feminine noun probably represented chiefly in the plural [@BrightCassidyRingler1971; @ClarkHall1960, 64]. After loss of final _-z_, the stem ends in _-ki_, so the velar palatalizes and _ō_ undergoes i-umlaut to _ē_; final high-vowel apocope then yields _brēċ_ [@RingeTaylor2014].	regular book-prose overlay		left broad; no safe headword/page pairing was verified in this pass	left_broad		same_source_has_locator_elsewhere_in_volume=yes; prior_classification=safe; line=509
calf — OE ċealf	regular	Kroonen2013	[@Kroonen2013; @Orel2003, 248; @RingeTaylor2014, 220]	Kroonen treats the noun under _\*kalbiz-_ and notes an older s-stem _\*kalbaz_, pl. _\*kalbizō_, while Orel cites _\*kalbaz_ as the citation form and Ringe and Taylor derive West Saxon _Cealf_ from _\*kalbaz_, _\*kalbiz-_ [@Kroonen2013; @Orel2003, 248; @RingeTaylor2014, 220]. Clark Hall gives _cealf_, and Bosworth-Toller likewise records _Caelf / Cealf_ among the ordinary Old English spellings [@ClarkHall1960; @BosworthToller1898, 131]. After loss of final _-z_ and bare _-a_, Anglo-Frisian brightening gives _\*kælb_, and breaking before _l_ plus consonant yields _\*kealb_.	regular book-prose overlay		left broad; no safe headword/page pairing was verified in this pass	left_broad		same_source_has_locator_elsewhere_in_volume=yes; prior_classification=safe; line=557
calf — OE ċealf	regular	ClarkHall1960	[@ClarkHall1960; @BosworthToller1898, 131]	Kroonen treats the noun under _\*kalbiz-_ and notes an older s-stem _\*kalbaz_, pl. _\*kalbizō_, while Orel cites _\*kalbaz_ as the citation form and Ringe and Taylor derive West Saxon _Cealf_ from _\*kalbaz_, _\*kalbiz-_ [@Kroonen2013; @Orel2003, 248; @RingeTaylor2014, 220]. Clark Hall gives _cealf_, and Bosworth-Toller likewise records _Caelf / Cealf_ among the ordinary Old English spellings [@ClarkHall1960; @BosworthToller1898, 131]. After loss of final _-z_ and bare _-a_, Anglo-Frisian brightening gives _\*kælb_, and breaking before _l_ plus consonant yields _\*kealb_.	regular book-prose overlay		left broad; no safe headword/page pairing was verified in this pass	left_broad		same_source_has_locator_elsewhere_in_volume=yes; prior_classification=safe; line=557
corn — OE corn	regular	Kroonen2013	[@Kroonen2013; @Orel2003, 264]	Kroonen cites the noun as _\*kurna-_, and Orel gives the citation form _\*kurnan_, both with Old English _corn_ among the reflexes [@Kroonen2013; @Orel2003, 264]. The singular form _\*kúrną_ is the nominative-accusative singular appropriate to the citation noun. Clark Hall gives _corn n. 'corn,' grain_, Bright's glossary lists _corn, n._ with genitive singular _cornes_, and Bosworth-Toller treats _corn_ as an ordinary noun headword [@ClarkHall1960; @BrightCassidyRingler1971, 347; @BosworthToller1898, 144]. With northwest Germanic lowering, _\*kúrną_ becomes _\*kórną_, and later loss of final nasal after a heavy syllable yields _\*kórn_, whence _corn_.	regular book-prose overlay		left broad; no safe headword/page pairing was verified in this pass	left_broad		same_source_has_locator_elsewhere_in_volume=yes; prior_classification=safe; line=601
corn — OE corn	regular	ClarkHall1960	[@ClarkHall1960; @BrightCassidyRingler1971, 347; @BosworthToller1898, 144]	Kroonen cites the noun as _\*kurna-_, and Orel gives the citation form _\*kurnan_, both with Old English _corn_ among the reflexes [@Kroonen2013; @Orel2003, 264]. The singular form _\*kúrną_ is the nominative-accusative singular appropriate to the citation noun. Clark Hall gives _corn n. 'corn,' grain_, Bright's glossary lists _corn, n._ with genitive singular _cornes_, and Bosworth-Toller treats _corn_ as an ordinary noun headword [@ClarkHall1960; @BrightCassidyRingler1971, 347; @BosworthToller1898, 144]. With northwest Germanic lowering, _\*kúrną_ becomes _\*kórną_, and later loss of final nasal after a heavy syllable yields _\*kórn_, whence _corn_.	regular book-prose overlay		left broad; no safe headword/page pairing was verified in this pass	left_broad		same_source_has_locator_elsewhere_in_volume=yes; prior_classification=safe; line=601
deed — OE dǣd	regular	Orel2003	[@Orel2003; @RingeTaylor2014]	Orel reconstructs the noun as _\*dēdiz_, and Ringe and Taylor derive the same inherited i-stem from Proto-Germanic _\*dédiz_ through northwest Germanic _\*dadiz_ [@Orel2003; @RingeTaylor2014]. The stress-marked form _\*dḗdiz_ represents that same inherited noun in a notation that keeps the stressed long vowel explicit. Campbell states that Primitive Germanic _ē_ appears as West Saxon _ǣ_ but in other Old English dialects mostly as _ē_, and Brunner gives the contrast explicitly as West Saxon _dǣd_ beside non-West-Saxon _dēd_ [@Campbell1959; @SieversBrunner1965]. From inherited _\*dēdiz_, loss of final _-z_ and the West Saxon lowering of stressed long _ē_ yield _dǣd_; Anglian _dēd_ preserves the non-West-Saxon outcome [@Campbell1959; @SieversBrunner1965].	regular book-prose overlay		left broad; no safe headword/page pairing was verified in this pass	left_broad		same_source_has_locator_elsewhere_in_volume=yes; prior_classification=safe; line=646
deed — OE dǣd	regular	RingeTaylor2014	[@Orel2003; @RingeTaylor2014]	Orel reconstructs the noun as _\*dēdiz_, and Ringe and Taylor derive the same inherited i-stem from Proto-Germanic _\*dédiz_ through northwest Germanic _\*dadiz_ [@Orel2003; @RingeTaylor2014]. The stress-marked form _\*dḗdiz_ represents that same inherited noun in a notation that keeps the stressed long vowel explicit. Campbell states that Primitive Germanic _ē_ appears as West Saxon _ǣ_ but in other Old English dialects mostly as _ē_, and Brunner gives the contrast explicitly as West Saxon _dǣd_ beside non-West-Saxon _dēd_ [@Campbell1959; @SieversBrunner1965]. From inherited _\*dēdiz_, loss of final _-z_ and the West Saxon lowering of stressed long _ē_ yield _dǣd_; Anglian _dēd_ preserves the non-West-Saxon outcome [@Campbell1959; @SieversBrunner1965].	regular book-prose overlay		left broad; no safe headword/page pairing was verified in this pass	left_broad		same_source_has_locator_elsewhere_in_volume=yes; prior_classification=safe; line=646
deed — OE dǣd	regular	Campbell1959	[@Campbell1959; @SieversBrunner1965]	Orel reconstructs the noun as _\*dēdiz_, and Ringe and Taylor derive the same inherited i-stem from Proto-Germanic _\*dédiz_ through northwest Germanic _\*dadiz_ [@Orel2003; @RingeTaylor2014]. The stress-marked form _\*dḗdiz_ represents that same inherited noun in a notation that keeps the stressed long vowel explicit. Campbell states that Primitive Germanic _ē_ appears as West Saxon _ǣ_ but in other Old English dialects mostly as _ē_, and Brunner gives the contrast explicitly as West Saxon _dǣd_ beside non-West-Saxon _dēd_ [@Campbell1959; @SieversBrunner1965]. From inherited _\*dēdiz_, loss of final _-z_ and the West Saxon lowering of stressed long _ē_ yield _dǣd_; Anglian _dēd_ preserves the non-West-Saxon outcome [@Campbell1959; @SieversBrunner1965].	regular book-prose overlay		left broad this pass; conditional source not re-verified here unless the target claim was safely anchored	left_broad		same_source_has_locator_elsewhere_in_volume=yes; prior_classification=conditional; line=646
deed — OE dǣd	regular	SieversBrunner1965	[@Campbell1959; @SieversBrunner1965]	Orel reconstructs the noun as _\*dēdiz_, and Ringe and Taylor derive the same inherited i-stem from Proto-Germanic _\*dédiz_ through northwest Germanic _\*dadiz_ [@Orel2003; @RingeTaylor2014]. The stress-marked form _\*dḗdiz_ represents that same inherited noun in a notation that keeps the stressed long vowel explicit. Campbell states that Primitive Germanic _ē_ appears as West Saxon _ǣ_ but in other Old English dialects mostly as _ē_, and Brunner gives the contrast explicitly as West Saxon _dǣd_ beside non-West-Saxon _dēd_ [@Campbell1959; @SieversBrunner1965]. From inherited _\*dēdiz_, loss of final _-z_ and the West Saxon lowering of stressed long _ē_ yield _dǣd_; Anglian _dēd_ preserves the non-West-Saxon outcome [@Campbell1959; @SieversBrunner1965].	regular book-prose overlay		left broad; outside the targeted high-yield cleanup set	left_broad		same_source_has_locator_elsewhere_in_volume=yes; prior_classification=unresolved; line=646
deed — OE dǣd	regular	Campbell1959	[@Campbell1959; @SieversBrunner1965]	Orel reconstructs the noun as _\*dēdiz_, and Ringe and Taylor derive the same inherited i-stem from Proto-Germanic _\*dédiz_ through northwest Germanic _\*dadiz_ [@Orel2003; @RingeTaylor2014]. The stress-marked form _\*dḗdiz_ represents that same inherited noun in a notation that keeps the stressed long vowel explicit. Campbell states that Primitive Germanic _ē_ appears as West Saxon _ǣ_ but in other Old English dialects mostly as _ē_, and Brunner gives the contrast explicitly as West Saxon _dǣd_ beside non-West-Saxon _dēd_ [@Campbell1959; @SieversBrunner1965]. From inherited _\*dēdiz_, loss of final _-z_ and the West Saxon lowering of stressed long _ē_ yield _dǣd_; Anglian _dēd_ preserves the non-West-Saxon outcome [@Campbell1959; @SieversBrunner1965].	regular book-prose overlay		left broad this pass; conditional source not re-verified here unless the target claim was safely anchored	left_broad		same_source_has_locator_elsewhere_in_volume=yes; prior_classification=conditional; line=646
deed — OE dǣd	regular	SieversBrunner1965	[@Campbell1959; @SieversBrunner1965]	Orel reconstructs the noun as _\*dēdiz_, and Ringe and Taylor derive the same inherited i-stem from Proto-Germanic _\*dédiz_ through northwest Germanic _\*dadiz_ [@Orel2003; @RingeTaylor2014]. The stress-marked form _\*dḗdiz_ represents that same inherited noun in a notation that keeps the stressed long vowel explicit. Campbell states that Primitive Germanic _ē_ appears as West Saxon _ǣ_ but in other Old English dialects mostly as _ē_, and Brunner gives the contrast explicitly as West Saxon _dǣd_ beside non-West-Saxon _dēd_ [@Campbell1959; @SieversBrunner1965]. From inherited _\*dēdiz_, loss of final _-z_ and the West Saxon lowering of stressed long _ē_ yield _dǣd_; Anglian _dēd_ preserves the non-West-Saxon outcome [@Campbell1959; @SieversBrunner1965].	regular book-prose overlay		left broad; outside the targeted high-yield cleanup set	left_broad		same_source_has_locator_elsewhere_in_volume=yes; prior_classification=unresolved; line=646
door — OE dor	regular	Kroonen2013	[@Kroonen2013]	Kroonen reconstructs a neuter _\*dura-_ 'gate, (single) door' and cites Old English _dor_ among its reflexes. In the same entry he separates Old English _duru_, Old Frisian _dore_, and Old High German _tura_ as reflexes of _\*durō-_ instead [@Kroonen2013]. Clark Hall records _dor_ as a neuter noun and separately records feminine _duru_ with its own inflection [@ClarkHall1960]. From _\*dúrą_, Northwest Germanic u-lowering gives _\*dórą_, and heavy-syllable nasal apocope then yields _dor_.	regular book-prose overlay		left broad; no safe headword/page pairing was verified in this pass	left_broad		same_source_has_locator_elsewhere_in_volume=yes; prior_classification=safe; line=690
door — OE dor	regular	ClarkHall1960	[@ClarkHall1960]	Kroonen reconstructs a neuter _\*dura-_ 'gate, (single) door' and cites Old English _dor_ among its reflexes. In the same entry he separates Old English _duru_, Old Frisian _dore_, and Old High German _tura_ as reflexes of _\*durō-_ instead [@Kroonen2013]. Clark Hall records _dor_ as a neuter noun and separately records feminine _duru_ with its own inflection [@ClarkHall1960]. From _\*dúrą_, Northwest Germanic u-lowering gives _\*dórą_, and heavy-syllable nasal apocope then yields _dor_.	regular book-prose overlay		left broad; no safe headword/page pairing was verified in this pass	left_broad		same_source_has_locator_elsewhere_in_volume=yes; prior_classification=safe; line=690
fell — OE fell	regular	Kroonen2013	[@Kroonen2013]	Kroonen reconstructs the noun as _\*fella-_ 'membrane, skin, hide' and cites Old English _fell_ beside Dutch _vel_ and German _Fell_ [@Kroonen2013]. The selected input _\*féllą_ is the derivable singular form of that same inherited noun. Clark Hall records _fell_ as the noun 'fell, skin, hide', and Bright's glossary likewise gives _fell_ with inflected forms such as accusative singular _fel_ and dative plural _fellum_ [@ClarkHall1960; @BrightCassidyRingler1971]. With _\*féllą_, no special earlier reshaping is needed: heavy-syllable nasal apocope yields _\*féll_, surfacing as _fell_.	regular book-prose overlay		left broad; no safe headword/page pairing was verified in this pass	left_broad		same_source_has_locator_elsewhere_in_volume=yes; prior_classification=safe; line=778
fell — OE fell	regular	ClarkHall1960	[@ClarkHall1960; @BrightCassidyRingler1971]	Kroonen reconstructs the noun as _\*fella-_ 'membrane, skin, hide' and cites Old English _fell_ beside Dutch _vel_ and German _Fell_ [@Kroonen2013]. The selected input _\*féllą_ is the derivable singular form of that same inherited noun. Clark Hall records _fell_ as the noun 'fell, skin, hide', and Bright's glossary likewise gives _fell_ with inflected forms such as accusative singular _fel_ and dative plural _fellum_ [@ClarkHall1960; @BrightCassidyRingler1971]. With _\*féllą_, no special earlier reshaping is needed: heavy-syllable nasal apocope yields _\*féll_, surfacing as _fell_.	regular book-prose overlay		left broad; no safe headword/page pairing was verified in this pass	left_broad		same_source_has_locator_elsewhere_in_volume=yes; prior_classification=safe; line=778
fell — OE fell	regular	BrightCassidyRingler1971	[@ClarkHall1960; @BrightCassidyRingler1971]	Kroonen reconstructs the noun as _\*fella-_ 'membrane, skin, hide' and cites Old English _fell_ beside Dutch _vel_ and German _Fell_ [@Kroonen2013]. The selected input _\*féllą_ is the derivable singular form of that same inherited noun. Clark Hall records _fell_ as the noun 'fell, skin, hide', and Bright's glossary likewise gives _fell_ with inflected forms such as accusative singular _fel_ and dative plural _fellum_ [@ClarkHall1960; @BrightCassidyRingler1971]. With _\*féllą_, no special earlier reshaping is needed: heavy-syllable nasal apocope yields _\*féll_, surfacing as _fell_.	regular book-prose overlay		left broad; no safe headword/page pairing was verified in this pass	left_broad		same_source_has_locator_elsewhere_in_volume=yes; prior_classification=safe; line=778
fern — OE fearn	regular	Kroonen2013	[@Kroonen2013; @Orel2003, 133]	Kroonen cites the noun as masculine _\*farna-_ and gives Old English _fearn, fern_, while Orel gives the same lexeme as neuter _\*farnan_ with Old English _fearn_ [@Kroonen2013; @Orel2003, 133]. Those are comparative headword conventions rather than competing Old English outcomes; the modeled input here is the nominative-style _\*fárnaz_. Clark Hall gives _fearn_ as an Old English noun, and Bosworth-Toller records _fearn_ with inflected forms such as _fearnes_, _fearna_, and _fearne_ [@ClarkHall1960; @BosworthToller1898, 219]. From _\*fárnaz_, loss of final _-z_ and final _-a_ gives _\*fárn_; Anglo-Frisian brightening then yields _\*færn_, and breaking before _r_ plus consonant gives _fearn_ [@Campbell1959; @RingeTaylor2014].	regular book-prose overlay		left broad; no safe headword/page pairing was verified in this pass	left_broad		same_source_has_locator_elsewhere_in_volume=yes; prior_classification=safe; line=824
fern — OE fearn	regular	ClarkHall1960	[@ClarkHall1960; @BosworthToller1898, 219]	Kroonen cites the noun as masculine _\*farna-_ and gives Old English _fearn, fern_, while Orel gives the same lexeme as neuter _\*farnan_ with Old English _fearn_ [@Kroonen2013; @Orel2003, 133]. Those are comparative headword conventions rather than competing Old English outcomes; the modeled input here is the nominative-style _\*fárnaz_. Clark Hall gives _fearn_ as an Old English noun, and Bosworth-Toller records _fearn_ with inflected forms such as _fearnes_, _fearna_, and _fearne_ [@ClarkHall1960; @BosworthToller1898, 219]. From _\*fárnaz_, loss of final _-z_ and final _-a_ gives _\*fárn_; Anglo-Frisian brightening then yields _\*færn_, and breaking before _r_ plus consonant gives _fearn_ [@Campbell1959; @RingeTaylor2014].	regular book-prose overlay		left broad; no safe headword/page pairing was verified in this pass	left_broad		same_source_has_locator_elsewhere_in_volume=yes; prior_classification=safe; line=824
fern — OE fearn	regular	Campbell1959	[@Campbell1959; @RingeTaylor2014]	Kroonen cites the noun as masculine _\*farna-_ and gives Old English _fearn, fern_, while Orel gives the same lexeme as neuter _\*farnan_ with Old English _fearn_ [@Kroonen2013; @Orel2003, 133]. Those are comparative headword conventions rather than competing Old English outcomes; the modeled input here is the nominative-style _\*fárnaz_. Clark Hall gives _fearn_ as an Old English noun, and Bosworth-Toller records _fearn_ with inflected forms such as _fearnes_, _fearna_, and _fearne_ [@ClarkHall1960; @BosworthToller1898, 219]. From _\*fárnaz_, loss of final _-z_ and final _-a_ gives _\*fárn_; Anglo-Frisian brightening then yields _\*færn_, and breaking before _r_ plus consonant gives _fearn_ [@Campbell1959; @RingeTaylor2014].	regular book-prose overlay		left broad this pass; conditional source not re-verified here unless the target claim was safely anchored	left_broad		same_source_has_locator_elsewhere_in_volume=yes; prior_classification=conditional; line=824
fern — OE fearn	regular	RingeTaylor2014	[@Campbell1959; @RingeTaylor2014]	Kroonen cites the noun as masculine _\*farna-_ and gives Old English _fearn, fern_, while Orel gives the same lexeme as neuter _\*farnan_ with Old English _fearn_ [@Kroonen2013; @Orel2003, 133]. Those are comparative headword conventions rather than competing Old English outcomes; the modeled input here is the nominative-style _\*fárnaz_. Clark Hall gives _fearn_ as an Old English noun, and Bosworth-Toller records _fearn_ with inflected forms such as _fearnes_, _fearna_, and _fearne_ [@ClarkHall1960; @BosworthToller1898, 219]. From _\*fárnaz_, loss of final _-z_ and final _-a_ gives _\*fárn_; Anglo-Frisian brightening then yields _\*færn_, and breaking before _r_ plus consonant gives _fearn_ [@Campbell1959; @RingeTaylor2014].	regular book-prose overlay		left broad; no safe headword/page pairing was verified in this pass	left_broad		same_source_has_locator_elsewhere_in_volume=yes; prior_classification=safe; line=824
fly — OE flēogan	regular	RingeTaylor2014	[@RingeTaylor2014]	Ringe and Taylor derive the verb as _\*fleugana_ > OE _fléogan_ and elsewhere contrast West Saxon _fléogan_ with Anglian _flégan_, alongside related forms _fléoge_ / _flége_ [@RingeTaylor2014]. The selected input _\*fléuganą_ represents that inherited strong verb in the notation used here. Clark Hall and Bosworth-Toller record _flēogan_ as the ordinary Old English strong verb, and Bright gives the familiar paradigm _flēag_, flugon, flogen with present _fleogeð_ [@ClarkHall1960; @BosworthToller1898; @BrightCassidyRingler1971]. From _\*fléuganą_, Old English diphthong leveling gives _\*flēoganą_; heavy-syllable nasal apocope and weak-tail reduction then yield _flēogan_ [@RingeTaylor2014].	regular book-prose overlay		left broad; no safe headword/page pairing was verified in this pass	left_broad		same_source_has_locator_elsewhere_in_volume=yes; prior_classification=safe; line=915
fly — OE flēogan	regular	ClarkHall1960	[@ClarkHall1960; @BosworthToller1898; @BrightCassidyRingler1971]	Ringe and Taylor derive the verb as _\*fleugana_ > OE _fléogan_ and elsewhere contrast West Saxon _fléogan_ with Anglian _flégan_, alongside related forms _fléoge_ / _flége_ [@RingeTaylor2014]. The selected input _\*fléuganą_ represents that inherited strong verb in the notation used here. Clark Hall and Bosworth-Toller record _flēogan_ as the ordinary Old English strong verb, and Bright gives the familiar paradigm _flēag_, flugon, flogen with present _fleogeð_ [@ClarkHall1960; @BosworthToller1898; @BrightCassidyRingler1971]. From _\*fléuganą_, Old English diphthong leveling gives _\*flēoganą_; heavy-syllable nasal apocope and weak-tail reduction then yield _flēogan_ [@RingeTaylor2014].	regular book-prose overlay		left broad; no safe headword/page pairing was verified in this pass	left_broad		same_source_has_locator_elsewhere_in_volume=yes; prior_classification=safe; line=915
fly — OE flēogan	regular	BosworthToller1898	[@ClarkHall1960; @BosworthToller1898; @BrightCassidyRingler1971]	Ringe and Taylor derive the verb as _\*fleugana_ > OE _fléogan_ and elsewhere contrast West Saxon _fléogan_ with Anglian _flégan_, alongside related forms _fléoge_ / _flége_ [@RingeTaylor2014]. The selected input _\*fléuganą_ represents that inherited strong verb in the notation used here. Clark Hall and Bosworth-Toller record _flēogan_ as the ordinary Old English strong verb, and Bright gives the familiar paradigm _flēag_, flugon, flogen with present _fleogeð_ [@ClarkHall1960; @BosworthToller1898; @BrightCassidyRingler1971]. From _\*fléuganą_, Old English diphthong leveling gives _\*flēoganą_; heavy-syllable nasal apocope and weak-tail reduction then yield _flēogan_ [@RingeTaylor2014].	regular book-prose overlay		left broad this pass; conditional source not re-verified here unless the target claim was safely anchored	left_broad		same_source_has_locator_elsewhere_in_volume=yes; prior_classification=conditional; line=915
fly — OE flēogan	regular	BrightCassidyRingler1971	[@ClarkHall1960; @BosworthToller1898; @BrightCassidyRingler1971]	Ringe and Taylor derive the verb as _\*fleugana_ > OE _fléogan_ and elsewhere contrast West Saxon _fléogan_ with Anglian _flégan_, alongside related forms _fléoge_ / _flége_ [@RingeTaylor2014]. The selected input _\*fléuganą_ represents that inherited strong verb in the notation used here. Clark Hall and Bosworth-Toller record _flēogan_ as the ordinary Old English strong verb, and Bright gives the familiar paradigm _flēag_, flugon, flogen with present _fleogeð_ [@ClarkHall1960; @BosworthToller1898; @BrightCassidyRingler1971]. From _\*fléuganą_, Old English diphthong leveling gives _\*flēoganą_; heavy-syllable nasal apocope and weak-tail reduction then yield _flēogan_ [@RingeTaylor2014].	regular book-prose overlay		left broad; no safe headword/page pairing was verified in this pass	left_broad		same_source_has_locator_elsewhere_in_volume=yes; prior_classification=safe; line=915
fly — OE flēogan	regular	RingeTaylor2014	[@RingeTaylor2014]	Ringe and Taylor derive the verb as _\*fleugana_ > OE _fléogan_ and elsewhere contrast West Saxon _fléogan_ with Anglian _flégan_, alongside related forms _fléoge_ / _flége_ [@RingeTaylor2014]. The selected input _\*fléuganą_ represents that inherited strong verb in the notation used here. Clark Hall and Bosworth-Toller record _flēogan_ as the ordinary Old English strong verb, and Bright gives the familiar paradigm _flēag_, flugon, flogen with present _fleogeð_ [@ClarkHall1960; @BosworthToller1898; @BrightCassidyRingler1971]. From _\*fléuganą_, Old English diphthong leveling gives _\*flēoganą_; heavy-syllable nasal apocope and weak-tail reduction then yield _flēogan_ [@RingeTaylor2014].	regular book-prose overlay		left broad; no safe headword/page pairing was verified in this pass	left_broad		same_source_has_locator_elsewhere_in_volume=yes; prior_classification=safe; line=915
fly — OE flēogan	regular	RingeTaylor2014	[@RingeTaylor2014]	Form note. Ringe and Taylor also list related _fléoge_ / _flége_ and Anglian _flégan_, which belong to the same family but do not replace the infinitive _flēogan_ treated here [@RingeTaylor2014].	regular book-prose overlay		left broad; no safe headword/page pairing was verified in this pass	left_broad		same_source_has_locator_elsewhere_in_volume=yes; prior_classification=safe; line=917
forlorn — OE lēosan	regular	Kroonen2013	[@Kroonen2013; @Orel2003]	Kroonen reconstructs the verb under _\*leusan-_ and cites prefixed daughters such as Gothic _fra-liusan_ and Old English _for-lēosan_; Orel likewise gives Old English _for-leósan_ [@Kroonen2013; @Orel2003]. The inherited verbal base is therefore clear, though the daughter set often appears with the prefix. The direct Old English evidence behind English _forlorn_ lies in the prefixed verb _forlēosan_ and especially in the participle _forloren_, recorded by Ringe and Taylor and in the dictionaries [@RingeTaylor2014; @ClarkHall1960; @BosworthToller1898]. From _\*léusaną_, Old English diphthong leveling gives _\*lēosaną_, and later nasal apocope and weak-tail reduction yield _lēosan_ [@RingeTaylor2014].	regular book-prose overlay		left broad; no safe headword/page pairing was verified in this pass	left_broad		same_source_has_locator_elsewhere_in_volume=yes; prior_classification=safe; line=962
forlorn — OE lēosan	regular	Orel2003	[@Kroonen2013; @Orel2003]	Kroonen reconstructs the verb under _\*leusan-_ and cites prefixed daughters such as Gothic _fra-liusan_ and Old English _for-lēosan_; Orel likewise gives Old English _for-leósan_ [@Kroonen2013; @Orel2003]. The inherited verbal base is therefore clear, though the daughter set often appears with the prefix. The direct Old English evidence behind English _forlorn_ lies in the prefixed verb _forlēosan_ and especially in the participle _forloren_, recorded by Ringe and Taylor and in the dictionaries [@RingeTaylor2014; @ClarkHall1960; @BosworthToller1898]. From _\*léusaną_, Old English diphthong leveling gives _\*lēosaną_, and later nasal apocope and weak-tail reduction yield _lēosan_ [@RingeTaylor2014].	regular book-prose overlay		left broad; no safe headword/page pairing was verified in this pass	left_broad		same_source_has_locator_elsewhere_in_volume=yes; prior_classification=safe; line=962
forlorn — OE lēosan	regular	RingeTaylor2014	[@RingeTaylor2014; @ClarkHall1960; @BosworthToller1898]	Kroonen reconstructs the verb under _\*leusan-_ and cites prefixed daughters such as Gothic _fra-liusan_ and Old English _for-lēosan_; Orel likewise gives Old English _for-leósan_ [@Kroonen2013; @Orel2003]. The inherited verbal base is therefore clear, though the daughter set often appears with the prefix. The direct Old English evidence behind English _forlorn_ lies in the prefixed verb _forlēosan_ and especially in the participle _forloren_, recorded by Ringe and Taylor and in the dictionaries [@RingeTaylor2014; @ClarkHall1960; @BosworthToller1898]. From _\*léusaną_, Old English diphthong leveling gives _\*lēosaną_, and later nasal apocope and weak-tail reduction yield _lēosan_ [@RingeTaylor2014].	regular book-prose overlay		left broad; no safe headword/page pairing was verified in this pass	left_broad		same_source_has_locator_elsewhere_in_volume=yes; prior_classification=safe; line=962
forlorn — OE lēosan	regular	ClarkHall1960	[@RingeTaylor2014; @ClarkHall1960; @BosworthToller1898]	Kroonen reconstructs the verb under _\*leusan-_ and cites prefixed daughters such as Gothic _fra-liusan_ and Old English _for-lēosan_; Orel likewise gives Old English _for-leósan_ [@Kroonen2013; @Orel2003]. The inherited verbal base is therefore clear, though the daughter set often appears with the prefix. The direct Old English evidence behind English _forlorn_ lies in the prefixed verb _forlēosan_ and especially in the participle _forloren_, recorded by Ringe and Taylor and in the dictionaries [@RingeTaylor2014; @ClarkHall1960; @BosworthToller1898]. From _\*léusaną_, Old English diphthong leveling gives _\*lēosaną_, and later nasal apocope and weak-tail reduction yield _lēosan_ [@RingeTaylor2014].	regular book-prose overlay		left broad; no safe headword/page pairing was verified in this pass	left_broad		same_source_has_locator_elsewhere_in_volume=yes; prior_classification=safe; line=962
forlorn — OE lēosan	regular	BosworthToller1898	[@RingeTaylor2014; @ClarkHall1960; @BosworthToller1898]	Kroonen reconstructs the verb under _\*leusan-_ and cites prefixed daughters such as Gothic _fra-liusan_ and Old English _for-lēosan_; Orel likewise gives Old English _for-leósan_ [@Kroonen2013; @Orel2003]. The inherited verbal base is therefore clear, though the daughter set often appears with the prefix. The direct Old English evidence behind English _forlorn_ lies in the prefixed verb _forlēosan_ and especially in the participle _forloren_, recorded by Ringe and Taylor and in the dictionaries [@RingeTaylor2014; @ClarkHall1960; @BosworthToller1898]. From _\*léusaną_, Old English diphthong leveling gives _\*lēosaną_, and later nasal apocope and weak-tail reduction yield _lēosan_ [@RingeTaylor2014].	regular book-prose overlay		left broad this pass; conditional source not re-verified here unless the target claim was safely anchored	left_broad		same_source_has_locator_elsewhere_in_volume=yes; prior_classification=conditional; line=962
forlorn — OE lēosan	regular	RingeTaylor2014	[@RingeTaylor2014]	Kroonen reconstructs the verb under _\*leusan-_ and cites prefixed daughters such as Gothic _fra-liusan_ and Old English _for-lēosan_; Orel likewise gives Old English _for-leósan_ [@Kroonen2013; @Orel2003]. The inherited verbal base is therefore clear, though the daughter set often appears with the prefix. The direct Old English evidence behind English _forlorn_ lies in the prefixed verb _forlēosan_ and especially in the participle _forloren_, recorded by Ringe and Taylor and in the dictionaries [@RingeTaylor2014; @ClarkHall1960; @BosworthToller1898]. From _\*léusaną_, Old English diphthong leveling gives _\*lēosaną_, and later nasal apocope and weak-tail reduction yield _lēosan_ [@RingeTaylor2014].	regular book-prose overlay		left broad; no safe headword/page pairing was verified in this pass	left_broad		same_source_has_locator_elsewhere_in_volume=yes; prior_classification=safe; line=962
forlorn — OE lēosan	regular	RingeTaylor2014	[@RingeTaylor2014]	Form note. As a base-form comparison, the simplex infinitive is _lēosan_, while the English adjective continues the prefixed Old English family _forlēosan_ / forloren [@RingeTaylor2014].	regular book-prose overlay		left broad; no safe headword/page pairing was verified in this pass	left_broad		same_source_has_locator_elsewhere_in_volume=yes; prior_classification=safe; line=964
gang — OE gang	regular	Orel2003	[@Orel2003]	Orel reconstructs the noun as _\*gangaz_ and cites Old English _gang_ beside Old Norse _gangr_, Old Frisian _gang / gong_, Old Saxon _gang_, and Old High German _gang_ [@Orel2003]. The selected input _\*gángaz_ is the same lexeme in the accent notation used here. Clark Hall and Bosworth-Toller both record _gang_ as the noun 'going, journey, way', and Bright's glossary gives _gong (gang), m., path, course_ [@ClarkHall1960; @BosworthToller1898, 159; @BrightCassidyRingler1971, 392]. From _\*gángaz_, loss of final _-z_ gives _\*gánga_, and later loss of final bare _-a_ yields _gang_.	regular book-prose overlay		left broad; no safe headword/page pairing was verified in this pass	left_broad		same_source_has_locator_elsewhere_in_volume=yes; prior_classification=safe; line=1008
gang — OE gang	regular	ClarkHall1960	[@ClarkHall1960; @BosworthToller1898, 159; @BrightCassidyRingler1971, 392]	Orel reconstructs the noun as _\*gangaz_ and cites Old English _gang_ beside Old Norse _gangr_, Old Frisian _gang / gong_, Old Saxon _gang_, and Old High German _gang_ [@Orel2003]. The selected input _\*gángaz_ is the same lexeme in the accent notation used here. Clark Hall and Bosworth-Toller both record _gang_ as the noun 'going, journey, way', and Bright's glossary gives _gong (gang), m., path, course_ [@ClarkHall1960; @BosworthToller1898, 159; @BrightCassidyRingler1971, 392]. From _\*gángaz_, loss of final _-z_ gives _\*gánga_, and later loss of final bare _-a_ yields _gang_.	regular book-prose overlay		left broad; no safe headword/page pairing was verified in this pass	left_broad		same_source_has_locator_elsewhere_in_volume=yes; prior_classification=safe; line=1008
gang — OE gang	regular	ClarkHall1960	[@ClarkHall1960; @BosworthToller1898, 159]	Form note. This entry concerns the noun _gang_, not the separate verb _gangan_ [@ClarkHall1960; @BosworthToller1898, 159].	regular book-prose overlay		left broad; no safe headword/page pairing was verified in this pass	left_broad		same_source_has_locator_elsewhere_in_volume=yes; prior_classification=safe; line=1010
give — OE ġiefan	regular	Kroonen2013	[@Kroonen2013]	Kroonen reconstructs the strong verb as _\*geban-_ and cites Old English _giefan_ among its reflexes [@Kroonen2013]. Ringe and Taylor contrast West Saxon _giefan_ with Mercian _for-geofan_ and Northumbrian _geafa_, showing that the inherited verb takes different later dialectal shapes [@RingeTaylor2014]. Campbell gives _gefan (W-S giefan)_ among examples of initial palatalization, and Clark Hall records the verb under plain _giefan_ with forms such as _geaf_ and _giefen_ [@Campbell1959; @ClarkHall1960]. From _\*gébaną_, initial _g_ palatalizes before _e_; West Saxon palatal diphthongization then yields _ie_, and later tail reduction gives _giefan_ [@Campbell1959; @RingeTaylor2014].	regular book-prose overlay		left broad; no safe headword/page pairing was verified in this pass	left_broad		same_source_has_locator_elsewhere_in_volume=yes; prior_classification=safe; line=1057
give — OE ġiefan	regular	RingeTaylor2014	[@RingeTaylor2014]	Kroonen reconstructs the strong verb as _\*geban-_ and cites Old English _giefan_ among its reflexes [@Kroonen2013]. Ringe and Taylor contrast West Saxon _giefan_ with Mercian _for-geofan_ and Northumbrian _geafa_, showing that the inherited verb takes different later dialectal shapes [@RingeTaylor2014]. Campbell gives _gefan (W-S giefan)_ among examples of initial palatalization, and Clark Hall records the verb under plain _giefan_ with forms such as _geaf_ and _giefen_ [@Campbell1959; @ClarkHall1960]. From _\*gébaną_, initial _g_ palatalizes before _e_; West Saxon palatal diphthongization then yields _ie_, and later tail reduction gives _giefan_ [@Campbell1959; @RingeTaylor2014].	regular book-prose overlay		left broad; no safe headword/page pairing was verified in this pass	left_broad		same_source_has_locator_elsewhere_in_volume=yes; prior_classification=safe; line=1057
give — OE ġiefan	regular	Campbell1959	[@Campbell1959; @ClarkHall1960]	Kroonen reconstructs the strong verb as _\*geban-_ and cites Old English _giefan_ among its reflexes [@Kroonen2013]. Ringe and Taylor contrast West Saxon _giefan_ with Mercian _for-geofan_ and Northumbrian _geafa_, showing that the inherited verb takes different later dialectal shapes [@RingeTaylor2014]. Campbell gives _gefan (W-S giefan)_ among examples of initial palatalization, and Clark Hall records the verb under plain _giefan_ with forms such as _geaf_ and _giefen_ [@Campbell1959; @ClarkHall1960]. From _\*gébaną_, initial _g_ palatalizes before _e_; West Saxon palatal diphthongization then yields _ie_, and later tail reduction gives _giefan_ [@Campbell1959; @RingeTaylor2014].	regular book-prose overlay		left broad this pass; conditional source not re-verified here unless the target claim was safely anchored	left_broad		same_source_has_locator_elsewhere_in_volume=yes; prior_classification=conditional; line=1057
give — OE ġiefan	regular	ClarkHall1960	[@Campbell1959; @ClarkHall1960]	Kroonen reconstructs the strong verb as _\*geban-_ and cites Old English _giefan_ among its reflexes [@Kroonen2013]. Ringe and Taylor contrast West Saxon _giefan_ with Mercian _for-geofan_ and Northumbrian _geafa_, showing that the inherited verb takes different later dialectal shapes [@RingeTaylor2014]. Campbell gives _gefan (W-S giefan)_ among examples of initial palatalization, and Clark Hall records the verb under plain _giefan_ with forms such as _geaf_ and _giefen_ [@Campbell1959; @ClarkHall1960]. From _\*gébaną_, initial _g_ palatalizes before _e_; West Saxon palatal diphthongization then yields _ie_, and later tail reduction gives _giefan_ [@Campbell1959; @RingeTaylor2014].	regular book-prose overlay		left broad; no safe headword/page pairing was verified in this pass	left_broad		same_source_has_locator_elsewhere_in_volume=yes; prior_classification=safe; line=1057
give — OE ġiefan	regular	Campbell1959	[@Campbell1959; @RingeTaylor2014]	Kroonen reconstructs the strong verb as _\*geban-_ and cites Old English _giefan_ among its reflexes [@Kroonen2013]. Ringe and Taylor contrast West Saxon _giefan_ with Mercian _for-geofan_ and Northumbrian _geafa_, showing that the inherited verb takes different later dialectal shapes [@RingeTaylor2014]. Campbell gives _gefan (W-S giefan)_ among examples of initial palatalization, and Clark Hall records the verb under plain _giefan_ with forms such as _geaf_ and _giefen_ [@Campbell1959; @ClarkHall1960]. From _\*gébaną_, initial _g_ palatalizes before _e_; West Saxon palatal diphthongization then yields _ie_, and later tail reduction gives _giefan_ [@Campbell1959; @RingeTaylor2014].	regular book-prose overlay		left broad this pass; conditional source not re-verified here unless the target claim was safely anchored	left_broad		same_source_has_locator_elsewhere_in_volume=yes; prior_classification=conditional; line=1057
give — OE ġiefan	regular	RingeTaylor2014	[@Campbell1959; @RingeTaylor2014]	Kroonen reconstructs the strong verb as _\*geban-_ and cites Old English _giefan_ among its reflexes [@Kroonen2013]. Ringe and Taylor contrast West Saxon _giefan_ with Mercian _for-geofan_ and Northumbrian _geafa_, showing that the inherited verb takes different later dialectal shapes [@RingeTaylor2014]. Campbell gives _gefan (W-S giefan)_ among examples of initial palatalization, and Clark Hall records the verb under plain _giefan_ with forms such as _geaf_ and _giefen_ [@Campbell1959; @ClarkHall1960]. From _\*gébaną_, initial _g_ palatalizes before _e_; West Saxon palatal diphthongization then yields _ie_, and later tail reduction gives _giefan_ [@Campbell1959; @RingeTaylor2014].	regular book-prose overlay		left broad; no safe headword/page pairing was verified in this pass	left_broad		same_source_has_locator_elsewhere_in_volume=yes; prior_classification=safe; line=1057
give — OE ġiefan	regular	RingeTaylor2014	[@RingeTaylor2014]	Dialect note. West Saxon _ie_ here reflects palatal diphthongization after initial palatalization; non-West-Saxon forms such as _geafa_ or _for-geofan_ continue the same verb without the West Saxon vocalism [@RingeTaylor2014].	regular book-prose overlay		left broad; no safe headword/page pairing was verified in this pass	left_broad		same_source_has_locator_elsewhere_in_volume=yes; prior_classification=safe; line=1059
gold — OE gold	regular	Kroonen2013	[@RingeTaylor2014, 42; @Kroonen2013]	Ringe and Taylor cite the noun as _\*gulþa-_ / _\*gulda-_, and Kroonen gives the same pair [@RingeTaylor2014, 42; @Kroonen2013]. The selected input _\*gúlθą_ preserves the older consonantal form while leaving open whether the medial stop reflects inherited alternation or regular West Germanic development. Bosworth-Toller and Clark Hall both record _gold_ as the ordinary Old English neuter noun [@BosworthToller1898, 121; @ClarkHall1960, 152]. From _\*gúlθą_, the regular consonant development gives _\*gúldą_; Northwest Germanic / Old English lowering then yields _\*góldą_, and apocope gives _gold_ [@Campbell1959; @RingeTaylor2014, 42]. Ringe and Taylor note that the medial stop can be understood either as alternation _\*gulþa-_ / _\*gulda-_ or as the ordinary West Germanic change _\*lþ_ > ld; both routes lead to the same Old English consonantism [@RingeTaylor2014, 42].	regular book-prose overlay		left broad; no safe headword/page pairing was verified in this pass	left_broad		same_source_has_locator_elsewhere_in_volume=yes; prior_classification=safe; line=1105
gold — OE gold	regular	Campbell1959	[@Campbell1959; @RingeTaylor2014, 42]	Ringe and Taylor cite the noun as _\*gulþa-_ / _\*gulda-_, and Kroonen gives the same pair [@RingeTaylor2014, 42; @Kroonen2013]. The selected input _\*gúlθą_ preserves the older consonantal form while leaving open whether the medial stop reflects inherited alternation or regular West Germanic development. Bosworth-Toller and Clark Hall both record _gold_ as the ordinary Old English neuter noun [@BosworthToller1898, 121; @ClarkHall1960, 152]. From _\*gúlθą_, the regular consonant development gives _\*gúldą_; Northwest Germanic / Old English lowering then yields _\*góldą_, and apocope gives _gold_ [@Campbell1959; @RingeTaylor2014, 42]. Ringe and Taylor note that the medial stop can be understood either as alternation _\*gulþa-_ / _\*gulda-_ or as the ordinary West Germanic change _\*lþ_ > ld; both routes lead to the same Old English consonantism [@RingeTaylor2014, 42].	regular book-prose overlay		left broad this pass; conditional source not re-verified here unless the target claim was safely anchored	left_broad		same_source_has_locator_elsewhere_in_volume=yes; prior_classification=conditional; line=1105
grave — OE grafan	regular	RingeTaylor2014	[@Campbell1959, 61; @RingeTaylor2014]	Campbell gives _grafan_ among the standard examples of Old English a-restoration before a single consonant and a following back vowel, and Ringe and Taylor describe the same development for Class VI infinitives [@Campbell1959, 61; @RingeTaylor2014]. Clark Hall records _grafan_ as the verb 'to dig, grave' and separately records noun _græf_ 'grave, trench' [@ClarkHall1960]. From _\*grábaną_, Anglo-Frisian brightening first gives a fronted stem vowel.	regular book-prose overlay		left broad; no safe headword/page pairing was verified in this pass	left_broad		same_source_has_locator_elsewhere_in_volume=yes; prior_classification=safe; line=1152
grave — OE grafan	regular	ClarkHall1960	[@ClarkHall1960]	Campbell gives _grafan_ among the standard examples of Old English a-restoration before a single consonant and a following back vowel, and Ringe and Taylor describe the same development for Class VI infinitives [@Campbell1959, 61; @RingeTaylor2014]. Clark Hall records _grafan_ as the verb 'to dig, grave' and separately records noun _græf_ 'grave, trench' [@ClarkHall1960]. From _\*grábaną_, Anglo-Frisian brightening first gives a fronted stem vowel.	regular book-prose overlay		left broad; no safe headword/page pairing was verified in this pass	left_broad		same_source_has_locator_elsewhere_in_volume=yes; prior_classification=safe; line=1152
grave — OE grafan	regular	ClarkHall1960	[@ClarkHall1960]	Form note. Noun _græf_ and verbal forms such as _græfð_ or past participial _græfen_ belong to other lexical or paradigm positions and do not replace the infinitive _grafan_ as the target here [@ClarkHall1960].	regular book-prose overlay		left broad; no safe headword/page pairing was verified in this pass	left_broad		same_source_has_locator_elsewhere_in_volume=yes; prior_classification=safe; line=1154
hair — OE hǣr	regular	Kroonen2013	[@Kroonen2013]	Kroonen cites the ordinary Proto-Germanic hair word as _\*hēra-_ [@Kroonen2013]. The selected input _\*xḗrą_ represents that same long-ē stem in the present derivation. Clark Hall and Bosworth-Toller record _hær_ / _hǣr_ as the ordinary Old English noun 'hair' [@ClarkHall1960, 158; @BosworthToller1898, 510]. From _\*xḗrą_, Northwest Germanic lowering gives a long front vowel, and later loss of the final nasal leaves the Old English form _hǣr_.	regular book-prose overlay		left broad; no safe headword/page pairing was verified in this pass	left_broad		same_source_has_locator_elsewhere_in_volume=yes; prior_classification=safe; line=1249
hair — OE hǣr	regular	Kroonen2013	[@Kroonen2013; @ClarkHall1960, 158]	Form note. Older references to _\*xazwăz_ belong to a different lexeme, and the separate haddr / heordan / _hād-_ material does not displace the ordinary simplex _hǣr_ treated here [@Kroonen2013; @ClarkHall1960, 158].	regular book-prose overlay		left broad; no safe headword/page pairing was verified in this pass	left_broad		same_source_has_locator_elsewhere_in_volume=yes; prior_classification=safe; line=1251
harvest — OE hierfest	regular	Bammesberger1997	[@Bammesberger1997; @RingeTaylor2014]	Bammesberger and Ringe-Taylor treat _\*harbist-_ as the inherited base and explain that the regular native West Saxon development would be of the _hierfest / hyrfest_ type [@Bammesberger1997; @RingeTaylor2014]. Bosworth-Toller and Clark Hall record _hærfest_, with _herfest_ as a variant in the lexical tradition [@BosworthToller1898; @ClarkHall1960]. From _\*xárbistuz_, Anglo-Frisian brightening, breaking, and i-mutation produce a _hierbist-_ stage, and later lowering of unstressed medial _i_ to _e_ gives _hierfest_.	regular book-prose overlay	224 / 230	Article text on p. 224 gives the expected West Saxon *hierfest/*hyrfest development; p. 230 states that the West Saxon continuation is unattested.	locator_added	Germanic/docs/assembly/book_prose/regular_all_01/2057-harvest-hierfest.book.md	same_source_has_locator_elsewhere_in_volume=no; prior_classification=unresolved; line=1301; verified in local page-marked source and applied in compact regular book prose
harvest — OE hierfest	regular	RingeTaylor2014	[@Bammesberger1997; @RingeTaylor2014]	Bammesberger and Ringe-Taylor treat _\*harbist-_ as the inherited base and explain that the regular native West Saxon development would be of the _hierfest / hyrfest_ type [@Bammesberger1997; @RingeTaylor2014]. Bosworth-Toller and Clark Hall record _hærfest_, with _herfest_ as a variant in the lexical tradition [@BosworthToller1898; @ClarkHall1960]. From _\*xárbistuz_, Anglo-Frisian brightening, breaking, and i-mutation produce a _hierbist-_ stage, and later lowering of unstressed medial _i_ to _e_ gives _hierfest_.	regular book-prose overlay		left broad; no safe headword/page pairing was verified in this pass	left_broad		same_source_has_locator_elsewhere_in_volume=yes; prior_classification=safe; line=1301
harvest — OE hierfest	regular	BosworthToller1898	[@BosworthToller1898; @ClarkHall1960]	Bammesberger and Ringe-Taylor treat _\*harbist-_ as the inherited base and explain that the regular native West Saxon development would be of the _hierfest / hyrfest_ type [@Bammesberger1997; @RingeTaylor2014]. Bosworth-Toller and Clark Hall record _hærfest_, with _herfest_ as a variant in the lexical tradition [@BosworthToller1898; @ClarkHall1960]. From _\*xárbistuz_, Anglo-Frisian brightening, breaking, and i-mutation produce a _hierbist-_ stage, and later lowering of unstressed medial _i_ to _e_ gives _hierfest_.	regular book-prose overlay		left broad this pass; conditional source not re-verified here unless the target claim was safely anchored	left_broad		same_source_has_locator_elsewhere_in_volume=yes; prior_classification=conditional; line=1301
harvest — OE hierfest	regular	ClarkHall1960	[@BosworthToller1898; @ClarkHall1960]	Bammesberger and Ringe-Taylor treat _\*harbist-_ as the inherited base and explain that the regular native West Saxon development would be of the _hierfest / hyrfest_ type [@Bammesberger1997; @RingeTaylor2014]. Bosworth-Toller and Clark Hall record _hærfest_, with _herfest_ as a variant in the lexical tradition [@BosworthToller1898; @ClarkHall1960]. From _\*xárbistuz_, Anglo-Frisian brightening, breaking, and i-mutation produce a _hierbist-_ stage, and later lowering of unstressed medial _i_ to _e_ gives _hierfest_.	regular book-prose overlay	158 / 171	Clark Hall hærfest headword and herfest cross-reference in local page-marked OCR.	locator_added	Germanic/docs/assembly/book_prose/regular_all_01/2057-harvest-hierfest.book.md	same_source_has_locator_elsewhere_in_volume=yes; prior_classification=safe; line=1301; verified in local page-marked source and applied in compact regular book prose
harvest — OE hierfest	regular	Bammesberger1997	[@Bammesberger1997; @RingeTaylor2014]	Source note. The selected target _hierfest_ represents the regular native West Saxon outcome discussed by Bammesberger and Ringe-Taylor. The attested Old English lexical tradition, however, is chiefly _hærfest_ / herfest, commonly treated as non-West-Saxon or Anglian material in West Saxon transmission [@Bammesberger1997; @RingeTaylor2014].	regular book-prose overlay	224 / 230	Article text on p. 224 gives the expected West Saxon *hierfest/*hyrfest development; p. 230 states that the West Saxon continuation is unattested.	locator_added	Germanic/docs/assembly/book_prose/regular_all_01/2057-harvest-hierfest.book.md	same_source_has_locator_elsewhere_in_volume=no; prior_classification=unresolved; line=1303; verified in local page-marked source and applied in compact regular book prose
harvest — OE hierfest	regular	RingeTaylor2014	[@Bammesberger1997; @RingeTaylor2014]	Source note. The selected target _hierfest_ represents the regular native West Saxon outcome discussed by Bammesberger and Ringe-Taylor. The attested Old English lexical tradition, however, is chiefly _hærfest_ / herfest, commonly treated as non-West-Saxon or Anglian material in West Saxon transmission [@Bammesberger1997; @RingeTaylor2014].	regular book-prose overlay		left broad; no safe headword/page pairing was verified in this pass	left_broad		same_source_has_locator_elsewhere_in_volume=yes; prior_classification=safe; line=1303
hedge — OE heġġ	regular	Campbell1959	[@Campbell1959]	The selected input models a palatal _\*-gj-_ noun whose Old English development includes gemination, palatalization, and i-mutation. The current derivation therefore reaches a palatal-geminate outcome of the _heġġ_ type [@Campbell1959]. Bosworth-Toller and Clark Hall record the noun under standard spellings _hecg_ / _heċġ_ [@BosworthToller1898; @ClarkHall1960]. From _\*xágjaz_, West Germanic j-gemination first yields a geminate stop, and later Old English palatalization and loss of final _j_ produce _heġġ_.	regular book-prose overlay		left broad this pass; conditional source not re-verified here unless the target claim was safely anchored	left_broad		same_source_has_locator_elsewhere_in_volume=yes; prior_classification=conditional; line=1354
hedge — OE heġġ	regular	BosworthToller1898	[@BosworthToller1898; @ClarkHall1960]	The selected input models a palatal _\*-gj-_ noun whose Old English development includes gemination, palatalization, and i-mutation. The current derivation therefore reaches a palatal-geminate outcome of the _heġġ_ type [@Campbell1959]. Bosworth-Toller and Clark Hall record the noun under standard spellings _hecg_ / _heċġ_ [@BosworthToller1898; @ClarkHall1960]. From _\*xágjaz_, West Germanic j-gemination first yields a geminate stop, and later Old English palatalization and loss of final _j_ produce _heġġ_.	regular book-prose overlay		left broad this pass; conditional source not re-verified here unless the target claim was safely anchored	left_broad		same_source_has_locator_elsewhere_in_volume=yes; prior_classification=conditional; line=1354
hedge — OE heġġ	regular	ClarkHall1960	[@BosworthToller1898; @ClarkHall1960]	The selected input models a palatal _\*-gj-_ noun whose Old English development includes gemination, palatalization, and i-mutation. The current derivation therefore reaches a palatal-geminate outcome of the _heġġ_ type [@Campbell1959]. Bosworth-Toller and Clark Hall record the noun under standard spellings _hecg_ / _heċġ_ [@BosworthToller1898; @ClarkHall1960]. From _\*xágjaz_, West Germanic j-gemination first yields a geminate stop, and later Old English palatalization and loss of final _j_ produce _heġġ_.	regular book-prose overlay		left broad; no safe headword/page pairing was verified in this pass	left_broad		same_source_has_locator_elsewhere_in_volume=yes; prior_classification=safe; line=1354
hedge — OE heġġ	regular	BosworthToller1898	[@BosworthToller1898; @ClarkHall1960]	Form note. Standard dictionary spelling is _heċġ_ or _hecg_. Normalized _heġġ_ is the selected target here, while the ordinary lexicographic forms remain the main Old English citation evidence [@BosworthToller1898; @ClarkHall1960].	regular book-prose overlay		left broad this pass; conditional source not re-verified here unless the target claim was safely anchored	left_broad		same_source_has_locator_elsewhere_in_volume=yes; prior_classification=conditional; line=1356
hedge — OE heġġ	regular	ClarkHall1960	[@BosworthToller1898; @ClarkHall1960]	Form note. Standard dictionary spelling is _heċġ_ or _hecg_. Normalized _heġġ_ is the selected target here, while the ordinary lexicographic forms remain the main Old English citation evidence [@BosworthToller1898; @ClarkHall1960].	regular book-prose overlay		left broad; no safe headword/page pairing was verified in this pass	left_broad		same_source_has_locator_elsewhere_in_volume=yes; prior_classification=safe; line=1356
helm — OE helm	regular	Kroonen2013	[@Kroonen2013]	Kroonen cites the helmet noun as _\*helma-_ and separately distinguishes a different lexeme _\*helman-_ 'rudder' [@Kroonen2013]. The selected input _\*xélmaz_ is the nominative-style form used for the helmet noun itself. Clark Hall and Bosworth-Toller record _helm_ as the ordinary Old English noun for 'helmet', while _helma_ belongs to a separate rudder lexeme [@ClarkHall1960; @BosworthToller1898, 542]. From _\*xélmaz_, loss of final _z_ and later loss of the short final vowel yield _helm_.	regular book-prose overlay	259	Kroonen *helma- helmet entry in local page-marked OCR.	locator_added	Germanic/docs/assembly/book_prose/regular_all_01/2070-helm-helm.book.md	same_source_has_locator_elsewhere_in_volume=yes; prior_classification=safe; line=1401; verified in local page-marked source and applied in compact regular book prose
helm — OE helm	regular	ClarkHall1960	[@ClarkHall1960; @BosworthToller1898, 542]	Kroonen cites the helmet noun as _\*helma-_ and separately distinguishes a different lexeme _\*helman-_ 'rudder' [@Kroonen2013]. The selected input _\*xélmaz_ is the nominative-style form used for the helmet noun itself. Clark Hall and Bosworth-Toller record _helm_ as the ordinary Old English noun for 'helmet', while _helma_ belongs to a separate rudder lexeme [@ClarkHall1960; @BosworthToller1898, 542]. From _\*xélmaz_, loss of final _z_ and later loss of the short final vowel yield _helm_.	regular book-prose overlay	168	Clark Hall helm / helma entries in local page-marked OCR.	locator_added	Germanic/docs/assembly/book_prose/regular_all_01/2070-helm-helm.book.md	same_source_has_locator_elsewhere_in_volume=yes; prior_classification=safe; line=1401; verified in local page-marked source and applied in compact regular book prose
helm — OE helm	regular	Kroonen2013	[@Kroonen2013; @ClarkHall1960]	Form note. Comparative _\*helma-_ is headword notation for the helmet cognate set. It should not be confused with Old English _helma_, which is a different noun meaning 'helm, rudder' [@Kroonen2013; @ClarkHall1960].	regular book-prose overlay	259	Kroonen *helma- helmet entry in local page-marked OCR.	locator_added	Germanic/docs/assembly/book_prose/regular_all_01/2070-helm-helm.book.md	same_source_has_locator_elsewhere_in_volume=yes; prior_classification=safe; line=1403; verified in local page-marked source and applied in compact regular book prose
helm — OE helm	regular	ClarkHall1960	[@Kroonen2013; @ClarkHall1960]	Form note. Comparative _\*helma-_ is headword notation for the helmet cognate set. It should not be confused with Old English _helma_, which is a different noun meaning 'helm, rudder' [@Kroonen2013; @ClarkHall1960].	regular book-prose overlay	168	Clark Hall helm / helma entries in local page-marked OCR.	locator_added	Germanic/docs/assembly/book_prose/regular_all_01/2070-helm-helm.book.md	same_source_has_locator_elsewhere_in_volume=yes; prior_classification=safe; line=1403; verified in local page-marked source and applied in compact regular book prose
help — OE helpan	regular	BrightCassidyRingler1971	[@BrightCassidyRingler1971]	The entry treats the strong verb itself rather than the separate noun _help_. Bright's principal parts _helpan, healp, hulpon, holpen_ show the ordinary Old English strong-verb family continued by this input [@BrightCassidyRingler1971]. Clark Hall and Bosworth-Toller record _helpan_ as the verbal headword 'to help' [@ClarkHall1960; @BosworthToller1898, 542]. From _\*xélpaną_, no special repair is needed beyond the ordinary reduction of the infinitive ending.	regular book-prose overlay	57	Bright principal-parts table with helpan, healp, hulpon, holpen.	locator_added	Germanic/docs/assembly/book_prose/regular_all_01/2071-help-helpan.book.md	same_source_has_locator_elsewhere_in_volume=yes; prior_classification=safe; line=1448; verified in local page-marked source and applied in compact regular book prose
help — OE helpan	regular	ClarkHall1960	[@ClarkHall1960; @BosworthToller1898, 542]	The entry treats the strong verb itself rather than the separate noun _help_. Bright's principal parts _helpan, healp, hulpon, holpen_ show the ordinary Old English strong-verb family continued by this input [@BrightCassidyRingler1971]. Clark Hall and Bosworth-Toller record _helpan_ as the verbal headword 'to help' [@ClarkHall1960; @BosworthToller1898, 542]. From _\*xélpaną_, no special repair is needed beyond the ordinary reduction of the infinitive ending.	regular book-prose overlay	168	Clark Hall helpan headword in local page-marked OCR.	locator_added	Germanic/docs/assembly/book_prose/regular_all_01/2071-help-helpan.book.md	same_source_has_locator_elsewhere_in_volume=yes; prior_classification=safe; line=1448; verified in local page-marked source and applied in compact regular book prose
help — OE helpan	regular	ClarkHall1960	[@ClarkHall1960; @BosworthToller1898, 542]	Form note. Noun _help_ belongs to a separate lexical line and should not replace verbal _helpan_ as the target here [@ClarkHall1960; @BosworthToller1898, 542].	regular book-prose overlay	168	Clark Hall helpan headword in local page-marked OCR.	locator_added	Germanic/docs/assembly/book_prose/regular_all_01/2071-help-helpan.book.md	same_source_has_locator_elsewhere_in_volume=yes; prior_classification=safe; line=1450; verified in local page-marked source and applied in compact regular book prose
hind — OE hind	regular	Kroonen2013	[@Kroonen2013]	Kroonen cites the animal name as _\*hindō-_ f. 'hind' [@Kroonen2013]. The selected input _\*xéndjō_ represents that same noun in the present derivation. Clark Hall and Bosworth-Toller record _hind_ as the noun 'hind, female deer' [@ClarkHall1960; @BosworthToller1898, 554]. From _\*xéndjō_, i-mutation produces the front-vocalic Old English stem, and later apocope plus loss of final _j_ yield _hind_.	regular book-prose overlay	266	Kroonen *hindō- entry in local page-marked OCR.	locator_added	Germanic/docs/assembly/book_prose/regular_all_01/2075-hind-hind.book.md	same_source_has_locator_elsewhere_in_volume=yes; prior_classification=safe; line=1497; verified in local page-marked source and applied in compact regular book prose
hind — OE hind	regular	ClarkHall1960	[@ClarkHall1960; @BosworthToller1898, 554]	Kroonen cites the animal name as _\*hindō-_ f. 'hind' [@Kroonen2013]. The selected input _\*xéndjō_ represents that same noun in the present derivation. Clark Hall and Bosworth-Toller record _hind_ as the noun 'hind, female deer' [@ClarkHall1960; @BosworthToller1898, 554]. From _\*xéndjō_, i-mutation produces the front-vocalic Old English stem, and later apocope plus loss of final _j_ yield _hind_.	regular book-prose overlay	173	Clark Hall hind headword in local page-marked OCR.	locator_added	Germanic/docs/assembly/book_prose/regular_all_01/2075-hind-hind.book.md	same_source_has_locator_elsewhere_in_volume=yes; prior_classification=safe; line=1497; verified in local page-marked source and applied in compact regular book prose
hind — OE hind	regular	ClarkHall1960	[@ClarkHall1960; @BosworthToller1898, 554]	Form note. _hindan_ 'from behind, behind' is a different Old English lexeme and does not belong to the noun history of _hind_ [@ClarkHall1960; @BosworthToller1898, 554].	regular book-prose overlay	173	Clark Hall hind headword in local page-marked OCR.	locator_added	Germanic/docs/assembly/book_prose/regular_all_01/2075-hind-hind.book.md	same_source_has_locator_elsewhere_in_volume=yes; prior_classification=safe; line=1499; verified in local page-marked source and applied in compact regular book prose
hold — OE healdan	regular	Campbell1959	[@Campbell1959; @RingeTaylor2014]	Campbell and Ringe-Taylor treat the verb as a regular _\*a_ + lC breaking case, with West Saxon _healdan_ opposed to Anglian and Mercian _haldan_ [@Campbell1959; @RingeTaylor2014]. Bright gives the ordinary strong-verb citation form and principal parts _healdan, heold, heoldon, healden_ [@BrightCassidyRingler1971]. From _\*xáldaną_, Anglo-Frisian brightening first yields a fronted vowel, and West Saxon breaking then produces _ea_ before _ld_.	regular book-prose overlay		left broad this pass; conditional source not re-verified here unless the target claim was safely anchored	left_broad		same_source_has_locator_elsewhere_in_volume=yes; prior_classification=conditional; line=1546
hold — OE healdan	regular	RingeTaylor2014	[@Campbell1959; @RingeTaylor2014]	Campbell and Ringe-Taylor treat the verb as a regular _\*a_ + lC breaking case, with West Saxon _healdan_ opposed to Anglian and Mercian _haldan_ [@Campbell1959; @RingeTaylor2014]. Bright gives the ordinary strong-verb citation form and principal parts _healdan, heold, heoldon, healden_ [@BrightCassidyRingler1971]. From _\*xáldaną_, Anglo-Frisian brightening first yields a fronted vowel, and West Saxon breaking then produces _ea_ before _ld_.	regular book-prose overlay		left broad; no safe headword/page pairing was verified in this pass	left_broad		same_source_has_locator_elsewhere_in_volume=yes; prior_classification=safe; line=1546
hold — OE healdan	regular	BrightCassidyRingler1971	[@BrightCassidyRingler1971]	Campbell and Ringe-Taylor treat the verb as a regular _\*a_ + lC breaking case, with West Saxon _healdan_ opposed to Anglian and Mercian _haldan_ [@Campbell1959; @RingeTaylor2014]. Bright gives the ordinary strong-verb citation form and principal parts _healdan, heold, heoldon, healden_ [@BrightCassidyRingler1971]. From _\*xáldaną_, Anglo-Frisian brightening first yields a fronted vowel, and West Saxon breaking then produces _ea_ before _ld_.	regular book-prose overlay	62	Bright principal-parts table with healdan, heold, heoldon, healden.	locator_added	Germanic/docs/assembly/book_prose/regular_all_01/2077-hold-healdan.book.md	same_source_has_locator_elsewhere_in_volume=yes; prior_classification=safe; line=1546; verified in local page-marked source and applied in compact regular book prose
hold — OE healdan	regular	Campbell1959	[@Campbell1959; @RingeTaylor2014]	Dialect note. West Saxon _healdan_ is the selected target here. Anglian and Mercian _haldan_ are genuine non-West-Saxon doublets rather than corrections to that choice [@Campbell1959; @RingeTaylor2014].	regular book-prose overlay		left broad this pass; conditional source not re-verified here unless the target claim was safely anchored	left_broad		same_source_has_locator_elsewhere_in_volume=yes; prior_classification=conditional; line=1548
hold — OE healdan	regular	RingeTaylor2014	[@Campbell1959; @RingeTaylor2014]	Dialect note. West Saxon _healdan_ is the selected target here. Anglian and Mercian _haldan_ are genuine non-West-Saxon doublets rather than corrections to that choice [@Campbell1959; @RingeTaylor2014].	regular book-prose overlay		left broad; no safe headword/page pairing was verified in this pass	left_broad		same_source_has_locator_elsewhere_in_volume=yes; prior_classification=safe; line=1548
horn — OE horn	regular	Kroonen2013	[@Kroonen2013; @Orel2003, 234]	Kroonen and Orel cite lemma-style Proto-Germanic headwords of the _\*hurna-_ / _\*xurnan_ type for this noun [@Kroonen2013; @Orel2003, 234]. The selected input _\*xúrną_ is the nominative-style form used in the derivation here. Clark Hall, Bosworth-Toller, and Bright all record _horn_ as the ordinary Old English noun [@ClarkHall1960; @BosworthToller1898, 108; @BrightCassidyRingler1971]. From _\*xúrną_, Northwest Germanic u-lowering gives _\*xórną_, and later loss of the final nasal leaves _horn_.	regular book-prose overlay		left broad; no safe headword/page pairing was verified in this pass	left_broad		same_source_has_locator_elsewhere_in_volume=yes; prior_classification=safe; line=1592
horn — OE horn	regular	ClarkHall1960	[@ClarkHall1960; @BosworthToller1898, 108; @BrightCassidyRingler1971]	Kroonen and Orel cite lemma-style Proto-Germanic headwords of the _\*hurna-_ / _\*xurnan_ type for this noun [@Kroonen2013; @Orel2003, 234]. The selected input _\*xúrną_ is the nominative-style form used in the derivation here. Clark Hall, Bosworth-Toller, and Bright all record _horn_ as the ordinary Old English noun [@ClarkHall1960; @BosworthToller1898, 108; @BrightCassidyRingler1971]. From _\*xúrną_, Northwest Germanic u-lowering gives _\*xórną_, and later loss of the final nasal leaves _horn_.	regular book-prose overlay		left broad; no safe headword/page pairing was verified in this pass	left_broad		same_source_has_locator_elsewhere_in_volume=yes; prior_classification=safe; line=1592
horn — OE horn	regular	BrightCassidyRingler1971	[@ClarkHall1960; @BosworthToller1898, 108; @BrightCassidyRingler1971]	Kroonen and Orel cite lemma-style Proto-Germanic headwords of the _\*hurna-_ / _\*xurnan_ type for this noun [@Kroonen2013; @Orel2003, 234]. The selected input _\*xúrną_ is the nominative-style form used in the derivation here. Clark Hall, Bosworth-Toller, and Bright all record _horn_ as the ordinary Old English noun [@ClarkHall1960; @BosworthToller1898, 108; @BrightCassidyRingler1971]. From _\*xúrną_, Northwest Germanic u-lowering gives _\*xórną_, and later loss of the final nasal leaves _horn_.	regular book-prose overlay		left broad; no safe headword/page pairing was verified in this pass	left_broad		same_source_has_locator_elsewhere_in_volume=yes; prior_classification=safe; line=1592
horn — OE horn	regular	Kroonen2013	[@Kroonen2013; @Orel2003, 234]	Form note. The note's oblique _\*xurnăn_ belongs to comparative stem background only. It does not replace the selected input _\*xúrną_ as the derivational form used here [@Kroonen2013; @Orel2003, 234].	regular book-prose overlay		left broad; no safe headword/page pairing was verified in this pass	left_broad		same_source_has_locator_elsewhere_in_volume=yes; prior_classification=safe; line=1594
lead — OE lǣdan	regular	RingeTaylor2014	[@RingeTaylor2014; @Kroonen2013, 363]	Ringe and Taylor derive Old English _lǣdan_ from Proto-Germanic _\*laidijaną_, and Kroonen likewise cites a weak verb of the _\*laidjan-_ type for 'lead' [@RingeTaylor2014; @Kroonen2013, 363]. Clark Hall and Bosworth-Toller both record _lædan_ / _lǣdan_ as the ordinary Old English verb 'to lead, guide, conduct' [@ClarkHall1960; @BosworthToller1898]. The selected form is the ordinary infinitive citation form. From _\*láidijaną_, monophthongization of _\*ai_ first gives a _\*lād-_ stage, and later syncope, i-mutation, weak-tail reduction, and loss of _j_ after a heavy stem yield _lǣdan_ [@RingeTaylor2014].	regular book-prose overlay		left broad; no safe headword/page pairing was verified in this pass	left_broad		same_source_has_locator_elsewhere_in_volume=yes; prior_classification=safe; line=1643
lead — OE lǣdan	regular	ClarkHall1960	[@ClarkHall1960; @BosworthToller1898]	Ringe and Taylor derive Old English _lǣdan_ from Proto-Germanic _\*laidijaną_, and Kroonen likewise cites a weak verb of the _\*laidjan-_ type for 'lead' [@RingeTaylor2014; @Kroonen2013, 363]. Clark Hall and Bosworth-Toller both record _lædan_ / _lǣdan_ as the ordinary Old English verb 'to lead, guide, conduct' [@ClarkHall1960; @BosworthToller1898]. The selected form is the ordinary infinitive citation form. From _\*láidijaną_, monophthongization of _\*ai_ first gives a _\*lād-_ stage, and later syncope, i-mutation, weak-tail reduction, and loss of _j_ after a heavy stem yield _lǣdan_ [@RingeTaylor2014].	regular book-prose overlay		left broad; no safe headword/page pairing was verified in this pass	left_broad		same_source_has_locator_elsewhere_in_volume=yes; prior_classification=safe; line=1643
lead — OE lǣdan	regular	BosworthToller1898	[@ClarkHall1960; @BosworthToller1898]	Ringe and Taylor derive Old English _lǣdan_ from Proto-Germanic _\*laidijaną_, and Kroonen likewise cites a weak verb of the _\*laidjan-_ type for 'lead' [@RingeTaylor2014; @Kroonen2013, 363]. Clark Hall and Bosworth-Toller both record _lædan_ / _lǣdan_ as the ordinary Old English verb 'to lead, guide, conduct' [@ClarkHall1960; @BosworthToller1898]. The selected form is the ordinary infinitive citation form. From _\*láidijaną_, monophthongization of _\*ai_ first gives a _\*lād-_ stage, and later syncope, i-mutation, weak-tail reduction, and loss of _j_ after a heavy stem yield _lǣdan_ [@RingeTaylor2014].	regular book-prose overlay		left broad this pass; conditional source not re-verified here unless the target claim was safely anchored	left_broad		same_source_has_locator_elsewhere_in_volume=yes; prior_classification=conditional; line=1643
lead — OE lǣdan	regular	RingeTaylor2014	[@RingeTaylor2014]	Ringe and Taylor derive Old English _lǣdan_ from Proto-Germanic _\*laidijaną_, and Kroonen likewise cites a weak verb of the _\*laidjan-_ type for 'lead' [@RingeTaylor2014; @Kroonen2013, 363]. Clark Hall and Bosworth-Toller both record _lædan_ / _lǣdan_ as the ordinary Old English verb 'to lead, guide, conduct' [@ClarkHall1960; @BosworthToller1898]. The selected form is the ordinary infinitive citation form. From _\*láidijaną_, monophthongization of _\*ai_ first gives a _\*lād-_ stage, and later syncope, i-mutation, weak-tail reduction, and loss of _j_ after a heavy stem yield _lǣdan_ [@RingeTaylor2014].	regular book-prose overlay		left broad; no safe headword/page pairing was verified in this pass	left_broad		same_source_has_locator_elsewhere_in_volume=yes; prior_classification=safe; line=1643
lid — OE hlid	regular	Orel2003	[@Orel2003; @Lloyd1966]	Orel cites a neuter lexeme of the _\*xliđ-_ type with Old English _hlid_, and Lloyd includes OE _hlid_ beside ON _hliþó_ and OHG _(h)lit_ among forms that retain _i_ [@Orel2003; @Lloyd1966]. Clark Hall and Bosworth-Toller record _hlid_ as the noun 'lid, cover, door, gate' [@ClarkHall1960; @BosworthToller1898, 563]. The selected input already represents the later Germanic _hliđ-_ stage used for the derivation here.	regular book-prose overlay		left broad; no safe headword/page pairing was verified in this pass	left_broad		same_source_has_locator_elsewhere_in_volume=yes; prior_classification=safe; line=1736
lid — OE hlid	regular	Lloyd1966	[@Orel2003; @Lloyd1966]	Orel cites a neuter lexeme of the _\*xliđ-_ type with Old English _hlid_, and Lloyd includes OE _hlid_ beside ON _hliþó_ and OHG _(h)lit_ among forms that retain _i_ [@Orel2003; @Lloyd1966]. Clark Hall and Bosworth-Toller record _hlid_ as the noun 'lid, cover, door, gate' [@ClarkHall1960; @BosworthToller1898, 563]. The selected input already represents the later Germanic _hliđ-_ stage used for the derivation here.	regular book-prose overlay		left broad; outside the targeted high-yield cleanup set	left_broad		same_source_has_locator_elsewhere_in_volume=no; prior_classification=unresolved; line=1736
lid — OE hlid	regular	ClarkHall1960	[@ClarkHall1960; @BosworthToller1898, 563]	Orel cites a neuter lexeme of the _\*xliđ-_ type with Old English _hlid_, and Lloyd includes OE _hlid_ beside ON _hliþó_ and OHG _(h)lit_ among forms that retain _i_ [@Orel2003; @Lloyd1966]. Clark Hall and Bosworth-Toller record _hlid_ as the noun 'lid, cover, door, gate' [@ClarkHall1960; @BosworthToller1898, 563]. The selected input already represents the later Germanic _hliđ-_ stage used for the derivation here.	regular book-prose overlay		left broad; no safe headword/page pairing was verified in this pass	left_broad		same_source_has_locator_elsewhere_in_volume=yes; prior_classification=safe; line=1736
lid — OE hlid	regular	Orel2003	[@Orel2003; @Lloyd1966]	Form note. An earlier etymological stage _\*liþuz_ belongs to comparative background only. The form represented here is the later _\*xlídą_ > hlid line that matches the attested Old English noun [@Orel2003; @Lloyd1966].	regular book-prose overlay		left broad; no safe headword/page pairing was verified in this pass	left_broad		same_source_has_locator_elsewhere_in_volume=yes; prior_classification=safe; line=1738
lid — OE hlid	regular	Lloyd1966	[@Orel2003; @Lloyd1966]	Form note. An earlier etymological stage _\*liþuz_ belongs to comparative background only. The form represented here is the later _\*xlídą_ > hlid line that matches the attested Old English noun [@Orel2003; @Lloyd1966].	regular book-prose overlay		left broad; outside the targeted high-yield cleanup set	left_broad		same_source_has_locator_elsewhere_in_volume=no; prior_classification=unresolved; line=1738
light — OE līehtan	regular	Fulk2018	[@Fulk2018; @RingeTaylor2014]	Fulk gives Proto-Germanic _\*liuxtijanan_ with Old English _līehtan_ 'illuminate', and Ringe and Taylor likewise derive West Saxon _liehtan_ from the same weak-verb formation [@Fulk2018; @RingeTaylor2014]. Clark Hall and Bosworth-Toller preserve the verb family under spellings such as _liehtan_, _lihtan_, and _līhtan_, distinct from the related noun _lēoht_ and adjective _leoht/liht_ [@ClarkHall1960; @BosworthToller1898]. From _\*léuxtijaną_, the regular verbal line preserves _\*xt_, passes through a West Saxon _liehtan_ stage, and is represented here by normalized _līehtan_.	regular book-prose overlay	81	Fulk discussion of PGmc *liuxtijana > OE līehtan in local page-marked OCR.	locator_added	Germanic/docs/assembly/book_prose/regular_all_01/2102-light-līehtan.book.md	same_source_has_locator_elsewhere_in_volume=yes; prior_classification=safe; line=1786; verified in local page-marked source and applied in compact regular book prose
light — OE līehtan	regular	RingeTaylor2014	[@Fulk2018; @RingeTaylor2014]	Fulk gives Proto-Germanic _\*liuxtijanan_ with Old English _līehtan_ 'illuminate', and Ringe and Taylor likewise derive West Saxon _liehtan_ from the same weak-verb formation [@Fulk2018; @RingeTaylor2014]. Clark Hall and Bosworth-Toller preserve the verb family under spellings such as _liehtan_, _lihtan_, and _līhtan_, distinct from the related noun _lēoht_ and adjective _leoht/liht_ [@ClarkHall1960; @BosworthToller1898]. From _\*léuxtijaną_, the regular verbal line preserves _\*xt_, passes through a West Saxon _liehtan_ stage, and is represented here by normalized _līehtan_.	regular book-prose overlay	264	Ringe & Taylor discussion of WS liehtan and later WS lyhtan.	locator_added	Germanic/docs/assembly/book_prose/regular_all_01/2102-light-līehtan.book.md	same_source_has_locator_elsewhere_in_volume=yes; prior_classification=safe; line=1786; verified in local page-marked source and applied in compact regular book prose
light — OE līehtan	regular	ClarkHall1960	[@ClarkHall1960; @BosworthToller1898]	Fulk gives Proto-Germanic _\*liuxtijanan_ with Old English _līehtan_ 'illuminate', and Ringe and Taylor likewise derive West Saxon _liehtan_ from the same weak-verb formation [@Fulk2018; @RingeTaylor2014]. Clark Hall and Bosworth-Toller preserve the verb family under spellings such as _liehtan_, _lihtan_, and _līhtan_, distinct from the related noun _lēoht_ and adjective _leoht/liht_ [@ClarkHall1960; @BosworthToller1898]. From _\*léuxtijaną_, the regular verbal line preserves _\*xt_, passes through a West Saxon _liehtan_ stage, and is represented here by normalized _līehtan_.	regular book-prose overlay	204	Clark Hall līhtan / liehtan entry in local page-marked OCR.	locator_added	Germanic/docs/assembly/book_prose/regular_all_01/2102-light-līehtan.book.md	same_source_has_locator_elsewhere_in_volume=yes; prior_classification=safe; line=1786; verified in local page-marked source and applied in compact regular book prose
light — OE līehtan	regular	BosworthToller1898	[@ClarkHall1960; @BosworthToller1898]	Fulk gives Proto-Germanic _\*liuxtijanan_ with Old English _līehtan_ 'illuminate', and Ringe and Taylor likewise derive West Saxon _liehtan_ from the same weak-verb formation [@Fulk2018; @RingeTaylor2014]. Clark Hall and Bosworth-Toller preserve the verb family under spellings such as _liehtan_, _lihtan_, and _līhtan_, distinct from the related noun _lēoht_ and adjective _leoht/liht_ [@ClarkHall1960; @BosworthToller1898]. From _\*léuxtijaną_, the regular verbal line preserves _\*xt_, passes through a West Saxon _liehtan_ stage, and is represented here by normalized _līehtan_.	regular book-prose overlay		left broad this pass; conditional source not re-verified here unless the target claim was safely anchored	left_broad		same_source_has_locator_elsewhere_in_volume=yes; prior_classification=conditional; line=1786
light — OE līehtan	regular	RingeTaylor2014	[@RingeTaylor2014; @Campbell1959]	Dialect note. Ringe and Taylor and Campbell distinguish West Saxon _liehtan_ from Anglian _lihtan_, while later West Saxon also shows _lyhtan_ [@RingeTaylor2014; @Campbell1959].	regular book-prose overlay	264	Ringe & Taylor discussion of WS liehtan and later WS lyhtan.	locator_added	Germanic/docs/assembly/book_prose/regular_all_01/2102-light-līehtan.book.md	same_source_has_locator_elsewhere_in_volume=yes; prior_classification=safe; line=1788; verified in local page-marked source and applied in compact regular book prose
light — OE līehtan	regular	Campbell1959	[@RingeTaylor2014; @Campbell1959]	Dialect note. Ringe and Taylor and Campbell distinguish West Saxon _liehtan_ from Anglian _lihtan_, while later West Saxon also shows _lyhtan_ [@RingeTaylor2014; @Campbell1959].	regular book-prose overlay		left broad this pass; conditional source not re-verified here unless the target claim was safely anchored	left_broad		same_source_has_locator_elsewhere_in_volume=yes; prior_classification=conditional; line=1788
milk — OE meoloc	regular	Kroonen2013	[@Kroonen2013; @Orel2003, 306]	Kroonen and Orel reconstruct the noun as _\*meluk-_ / _\*melukz_, and the nominative-style input used here is _\*mélukz_ [@Kroonen2013; @Orel2003, 306]. Old English preserves a mixed dossier for this noun. The unsyncopated line from _\*mélukz_ loses final _\*z_, lowers unstressed _u_ to _o_, and with back mutation yields _meoloc_.	regular book-prose overlay	404	Kroonen *meluk- entry with OE meoloc / meolc in local page-marked OCR.	locator_added	Germanic/docs/assembly/book_prose/regular_all_01/2126-milk-meoloc.book.md	same_source_has_locator_elsewhere_in_volume=yes; prior_classification=safe; line=1877; verified in local page-marked source and applied in compact regular book prose
milk — OE meoloc	regular	Campbell1959	[@Campbell1959; @RingeTaylor2014]	Comparison note. Syncopated _meolc_ and Anglian _milc_ belong to the competing leveled tradition associated with oblique forms, whereas _meoloc / meoluc_ preserves the fuller nominal shape [@Campbell1959; @RingeTaylor2014].	regular book-prose overlay		left broad this pass; conditional source not re-verified here unless the target claim was safely anchored	left_broad		same_source_has_locator_elsewhere_in_volume=yes; prior_classification=conditional; line=1879
milk — OE meoloc	regular	RingeTaylor2014	[@Campbell1959; @RingeTaylor2014]	Comparison note. Syncopated _meolc_ and Anglian _milc_ belong to the competing leveled tradition associated with oblique forms, whereas _meoloc / meoluc_ preserves the fuller nominal shape [@Campbell1959; @RingeTaylor2014].	regular book-prose overlay	268	Ringe & Taylor discussion of meolc < meoluc < *meluk and Anglian milc.	locator_added	Germanic/docs/assembly/book_prose/regular_all_01/2126-milk-meoloc.book.md	same_source_has_locator_elsewhere_in_volume=yes; prior_classification=safe; line=1879; verified in local page-marked source and applied in compact regular book prose
net — OE nett	regular	Orel2003	[@Orel2003; @Fulk2018]	Orel gives _\*natjan_ with Old English _nett_, and Fulk's account of West Germanic gemination before _j_ explains the geminate outcome after a short vowel [@Orel2003; @Fulk2018]. Clark Hall and Bosworth-Toller record _nett_ as the noun, and Campbell notes that final geminates are often graphically simplified in Old English spelling [@ClarkHall1960; @BosworthToller1898, 29; @Campbell1959]. From _\*nátją_, West Germanic j-gemination first gives _\*náttją_.	regular book-prose overlay		left broad; no safe headword/page pairing was verified in this pass	left_broad		same_source_has_locator_elsewhere_in_volume=yes; prior_classification=safe; line=1973
net — OE nett	regular	Fulk2018	[@Orel2003; @Fulk2018]	Orel gives _\*natjan_ with Old English _nett_, and Fulk's account of West Germanic gemination before _j_ explains the geminate outcome after a short vowel [@Orel2003; @Fulk2018]. Clark Hall and Bosworth-Toller record _nett_ as the noun, and Campbell notes that final geminates are often graphically simplified in Old English spelling [@ClarkHall1960; @BosworthToller1898, 29; @Campbell1959]. From _\*nátją_, West Germanic j-gemination first gives _\*náttją_.	regular book-prose overlay		left broad; no safe headword/page pairing was verified in this pass	left_broad		same_source_has_locator_elsewhere_in_volume=yes; prior_classification=safe; line=1973
net — OE nett	regular	ClarkHall1960	[@ClarkHall1960; @BosworthToller1898, 29; @Campbell1959]	Orel gives _\*natjan_ with Old English _nett_, and Fulk's account of West Germanic gemination before _j_ explains the geminate outcome after a short vowel [@Orel2003; @Fulk2018]. Clark Hall and Bosworth-Toller record _nett_ as the noun, and Campbell notes that final geminates are often graphically simplified in Old English spelling [@ClarkHall1960; @BosworthToller1898, 29; @Campbell1959]. From _\*nátją_, West Germanic j-gemination first gives _\*náttją_.	regular book-prose overlay		left broad; no safe headword/page pairing was verified in this pass	left_broad		same_source_has_locator_elsewhere_in_volume=yes; prior_classification=safe; line=1973
net — OE nett	regular	Campbell1959	[@ClarkHall1960; @BosworthToller1898, 29; @Campbell1959]	Orel gives _\*natjan_ with Old English _nett_, and Fulk's account of West Germanic gemination before _j_ explains the geminate outcome after a short vowel [@Orel2003; @Fulk2018]. Clark Hall and Bosworth-Toller record _nett_ as the noun, and Campbell notes that final geminates are often graphically simplified in Old English spelling [@ClarkHall1960; @BosworthToller1898, 29; @Campbell1959]. From _\*nátją_, West Germanic j-gemination first gives _\*náttją_.	regular book-prose overlay		left broad this pass; conditional source not re-verified here unless the target claim was safely anchored	left_broad		same_source_has_locator_elsewhere_in_volume=yes; prior_classification=conditional; line=1973
net — OE nett	regular	Campbell1959	[@Campbell1959; @Orel2003]	Form note. Spellings in _net_ can therefore be graphic simplifications, but the lexical target supported by the dictionary evidence is _nett_ [@Campbell1959; @Orel2003].	regular book-prose overlay		left broad this pass; conditional source not re-verified here unless the target claim was safely anchored	left_broad		same_source_has_locator_elsewhere_in_volume=yes; prior_classification=conditional; line=1975
net — OE nett	regular	Orel2003	[@Campbell1959; @Orel2003]	Form note. Spellings in _net_ can therefore be graphic simplifications, but the lexical target supported by the dictionary evidence is _nett_ [@Campbell1959; @Orel2003].	regular book-prose overlay		left broad; no safe headword/page pairing was verified in this pass	left_broad		same_source_has_locator_elsewhere_in_volume=yes; prior_classification=safe; line=1975
nightmare — OE mare	regular	RingeTaylor2014	[@RingeTaylor2014; @Orel2003]	Ringe and Taylor treat the lexeme as Proto-Germanic / Proto-Northwest-Germanic _\*marōn-_, with Old English _mare, maran_, and variant _mere_; Orel preserves the same comparative lemma though with a different Old English headword tradition [@RingeTaylor2014; @Orel2003]. Clark Hall records _mare_ 'nightmare, monster' and also preserves related variant forms _mera / mere_ [@ClarkHall1960, 213]. The selected simplex input _\*márōn_ regularly gives _mare_ after brightening, A-restoration before the n-stem ending, and later reduction of the final vowel.	regular book-prose overlay		left broad; no safe headword/page pairing was verified in this pass	left_broad		same_source_has_locator_elsewhere_in_volume=yes; prior_classification=safe; line=2022
nightmare — OE mare	regular	Orel2003	[@RingeTaylor2014; @Orel2003]	Ringe and Taylor treat the lexeme as Proto-Germanic / Proto-Northwest-Germanic _\*marōn-_, with Old English _mare, maran_, and variant _mere_; Orel preserves the same comparative lemma though with a different Old English headword tradition [@RingeTaylor2014; @Orel2003]. Clark Hall records _mare_ 'nightmare, monster' and also preserves related variant forms _mera / mere_ [@ClarkHall1960, 213]. The selected simplex input _\*márōn_ regularly gives _mare_ after brightening, A-restoration before the n-stem ending, and later reduction of the final vowel.	regular book-prose overlay		left broad; no safe headword/page pairing was verified in this pass	left_broad		same_source_has_locator_elsewhere_in_volume=yes; prior_classification=safe; line=2022
nightmare — OE mare	regular	RingeTaylor2014	[@RingeTaylor2014; @ClarkHall1960, 213]	Form note. The concept corresponds to an unattested compound _\*nihtmare_, but the Old English lexical evidence is for simplex _mare_, with oblique _maran_ and variant _mere / mera_ [@RingeTaylor2014; @ClarkHall1960, 213].	regular book-prose overlay		left broad; no safe headword/page pairing was verified in this pass	left_broad		same_source_has_locator_elsewhere_in_volume=yes; prior_classification=safe; line=2024
coat — OE rocc	regular	Orel2003	[@Orel2003; @Kroonen2013, 290]	Orel cites a masculine _\*rukkaz_ for the garment word, while Kroonen gives _\*hrukka-_. Both treat this as the garment lexeme and not as the separate stone word [@Orel2003; @Kroonen2013, 290]. Clark Hall and Bosworth-Toller record _rocc_ as an over-garment or tunic and preserve compounds such as _bisceoprocc_ and _breóstrocc_ [@ClarkHall1960; @BosworthToller1898]. With _\*rúkkaz_ as the selected input, Northwest Germanic u-lowering and later loss of final _-a_ yield _rocc_ as a regular outcome.	regular book-prose overlay		left broad; no safe headword/page pairing was verified in this pass	left_broad		same_source_has_locator_elsewhere_in_volume=yes; prior_classification=safe; line=2069
coat — OE rocc	regular	ClarkHall1960	[@ClarkHall1960; @BosworthToller1898]	Orel cites a masculine _\*rukkaz_ for the garment word, while Kroonen gives _\*hrukka-_. Both treat this as the garment lexeme and not as the separate stone word [@Orel2003; @Kroonen2013, 290]. Clark Hall and Bosworth-Toller record _rocc_ as an over-garment or tunic and preserve compounds such as _bisceoprocc_ and _breóstrocc_ [@ClarkHall1960; @BosworthToller1898]. With _\*rúkkaz_ as the selected input, Northwest Germanic u-lowering and later loss of final _-a_ yield _rocc_ as a regular outcome.	regular book-prose overlay		left broad; no safe headword/page pairing was verified in this pass	left_broad		same_source_has_locator_elsewhere_in_volume=yes; prior_classification=safe; line=2069
coat — OE rocc	regular	BosworthToller1898	[@ClarkHall1960; @BosworthToller1898]	Orel cites a masculine _\*rukkaz_ for the garment word, while Kroonen gives _\*hrukka-_. Both treat this as the garment lexeme and not as the separate stone word [@Orel2003; @Kroonen2013, 290]. Clark Hall and Bosworth-Toller record _rocc_ as an over-garment or tunic and preserve compounds such as _bisceoprocc_ and _breóstrocc_ [@ClarkHall1960; @BosworthToller1898]. With _\*rúkkaz_ as the selected input, Northwest Germanic u-lowering and later loss of final _-a_ yield _rocc_ as a regular outcome.	regular book-prose overlay		left broad this pass; conditional source not re-verified here unless the target claim was safely anchored	left_broad		same_source_has_locator_elsewhere_in_volume=yes; prior_classification=conditional; line=2069
coat — OE rocc	regular	ClarkHall1960	[@ClarkHall1960; @BosworthToller1898]	Source note. This entry concerns the garment noun only. The stone word seen in _stānrocc_ belongs to a different lexical history [@ClarkHall1960; @BosworthToller1898].	regular book-prose overlay		left broad; no safe headword/page pairing was verified in this pass	left_broad		same_source_has_locator_elsewhere_in_volume=yes; prior_classification=safe; line=2071
coat — OE rocc	regular	BosworthToller1898	[@ClarkHall1960; @BosworthToller1898]	Source note. This entry concerns the garment noun only. The stone word seen in _stānrocc_ belongs to a different lexical history [@ClarkHall1960; @BosworthToller1898].	regular book-prose overlay		left broad this pass; conditional source not re-verified here unless the target claim was safely anchored	left_broad		same_source_has_locator_elsewhere_in_volume=yes; prior_classification=conditional; line=2071
sheep — OE sċēap	regular	RingeTaylor2014	[@RingeTaylor2014; @Orel2003]	Ringe and Taylor cite a later West Germanic _\*skap_ > WS _scéap_, while Orel preserves a Proto-Germanic noun of the _\*skēp-_ type for the same lexeme [@RingeTaylor2014; @Orel2003]. Clark Hall records _scēap_ with spelling variation, and Campbell likewise lists West Saxon _scéap_ among the palatal-diphthongized forms [@ClarkHall1960; @Campbell1959]. From _\*skḗpą_, Northwest Germanic lowering gives _\*skǣpą_; after apocope and palatalization the West Saxon branch diphthongizes to _sċēap_.	regular book-prose overlay		left broad; no safe headword/page pairing was verified in this pass	left_broad		same_source_has_locator_elsewhere_in_volume=yes; prior_classification=safe; line=2117
sheep — OE sċēap	regular	Orel2003	[@RingeTaylor2014; @Orel2003]	Ringe and Taylor cite a later West Germanic _\*skap_ > WS _scéap_, while Orel preserves a Proto-Germanic noun of the _\*skēp-_ type for the same lexeme [@RingeTaylor2014; @Orel2003]. Clark Hall records _scēap_ with spelling variation, and Campbell likewise lists West Saxon _scéap_ among the palatal-diphthongized forms [@ClarkHall1960; @Campbell1959]. From _\*skḗpą_, Northwest Germanic lowering gives _\*skǣpą_; after apocope and palatalization the West Saxon branch diphthongizes to _sċēap_.	regular book-prose overlay		left broad; no safe headword/page pairing was verified in this pass	left_broad		same_source_has_locator_elsewhere_in_volume=yes; prior_classification=safe; line=2117
sheep — OE sċēap	regular	ClarkHall1960	[@ClarkHall1960; @Campbell1959]	Ringe and Taylor cite a later West Germanic _\*skap_ > WS _scéap_, while Orel preserves a Proto-Germanic noun of the _\*skēp-_ type for the same lexeme [@RingeTaylor2014; @Orel2003]. Clark Hall records _scēap_ with spelling variation, and Campbell likewise lists West Saxon _scéap_ among the palatal-diphthongized forms [@ClarkHall1960; @Campbell1959]. From _\*skḗpą_, Northwest Germanic lowering gives _\*skǣpą_; after apocope and palatalization the West Saxon branch diphthongizes to _sċēap_.	regular book-prose overlay		left broad; no safe headword/page pairing was verified in this pass	left_broad		same_source_has_locator_elsewhere_in_volume=yes; prior_classification=safe; line=2117
sheep — OE sċēap	regular	Campbell1959	[@ClarkHall1960; @Campbell1959]	Ringe and Taylor cite a later West Germanic _\*skap_ > WS _scéap_, while Orel preserves a Proto-Germanic noun of the _\*skēp-_ type for the same lexeme [@RingeTaylor2014; @Orel2003]. Clark Hall records _scēap_ with spelling variation, and Campbell likewise lists West Saxon _scéap_ among the palatal-diphthongized forms [@ClarkHall1960; @Campbell1959]. From _\*skḗpą_, Northwest Germanic lowering gives _\*skǣpą_; after apocope and palatalization the West Saxon branch diphthongizes to _sċēap_.	regular book-prose overlay		left broad this pass; conditional source not re-verified here unless the target claim was safely anchored	left_broad		same_source_has_locator_elsewhere_in_volume=yes; prior_classification=conditional; line=2117
sheep — OE sċēap	regular	RingeTaylor2014	[@RingeTaylor2014; @Campbell1959]	Dialect note. Ringe and Taylor contrast West Saxon _scéap_ with Mercian and Kentish _scép_, and Campbell also notes Northumbrian _scip_. The form represented here is the West Saxon headword [@RingeTaylor2014; @Campbell1959].	regular book-prose overlay		left broad; no safe headword/page pairing was verified in this pass	left_broad		same_source_has_locator_elsewhere_in_volume=yes; prior_classification=safe; line=2119
sheep — OE sċēap	regular	Campbell1959	[@RingeTaylor2014; @Campbell1959]	Dialect note. Ringe and Taylor contrast West Saxon _scéap_ with Mercian and Kentish _scép_, and Campbell also notes Northumbrian _scip_. The form represented here is the West Saxon headword [@RingeTaylor2014; @Campbell1959].	regular book-prose overlay		left broad this pass; conditional source not re-verified here unless the target claim was safely anchored	left_broad		same_source_has_locator_elsewhere_in_volume=yes; prior_classification=conditional; line=2119
shilling — OE sċilling	regular	Kroonen2013	[@Kroonen2013; @Orel2003]	Kroonen treats the cognate set under _\*skellinga-_ ~ _\*skillinga-_ and connects it with _\*skeld-linga-_, while Orel likewise gives the coin word with OE _scilling_ among the reflexes [@Kroonen2013; @Orel2003]. The selected input _\*skíllingaz_ is the nominative-style form used here to represent that inherited _\*-ing-_ derivative. Clark Hall records _scilling_, and Campbell cites _scilling_ among nouns whose derivational _-ing_ keeps _i_ in unstressed syllables [@ClarkHall1960; @Campbell1959]. From _\*skíllingaz_, loss of final _-az_ yields _\*skílling_.	regular book-prose overlay		left broad; no safe headword/page pairing was verified in this pass	left_broad		same_source_has_locator_elsewhere_in_volume=yes; prior_classification=safe; line=2166
shilling — OE sċilling	regular	Orel2003	[@Kroonen2013; @Orel2003]	Kroonen treats the cognate set under _\*skellinga-_ ~ _\*skillinga-_ and connects it with _\*skeld-linga-_, while Orel likewise gives the coin word with OE _scilling_ among the reflexes [@Kroonen2013; @Orel2003]. The selected input _\*skíllingaz_ is the nominative-style form used here to represent that inherited _\*-ing-_ derivative. Clark Hall records _scilling_, and Campbell cites _scilling_ among nouns whose derivational _-ing_ keeps _i_ in unstressed syllables [@ClarkHall1960; @Campbell1959]. From _\*skíllingaz_, loss of final _-az_ yields _\*skílling_.	regular book-prose overlay	377	Orel *skellingaz entry with OE scilling in local page-marked OCR.	locator_added	Germanic/docs/assembly/book_prose/regular_all_01/2181-shilling-sċilling.book.md	same_source_has_locator_elsewhere_in_volume=yes; prior_classification=safe; line=2166; verified in local page-marked source and applied in compact regular book prose
shilling — OE sċilling	regular	ClarkHall1960	[@ClarkHall1960; @Campbell1959]	Kroonen treats the cognate set under _\*skellinga-_ ~ _\*skillinga-_ and connects it with _\*skeld-linga-_, while Orel likewise gives the coin word with OE _scilling_ among the reflexes [@Kroonen2013; @Orel2003]. The selected input _\*skíllingaz_ is the nominative-style form used here to represent that inherited _\*-ing-_ derivative. Clark Hall records _scilling_, and Campbell cites _scilling_ among nouns whose derivational _-ing_ keeps _i_ in unstressed syllables [@ClarkHall1960; @Campbell1959]. From _\*skíllingaz_, loss of final _-az_ yields _\*skílling_.	regular book-prose overlay	269	Clark Hall scilling headword in local page-marked OCR.	locator_added	Germanic/docs/assembly/book_prose/regular_all_01/2181-shilling-sċilling.book.md	same_source_has_locator_elsewhere_in_volume=yes; prior_classification=safe; line=2166; verified in local page-marked source and applied in compact regular book prose
shilling — OE sċilling	regular	Campbell1959	[@ClarkHall1960; @Campbell1959]	Kroonen treats the cognate set under _\*skellinga-_ ~ _\*skillinga-_ and connects it with _\*skeld-linga-_, while Orel likewise gives the coin word with OE _scilling_ among the reflexes [@Kroonen2013; @Orel2003]. The selected input _\*skíllingaz_ is the nominative-style form used here to represent that inherited _\*-ing-_ derivative. Clark Hall records _scilling_, and Campbell cites _scilling_ among nouns whose derivational _-ing_ keeps _i_ in unstressed syllables [@ClarkHall1960; @Campbell1959]. From _\*skíllingaz_, loss of final _-az_ yields _\*skílling_.	regular book-prose overlay		left broad this pass; conditional source not re-verified here unless the target claim was safely anchored	left_broad		same_source_has_locator_elsewhere_in_volume=yes; prior_classification=conditional; line=2166
shilling — OE sċilling	regular	Kroonen2013	[@Kroonen2013]	Form note. Kroonen's _\*skellinga-_ ~ _\*skillinga-_ and his internal analysis _\*skeld-linga-_ belong to the etymological background of the cognate set. The selected input _\*skíllingaz_ is the specific form used for the derivation represented here [@Kroonen2013].	regular book-prose overlay		left broad; no safe headword/page pairing was verified in this pass	left_broad		same_source_has_locator_elsewhere_in_volume=yes; prior_classification=safe; line=2168
sleep — OE slǣpan	regular	Kroonen2013	[@Kroonen2013; @Fulk2018, 120]	Kroonen preserves the comparative verb as _\*slēpan-_, and Fulk cites the same family under root _\*slēb-_ [@Kroonen2013; @Fulk2018, 120]. The selected input _\*slḗpaną_ is the infinitive-style form used here for that inherited sleep-verb. Clark Hall gives _slæpan_ with preterite _slēp_, _slēap_, and Bright likewise lists _slæpan_ _(slāpan)_, _slēp_ _slēpon_ _slēpen_ [@ClarkHall1960; @BrightCassidyRingler1971, 435]. From _\*slḗpaną_, Northwest Germanic lowering gives _\*slǣpaną_.	regular book-prose overlay		left broad; no safe headword/page pairing was verified in this pass	left_broad		same_source_has_locator_elsewhere_in_volume=yes; prior_classification=safe; line=2266
sleep — OE slǣpan	regular	ClarkHall1960	[@ClarkHall1960; @BrightCassidyRingler1971, 435]	Kroonen preserves the comparative verb as _\*slēpan-_, and Fulk cites the same family under root _\*slēb-_ [@Kroonen2013; @Fulk2018, 120]. The selected input _\*slḗpaną_ is the infinitive-style form used here for that inherited sleep-verb. Clark Hall gives _slæpan_ with preterite _slēp_, _slēap_, and Bright likewise lists _slæpan_ _(slāpan)_, _slēp_ _slēpon_ _slēpen_ [@ClarkHall1960; @BrightCassidyRingler1971, 435]. From _\*slḗpaną_, Northwest Germanic lowering gives _\*slǣpaną_.	regular book-prose overlay		left broad; no safe headword/page pairing was verified in this pass	left_broad		same_source_has_locator_elsewhere_in_volume=yes; prior_classification=safe; line=2266
sleep — OE slǣpan	regular	ClarkHall1960	[@ClarkHall1960; @BrightCassidyRingler1971, 435]	Form note. The note concerns lemma type rather than a special derivational problem: this row represents the verb _slǣpan_, whereas _slǣp_ belongs to noun or lookup background and _slēp_/_slēap_ are preterite forms [@ClarkHall1960; @BrightCassidyRingler1971, 435].	regular book-prose overlay		left broad; no safe headword/page pairing was verified in this pass	left_broad		same_source_has_locator_elsewhere_in_volume=yes; prior_classification=safe; line=2268
smear — OE smierwan	regular	Kroonen2013	[@Kroonen2013]	Kroonen gives the comparative headword as _\*smerwjan-_ [@Kroonen2013]. Ringe and Taylor instead cite a later-stage _\*smirwijana_, from which they derive West Saxon _smierwan_, Mercian _smirwan_, and Northumbrian _smiriga_ [@RingeTaylor2014]. The selected form is the West Saxon citation form _smierwan_. From _\*smérwijaną_, breaking before _r + consonant_ yields _eo_, and later i-umlaut produces _ie_.	regular book-prose overlay		left broad; no safe headword/page pairing was verified in this pass	left_broad		same_source_has_locator_elsewhere_in_volume=yes; prior_classification=safe; line=2316
smear — OE smierwan	regular	RingeTaylor2014	[@RingeTaylor2014]	Kroonen gives the comparative headword as _\*smerwjan-_ [@Kroonen2013]. Ringe and Taylor instead cite a later-stage _\*smirwijana_, from which they derive West Saxon _smierwan_, Mercian _smirwan_, and Northumbrian _smiriga_ [@RingeTaylor2014]. The selected form is the West Saxon citation form _smierwan_. From _\*smérwijaną_, breaking before _r + consonant_ yields _eo_, and later i-umlaut produces _ie_.	regular book-prose overlay		left broad; no safe headword/page pairing was verified in this pass	left_broad		same_source_has_locator_elsewhere_in_volume=yes; prior_classification=safe; line=2316
smear — OE smierwan	regular	RingeTaylor2014	[@RingeTaylor2014; @ClarkHall1960]	Dialect note. The entry therefore represents the West Saxon member of a broader OE family: _smierwan_ in West Saxon, _smirwan_ in Anglian or Mercian, and related later class-II forms such as _smirian_ or _smyrian_ in the same lexical field [@RingeTaylor2014; @ClarkHall1960].	regular book-prose overlay		left broad; no safe headword/page pairing was verified in this pass	left_broad		same_source_has_locator_elsewhere_in_volume=yes; prior_classification=safe; line=2318
smear — OE smierwan	regular	ClarkHall1960	[@RingeTaylor2014; @ClarkHall1960]	Dialect note. The entry therefore represents the West Saxon member of a broader OE family: _smierwan_ in West Saxon, _smirwan_ in Anglian or Mercian, and related later class-II forms such as _smirian_ or _smyrian_ in the same lexical field [@RingeTaylor2014; @ClarkHall1960].	regular book-prose overlay		left broad; no safe headword/page pairing was verified in this pass	left_broad		same_source_has_locator_elsewhere_in_volume=yes; prior_classification=safe; line=2318
span — OE spannan	regular	Kroonen2013	[@Kroonen2013]	Kroonen cites the inherited verb as _\*spannan-_, with OE _spannan_ among the reflexes [@Kroonen2013]. The selected input _\*spánnaną_ is the infinitive-style form used here for that same verbal lexeme. Clark Hall keeps noun _spann_ and verb _spannan_ separate, and Brunner likewise records _sponnan, spannan stv._ [@ClarkHall1960; @SieversBrunner1965]. From _\*spánnaną_, the final nasal ending is lost and the regular OE weak-tail steps surface _spannan_.	regular book-prose overlay		left broad; no safe headword/page pairing was verified in this pass	left_broad		same_source_has_locator_elsewhere_in_volume=yes; prior_classification=safe; line=2362
span — OE spannan	regular	ClarkHall1960	[@ClarkHall1960; @SieversBrunner1965]	Kroonen cites the inherited verb as _\*spannan-_, with OE _spannan_ among the reflexes [@Kroonen2013]. The selected input _\*spánnaną_ is the infinitive-style form used here for that same verbal lexeme. Clark Hall keeps noun _spann_ and verb _spannan_ separate, and Brunner likewise records _sponnan, spannan stv._ [@ClarkHall1960; @SieversBrunner1965]. From _\*spánnaną_, the final nasal ending is lost and the regular OE weak-tail steps surface _spannan_.	regular book-prose overlay		left broad; no safe headword/page pairing was verified in this pass	left_broad		same_source_has_locator_elsewhere_in_volume=yes; prior_classification=safe; line=2362
span — OE spannan	regular	SieversBrunner1965	[@ClarkHall1960; @SieversBrunner1965]	Kroonen cites the inherited verb as _\*spannan-_, with OE _spannan_ among the reflexes [@Kroonen2013]. The selected input _\*spánnaną_ is the infinitive-style form used here for that same verbal lexeme. Clark Hall keeps noun _spann_ and verb _spannan_ separate, and Brunner likewise records _sponnan, spannan stv._ [@ClarkHall1960; @SieversBrunner1965]. From _\*spánnaną_, the final nasal ending is lost and the regular OE weak-tail steps surface _spannan_.	regular book-prose overlay		left broad; outside the targeted high-yield cleanup set	left_broad		same_source_has_locator_elsewhere_in_volume=yes; prior_classification=unresolved; line=2362
span — OE spannan	regular	ClarkHall1960	[@ClarkHall1960]	Form note. English _span_ can also reach noun _spann_ in local lookup material. The entry represented here is the verb _spannan_, with the noun treated elsewhere [@ClarkHall1960].	regular book-prose overlay		left broad; no safe headword/page pairing was verified in this pass	left_broad		same_source_has_locator_elsewhere_in_volume=yes; prior_classification=safe; line=2364
spar — OE spearra	regular	Kroonen2013	[@Kroonen2013; @Orel2003]	Kroonen and Orel place this noun in the beam or rafter set _\*spar(r)an-_, with cognates such as Old Saxon and Old High German _sparro_ [@Kroonen2013; @Orel2003]. The selected input _\*spárrô_ is the OE-facing nominal form used here for that same lexeme. The noun represented here is _spearra_. From _\*spárrô_, Anglo-Frisian brightening gives _\*spærrô_, and OE breaking before geminate _rr_ yields _\*spearrô_, later _spearra_.	regular book-prose overlay		left broad; no safe headword/page pairing was verified in this pass	left_broad		same_source_has_locator_elsewhere_in_volume=yes; prior_classification=safe; line=2408
spar — OE spearra	regular	Orel2003	[@Kroonen2013; @Orel2003]	Kroonen and Orel place this noun in the beam or rafter set _\*spar(r)an-_, with cognates such as Old Saxon and Old High German _sparro_ [@Kroonen2013; @Orel2003]. The selected input _\*spárrô_ is the OE-facing nominal form used here for that same lexeme. The noun represented here is _spearra_. From _\*spárrô_, Anglo-Frisian brightening gives _\*spærrô_, and OE breaking before geminate _rr_ yields _\*spearrô_, later _spearra_.	regular book-prose overlay		left broad; no safe headword/page pairing was verified in this pass	left_broad		same_source_has_locator_elsewhere_in_volume=yes; prior_classification=safe; line=2408
spar — OE spearra	regular	Kroonen2013	[@Kroonen2013; @Orel2003]	Form note. This entry concerns the noun _spearra_ only. It should be kept separate from verb _sperran_, even though the Modern English glosses overlap [@Kroonen2013; @Orel2003].	regular book-prose overlay		left broad; no safe headword/page pairing was verified in this pass	left_broad		same_source_has_locator_elsewhere_in_volume=yes; prior_classification=safe; line=2410
spar — OE spearra	regular	Orel2003	[@Kroonen2013; @Orel2003]	Form note. This entry concerns the noun _spearra_ only. It should be kept separate from verb _sperran_, even though the Modern English glosses overlap [@Kroonen2013; @Orel2003].	regular book-prose overlay		left broad; no safe headword/page pairing was verified in this pass	left_broad		same_source_has_locator_elsewhere_in_volume=yes; prior_classification=safe; line=2410
still — OE stillan	regular	KlugeSeebold2011	[@KlugeSeebold2011]	The wider West Germanic family includes adjective _still_ and verb _stillen_ [@KlugeSeebold2011]. The selected input _\*stéllijaną_ represents the verbal j-formation used for the OE row. Clark Hall gives _stillan_ as the verb and separately _stille_ as the adjective [@ClarkHall1960]. As a heavy-stem Class I weak verb, _\*stéllijaną_ undergoes the expected syncope and i-umlaut, and later loss of _j_ after a heavy stem yields _stillan_.	regular book-prose overlay		left broad; source remains quarantined pending better page evidence	left_broad		same_source_has_locator_elsewhere_in_volume=no; prior_classification=quarantined; line=2457
still — OE stillan	regular	ClarkHall1960	[@ClarkHall1960]	The wider West Germanic family includes adjective _still_ and verb _stillen_ [@KlugeSeebold2011]. The selected input _\*stéllijaną_ represents the verbal j-formation used for the OE row. Clark Hall gives _stillan_ as the verb and separately _stille_ as the adjective [@ClarkHall1960]. As a heavy-stem Class I weak verb, _\*stéllijaną_ undergoes the expected syncope and i-umlaut, and later loss of _j_ after a heavy stem yields _stillan_.	regular book-prose overlay		left broad; no safe headword/page pairing was verified in this pass	left_broad		same_source_has_locator_elsewhere_in_volume=yes; prior_classification=safe; line=2457
still — OE stillan	regular	ClarkHall1960	[@ClarkHall1960; @KlugeSeebold2011]	Form note. The note concerns lexical framing rather than sound law: _stillan_ is the verb represented here, while _stille_ belongs to the related adjectival branch of the family [@ClarkHall1960; @KlugeSeebold2011].	regular book-prose overlay		left broad; no safe headword/page pairing was verified in this pass	left_broad		same_source_has_locator_elsewhere_in_volume=yes; prior_classification=safe; line=2459
still — OE stillan	regular	KlugeSeebold2011	[@ClarkHall1960; @KlugeSeebold2011]	Form note. The note concerns lexical framing rather than sound law: _stillan_ is the verb represented here, while _stille_ belongs to the related adjectival branch of the family [@ClarkHall1960; @KlugeSeebold2011].	regular book-prose overlay		left broad; source remains quarantined pending better page evidence	left_broad		same_source_has_locator_elsewhere_in_volume=no; prior_classification=quarantined; line=2459
summer — OE sumer	regular	Kroonen2013	[@Kroonen2013; @RingeTaylor2014; @Orel2003, 425]	Kroonen gives the lexeme as _\*sumara-_, and Ringe and Taylor likewise use _\*sumaraz_, while Orel preserves an alternate _\*sumeraz_ [@Kroonen2013; @RingeTaylor2014; @Orel2003, 425]. The selected input _\*súmaraz_ follows the _\*a_ vocalism that underlies the regular development represented here. Clark Hall gives _sumor m., gs. sumeres, ds. sumera, sumere_, and Bright likewise lists _sumor (sumer)_ with genitive _sumeres_ [@ClarkHall1960; @BrightCassidyRingler1971, 440]. From _\*súmaraz_, loss of final _-az_ is followed by fronting and merger in the unstressed second syllable, yielding _sumer_.	regular book-prose overlay		left broad; no safe headword/page pairing was verified in this pass	left_broad		same_source_has_locator_elsewhere_in_volume=yes; prior_classification=safe; line=2505
summer — OE sumer	regular	RingeTaylor2014	[@Kroonen2013; @RingeTaylor2014; @Orel2003, 425]	Kroonen gives the lexeme as _\*sumara-_, and Ringe and Taylor likewise use _\*sumaraz_, while Orel preserves an alternate _\*sumeraz_ [@Kroonen2013; @RingeTaylor2014; @Orel2003, 425]. The selected input _\*súmaraz_ follows the _\*a_ vocalism that underlies the regular development represented here. Clark Hall gives _sumor m., gs. sumeres, ds. sumera, sumere_, and Bright likewise lists _sumor (sumer)_ with genitive _sumeres_ [@ClarkHall1960; @BrightCassidyRingler1971, 440]. From _\*súmaraz_, loss of final _-az_ is followed by fronting and merger in the unstressed second syllable, yielding _sumer_.	regular book-prose overlay		left broad; no safe headword/page pairing was verified in this pass	left_broad		same_source_has_locator_elsewhere_in_volume=yes; prior_classification=safe; line=2505
summer — OE sumer	regular	ClarkHall1960	[@ClarkHall1960; @BrightCassidyRingler1971, 440]	Kroonen gives the lexeme as _\*sumara-_, and Ringe and Taylor likewise use _\*sumaraz_, while Orel preserves an alternate _\*sumeraz_ [@Kroonen2013; @RingeTaylor2014; @Orel2003, 425]. The selected input _\*súmaraz_ follows the _\*a_ vocalism that underlies the regular development represented here. Clark Hall gives _sumor m., gs. sumeres, ds. sumera, sumere_, and Bright likewise lists _sumor (sumer)_ with genitive _sumeres_ [@ClarkHall1960; @BrightCassidyRingler1971, 440]. From _\*súmaraz_, loss of final _-az_ is followed by fronting and merger in the unstressed second syllable, yielding _sumer_.	regular book-prose overlay		left broad; no safe headword/page pairing was verified in this pass	left_broad		same_source_has_locator_elsewhere_in_volume=yes; prior_classification=safe; line=2505
summer — OE sumer	regular	ClarkHall1960	[@ClarkHall1960; @BrightCassidyRingler1971, 440]	Form note. Old English also has _sumor_ as a common headword spelling. The selected form here is _sumer_, and _sumeres/sumere_ show that the _e_-vocalism was also real in Old English [@ClarkHall1960; @BrightCassidyRingler1971, 440].	regular book-prose overlay		left broad; no safe headword/page pairing was verified in this pass	left_broad		same_source_has_locator_elsewhere_in_volume=yes; prior_classification=safe; line=2507
sunder — OE sundrian	regular	Orel2003	[@Orel2003]	Orel distinguishes three related formations: adverbial _\*sunþraz_ > sundor, Class I verbal _\*sunþrjanan_ > syndrian, and Class II verbal _\*sunþrōjanan_ > sundrian [@Orel2003]. Kluge-Seebold aligns the cognate set with German _sondern_ and OE _gesundrian_, so this entry belongs with the Class II verb, not the adverb [@KlugeSeebold2011]. Clark Hall and Bosworth-Toller keep _sundrian_ and _syndrian_ separate from adverbial _sundor_, and both preserve the prefixed verbal family _ā-sundrian_ [@ClarkHall1960, 296; @BosworthToller1898]. From _\*súndrōjaną_, the Class II weak-verb suffix yields regular OE _-ian_, producing _sundrian_.	regular book-prose overlay		left broad; no safe headword/page pairing was verified in this pass	left_broad		same_source_has_locator_elsewhere_in_volume=yes; prior_classification=safe; line=2555
sunder — OE sundrian	regular	KlugeSeebold2011	[@KlugeSeebold2011]	Orel distinguishes three related formations: adverbial _\*sunþraz_ > sundor, Class I verbal _\*sunþrjanan_ > syndrian, and Class II verbal _\*sunþrōjanan_ > sundrian [@Orel2003]. Kluge-Seebold aligns the cognate set with German _sondern_ and OE _gesundrian_, so this entry belongs with the Class II verb, not the adverb [@KlugeSeebold2011]. Clark Hall and Bosworth-Toller keep _sundrian_ and _syndrian_ separate from adverbial _sundor_, and both preserve the prefixed verbal family _ā-sundrian_ [@ClarkHall1960, 296; @BosworthToller1898]. From _\*súndrōjaną_, the Class II weak-verb suffix yields regular OE _-ian_, producing _sundrian_.	regular book-prose overlay		left broad; source remains quarantined pending better page evidence	left_broad		same_source_has_locator_elsewhere_in_volume=no; prior_classification=quarantined; line=2555
sunder — OE sundrian	regular	BosworthToller1898	[@ClarkHall1960, 296; @BosworthToller1898]	Orel distinguishes three related formations: adverbial _\*sunþraz_ > sundor, Class I verbal _\*sunþrjanan_ > syndrian, and Class II verbal _\*sunþrōjanan_ > sundrian [@Orel2003]. Kluge-Seebold aligns the cognate set with German _sondern_ and OE _gesundrian_, so this entry belongs with the Class II verb, not the adverb [@KlugeSeebold2011]. Clark Hall and Bosworth-Toller keep _sundrian_ and _syndrian_ separate from adverbial _sundor_, and both preserve the prefixed verbal family _ā-sundrian_ [@ClarkHall1960, 296; @BosworthToller1898]. From _\*súndrōjaną_, the Class II weak-verb suffix yields regular OE _-ian_, producing _sundrian_.	regular book-prose overlay		left broad this pass; conditional source not re-verified here unless the target claim was safely anchored	left_broad		same_source_has_locator_elsewhere_in_volume=yes; prior_classification=conditional; line=2555
sunder — OE sundrian	regular	Orel2003	[@Orel2003; @ClarkHall1960, 296]	Form note. The earlier confusion was lexical, not phonological: _sundor_ is the separate adverb, and _syndrian_ is a related but different verb. The verb treated here is the Class II verb _sundrian_ [@Orel2003; @ClarkHall1960, 296].	regular book-prose overlay		left broad; no safe headword/page pairing was verified in this pass	left_broad		same_source_has_locator_elsewhere_in_volume=yes; prior_classification=safe; line=2557
swallow — OE swealwe	regular	ClarkHall1960	[@ClarkHall1960]	Kroonen gives the bird name as _\*swalwōn-_, and Ringe and Taylor cite the later West Germanic stage _\*swalwa_, from which West Saxon _swealwe_ and Mercian _swalwe_ develop [@Kroonen2013, 535; @RingeTaylor2014, 200]. The selected etymological comparison belongs to the swallow-bird family, not to the verb _swelgan_. Clark Hall records _swealwe (a, o)_ as the noun headword [@ClarkHall1960]. From _\*swálwōn_, brightening yields _\*swælw-_, and breaking before _lw_ gives _\*swealw-_.	regular book-prose overlay		left broad; no safe headword/page pairing was verified in this pass	left_broad		same_source_has_locator_elsewhere_in_volume=yes; prior_classification=safe; line=2604
swallow — OE swealwe	regular	ClarkHall1960	[@ClarkHall1960; @Campbell1959]	Form note. The final prose keeps the citation form _swealwe_ separate from two different kinds of background material: the unrelated verb _swelgan_, and later or oblique spellings such as _swaluwe_ or _swalewan_ [@ClarkHall1960; @Campbell1959].	regular book-prose overlay		left broad; no safe headword/page pairing was verified in this pass	left_broad		same_source_has_locator_elsewhere_in_volume=yes; prior_classification=safe; line=2606
swallow — OE swealwe	regular	Campbell1959	[@ClarkHall1960; @Campbell1959]	Form note. The final prose keeps the citation form _swealwe_ separate from two different kinds of background material: the unrelated verb _swelgan_, and later or oblique spellings such as _swaluwe_ or _swalewan_ [@ClarkHall1960; @Campbell1959].	regular book-prose overlay		left broad this pass; conditional source not re-verified here unless the target claim was safely anchored	left_broad		same_source_has_locator_elsewhere_in_volume=yes; prior_classification=conditional; line=2606
swine — OE swīn	regular	Kroonen2013	[@Kroonen2013]	Kroonen cites the noun as _\*swina-_ 'pig' [@Kroonen2013]. The selected comparative form here is the bare neuter citation cell _\*swī́ną_, which matches the singular noun aimed at in Old English rather than an oblique stem form. Clark Hall records _swin (y)_ as the ordinary noun headword [@ClarkHall1960]. From selected input _\*swī́ną_, loss of the final nasal vowel yields _swīn_.	regular book-prose overlay		left broad; no safe headword/page pairing was verified in this pass	left_broad		same_source_has_locator_elsewhere_in_volume=yes; prior_classification=safe; line=2648
swine — OE swīn	regular	ClarkHall1960	[@ClarkHall1960]	Kroonen cites the noun as _\*swina-_ 'pig' [@Kroonen2013]. The selected comparative form here is the bare neuter citation cell _\*swī́ną_, which matches the singular noun aimed at in Old English rather than an oblique stem form. Clark Hall records _swin (y)_ as the ordinary noun headword [@ClarkHall1960]. From selected input _\*swī́ną_, loss of the final nasal vowel yields _swīn_.	regular book-prose overlay		left broad; no safe headword/page pairing was verified in this pass	left_broad		same_source_has_locator_elsewhere_in_volume=yes; prior_classification=safe; line=2648
think — OE þenċan	regular	Kroonen2013	[@Kroonen2013; @RingeTaylor2014]	Kroonen gives the verb as _\*þankjan-_ 'to think', and Ringe and Taylor cite fully inflected _\*þankijaną_ beside OE _þenċan_ [@Kroonen2013; @RingeTaylor2014]. The noun _\*þankaz_ belongs only to the wider derivational background. Bosworth-Toller preserves the verb under _þencan_/_geþencan_, and the citation form here is the ordinary infinitive _þenċan_ [@BosworthToller1898]. From _\*θánkijaną_, palatalization before _\*j_ and i-umlaut produce _þenċan_. Campbell's assibilation discussion uses the same verb _þencan_; the class-III relic _hycgan_ is a different lexeme [@Campbell1959; @Hogg1992].	regular book-prose overlay		left broad; no safe headword/page pairing was verified in this pass	left_broad		same_source_has_locator_elsewhere_in_volume=yes; prior_classification=safe; line=2698
think — OE þenċan	regular	RingeTaylor2014	[@Kroonen2013; @RingeTaylor2014]	Kroonen gives the verb as _\*þankjan-_ 'to think', and Ringe and Taylor cite fully inflected _\*þankijaną_ beside OE _þenċan_ [@Kroonen2013; @RingeTaylor2014]. The noun _\*þankaz_ belongs only to the wider derivational background. Bosworth-Toller preserves the verb under _þencan_/_geþencan_, and the citation form here is the ordinary infinitive _þenċan_ [@BosworthToller1898]. From _\*θánkijaną_, palatalization before _\*j_ and i-umlaut produce _þenċan_. Campbell's assibilation discussion uses the same verb _þencan_; the class-III relic _hycgan_ is a different lexeme [@Campbell1959; @Hogg1992].	regular book-prose overlay		left broad; no safe headword/page pairing was verified in this pass	left_broad		same_source_has_locator_elsewhere_in_volume=yes; prior_classification=safe; line=2698
think — OE þenċan	regular	BosworthToller1898	[@BosworthToller1898]	Kroonen gives the verb as _\*þankjan-_ 'to think', and Ringe and Taylor cite fully inflected _\*þankijaną_ beside OE _þenċan_ [@Kroonen2013; @RingeTaylor2014]. The noun _\*þankaz_ belongs only to the wider derivational background. Bosworth-Toller preserves the verb under _þencan_/_geþencan_, and the citation form here is the ordinary infinitive _þenċan_ [@BosworthToller1898]. From _\*θánkijaną_, palatalization before _\*j_ and i-umlaut produce _þenċan_. Campbell's assibilation discussion uses the same verb _þencan_; the class-III relic _hycgan_ is a different lexeme [@Campbell1959; @Hogg1992].	regular book-prose overlay		left broad this pass; conditional source not re-verified here unless the target claim was safely anchored	left_broad		same_source_has_locator_elsewhere_in_volume=yes; prior_classification=conditional; line=2698
think — OE þenċan	regular	Campbell1959	[@Campbell1959; @Hogg1992]	Kroonen gives the verb as _\*þankjan-_ 'to think', and Ringe and Taylor cite fully inflected _\*þankijaną_ beside OE _þenċan_ [@Kroonen2013; @RingeTaylor2014]. The noun _\*þankaz_ belongs only to the wider derivational background. Bosworth-Toller preserves the verb under _þencan_/_geþencan_, and the citation form here is the ordinary infinitive _þenċan_ [@BosworthToller1898]. From _\*θánkijaną_, palatalization before _\*j_ and i-umlaut produce _þenċan_. Campbell's assibilation discussion uses the same verb _þencan_; the class-III relic _hycgan_ is a different lexeme [@Campbell1959; @Hogg1992].	regular book-prose overlay		left broad this pass; conditional source not re-verified here unless the target claim was safely anchored	left_broad		same_source_has_locator_elsewhere_in_volume=yes; prior_classification=conditional; line=2698
think — OE þenċan	regular	Hogg1992	[@Campbell1959; @Hogg1992]	Kroonen gives the verb as _\*þankjan-_ 'to think', and Ringe and Taylor cite fully inflected _\*þankijaną_ beside OE _þenċan_ [@Kroonen2013; @RingeTaylor2014]. The noun _\*þankaz_ belongs only to the wider derivational background. Bosworth-Toller preserves the verb under _þencan_/_geþencan_, and the citation form here is the ordinary infinitive _þenċan_ [@BosworthToller1898]. From _\*θánkijaną_, palatalization before _\*j_ and i-umlaut produce _þenċan_. Campbell's assibilation discussion uses the same verb _þencan_; the class-III relic _hycgan_ is a different lexeme [@Campbell1959; @Hogg1992].	regular book-prose overlay		left broad; outside the targeted high-yield cleanup set	left_broad		same_source_has_locator_elsewhere_in_volume=yes; prior_classification=unresolved; line=2698
thorn — OE þorn	regular	Kroonen2013	[@Kroonen2013; @Orel2003]	Kroonen gives _\*þurna-_ 'thorn, briar', while Orel preserves the masculine pair _\*þurnuz_ ~ _\*þurnaz_ [@Kroonen2013; @Orel2003]. The selected input _\*θúrnaz_ belongs to that same comparative family. Bright lists _þorn_, m., and Clark Hall likewise treats _þorn_ as the ordinary noun headword [@BrightCassidyRingler1971; @ClarkHall1960]. The inherited stem shows regular lowering of _u_ to _o_ before _r_, and final loss yields _þorn_.	regular book-prose overlay		left broad; no safe headword/page pairing was verified in this pass	left_broad		same_source_has_locator_elsewhere_in_volume=yes; prior_classification=safe; line=2743
thorn — OE þorn	regular	Orel2003	[@Kroonen2013; @Orel2003]	Kroonen gives _\*þurna-_ 'thorn, briar', while Orel preserves the masculine pair _\*þurnuz_ ~ _\*þurnaz_ [@Kroonen2013; @Orel2003]. The selected input _\*θúrnaz_ belongs to that same comparative family. Bright lists _þorn_, m., and Clark Hall likewise treats _þorn_ as the ordinary noun headword [@BrightCassidyRingler1971; @ClarkHall1960]. The inherited stem shows regular lowering of _u_ to _o_ before _r_, and final loss yields _þorn_.	regular book-prose overlay		left broad; no safe headword/page pairing was verified in this pass	left_broad		same_source_has_locator_elsewhere_in_volume=yes; prior_classification=safe; line=2743
thorn — OE þorn	regular	BrightCassidyRingler1971	[@BrightCassidyRingler1971; @ClarkHall1960]	Kroonen gives _\*þurna-_ 'thorn, briar', while Orel preserves the masculine pair _\*þurnuz_ ~ _\*þurnaz_ [@Kroonen2013; @Orel2003]. The selected input _\*θúrnaz_ belongs to that same comparative family. Bright lists _þorn_, m., and Clark Hall likewise treats _þorn_ as the ordinary noun headword [@BrightCassidyRingler1971; @ClarkHall1960]. The inherited stem shows regular lowering of _u_ to _o_ before _r_, and final loss yields _þorn_.	regular book-prose overlay		left broad; no safe headword/page pairing was verified in this pass	left_broad		same_source_has_locator_elsewhere_in_volume=yes; prior_classification=safe; line=2743
thorn — OE þorn	regular	ClarkHall1960	[@BrightCassidyRingler1971; @ClarkHall1960]	Kroonen gives _\*þurna-_ 'thorn, briar', while Orel preserves the masculine pair _\*þurnuz_ ~ _\*þurnaz_ [@Kroonen2013; @Orel2003]. The selected input _\*θúrnaz_ belongs to that same comparative family. Bright lists _þorn_, m., and Clark Hall likewise treats _þorn_ as the ordinary noun headword [@BrightCassidyRingler1971; @ClarkHall1960]. The inherited stem shows regular lowering of _u_ to _o_ before _r_, and final loss yields _þorn_.	regular book-prose overlay		left broad; no safe headword/page pairing was verified in this pass	left_broad		same_source_has_locator_elsewhere_in_volume=yes; prior_classification=safe; line=2743
tide — OE tīd	regular	Kroonen2013	[@Kroonen2013; @Orel2003]	Kroonen gives _\*tīdi-_ 'time', and Orel's _\*tīđiz_ points to the same feminine noun [@Kroonen2013; @Orel2003]. The related verb _tīdan_ is separate. Bright records _tīd_ with singular _tīde_ and plural _tīda_, and Clark Hall treats _tīd_ as the ordinary noun 'time, period, season' [@BrightCassidyRingler1971; @ClarkHall1960, 309]. From _\*tī́diz_, final _z_ is lost and the high final vowel drops, leaving _tīd_. The note matters only because English *tide* can pull in the separate weak verb _tīdan_; the noun targeted here is _tīd_.	regular book-prose overlay		left broad; no safe headword/page pairing was verified in this pass	left_broad		same_source_has_locator_elsewhere_in_volume=yes; prior_classification=safe; line=2789
tide — OE tīd	regular	Orel2003	[@Kroonen2013; @Orel2003]	Kroonen gives _\*tīdi-_ 'time', and Orel's _\*tīđiz_ points to the same feminine noun [@Kroonen2013; @Orel2003]. The related verb _tīdan_ is separate. Bright records _tīd_ with singular _tīde_ and plural _tīda_, and Clark Hall treats _tīd_ as the ordinary noun 'time, period, season' [@BrightCassidyRingler1971; @ClarkHall1960, 309]. From _\*tī́diz_, final _z_ is lost and the high final vowel drops, leaving _tīd_. The note matters only because English *tide* can pull in the separate weak verb _tīdan_; the noun targeted here is _tīd_.	regular book-prose overlay		left broad; no safe headword/page pairing was verified in this pass	left_broad		same_source_has_locator_elsewhere_in_volume=yes; prior_classification=safe; line=2789
tide — OE tīd	regular	BrightCassidyRingler1971	[@BrightCassidyRingler1971; @ClarkHall1960, 309]	Kroonen gives _\*tīdi-_ 'time', and Orel's _\*tīđiz_ points to the same feminine noun [@Kroonen2013; @Orel2003]. The related verb _tīdan_ is separate. Bright records _tīd_ with singular _tīde_ and plural _tīda_, and Clark Hall treats _tīd_ as the ordinary noun 'time, period, season' [@BrightCassidyRingler1971; @ClarkHall1960, 309]. From _\*tī́diz_, final _z_ is lost and the high final vowel drops, leaving _tīd_. The note matters only because English *tide* can pull in the separate weak verb _tīdan_; the noun targeted here is _tīd_.	regular book-prose overlay		left broad; no safe headword/page pairing was verified in this pass	left_broad		same_source_has_locator_elsewhere_in_volume=yes; prior_classification=safe; line=2789
token — OE tācn	regular	Kroonen2013	[@Kroonen2013; @Orel2003, 438]	Kroonen cites _\*taikna-_ and Orel _\*taiknan_ for the noun 'sign, token' [@Kroonen2013; @Orel2003, 438]. The selected input _\*táikną_ is the simple citation-form noun used for the derivation. Campbell and Sievers-Brunner preserve both unbroken _tācn_ and broken _tācen_, with oblique _tācnes_ remaining unbroken [@Campbell1959; @SieversBrunner1965]. Monophthongization of _ai_ yields _ā_, and loss of the final nasal vowel leaves _tācn_.	regular book-prose overlay		left broad; no safe headword/page pairing was verified in this pass	left_broad		same_source_has_locator_elsewhere_in_volume=yes; prior_classification=safe; line=2833
token — OE tācn	regular	Campbell1959	[@Campbell1959; @SieversBrunner1965]	Kroonen cites _\*taikna-_ and Orel _\*taiknan_ for the noun 'sign, token' [@Kroonen2013; @Orel2003, 438]. The selected input _\*táikną_ is the simple citation-form noun used for the derivation. Campbell and Sievers-Brunner preserve both unbroken _tācn_ and broken _tācen_, with oblique _tācnes_ remaining unbroken [@Campbell1959; @SieversBrunner1965]. Monophthongization of _ai_ yields _ā_, and loss of the final nasal vowel leaves _tācn_.	regular book-prose overlay		left broad this pass; conditional source not re-verified here unless the target claim was safely anchored	left_broad		same_source_has_locator_elsewhere_in_volume=yes; prior_classification=conditional; line=2833
token — OE tācn	regular	SieversBrunner1965	[@Campbell1959; @SieversBrunner1965]	Kroonen cites _\*taikna-_ and Orel _\*taiknan_ for the noun 'sign, token' [@Kroonen2013; @Orel2003, 438]. The selected input _\*táikną_ is the simple citation-form noun used for the derivation. Campbell and Sievers-Brunner preserve both unbroken _tācn_ and broken _tācen_, with oblique _tācnes_ remaining unbroken [@Campbell1959; @SieversBrunner1965]. Monophthongization of _ai_ yields _ā_, and loss of the final nasal vowel leaves _tācn_.	regular book-prose overlay		left broad; outside the targeted high-yield cleanup set	left_broad		same_source_has_locator_elsewhere_in_volume=yes; prior_classification=unresolved; line=2833
token — OE tācn	regular	Campbell1959	[@Campbell1959; @SieversBrunner1965]	Form note. _tācn_ is the attested unbroken citation form selected here. Later West Saxon prose often prefers _tācen_, but that does not displace the older unbroken form [@Campbell1959; @SieversBrunner1965].	regular book-prose overlay		left broad this pass; conditional source not re-verified here unless the target claim was safely anchored	left_broad		same_source_has_locator_elsewhere_in_volume=yes; prior_classification=conditional; line=2835
token — OE tācn	regular	SieversBrunner1965	[@Campbell1959; @SieversBrunner1965]	Form note. _tācn_ is the attested unbroken citation form selected here. Later West Saxon prose often prefers _tācen_, but that does not displace the older unbroken form [@Campbell1959; @SieversBrunner1965].	regular book-prose overlay		left broad; outside the targeted high-yield cleanup set	left_broad		same_source_has_locator_elsewhere_in_volume=yes; prior_classification=unresolved; line=2835
town — OE tūn	regular	Kroonen2013	[@Kroonen2013; @Orel2003, 452]	Kroonen cites _\*tūna-_ 'fenced area', while Orel gives _\*tūnan_ ~ _\*tūnaz_ [@Kroonen2013; @Orel2003, 452]. The selected input _\*tūną_ is the simple citation-form noun used in the derivation. Clark Hall records _tūn_ as the ordinary headword 'enclosure, yard, village, town' [@ClarkHall1960]. The inherited long _ū_ is preserved, and loss of the final nasal vowel yields _tūn_ regularly [@SieversBrunner1965].	regular book-prose overlay		left broad; no safe headword/page pairing was verified in this pass	left_broad		same_source_has_locator_elsewhere_in_volume=yes; prior_classification=safe; line=2877
town — OE tūn	regular	ClarkHall1960	[@ClarkHall1960]	Kroonen cites _\*tūna-_ 'fenced area', while Orel gives _\*tūnan_ ~ _\*tūnaz_ [@Kroonen2013; @Orel2003, 452]. The selected input _\*tūną_ is the simple citation-form noun used in the derivation. Clark Hall records _tūn_ as the ordinary headword 'enclosure, yard, village, town' [@ClarkHall1960]. The inherited long _ū_ is preserved, and loss of the final nasal vowel yields _tūn_ regularly [@SieversBrunner1965].	regular book-prose overlay		left broad; no safe headword/page pairing was verified in this pass	left_broad		same_source_has_locator_elsewhere_in_volume=yes; prior_classification=safe; line=2877
town — OE tūn	regular	SieversBrunner1965	[@SieversBrunner1965]	Kroonen cites _\*tūna-_ 'fenced area', while Orel gives _\*tūnan_ ~ _\*tūnaz_ [@Kroonen2013; @Orel2003, 452]. The selected input _\*tūną_ is the simple citation-form noun used in the derivation. Clark Hall records _tūn_ as the ordinary headword 'enclosure, yard, village, town' [@ClarkHall1960]. The inherited long _ū_ is preserved, and loss of the final nasal vowel yields _tūn_ regularly [@SieversBrunner1965].	regular book-prose overlay		left broad; outside the targeted high-yield cleanup set	left_broad		same_source_has_locator_elsewhere_in_volume=yes; prior_classification=unresolved; line=2877
wade — OE wadan	regular	Campbell1959	[@Campbell1959; @RingeTaylor2014; @Luick1914, 239]	Campbell and Ringe and Taylor describe A-restoration before a following back vowel, and Luick explicitly includes _wadan_ among the standard open-syllable examples [@Campbell1959; @RingeTaylor2014; @Luick1914, 239]. Clark Hall gives _wadan_ as the verb 'to go, move, stride, advance', and Bright lists the same infinitive in the strong-verb paradigm [@ClarkHall1960; @BrightCassidyRingler1971]. From _\*wádaną_, Anglo-Frisian brightening first gives _\*wædaną_. This infinitive belongs to the A-restoration class. The citation form is therefore _wadan_, not a fronted _wæden_-type output.	regular book-prose overlay		left broad this pass; conditional source not re-verified here unless the target claim was safely anchored	left_broad		same_source_has_locator_elsewhere_in_volume=yes; prior_classification=conditional; line=2925
wade — OE wadan	regular	RingeTaylor2014	[@Campbell1959; @RingeTaylor2014; @Luick1914, 239]	Campbell and Ringe and Taylor describe A-restoration before a following back vowel, and Luick explicitly includes _wadan_ among the standard open-syllable examples [@Campbell1959; @RingeTaylor2014; @Luick1914, 239]. Clark Hall gives _wadan_ as the verb 'to go, move, stride, advance', and Bright lists the same infinitive in the strong-verb paradigm [@ClarkHall1960; @BrightCassidyRingler1971]. From _\*wádaną_, Anglo-Frisian brightening first gives _\*wædaną_. This infinitive belongs to the A-restoration class. The citation form is therefore _wadan_, not a fronted _wæden_-type output.	regular book-prose overlay		left broad; no safe headword/page pairing was verified in this pass	left_broad		same_source_has_locator_elsewhere_in_volume=yes; prior_classification=safe; line=2925
wade — OE wadan	regular	ClarkHall1960	[@ClarkHall1960; @BrightCassidyRingler1971]	Campbell and Ringe and Taylor describe A-restoration before a following back vowel, and Luick explicitly includes _wadan_ among the standard open-syllable examples [@Campbell1959; @RingeTaylor2014; @Luick1914, 239]. Clark Hall gives _wadan_ as the verb 'to go, move, stride, advance', and Bright lists the same infinitive in the strong-verb paradigm [@ClarkHall1960; @BrightCassidyRingler1971]. From _\*wádaną_, Anglo-Frisian brightening first gives _\*wædaną_. This infinitive belongs to the A-restoration class. The citation form is therefore _wadan_, not a fronted _wæden_-type output.	regular book-prose overlay		left broad; no safe headword/page pairing was verified in this pass	left_broad		same_source_has_locator_elsewhere_in_volume=yes; prior_classification=safe; line=2925
wade — OE wadan	regular	BrightCassidyRingler1971	[@ClarkHall1960; @BrightCassidyRingler1971]	Campbell and Ringe and Taylor describe A-restoration before a following back vowel, and Luick explicitly includes _wadan_ among the standard open-syllable examples [@Campbell1959; @RingeTaylor2014; @Luick1914, 239]. Clark Hall gives _wadan_ as the verb 'to go, move, stride, advance', and Bright lists the same infinitive in the strong-verb paradigm [@ClarkHall1960; @BrightCassidyRingler1971]. From _\*wádaną_, Anglo-Frisian brightening first gives _\*wædaną_. This infinitive belongs to the A-restoration class. The citation form is therefore _wadan_, not a fronted _wæden_-type output.	regular book-prose overlay		left broad; no safe headword/page pairing was verified in this pass	left_broad		same_source_has_locator_elsewhere_in_volume=yes; prior_classification=safe; line=2925
warp — OE weorpan	regular	RingeTaylor2014	[@RingeTaylor2014]	Ringe and Taylor distinguish preterite _\*warp_ from infinitive _\*werpana_, and the selected input here is the verbal form _\*wérpaną_ [@RingeTaylor2014]. Clark Hall records _weorpan_ as the strong verb headword and separately lists _wearp_ as both noun and preterite. Breaking before _r + C_ yields _weor-_, and the infinitive develops regularly to _weorpan_ [@Campbell1959; @Hogg1992]. English *warp* also points to related _wearp_ material. The selected form here is the infinitive _weorpan_.	regular book-prose overlay		left broad; no safe headword/page pairing was verified in this pass	left_broad		same_source_has_locator_elsewhere_in_volume=yes; prior_classification=safe; line=2970
warp — OE weorpan	regular	Campbell1959	[@Campbell1959; @Hogg1992]	Ringe and Taylor distinguish preterite _\*warp_ from infinitive _\*werpana_, and the selected input here is the verbal form _\*wérpaną_ [@RingeTaylor2014]. Clark Hall records _weorpan_ as the strong verb headword and separately lists _wearp_ as both noun and preterite. Breaking before _r + C_ yields _weor-_, and the infinitive develops regularly to _weorpan_ [@Campbell1959; @Hogg1992]. English *warp* also points to related _wearp_ material. The selected form here is the infinitive _weorpan_.	regular book-prose overlay		left broad this pass; conditional source not re-verified here unless the target claim was safely anchored	left_broad		same_source_has_locator_elsewhere_in_volume=yes; prior_classification=conditional; line=2970
warp — OE weorpan	regular	Hogg1992	[@Campbell1959; @Hogg1992]	Ringe and Taylor distinguish preterite _\*warp_ from infinitive _\*werpana_, and the selected input here is the verbal form _\*wérpaną_ [@RingeTaylor2014]. Clark Hall records _weorpan_ as the strong verb headword and separately lists _wearp_ as both noun and preterite. Breaking before _r + C_ yields _weor-_, and the infinitive develops regularly to _weorpan_ [@Campbell1959; @Hogg1992]. English *warp* also points to related _wearp_ material. The selected form here is the infinitive _weorpan_.	regular book-prose overlay		left broad; outside the targeted high-yield cleanup set	left_broad		same_source_has_locator_elsewhere_in_volume=yes; prior_classification=unresolved; line=2970
wash — OE wascan	regular	Kroonen2013	[@Kroonen2013; @Orel2003, 489; @RingeTaylor2014, 142]	Kroonen cites _\*waskan-_, Orel _\*waskanan_, and Ringe and Taylor likewise derive Old English _wascan_ from the same verb family [@Kroonen2013; @Orel2003, 489; @RingeTaylor2014, 142]. Clark Hall heads the verb as _wascan_, while Sievers-Brunner also notes the variant _wæscan_ [@ClarkHall1960; @SieversBrunner1965]. From _\*wáskaną_, brightening gives _\*wæskaną_.	regular book-prose overlay		left broad; no safe headword/page pairing was verified in this pass	left_broad		same_source_has_locator_elsewhere_in_volume=yes; prior_classification=safe; line=3016
wash — OE wascan	regular	ClarkHall1960	[@ClarkHall1960; @SieversBrunner1965]	Kroonen cites _\*waskan-_, Orel _\*waskanan_, and Ringe and Taylor likewise derive Old English _wascan_ from the same verb family [@Kroonen2013; @Orel2003, 489; @RingeTaylor2014, 142]. Clark Hall heads the verb as _wascan_, while Sievers-Brunner also notes the variant _wæscan_ [@ClarkHall1960; @SieversBrunner1965]. From _\*wáskaną_, brightening gives _\*wæskaną_.	regular book-prose overlay		left broad; no safe headword/page pairing was verified in this pass	left_broad		same_source_has_locator_elsewhere_in_volume=yes; prior_classification=safe; line=3016
wash — OE wascan	regular	SieversBrunner1965	[@ClarkHall1960; @SieversBrunner1965]	Kroonen cites _\*waskan-_, Orel _\*waskanan_, and Ringe and Taylor likewise derive Old English _wascan_ from the same verb family [@Kroonen2013; @Orel2003, 489; @RingeTaylor2014, 142]. Clark Hall heads the verb as _wascan_, while Sievers-Brunner also notes the variant _wæscan_ [@ClarkHall1960; @SieversBrunner1965]. From _\*wáskaną_, brightening gives _\*wæskaną_.	regular book-prose overlay		left broad; outside the targeted high-yield cleanup set	left_broad		same_source_has_locator_elsewhere_in_volume=yes; prior_classification=unresolved; line=3016
wax — OE weaxan	regular	Kroonen2013	[@Kroonen2013; @Orel2003, 478; @RingeTaylor2014]	Kroonen cites the verb as _\*wahs(j)an-_, Orel as _\*waxsanan_, and Ringe and Taylor discuss the prehistory of Old English _weaxan_ within the same verbal family [@Kroonen2013; @Orel2003, 478; @RingeTaylor2014]. Clark Hall gives _weaxan_ as the verb headword and separately records bare _wax_ as a preterite form; Bright likewise treats _weaxan_ as the infinitive [@ClarkHall1960; @BrightCassidyRingler1971]. From _\*wáxsaną_, brightening and breaking yield _weax-_, and the infinitive develops regularly to _weaxan_. The selected form is the infinitive _weaxan_. Noun _weax_ and preterite wax/_wēox_ belong to different lexical or paradigm slots.	regular book-prose overlay		left broad; no safe headword/page pairing was verified in this pass	left_broad		same_source_has_locator_elsewhere_in_volume=yes; prior_classification=safe; line=3065
wax — OE weaxan	regular	RingeTaylor2014	[@Kroonen2013; @Orel2003, 478; @RingeTaylor2014]	Kroonen cites the verb as _\*wahs(j)an-_, Orel as _\*waxsanan_, and Ringe and Taylor discuss the prehistory of Old English _weaxan_ within the same verbal family [@Kroonen2013; @Orel2003, 478; @RingeTaylor2014]. Clark Hall gives _weaxan_ as the verb headword and separately records bare _wax_ as a preterite form; Bright likewise treats _weaxan_ as the infinitive [@ClarkHall1960; @BrightCassidyRingler1971]. From _\*wáxsaną_, brightening and breaking yield _weax-_, and the infinitive develops regularly to _weaxan_. The selected form is the infinitive _weaxan_. Noun _weax_ and preterite wax/_wēox_ belong to different lexical or paradigm slots.	regular book-prose overlay		left broad; no safe headword/page pairing was verified in this pass	left_broad		same_source_has_locator_elsewhere_in_volume=yes; prior_classification=safe; line=3065
wax — OE weaxan	regular	ClarkHall1960	[@ClarkHall1960; @BrightCassidyRingler1971]	Kroonen cites the verb as _\*wahs(j)an-_, Orel as _\*waxsanan_, and Ringe and Taylor discuss the prehistory of Old English _weaxan_ within the same verbal family [@Kroonen2013; @Orel2003, 478; @RingeTaylor2014]. Clark Hall gives _weaxan_ as the verb headword and separately records bare _wax_ as a preterite form; Bright likewise treats _weaxan_ as the infinitive [@ClarkHall1960; @BrightCassidyRingler1971]. From _\*wáxsaną_, brightening and breaking yield _weax-_, and the infinitive develops regularly to _weaxan_. The selected form is the infinitive _weaxan_. Noun _weax_ and preterite wax/_wēox_ belong to different lexical or paradigm slots.	regular book-prose overlay		left broad; no safe headword/page pairing was verified in this pass	left_broad		same_source_has_locator_elsewhere_in_volume=yes; prior_classification=safe; line=3065
wax — OE weaxan	regular	BrightCassidyRingler1971	[@ClarkHall1960; @BrightCassidyRingler1971]	Kroonen cites the verb as _\*wahs(j)an-_, Orel as _\*waxsanan_, and Ringe and Taylor discuss the prehistory of Old English _weaxan_ within the same verbal family [@Kroonen2013; @Orel2003, 478; @RingeTaylor2014]. Clark Hall gives _weaxan_ as the verb headword and separately records bare _wax_ as a preterite form; Bright likewise treats _weaxan_ as the infinitive [@ClarkHall1960; @BrightCassidyRingler1971]. From _\*wáxsaną_, brightening and breaking yield _weax-_, and the infinitive develops regularly to _weaxan_. The selected form is the infinitive _weaxan_. Noun _weax_ and preterite wax/_wēox_ belong to different lexical or paradigm slots.	regular book-prose overlay		left broad; no safe headword/page pairing was verified in this pass	left_broad		same_source_has_locator_elsewhere_in_volume=yes; prior_classification=safe; line=3065
way — OE weġ	regular	Kroonen2013	[@Kroonen2013]	Kroonen cites the noun as _\*wega-_ 'way, road', while the selected derivational form here is nominative-singular _\*wégaz_ [@Kroonen2013]. Campbell, Hogg, and Ringe and Taylor use the same word as the standard contrast between singular palatal _weġ_ and inflected _wegas/wegum_ [@Campbell1959; @Hogg1992; @RingeTaylor2014, 341]. The Old English singular is the ordinary noun _weg_, here normalized as _weġ_ to show the palatal final. From _\*wégaz_, final _\*z_ is lost and the weak tail apocopates, leaving word-final _\*g_ after a front vowel.	regular book-prose overlay		left broad; no safe headword/page pairing was verified in this pass	left_broad		same_source_has_locator_elsewhere_in_volume=yes; prior_classification=safe; line=3110
way — OE weġ	regular	Campbell1959	[@Campbell1959; @Hogg1992; @RingeTaylor2014, 341]	Kroonen cites the noun as _\*wega-_ 'way, road', while the selected derivational form here is nominative-singular _\*wégaz_ [@Kroonen2013]. Campbell, Hogg, and Ringe and Taylor use the same word as the standard contrast between singular palatal _weġ_ and inflected _wegas/wegum_ [@Campbell1959; @Hogg1992; @RingeTaylor2014, 341]. The Old English singular is the ordinary noun _weg_, here normalized as _weġ_ to show the palatal final. From _\*wégaz_, final _\*z_ is lost and the weak tail apocopates, leaving word-final _\*g_ after a front vowel.	regular book-prose overlay		left broad this pass; conditional source not re-verified here unless the target claim was safely anchored	left_broad		same_source_has_locator_elsewhere_in_volume=yes; prior_classification=conditional; line=3110
way — OE weġ	regular	Hogg1992	[@Campbell1959; @Hogg1992; @RingeTaylor2014, 341]	Kroonen cites the noun as _\*wega-_ 'way, road', while the selected derivational form here is nominative-singular _\*wégaz_ [@Kroonen2013]. Campbell, Hogg, and Ringe and Taylor use the same word as the standard contrast between singular palatal _weġ_ and inflected _wegas/wegum_ [@Campbell1959; @Hogg1992; @RingeTaylor2014, 341]. The Old English singular is the ordinary noun _weg_, here normalized as _weġ_ to show the palatal final. From _\*wégaz_, final _\*z_ is lost and the weak tail apocopates, leaving word-final _\*g_ after a front vowel.	regular book-prose overlay		left broad; outside the targeted high-yield cleanup set	left_broad		same_source_has_locator_elsewhere_in_volume=yes; prior_classification=unresolved; line=3110
will — OE willa	regular	Kroonen2013	[@Kroonen2013; @Orel2003; @KlugeSeebold2011]	Kroonen separates noun _\*weljan-_ 2 'will, wish' from verb _\*weljan-_ 1 'to want', while Orel and Kluge represent the noun as _\*weljōn_ [@Kroonen2013; @Orel2003; @KlugeSeebold2011]. The selected derivational form _\*wéljô_ is the noun-side input used for this row. Clark Hall lemmatizes noun _willa m._ separately from verb _willan_ [@ClarkHall1960, 368]. From _\*wéljô_, j-gemination yields a heavy stem, i-umlaut gives _will-_, and later shortening plus j-loss produce _willa_. The selected form is the noun _willa_ 'will, wish'. Related verb _willan_ belongs to a separate lexeme and should not be substituted for the noun row [@Kroonen2013; @ClarkHall1960, 368].	regular book-prose overlay		left broad; no safe headword/page pairing was verified in this pass	left_broad		same_source_has_locator_elsewhere_in_volume=yes; prior_classification=safe; line=3204
will — OE willa	regular	Orel2003	[@Kroonen2013; @Orel2003; @KlugeSeebold2011]	Kroonen separates noun _\*weljan-_ 2 'will, wish' from verb _\*weljan-_ 1 'to want', while Orel and Kluge represent the noun as _\*weljōn_ [@Kroonen2013; @Orel2003; @KlugeSeebold2011]. The selected derivational form _\*wéljô_ is the noun-side input used for this row. Clark Hall lemmatizes noun _willa m._ separately from verb _willan_ [@ClarkHall1960, 368]. From _\*wéljô_, j-gemination yields a heavy stem, i-umlaut gives _will-_, and later shortening plus j-loss produce _willa_. The selected form is the noun _willa_ 'will, wish'. Related verb _willan_ belongs to a separate lexeme and should not be substituted for the noun row [@Kroonen2013; @ClarkHall1960, 368].	regular book-prose overlay		left broad; no safe headword/page pairing was verified in this pass	left_broad		same_source_has_locator_elsewhere_in_volume=yes; prior_classification=safe; line=3204
will — OE willa	regular	KlugeSeebold2011	[@Kroonen2013; @Orel2003; @KlugeSeebold2011]	Kroonen separates noun _\*weljan-_ 2 'will, wish' from verb _\*weljan-_ 1 'to want', while Orel and Kluge represent the noun as _\*weljōn_ [@Kroonen2013; @Orel2003; @KlugeSeebold2011]. The selected derivational form _\*wéljô_ is the noun-side input used for this row. Clark Hall lemmatizes noun _willa m._ separately from verb _willan_ [@ClarkHall1960, 368]. From _\*wéljô_, j-gemination yields a heavy stem, i-umlaut gives _will-_, and later shortening plus j-loss produce _willa_. The selected form is the noun _willa_ 'will, wish'. Related verb _willan_ belongs to a separate lexeme and should not be substituted for the noun row [@Kroonen2013; @ClarkHall1960, 368].	regular book-prose overlay		left broad; source remains quarantined pending better page evidence	left_broad		same_source_has_locator_elsewhere_in_volume=no; prior_classification=quarantined; line=3204
will — OE willa	regular	Kroonen2013	[@Kroonen2013; @ClarkHall1960, 368]	Kroonen separates noun _\*weljan-_ 2 'will, wish' from verb _\*weljan-_ 1 'to want', while Orel and Kluge represent the noun as _\*weljōn_ [@Kroonen2013; @Orel2003; @KlugeSeebold2011]. The selected derivational form _\*wéljô_ is the noun-side input used for this row. Clark Hall lemmatizes noun _willa m._ separately from verb _willan_ [@ClarkHall1960, 368]. From _\*wéljô_, j-gemination yields a heavy stem, i-umlaut gives _will-_, and later shortening plus j-loss produce _willa_. The selected form is the noun _willa_ 'will, wish'. Related verb _willan_ belongs to a separate lexeme and should not be substituted for the noun row [@Kroonen2013; @ClarkHall1960, 368].	regular book-prose overlay		left broad; no safe headword/page pairing was verified in this pass	left_broad		same_source_has_locator_elsewhere_in_volume=yes; prior_classification=safe; line=3204
wind — OE windan	regular	Kroonen2013	[@Kroonen2013]	Kroonen distinguishes noun _\*winda-_ from verb _\*windan-_, and the present row belongs to the verb [@Kroonen2013]. Later handbook discussion keeps the dental original from PIE _\*wendh-_, not a Verner alternant [@Fulk2018; @RingeTaylor2014]. Clark Hall and Bosworth-Toller record _windan_ as the verb headword [@ClarkHall1960; @BosworthToller1898, 101]. The selected input _\*wíndaną_ yields the regular infinitive _windan_ by ordinary heavy-syllable apocope and weak-tail reduction. English *wind* also names the noun. This row targets the class-III verb, not the noun [@Kroonen2013; @ClarkHall1960].	regular book-prose overlay		left broad; no safe headword/page pairing was verified in this pass	left_broad		same_source_has_locator_elsewhere_in_volume=yes; prior_classification=safe; line=3248
wind — OE windan	regular	Fulk2018	[@Fulk2018; @RingeTaylor2014]	Kroonen distinguishes noun _\*winda-_ from verb _\*windan-_, and the present row belongs to the verb [@Kroonen2013]. Later handbook discussion keeps the dental original from PIE _\*wendh-_, not a Verner alternant [@Fulk2018; @RingeTaylor2014]. Clark Hall and Bosworth-Toller record _windan_ as the verb headword [@ClarkHall1960; @BosworthToller1898, 101]. The selected input _\*wíndaną_ yields the regular infinitive _windan_ by ordinary heavy-syllable apocope and weak-tail reduction. English *wind* also names the noun. This row targets the class-III verb, not the noun [@Kroonen2013; @ClarkHall1960].	regular book-prose overlay		left broad; no safe headword/page pairing was verified in this pass	left_broad		same_source_has_locator_elsewhere_in_volume=yes; prior_classification=safe; line=3248
wind — OE windan	regular	RingeTaylor2014	[@Fulk2018; @RingeTaylor2014]	Kroonen distinguishes noun _\*winda-_ from verb _\*windan-_, and the present row belongs to the verb [@Kroonen2013]. Later handbook discussion keeps the dental original from PIE _\*wendh-_, not a Verner alternant [@Fulk2018; @RingeTaylor2014]. Clark Hall and Bosworth-Toller record _windan_ as the verb headword [@ClarkHall1960; @BosworthToller1898, 101]. The selected input _\*wíndaną_ yields the regular infinitive _windan_ by ordinary heavy-syllable apocope and weak-tail reduction. English *wind* also names the noun. This row targets the class-III verb, not the noun [@Kroonen2013; @ClarkHall1960].	regular book-prose overlay		left broad; no safe headword/page pairing was verified in this pass	left_broad		same_source_has_locator_elsewhere_in_volume=yes; prior_classification=safe; line=3248
wind — OE windan	regular	ClarkHall1960	[@ClarkHall1960; @BosworthToller1898, 101]	Kroonen distinguishes noun _\*winda-_ from verb _\*windan-_, and the present row belongs to the verb [@Kroonen2013]. Later handbook discussion keeps the dental original from PIE _\*wendh-_, not a Verner alternant [@Fulk2018; @RingeTaylor2014]. Clark Hall and Bosworth-Toller record _windan_ as the verb headword [@ClarkHall1960; @BosworthToller1898, 101]. The selected input _\*wíndaną_ yields the regular infinitive _windan_ by ordinary heavy-syllable apocope and weak-tail reduction. English *wind* also names the noun. This row targets the class-III verb, not the noun [@Kroonen2013; @ClarkHall1960].	regular book-prose overlay		left broad; no safe headword/page pairing was verified in this pass	left_broad		same_source_has_locator_elsewhere_in_volume=yes; prior_classification=safe; line=3248
wind — OE windan	regular	Kroonen2013	[@Kroonen2013; @ClarkHall1960]	Kroonen distinguishes noun _\*winda-_ from verb _\*windan-_, and the present row belongs to the verb [@Kroonen2013]. Later handbook discussion keeps the dental original from PIE _\*wendh-_, not a Verner alternant [@Fulk2018; @RingeTaylor2014]. Clark Hall and Bosworth-Toller record _windan_ as the verb headword [@ClarkHall1960; @BosworthToller1898, 101]. The selected input _\*wíndaną_ yields the regular infinitive _windan_ by ordinary heavy-syllable apocope and weak-tail reduction. English *wind* also names the noun. This row targets the class-III verb, not the noun [@Kroonen2013; @ClarkHall1960].	regular book-prose overlay		left broad; no safe headword/page pairing was verified in this pass	left_broad		same_source_has_locator_elsewhere_in_volume=yes; prior_classification=safe; line=3248
wind — OE windan	regular	ClarkHall1960	[@Kroonen2013; @ClarkHall1960]	Kroonen distinguishes noun _\*winda-_ from verb _\*windan-_, and the present row belongs to the verb [@Kroonen2013]. Later handbook discussion keeps the dental original from PIE _\*wendh-_, not a Verner alternant [@Fulk2018; @RingeTaylor2014]. Clark Hall and Bosworth-Toller record _windan_ as the verb headword [@ClarkHall1960; @BosworthToller1898, 101]. The selected input _\*wíndaną_ yields the regular infinitive _windan_ by ordinary heavy-syllable apocope and weak-tail reduction. English *wind* also names the noun. This row targets the class-III verb, not the noun [@Kroonen2013; @ClarkHall1960].	regular book-prose overlay		left broad; no safe headword/page pairing was verified in this pass	left_broad		same_source_has_locator_elsewhere_in_volume=yes; prior_classification=safe; line=3248
wold — OE weald	regular	Kroonen2013	[@Kroonen2013]	Kroonen reconstructs the noun as _\*walþu-_ and gives OE _weald_ beside other West Germanic _wald_ forms [@Kroonen2013]. The selected input _\*wálθuz_ is the nominative singular used for the derivation. Clark Hall makes _weald_ the main noun headword and cross-refers _wald_ and _wold_ to it [@ClarkHall1960]. _\*lþ_ voices to _ld_, Anglo-Frisian brightening yields _wæld-_, and breaking before the cluster gives _weald-_; apocope then yields _weald_.	regular book-prose overlay		left broad; no safe headword/page pairing was verified in this pass	left_broad		same_source_has_locator_elsewhere_in_volume=yes; prior_classification=safe; line=3296
wold — OE weald	regular	ClarkHall1960	[@ClarkHall1960]	Kroonen reconstructs the noun as _\*walþu-_ and gives OE _weald_ beside other West Germanic _wald_ forms [@Kroonen2013]. The selected input _\*wálθuz_ is the nominative singular used for the derivation. Clark Hall makes _weald_ the main noun headword and cross-refers _wald_ and _wold_ to it [@ClarkHall1960]. _\*lþ_ voices to _ld_, Anglo-Frisian brightening yields _wæld-_, and breaking before the cluster gives _weald-_; apocope then yields _weald_.	regular book-prose overlay		left broad; no safe headword/page pairing was verified in this pass	left_broad		same_source_has_locator_elsewhere_in_volume=yes; prior_classification=safe; line=3296
wold — OE weald	regular	ClarkHall1960	[@ClarkHall1960; @RingeTaylor2014]	Dialect note. _wald_ survives as an Anglian-type variant in the same family. The selected target is normalized _weald_, not the variant form [@ClarkHall1960; @RingeTaylor2014].	regular book-prose overlay		left broad; no safe headword/page pairing was verified in this pass	left_broad		same_source_has_locator_elsewhere_in_volume=yes; prior_classification=safe; line=3298
wold — OE weald	regular	RingeTaylor2014	[@ClarkHall1960; @RingeTaylor2014]	Dialect note. _wald_ survives as an Anglian-type variant in the same family. The selected target is normalized _weald_, not the variant form [@ClarkHall1960; @RingeTaylor2014].	regular book-prose overlay		left broad; no safe headword/page pairing was verified in this pass	left_broad		same_source_has_locator_elsewhere_in_volume=yes; prior_classification=safe; line=3298
yarn — OE ġearn	regular	Kroonen2013	[@Kroonen2013; @RingeTaylor2014, 220]	Kroonen cites the noun as _\*garna-_, and Ringe and Taylor give the early chain _\*garna_ > _\*geern_ > _\*gearn_ > OE _gearn_ [@Kroonen2013; @RingeTaylor2014, 220]. Clark Hall records _gearn (e) n._ 'yarn, spun wool', and Bosworth-Toller glosses _gearn_ as _filatum_ [@ClarkHall1960; @BosworthToller1898]. From _\*gárną_, brightening and breaking before _rn_ yield _gearn_; palatalization of initial _g_ before the resulting front-vocalic sequence gives normalized _ġearn_.	regular book-prose overlay		left broad; no safe headword/page pairing was verified in this pass	left_broad		same_source_has_locator_elsewhere_in_volume=yes; prior_classification=safe; line=3343
yarn — OE ġearn	regular	ClarkHall1960	[@ClarkHall1960; @BosworthToller1898]	Kroonen cites the noun as _\*garna-_, and Ringe and Taylor give the early chain _\*garna_ > _\*geern_ > _\*gearn_ > OE _gearn_ [@Kroonen2013; @RingeTaylor2014, 220]. Clark Hall records _gearn (e) n._ 'yarn, spun wool', and Bosworth-Toller glosses _gearn_ as _filatum_ [@ClarkHall1960; @BosworthToller1898]. From _\*gárną_, brightening and breaking before _rn_ yield _gearn_; palatalization of initial _g_ before the resulting front-vocalic sequence gives normalized _ġearn_.	regular book-prose overlay		left broad; no safe headword/page pairing was verified in this pass	left_broad		same_source_has_locator_elsewhere_in_volume=yes; prior_classification=safe; line=3343
yarn — OE ġearn	regular	BosworthToller1898	[@ClarkHall1960; @BosworthToller1898]	Kroonen cites the noun as _\*garna-_, and Ringe and Taylor give the early chain _\*garna_ > _\*geern_ > _\*gearn_ > OE _gearn_ [@Kroonen2013; @RingeTaylor2014, 220]. Clark Hall records _gearn (e) n._ 'yarn, spun wool', and Bosworth-Toller glosses _gearn_ as _filatum_ [@ClarkHall1960; @BosworthToller1898]. From _\*gárną_, brightening and breaking before _rn_ yield _gearn_; palatalization of initial _g_ before the resulting front-vocalic sequence gives normalized _ġearn_.	regular book-prose overlay		left broad this pass; conditional source not re-verified here unless the target claim was safely anchored	left_broad		same_source_has_locator_elsewhere_in_volume=yes; prior_classification=conditional; line=3343
three — OE þrīe	attested_variant	Kroonen2013	[@Kroonen2013]	under one Old English-ready paradigm cell [@Kroonen2013]. The input	non-regular model entry		left broad; no safe headword/page pairing was verified in this pass	left_broad		same_source_has_locator_elsewhere_in_volume=yes; prior_classification=safe; line=3587
wasp — OE wæfs	attested_variant	ClarkHall1960	[@ClarkHall1960]	_wæps_ or later spellings as headwords [@ClarkHall1960].	non-regular model entry		left broad; no safe headword/page pairing was verified in this pass	left_broad		same_source_has_locator_elsewhere_in_volume=yes; prior_classification=safe; line=3696
brand — OE brandes	early_analogy	Orel2003	[@Orel2003; @Kroonen2013]	_brand_ and its continental cognates [@Orel2003; @Kroonen2013]. The selected	non-regular model entry		left broad; no safe headword/page pairing was verified in this pass	left_broad		same_source_has_locator_elsewhere_in_volume=yes; prior_classification=safe; line=3858
brand — OE brandes	early_analogy	Kroonen2013	[@Orel2003; @Kroonen2013]	_brand_ and its continental cognates [@Orel2003; @Kroonen2013]. The selected	non-regular model entry		left broad; no safe headword/page pairing was verified in this pass	left_broad		same_source_has_locator_elsewhere_in_volume=yes; prior_classification=safe; line=3858
breast — OE brēost	early_analogy	BosworthToller1898	[@BosworthToller1898; @ClarkHall1960, 65]	[@BosworthToller1898; @ClarkHall1960, 65]. The form is an established Old English	non-regular model entry		left broad this pass; conditional source not re-verified here unless the target claim was safely anchored	left_broad		same_source_has_locator_elsewhere_in_volume=yes; prior_classification=conditional; line=3965
breast — OE brēost	early_analogy	Campbell1959	[@Campbell1959]	expected _eu_ > _ēo_ vowel history [@Campbell1959]. No special repair is needed	non-regular model entry		left broad this pass; conditional source not re-verified here unless the target claim was safely anchored	left_broad		same_source_has_locator_elsewhere_in_volume=yes; prior_classification=conditional; line=3975
dill — OE dile	early_analogy	Kroonen2013	[@Kroonen2013]	Saxon _dilli_ and Old High German _tilli_ on the other [@Kroonen2013]. The	non-regular model entry		left broad; no safe headword/page pairing was verified in this pass	left_broad		same_source_has_locator_elsewhere_in_volume=yes; prior_classification=safe; line=4129
dill — OE dile	early_analogy	Fulk2018	[@Fulk2018]	[@Fulk2018].	non-regular model entry		left broad; no safe headword/page pairing was verified in this pass	left_broad		same_source_has_locator_elsewhere_in_volume=yes; prior_classification=safe; line=4137
dill — OE dile	early_analogy	ClarkHall1960	[@BosworthToller1898, 164; @ClarkHall1960]	_dili_ [@BosworthToller1898, 164; @ClarkHall1960]. The form discussed here is	non-regular model entry		left broad; no safe headword/page pairing was verified in this pass	left_broad		same_source_has_locator_elsewhere_in_volume=yes; prior_classification=safe; line=4142
fast — OE festan	early_analogy	Kroonen2013	[@Kroonen2013]	[@Kroonen2013]. Ringe and Taylor, however, distinguish the Old English verb	non-regular model entry		left broad; no safe headword/page pairing was verified in this pass	left_broad		same_source_has_locator_elsewhere_in_volume=yes; prior_classification=safe; line=4227
fast — OE festan	early_analogy	RingeTaylor2014	[@RingeTaylor2014]	family [@RingeTaylor2014].	non-regular model entry		left broad; no safe headword/page pairing was verified in this pass	left_broad		same_source_has_locator_elsewhere_in_volume=yes; prior_classification=safe; line=4230
fast — OE festan	early_analogy	RingeTaylor2014	[@RingeTaylor2014]	[@RingeTaylor2014].	non-regular model entry		left broad; no safe headword/page pairing was verified in this pass	left_broad		same_source_has_locator_elsewhere_in_volume=yes; prior_classification=safe; line=4246
flask — OE flasce	early_analogy	Orel2003	[@Orel2003; @Kroonen2013]	formation _\*fláskōn_ / _\*flaskǭ_ [@Orel2003; @Kroonen2013]. That distinction is	non-regular model entry		left broad; no safe headword/page pairing was verified in this pass	left_broad		same_source_has_locator_elsewhere_in_volume=yes; prior_classification=safe; line=4328
flask — OE flasce	early_analogy	Kroonen2013	[@Orel2003; @Kroonen2013]	formation _\*fláskōn_ / _\*flaskǭ_ [@Orel2003; @Kroonen2013]. That distinction is	non-regular model entry		left broad; no safe headword/page pairing was verified in this pass	left_broad		same_source_has_locator_elsewhere_in_volume=yes; prior_classification=safe; line=4328
flask — OE flasce	early_analogy	RingeTaylor2014	[@RingeTaylor2014]	forms _flascan_ support that analysis [@RingeTaylor2014].	non-regular model entry		left broad; no safe headword/page pairing was verified in this pass	left_broad		same_source_has_locator_elsewhere_in_volume=yes; prior_classification=safe; line=4333
flask — OE flasce	early_analogy	Campbell1959	[@Campbell1959]	its Old English shape [@Campbell1959].	non-regular model entry		left broad this pass; conditional source not re-verified here unless the target claim was safely anchored	left_broad		same_source_has_locator_elsewhere_in_volume=yes; prior_classification=conditional; line=4350
follow — OE fylġan	early_analogy	Kroonen2013	[@Kroonen2013]	_\*fulgjan-_ [@Kroonen2013]. The comparative headword and the class-I formation	non-regular model entry		left broad; no safe headword/page pairing was verified in this pass	left_broad		same_source_has_locator_elsewhere_in_volume=yes; prior_classification=safe; line=4425
follow — OE fylġan	early_analogy	ClarkHall1960	[@ClarkHall1960]	_fylgian_ and _fyligan_ [@ClarkHall1960]. Bosworth-Toller likewise has separate	non-regular model entry		left broad; no safe headword/page pairing was verified in this pass	left_broad		same_source_has_locator_elsewhere_in_volume=yes; prior_classification=safe; line=4438
follow — OE fylġan	early_analogy	BosworthToller1898	[@BosworthToller1898]	entries for _folgian_ and _fylgean_ [@BosworthToller1898].	non-regular model entry		left broad this pass; conditional source not re-verified here unless the target claim was safely anchored	left_broad		same_source_has_locator_elsewhere_in_volume=yes; prior_classification=conditional; line=4439
follow — OE fylġan	early_analogy	BrightCassidyRingler1971	[@BrightCassidyRingler1971]	[@BrightCassidyRingler1971]. The relevant comparison form in this entry is	non-regular model entry		left broad; no safe headword/page pairing was verified in this pass	left_broad		same_source_has_locator_elsewhere_in_volume=yes; prior_classification=safe; line=4443
gall — OE ġealla	early_analogy	Kroonen2013	[@Kroonen2013]	_\*gállô_ [@Kroonen2013]. The selected input therefore differs from the broader	non-regular model entry		left broad; no safe headword/page pairing was verified in this pass	left_broad		same_source_has_locator_elsewhere_in_volume=yes; prior_classification=safe; line=4531
gall — OE ġealla	early_analogy	Campbell1959	[@Campbell1959]	_gealla_ with Anglian _galla_ [@Campbell1959]. The target of this entry is the	non-regular model entry		left broad this pass; conditional source not re-verified here unless the target claim was safely anchored	left_broad		same_source_has_locator_elsewhere_in_volume=yes; prior_classification=conditional; line=4546
gall — OE ġealla	early_analogy	Campbell1959	[@Campbell1959]	_ġealla_ [@Campbell1959]. Once the weak masculine input is chosen, the noun	non-regular model entry		left broad this pass; conditional source not re-verified here unless the target claim was safely anchored	left_broad		same_source_has_locator_elsewhere_in_volume=yes; prior_classification=conditional; line=4553
knight — OE cniht	early_analogy	Campbell1959	[@Campbell1959]	paradigm [@Campbell1959].	non-regular model entry		left broad this pass; conditional source not re-verified here unless the target claim was safely anchored	left_broad		same_source_has_locator_elsewhere_in_volume=yes; prior_classification=conditional; line=4642
knight — OE cniht	early_analogy	Campbell1959	[@Campbell1959; @SieversBrunner1965]	[@Campbell1959; @SieversBrunner1965]. With that corrected input, the derivation	non-regular model entry		left broad this pass; conditional source not re-verified here unless the target claim was safely anchored	left_broad		same_source_has_locator_elsewhere_in_volume=yes; prior_classification=conditional; line=4651
knight — OE cniht	early_analogy	SieversBrunner1965	[@Campbell1959; @SieversBrunner1965]	[@Campbell1959; @SieversBrunner1965]. With that corrected input, the derivation	non-regular model entry		left broad; outside the targeted high-yield cleanup set	left_broad		same_source_has_locator_elsewhere_in_volume=yes; prior_classification=unresolved; line=4651
lade — OE hladan	early_analogy	RingeTaylor2014	[@RingeTaylor2014; @Kroonen2013]	[@RingeTaylor2014; @Kroonen2013]. The two forms are related as members of one	non-regular model entry		left broad; no safe headword/page pairing was verified in this pass	left_broad		same_source_has_locator_elsewhere_in_volume=yes; prior_classification=safe; line=4722
lade — OE hladan	early_analogy	Kroonen2013	[@RingeTaylor2014; @Kroonen2013]	[@RingeTaylor2014; @Kroonen2013]. The two forms are related as members of one	non-regular model entry		left broad; no safe headword/page pairing was verified in this pass	left_broad		same_source_has_locator_elsewhere_in_volume=yes; prior_classification=safe; line=4722
lade — OE hladan	early_analogy	ClarkHall1960	[@BosworthToller1898, 559; @ClarkHall1960]	strong-verb paradigm material around it [@BosworthToller1898, 559; @ClarkHall1960].	non-regular model entry		left broad; no safe headword/page pairing was verified in this pass	left_broad		same_source_has_locator_elsewhere_in_volume=yes; prior_classification=safe; line=4731
lap — OE lappa	early_analogy	Orel2003	[@Orel2003; @Kroonen2013; @KlugeSeebold2011]	[@Orel2003; @Kroonen2013; @KlugeSeebold2011]. The selected input _\*láppô_	non-regular model entry		left broad; no safe headword/page pairing was verified in this pass	left_broad		same_source_has_locator_elsewhere_in_volume=yes; prior_classification=safe; line=4808
lap — OE lappa	early_analogy	Kroonen2013	[@Orel2003; @Kroonen2013; @KlugeSeebold2011]	[@Orel2003; @Kroonen2013; @KlugeSeebold2011]. The selected input _\*láppô_	non-regular model entry		left broad; no safe headword/page pairing was verified in this pass	left_broad		same_source_has_locator_elsewhere_in_volume=yes; prior_classification=safe; line=4808
lap — OE lappa	early_analogy	KlugeSeebold2011	[@Orel2003; @Kroonen2013; @KlugeSeebold2011]	[@Orel2003; @Kroonen2013; @KlugeSeebold2011]. The selected input _\*láppô_	non-regular model entry		left broad; source remains quarantined pending better page evidence	left_broad		same_source_has_locator_elsewhere_in_volume=no; prior_classification=quarantined; line=4808
lap — OE lappa	early_analogy	Campbell1959	[@Campbell1959; @SieversBrunner1965]	[@Campbell1959; @SieversBrunner1965]. The dictionary tradition also preserves	non-regular model entry		left broad this pass; conditional source not re-verified here unless the target claim was safely anchored	left_broad		same_source_has_locator_elsewhere_in_volume=yes; prior_classification=conditional; line=4820
lap — OE lappa	early_analogy	SieversBrunner1965	[@Campbell1959; @SieversBrunner1965]	[@Campbell1959; @SieversBrunner1965]. The dictionary tradition also preserves	non-regular model entry		left broad; outside the targeted high-yield cleanup set	left_broad		same_source_has_locator_elsewhere_in_volume=yes; prior_classification=unresolved; line=4820
lap — OE lappa	early_analogy	ClarkHall1960	[@ClarkHall1960; @BosworthToller1898, 613]	_læppa_ [@ClarkHall1960; @BosworthToller1898, 613].	non-regular model entry		left broad; no safe headword/page pairing was verified in this pass	left_broad		same_source_has_locator_elsewhere_in_volume=yes; prior_classification=safe; line=4821
lap — OE lappa	early_analogy	Campbell1959	[@Campbell1959; @SieversBrunner1965]	[@Campbell1959; @SieversBrunner1965]. With the weak masculine input chosen, the	non-regular model entry		left broad this pass; conditional source not re-verified here unless the target claim was safely anchored	left_broad		same_source_has_locator_elsewhere_in_volume=yes; prior_classification=conditional; line=4832
lap — OE lappa	early_analogy	SieversBrunner1965	[@Campbell1959; @SieversBrunner1965]	[@Campbell1959; @SieversBrunner1965]. With the weak masculine input chosen, the	non-regular model entry		left broad; outside the targeted high-yield cleanup set	left_broad		same_source_has_locator_elsewhere_in_volume=yes; prior_classification=unresolved; line=4832
laugh — OE hliehhan	early_analogy	BosworthToller1898	[@BosworthToller1898; @ClarkHall1960; @BrightCassidyRingler1971]	[@BosworthToller1898; @ClarkHall1960; @BrightCassidyRingler1971]. The target of	non-regular model entry		left broad this pass; conditional source not re-verified here unless the target claim was safely anchored	left_broad		same_source_has_locator_elsewhere_in_volume=yes; prior_classification=conditional; line=4916
laugh — OE hliehhan	early_analogy	ClarkHall1960	[@BosworthToller1898; @ClarkHall1960; @BrightCassidyRingler1971]	[@BosworthToller1898; @ClarkHall1960; @BrightCassidyRingler1971]. The target of	non-regular model entry		left broad; no safe headword/page pairing was verified in this pass	left_broad		same_source_has_locator_elsewhere_in_volume=yes; prior_classification=safe; line=4916
laugh — OE hliehhan	early_analogy	BrightCassidyRingler1971	[@BosworthToller1898; @ClarkHall1960; @BrightCassidyRingler1971]	[@BosworthToller1898; @ClarkHall1960; @BrightCassidyRingler1971]. The target of	non-regular model entry		left broad; no safe headword/page pairing was verified in this pass	left_broad		same_source_has_locator_elsewhere_in_volume=yes; prior_classification=safe; line=4916
laugh — OE hliehhan	early_analogy	Fulk2018	[@Fulk2018; @Campbell1959]	[@Fulk2018; @Campbell1959]. Ringe and Taylor discuss the broken vowel of the	non-regular model entry		left broad; no safe headword/page pairing was verified in this pass	left_broad		same_source_has_locator_elsewhere_in_volume=yes; prior_classification=safe; line=4926
laugh — OE hliehhan	early_analogy	Campbell1959	[@Fulk2018; @Campbell1959]	[@Fulk2018; @Campbell1959]. Ringe and Taylor discuss the broken vowel of the	non-regular model entry		left broad this pass; conditional source not re-verified here unless the target claim was safely anchored	left_broad		same_source_has_locator_elsewhere_in_volume=yes; prior_classification=conditional; line=4926
laugh — OE hliehhan	early_analogy	RingeTaylor2014	[@RingeTaylor2014]	related noun _hleahtor_ [@RingeTaylor2014].	non-regular model entry		left broad; no safe headword/page pairing was verified in this pass	left_broad		same_source_has_locator_elsewhere_in_volume=yes; prior_classification=safe; line=4928
loam — OE lām	early_analogy	Orel2003	[@Orel2003; @Kroonen2013, 363]	[@Orel2003; @Kroonen2013, 363]. The selected input _\*láimą_ differs from the	non-regular model entry		left broad; no safe headword/page pairing was verified in this pass	left_broad		same_source_has_locator_elsewhere_in_volume=yes; prior_classification=safe; line=4993
loam — OE lām	early_analogy	BosworthToller1898	[@BosworthToller1898; @ClarkHall1960, 196]	clay, mud' [@BosworthToller1898; @ClarkHall1960, 196]. The target is an attested	non-regular model entry		left broad this pass; conditional source not re-verified here unless the target claim was safely anchored	left_broad		same_source_has_locator_elsewhere_in_volume=yes; prior_classification=conditional; line=5003
lung — OE lungen	early_analogy	Kroonen2013	[@Kroonen2013]	Germanic cognates [@Kroonen2013]. The selected input _\*lúnganjō_ models that	non-regular model entry		left broad; no safe headword/page pairing was verified in this pass	left_broad		same_source_has_locator_elsewhere_in_volume=yes; prior_classification=safe; line=5082
lung — OE lungen	early_analogy	ClarkHall1960	[@ClarkHall1960]	[@ClarkHall1960].	non-regular model entry		left broad; no safe headword/page pairing was verified in this pass	left_broad		same_source_has_locator_elsewhere_in_volume=yes; prior_classification=safe; line=5096
navel — OE nafola	early_analogy	Kroonen2013	[@Kroonen2013; @RingeTaylor2014]	while Ringe and Taylor give the derivational pathway _\*nabulō_ > _\*næbula_ > _nafola_ [@Kroonen2013; @RingeTaylor2014]. The difference is one of stage and	non-regular model entry		left broad; no safe headword/page pairing was verified in this pass	left_broad		same_source_has_locator_elsewhere_in_volume=yes; prior_classification=safe; line=5171
navel — OE nafola	early_analogy	RingeTaylor2014	[@Kroonen2013; @RingeTaylor2014]	while Ringe and Taylor give the derivational pathway _\*nabulō_ > _\*næbula_ > _nafola_ [@Kroonen2013; @RingeTaylor2014]. The difference is one of stage and	non-regular model entry		left broad; no safe headword/page pairing was verified in this pass	left_broad		same_source_has_locator_elsewhere_in_volume=yes; prior_classification=safe; line=5171
navel — OE nafola	early_analogy	RingeTaylor2014	[@RingeTaylor2014; @Campbell1959]	[@RingeTaylor2014; @Campbell1959]. The target of this entry is the nominative	non-regular model entry		left broad; no safe headword/page pairing was verified in this pass	left_broad		same_source_has_locator_elsewhere_in_volume=yes; prior_classification=safe; line=5183
navel — OE nafola	early_analogy	Campbell1959	[@RingeTaylor2014; @Campbell1959]	[@RingeTaylor2014; @Campbell1959]. The target of this entry is the nominative	non-regular model entry		left broad this pass; conditional source not re-verified here unless the target claim was safely anchored	left_broad		same_source_has_locator_elsewhere_in_volume=yes; prior_classification=conditional; line=5183
navel — OE nafola	early_analogy	RingeTaylor2014	[@RingeTaylor2014]	[@RingeTaylor2014]. Intervocalic _b_ then surfaces as _f_, and final weak-tail	non-regular model entry		left broad; no safe headword/page pairing was verified in this pass	left_broad		same_source_has_locator_elsewhere_in_volume=yes; prior_classification=safe; line=5195
neck — OE hnecca	early_analogy	Kroonen2011	[@Kroonen2011]	[@Kroonen2011]. Kluge-Seebold likewise identifies _ae. hnecca_ as an ablaut	non-regular model entry		left broad; outside the targeted high-yield cleanup set	left_broad		same_source_has_locator_elsewhere_in_volume=no; prior_classification=unresolved; line=5263
neck — OE hnecca	early_analogy	KlugeSeebold2011	[@KlugeSeebold2011]	partner of the a-grade _Nacken_ family [@KlugeSeebold2011].	non-regular model entry		left broad; source remains quarantined pending better page evidence	left_broad		same_source_has_locator_elsewhere_in_volume=no; prior_classification=quarantined; line=5264
neck — OE hnecca	early_analogy	Orel2003	[@Orel2003]	Orel also gives an a-grade headword line [@Orel2003]. The selected input	non-regular model entry		left broad; no safe headword/page pairing was verified in this pass	left_broad		same_source_has_locator_elsewhere_in_volume=yes; prior_classification=safe; line=5267
neck — OE hnecca	early_analogy	ClarkHall1960	[@ClarkHall1960; @BosworthToller1898, 567]	[@ClarkHall1960; @BosworthToller1898, 567]. The target is therefore an attested	non-regular model entry		left broad; no safe headword/page pairing was verified in this pass	left_broad		same_source_has_locator_elsewhere_in_volume=yes; prior_classification=safe; line=5273
needle — OE nǣdl	early_analogy	RingeTaylor2014	[@RingeTaylor2014; @Ringe2006]	cites the pair _\*nēþlō-_ ~ _\*nēdlō-_ [@RingeTaylor2014; @Ringe2006]. The selected	non-regular model entry		left broad; no safe headword/page pairing was verified in this pass	left_broad		same_source_has_locator_elsewhere_in_volume=yes; prior_classification=safe; line=5354
needle — OE nǣdl	early_analogy	Ringe2006	[@RingeTaylor2014; @Ringe2006]	cites the pair _\*nēþlō-_ ~ _\*nēdlō-_ [@RingeTaylor2014; @Ringe2006]. The selected	non-regular model entry		left broad; outside the targeted high-yield cleanup set	left_broad		same_source_has_locator_elsewhere_in_volume=no; prior_classification=unresolved; line=5354
needle — OE nǣdl	early_analogy	Kroonen2013	[@Kroonen2013; @Orel2003]	[@Kroonen2013; @Orel2003]. The development discussed here follows the	non-regular model entry		left broad; no safe headword/page pairing was verified in this pass	left_broad		same_source_has_locator_elsewhere_in_volume=yes; prior_classification=safe; line=5359
needle — OE nǣdl	early_analogy	Orel2003	[@Kroonen2013; @Orel2003]	[@Kroonen2013; @Orel2003]. The development discussed here follows the	non-regular model entry		left broad; no safe headword/page pairing was verified in this pass	left_broad		same_source_has_locator_elsewhere_in_volume=yes; prior_classification=safe; line=5359
needle — OE nǣdl	early_analogy	ClarkHall1960	[@ClarkHall1960]	Old English has the attested citation form _nǣdl_ [@ClarkHall1960]. Campbell	non-regular model entry		left broad; no safe headword/page pairing was verified in this pass	left_broad		same_source_has_locator_elsewhere_in_volume=yes; prior_classification=safe; line=5364
needle — OE nǣdl	early_analogy	Campbell1959	[@Campbell1959; @Hogg1992]	[@Campbell1959; @Hogg1992].	non-regular model entry		left broad this pass; conditional source not re-verified here unless the target claim was safely anchored	left_broad		same_source_has_locator_elsewhere_in_volume=yes; prior_classification=conditional; line=5367
needle — OE nǣdl	early_analogy	Hogg1992	[@Campbell1959; @Hogg1992]	[@Campbell1959; @Hogg1992].	non-regular model entry		left broad; outside the targeted high-yield cleanup set	left_broad		same_source_has_locator_elsewhere_in_volume=yes; prior_classification=unresolved; line=5367
needle — OE nǣdl	early_analogy	RingeTaylor2014	[@RingeTaylor2014; @Campbell1959]	_\*nǣdlu_, and finally _\*nǣdl_, hence _nǣdl_ [@RingeTaylor2014; @Campbell1959].	non-regular model entry		left broad; no safe headword/page pairing was verified in this pass	left_broad		same_source_has_locator_elsewhere_in_volume=yes; prior_classification=safe; line=5375
needle — OE nǣdl	early_analogy	Campbell1959	[@RingeTaylor2014; @Campbell1959]	_\*nǣdlu_, and finally _\*nǣdl_, hence _nǣdl_ [@RingeTaylor2014; @Campbell1959].	non-regular model entry		left broad this pass; conditional source not re-verified here unless the target claim was safely anchored	left_broad		same_source_has_locator_elsewhere_in_volume=yes; prior_classification=conditional; line=5375
nose — OE nosu	early_analogy	Kroonen2013	[@Kroonen2013]	remodeling of the older paradigm [@Kroonen2013]. Campbell is more specific for	non-regular model entry		left broad; no safe headword/page pairing was verified in this pass	left_broad		same_source_has_locator_elsewhere_in_volume=yes; prior_classification=safe; line=5442
nose — OE nosu	early_analogy	Campbell1959	[@Campbell1959]	Old English, citing _nosu_ < _\*nusō_ [@Campbell1959].	non-regular model entry		left broad this pass; conditional source not re-verified here unless the target claim was safely anchored	left_broad		same_source_has_locator_elsewhere_in_volume=yes; prior_classification=conditional; line=5443
nose — OE nosu	early_analogy	Orel2003	[@Orel2003]	lines should not be collapsed without comment [@Orel2003].	non-regular model entry		left broad; no safe headword/page pairing was verified in this pass	left_broad		same_source_has_locator_elsewhere_in_volume=yes; prior_classification=safe; line=5448
nose — OE nosu	early_analogy	RingeTaylor2014	[@RingeTaylor2014]	surviving early Old English feminine u-stems [@RingeTaylor2014]. Clark Hall	non-regular model entry		left broad; no safe headword/page pairing was verified in this pass	left_broad		same_source_has_locator_elsewhere_in_volume=yes; prior_classification=safe; line=5453
nose — OE nosu	early_analogy	ClarkHall1960	[@ClarkHall1960]	_nasu_ to _nosu_ [@ClarkHall1960].	non-regular model entry		left broad; no safe headword/page pairing was verified in this pass	left_broad		same_source_has_locator_elsewhere_in_volume=yes; prior_classification=safe; line=5455
sap — OE sæp	early_analogy	Kroonen2013	[@Kroonen2013]	n-stem _\*safō_, gen. _\*sappaz_ [@Kroonen2013]. Orel preserves the comparative	non-regular model entry		left broad; no safe headword/page pairing was verified in this pass	left_broad		same_source_has_locator_elsewhere_in_volume=yes; prior_classification=safe; line=5531
sap — OE sæp	early_analogy	Orel2003	[@Orel2003]	notation _\*sapōn_ ~ _\*sapan_ [@Orel2003], while Kluge-Seebold instead gives West	non-regular model entry		left broad; no safe headword/page pairing was verified in this pass	left_broad		same_source_has_locator_elsewhere_in_volume=yes; prior_classification=safe; line=5532
sap — OE sæp	early_analogy	KlugeSeebold2011	[@KlugeSeebold2011]	Germanic _\*sapi-_ and still cites Old English _sæp_ n. [@KlugeSeebold2011].	non-regular model entry		left broad; source remains quarantined pending better page evidence	left_broad		same_source_has_locator_elsewhere_in_volume=no; prior_classification=quarantined; line=5533
sap — OE sæp	early_analogy	ClarkHall1960	[@ClarkHall1960]	Clark Hall records _sæp_ (e) n. [@ClarkHall1960], and Kluge-Seebold likewise	non-regular model entry		left broad; no safe headword/page pairing was verified in this pass	left_broad		same_source_has_locator_elsewhere_in_volume=yes; prior_classification=safe; line=5541
sap — OE sæp	early_analogy	KlugeSeebold2011	[@KlugeSeebold2011]	cites ae. _sæp_ n. [@KlugeSeebold2011]. The target is therefore an attested	non-regular model entry		left broad; source remains quarantined pending better page evidence	left_broad		same_source_has_locator_elsewhere_in_volume=no; prior_classification=quarantined; line=5542
sap — OE sæp	early_analogy	Orel2003	[@Orel2003]	[@Orel2003].	non-regular model entry		left broad; no safe headword/page pairing was verified in this pass	left_broad		same_source_has_locator_elsewhere_in_volume=yes; prior_classification=safe; line=5545
sea — OE sǣ	early_analogy	Kroonen2013	[@Kroonen2013]	reflex is cited as OE _sæ_ [@Kroonen2013]. Ringe and Taylor write the fuller	non-regular model entry		left broad; no safe headword/page pairing was verified in this pass	left_broad		same_source_has_locator_elsewhere_in_volume=yes; prior_classification=safe; line=5625
sea — OE sǣ	early_analogy	Kroonen2013	[@Kroonen2013]	the normalized form here is _sǣ_ [@Kroonen2013]. Campbell likewise treats	non-regular model entry		left broad; no safe headword/page pairing was verified in this pass	left_broad		same_source_has_locator_elsewhere_in_volume=yes; prior_classification=safe; line=5635
sieve — OE sife	early_analogy	Kroonen2013	[@Kroonen2013]	source of Old English _sibb_ [@Kroonen2013]. Orel's _\*sibaz_ ... OE _sife_	non-regular model entry		left broad; no safe headword/page pairing was verified in this pass	left_broad		same_source_has_locator_elsewhere_in_volume=yes; prior_classification=safe; line=5713
sieve — OE sife	early_analogy	Orel2003	[@Orel2003]	Old English form treated here [@Orel2003].	non-regular model entry		left broad; no safe headword/page pairing was verified in this pass	left_broad		same_source_has_locator_elsewhere_in_volume=yes; prior_classification=safe; line=5715
sieve — OE sife	early_analogy	ClarkHall1960	[@ClarkHall1960]	[@ClarkHall1960]. Campbell likewise cites Corpus Glossary _sibi_ and treats	non-regular model entry		left broad; no safe headword/page pairing was verified in this pass	left_broad		same_source_has_locator_elsewhere_in_volume=yes; prior_classification=safe; line=5720
spare — OE sparian	early_analogy	Kroonen2013	[@Kroonen2013; @Orel2003]	Kroonen and Orel keep the inherited verb under class-III _\*sparēn-_ / _\*sparēnan_ [@Kroonen2013; @Orel2003]. Ringe and Taylor, however, reconstruct	non-regular model entry		left broad; no safe headword/page pairing was verified in this pass	left_broad		same_source_has_locator_elsewhere_in_volume=yes; prior_classification=safe; line=5799
spare — OE sparian	early_analogy	Orel2003	[@Kroonen2013; @Orel2003]	Kroonen and Orel keep the inherited verb under class-III _\*sparēn-_ / _\*sparēnan_ [@Kroonen2013; @Orel2003]. Ringe and Taylor, however, reconstruct	non-regular model entry		left broad; no safe headword/page pairing was verified in this pass	left_broad		same_source_has_locator_elsewhere_in_volume=yes; prior_classification=safe; line=5799
staff — OE stæf	early_analogy	Kroonen2013	[@Kroonen2013]	reconstructs an a-stem _\*staba-_ [@Kroonen2013], Orel writes _\*stabiz_ ~ _\*stabaz_ [@Orel2003], and Kluge-Seebold explicitly marks g. _\*stabi-_/a-	non-regular model entry		left broad; no safe headword/page pairing was verified in this pass	left_broad		same_source_has_locator_elsewhere_in_volume=yes; prior_classification=safe; line=5891
staff — OE stæf	early_analogy	Orel2003	[@Orel2003]	reconstructs an a-stem _\*staba-_ [@Kroonen2013], Orel writes _\*stabiz_ ~ _\*stabaz_ [@Orel2003], and Kluge-Seebold explicitly marks g. _\*stabi-_/a-	non-regular model entry		left broad; no safe headword/page pairing was verified in this pass	left_broad		same_source_has_locator_elsewhere_in_volume=yes; prior_classification=safe; line=5891
staff — OE stæf	early_analogy	KlugeSeebold2011	[@KlugeSeebold2011]	[@KlugeSeebold2011]. That disagreement matters because a direct i-stem input in	non-regular model entry		left broad; source remains quarantined pending better page evidence	left_broad		same_source_has_locator_elsewhere_in_volume=no; prior_classification=quarantined; line=5892
staff — OE stæf	early_analogy	RingeTaylor2014	[@RingeTaylor2014]	Taylor pair singular _stæf_ with plural _stafas_ [@RingeTaylor2014]. The	non-regular model entry		left broad; no safe headword/page pairing was verified in this pass	left_broad		same_source_has_locator_elsewhere_in_volume=yes; prior_classification=safe; line=5900
stem — OE stefn	early_analogy	ClarkHall1960	[@ClarkHall1960]	_stemn_ to the same word [@ClarkHall1960]. Ringe and Taylor give the OE	non-regular model entry		left broad; no safe headword/page pairing was verified in this pass	left_broad		same_source_has_locator_elsewhere_in_volume=yes; prior_classification=safe; line=5990
swan — OE swanes	early_analogy	ClarkHall1960	[@ClarkHall1960]	[@ClarkHall1960]. Bright's glossary, however, also records the exact inflected	non-regular model entry		left broad; no safe headword/page pairing was verified in this pass	left_broad		same_source_has_locator_elsewhere_in_volume=yes; prior_classification=safe; line=6078
swan — OE swanes	early_analogy	BrightCassidyRingler1971	[@BrightCassidyRingler1971]	and cites the phrase _swanes feðre_ [@BrightCassidyRingler1971].	non-regular model entry		left broad; no safe headword/page pairing was verified in this pass	left_broad		same_source_has_locator_elsewhere_in_volume=yes; prior_classification=safe; line=6080
timber — OE timber	early_analogy	Kroonen2013	[@Kroonen2013]	_timber_ among its continuations [@Kroonen2013]. Ringe and Taylor instead	non-regular model entry		left broad; no safe headword/page pairing was verified in this pass	left_broad		same_source_has_locator_elsewhere_in_volume=yes; prior_classification=safe; line=6249
timber — OE timber	early_analogy	RingeTaylor2014	[@RingeTaylor2014]	Old English _timber_ [@RingeTaylor2014].	non-regular model entry		left broad; no safe headword/page pairing was verified in this pass	left_broad		same_source_has_locator_elsewhere_in_volume=yes; prior_classification=safe; line=6251
timber — OE timber	early_analogy	ClarkHall1960	[@ClarkHall1960]	a variant spelling [@ClarkHall1960]. The Old English form is thus an ordinary	non-regular model entry		left broad; no safe headword/page pairing was verified in this pass	left_broad		same_source_has_locator_elsewhere_in_volume=yes; prior_classification=safe; line=6260
wake — OE wacan	early_analogy	Kroonen2013	[@Kroonen2013]	_wacan_ [@Kroonen2013]. Ringe and Taylor separately derive Old English	non-regular model entry		left broad; no safe headword/page pairing was verified in this pass	left_broad		same_source_has_locator_elsewhere_in_volume=yes; prior_classification=safe; line=6336
wake — OE wacan	early_analogy	ClarkHall1960	[@ClarkHall1960]	[@ClarkHall1960]. Bosworth-Toller adds an important caution under	non-regular model entry		left broad; no safe headword/page pairing was verified in this pass	left_broad		same_source_has_locator_elsewhere_in_volume=yes; prior_classification=safe; line=6346
water — OE wæter	early_analogy	BrightCassidyRingler1971	[@BrightCassidyRingler1971]	[@BrightCassidyRingler1971]. Ringe and Taylor add the dialectal contrast	non-regular model entry		left broad; no safe headword/page pairing was verified in this pass	left_broad		same_source_has_locator_elsewhere_in_volume=yes; prior_classification=safe; line=6435
whale — OE hwæl	early_analogy	Orel2003	[@Orel2003]	mixed _\*xwaliz_ evidence [@Orel2003]. Kroonen instead cites	non-regular model entry		left broad; no safe headword/page pairing was verified in this pass	left_broad		same_source_has_locator_elsewhere_in_volume=yes; prior_classification=safe; line=6512
whale — OE hwæl	early_analogy	Kroonen2013	[@Kroonen2013]	_\*hwali-_ [@Kroonen2013].	non-regular model entry		left broad; no safe headword/page pairing was verified in this pass	left_broad		same_source_has_locator_elsewhere_in_volume=yes; prior_classification=safe; line=6513
whale — OE hwæl	early_analogy	ClarkHall1960	[@ClarkHall1960; @BosworthToller1898, 326]	plural _hwalas_ [@ClarkHall1960; @BosworthToller1898, 326]. The comparison form	non-regular model entry		left broad; no safe headword/page pairing was verified in this pass	left_broad		same_source_has_locator_elsewhere_in_volume=yes; prior_classification=safe; line=6522
whine — OE hwīnan	early_analogy	Kroonen2013	[@Kroonen2013; @Orel2003]	_\*xwinanan_ from weak _\*wainōjanan_ [@Kroonen2013; @Orel2003]. Ringe and	non-regular model entry		left broad; no safe headword/page pairing was verified in this pass	left_broad		same_source_has_locator_elsewhere_in_volume=yes; prior_classification=safe; line=6601
whine — OE hwīnan	early_analogy	Orel2003	[@Kroonen2013; @Orel2003]	_\*xwinanan_ from weak _\*wainōjanan_ [@Kroonen2013; @Orel2003]. Ringe and	non-regular model entry		left broad; no safe headword/page pairing was verified in this pass	left_broad		same_source_has_locator_elsewhere_in_volume=yes; prior_classification=safe; line=6601
whine — OE hwīnan	early_analogy	RingeTaylor2014	[@RingeTaylor2014]	_hvina_ and Old English _hwinan_ to the same strong verb [@RingeTaylor2014].	non-regular model entry		left broad; no safe headword/page pairing was verified in this pass	left_broad		same_source_has_locator_elsewhere_in_volume=yes; prior_classification=safe; line=6603
whine — OE hwīnan	early_analogy	Kroonen2013	[@Kroonen2013; @Orel2003]	inflection [@Kroonen2013; @Orel2003]. The selected input _\*xwī́naną_ therefore	non-regular model entry		left broad; no safe headword/page pairing was verified in this pass	left_broad		same_source_has_locator_elsewhere_in_volume=yes; prior_classification=safe; line=6608
whine — OE hwīnan	early_analogy	Orel2003	[@Kroonen2013; @Orel2003]	inflection [@Kroonen2013; @Orel2003]. The selected input _\*xwī́naną_ therefore	non-regular model entry		left broad; no safe headword/page pairing was verified in this pass	left_broad		same_source_has_locator_elsewhere_in_volume=yes; prior_classification=safe; line=6608
whine — OE hwīnan	early_analogy	ClarkHall1960	[@ClarkHall1960]	[@ClarkHall1960]. Seebold keeps the verb among the strong verbs and notes that	non-regular model entry		left broad; no safe headword/page pairing was verified in this pass	left_broad		same_source_has_locator_elsewhere_in_volume=yes; prior_classification=safe; line=6615
whine — OE hwīnan	early_analogy	Seebold1970	[@Seebold1970; @SieversBrunner1965]	likewise lists _hwinan stv._ [@Seebold1970; @SieversBrunner1965].	non-regular model entry		left broad; no safe headword/page pairing was verified in this pass	left_broad		same_source_has_locator_elsewhere_in_volume=yes; prior_classification=safe; line=6617
whine — OE hwīnan	early_analogy	SieversBrunner1965	[@Seebold1970; @SieversBrunner1965]	likewise lists _hwinan stv._ [@Seebold1970; @SieversBrunner1965].	non-regular model entry		left broad; outside the targeted high-yield cleanup set	left_broad		same_source_has_locator_elsewhere_in_volume=yes; prior_classification=unresolved; line=6617
withy — OE wīþiġ	early_analogy	KlugeSeebold2011	[@KlugeSeebold2011; @Orel2003]	_\*wīþja_/_ō-_ or _\*wiþ-_ type [@KlugeSeebold2011; @Orel2003]. That material is	non-regular model entry		left broad; source remains quarantined pending better page evidence	left_broad		same_source_has_locator_elsewhere_in_volume=no; prior_classification=quarantined; line=6698
withy — OE wīþiġ	early_analogy	Orel2003	[@KlugeSeebold2011; @Orel2003]	_\*wīþja_/_ō-_ or _\*wiþ-_ type [@KlugeSeebold2011; @Orel2003]. That material is	non-regular model entry		left broad; no safe headword/page pairing was verified in this pass	left_broad		same_source_has_locator_elsewhere_in_volume=yes; prior_classification=safe; line=6698
withy — OE wīþiġ	early_analogy	Campbell1959	[@Campbell1959; @Adamczyk2001]	[@Campbell1959; @Adamczyk2001]. The selected input _\*wī́θagą_ is thus a	non-regular model entry		left broad this pass; conditional source not re-verified here unless the target claim was safely anchored	left_broad		same_source_has_locator_elsewhere_in_volume=yes; prior_classification=conditional; line=6708
withy — OE wīþiġ	early_analogy	Adamczyk2001	[@Campbell1959; @Adamczyk2001]	[@Campbell1959; @Adamczyk2001]. The selected input _\*wī́θagą_ is thus a	non-regular model entry		left broad; outside the targeted high-yield cleanup set	left_broad		same_source_has_locator_elsewhere_in_volume=no; prior_classification=unresolved; line=6708
withy — OE wīþiġ	early_analogy	ClarkHall1960	[@ClarkHall1960]	same lexical base [@ClarkHall1960]. The form used here, _wīþiġ_, is a	non-regular model entry		left broad; no safe headword/page pairing was verified in this pass	left_broad		same_source_has_locator_elsewhere_in_volume=yes; prior_classification=safe; line=6714
world — OE weorold	early_analogy	Orel2003	[@Orel2003; @RingeTaylor2014, 341]	[@Orel2003; @RingeTaylor2014, 341]. Kluge-Seebold preserves both tendencies by	non-regular model entry		left broad; no safe headword/page pairing was verified in this pass	left_broad		same_source_has_locator_elsewhere_in_volume=yes; prior_classification=safe; line=6803
world — OE weorold	early_analogy	KlugeSeebold2011	[@KlugeSeebold2011]	giving compound _\*wira-aldō_ beside simplex _\*wera-_ [@KlugeSeebold2011].	non-regular model entry		left broad; source remains quarantined pending better page evidence	left_broad		same_source_has_locator_elsewhere_in_volume=no; prior_classification=quarantined; line=6804
world — OE weorold	early_analogy	SieversBrunner1965	[@SieversBrunner1965; @BrightCassidyRingler1971, 465]	[@SieversBrunner1965; @BrightCassidyRingler1971, 465].	non-regular model entry		left broad; outside the targeted high-yield cleanup set	left_broad		same_source_has_locator_elsewhere_in_volume=yes; prior_classification=unresolved; line=6819
youth — OE ġeoguþ	early_analogy	Kroonen2013	[@Kroonen2013; @Fulk2018]	_\*ju(w)unþi-_ [@Kroonen2013; @Fulk2018]. The selected comparative label	non-regular model entry		left broad; no safe headword/page pairing was verified in this pass	left_broad		same_source_has_locator_elsewhere_in_volume=yes; prior_classification=safe; line=6905
youth — OE ġeoguþ	early_analogy	Fulk2018	[@Kroonen2013; @Fulk2018]	_\*ju(w)unþi-_ [@Kroonen2013; @Fulk2018]. The selected comparative label	non-regular model entry		left broad; no safe headword/page pairing was verified in this pass	left_broad		same_source_has_locator_elsewhere_in_volume=yes; prior_classification=safe; line=6905
youth — OE ġeoguþ	early_analogy	RingeTaylor2014	[@RingeTaylor2014]	_\*jugunþi_ > _\*juguþ_ > OE _geoguþ_ ~ _iuguþ_ [@RingeTaylor2014]. Campbell makes the	non-regular model entry		left broad; no safe headword/page pairing was verified in this pass	left_broad		same_source_has_locator_elsewhere_in_volume=yes; prior_classification=safe; line=6911
youth — OE ġeoguþ	early_analogy	Campbell1959	[@Campbell1959]	history [@Campbell1959]. The selected input therefore differs from the broader	non-regular model entry		left broad this pass; conditional source not re-verified here unless the target claim was safely anchored	left_broad		same_source_has_locator_elsewhere_in_volume=yes; prior_classification=conditional; line=6913
youth — OE ġeoguþ	early_analogy	Campbell1959	[@Campbell1959; @RingeTaylor2014]	_geoguþ_ ~ _iuguþ_ [@Campbell1959; @RingeTaylor2014]. The form is normalized here	non-regular model entry		left broad this pass; conditional source not re-verified here unless the target claim was safely anchored	left_broad		same_source_has_locator_elsewhere_in_volume=yes; prior_classification=conditional; line=6921
youth — OE ġeoguþ	early_analogy	RingeTaylor2014	[@Campbell1959; @RingeTaylor2014]	_geoguþ_ ~ _iuguþ_ [@Campbell1959; @RingeTaylor2014]. The form is normalized here	non-regular model entry		left broad; no safe headword/page pairing was verified in this pass	left_broad		same_source_has_locator_elsewhere_in_volume=yes; prior_classification=safe; line=6921
youth — OE ġeoguþ	early_analogy	RingeTaylor2014	[@RingeTaylor2014]	_y_-type vowel instead of the attested form [@RingeTaylor2014].	non-regular model entry		left broad; no safe headword/page pairing was verified in this pass	left_broad		same_source_has_locator_elsewhere_in_volume=yes; prior_classification=safe; line=6932
ban — OE bannes	late_analogy	Orel2003	[@Orel2003; @Seebold1970]	reflex [@Orel2003; @Seebold1970]. The citation reconstruction _\*bánną_	non-regular model entry		left broad; no safe headword/page pairing was verified in this pass	left_broad		same_source_has_locator_elsewhere_in_volume=yes; prior_classification=safe; line=7014
ban — OE bannes	late_analogy	Seebold1970	[@Orel2003; @Seebold1970]	reflex [@Orel2003; @Seebold1970]. The citation reconstruction _\*bánną_	non-regular model entry		left broad; no safe headword/page pairing was verified in this pass	left_broad		same_source_has_locator_elsewhere_in_volume=yes; prior_classification=safe; line=7014
ban — OE bannes	late_analogy	ClarkHall1960	[@ClarkHall1960; @BosworthToller1898, 303]	_gebanne_ [@ClarkHall1960; @BosworthToller1898, 303]. The exact unprefixed genitive	non-regular model entry		left broad; no safe headword/page pairing was verified in this pass	left_broad		same_source_has_locator_elsewhere_in_volume=yes; prior_classification=safe; line=7025
ban — OE bannes	late_analogy	Campbell1959	[@Campbell1959]	regular nominative outcome is _ban_ [@Campbell1959].	non-regular model entry		left broad this pass; conditional source not re-verified here unless the target claim was safely anchored	left_broad		same_source_has_locator_elsewhere_in_volume=yes; prior_classification=conditional; line=7035
berry — OE berġes	late_analogy	Kroonen2013	[@Kroonen2013]	Kroonen reconstructs the berry noun as _\*basja-_ ~ _\*bazja-_ [@Kroonen2013]. The	non-regular model entry		left broad; no safe headword/page pairing was verified in this pass	left_broad		same_source_has_locator_elsewhere_in_volume=yes; prior_classification=safe; line=7097
berry — OE berġes	late_analogy	RingeTaylor2014	[@RingeTaylor2014]	an Old English paradigm without any hidden gemination repair [@RingeTaylor2014].	non-regular model entry		left broad; no safe headword/page pairing was verified in this pass	left_broad		same_source_has_locator_elsewhere_in_volume=yes; prior_classification=safe; line=7103
berry — OE berġes	late_analogy	RingeTaylor2014	[@RingeTaylor2014]	way that Ringe and Taylor cite _herges_ beside _here_ [@RingeTaylor2014]. This	non-regular model entry		left broad; no safe headword/page pairing was verified in this pass	left_broad		same_source_has_locator_elsewhere_in_volume=yes; prior_classification=safe; line=7117
cow — OE cȳ	late_analogy	ClarkHall1960	[@ClarkHall1960]	dat.sg. _cȳ_, nom.-acc.pl. _cȳ_, and dat.pl. _cūm_ [@ClarkHall1960]. Ringe and	non-regular model entry		left broad; no safe headword/page pairing was verified in this pass	left_broad		same_source_has_locator_elsewhere_in_volume=yes; prior_classification=safe; line=7292
find — OE fundene	late_analogy	RingeTaylor2014	[@RingeTaylor2014]	_findan_ [@RingeTaylor2014]. The selected input _\*fúnðanǭ_, however, belongs to	non-regular model entry		left broad; no safe headword/page pairing was verified in this pass	left_broad		same_source_has_locator_elsewhere_in_volume=yes; prior_classification=safe; line=7384
find — OE fundene	late_analogy	Campbell1959	[@Campbell1959; @Luick1914; @SieversBrunner1965]	cases of the paradigm [@Campbell1959; @Luick1914; @SieversBrunner1965]. The	non-regular model entry		left broad this pass; conditional source not re-verified here unless the target claim was safely anchored	left_broad		same_source_has_locator_elsewhere_in_volume=yes; prior_classification=conditional; line=7391
find — OE fundene	late_analogy	Luick1914	[@Campbell1959; @Luick1914; @SieversBrunner1965]	cases of the paradigm [@Campbell1959; @Luick1914; @SieversBrunner1965]. The	non-regular model entry		left broad this pass; conditional source not re-verified here unless the target claim was safely anchored	left_broad		same_source_has_locator_elsewhere_in_volume=yes; prior_classification=conditional; line=7391
find — OE fundene	late_analogy	SieversBrunner1965	[@Campbell1959; @Luick1914; @SieversBrunner1965]	cases of the paradigm [@Campbell1959; @Luick1914; @SieversBrunner1965]. The	non-regular model entry		left broad; outside the targeted high-yield cleanup set	left_broad		same_source_has_locator_elsewhere_in_volume=yes; prior_classification=unresolved; line=7391
find — OE fundene	late_analogy	BosworthToller1898	[@BosworthToller1898]	participial form [@BosworthToller1898]. Clark Hall likewise preserves the	non-regular model entry		left broad this pass; conditional source not re-verified here unless the target claim was safely anchored	left_broad		same_source_has_locator_elsewhere_in_volume=yes; prior_classification=conditional; line=7398
find — OE fundene	late_analogy	ClarkHall1960	[@ClarkHall1960]	[@ClarkHall1960].	non-regular model entry		left broad; no safe headword/page pairing was verified in this pass	left_broad		same_source_has_locator_elsewhere_in_volume=yes; prior_classification=safe; line=7400
fright — OE fyrhte	late_analogy	Orel2003	[@Orel2003]	as Gothic _faurhtei_ [@Orel2003]. The selected input _\*fúrxtīnaz_ is not a	non-regular model entry		left broad; no safe headword/page pairing was verified in this pass	left_broad		same_source_has_locator_elsewhere_in_volume=yes; prior_classification=safe; line=7486
fright — OE fyrhte	late_analogy	RingeTaylor2014	[@RingeTaylor2014]	history more directly [@RingeTaylor2014]. The selected input therefore differs	non-regular model entry		left broad; no safe headword/page pairing was verified in this pass	left_broad		same_source_has_locator_elsewhere_in_volume=yes; prior_classification=safe; line=7491
fright — OE fyrhte	late_analogy	BosworthToller1898	[@BosworthToller1898]	[@BosworthToller1898]. The noun must be kept distinct from the adjective	non-regular model entry		left broad this pass; conditional source not re-verified here unless the target claim was safely anchored	left_broad		same_source_has_locator_elsewhere_in_volume=yes; prior_classification=conditional; line=7499
fright — OE fyrhte	late_analogy	ClarkHall1960	[@ClarkHall1960]	_forht_, a distinction also reflected in Clark Hall [@ClarkHall1960].	non-regular model entry		left broad; no safe headword/page pairing was verified in this pass	left_broad		same_source_has_locator_elsewhere_in_volume=yes; prior_classification=safe; line=7500
fright — OE fyrhte	late_analogy	Campbell1959	[@Campbell1959]	_-e < -i < -in_ in this class of abstracts [@Campbell1959]. That yields	non-regular model entry		left broad this pass; conditional source not re-verified here unless the target claim was safely anchored	left_broad		same_source_has_locator_elsewhere_in_volume=yes; prior_classification=conditional; line=7510
hammer — OE hameres	late_analogy	BosworthToller1898	[@BosworthToller1898]	phrase [@BosworthToller1898]. The same dictionary tradition and Clark Hall also	non-regular model entry		left broad this pass; conditional source not re-verified here unless the target claim was safely anchored	left_broad		same_source_has_locator_elsewhere_in_volume=yes; prior_classification=conditional; line=7594
hammer — OE hameres	late_analogy	BosworthToller1898	[@BosworthToller1898; @ClarkHall1960, 160]	[@BosworthToller1898; @ClarkHall1960, 160].	non-regular model entry		left broad this pass; conditional source not re-verified here unless the target claim was safely anchored	left_broad		same_source_has_locator_elsewhere_in_volume=yes; prior_classification=conditional; line=7596
hammer — OE hameres	late_analogy	SieversBrunner1965	[@SieversBrunner1965]	oblique tradition itself was not entirely uniform [@SieversBrunner1965]. The	non-regular model entry		left broad; outside the targeted high-yield cleanup set	left_broad		same_source_has_locator_elsewhere_in_volume=yes; prior_classification=unresolved; line=7599
have — OE hæfeþ	late_analogy	Kroonen2013	[@Kroonen2013; @RingeTaylor2014]	_\*xabēną_ and Old English _habban_ [@Kroonen2013; @RingeTaylor2014]. Within that	non-regular model entry		left broad; no safe headword/page pairing was verified in this pass	left_broad		same_source_has_locator_elsewhere_in_volume=yes; prior_classification=safe; line=7680
have — OE hæfeþ	late_analogy	RingeTaylor2014	[@Kroonen2013; @RingeTaylor2014]	_\*xabēną_ and Old English _habban_ [@Kroonen2013; @RingeTaylor2014]. Within that	non-regular model entry		left broad; no safe headword/page pairing was verified in this pass	left_broad		same_source_has_locator_elsewhere_in_volume=yes; prior_classification=safe; line=7680
have — OE hæfeþ	late_analogy	RingeTaylor2014	[@RingeTaylor2014]	forms [@RingeTaylor2014].	non-regular model entry		left broad; no safe headword/page pairing was verified in this pass	left_broad		same_source_has_locator_elsewhere_in_volume=yes; prior_classification=safe; line=7684
have — OE hæfeþ	late_analogy	Fulk2018	[@Fulk2018]	cleaner comparator here [@Fulk2018].	non-regular model entry		left broad; no safe headword/page pairing was verified in this pass	left_broad		same_source_has_locator_elsewhere_in_volume=yes; prior_classification=safe; line=7689
have — OE hæfeþ	late_analogy	BosworthToller1898	[@BosworthToller1898; @ClarkHall1960, 157]	shows forms of the _hæf-_ type [@BosworthToller1898; @ClarkHall1960, 157]. Campbell	non-regular model entry		left broad this pass; conditional source not re-verified here unless the target claim was safely anchored	left_broad		same_source_has_locator_elsewhere_in_volume=yes; prior_classification=conditional; line=7694
have — OE hæfeþ	late_analogy	Campbell1959	[@Campbell1959]	_hæfeþ_ [@Campbell1959].	non-regular model entry		left broad this pass; conditional source not re-verified here unless the target claim was safely anchored	left_broad		same_source_has_locator_elsewhere_in_volume=yes; prior_classification=conditional; line=7696
have — OE hæfeþ	late_analogy	RingeTaylor2014	[@RingeTaylor2014; @Campbell1959]	[@RingeTaylor2014; @Campbell1959]. The derivation of the finite form itself is	non-regular model entry		left broad; no safe headword/page pairing was verified in this pass	left_broad		same_source_has_locator_elsewhere_in_volume=yes; prior_classification=safe; line=7706
have — OE hæfeþ	late_analogy	Campbell1959	[@RingeTaylor2014; @Campbell1959]	[@RingeTaylor2014; @Campbell1959]. The derivation of the finite form itself is	non-regular model entry		left broad this pass; conditional source not re-verified here unless the target claim was safely anchored	left_broad		same_source_has_locator_elsewhere_in_volume=yes; prior_classification=conditional; line=7706
heaven — OE heofon	late_analogy	Kroonen2013	[@Kroonen2013]	_\*hemina-_ ~ _\*hemna-_ [@Kroonen2013]. The selected input _\*xémonų_ is an	non-regular model entry		left broad; no safe headword/page pairing was verified in this pass	left_broad		same_source_has_locator_elsewhere_in_volume=yes; prior_classification=safe; line=7779
heaven — OE heofon	late_analogy	Campbell1959	[@Campbell1959; @RingeTaylor2014]	[@Campbell1959; @RingeTaylor2014].	non-regular model entry		left broad this pass; conditional source not re-verified here unless the target claim was safely anchored	left_broad		same_source_has_locator_elsewhere_in_volume=yes; prior_classification=conditional; line=7786
heaven — OE heofon	late_analogy	RingeTaylor2014	[@Campbell1959; @RingeTaylor2014]	[@Campbell1959; @RingeTaylor2014].	non-regular model entry		left broad; no safe headword/page pairing was verified in this pass	left_broad		same_source_has_locator_elsewhere_in_volume=yes; prior_classification=safe; line=7786
heaven — OE heofon	late_analogy	Campbell1959	[@Campbell1959]	history of the word [@Campbell1959].	non-regular model entry		left broad this pass; conditional source not re-verified here unless the target claim was safely anchored	left_broad		same_source_has_locator_elsewhere_in_volume=yes; prior_classification=conditional; line=7793
heaven — OE heofon	late_analogy	Fulk2018	[@Fulk2018; @Campbell1959]	[@Fulk2018; @Campbell1959]. Back mutation then yields _heo-_ before the labial	non-regular model entry		left broad; no safe headword/page pairing was verified in this pass	left_broad		same_source_has_locator_elsewhere_in_volume=yes; prior_classification=safe; line=7803
heaven — OE heofon	late_analogy	Campbell1959	[@Fulk2018; @Campbell1959]	[@Fulk2018; @Campbell1959]. Back mutation then yields _heo-_ before the labial	non-regular model entry		left broad this pass; conditional source not re-verified here unless the target claim was safely anchored	left_broad		same_source_has_locator_elsewhere_in_volume=yes; prior_classification=conditional; line=7803
live — OE lifeþ	late_analogy	Kroonen2013	[@Kroonen2013]	_\*libēn-_, reflected in Old English _libban_ [@Kroonen2013]. Ringe and Taylor	non-regular model entry		left broad; no safe headword/page pairing was verified in this pass	left_broad		same_source_has_locator_elsewhere_in_volume=yes; prior_classification=safe; line=7876
live — OE lifeþ	late_analogy	RingeTaylor2014	[@RingeTaylor2014]	[@RingeTaylor2014].	non-regular model entry		left broad; no safe headword/page pairing was verified in this pass	left_broad		same_source_has_locator_elsewhere_in_volume=yes; prior_classification=safe; line=7879
live — OE lifeþ	late_analogy	BosworthToller1898	[@BosworthToller1898; @ClarkHall1960]	_lifian_ [@BosworthToller1898; @ClarkHall1960]. For this entry, however, the	non-regular model entry		left broad this pass; conditional source not re-verified here unless the target claim was safely anchored	left_broad		same_source_has_locator_elsewhere_in_volume=yes; prior_classification=conditional; line=7888
live — OE lifeþ	late_analogy	ClarkHall1960	[@BosworthToller1898; @ClarkHall1960]	_lifian_ [@BosworthToller1898; @ClarkHall1960]. For this entry, however, the	non-regular model entry		left broad; no safe headword/page pairing was verified in this pass	left_broad		same_source_has_locator_elsewhere_in_volume=yes; prior_classification=safe; line=7888
live — OE lifeþ	late_analogy	RingeTaylor2014	[@RingeTaylor2014; @Campbell1959]	normalized as _lifeþ_ [@RingeTaylor2014; @Campbell1959].	non-regular model entry		left broad; no safe headword/page pairing was verified in this pass	left_broad		same_source_has_locator_elsewhere_in_volume=yes; prior_classification=safe; line=7890
live — OE lifeþ	late_analogy	Campbell1959	[@RingeTaylor2014; @Campbell1959]	normalized as _lifeþ_ [@RingeTaylor2014; @Campbell1959].	non-regular model entry		left broad this pass; conditional source not re-verified here unless the target claim was safely anchored	left_broad		same_source_has_locator_elsewhere_in_volume=yes; prior_classification=conditional; line=7890
man — OE mannes	late_analogy	Kroonen2013	[@Kroonen2013; @Orel2003, 299; @RingeTaylor2014]	[@Kroonen2013; @Orel2003, 299; @RingeTaylor2014]. The selected input _\*mánnas_	non-regular model entry		left broad; no safe headword/page pairing was verified in this pass	left_broad		same_source_has_locator_elsewhere_in_volume=yes; prior_classification=safe; line=7965
man — OE mannes	late_analogy	RingeTaylor2014	[@Kroonen2013; @Orel2003, 299; @RingeTaylor2014]	[@Kroonen2013; @Orel2003, 299; @RingeTaylor2014]. The selected input _\*mánnas_	non-regular model entry		left broad; no safe headword/page pairing was verified in this pass	left_broad		same_source_has_locator_elsewhere_in_volume=yes; prior_classification=safe; line=7965
man — OE mannes	late_analogy	Campbell1959	[@Campbell1959]	Campbell gives the paradigm mann, _man_ / _mannes_ / _menn_ [@Campbell1959].	non-regular model entry		left broad this pass; conditional source not re-verified here unless the target claim was safely anchored	left_broad		same_source_has_locator_elsewhere_in_volume=yes; prior_classification=conditional; line=7975
man — OE mannes	late_analogy	SieversBrunner1965	[@SieversBrunner1965]	[@SieversBrunner1965]. Clark Hall keeps the dictionary headword under _mann_	non-regular model entry		left broad; outside the targeted high-yield cleanup set	left_broad		same_source_has_locator_elsewhere_in_volume=yes; prior_classification=unresolved; line=7978
man — OE mannes	late_analogy	ClarkHall1960	[@ClarkHall1960]	[@ClarkHall1960].	non-regular model entry		left broad; no safe headword/page pairing was verified in this pass	left_broad		same_source_has_locator_elsewhere_in_volume=yes; prior_classification=safe; line=7979
man — OE mannes	late_analogy	Campbell1959	[@Campbell1959]	unstressed merger gives _\*mánnes_, hence _mannes_ [@Campbell1959]. In this	non-regular model entry		left broad this pass; conditional source not re-verified here unless the target claim was safely anchored	left_broad		same_source_has_locator_elsewhere_in_volume=yes; prior_classification=conditional; line=7987
man — OE mannes	late_analogy	SieversBrunner1965	[@SieversBrunner1965]	[@SieversBrunner1965].	non-regular model entry		left broad; outside the targeted high-yield cleanup set	left_broad		same_source_has_locator_elsewhere_in_volume=yes; prior_classification=unresolved; line=7990
meed — OE meorde	late_analogy	Crist2002	[@Crist2002; @Kroonen2013; @RingeTaylor2014; @Fulk2018]	lengthening [@Crist2002; @Kroonen2013; @RingeTaylor2014; @Fulk2018], Orel keeps	non-regular model entry		left broad; outside the targeted high-yield cleanup set	left_broad		same_source_has_locator_elsewhere_in_volume=no; prior_classification=unresolved; line=8063
meed — OE meorde	late_analogy	Kroonen2013	[@Crist2002; @Kroonen2013; @RingeTaylor2014; @Fulk2018]	lengthening [@Crist2002; @Kroonen2013; @RingeTaylor2014; @Fulk2018], Orel keeps	non-regular model entry		left broad; no safe headword/page pairing was verified in this pass	left_broad		same_source_has_locator_elsewhere_in_volume=yes; prior_classification=safe; line=8063
meed — OE meorde	late_analogy	RingeTaylor2014	[@Crist2002; @Kroonen2013; @RingeTaylor2014; @Fulk2018]	lengthening [@Crist2002; @Kroonen2013; @RingeTaylor2014; @Fulk2018], Orel keeps	non-regular model entry		left broad; no safe headword/page pairing was verified in this pass	left_broad		same_source_has_locator_elsewhere_in_volume=yes; prior_classification=safe; line=8063
meed — OE meorde	late_analogy	Fulk2018	[@Crist2002; @Kroonen2013; @RingeTaylor2014; @Fulk2018]	lengthening [@Crist2002; @Kroonen2013; @RingeTaylor2014; @Fulk2018], Orel keeps	non-regular model entry		left broad; no safe headword/page pairing was verified in this pass	left_broad		same_source_has_locator_elsewhere_in_volume=yes; prior_classification=safe; line=8063
meed — OE meorde	late_analogy	Orel2003	[@Orel2003]	a doublet analysis [@Orel2003], and Kilday instead argues that West Saxon _mēd_	non-regular model entry		left broad; no safe headword/page pairing was verified in this pass	left_broad		same_source_has_locator_elsewhere_in_volume=yes; prior_classification=safe; line=8064
meed — OE meorde	late_analogy	Kilday2024	[@Kilday2024]	is a Saxono-Frisian loan [@Kilday2024]. The comparison here concerns the	non-regular model entry		left broad; outside the targeted high-yield cleanup set	left_broad		same_source_has_locator_elsewhere_in_volume=no; prior_classification=unresolved; line=8065
meed — OE meorde	late_analogy	BrightCassidyRingler1971	[@BrightCassidyRingler1971; @BosworthToller1898]	_meorda_ as a genitive plural [@BrightCassidyRingler1971; @BosworthToller1898].	non-regular model entry		left broad; no safe headword/page pairing was verified in this pass	left_broad		same_source_has_locator_elsewhere_in_volume=yes; prior_classification=safe; line=8071
meed — OE meorde	late_analogy	BosworthToller1898	[@BrightCassidyRingler1971; @BosworthToller1898]	_meorda_ as a genitive plural [@BrightCassidyRingler1971; @BosworthToller1898].	non-regular model entry		left broad this pass; conditional source not re-verified here unless the target claim was safely anchored	left_broad		same_source_has_locator_elsewhere_in_volume=yes; prior_classification=conditional; line=8071
meed — OE meorde	late_analogy	ClarkHall1960	[@ClarkHall1960; @BosworthToller1898]	[@ClarkHall1960; @BosworthToller1898].	non-regular model entry		left broad; no safe headword/page pairing was verified in this pass	left_broad		same_source_has_locator_elsewhere_in_volume=yes; prior_classification=safe; line=8074
meed — OE meorde	late_analogy	BosworthToller1898	[@ClarkHall1960; @BosworthToller1898]	[@ClarkHall1960; @BosworthToller1898].	non-regular model entry		left broad this pass; conditional source not re-verified here unless the target claim was safely anchored	left_broad		same_source_has_locator_elsewhere_in_volume=yes; prior_classification=conditional; line=8074
meed — OE meorde	late_analogy	RingeTaylor2014	[@RingeTaylor2014]	_meorde_ [@RingeTaylor2014].	non-regular model entry		left broad; no safe headword/page pairing was verified in this pass	left_broad		same_source_has_locator_elsewhere_in_volume=yes; prior_classification=safe; line=8085
night — OE niht	late_analogy	RingeTaylor2014	[@RingeTaylor2014]	the paradigm [@RingeTaylor2014]. The citation reconstruction _\*náxtz_ therefore	non-regular model entry		left broad; no safe headword/page pairing was verified in this pass	left_broad		same_source_has_locator_elsewhere_in_volume=yes; prior_classification=safe; line=8157
night — OE niht	late_analogy	RingeTaylor2014	[@RingeTaylor2014]	dat. sg. _niht_ < _\*nahti_ [@RingeTaylor2014].	non-regular model entry		left broad; no safe headword/page pairing was verified in this pass	left_broad		same_source_has_locator_elsewhere_in_volume=yes; prior_classification=safe; line=8163
night — OE niht	late_analogy	ClarkHall1960	[@ClarkHall1960]	[@ClarkHall1960]. Campbell likewise preserves the fluctuation between _neaht_	non-regular model entry		left broad; no safe headword/page pairing was verified in this pass	left_broad		same_source_has_locator_elsewhere_in_volume=yes; prior_classification=safe; line=8169
night — OE niht	late_analogy	Campbell1959	[@Campbell1959]	[@Campbell1959].	non-regular model entry		left broad this pass; conditional source not re-verified here unless the target claim was safely anchored	left_broad		same_source_has_locator_elsewhere_in_volume=yes; prior_classification=conditional; line=8172
rest — OE ræste	late_analogy	Kroonen2013	[@Kroonen2013]	_ræst_ [@Kroonen2013]. The selected input _\*rástōz_ therefore does not replace	non-regular model entry		left broad; no safe headword/page pairing was verified in this pass	left_broad		same_source_has_locator_elsewhere_in_volume=yes; prior_classification=safe; line=8252
rest — OE ræste	late_analogy	Kroonen2013	[@Kroonen2013; @ClarkHall1960]	The ordinary Old English citation form is _ræst_ [@Kroonen2013; @ClarkHall1960].	non-regular model entry		left broad; no safe headword/page pairing was verified in this pass	left_broad		same_source_has_locator_elsewhere_in_volume=yes; prior_classification=safe; line=8263
rest — OE ræste	late_analogy	ClarkHall1960	[@Kroonen2013; @ClarkHall1960]	The ordinary Old English citation form is _ræst_ [@Kroonen2013; @ClarkHall1960].	non-regular model entry		left broad; no safe headword/page pairing was verified in this pass	left_broad		same_source_has_locator_elsewhere_in_volume=yes; prior_classification=safe; line=8263
shoulder — OE sċuldrum	late_analogy	BosworthToller1898	[@BosworthToller1898; @ClarkHall1960]	The ordinary Old English headword is _sculdor_. Bosworth-Toller and Clark Hall both lemmatize _sculdor_ as the normal dictionary form, and the Bosworth-Toller material also preserves plural and oblique forms such as _sculdru_, _sculdra_, and _sculdrum_ [@BosworthToller1898; @ClarkHall1960]. The dative plural _sculdrum_ is directly attested in the dictionary material [@BosworthToller1898].	non-regular model entry		left broad this pass; conditional source not re-verified here unless the target claim was safely anchored	left_broad		same_source_has_locator_elsewhere_in_volume=yes; prior_classification=conditional; line=8353
shoulder — OE sċuldrum	late_analogy	ClarkHall1960	[@BosworthToller1898; @ClarkHall1960]	The ordinary Old English headword is _sculdor_. Bosworth-Toller and Clark Hall both lemmatize _sculdor_ as the normal dictionary form, and the Bosworth-Toller material also preserves plural and oblique forms such as _sculdru_, _sculdra_, and _sculdrum_ [@BosworthToller1898; @ClarkHall1960]. The dative plural _sculdrum_ is directly attested in the dictionary material [@BosworthToller1898].	non-regular model entry		left broad; no safe headword/page pairing was verified in this pass	left_broad		same_source_has_locator_elsewhere_in_volume=yes; prior_classification=safe; line=8353
shoulder — OE sċuldrum	late_analogy	BosworthToller1898	[@BosworthToller1898]	The ordinary Old English headword is _sculdor_. Bosworth-Toller and Clark Hall both lemmatize _sculdor_ as the normal dictionary form, and the Bosworth-Toller material also preserves plural and oblique forms such as _sculdru_, _sculdra_, and _sculdrum_ [@BosworthToller1898; @ClarkHall1960]. The dative plural _sculdrum_ is directly attested in the dictionary material [@BosworthToller1898].	non-regular model entry		left broad this pass; conditional source not re-verified here unless the target claim was safely anchored	left_broad		same_source_has_locator_elsewhere_in_volume=yes; prior_classification=conditional; line=8353
shoulder — OE sċuldrum	late_analogy	BosworthToller1898	[@BosworthToller1898]	Bosworth-Toller's Supplement records a weak-feminine _sculdra, an_, so _sculdra_ belongs to the Old English record beside the stronger masculine paradigm headed by _sculdor_ [@BosworthToller1898]. Brunner and Luick also record later spellings such as _sceoldor_ and the i-mutated dative plural _scyldrum_, which reflect secondary phonological and analogical reshaping within Old English [@SieversBrunner1965, §92.2.a; @Luick1914, p. 230].	non-regular model entry		left broad this pass; conditional source not re-verified here unless the target claim was safely anchored	left_broad		same_source_has_locator_elsewhere_in_volume=yes; prior_classification=conditional; line=8355
shove — OE sċēaf	late_analogy	Kroonen2013	[@Kroonen2013]	English present forms _scēofan_, _scūfan_ [@Kroonen2013]. Ringe and Taylor also	non-regular model entry		left broad; no safe headword/page pairing was verified in this pass	left_broad		same_source_has_locator_elsewhere_in_volume=yes; prior_classification=safe; line=8430
shove — OE sċēaf	late_analogy	RingeTaylor2014	[@RingeTaylor2014]	not identical with the preterite grade [@RingeTaylor2014]. The selected input	non-regular model entry		left broad; no safe headword/page pairing was verified in this pass	left_broad		same_source_has_locator_elsewhere_in_volume=yes; prior_classification=safe; line=8432
shove — OE sċēaf	late_analogy	BrightCassidyRingler1971	[@BrightCassidyRingler1971; @Sweet1953]	[@BrightCassidyRingler1971; @Sweet1953]. The normalized form here is _sċēaf_,	non-regular model entry		left broad; no safe headword/page pairing was verified in this pass	left_broad		same_source_has_locator_elsewhere_in_volume=yes; prior_classification=safe; line=8441
shove — OE sċēaf	late_analogy	Sweet1953	[@BrightCassidyRingler1971; @Sweet1953]	[@BrightCassidyRingler1971; @Sweet1953]. The normalized form here is _sċēaf_,	non-regular model entry		left broad; outside the targeted high-yield cleanup set	left_broad		same_source_has_locator_elsewhere_in_volume=no; prior_classification=unresolved; line=8441
span — OE spanne	late_analogy	Orel2003	[@Orel2003; @Seebold1970, 450]	_spann_ under the same noun family [@Orel2003; @Seebold1970, 450]. The selected input	non-regular model entry		left broad; no safe headword/page pairing was verified in this pass	left_broad		same_source_has_locator_elsewhere_in_volume=yes; prior_classification=safe; line=8515
span — OE spanne	late_analogy	SieversBrunner1965	[@SieversBrunner1965]	cell of the feminine ō-stem paradigm [@SieversBrunner1965].	non-regular model entry		left broad; outside the targeted high-yield cleanup set	left_broad		same_source_has_locator_elsewhere_in_volume=yes; prior_classification=unresolved; line=8517
span — OE spanne	late_analogy	ClarkHall1960	[@ClarkHall1960]	rather than as a dictionary headword [@ClarkHall1960].	non-regular model entry		left broad; no safe headword/page pairing was verified in this pass	left_broad		same_source_has_locator_elsewhere_in_volume=yes; prior_classification=safe; line=8524
thistle — OE þistles	late_analogy	KlugeSeebold2011	[@Orel2003, 458; @KlugeSeebold2011]	Kluge-Seebold gives _\*þistila-_ [@Orel2003, 458; @KlugeSeebold2011]. The comparative	non-regular model entry		left broad; source remains quarantined pending better page evidence	left_broad		same_source_has_locator_elsewhere_in_volume=no; prior_classification=quarantined; line=8593
make (iptv.2sg) — OE maca	late_analogy	Campbell1959	[@Campbell1959; @RingeTaylor2014]	_mahhon_ [@Campbell1959; @RingeTaylor2014].	non-regular model entry		left broad this pass; conditional source not re-verified here unless the target claim was safely anchored	left_broad		same_source_has_locator_elsewhere_in_volume=yes; prior_classification=conditional; line=8679
make (iptv.2sg) — OE maca	late_analogy	RingeTaylor2014	[@Campbell1959; @RingeTaylor2014]	_mahhon_ [@Campbell1959; @RingeTaylor2014].	non-regular model entry		left broad; no safe headword/page pairing was verified in this pass	left_broad		same_source_has_locator_elsewhere_in_volume=yes; prior_classification=safe; line=8679
make (iptv.2sg) — OE maca	late_analogy	RingeTaylor2014	[@RingeTaylor2014]	[@RingeTaylor2014].	non-regular model entry		left broad; no safe headword/page pairing was verified in this pass	left_broad		same_source_has_locator_elsewhere_in_volume=yes; prior_classification=safe; line=8686
make (iptv.2sg) — OE maca	late_analogy	ClarkHall1960	[@ClarkHall1960]	The dictionary headword is _macian_ [@ClarkHall1960]. The selected form in this	non-regular model entry		left broad; no safe headword/page pairing was verified in this pass	left_broad		same_source_has_locator_elsewhere_in_volume=yes; prior_classification=safe; line=8690
make (3sg) — OE macaþ	late_analogy	Kroonen2013	[@Kroonen2013]	Kroonen derives the Old English verb from _\*makōjan-_ on the make-family base _\*maka-_ [@Kroonen2013]. Ringe and Taylor likewise place the verb among the class-II weak verbs and note that the present 2sg, 3sg, and imperative singular preserve suffixal _\*ō_ rather than the remodelled infinitival formation [@RingeTaylor2014].	non-regular model entry		left broad; no safe headword/page pairing was verified in this pass	left_broad		same_source_has_locator_elsewhere_in_volume=yes; prior_classification=safe; line=8773
make (3sg) — OE macaþ	late_analogy	RingeTaylor2014	[@RingeTaylor2014]	Kroonen derives the Old English verb from _\*makōjan-_ on the make-family base _\*maka-_ [@Kroonen2013]. Ringe and Taylor likewise place the verb among the class-II weak verbs and note that the present 2sg, 3sg, and imperative singular preserve suffixal _\*ō_ rather than the remodelled infinitival formation [@RingeTaylor2014].	non-regular model entry		left broad; no safe headword/page pairing was verified in this pass	left_broad		same_source_has_locator_elsewhere_in_volume=yes; prior_classification=safe; line=8773
make (3sg) — OE macaþ	late_analogy	ClarkHall1960	[@ClarkHall1960]	Clark Hall lemmatizes the verb as _macian_ [@ClarkHall1960]. The relevant comparison form here is the normalized present-third-singular _macaþ_, set beside the dictionary headword and the related imperative singular _maca_.	non-regular model entry		left broad; no safe headword/page pairing was verified in this pass	left_broad		same_source_has_locator_elsewhere_in_volume=yes; prior_classification=safe; line=8779
make (3sg) — OE macaþ	late_analogy	RingeTaylor2014	[@Campbell1959, §355.4; @RingeTaylor2014]	The ending then follows the ordinary class-II 3sg development. Campbell's lufas, _-aþ_ (< _-ōsi_, _-ōþi)_ and Ringe and Taylor's discussion of stable _a_ in the finite non-_j_ cells point to _\*makōθ_ > _\*makaθ_ > _macaþ_ [@Campbell1959, §355.4; @RingeTaylor2014].	non-regular model entry		left broad; no safe headword/page pairing was verified in this pass	left_broad		same_source_has_locator_elsewhere_in_volume=yes; prior_classification=safe; line=8787
bore (iptv.2sg) — OE bora	late_analogy	Kroonen2013	[@Kroonen2013]	Kroonen reconstructs the bore-family verb as _\*burojan-_ and cites Old English _borian_ among its continuants [@Kroonen2013]. In Ringe and Taylor's account of class-II weak verbs, the imperative singular belongs to the finite cells that preserve inherited suffixal _\*ō_, unlike the remodelled infinitive [@RingeTaylor2014].	non-regular model entry		left broad; no safe headword/page pairing was verified in this pass	left_broad		same_source_has_locator_elsewhere_in_volume=yes; prior_classification=safe; line=8849
bore (iptv.2sg) — OE bora	late_analogy	RingeTaylor2014	[@RingeTaylor2014]	Kroonen reconstructs the bore-family verb as _\*burojan-_ and cites Old English _borian_ among its continuants [@Kroonen2013]. In Ringe and Taylor's account of class-II weak verbs, the imperative singular belongs to the finite cells that preserve inherited suffixal _\*ō_, unlike the remodelled infinitive [@RingeTaylor2014].	non-regular model entry		left broad; no safe headword/page pairing was verified in this pass	left_broad		same_source_has_locator_elsewhere_in_volume=yes; prior_classification=safe; line=8849
bore (iptv.2sg) — OE bora	late_analogy	ClarkHall1960	[@ClarkHall1960]	Clark Hall lemmatizes the verb as _borian_ [@ClarkHall1960]. The comparison form here is the normalized imperative singular _bora_, used beside the headword and the related 3sg form _boraþ_.	non-regular model entry		left broad; no safe headword/page pairing was verified in this pass	left_broad		same_source_has_locator_elsewhere_in_volume=yes; prior_classification=safe; line=8855
bore (iptv.2sg) — OE bora	late_analogy	RingeTaylor2014	[@RingeTaylor2014]	Ringe and Taylor's class-II imperative singular -a < _\*-ō_ points to exactly this type of outcome [@RingeTaylor2014]. The selected form therefore isolates the regular finite-cell development more cleanly than the remodelled infinitive does.	non-regular model entry		left broad; no safe headword/page pairing was verified in this pass	left_broad		same_source_has_locator_elsewhere_in_volume=yes; prior_classification=safe; line=8863
bore (3sg) — OE boraþ	late_analogy	Kroonen2013	[@Kroonen2013]	Kroonen reconstructs the bore-family verb as _\*burojan-_ and cites Old English _borian_ among its reflexes [@Kroonen2013]. The selected form isolates the finite 3sg cell _\*búrōθi_ rather than the infinitive.	non-regular model entry		left broad; no safe headword/page pairing was verified in this pass	left_broad		same_source_has_locator_elsewhere_in_volume=yes; prior_classification=safe; line=8927
bore (3sg) — OE boraþ	late_analogy	RingeTaylor2014	[@Campbell1959, §355.4; @RingeTaylor2014]	Campbell's class-II pattern lufas, _-aþ_ (< _-ōsi_, _-ōþi)_ and Ringe and Taylor's account of stable _a_ in the class-II 2sg and 3sg make this finite cell the relevant comparison form for the ending [@Campbell1959, §355.4; @RingeTaylor2014].	non-regular model entry		left broad; no safe headword/page pairing was verified in this pass	left_broad		same_source_has_locator_elsewhere_in_volume=yes; prior_classification=safe; line=8929
bore (3sg) — OE boraþ	late_analogy	ClarkHall1960	[@ClarkHall1960]	Clark Hall lemmatizes the verb as _borian_ [@ClarkHall1960]. The relevant comparison form here is the normalized present-third-singular _boraþ_, used beside the headword and the imperative singular _bora_.	non-regular model entry		left broad; no safe headword/page pairing was verified in this pass	left_broad		same_source_has_locator_elsewhere_in_volume=yes; prior_classification=safe; line=8933
bore (3sg) — OE boraþ	late_analogy	RingeTaylor2014	[@Campbell1959, §355.4; @RingeTaylor2014]	Campbell's class-II ending evidence and Ringe and Taylor's discussion of stable _a_ in the finite non-_j_ cells support exactly this sequence [@Campbell1959, §355.4; @RingeTaylor2014].	non-regular model entry		left broad; no safe headword/page pairing was verified in this pass	left_broad		same_source_has_locator_elsewhere_in_volume=yes; prior_classification=safe; line=8941
learn (iptv.2sg) — OE liorna	late_analogy	RingeTaylor2014	[@RingeTaylor2014; @Kroonen2013, 380]	Ringe and Taylor give Old English _liornian_ ~ _leornian_ from a learn-family base of the _\*lizn-_ type, and Kroonen likewise keeps the weak verb as _\*liznōn-_ [@RingeTaylor2014; @Kroonen2013, 380]. Fulk cites the same Old English family from _\*liznō-_ [@Fulk2018].	non-regular model entry		left broad; no safe headword/page pairing was verified in this pass	left_broad		same_source_has_locator_elsewhere_in_volume=yes; prior_classification=safe; line=9002
learn (iptv.2sg) — OE liorna	late_analogy	Fulk2018	[@Fulk2018]	Ringe and Taylor give Old English _liornian_ ~ _leornian_ from a learn-family base of the _\*lizn-_ type, and Kroonen likewise keeps the weak verb as _\*liznōn-_ [@RingeTaylor2014; @Kroonen2013, 380]. Fulk cites the same Old English family from _\*liznō-_ [@Fulk2018].	non-regular model entry		left broad; no safe headword/page pairing was verified in this pass	left_broad		same_source_has_locator_elsewhere_in_volume=yes; prior_classification=safe; line=9002
learn (iptv.2sg) — OE liorna	late_analogy	ClarkHall1960	[@ClarkHall1960]	Clark Hall gives the ordinary headword as _leornian_ [@ClarkHall1960]. Brunner, however, explicitly records _leornian, nordh. auch liorna_, and Campbell notes that beside _leornian_ Northumbrian forms with _io_ occur where original _eo_ and _io_ remain distinct [@SieversBrunner1965; @Campbell1959, §123 n. 2].	non-regular model entry		left broad; no safe headword/page pairing was verified in this pass	left_broad		same_source_has_locator_elsewhere_in_volume=yes; prior_classification=safe; line=9008
learn (iptv.2sg) — OE liorna	late_analogy	SieversBrunner1965	[@SieversBrunner1965; @Campbell1959, §123 n. 2]	Clark Hall gives the ordinary headword as _leornian_ [@ClarkHall1960]. Brunner, however, explicitly records _leornian, nordh. auch liorna_, and Campbell notes that beside _leornian_ Northumbrian forms with _io_ occur where original _eo_ and _io_ remain distinct [@SieversBrunner1965; @Campbell1959, §123 n. 2].	non-regular model entry		left broad; outside the targeted high-yield cleanup set	left_broad		same_source_has_locator_elsewhere_in_volume=yes; prior_classification=unresolved; line=9008
learn (iptv.2sg) — OE liorna	late_analogy	RingeTaylor2014	[@Campbell1959, §123 n. 2; @RingeTaylor2014]	Campbell's Northumbrian _io_ evidence and Ringe and Taylor's explicit statement that no form of _liornian_ stood in an i-umlauting environment support this stem shape [@Campbell1959, §123 n. 2; @RingeTaylor2014]. The West-Saxon-looking _eo_ forms belong to a different dialectal presentation of the same family.	non-regular model entry		left broad; no safe headword/page pairing was verified in this pass	left_broad		same_source_has_locator_elsewhere_in_volume=yes; prior_classification=safe; line=9016
learn (3sg) — OE liornaþ	late_analogy	RingeTaylor2014	[@RingeTaylor2014; @Kroonen2013, 380]	Ringe and Taylor give Old English _liornian_ ~ _leornian_ from a learn-family base of the _\*lizn-_ type, and Kroonen likewise keeps the weak verb as _\*liznōn-_ [@RingeTaylor2014; @Kroonen2013, 380]. The selected input _\*líznōθi_ is the finite 3sg cell of that family, not the citation form of the verb.	non-regular model entry		left broad; no safe headword/page pairing was verified in this pass	left_broad		same_source_has_locator_elsewhere_in_volume=yes; prior_classification=safe; line=9079
learn (3sg) — OE liornaþ	late_analogy	RingeTaylor2014	[@Campbell1959, §355.4; @RingeTaylor2014]	For the ending, Campbell's lufas, _-aþ_ (< _-ōsi_, _-ōþi)_ and Ringe and Taylor's discussion of stable _a_ in the class-II 2sg and 3sg make the non-_j_ 3sg cell the relevant comparison point [@Campbell1959, §355.4; @RingeTaylor2014].	non-regular model entry		left broad; no safe headword/page pairing was verified in this pass	left_broad		same_source_has_locator_elsewhere_in_volume=yes; prior_classification=safe; line=9081
learn (3sg) — OE liornaþ	late_analogy	ClarkHall1960	[@ClarkHall1960]	Clark Hall gives the ordinary headword as _leornian_ [@ClarkHall1960]. Brunner records Northumbrian finite forms in _liorn-_, including _liorna_ and the 3sg _liornes_, beside the West-Saxon-looking _leornian_ tradition [@SieversBrunner1965]. Campbell likewise notes Northumbrian forms with _io_ beside _leornian_ [@Campbell1959, §123 n. 2].	non-regular model entry		left broad; no safe headword/page pairing was verified in this pass	left_broad		same_source_has_locator_elsewhere_in_volume=yes; prior_classification=safe; line=9085
learn (3sg) — OE liornaþ	late_analogy	SieversBrunner1965	[@SieversBrunner1965]	Clark Hall gives the ordinary headword as _leornian_ [@ClarkHall1960]. Brunner records Northumbrian finite forms in _liorn-_, including _liorna_ and the 3sg _liornes_, beside the West-Saxon-looking _leornian_ tradition [@SieversBrunner1965]. Campbell likewise notes Northumbrian forms with _io_ beside _leornian_ [@Campbell1959, §123 n. 2].	non-regular model entry		left broad; outside the targeted high-yield cleanup set	left_broad		same_source_has_locator_elsewhere_in_volume=yes; prior_classification=unresolved; line=9085
learn (3sg) — OE liornaþ	late_analogy	RingeTaylor2014	[@Campbell1959, §123 n. 2; @Campbell1959, §355.4; @RingeTaylor2014]	Campbell's Northumbrian _io_ evidence and Ringe and Taylor's statement that no form of _liornian_ stood in an i-umlauting environment support the stem, while Campbell's class-II ending evidence supports the final _-aþ_ [@Campbell1959, §123 n. 2; @Campbell1959, §355.4; @RingeTaylor2014].	non-regular model entry		left broad; no safe headword/page pairing was verified in this pass	left_broad		same_source_has_locator_elsewhere_in_volume=yes; prior_classification=safe; line=9093
lick (iptv.2sg) — OE licca	late_analogy	RingeTaylor2014	[@RingeTaylor2014]	Ringe and Taylor place the verb among the West Germanic class-II weak verbs, with PWGmc _\*li_/_ekkōn_ continuing as Old English _liccian_, Old Saxon _likkon_, and Old High German _lecchon_ [@RingeTaylor2014]. Orel gives the fuller weak-verb reconstruction _\*likkōjanan_ with the same Old English continuation [@Orel2003].	non-regular model entry		left broad; no safe headword/page pairing was verified in this pass	left_broad		same_source_has_locator_elsewhere_in_volume=yes; prior_classification=safe; line=9153
lick (iptv.2sg) — OE licca	late_analogy	Orel2003	[@Orel2003]	Ringe and Taylor place the verb among the West Germanic class-II weak verbs, with PWGmc _\*li_/_ekkōn_ continuing as Old English _liccian_, Old Saxon _likkon_, and Old High German _lecchon_ [@RingeTaylor2014]. Orel gives the fuller weak-verb reconstruction _\*likkōjanan_ with the same Old English continuation [@Orel2003].	non-regular model entry		left broad; no safe headword/page pairing was verified in this pass	left_broad		same_source_has_locator_elsewhere_in_volume=yes; prior_classification=safe; line=9153
lick (iptv.2sg) — OE licca	late_analogy	Campbell1959	[@Campbell1959; @RingeTaylor2014]	The form treated here is not that remodeled infinitive but a finite cell in bare trimoric _\*-ō_. Campbell's weak class-II discussion and Ringe and Taylor's account of the paradigm both distinguish those finite singular cells from the ordinary _\*-ōja-_ citation formation [@Campbell1959; @RingeTaylor2014].	non-regular model entry		left broad this pass; conditional source not re-verified here unless the target claim was safely anchored	left_broad		same_source_has_locator_elsewhere_in_volume=yes; prior_classification=conditional; line=9155
lick (iptv.2sg) — OE licca	late_analogy	RingeTaylor2014	[@Campbell1959; @RingeTaylor2014]	The form treated here is not that remodeled infinitive but a finite cell in bare trimoric _\*-ō_. Campbell's weak class-II discussion and Ringe and Taylor's account of the paradigm both distinguish those finite singular cells from the ordinary _\*-ōja-_ citation formation [@Campbell1959; @RingeTaylor2014].	non-regular model entry		left broad; no safe headword/page pairing was verified in this pass	left_broad		same_source_has_locator_elsewhere_in_volume=yes; prior_classification=safe; line=9155
lick (iptv.2sg) — OE licca	late_analogy	BosworthToller1898	[@BosworthToller1898; @Campbell1959; @SieversBrunner1965]	Bosworth-Toller lemmatizes the verb as _liccian_, and Campbell and Brunner likewise cite _liccian_ with preserved geminate _cc_ [@BosworthToller1898; @Campbell1959; @SieversBrunner1965]. The Old English evidence therefore establishes the verbal headword and its consonantal frame securely.	non-regular model entry		left broad this pass; conditional source not re-verified here unless the target claim was safely anchored	left_broad		same_source_has_locator_elsewhere_in_volume=yes; prior_classification=conditional; line=9159
lick (iptv.2sg) — OE licca	late_analogy	Campbell1959	[@BosworthToller1898; @Campbell1959; @SieversBrunner1965]	Bosworth-Toller lemmatizes the verb as _liccian_, and Campbell and Brunner likewise cite _liccian_ with preserved geminate _cc_ [@BosworthToller1898; @Campbell1959; @SieversBrunner1965]. The Old English evidence therefore establishes the verbal headword and its consonantal frame securely.	non-regular model entry		left broad this pass; conditional source not re-verified here unless the target claim was safely anchored	left_broad		same_source_has_locator_elsewhere_in_volume=yes; prior_classification=conditional; line=9159
lick (iptv.2sg) — OE licca	late_analogy	SieversBrunner1965	[@BosworthToller1898; @Campbell1959; @SieversBrunner1965]	Bosworth-Toller lemmatizes the verb as _liccian_, and Campbell and Brunner likewise cite _liccian_ with preserved geminate _cc_ [@BosworthToller1898; @Campbell1959; @SieversBrunner1965]. The Old English evidence therefore establishes the verbal headword and its consonantal frame securely.	non-regular model entry		left broad; outside the targeted high-yield cleanup set	left_broad		same_source_has_locator_elsewhere_in_volume=yes; prior_classification=unresolved; line=9159
lick (iptv.2sg) — OE licca	late_analogy	Campbell1959	[@Campbell1959; @RingeTaylor2014]	With the stem _licc-_ established, the remaining development is brief. Trimoric _\*-ô_ shortens late to _-a_ in this finite class-II cell, so _\*líkkô_ yields _\*líkka_ and then _licca_ [@Campbell1959; @RingeTaylor2014]. The same stem consonantism that appears in _liccian_ is preserved here, giving _cc_ throughout the finite form.	non-regular model entry		left broad this pass; conditional source not re-verified here unless the target claim was safely anchored	left_broad		same_source_has_locator_elsewhere_in_volume=yes; prior_classification=conditional; line=9165
lick (iptv.2sg) — OE licca	late_analogy	RingeTaylor2014	[@Campbell1959; @RingeTaylor2014]	With the stem _licc-_ established, the remaining development is brief. Trimoric _\*-ô_ shortens late to _-a_ in this finite class-II cell, so _\*líkkô_ yields _\*líkka_ and then _licca_ [@Campbell1959; @RingeTaylor2014]. The same stem consonantism that appears in _liccian_ is preserved here, giving _cc_ throughout the finite form.	non-regular model entry		left broad; no safe headword/page pairing was verified in this pass	left_broad		same_source_has_locator_elsewhere_in_volume=yes; prior_classification=safe; line=9165
lick (3sg) — OE liccaþ	late_analogy	RingeTaylor2014	[@RingeTaylor2014]	Ringe and Taylor place the verb among the West Germanic class-II weak verbs, with PWGmc _\*li_/_ekkōn_ continuing as Old English _liccian_, Old Saxon _likkon_, and Old High German _lecchon_ [@RingeTaylor2014]. Orel gives the fuller weak-verb reconstruction _\*likkōjanan_ with the same Old English continuation [@Orel2003].	non-regular model entry		left broad; no safe headword/page pairing was verified in this pass	left_broad		same_source_has_locator_elsewhere_in_volume=yes; prior_classification=safe; line=9227
lick (3sg) — OE liccaþ	late_analogy	Orel2003	[@Orel2003]	Ringe and Taylor place the verb among the West Germanic class-II weak verbs, with PWGmc _\*li_/_ekkōn_ continuing as Old English _liccian_, Old Saxon _likkon_, and Old High German _lecchon_ [@RingeTaylor2014]. Orel gives the fuller weak-verb reconstruction _\*likkōjanan_ with the same Old English continuation [@Orel2003].	non-regular model entry		left broad; no safe headword/page pairing was verified in this pass	left_broad		same_source_has_locator_elsewhere_in_volume=yes; prior_classification=safe; line=9227
lick (3sg) — OE liccaþ	late_analogy	Campbell1959	[@Campbell1959; @RingeTaylor2014]	The selected form in this entry is the non-_j_ present third singular _\*líkkōθi_, not the remodeled infinitive. Campbell states the class-II present endings as lufas, _-aþ_ (< _-ōsi_, _-ōþi)_, and Ringe and Taylor likewise treat the class-II 2sg and 3sg as forms with stable _-a-_ [@Campbell1959; @RingeTaylor2014].	non-regular model entry		left broad this pass; conditional source not re-verified here unless the target claim was safely anchored	left_broad		same_source_has_locator_elsewhere_in_volume=yes; prior_classification=conditional; line=9229
lick (3sg) — OE liccaþ	late_analogy	RingeTaylor2014	[@Campbell1959; @RingeTaylor2014]	The selected form in this entry is the non-_j_ present third singular _\*líkkōθi_, not the remodeled infinitive. Campbell states the class-II present endings as lufas, _-aþ_ (< _-ōsi_, _-ōþi)_, and Ringe and Taylor likewise treat the class-II 2sg and 3sg as forms with stable _-a-_ [@Campbell1959; @RingeTaylor2014].	non-regular model entry		left broad; no safe headword/page pairing was verified in this pass	left_broad		same_source_has_locator_elsewhere_in_volume=yes; prior_classification=safe; line=9229
lick (3sg) — OE liccaþ	late_analogy	BosworthToller1898	[@BosworthToller1898; @Campbell1959; @SieversBrunner1965]	Bosworth-Toller lemmatizes the verb as _liccian_, and the same consonantal frame appears in Campbell and Brunner's grammatical citations of _liccian_ [@BosworthToller1898; @Campbell1959; @SieversBrunner1965]. The Old English headword is therefore clear even though the entry here is not about the citation form.	non-regular model entry		left broad this pass; conditional source not re-verified here unless the target claim was safely anchored	left_broad		same_source_has_locator_elsewhere_in_volume=yes; prior_classification=conditional; line=9233
lick (3sg) — OE liccaþ	late_analogy	Campbell1959	[@BosworthToller1898; @Campbell1959; @SieversBrunner1965]	Bosworth-Toller lemmatizes the verb as _liccian_, and the same consonantal frame appears in Campbell and Brunner's grammatical citations of _liccian_ [@BosworthToller1898; @Campbell1959; @SieversBrunner1965]. The Old English headword is therefore clear even though the entry here is not about the citation form.	non-regular model entry		left broad this pass; conditional source not re-verified here unless the target claim was safely anchored	left_broad		same_source_has_locator_elsewhere_in_volume=yes; prior_classification=conditional; line=9233
lick (3sg) — OE liccaþ	late_analogy	SieversBrunner1965	[@BosworthToller1898; @Campbell1959; @SieversBrunner1965]	Bosworth-Toller lemmatizes the verb as _liccian_, and the same consonantal frame appears in Campbell and Brunner's grammatical citations of _liccian_ [@BosworthToller1898; @Campbell1959; @SieversBrunner1965]. The Old English headword is therefore clear even though the entry here is not about the citation form.	non-regular model entry		left broad; outside the targeted high-yield cleanup set	left_broad		same_source_has_locator_elsewhere_in_volume=yes; prior_classification=unresolved; line=9233
lick (3sg) — OE liccaþ	late_analogy	Campbell1959	[@Campbell1959; @RingeTaylor2014]	_\*líkkōθi_ first loses final _-i_, giving _\*líkkōθ_. Late shortening of unstressed _\*ō_ then yields _\*líkkaθ_, written _liccaþ_ [@Campbell1959; @RingeTaylor2014]. Because this ending never contains _-j-_, the form does not pass through an i-umlauted _-eþ_ stage; the regular class-II outcome is _-aþ_.	non-regular model entry		left broad this pass; conditional source not re-verified here unless the target claim was safely anchored	left_broad		same_source_has_locator_elsewhere_in_volume=yes; prior_classification=conditional; line=9239
lick (3sg) — OE liccaþ	late_analogy	RingeTaylor2014	[@Campbell1959; @RingeTaylor2014]	_\*líkkōθi_ first loses final _-i_, giving _\*líkkōθ_. Late shortening of unstressed _\*ō_ then yields _\*líkkaθ_, written _liccaþ_ [@Campbell1959; @RingeTaylor2014]. Because this ending never contains _-j-_, the form does not pass through an i-umlauted _-eþ_ stage; the regular class-II outcome is _-aþ_.	non-regular model entry		left broad; no safe headword/page pairing was verified in this pass	left_broad		same_source_has_locator_elsewhere_in_volume=yes; prior_classification=safe; line=9239
show (iptv.2sg) — OE sċēawa	late_analogy	Orel2003	[@Orel2003]	Orel reconstructs the verb as _\*skawōjanan_ and cites Old English _sceáwian_ beside Old Frisian _skawia_, Old Saxon _skawōn_, and Old High German _scouwōn_ [@Orel2003]. The selected input in this entry is not that infinitive but the imperative singular _\*skáwô_, a finite class-II cell that preserves bare _\*-ō_ rather than the remodeled _\*-ōja-_ formation [@RingeTaylor2014].	non-regular model entry		left broad; no safe headword/page pairing was verified in this pass	left_broad		same_source_has_locator_elsewhere_in_volume=yes; prior_classification=safe; line=9301
show (iptv.2sg) — OE sċēawa	late_analogy	RingeTaylor2014	[@RingeTaylor2014]	Orel reconstructs the verb as _\*skawōjanan_ and cites Old English _sceáwian_ beside Old Frisian _skawia_, Old Saxon _skawōn_, and Old High German _scouwōn_ [@Orel2003]. The selected input in this entry is not that infinitive but the imperative singular _\*skáwô_, a finite class-II cell that preserves bare _\*-ō_ rather than the remodeled _\*-ōja-_ formation [@RingeTaylor2014].	non-regular model entry		left broad; no safe headword/page pairing was verified in this pass	left_broad		same_source_has_locator_elsewhere_in_volume=yes; prior_classification=safe; line=9301
show (iptv.2sg) — OE sċēawa	late_analogy	BrightCassidyRingler1971	[@BrightCassidyRingler1971]	Bright lists _scēawian_ and explicitly gives the imperative singular _scēawa_ under that headword [@BrightCassidyRingler1971]. The form treated here is therefore an attested finite paradigm form, not a reconstructed convenience form.	non-regular model entry		left broad; no safe headword/page pairing was verified in this pass	left_broad		same_source_has_locator_elsewhere_in_volume=yes; prior_classification=safe; line=9307
show (iptv.2sg) — OE sċēawa	late_analogy	Campbell1959	[@Campbell1959]	From _\*skáwô_, Old English _\*aw_ before vocalic material yields _\*skḗawô_, initial _sk_ palatalizes, and late shortening of trimoric _\*-ô_ gives _\*ʃḗawa_, written _sċēawa_ [@Campbell1959]. The result is therefore the expected finite singular form of the _scēawian_ family rather than an analogical replacement of the headword.	non-regular model entry		left broad this pass; conditional source not re-verified here unless the target claim was safely anchored	left_broad		same_source_has_locator_elsewhere_in_volume=yes; prior_classification=conditional; line=9313
show (3sg) — OE sċēawaþ	late_analogy	Orel2003	[@Orel2003]	Orel reconstructs the verb as _\*skawōjanan_ and cites Old English _sceáwian_ beside Old Frisian _skawia_, Old Saxon _skawōn_, and Old High German _scouwōn_ [@Orel2003]. The selected input in this entry is the present third singular _\*skáwōθi_, a finite class-II cell rather than the remodeled infinitive [@RingeTaylor2014].	non-regular model entry		left broad; no safe headword/page pairing was verified in this pass	left_broad		same_source_has_locator_elsewhere_in_volume=yes; prior_classification=safe; line=9377
show (3sg) — OE sċēawaþ	late_analogy	RingeTaylor2014	[@RingeTaylor2014]	Orel reconstructs the verb as _\*skawōjanan_ and cites Old English _sceáwian_ beside Old Frisian _skawia_, Old Saxon _skawōn_, and Old High German _scouwōn_ [@Orel2003]. The selected input in this entry is the present third singular _\*skáwōθi_, a finite class-II cell rather than the remodeled infinitive [@RingeTaylor2014].	non-regular model entry		left broad; no safe headword/page pairing was verified in this pass	left_broad		same_source_has_locator_elsewhere_in_volume=yes; prior_classification=safe; line=9377
show (3sg) — OE sċēawaþ	late_analogy	Campbell1959	[@Campbell1959; @RingeTaylor2014]	Campbell states the class-II present endings as lufas, _-aþ_ (< _-ōsi_, _-ōþi)_, and Ringe and Taylor likewise treat the class-II 2sg and 3sg as forms with stable _-a-_ [@Campbell1959; @RingeTaylor2014]. The relevant comparison is therefore the 3sg cell itself, not an i-umlauted alternative.	non-regular model entry		left broad this pass; conditional source not re-verified here unless the target claim was safely anchored	left_broad		same_source_has_locator_elsewhere_in_volume=yes; prior_classification=conditional; line=9379
show (3sg) — OE sċēawaþ	late_analogy	RingeTaylor2014	[@Campbell1959; @RingeTaylor2014]	Campbell states the class-II present endings as lufas, _-aþ_ (< _-ōsi_, _-ōþi)_, and Ringe and Taylor likewise treat the class-II 2sg and 3sg as forms with stable _-a-_ [@Campbell1959; @RingeTaylor2014]. The relevant comparison is therefore the 3sg cell itself, not an i-umlauted alternative.	non-regular model entry		left broad; no safe headword/page pairing was verified in this pass	left_broad		same_source_has_locator_elsewhere_in_volume=yes; prior_classification=safe; line=9379
show (3sg) — OE sċēawaþ	late_analogy	BrightCassidyRingler1971	[@BrightCassidyRingler1971]	Bright lists the simplex headword _scēawian_ and the imperative _scēawa_, and under _geond-scēawian_ also records a third singular _-sceawað_ [@BrightCassidyRingler1971]. The evidence thus establishes the _scēaw-_ / _-awað_ finite-cell pattern directly.	non-regular model entry		left broad; no safe headword/page pairing was verified in this pass	left_broad		same_source_has_locator_elsewhere_in_volume=yes; prior_classification=safe; line=9383
show (3sg) — OE sċēawaþ	late_analogy	Campbell1959	[@Campbell1959]	_\*skáwōθi_ first loses final _-i_, giving _\*skáwōθ_. Old English _\*aw_ before vocalic material yields _\*skḗawōθ_, initial _sk_ palatalizes, and late shortening of unstressed _\*ō_ gives _\*ʃḗawaθ_, written _sċēawaþ_ [@Campbell1959]. Campbell's chronology matters here: late-shortened _ō_ yields _a_ too late for Anglo-Frisian fronting, and the class-II 3sg ending therefore gives _-aþ_ rather than _-eþ_ [@Campbell1959; @RingeTaylor2014]. Because the ending never contains _-j-_, no i-umlaut applies.	non-regular model entry		left broad this pass; conditional source not re-verified here unless the target claim was safely anchored	left_broad		same_source_has_locator_elsewhere_in_volume=yes; prior_classification=conditional; line=9389
show (3sg) — OE sċēawaþ	late_analogy	Campbell1959	[@Campbell1959; @RingeTaylor2014]	_\*skáwōθi_ first loses final _-i_, giving _\*skáwōθ_. Old English _\*aw_ before vocalic material yields _\*skḗawōθ_, initial _sk_ palatalizes, and late shortening of unstressed _\*ō_ gives _\*ʃḗawaθ_, written _sċēawaþ_ [@Campbell1959]. Campbell's chronology matters here: late-shortened _ō_ yields _a_ too late for Anglo-Frisian fronting, and the class-II 3sg ending therefore gives _-aþ_ rather than _-eþ_ [@Campbell1959; @RingeTaylor2014]. Because the ending never contains _-j-_, no i-umlaut applies.	non-regular model entry		left broad this pass; conditional source not re-verified here unless the target claim was safely anchored	left_broad		same_source_has_locator_elsewhere_in_volume=yes; prior_classification=conditional; line=9389
show (3sg) — OE sċēawaþ	late_analogy	RingeTaylor2014	[@Campbell1959; @RingeTaylor2014]	_\*skáwōθi_ first loses final _-i_, giving _\*skáwōθ_. Old English _\*aw_ before vocalic material yields _\*skḗawōθ_, initial _sk_ palatalizes, and late shortening of unstressed _\*ō_ gives _\*ʃḗawaθ_, written _sċēawaþ_ [@Campbell1959]. Campbell's chronology matters here: late-shortened _ō_ yields _a_ too late for Anglo-Frisian fronting, and the class-II 3sg ending therefore gives _-aþ_ rather than _-eþ_ [@Campbell1959; @RingeTaylor2014]. Because the ending never contains _-j-_, no i-umlaut applies.	non-regular model entry		left broad; no safe headword/page pairing was verified in this pass	left_broad		same_source_has_locator_elsewhere_in_volume=yes; prior_classification=safe; line=9389
knob — OE cnobba	reconstructed_oe	Kroonen2011	[@Kroonen2011]	[@Kroonen2011]. The citation reconstruction _\*knúppaz_ represents the broader	non-regular model entry		left broad; outside the targeted high-yield cleanup set	left_broad		same_source_has_locator_elsewhere_in_volume=no; prior_classification=unresolved; line=9461
knob — OE cnobba	reconstructed_oe	BosworthToller1898	[@BosworthToller1898; @ClarkHall1960]	_cnopp_ / _cnoppa_ type [@BosworthToller1898; @ClarkHall1960]. Those forms are	non-regular model entry		left broad this pass; conditional source not re-verified here unless the target claim was safely anchored	left_broad		same_source_has_locator_elsewhere_in_volume=yes; prior_classification=conditional; line=9473
knob — OE cnobba	reconstructed_oe	ClarkHall1960	[@BosworthToller1898; @ClarkHall1960]	_cnopp_ / _cnoppa_ type [@BosworthToller1898; @ClarkHall1960]. Those forms are	non-regular model entry		left broad; no safe headword/page pairing was verified in this pass	left_broad		same_source_has_locator_elsewhere_in_volume=yes; prior_classification=safe; line=9473
fire — OE fȳre	known_unmodelled	Kroonen2013	[@Kroonen2013]	_\*fu(w)eri_ type [@Kroonen2013]. The selected input _\*fūri_ therefore does not	non-regular model entry		left broad; no safe headword/page pairing was verified in this pass	left_broad		same_source_has_locator_elsewhere_in_volume=yes; prior_classification=safe; line=9753
tap — OE tæppa	known_unmodelled	Orel2003	[@Orel2003]	_tæppa_ [@Orel2003]. The selected input is therefore the inherited noun itself;	non-regular model entry		left broad; no safe headword/page pairing was verified in this pass	left_broad		same_source_has_locator_elsewhere_in_volume=yes; prior_classification=safe; line=9849
tap — OE tæppa	known_unmodelled	Orel2003	[@Orel2003; @ClarkHall1960, 305]	[@Orel2003; @ClarkHall1960, 305]. The target is therefore a real Old English noun	non-regular model entry		left broad; no safe headword/page pairing was verified in this pass	left_broad		same_source_has_locator_elsewhere_in_volume=yes; prior_classification=safe; line=9857
buck — OE bucc	unexplained_unmodelled	Kroonen2013	[@Kroonen2013; @Orel2003]	[@Kroonen2013; @Orel2003]. The selected input therefore remains identical with	non-regular model entry		left broad; no safe headword/page pairing was verified in this pass	left_broad		same_source_has_locator_elsewhere_in_volume=yes; prior_classification=safe; line=9940
buck — OE bucc	unexplained_unmodelled	Orel2003	[@Kroonen2013; @Orel2003]	[@Kroonen2013; @Orel2003]. The selected input therefore remains identical with	non-regular model entry		left broad; no safe headword/page pairing was verified in this pass	left_broad		same_source_has_locator_elsewhere_in_volume=yes; prior_classification=safe; line=9940
buck — OE bucc	unexplained_unmodelled	Campbell1959	[@Campbell1959; @ClarkHall1960; @BosworthToller1898, 122]	[@Campbell1959; @ClarkHall1960; @BosworthToller1898, 122]. The a-stem citation form	non-regular model entry		left broad this pass; conditional source not re-verified here unless the target claim was safely anchored	left_broad		same_source_has_locator_elsewhere_in_volume=yes; prior_classification=conditional; line=9948
buck — OE bucc	unexplained_unmodelled	ClarkHall1960	[@Campbell1959; @ClarkHall1960; @BosworthToller1898, 122]	[@Campbell1959; @ClarkHall1960; @BosworthToller1898, 122]. The a-stem citation form	non-regular model entry		left broad; no safe headword/page pairing was verified in this pass	left_broad		same_source_has_locator_elsewhere_in_volume=yes; prior_classification=safe; line=9948
rust — OE rust	unexplained_unmodelled	Orel2003	[@Orel2003]	and Old High German _rost_ [@Orel2003]. The form _\*rústō_ therefore stands here	non-regular model entry		left broad; no safe headword/page pairing was verified in this pass	left_broad		same_source_has_locator_elsewhere_in_volume=yes; prior_classification=safe; line=10131
rust — OE rust	unexplained_unmodelled	ClarkHall1960	[@ClarkHall1960]	[@ClarkHall1960], and Bosworth-Toller records _rúst_ (? and rust)	non-regular model entry		left broad; no safe headword/page pairing was verified in this pass	left_broad		same_source_has_locator_elsewhere_in_volume=yes; prior_classification=safe; line=10142
wolf — OE wulf	unexplained_unmodelled	Kroonen2013	[@Kroonen2013; @RingeTaylor2014]	German _wolf_ [@Kroonen2013; @RingeTaylor2014]. Campbell accordingly names Old	non-regular model entry		left broad; no safe headword/page pairing was verified in this pass	left_broad		same_source_has_locator_elsewhere_in_volume=yes; prior_classification=safe; line=10229
wolf — OE wulf	unexplained_unmodelled	RingeTaylor2014	[@Kroonen2013; @RingeTaylor2014]	German _wolf_ [@Kroonen2013; @RingeTaylor2014]. Campbell accordingly names Old	non-regular model entry		left broad; no safe headword/page pairing was verified in this pass	left_broad		same_source_has_locator_elsewhere_in_volume=yes; prior_classification=safe; line=10229
wolf — OE wulf	unexplained_unmodelled	Campbell1959	[@Campbell1959]	following non-high vowel [@Campbell1959].	non-regular model entry		left broad this pass; conditional source not re-verified here unless the target claim was safely anchored	left_broad		same_source_has_locator_elsewhere_in_volume=yes; prior_classification=conditional; line=10231
wolf — OE wulf	unexplained_unmodelled	Bulbring1902	[@Bulbring1902]	_bolt_ [@Bulbring1902]. Luick rejects a categorical labial blocker on the same	non-regular model entry		left broad; outside the targeted high-yield cleanup set	left_broad		same_source_has_locator_elsewhere_in_volume=yes; prior_classification=unresolved; line=10236
wolf — OE wulf	unexplained_unmodelled	Campbell1959	[@Campbell1959; @SieversBrunner1965]	[@Campbell1959; @SieversBrunner1965]. The oblique form _wulfe_ also belongs to	non-regular model entry		left broad this pass; conditional source not re-verified here unless the target claim was safely anchored	left_broad		same_source_has_locator_elsewhere_in_volume=yes; prior_classification=conditional; line=10243
wolf — OE wulf	unexplained_unmodelled	SieversBrunner1965	[@Campbell1959; @SieversBrunner1965]	[@Campbell1959; @SieversBrunner1965]. The oblique form _wulfe_ also belongs to	non-regular model entry		left broad; outside the targeted high-yield cleanup set	left_broad		same_source_has_locator_elsewhere_in_volume=yes; prior_classification=unresolved; line=10243
wolf — OE wulf	unexplained_unmodelled	SieversBrunner1965	[@SieversBrunner1965]	i-umlaut later abandoned across the paradigm [@SieversBrunner1965].	non-regular model entry		left broad; outside the targeted high-yield cleanup set	left_broad		same_source_has_locator_elsewhere_in_volume=yes; prior_classification=unresolved; line=10245
wolf — OE wulf	unexplained_unmodelled	Campbell1959	[@Campbell1959; @RingeTaylor2014]	_wolf_, not _wulf_ [@Campbell1959; @RingeTaylor2014]. The compact trace shows	non-regular model entry		left broad this pass; conditional source not re-verified here unless the target claim was safely anchored	left_broad		same_source_has_locator_elsewhere_in_volume=yes; prior_classification=conditional; line=10254
wolf — OE wulf	unexplained_unmodelled	RingeTaylor2014	[@Campbell1959; @RingeTaylor2014]	_wolf_, not _wulf_ [@Campbell1959; @RingeTaylor2014]. The compact trace shows	non-regular model entry		left broad; no safe headword/page pairing was verified in this pass	left_broad		same_source_has_locator_elsewhere_in_volume=yes; prior_classification=safe; line=10254
wolf — OE wulf	unexplained_unmodelled	SieversBrunner1965	[@SieversBrunner1965]	[@SieversBrunner1965]. The attested noun therefore remains unexplained at the	non-regular model entry		left broad; outside the targeted high-yield cleanup set	left_broad		same_source_has_locator_elsewhere_in_volume=yes; prior_classification=unresolved; line=10260
