audit_id	record_type	entry	layer	file	line	citation_span	broad_keys	appears_in_generated	action_taken	notes
AUDIT01-SCAN-0001	scan_finding	birth / byrd	generated_compact_md	Germanic/docs/assembly/lexical_volume_regular_compact_alpha_01.md	323	[@Hogg1992]	Hogg1992	yes	reopened_manifest	Fresh post-exhaustion scan found this broad citation in the generated compact Markdown.
AUDIT01-SCAN-0002	scan_finding	fly / flēogan	generated_compact_md	Germanic/docs/assembly/lexical_volume_regular_compact_alpha_01.md	915	[@BosworthToller1898]	BosworthToller1898	yes	reopened_manifest	Fresh post-exhaustion scan found this broad citation in the generated compact Markdown.
AUDIT01-SCAN-0003	scan_finding	forlorn / lēosan	generated_compact_md	Germanic/docs/assembly/lexical_volume_regular_compact_alpha_01.md	962	[@RingeTaylor2014]	RingeTaylor2014	yes	reopened_manifest	Fresh post-exhaustion scan found this broad citation in the generated compact Markdown.
AUDIT01-SCAN-0004	scan_finding	gang / gang	generated_compact_md	Germanic/docs/assembly/lexical_volume_regular_compact_alpha_01.md	1008	[@Orel2003]	Orel2003	yes	reopened_manifest	Fresh post-exhaustion scan found this broad citation in the generated compact Markdown.
AUDIT01-SCAN-0005	scan_finding	shilling / sċilling	generated_compact_md	Germanic/docs/assembly/lexical_volume_regular_compact_alpha_01.md	2166	[@Kroonen2013; @Orel2003, 377]	Kroonen2013	yes	reopened_manifest	Fresh post-exhaustion scan found this broad citation in the generated compact Markdown.
AUDIT01-SCAN-0006	scan_finding	shilling / sċilling	generated_compact_md	Germanic/docs/assembly/lexical_volume_regular_compact_alpha_01.md	2168	[@Kroonen2013]	Kroonen2013	yes	reopened_manifest	Fresh post-exhaustion scan found this broad citation in the generated compact Markdown.
AUDIT01-SCAN-0007	scan_finding	smear / smierwan	generated_compact_md	Germanic/docs/assembly/lexical_volume_regular_compact_alpha_01.md	2318	[@RingeTaylor2014; @ClarkHall1960, 283]	RingeTaylor2014	yes	reopened_manifest	Fresh post-exhaustion scan found this broad citation in the generated compact Markdown.
AUDIT01-SCAN-0008	scan_finding	still / stillan	generated_compact_md	Germanic/docs/assembly/lexical_volume_regular_compact_alpha_01.md	2457	[@KlugeSeebold2011]	KlugeSeebold2011	yes	reopened_manifest	Fresh post-exhaustion scan found this broad citation in the generated compact Markdown.
AUDIT01-SCAN-0009	scan_finding	still / stillan	generated_compact_md	Germanic/docs/assembly/lexical_volume_regular_compact_alpha_01.md	2459	[@ClarkHall1960, 292; @KlugeSeebold2011]	KlugeSeebold2011	yes	reopened_manifest	Fresh post-exhaustion scan found this broad citation in the generated compact Markdown.
AUDIT01-SCAN-0010	scan_finding	think / þenċan	generated_compact_md	Germanic/docs/assembly/lexical_volume_regular_compact_alpha_01.md	2698	[@BosworthToller1898]	BosworthToller1898	yes	reopened_manifest	Fresh post-exhaustion scan found this broad citation in the generated compact Markdown.
AUDIT01-SCAN-0011	scan_finding	town / tūn	generated_compact_md	Germanic/docs/assembly/lexical_volume_regular_compact_alpha_01.md	2877	[@SieversBrunner1965]	SieversBrunner1965	yes	reopened_manifest	Fresh post-exhaustion scan found this broad citation in the generated compact Markdown.
AUDIT01-SCAN-0012	scan_finding	warp / weorpan	generated_compact_md	Germanic/docs/assembly/lexical_volume_regular_compact_alpha_01.md	2970	[@RingeTaylor2014]	RingeTaylor2014	yes	reopened_manifest	Fresh post-exhaustion scan found this broad citation in the generated compact Markdown.
AUDIT01-SCAN-0013	scan_finding	three / þrīe	generated_compact_md	Germanic/docs/assembly/lexical_volume_regular_compact_alpha_01.md	3587	[@Kroonen2013]	Kroonen2013	yes	reopened_manifest	Fresh post-exhaustion scan found this broad citation in the generated compact Markdown.
AUDIT01-SCAN-0014	scan_finding	breast / brēost	generated_compact_md	Germanic/docs/assembly/lexical_volume_regular_compact_alpha_01.md	3975	[@Campbell1959]	Campbell1959	yes	reopened_manifest	Fresh post-exhaustion scan found this broad citation in the generated compact Markdown.
AUDIT01-SCAN-0015	scan_finding	dill / dile	generated_compact_md	Germanic/docs/assembly/lexical_volume_regular_compact_alpha_01.md	4129	[@Kroonen2013]	Kroonen2013	yes	reopened_manifest	Fresh post-exhaustion scan found this broad citation in the generated compact Markdown.
AUDIT01-SCAN-0016	scan_finding	dill / dile	generated_compact_md	Germanic/docs/assembly/lexical_volume_regular_compact_alpha_01.md	4137	[@Fulk2018]	Fulk2018	yes	reopened_manifest	Fresh post-exhaustion scan found this broad citation in the generated compact Markdown.
AUDIT01-SCAN-0017	scan_finding	fast / festan	generated_compact_md	Germanic/docs/assembly/lexical_volume_regular_compact_alpha_01.md	4227	[@Kroonen2013]	Kroonen2013	yes	reopened_manifest	Fresh post-exhaustion scan found this broad citation in the generated compact Markdown.
AUDIT01-SCAN-0018	scan_finding	fast / festan	generated_compact_md	Germanic/docs/assembly/lexical_volume_regular_compact_alpha_01.md	4230	[@RingeTaylor2014]	RingeTaylor2014	yes	reopened_manifest	Fresh post-exhaustion scan found this broad citation in the generated compact Markdown.
AUDIT01-SCAN-0019	scan_finding	fast / festan	generated_compact_md	Germanic/docs/assembly/lexical_volume_regular_compact_alpha_01.md	4245	[@RingeTaylor2014]	RingeTaylor2014	yes	reopened_manifest	Fresh post-exhaustion scan found this broad citation in the generated compact Markdown.
AUDIT01-SCAN-0020	scan_finding	gall / ġealla	generated_compact_md	Germanic/docs/assembly/lexical_volume_regular_compact_alpha_01.md	4546	[@Campbell1959]	Campbell1959	yes	reopened_manifest	Fresh post-exhaustion scan found this broad citation in the generated compact Markdown.
AUDIT01-SCAN-0021	scan_finding	gall / ġealla	generated_compact_md	Germanic/docs/assembly/lexical_volume_regular_compact_alpha_01.md	4553	[@Campbell1959]	Campbell1959	yes	reopened_manifest	Fresh post-exhaustion scan found this broad citation in the generated compact Markdown.
AUDIT01-SCAN-0022	scan_finding	knight / cniht	generated_compact_md	Germanic/docs/assembly/lexical_volume_regular_compact_alpha_01.md	4630	[@KlugeSeebold2011]	KlugeSeebold2011	yes	reopened_manifest	Fresh post-exhaustion scan found this broad citation in the generated compact Markdown.
AUDIT01-SCAN-0023	scan_finding	lade / hladan	generated_compact_md	Germanic/docs/assembly/lexical_volume_regular_compact_alpha_01.md	4722	[@Kroonen2013]	Kroonen2013	yes	reopened_manifest	Fresh post-exhaustion scan found this broad citation in the generated compact Markdown.
AUDIT01-SCAN-0024	scan_finding	lap / lappa	generated_compact_md	Germanic/docs/assembly/lexical_volume_regular_compact_alpha_01.md	4833	[@SieversBrunner1965]	SieversBrunner1965	yes	reopened_manifest	Fresh post-exhaustion scan found this broad citation in the generated compact Markdown.
AUDIT01-SCAN-0025	scan_finding	loam / lām	generated_compact_md	Germanic/docs/assembly/lexical_volume_regular_compact_alpha_01.md	4994	[@Orel2003; @Kroonen2013, 363]	Orel2003	yes	reopened_manifest	Fresh post-exhaustion scan found this broad citation in the generated compact Markdown.
AUDIT01-SCAN-0026	scan_finding	loam / lām	generated_compact_md	Germanic/docs/assembly/lexical_volume_regular_compact_alpha_01.md	5004	[@BosworthToller1898; @ClarkHall1960, 196]	BosworthToller1898	yes	reopened_manifest	Fresh post-exhaustion scan found this broad citation in the generated compact Markdown.
AUDIT01-SCAN-0027	scan_finding	navel / nafola	generated_compact_md	Germanic/docs/assembly/lexical_volume_regular_compact_alpha_01.md	5172	[@Kroonen2013; @RingeTaylor2014, 270]	Kroonen2013	yes	reopened_manifest	Fresh post-exhaustion scan found this broad citation in the generated compact Markdown.
AUDIT01-SCAN-0028	scan_finding	neck / hnecca	generated_compact_md	Germanic/docs/assembly/lexical_volume_regular_compact_alpha_01.md	5264	[@KlugeSeebold2011]	KlugeSeebold2011	yes	reopened_manifest	Fresh post-exhaustion scan found this broad citation in the generated compact Markdown.
AUDIT01-SCAN-0029	scan_finding	neck / hnecca	generated_compact_md	Germanic/docs/assembly/lexical_volume_regular_compact_alpha_01.md	5267	[@Orel2003]	Orel2003	yes	reopened_manifest	Fresh post-exhaustion scan found this broad citation in the generated compact Markdown.
AUDIT01-SCAN-0030	scan_finding	needle / nǣdl	generated_compact_md	Germanic/docs/assembly/lexical_volume_regular_compact_alpha_01.md	5366	[@Hogg1992]	Hogg1992	yes	reopened_manifest	Fresh post-exhaustion scan found this broad citation in the generated compact Markdown.
AUDIT01-SCAN-0031	scan_finding	sap / sæp	generated_compact_md	Germanic/docs/assembly/lexical_volume_regular_compact_alpha_01.md	5534	[@KlugeSeebold2011]	KlugeSeebold2011	yes	reopened_manifest	Fresh post-exhaustion scan found this broad citation in the generated compact Markdown.
AUDIT01-SCAN-0032	scan_finding	sap / sæp	generated_compact_md	Germanic/docs/assembly/lexical_volume_regular_compact_alpha_01.md	5543	[@KlugeSeebold2011]	KlugeSeebold2011	yes	reopened_manifest	Fresh post-exhaustion scan found this broad citation in the generated compact Markdown.
AUDIT01-SCAN-0033	scan_finding	staff / stæf	generated_compact_md	Germanic/docs/assembly/lexical_volume_regular_compact_alpha_01.md	5894	[@KlugeSeebold2011]	KlugeSeebold2011	yes	reopened_manifest	Fresh post-exhaustion scan found this broad citation in the generated compact Markdown.
AUDIT01-SCAN-0034	scan_finding	swan / swanes	generated_compact_md	Germanic/docs/assembly/lexical_volume_regular_compact_alpha_01.md	6080	[@ClarkHall1960]	ClarkHall1960	yes	reopened_manifest	Fresh post-exhaustion scan found this broad citation in the generated compact Markdown.
AUDIT01-SCAN-0035	scan_finding	withy / wīþiġ	generated_compact_md	Germanic/docs/assembly/lexical_volume_regular_compact_alpha_01.md	6699	[@KlugeSeebold2011; @Orel2003, 503]	KlugeSeebold2011	yes	reopened_manifest	Fresh post-exhaustion scan found this broad citation in the generated compact Markdown.
AUDIT01-SCAN-0036	scan_finding	world / weorold	generated_compact_md	Germanic/docs/assembly/lexical_volume_regular_compact_alpha_01.md	6802	[@Orel2003; @RingeTaylor2014, 341]	Orel2003	yes	reopened_manifest	Fresh post-exhaustion scan found this broad citation in the generated compact Markdown.
AUDIT01-SCAN-0037	scan_finding	world / weorold	generated_compact_md	Germanic/docs/assembly/lexical_volume_regular_compact_alpha_01.md	6803	[@KlugeSeebold2011]	KlugeSeebold2011	yes	reopened_manifest	Fresh post-exhaustion scan found this broad citation in the generated compact Markdown.
AUDIT01-SCAN-0038	scan_finding	world / weorold	generated_compact_md	Germanic/docs/assembly/lexical_volume_regular_compact_alpha_01.md	6818	[@SieversBrunner1965; @BrightCassidyRingler1971, 465]	SieversBrunner1965	yes	reopened_manifest	Fresh post-exhaustion scan found this broad citation in the generated compact Markdown.
AUDIT01-SCAN-0039	scan_finding	youth / ġeoguþ	generated_compact_md	Germanic/docs/assembly/lexical_volume_regular_compact_alpha_01.md	6904	[@Kroonen2013]	Kroonen2013	yes	reopened_manifest	Fresh post-exhaustion scan found this broad citation in the generated compact Markdown.
AUDIT01-SCAN-0040	scan_finding	ban / bannes	generated_compact_md	Germanic/docs/assembly/lexical_volume_regular_compact_alpha_01.md	7021	[@ClarkHall1960; @BosworthToller1898, 303]	ClarkHall1960	yes	reopened_manifest	Fresh post-exhaustion scan found this broad citation in the generated compact Markdown.
AUDIT01-SCAN-0041	scan_finding	ban / bannes	generated_compact_md	Germanic/docs/assembly/lexical_volume_regular_compact_alpha_01.md	7031	[@Campbell1959]	Campbell1959	yes	reopened_manifest	Fresh post-exhaustion scan found this broad citation in the generated compact Markdown.
AUDIT01-SCAN-0042	scan_finding	fright / fyrhte	generated_compact_md	Germanic/docs/assembly/lexical_volume_regular_compact_alpha_01.md	7489	[@RingeTaylor2014]	RingeTaylor2014	yes	reopened_manifest	Fresh post-exhaustion scan found this broad citation in the generated compact Markdown.
AUDIT01-SCAN-0043	scan_finding	fright / fyrhte	generated_compact_md	Germanic/docs/assembly/lexical_volume_regular_compact_alpha_01.md	7497	[@BosworthToller1898]	BosworthToller1898	yes	reopened_manifest	Fresh post-exhaustion scan found this broad citation in the generated compact Markdown.
AUDIT01-SCAN-0044	scan_finding	fright / fyrhte	generated_compact_md	Germanic/docs/assembly/lexical_volume_regular_compact_alpha_01.md	7498	[@ClarkHall1960]	ClarkHall1960	yes	reopened_manifest	Fresh post-exhaustion scan found this broad citation in the generated compact Markdown.
AUDIT01-SCAN-0045	scan_finding	fright / fyrhte	generated_compact_md	Germanic/docs/assembly/lexical_volume_regular_compact_alpha_01.md	7508	[@Campbell1959]	Campbell1959	yes	reopened_manifest	Fresh post-exhaustion scan found this broad citation in the generated compact Markdown.
AUDIT01-SCAN-0046	scan_finding	hammer / hameres	generated_compact_md	Germanic/docs/assembly/lexical_volume_regular_compact_alpha_01.md	7592	[@BosworthToller1898]	BosworthToller1898	yes	reopened_manifest	Fresh post-exhaustion scan found this broad citation in the generated compact Markdown.
AUDIT01-SCAN-0047	scan_finding	hammer / hameres	generated_compact_md	Germanic/docs/assembly/lexical_volume_regular_compact_alpha_01.md	7594	[@BosworthToller1898; @ClarkHall1960, 160]	BosworthToller1898	yes	reopened_manifest	Fresh post-exhaustion scan found this broad citation in the generated compact Markdown.
AUDIT01-SCAN-0048	scan_finding	have / hæfeþ	generated_compact_md	Germanic/docs/assembly/lexical_volume_regular_compact_alpha_01.md	7678	[@Kroonen2013; @RingeTaylor2014, 93]	Kroonen2013	yes	reopened_manifest	Fresh post-exhaustion scan found this broad citation in the generated compact Markdown.
AUDIT01-SCAN-0049	scan_finding	have / hæfeþ	generated_compact_md	Germanic/docs/assembly/lexical_volume_regular_compact_alpha_01.md	7687	[@Fulk2018]	Fulk2018	yes	reopened_manifest	Fresh post-exhaustion scan found this broad citation in the generated compact Markdown.
AUDIT01-SCAN-0050	scan_finding	man / mannes	generated_compact_md	Germanic/docs/assembly/lexical_volume_regular_compact_alpha_01.md	7986	[@Campbell1959]	Campbell1959	yes	reopened_manifest	Fresh post-exhaustion scan found this broad citation in the generated compact Markdown.
AUDIT01-SCAN-0051	scan_finding	meed / meorde	generated_compact_md	Germanic/docs/assembly/lexical_volume_regular_compact_alpha_01.md	8072	[@ClarkHall1960; @BosworthToller1898, 647]	ClarkHall1960	yes	reopened_manifest	Fresh post-exhaustion scan found this broad citation in the generated compact Markdown.
AUDIT01-SCAN-0052	scan_finding	meed / meorde	generated_compact_md	Germanic/docs/assembly/lexical_volume_regular_compact_alpha_01.md	8083	[@RingeTaylor2014]	RingeTaylor2014	yes	reopened_manifest	Fresh post-exhaustion scan found this broad citation in the generated compact Markdown.
AUDIT01-SCAN-0053	scan_finding	shove / sċēaf	generated_compact_md	Germanic/docs/assembly/lexical_volume_regular_compact_alpha_01.md	8427	[@RingeTaylor2014]	RingeTaylor2014	yes	reopened_manifest	Fresh post-exhaustion scan found this broad citation in the generated compact Markdown.
AUDIT01-SCAN-0054	scan_finding	span / spanne	generated_compact_md	Germanic/docs/assembly/lexical_volume_regular_compact_alpha_01.md	8510	[@Orel2003; @Seebold1970, 450]	Orel2003	yes	reopened_manifest	Fresh post-exhaustion scan found this broad citation in the generated compact Markdown.
AUDIT01-SCAN-0055	scan_finding	span / spanne	generated_compact_md	Germanic/docs/assembly/lexical_volume_regular_compact_alpha_01.md	8512	[@SieversBrunner1965]	SieversBrunner1965	yes	reopened_manifest	Fresh post-exhaustion scan found this broad citation in the generated compact Markdown.
AUDIT01-SCAN-0056	scan_finding	span / spanne	generated_compact_md	Germanic/docs/assembly/lexical_volume_regular_compact_alpha_01.md	8519	[@ClarkHall1960]	ClarkHall1960	yes	reopened_manifest	Fresh post-exhaustion scan found this broad citation in the generated compact Markdown.
AUDIT01-SCAN-0057	scan_finding	learn (iptv.2sg) / liorna	generated_compact_md	Germanic/docs/assembly/lexical_volume_regular_compact_alpha_01.md	8994	[@Fulk2018]	Fulk2018	yes	reopened_manifest	Fresh post-exhaustion scan found this broad citation in the generated compact Markdown.
AUDIT01-SCAN-0058	scan_finding	lick (iptv.2sg) / licca	generated_compact_md	Germanic/docs/assembly/lexical_volume_regular_compact_alpha_01.md	9145	[@RingeTaylor2014]	RingeTaylor2014	yes	reopened_manifest	Fresh post-exhaustion scan found this broad citation in the generated compact Markdown.
AUDIT01-SCAN-0059	scan_finding	lick (3sg) / liccaþ	generated_compact_md	Germanic/docs/assembly/lexical_volume_regular_compact_alpha_01.md	9219	[@RingeTaylor2014]	RingeTaylor2014	yes	reopened_manifest	Fresh post-exhaustion scan found this broad citation in the generated compact Markdown.
AUDIT01-SCAN-0060	scan_finding	show (3sg) / sċēawaþ	generated_compact_md	Germanic/docs/assembly/lexical_volume_regular_compact_alpha_01.md	9375	[@BrightCassidyRingler1971]	BrightCassidyRingler1971	yes	reopened_manifest	Fresh post-exhaustion scan found this broad citation in the generated compact Markdown.
AUDIT01-SCAN-0061	scan_finding	knob / cnobba	generated_compact_md	Germanic/docs/assembly/lexical_volume_regular_compact_alpha_01.md	9453	[@Kroonen2011]	Kroonen2011	yes	reopened_manifest	Fresh post-exhaustion scan found this broad citation in the generated compact Markdown.
AUDIT01-SCAN-0062	scan_finding	rust / rust	generated_compact_md	Germanic/docs/assembly/lexical_volume_regular_compact_alpha_01.md	10147	[@RingeTaylor2014]	RingeTaylor2014	yes	reopened_manifest	Fresh post-exhaustion scan found this broad citation in the generated compact Markdown.
AUDIT01-SCAN-0063	scan_finding	wolf / wulf	generated_compact_md	Germanic/docs/assembly/lexical_volume_regular_compact_alpha_01.md	10221	[@Kroonen2013; @RingeTaylor2014, 47]	Kroonen2013	yes	reopened_manifest	Fresh post-exhaustion scan found this broad citation in the generated compact Markdown.
AUDIT01-SCAN-0064	scan_finding	wolf / wulf	generated_compact_md	Germanic/docs/assembly/lexical_volume_regular_compact_alpha_01.md	10252	[@SieversBrunner1965]	SieversBrunner1965	yes	reopened_manifest	Fresh post-exhaustion scan found this broad citation in the generated compact Markdown.
AUDIT01-SCAN-0065	scan_finding	birth / byrd	regular_book_prose	Germanic/docs/assembly/book_prose/regular_all_01/1951-birth-byrd.book.md	3	[@Hogg1992]	Hogg1992	yes	upstream_support_for_generated_broad	Upstream source prose still contains a broad citation that also surfaces in the generated compact entry.
AUDIT01-SCAN-0066	scan_finding	fly / flēogan	regular_book_prose	Germanic/docs/assembly/book_prose/regular_all_01/2022-fly-flēogan.book.md	1	[@BosworthToller1898]	BosworthToller1898	yes	upstream_support_for_generated_broad	Upstream source prose still contains a broad citation that also surfaces in the generated compact entry.
AUDIT01-SCAN-0067	scan_finding	forlorn / lēosan	regular_book_prose	Germanic/docs/assembly/book_prose/regular_all_01/2028-forlorn-lēosan.book.md	1	[@RingeTaylor2014]	RingeTaylor2014	yes	upstream_support_for_generated_broad	Upstream source prose still contains a broad citation that also surfaces in the generated compact entry.
AUDIT01-SCAN-0068	scan_finding	gang / gang	regular_book_prose	Germanic/docs/assembly/book_prose/regular_all_01/2038-gang-gang.book.md	1	[@Orel2003]	Orel2003	yes	upstream_support_for_generated_broad	Upstream source prose still contains a broad citation that also surfaces in the generated compact entry.
AUDIT01-SCAN-0069	scan_finding	shilling / sċilling	regular_book_prose	Germanic/docs/assembly/book_prose/regular_all_01/2181-shilling-sċilling.book.md	1	[@Kroonen2013; @Orel2003, 377]	Kroonen2013	yes	upstream_support_for_generated_broad	Upstream source prose still contains a broad citation that also surfaces in the generated compact entry.
AUDIT01-SCAN-0070	scan_finding	shilling / sċilling	regular_book_prose	Germanic/docs/assembly/book_prose/regular_all_01/2181-shilling-sċilling.book.md	3	[@Kroonen2013]	Kroonen2013	yes	upstream_support_for_generated_broad	Upstream source prose still contains a broad citation that also surfaces in the generated compact entry.
AUDIT01-SCAN-0071	scan_finding	smear / smierwan	regular_book_prose	Germanic/docs/assembly/book_prose/regular_all_01/2198-smear-smierwan.book.md	3	[@RingeTaylor2014; @ClarkHall1960, 283]	RingeTaylor2014	yes	upstream_support_for_generated_broad	Upstream source prose still contains a broad citation that also surfaces in the generated compact entry.
AUDIT01-SCAN-0072	scan_finding	still / stillan	regular_book_prose	Germanic/docs/assembly/book_prose/regular_all_01/2217-still-stillan.book.md	1	[@KlugeSeebold2011]	KlugeSeebold2011	yes	upstream_support_for_generated_broad	Upstream source prose still contains a broad citation that also surfaces in the generated compact entry.
AUDIT01-SCAN-0073	scan_finding	still / stillan	regular_book_prose	Germanic/docs/assembly/book_prose/regular_all_01/2217-still-stillan.book.md	3	[@ClarkHall1960, 292; @KlugeSeebold2011]	KlugeSeebold2011	yes	upstream_support_for_generated_broad	Upstream source prose still contains a broad citation that also surfaces in the generated compact entry.
AUDIT01-SCAN-0074	scan_finding	think / þenċan	regular_book_prose	Germanic/docs/assembly/book_prose/regular_all_01/2248-think-þenċan.book.md	1	[@BosworthToller1898]	BosworthToller1898	yes	upstream_support_for_generated_broad	Upstream source prose still contains a broad citation that also surfaces in the generated compact entry.
AUDIT01-SCAN-0075	scan_finding	town / tūn	regular_book_prose	Germanic/docs/assembly/book_prose/regular_all_01/2263-town-tūn.book.md	1	[@SieversBrunner1965]	SieversBrunner1965	yes	upstream_support_for_generated_broad	Upstream source prose still contains a broad citation that also surfaces in the generated compact entry.
AUDIT01-SCAN-0076	scan_finding	warp / weorpan	regular_book_prose	Germanic/docs/assembly/book_prose/regular_all_01/2270-warp-weorpan.book.md	1	[@RingeTaylor2014]	RingeTaylor2014	yes	upstream_support_for_generated_broad	Upstream source prose still contains a broad citation that also surfaces in the generated compact entry.
AUDIT01-SCAN-0077	scan_finding	bake / bacan	model_entry	Germanic/docs/lexeme_reports/model_entries/1934-bake-bacan.model.md	21	[@Orel2003]	Orel2003	no	upstream_only_not_generated	Upstream source prose still contains a broad citation, but the current compact assembly does not surface it in generated output.
AUDIT01-SCAN-0078	scan_finding	bake / bacan	model_entry	Germanic/docs/lexeme_reports/model_entries/1934-bake-bacan.model.md	21	[@Campbell1959, 61; @RingeTaylor2014]	RingeTaylor2014	no	upstream_only_not_generated	Upstream source prose still contains a broad citation, but the current compact assembly does not surface it in generated output.
AUDIT01-SCAN-0079	scan_finding	bake / bacan	model_entry	Germanic/docs/lexeme_reports/model_entries/1934-bake-bacan.model.md	25	[@BosworthToller1898, 72; @ClarkHall1960]	ClarkHall1960	no	upstream_only_not_generated	Upstream source prose still contains a broad citation, but the current compact assembly does not surface it in generated output.
AUDIT01-SCAN-0080	scan_finding	bake / bacan	model_entry	Germanic/docs/lexeme_reports/model_entries/1934-bake-bacan.model.md	29	[@Campbell1959, 61; @RingeTaylor2014]	RingeTaylor2014	no	upstream_only_not_generated	Upstream source prose still contains a broad citation, but the current compact assembly does not surface it in generated output.
AUDIT01-SCAN-0081	scan_finding	ban / bannes	model_entry	Germanic/docs/lexeme_reports/model_entries/1936-ban-bannes.model.md	34	[@ClarkHall1960; @BosworthToller1898, 303]	ClarkHall1960	yes	upstream_support_for_generated_broad	Upstream source prose still contains a broad citation that also surfaces in the generated compact entry.
AUDIT01-SCAN-0082	scan_finding	ban / bannes	model_entry	Germanic/docs/lexeme_reports/model_entries/1936-ban-bannes.model.md	44	[@Campbell1959]	Campbell1959	yes	upstream_support_for_generated_broad	Upstream source prose still contains a broad citation that also surfaces in the generated compact entry.
AUDIT01-SCAN-0083	scan_finding	beech / bōc	model_entry	Germanic/docs/lexeme_reports/model_entries/1942-beech-bōc.model.md	21	[@Kroonen2013]	Kroonen2013	no	upstream_only_not_generated	Upstream source prose still contains a broad citation, but the current compact assembly does not surface it in generated output.
AUDIT01-SCAN-0084	scan_finding	beech / bōc	model_entry	Germanic/docs/lexeme_reports/model_entries/1942-beech-bōc.model.md	25	[@Kroonen2013]	Kroonen2013	no	upstream_only_not_generated	Upstream source prose still contains a broad citation, but the current compact assembly does not surface it in generated output.
AUDIT01-SCAN-0085	scan_finding	begin / beġinnan	model_entry	Germanic/docs/lexeme_reports/model_entries/1943-begin-beġinnan.model.md	21	[@RingeTaylor2014]	RingeTaylor2014	no	upstream_only_not_generated	Upstream source prose still contains a broad citation, but the current compact assembly does not surface it in generated output.
AUDIT01-SCAN-0086	scan_finding	begin / beġinnan	model_entry	Germanic/docs/lexeme_reports/model_entries/1943-begin-beġinnan.model.md	25	[@BosworthToller1898, 84; @ClarkHall1960]	ClarkHall1960	no	upstream_only_not_generated	Upstream source prose still contains a broad citation, but the current compact assembly does not surface it in generated output.
AUDIT01-SCAN-0087	scan_finding	begin / beġinnan	model_entry	Germanic/docs/lexeme_reports/model_entries/1943-begin-beġinnan.model.md	29	[@RingeTaylor2014]	RingeTaylor2014	no	upstream_only_not_generated	Upstream source prose still contains a broad citation, but the current compact assembly does not surface it in generated output.
AUDIT01-SCAN-0088	scan_finding	bier / bǣr	model_entry	Germanic/docs/lexeme_reports/model_entries/1949-bier-bǣr.model.md	25	[@ClarkHall1960; @BosworthToller1898, 73; @Kroonen2013, 717]	ClarkHall1960	no	upstream_only_not_generated	Upstream source prose still contains a broad citation, but the current compact assembly does not surface it in generated output.
AUDIT01-SCAN-0089	scan_finding	bier / bǣr	model_entry	Germanic/docs/lexeme_reports/model_entries/1949-bier-bǣr.model.md	29	[@ClarkHall1960; @BosworthToller1898, 73; @Kroonen2013, 717]	ClarkHall1960	no	upstream_only_not_generated	Upstream source prose still contains a broad citation, but the current compact assembly does not surface it in generated output.
AUDIT01-SCAN-0090	scan_finding	birth / byrd	model_entry	Germanic/docs/lexeme_reports/model_entries/1951-birth-byrd.model.md	21	[@Kroonen2013]	Kroonen2013	no	upstream_only_not_generated	Upstream source prose still contains a broad citation, but the current compact assembly does not surface it in generated output.
AUDIT01-SCAN-0091	scan_finding	birth / byrd	model_entry	Germanic/docs/lexeme_reports/model_entries/1951-birth-byrd.model.md	25	[@ClarkHall1960; @BosworthToller1898, 125]	ClarkHall1960	no	upstream_only_not_generated	Upstream source prose still contains a broad citation, but the current compact assembly does not surface it in generated output.
AUDIT01-SCAN-0092	scan_finding	birth / byrd	model_entry	Germanic/docs/lexeme_reports/model_entries/1951-birth-byrd.model.md	25	[@Kroonen2013; @BosworthToller1898, 125; @Campbell1959]	Kroonen2013; Campbell1959	no	upstream_only_not_generated	Upstream source prose still contains a broad citation, but the current compact assembly does not surface it in generated output.
AUDIT01-SCAN-0093	scan_finding	birth / byrd	model_entry	Germanic/docs/lexeme_reports/model_entries/1951-birth-byrd.model.md	29	[@Hogg1992]	Hogg1992	yes	upstream_support_for_generated_broad	Upstream source prose still contains a broad citation that also surfaces in the generated compact entry.
AUDIT01-SCAN-0094	scan_finding	bone / bān	model_entry	Germanic/docs/lexeme_reports/model_entries/1954-bone-bān.model.md	21	[@Kroonen2013; @Orel2003]	Kroonen2013; Orel2003	no	upstream_only_not_generated	Upstream source prose still contains a broad citation, but the current compact assembly does not surface it in generated output.
AUDIT01-SCAN-0095	scan_finding	bone / bān	model_entry	Germanic/docs/lexeme_reports/model_entries/1954-bone-bān.model.md	25	[@ClarkHall1960; @BosworthToller1898]	ClarkHall1960; BosworthToller1898	no	upstream_only_not_generated	Upstream source prose still contains a broad citation, but the current compact assembly does not surface it in generated output.
AUDIT01-SCAN-0096	scan_finding	bone / bān	model_entry	Germanic/docs/lexeme_reports/model_entries/1954-bone-bān.model.md	25	[@BrightCassidyRingler1971]	BrightCassidyRingler1971	no	upstream_only_not_generated	Upstream source prose still contains a broad citation, but the current compact assembly does not surface it in generated output.
AUDIT01-SCAN-0097	scan_finding	bow / bīeġan	model_entry	Germanic/docs/lexeme_reports/model_entries/1961-bow-bīeġan.model.md	21	[@Kroonen2013]	Kroonen2013	no	upstream_only_not_generated	Upstream source prose still contains a broad citation, but the current compact assembly does not surface it in generated output.
AUDIT01-SCAN-0098	scan_finding	bow / bīeġan	model_entry	Germanic/docs/lexeme_reports/model_entries/1961-bow-bīeġan.model.md	21	[@RingeTaylor2014]	RingeTaylor2014	no	upstream_only_not_generated	Upstream source prose still contains a broad citation, but the current compact assembly does not surface it in generated output.
AUDIT01-SCAN-0099	scan_finding	bow / bīeġan	model_entry	Germanic/docs/lexeme_reports/model_entries/1961-bow-bīeġan.model.md	25	[@ClarkHall1960; @BosworthToller1898, 102]	ClarkHall1960	no	upstream_only_not_generated	Upstream source prose still contains a broad citation, but the current compact assembly does not surface it in generated output.
AUDIT01-SCAN-0100	scan_finding	bow / bīeġan	model_entry	Germanic/docs/lexeme_reports/model_entries/1961-bow-bīeġan.model.md	29	[@RingeTaylor2014; @Campbell1959, 80]	RingeTaylor2014	no	upstream_only_not_generated	Upstream source prose still contains a broad citation, but the current compact assembly does not surface it in generated output.
AUDIT01-SCAN-0101	scan_finding	breast / brēost	model_entry	Germanic/docs/lexeme_reports/model_entries/1968-breast-brēost.model.md	45	[@Campbell1959]	Campbell1959	yes	upstream_support_for_generated_broad	Upstream source prose still contains a broad citation that also surfaces in the generated compact entry.
AUDIT01-SCAN-0102	scan_finding	breeches / brēċ	model_entry	Germanic/docs/lexeme_reports/model_entries/1969-breeches-brēċ.model.md	21	[@Kroonen2013]	Kroonen2013	no	upstream_only_not_generated	Upstream source prose still contains a broad citation, but the current compact assembly does not surface it in generated output.
AUDIT01-SCAN-0103	scan_finding	breeches / brēċ	model_entry	Germanic/docs/lexeme_reports/model_entries/1969-breeches-brēċ.model.md	21	[@RingeTaylor2014]	RingeTaylor2014	no	upstream_only_not_generated	Upstream source prose still contains a broad citation, but the current compact assembly does not surface it in generated output.
AUDIT01-SCAN-0104	scan_finding	breeches / brēċ	model_entry	Germanic/docs/lexeme_reports/model_entries/1969-breeches-brēċ.model.md	25	[@BrightCassidyRingler1971; @ClarkHall1960, 64]	BrightCassidyRingler1971	no	upstream_only_not_generated	Upstream source prose still contains a broad citation, but the current compact assembly does not surface it in generated output.
AUDIT01-SCAN-0105	scan_finding	breeches / brēċ	model_entry	Germanic/docs/lexeme_reports/model_entries/1969-breeches-brēċ.model.md	29	[@RingeTaylor2014]	RingeTaylor2014	no	upstream_only_not_generated	Upstream source prose still contains a broad citation, but the current compact assembly does not surface it in generated output.
AUDIT01-SCAN-0106	scan_finding	calf / ċealf	model_entry	Germanic/docs/lexeme_reports/model_entries/1975-calf-ċealf.model.md	21	[@Kroonen2013; @Orel2003, 248; @RingeTaylor2014, 220]	Kroonen2013	no	upstream_only_not_generated	Upstream source prose still contains a broad citation, but the current compact assembly does not surface it in generated output.
AUDIT01-SCAN-0107	scan_finding	calf / ċealf	model_entry	Germanic/docs/lexeme_reports/model_entries/1975-calf-ċealf.model.md	25	[@ClarkHall1960; @BosworthToller1898, 131]	ClarkHall1960	no	upstream_only_not_generated	Upstream source prose still contains a broad citation, but the current compact assembly does not surface it in generated output.
AUDIT01-SCAN-0108	scan_finding	calf / ċealf	model_entry	Germanic/docs/lexeme_reports/model_entries/1975-calf-ċealf.model.md	25	[@Campbell1959; @Fulk2018, 193]	Campbell1959	no	upstream_only_not_generated	Upstream source prose still contains a broad citation, but the current compact assembly does not surface it in generated output.
AUDIT01-SCAN-0109	scan_finding	corn / corn	model_entry	Germanic/docs/lexeme_reports/model_entries/1979-corn-corn.model.md	21	[@Kroonen2013; @Orel2003, 264]	Kroonen2013	no	upstream_only_not_generated	Upstream source prose still contains a broad citation, but the current compact assembly does not surface it in generated output.
AUDIT01-SCAN-0110	scan_finding	corn / corn	model_entry	Germanic/docs/lexeme_reports/model_entries/1979-corn-corn.model.md	25	[@ClarkHall1960; @BrightCassidyRingler1971, 347; @BosworthToller1898, 144]	ClarkHall1960	no	upstream_only_not_generated	Upstream source prose still contains a broad citation, but the current compact assembly does not surface it in generated output.
AUDIT01-SCAN-0111	scan_finding	deed / dǣd	model_entry	Germanic/docs/lexeme_reports/model_entries/1987-deed-dǣd.model.md	21	[@Orel2003; @RingeTaylor2014]	Orel2003; RingeTaylor2014	no	upstream_only_not_generated	Upstream source prose still contains a broad citation, but the current compact assembly does not surface it in generated output.
AUDIT01-SCAN-0112	scan_finding	deed / dǣd	model_entry	Germanic/docs/lexeme_reports/model_entries/1987-deed-dǣd.model.md	25	[@Campbell1959; @SieversBrunner1965]	Campbell1959; SieversBrunner1965	no	upstream_only_not_generated	Upstream source prose still contains a broad citation, but the current compact assembly does not surface it in generated output.
AUDIT01-SCAN-0113	scan_finding	deed / dǣd	model_entry	Germanic/docs/lexeme_reports/model_entries/1987-deed-dǣd.model.md	25	[@ClarkHall1960]	ClarkHall1960	no	upstream_only_not_generated	Upstream source prose still contains a broad citation, but the current compact assembly does not surface it in generated output.
AUDIT01-SCAN-0114	scan_finding	deed / dǣd	model_entry	Germanic/docs/lexeme_reports/model_entries/1987-deed-dǣd.model.md	29	[@Campbell1959; @SieversBrunner1965]	Campbell1959; SieversBrunner1965	no	upstream_only_not_generated	Upstream source prose still contains a broad citation, but the current compact assembly does not surface it in generated output.
AUDIT01-SCAN-0115	scan_finding	dill / dile	model_entry	Germanic/docs/lexeme_reports/model_entries/1990-dill-dile.model.md	23	[@Kroonen2013]	Kroonen2013	yes	upstream_support_for_generated_broad	Upstream source prose still contains a broad citation that also surfaces in the generated compact entry.
AUDIT01-SCAN-0116	scan_finding	dill / dile	model_entry	Germanic/docs/lexeme_reports/model_entries/1990-dill-dile.model.md	31	[@Fulk2018]	Fulk2018	yes	upstream_support_for_generated_broad	Upstream source prose still contains a broad citation that also surfaces in the generated compact entry.
AUDIT01-SCAN-0117	scan_finding	door / dor	model_entry	Germanic/docs/lexeme_reports/model_entries/1992-door-dor.model.md	21	[@Kroonen2013]	Kroonen2013	no	upstream_only_not_generated	Upstream source prose still contains a broad citation, but the current compact assembly does not surface it in generated output.
AUDIT01-SCAN-0118	scan_finding	door / dor	model_entry	Germanic/docs/lexeme_reports/model_entries/1992-door-dor.model.md	25	[@ClarkHall1960]	ClarkHall1960	no	upstream_only_not_generated	Upstream source prose still contains a broad citation, but the current compact assembly does not surface it in generated output.
AUDIT01-SCAN-0119	scan_finding	door / dor	model_entry	Germanic/docs/lexeme_reports/model_entries/1992-door-dor.model.md	25	[@RingeTaylor2014]	RingeTaylor2014	no	upstream_only_not_generated	Upstream source prose still contains a broad citation, but the current compact assembly does not surface it in generated output.
AUDIT01-SCAN-0120	scan_finding	door / dor	model_entry	Germanic/docs/lexeme_reports/model_entries/1992-door-dor.model.md	29	[@Kroonen2013; @RingeTaylor2014]	Kroonen2013; RingeTaylor2014	no	upstream_only_not_generated	Upstream source prose still contains a broad citation, but the current compact assembly does not surface it in generated output.
AUDIT01-SCAN-0121	scan_finding	fare / faran	model_entry	Germanic/docs/lexeme_reports/model_entries/2003-fare-faran.model.md	21	[@Kroonen2013; @Orel2003, 132]	Kroonen2013	no	upstream_only_not_generated	Upstream source prose still contains a broad citation, but the current compact assembly does not surface it in generated output.
AUDIT01-SCAN-0122	scan_finding	fare / faran	model_entry	Germanic/docs/lexeme_reports/model_entries/2003-fare-faran.model.md	25	[@ClarkHall1960]	ClarkHall1960	no	upstream_only_not_generated	Upstream source prose still contains a broad citation, but the current compact assembly does not surface it in generated output.
AUDIT01-SCAN-0123	scan_finding	fare / faran	model_entry	Germanic/docs/lexeme_reports/model_entries/2003-fare-faran.model.md	29	[@Fulk2018]	Fulk2018	no	upstream_only_not_generated	Upstream source prose still contains a broad citation, but the current compact assembly does not surface it in generated output.
AUDIT01-SCAN-0124	scan_finding	fast / festan	model_entry	Germanic/docs/lexeme_reports/model_entries/2004-fast-festan.model.md	23	[@Kroonen2013]	Kroonen2013	yes	upstream_support_for_generated_broad	Upstream source prose still contains a broad citation that also surfaces in the generated compact entry.
AUDIT01-SCAN-0125	scan_finding	fast / festan	model_entry	Germanic/docs/lexeme_reports/model_entries/2004-fast-festan.model.md	26	[@RingeTaylor2014]	RingeTaylor2014	yes	upstream_support_for_generated_broad	Upstream source prose still contains a broad citation that also surfaces in the generated compact entry.
AUDIT01-SCAN-0126	scan_finding	fast / festan	model_entry	Germanic/docs/lexeme_reports/model_entries/2004-fast-festan.model.md	41	[@RingeTaylor2014]	RingeTaylor2014	yes	upstream_support_for_generated_broad	Upstream source prose still contains a broad citation that also surfaces in the generated compact entry.
AUDIT01-SCAN-0127	scan_finding	fell / fell	model_entry	Germanic/docs/lexeme_reports/model_entries/2007-fell-fell.model.md	21	[@Kroonen2013]	Kroonen2013	no	upstream_only_not_generated	Upstream source prose still contains a broad citation, but the current compact assembly does not surface it in generated output.
AUDIT01-SCAN-0128	scan_finding	fell / fell	model_entry	Germanic/docs/lexeme_reports/model_entries/2007-fell-fell.model.md	25	[@ClarkHall1960; @BrightCassidyRingler1971]	ClarkHall1960; BrightCassidyRingler1971	no	upstream_only_not_generated	Upstream source prose still contains a broad citation, but the current compact assembly does not surface it in generated output.
AUDIT01-SCAN-0129	scan_finding	fern / fearn	model_entry	Germanic/docs/lexeme_reports/model_entries/2008-fern-fearn.model.md	21	[@Kroonen2013; @Orel2003, 133]	Kroonen2013	no	upstream_only_not_generated	Upstream source prose still contains a broad citation, but the current compact assembly does not surface it in generated output.
AUDIT01-SCAN-0130	scan_finding	fern / fearn	model_entry	Germanic/docs/lexeme_reports/model_entries/2008-fern-fearn.model.md	25	[@ClarkHall1960; @BosworthToller1898, 219]	ClarkHall1960	no	upstream_only_not_generated	Upstream source prose still contains a broad citation, but the current compact assembly does not surface it in generated output.
AUDIT01-SCAN-0131	scan_finding	fern / fearn	model_entry	Germanic/docs/lexeme_reports/model_entries/2008-fern-fearn.model.md	25	[@Kroonen2013]	Kroonen2013	no	upstream_only_not_generated	Upstream source prose still contains a broad citation, but the current compact assembly does not surface it in generated output.
AUDIT01-SCAN-0132	scan_finding	fern / fearn	model_entry	Germanic/docs/lexeme_reports/model_entries/2008-fern-fearn.model.md	29	[@Campbell1959; @RingeTaylor2014]	Campbell1959; RingeTaylor2014	no	upstream_only_not_generated	Upstream source prose still contains a broad citation, but the current compact assembly does not surface it in generated output.
AUDIT01-SCAN-0133	scan_finding	fly / flēogan	model_entry	Germanic/docs/lexeme_reports/model_entries/2022-fly-flēogan.model.md	21	[@RingeTaylor2014]	RingeTaylor2014	no	upstream_only_not_generated	Upstream source prose still contains a broad citation, but the current compact assembly does not surface it in generated output.
AUDIT01-SCAN-0134	scan_finding	fly / flēogan	model_entry	Germanic/docs/lexeme_reports/model_entries/2022-fly-flēogan.model.md	25	[@ClarkHall1960; @BosworthToller1898; @BrightCassidyRingler1971]	ClarkHall1960; BosworthToller1898; BrightCassidyRingler1971	yes	upstream_support_for_generated_broad	Upstream source prose still contains a broad citation that also surfaces in the generated compact entry.
AUDIT01-SCAN-0135	scan_finding	fly / flēogan	model_entry	Germanic/docs/lexeme_reports/model_entries/2022-fly-flēogan.model.md	29	[@RingeTaylor2014]	RingeTaylor2014	no	upstream_only_not_generated	Upstream source prose still contains a broad citation, but the current compact assembly does not surface it in generated output.
AUDIT01-SCAN-0136	scan_finding	fly / flēogan	model_entry	Germanic/docs/lexeme_reports/model_entries/2022-fly-flēogan.model.md	33	[@RingeTaylor2014]	RingeTaylor2014	no	upstream_only_not_generated	Upstream source prose still contains a broad citation, but the current compact assembly does not surface it in generated output.
AUDIT01-SCAN-0137	scan_finding	forlorn / lēosan	model_entry	Germanic/docs/lexeme_reports/model_entries/2028-forlorn-lēosan.model.md	21	[@Kroonen2013; @Orel2003]	Kroonen2013; Orel2003	no	upstream_only_not_generated	Upstream source prose still contains a broad citation, but the current compact assembly does not surface it in generated output.
AUDIT01-SCAN-0138	scan_finding	forlorn / lēosan	model_entry	Germanic/docs/lexeme_reports/model_entries/2028-forlorn-lēosan.model.md	25	[@RingeTaylor2014; @ClarkHall1960; @BosworthToller1898]	RingeTaylor2014; ClarkHall1960; BosworthToller1898	yes	upstream_support_for_generated_broad	Upstream source prose still contains a broad citation that also surfaces in the generated compact entry.
AUDIT01-SCAN-0139	scan_finding	forlorn / lēosan	model_entry	Germanic/docs/lexeme_reports/model_entries/2028-forlorn-lēosan.model.md	29	[@RingeTaylor2014]	RingeTaylor2014	yes	upstream_support_for_generated_broad	Upstream source prose still contains a broad citation that also surfaces in the generated compact entry.
AUDIT01-SCAN-0140	scan_finding	forlorn / lēosan	model_entry	Germanic/docs/lexeme_reports/model_entries/2028-forlorn-lēosan.model.md	33	[@RingeTaylor2014]	RingeTaylor2014	yes	upstream_support_for_generated_broad	Upstream source prose still contains a broad citation that also surfaces in the generated compact entry.
AUDIT01-SCAN-0141	scan_finding	fright / fyrhte	model_entry	Germanic/docs/lexeme_reports/model_entries/2034-fright-fyrhte.model.md	27	[@RingeTaylor2014]	RingeTaylor2014	yes	upstream_support_for_generated_broad	Upstream source prose still contains a broad citation that also surfaces in the generated compact entry.
AUDIT01-SCAN-0142	scan_finding	fright / fyrhte	model_entry	Germanic/docs/lexeme_reports/model_entries/2034-fright-fyrhte.model.md	35	[@BosworthToller1898]	BosworthToller1898	yes	upstream_support_for_generated_broad	Upstream source prose still contains a broad citation that also surfaces in the generated compact entry.
AUDIT01-SCAN-0143	scan_finding	fright / fyrhte	model_entry	Germanic/docs/lexeme_reports/model_entries/2034-fright-fyrhte.model.md	36	[@ClarkHall1960]	ClarkHall1960	yes	upstream_support_for_generated_broad	Upstream source prose still contains a broad citation that also surfaces in the generated compact entry.
AUDIT01-SCAN-0144	scan_finding	fright / fyrhte	model_entry	Germanic/docs/lexeme_reports/model_entries/2034-fright-fyrhte.model.md	46	[@Campbell1959]	Campbell1959	yes	upstream_support_for_generated_broad	Upstream source prose still contains a broad citation that also surfaces in the generated compact entry.
AUDIT01-SCAN-0145	scan_finding	gall / ġealla	model_entry	Germanic/docs/lexeme_reports/model_entries/2037-gall-ġealla.model.md	38	[@Campbell1959]	Campbell1959	yes	upstream_support_for_generated_broad	Upstream source prose still contains a broad citation that also surfaces in the generated compact entry.
AUDIT01-SCAN-0146	scan_finding	gall / ġealla	model_entry	Germanic/docs/lexeme_reports/model_entries/2037-gall-ġealla.model.md	45	[@Campbell1959]	Campbell1959	yes	upstream_support_for_generated_broad	Upstream source prose still contains a broad citation that also surfaces in the generated compact entry.
AUDIT01-SCAN-0147	scan_finding	gang / gang	model_entry	Germanic/docs/lexeme_reports/model_entries/2038-gang-gang.model.md	21	[@Orel2003]	Orel2003	yes	upstream_support_for_generated_broad	Upstream source prose still contains a broad citation that also surfaces in the generated compact entry.
AUDIT01-SCAN-0148	scan_finding	gang / gang	model_entry	Germanic/docs/lexeme_reports/model_entries/2038-gang-gang.model.md	25	[@ClarkHall1960; @BosworthToller1898, 159; @BrightCassidyRingler1971, 392]	ClarkHall1960	no	upstream_only_not_generated	Upstream source prose still contains a broad citation, but the current compact assembly does not surface it in generated output.
AUDIT01-SCAN-0149	scan_finding	gang / gang	model_entry	Germanic/docs/lexeme_reports/model_entries/2038-gang-gang.model.md	29	[@ClarkHall1960; @BosworthToller1898, 159]	ClarkHall1960	no	upstream_only_not_generated	Upstream source prose still contains a broad citation, but the current compact assembly does not surface it in generated output.
AUDIT01-SCAN-0150	scan_finding	give / ġiefan	model_entry	Germanic/docs/lexeme_reports/model_entries/2041-give-ġiefan.model.md	21	[@Kroonen2013]	Kroonen2013	no	upstream_only_not_generated	Upstream source prose still contains a broad citation, but the current compact assembly does not surface it in generated output.
AUDIT01-SCAN-0151	scan_finding	give / ġiefan	model_entry	Germanic/docs/lexeme_reports/model_entries/2041-give-ġiefan.model.md	21	[@RingeTaylor2014]	RingeTaylor2014	no	upstream_only_not_generated	Upstream source prose still contains a broad citation, but the current compact assembly does not surface it in generated output.
AUDIT01-SCAN-0152	scan_finding	give / ġiefan	model_entry	Germanic/docs/lexeme_reports/model_entries/2041-give-ġiefan.model.md	25	[@Campbell1959; @ClarkHall1960]	Campbell1959; ClarkHall1960	no	upstream_only_not_generated	Upstream source prose still contains a broad citation, but the current compact assembly does not surface it in generated output.
AUDIT01-SCAN-0153	scan_finding	give / ġiefan	model_entry	Germanic/docs/lexeme_reports/model_entries/2041-give-ġiefan.model.md	29	[@RingeTaylor2014]	RingeTaylor2014	no	upstream_only_not_generated	Upstream source prose still contains a broad citation, but the current compact assembly does not surface it in generated output.
AUDIT01-SCAN-0154	scan_finding	give / ġiefan	model_entry	Germanic/docs/lexeme_reports/model_entries/2041-give-ġiefan.model.md	33	[@Campbell1959; @RingeTaylor2014]	Campbell1959; RingeTaylor2014	no	upstream_only_not_generated	Upstream source prose still contains a broad citation, but the current compact assembly does not surface it in generated output.
AUDIT01-SCAN-0155	scan_finding	gold / gold	model_entry	Germanic/docs/lexeme_reports/model_entries/2043-gold-gold.model.md	21	[@RingeTaylor2014, 42; @Kroonen2013]	Kroonen2013	no	upstream_only_not_generated	Upstream source prose still contains a broad citation, but the current compact assembly does not surface it in generated output.
AUDIT01-SCAN-0156	scan_finding	gold / gold	model_entry	Germanic/docs/lexeme_reports/model_entries/2043-gold-gold.model.md	33	[@Campbell1959; @RingeTaylor2014, 42]	Campbell1959	no	upstream_only_not_generated	Upstream source prose still contains a broad citation, but the current compact assembly does not surface it in generated output.
AUDIT01-SCAN-0157	scan_finding	grave / grafan	model_entry	Germanic/docs/lexeme_reports/model_entries/2046-grave-grafan.model.md	21	[@Campbell1959, 61; @RingeTaylor2014]	RingeTaylor2014	no	upstream_only_not_generated	Upstream source prose still contains a broad citation, but the current compact assembly does not surface it in generated output.
AUDIT01-SCAN-0158	scan_finding	grave / grafan	model_entry	Germanic/docs/lexeme_reports/model_entries/2046-grave-grafan.model.md	25	[@ClarkHall1960]	ClarkHall1960	no	upstream_only_not_generated	Upstream source prose still contains a broad citation, but the current compact assembly does not surface it in generated output.
AUDIT01-SCAN-0159	scan_finding	grave / grafan	model_entry	Germanic/docs/lexeme_reports/model_entries/2046-grave-grafan.model.md	29	[@Campbell1959, 61; @RingeTaylor2014]	RingeTaylor2014	no	upstream_only_not_generated	Upstream source prose still contains a broad citation, but the current compact assembly does not surface it in generated output.
AUDIT01-SCAN-0160	scan_finding	grave / grafan	model_entry	Germanic/docs/lexeme_reports/model_entries/2046-grave-grafan.model.md	33	[@ClarkHall1960]	ClarkHall1960	no	upstream_only_not_generated	Upstream source prose still contains a broad citation, but the current compact assembly does not surface it in generated output.
AUDIT01-SCAN-0161	scan_finding	guest / ġiest	model_entry	Germanic/docs/lexeme_reports/model_entries/2049-guest-ġiest.model.md	21	[@Campbell1959; @RingeTaylor2014]	Campbell1959; RingeTaylor2014	no	upstream_only_not_generated	Upstream source prose still contains a broad citation, but the current compact assembly does not surface it in generated output.
AUDIT01-SCAN-0162	scan_finding	guest / ġiest	model_entry	Germanic/docs/lexeme_reports/model_entries/2049-guest-ġiest.model.md	25	[@BosworthToller1898; @ClarkHall1960]	BosworthToller1898; ClarkHall1960	no	upstream_only_not_generated	Upstream source prose still contains a broad citation, but the current compact assembly does not surface it in generated output.
AUDIT01-SCAN-0163	scan_finding	guest / ġiest	model_entry	Germanic/docs/lexeme_reports/model_entries/2049-guest-ġiest.model.md	29	[@Campbell1959; @RingeTaylor2014]	Campbell1959; RingeTaylor2014	no	upstream_only_not_generated	Upstream source prose still contains a broad citation, but the current compact assembly does not surface it in generated output.
AUDIT01-SCAN-0164	scan_finding	guest / ġiest	model_entry	Germanic/docs/lexeme_reports/model_entries/2049-guest-ġiest.model.md	33	[@RingeTaylor2014; @BosworthToller1898]	RingeTaylor2014; BosworthToller1898	no	upstream_only_not_generated	Upstream source prose still contains a broad citation, but the current compact assembly does not surface it in generated output.
AUDIT01-SCAN-0165	scan_finding	hair / hǣr	model_entry	Germanic/docs/lexeme_reports/model_entries/2051-hair-hǣr.model.md	21	[@Kroonen2013]	Kroonen2013	no	upstream_only_not_generated	Upstream source prose still contains a broad citation, but the current compact assembly does not surface it in generated output.
AUDIT01-SCAN-0166	scan_finding	hair / hǣr	model_entry	Germanic/docs/lexeme_reports/model_entries/2051-hair-hǣr.model.md	33	[@Kroonen2013; @ClarkHall1960, 158]	Kroonen2013	no	upstream_only_not_generated	Upstream source prose still contains a broad citation, but the current compact assembly does not surface it in generated output.
AUDIT01-SCAN-0167	scan_finding	hammer / hameres	model_entry	Germanic/docs/lexeme_reports/model_entries/2053-hammer-hameres.model.md	33	[@BosworthToller1898]	BosworthToller1898	yes	upstream_support_for_generated_broad	Upstream source prose still contains a broad citation that also surfaces in the generated compact entry.
AUDIT01-SCAN-0168	scan_finding	hammer / hameres	model_entry	Germanic/docs/lexeme_reports/model_entries/2053-hammer-hameres.model.md	35	[@BosworthToller1898; @ClarkHall1960, 160]	BosworthToller1898	yes	upstream_support_for_generated_broad	Upstream source prose still contains a broad citation that also surfaces in the generated compact entry.
AUDIT01-SCAN-0169	scan_finding	harvest / hierfest	model_entry	Germanic/docs/lexeme_reports/model_entries/2057-harvest-hierfest.model.md	21	[@Bammesberger1997; @RingeTaylor2014]	Bammesberger1997; RingeTaylor2014	no	upstream_only_not_generated	Upstream source prose still contains a broad citation, but the current compact assembly does not surface it in generated output.
AUDIT01-SCAN-0170	scan_finding	harvest / hierfest	model_entry	Germanic/docs/lexeme_reports/model_entries/2057-harvest-hierfest.model.md	25	[@BosworthToller1898; @ClarkHall1960]	BosworthToller1898; ClarkHall1960	no	upstream_only_not_generated	Upstream source prose still contains a broad citation, but the current compact assembly does not surface it in generated output.
AUDIT01-SCAN-0171	scan_finding	harvest / hierfest	model_entry	Germanic/docs/lexeme_reports/model_entries/2057-harvest-hierfest.model.md	29	[@RingeTaylor2014; @Campbell1959]	RingeTaylor2014; Campbell1959	no	upstream_only_not_generated	Upstream source prose still contains a broad citation, but the current compact assembly does not surface it in generated output.
AUDIT01-SCAN-0172	scan_finding	harvest / hierfest	model_entry	Germanic/docs/lexeme_reports/model_entries/2057-harvest-hierfest.model.md	33	[@Bammesberger1997; @RingeTaylor2014]	Bammesberger1997; RingeTaylor2014	no	upstream_only_not_generated	Upstream source prose still contains a broad citation, but the current compact assembly does not surface it in generated output.
AUDIT01-SCAN-0173	scan_finding	have / hæfeþ	model_entry	Germanic/docs/lexeme_reports/model_entries/2058-have-hæfeþ.model.md	22	[@Kroonen2013; @RingeTaylor2014, 93]	Kroonen2013	yes	upstream_support_for_generated_broad	Upstream source prose still contains a broad citation that also surfaces in the generated compact entry.
AUDIT01-SCAN-0174	scan_finding	have / hæfeþ	model_entry	Germanic/docs/lexeme_reports/model_entries/2058-have-hæfeþ.model.md	31	[@Fulk2018]	Fulk2018	yes	upstream_support_for_generated_broad	Upstream source prose still contains a broad citation that also surfaces in the generated compact entry.
AUDIT01-SCAN-0175	scan_finding	hedge / heġġ	model_entry	Germanic/docs/lexeme_reports/model_entries/2069-hedge-heġġ.model.md	21	[@Campbell1959]	Campbell1959	no	upstream_only_not_generated	Upstream source prose still contains a broad citation, but the current compact assembly does not surface it in generated output.
AUDIT01-SCAN-0176	scan_finding	hedge / heġġ	model_entry	Germanic/docs/lexeme_reports/model_entries/2069-hedge-heġġ.model.md	25	[@BosworthToller1898; @ClarkHall1960]	BosworthToller1898; ClarkHall1960	no	upstream_only_not_generated	Upstream source prose still contains a broad citation, but the current compact assembly does not surface it in generated output.
AUDIT01-SCAN-0177	scan_finding	hedge / heġġ	model_entry	Germanic/docs/lexeme_reports/model_entries/2069-hedge-heġġ.model.md	33	[@BosworthToller1898; @ClarkHall1960]	BosworthToller1898; ClarkHall1960	no	upstream_only_not_generated	Upstream source prose still contains a broad citation, but the current compact assembly does not surface it in generated output.
AUDIT01-SCAN-0178	scan_finding	helm / helm	model_entry	Germanic/docs/lexeme_reports/model_entries/2070-helm-helm.model.md	21	[@Kroonen2013]	Kroonen2013	no	upstream_only_not_generated	Upstream source prose still contains a broad citation, but the current compact assembly does not surface it in generated output.
AUDIT01-SCAN-0179	scan_finding	helm / helm	model_entry	Germanic/docs/lexeme_reports/model_entries/2070-helm-helm.model.md	25	[@ClarkHall1960; @BosworthToller1898, 542]	ClarkHall1960	no	upstream_only_not_generated	Upstream source prose still contains a broad citation, but the current compact assembly does not surface it in generated output.
AUDIT01-SCAN-0180	scan_finding	helm / helm	model_entry	Germanic/docs/lexeme_reports/model_entries/2070-helm-helm.model.md	33	[@Kroonen2013; @ClarkHall1960]	Kroonen2013; ClarkHall1960	no	upstream_only_not_generated	Upstream source prose still contains a broad citation, but the current compact assembly does not surface it in generated output.
AUDIT01-SCAN-0181	scan_finding	help / helpan	model_entry	Germanic/docs/lexeme_reports/model_entries/2071-help-helpan.model.md	21	[@BrightCassidyRingler1971]	BrightCassidyRingler1971	no	upstream_only_not_generated	Upstream source prose still contains a broad citation, but the current compact assembly does not surface it in generated output.
AUDIT01-SCAN-0182	scan_finding	help / helpan	model_entry	Germanic/docs/lexeme_reports/model_entries/2071-help-helpan.model.md	25	[@ClarkHall1960; @BosworthToller1898, 542]	ClarkHall1960	no	upstream_only_not_generated	Upstream source prose still contains a broad citation, but the current compact assembly does not surface it in generated output.
AUDIT01-SCAN-0183	scan_finding	help / helpan	model_entry	Germanic/docs/lexeme_reports/model_entries/2071-help-helpan.model.md	33	[@ClarkHall1960; @BosworthToller1898, 542]	ClarkHall1960	no	upstream_only_not_generated	Upstream source prose still contains a broad citation, but the current compact assembly does not surface it in generated output.
AUDIT01-SCAN-0184	scan_finding	hind / hind	model_entry	Germanic/docs/lexeme_reports/model_entries/2075-hind-hind.model.md	21	[@Kroonen2013]	Kroonen2013	no	upstream_only_not_generated	Upstream source prose still contains a broad citation, but the current compact assembly does not surface it in generated output.
AUDIT01-SCAN-0185	scan_finding	hind / hind	model_entry	Germanic/docs/lexeme_reports/model_entries/2075-hind-hind.model.md	25	[@ClarkHall1960; @BosworthToller1898, 554]	ClarkHall1960	no	upstream_only_not_generated	Upstream source prose still contains a broad citation, but the current compact assembly does not surface it in generated output.
AUDIT01-SCAN-0186	scan_finding	hind / hind	model_entry	Germanic/docs/lexeme_reports/model_entries/2075-hind-hind.model.md	33	[@ClarkHall1960; @BosworthToller1898, 554]	ClarkHall1960	no	upstream_only_not_generated	Upstream source prose still contains a broad citation, but the current compact assembly does not surface it in generated output.
AUDIT01-SCAN-0187	scan_finding	hold / healdan	model_entry	Germanic/docs/lexeme_reports/model_entries/2077-hold-healdan.model.md	21	[@Campbell1959; @RingeTaylor2014]	Campbell1959; RingeTaylor2014	no	upstream_only_not_generated	Upstream source prose still contains a broad citation, but the current compact assembly does not surface it in generated output.
AUDIT01-SCAN-0188	scan_finding	hold / healdan	model_entry	Germanic/docs/lexeme_reports/model_entries/2077-hold-healdan.model.md	25	[@BrightCassidyRingler1971]	BrightCassidyRingler1971	no	upstream_only_not_generated	Upstream source prose still contains a broad citation, but the current compact assembly does not surface it in generated output.
AUDIT01-SCAN-0189	scan_finding	hold / healdan	model_entry	Germanic/docs/lexeme_reports/model_entries/2077-hold-healdan.model.md	29	[@Campbell1959; @RingeTaylor2014]	Campbell1959; RingeTaylor2014	no	upstream_only_not_generated	Upstream source prose still contains a broad citation, but the current compact assembly does not surface it in generated output.
AUDIT01-SCAN-0190	scan_finding	hold / healdan	model_entry	Germanic/docs/lexeme_reports/model_entries/2077-hold-healdan.model.md	33	[@Campbell1959; @RingeTaylor2014]	Campbell1959; RingeTaylor2014	no	upstream_only_not_generated	Upstream source prose still contains a broad citation, but the current compact assembly does not surface it in generated output.
AUDIT01-SCAN-0191	scan_finding	horn / horn	model_entry	Germanic/docs/lexeme_reports/model_entries/2082-horn-horn.model.md	21	[@Kroonen2013; @Orel2003, 234]	Kroonen2013	no	upstream_only_not_generated	Upstream source prose still contains a broad citation, but the current compact assembly does not surface it in generated output.
AUDIT01-SCAN-0192	scan_finding	horn / horn	model_entry	Germanic/docs/lexeme_reports/model_entries/2082-horn-horn.model.md	25	[@ClarkHall1960; @BosworthToller1898, 108; @BrightCassidyRingler1971]	ClarkHall1960; BrightCassidyRingler1971	no	upstream_only_not_generated	Upstream source prose still contains a broad citation, but the current compact assembly does not surface it in generated output.
AUDIT01-SCAN-0193	scan_finding	horn / horn	model_entry	Germanic/docs/lexeme_reports/model_entries/2082-horn-horn.model.md	33	[@Kroonen2013; @Orel2003, 234]	Kroonen2013	no	upstream_only_not_generated	Upstream source prose still contains a broad citation, but the current compact assembly does not surface it in generated output.
AUDIT01-SCAN-0194	scan_finding	knight / cniht	model_entry	Germanic/docs/lexeme_reports/model_entries/2086-knight-cniht.model.md	24	[@KlugeSeebold2011]	KlugeSeebold2011	yes	upstream_support_for_generated_broad	Upstream source prose still contains a broad citation that also surfaces in the generated compact entry.
AUDIT01-SCAN-0195	scan_finding	knob / cnobba	model_entry	Germanic/docs/lexeme_reports/model_entries/2087-knob-cnobba.model.md	23	[@Kroonen2011]	Kroonen2011	yes	upstream_support_for_generated_broad	Upstream source prose still contains a broad citation that also surfaces in the generated compact entry.
AUDIT01-SCAN-0196	scan_finding	lade / hladan	model_entry	Germanic/docs/lexeme_reports/model_entries/2088-lade-hladan.model.md	23	[@Kroonen2013]	Kroonen2013	yes	upstream_support_for_generated_broad	Upstream source prose still contains a broad citation that also surfaces in the generated compact entry.
AUDIT01-SCAN-0197	scan_finding	lap / lappa	model_entry	Germanic/docs/lexeme_reports/model_entries/2090-lap-lappa.model.md	46	[@SieversBrunner1965]	SieversBrunner1965	yes	upstream_support_for_generated_broad	Upstream source prose still contains a broad citation that also surfaces in the generated compact entry.
AUDIT01-SCAN-0198	scan_finding	lead / lǣdan	model_entry	Germanic/docs/lexeme_reports/model_entries/2093-lead-lǣdan.model.md	21	[@RingeTaylor2014; @Kroonen2013, 363]	RingeTaylor2014	no	upstream_only_not_generated	Upstream source prose still contains a broad citation, but the current compact assembly does not surface it in generated output.
AUDIT01-SCAN-0199	scan_finding	lead / lǣdan	model_entry	Germanic/docs/lexeme_reports/model_entries/2093-lead-lǣdan.model.md	25	[@ClarkHall1960; @BosworthToller1898]	ClarkHall1960; BosworthToller1898	no	upstream_only_not_generated	Upstream source prose still contains a broad citation, but the current compact assembly does not surface it in generated output.
AUDIT01-SCAN-0200	scan_finding	lead / lǣdan	model_entry	Germanic/docs/lexeme_reports/model_entries/2093-lead-lǣdan.model.md	29	[@RingeTaylor2014]	RingeTaylor2014	no	upstream_only_not_generated	Upstream source prose still contains a broad citation, but the current compact assembly does not surface it in generated output.
AUDIT01-SCAN-0201	scan_finding	learn / liornian	model_entry	Germanic/docs/lexeme_reports/model_entries/2095-learn-liornian.model.md	22	[@RingeTaylor2014]	RingeTaylor2014	no	upstream_only_not_generated	Upstream source prose still contains a broad citation, but the current compact assembly does not surface it in generated output.
AUDIT01-SCAN-0202	scan_finding	learn / liornian	model_entry	Germanic/docs/lexeme_reports/model_entries/2095-learn-liornian.model.md	23	[@Kroonen2013]	Kroonen2013	no	upstream_only_not_generated	Upstream source prose still contains a broad citation, but the current compact assembly does not surface it in generated output.
AUDIT01-SCAN-0203	scan_finding	learn / liornian	model_entry	Germanic/docs/lexeme_reports/model_entries/2095-learn-liornian.model.md	35	[@ClarkHall1960; @BrightCassidyRingler1971]	ClarkHall1960; BrightCassidyRingler1971	no	upstream_only_not_generated	Upstream source prose still contains a broad citation, but the current compact assembly does not surface it in generated output.
AUDIT01-SCAN-0204	scan_finding	lid / hlid	model_entry	Germanic/docs/lexeme_reports/model_entries/2100-lid-hlid.model.md	21	[@Orel2003; @Lloyd1966]	Orel2003; Lloyd1966	no	upstream_only_not_generated	Upstream source prose still contains a broad citation, but the current compact assembly does not surface it in generated output.
AUDIT01-SCAN-0205	scan_finding	lid / hlid	model_entry	Germanic/docs/lexeme_reports/model_entries/2100-lid-hlid.model.md	25	[@ClarkHall1960; @BosworthToller1898, 563]	ClarkHall1960	no	upstream_only_not_generated	Upstream source prose still contains a broad citation, but the current compact assembly does not surface it in generated output.
AUDIT01-SCAN-0206	scan_finding	lid / hlid	model_entry	Germanic/docs/lexeme_reports/model_entries/2100-lid-hlid.model.md	29	[@Lloyd1966]	Lloyd1966	no	upstream_only_not_generated	Upstream source prose still contains a broad citation, but the current compact assembly does not surface it in generated output.
AUDIT01-SCAN-0207	scan_finding	lid / hlid	model_entry	Germanic/docs/lexeme_reports/model_entries/2100-lid-hlid.model.md	33	[@Orel2003; @Lloyd1966]	Orel2003; Lloyd1966	no	upstream_only_not_generated	Upstream source prose still contains a broad citation, but the current compact assembly does not surface it in generated output.
AUDIT01-SCAN-0208	scan_finding	light / līehtan	model_entry	Germanic/docs/lexeme_reports/model_entries/2102-light-līehtan.model.md	21	[@Fulk2018; @RingeTaylor2014]	Fulk2018; RingeTaylor2014	no	upstream_only_not_generated	Upstream source prose still contains a broad citation, but the current compact assembly does not surface it in generated output.
AUDIT01-SCAN-0209	scan_finding	light / līehtan	model_entry	Germanic/docs/lexeme_reports/model_entries/2102-light-līehtan.model.md	25	[@ClarkHall1960; @BosworthToller1898]	ClarkHall1960; BosworthToller1898	no	upstream_only_not_generated	Upstream source prose still contains a broad citation, but the current compact assembly does not surface it in generated output.
AUDIT01-SCAN-0210	scan_finding	light / līehtan	model_entry	Germanic/docs/lexeme_reports/model_entries/2102-light-līehtan.model.md	29	[@Fulk2018; @RingeTaylor2014]	Fulk2018; RingeTaylor2014	no	upstream_only_not_generated	Upstream source prose still contains a broad citation, but the current compact assembly does not surface it in generated output.
AUDIT01-SCAN-0211	scan_finding	light / līehtan	model_entry	Germanic/docs/lexeme_reports/model_entries/2102-light-līehtan.model.md	33	[@RingeTaylor2014; @Campbell1959]	RingeTaylor2014; Campbell1959	no	upstream_only_not_generated	Upstream source prose still contains a broad citation, but the current compact assembly does not surface it in generated output.
AUDIT01-SCAN-0212	scan_finding	linden / lind	model_entry	Germanic/docs/lexeme_reports/model_entries/2104-linden-lind.model.md	21	[@Kroonen2013]	Kroonen2013	no	upstream_only_not_generated	Upstream source prose still contains a broad citation, but the current compact assembly does not surface it in generated output.
AUDIT01-SCAN-0213	scan_finding	linden / lind	model_entry	Germanic/docs/lexeme_reports/model_entries/2104-linden-lind.model.md	25	[@ClarkHall1960; @BosworthToller1898, 630]	ClarkHall1960	no	upstream_only_not_generated	Upstream source prose still contains a broad citation, but the current compact assembly does not surface it in generated output.
AUDIT01-SCAN-0214	scan_finding	linden / lind	model_entry	Germanic/docs/lexeme_reports/model_entries/2104-linden-lind.model.md	33	[@ClarkHall1960]	ClarkHall1960	no	upstream_only_not_generated	Upstream source prose still contains a broad citation, but the current compact assembly does not surface it in generated output.
AUDIT01-SCAN-0215	scan_finding	loam / lām	model_entry	Germanic/docs/lexeme_reports/model_entries/2109-loam-lām.model.md	23	[@Orel2003; @Kroonen2013, 363]	Orel2003	yes	upstream_support_for_generated_broad	Upstream source prose still contains a broad citation that also surfaces in the generated compact entry.
AUDIT01-SCAN-0216	scan_finding	loam / lām	model_entry	Germanic/docs/lexeme_reports/model_entries/2109-loam-lām.model.md	33	[@BosworthToller1898; @ClarkHall1960, 196]	BosworthToller1898	yes	upstream_support_for_generated_broad	Upstream source prose still contains a broad citation that also surfaces in the generated compact entry.
AUDIT01-SCAN-0217	scan_finding	man / mannes	model_entry	Germanic/docs/lexeme_reports/model_entries/2119-man-mannes.model.md	45	[@Campbell1959]	Campbell1959	yes	upstream_support_for_generated_broad	Upstream source prose still contains a broad citation that also surfaces in the generated compact entry.
AUDIT01-SCAN-0218	scan_finding	meed / meorde	model_entry	Germanic/docs/lexeme_reports/model_entries/2124-meed-meorde.model.md	37	[@ClarkHall1960; @BosworthToller1898, 647]	ClarkHall1960	yes	upstream_support_for_generated_broad	Upstream source prose still contains a broad citation that also surfaces in the generated compact entry.
AUDIT01-SCAN-0219	scan_finding	meed / meorde	model_entry	Germanic/docs/lexeme_reports/model_entries/2124-meed-meorde.model.md	48	[@RingeTaylor2014]	RingeTaylor2014	yes	upstream_support_for_generated_broad	Upstream source prose still contains a broad citation that also surfaces in the generated compact entry.
AUDIT01-SCAN-0220	scan_finding	milk / meoloc	model_entry	Germanic/docs/lexeme_reports/model_entries/2126-milk-meoloc.model.md	21	[@Kroonen2013; @Orel2003, 306]	Kroonen2013	no	upstream_only_not_generated	Upstream source prose still contains a broad citation, but the current compact assembly does not surface it in generated output.
AUDIT01-SCAN-0221	scan_finding	milk / meoloc	model_entry	Germanic/docs/lexeme_reports/model_entries/2126-milk-meoloc.model.md	25	[@RingeTaylor2014; @Campbell1959]	RingeTaylor2014; Campbell1959	no	upstream_only_not_generated	Upstream source prose still contains a broad citation, but the current compact assembly does not surface it in generated output.
AUDIT01-SCAN-0222	scan_finding	milk / meoloc	model_entry	Germanic/docs/lexeme_reports/model_entries/2126-milk-meoloc.model.md	29	[@RingeTaylor2014]	RingeTaylor2014	no	upstream_only_not_generated	Upstream source prose still contains a broad citation, but the current compact assembly does not surface it in generated output.
AUDIT01-SCAN-0223	scan_finding	milk / meoloc	model_entry	Germanic/docs/lexeme_reports/model_entries/2126-milk-meoloc.model.md	33	[@Campbell1959; @RingeTaylor2014]	Campbell1959; RingeTaylor2014	no	upstream_only_not_generated	Upstream source prose still contains a broad citation, but the current compact assembly does not surface it in generated output.
AUDIT01-SCAN-0224	scan_finding	mother / mōder	model_entry	Germanic/docs/lexeme_reports/model_entries/2129-mother-mōder.model.md	21	[@Kroonen2013; @Orel2003]	Kroonen2013; Orel2003	no	upstream_only_not_generated	Upstream source prose still contains a broad citation, but the current compact assembly does not surface it in generated output.
AUDIT01-SCAN-0225	scan_finding	mother / mōder	model_entry	Germanic/docs/lexeme_reports/model_entries/2129-mother-mōder.model.md	25	[@ClarkHall1960; @Campbell1959; @RingeTaylor2014]	ClarkHall1960; Campbell1959; RingeTaylor2014	no	upstream_only_not_generated	Upstream source prose still contains a broad citation, but the current compact assembly does not surface it in generated output.
AUDIT01-SCAN-0226	scan_finding	mother / mōder	model_entry	Germanic/docs/lexeme_reports/model_entries/2129-mother-mōder.model.md	29	[@Campbell1959; @RingeTaylor2014]	Campbell1959; RingeTaylor2014	no	upstream_only_not_generated	Upstream source prose still contains a broad citation, but the current compact assembly does not surface it in generated output.
AUDIT01-SCAN-0227	scan_finding	mother / mōder	model_entry	Germanic/docs/lexeme_reports/model_entries/2129-mother-mōder.model.md	33	[@ClarkHall1960; @RingeTaylor2014]	ClarkHall1960; RingeTaylor2014	no	upstream_only_not_generated	Upstream source prose still contains a broad citation, but the current compact assembly does not surface it in generated output.
AUDIT01-SCAN-0228	scan_finding	navel / nafola	model_entry	Germanic/docs/lexeme_reports/model_entries/2133-navel-nafola.model.md	23	[@Kroonen2013; @RingeTaylor2014, 270]	Kroonen2013	yes	upstream_support_for_generated_broad	Upstream source prose still contains a broad citation that also surfaces in the generated compact entry.
AUDIT01-SCAN-0229	scan_finding	neck / hnecca	model_entry	Germanic/docs/lexeme_reports/model_entries/2134-neck-hnecca.model.md	25	[@KlugeSeebold2011]	KlugeSeebold2011	yes	upstream_support_for_generated_broad	Upstream source prose still contains a broad citation that also surfaces in the generated compact entry.
AUDIT01-SCAN-0230	scan_finding	neck / hnecca	model_entry	Germanic/docs/lexeme_reports/model_entries/2134-neck-hnecca.model.md	28	[@Orel2003]	Orel2003	yes	upstream_support_for_generated_broad	Upstream source prose still contains a broad citation that also surfaces in the generated compact entry.
AUDIT01-SCAN-0231	scan_finding	needle / nǣdl	model_entry	Germanic/docs/lexeme_reports/model_entries/2136-needle-nǣdl.model.md	34	[@Hogg1992]	Hogg1992	yes	upstream_support_for_generated_broad	Upstream source prose still contains a broad citation that also surfaces in the generated compact entry.
AUDIT01-SCAN-0232	scan_finding	net / nett	model_entry	Germanic/docs/lexeme_reports/model_entries/2138-net-nett.model.md	21	[@Orel2003; @Fulk2018]	Orel2003; Fulk2018	no	upstream_only_not_generated	Upstream source prose still contains a broad citation, but the current compact assembly does not surface it in generated output.
AUDIT01-SCAN-0233	scan_finding	net / nett	model_entry	Germanic/docs/lexeme_reports/model_entries/2138-net-nett.model.md	25	[@ClarkHall1960; @BosworthToller1898, 29; @Campbell1959]	ClarkHall1960; Campbell1959	no	upstream_only_not_generated	Upstream source prose still contains a broad citation, but the current compact assembly does not surface it in generated output.
AUDIT01-SCAN-0234	scan_finding	net / nett	model_entry	Germanic/docs/lexeme_reports/model_entries/2138-net-nett.model.md	29	[@Fulk2018]	Fulk2018	no	upstream_only_not_generated	Upstream source prose still contains a broad citation, but the current compact assembly does not surface it in generated output.
AUDIT01-SCAN-0235	scan_finding	net / nett	model_entry	Germanic/docs/lexeme_reports/model_entries/2138-net-nett.model.md	33	[@Campbell1959; @Orel2003]	Campbell1959; Orel2003	no	upstream_only_not_generated	Upstream source prose still contains a broad citation, but the current compact assembly does not surface it in generated output.
AUDIT01-SCAN-0236	scan_finding	nightmare / mare	model_entry	Germanic/docs/lexeme_reports/model_entries/2141-nightmare-mare.model.md	21	[@RingeTaylor2014; @Orel2003]	RingeTaylor2014; Orel2003	no	upstream_only_not_generated	Upstream source prose still contains a broad citation, but the current compact assembly does not surface it in generated output.
AUDIT01-SCAN-0237	scan_finding	nightmare / mare	model_entry	Germanic/docs/lexeme_reports/model_entries/2141-nightmare-mare.model.md	29	[@RingeTaylor2014]	RingeTaylor2014	no	upstream_only_not_generated	Upstream source prose still contains a broad citation, but the current compact assembly does not surface it in generated output.
AUDIT01-SCAN-0238	scan_finding	nightmare / mare	model_entry	Germanic/docs/lexeme_reports/model_entries/2141-nightmare-mare.model.md	33	[@RingeTaylor2014; @ClarkHall1960, 213]	RingeTaylor2014	no	upstream_only_not_generated	Upstream source prose still contains a broad citation, but the current compact assembly does not surface it in generated output.
AUDIT01-SCAN-0239	scan_finding	coat / rocc	model_entry	Germanic/docs/lexeme_reports/model_entries/2155-coat-rocc.model.md	21	[@Orel2003; @Kroonen2013, 290]	Orel2003	no	upstream_only_not_generated	Upstream source prose still contains a broad citation, but the current compact assembly does not surface it in generated output.
AUDIT01-SCAN-0240	scan_finding	coat / rocc	model_entry	Germanic/docs/lexeme_reports/model_entries/2155-coat-rocc.model.md	25	[@ClarkHall1960; @BosworthToller1898]	ClarkHall1960; BosworthToller1898	no	upstream_only_not_generated	Upstream source prose still contains a broad citation, but the current compact assembly does not surface it in generated output.
AUDIT01-SCAN-0241	scan_finding	coat / rocc	model_entry	Germanic/docs/lexeme_reports/model_entries/2155-coat-rocc.model.md	33	[@ClarkHall1960; @BosworthToller1898]	ClarkHall1960; BosworthToller1898	no	upstream_only_not_generated	Upstream source prose still contains a broad citation, but the current compact assembly does not surface it in generated output.
AUDIT01-SCAN-0242	scan_finding	rust / rust	model_entry	Germanic/docs/lexeme_reports/model_entries/2162-rust-rust.model.md	47	[@RingeTaylor2014]	RingeTaylor2014	yes	upstream_support_for_generated_broad	Upstream source prose still contains a broad citation that also surfaces in the generated compact entry.
AUDIT01-SCAN-0243	scan_finding	sap / sæp	model_entry	Germanic/docs/lexeme_reports/model_entries/2168-sap-sæp.model.md	25	[@KlugeSeebold2011]	KlugeSeebold2011	yes	upstream_support_for_generated_broad	Upstream source prose still contains a broad citation that also surfaces in the generated compact entry.
AUDIT01-SCAN-0244	scan_finding	sap / sæp	model_entry	Germanic/docs/lexeme_reports/model_entries/2168-sap-sæp.model.md	34	[@KlugeSeebold2011]	KlugeSeebold2011	yes	upstream_support_for_generated_broad	Upstream source prose still contains a broad citation that also surfaces in the generated compact entry.
AUDIT01-SCAN-0245	scan_finding	sheep / sċēap	model_entry	Germanic/docs/lexeme_reports/model_entries/2179-sheep-sċēap.model.md	21	[@RingeTaylor2014; @Orel2003]	RingeTaylor2014; Orel2003	no	upstream_only_not_generated	Upstream source prose still contains a broad citation, but the current compact assembly does not surface it in generated output.
AUDIT01-SCAN-0246	scan_finding	sheep / sċēap	model_entry	Germanic/docs/lexeme_reports/model_entries/2179-sheep-sċēap.model.md	25	[@ClarkHall1960; @Campbell1959]	ClarkHall1960; Campbell1959	no	upstream_only_not_generated	Upstream source prose still contains a broad citation, but the current compact assembly does not surface it in generated output.
AUDIT01-SCAN-0247	scan_finding	sheep / sċēap	model_entry	Germanic/docs/lexeme_reports/model_entries/2179-sheep-sċēap.model.md	33	[@RingeTaylor2014; @Campbell1959]	RingeTaylor2014; Campbell1959	no	upstream_only_not_generated	Upstream source prose still contains a broad citation, but the current compact assembly does not surface it in generated output.
AUDIT01-SCAN-0248	scan_finding	shilling / sċilling	model_entry	Germanic/docs/lexeme_reports/model_entries/2181-shilling-sċilling.model.md	21	[@Kroonen2013; @Orel2003]	Kroonen2013; Orel2003	yes	upstream_support_for_generated_broad	Upstream source prose still contains a broad citation that also surfaces in the generated compact entry.
AUDIT01-SCAN-0249	scan_finding	shilling / sċilling	model_entry	Germanic/docs/lexeme_reports/model_entries/2181-shilling-sċilling.model.md	25	[@ClarkHall1960; @Campbell1959]	ClarkHall1960; Campbell1959	no	upstream_only_not_generated	Upstream source prose still contains a broad citation, but the current compact assembly does not surface it in generated output.
AUDIT01-SCAN-0250	scan_finding	shilling / sċilling	model_entry	Germanic/docs/lexeme_reports/model_entries/2181-shilling-sċilling.model.md	29	[@Campbell1959; @Hogg1992]	Campbell1959; Hogg1992	no	upstream_only_not_generated	Upstream source prose still contains a broad citation, but the current compact assembly does not surface it in generated output.
AUDIT01-SCAN-0251	scan_finding	shilling / sċilling	model_entry	Germanic/docs/lexeme_reports/model_entries/2181-shilling-sċilling.model.md	33	[@Kroonen2013]	Kroonen2013	yes	upstream_support_for_generated_broad	Upstream source prose still contains a broad citation that also surfaces in the generated compact entry.
AUDIT01-SCAN-0252	scan_finding	shove / sċēaf	model_entry	Germanic/docs/lexeme_reports/model_entries/2184-shove-sċēaf.model.md	24	[@RingeTaylor2014]	RingeTaylor2014	yes	upstream_support_for_generated_broad	Upstream source prose still contains a broad citation that also surfaces in the generated compact entry.
AUDIT01-SCAN-0253	scan_finding	show / sċēawian	model_entry	Germanic/docs/lexeme_reports/model_entries/2186-show-sċēawian.model.md	21	[@Orel2003; @Kroonen2013, 482]	Orel2003	no	upstream_only_not_generated	Upstream source prose still contains a broad citation, but the current compact assembly does not surface it in generated output.
AUDIT01-SCAN-0254	scan_finding	show / sċēawian	model_entry	Germanic/docs/lexeme_reports/model_entries/2186-show-sċēawian.model.md	21	[@SieversBrunner1965]	SieversBrunner1965	no	upstream_only_not_generated	Upstream source prose still contains a broad citation, but the current compact assembly does not surface it in generated output.
AUDIT01-SCAN-0255	scan_finding	show / sċēawian	model_entry	Germanic/docs/lexeme_reports/model_entries/2186-show-sċēawian.model.md	25	[@BrightCassidyRingler1971]	BrightCassidyRingler1971	no	upstream_only_not_generated	Upstream source prose still contains a broad citation, but the current compact assembly does not surface it in generated output.
AUDIT01-SCAN-0256	scan_finding	show / sċēawian	model_entry	Germanic/docs/lexeme_reports/model_entries/2186-show-sċēawian.model.md	29	[@Campbell1959; @Orel2003]	Campbell1959; Orel2003	no	upstream_only_not_generated	Upstream source prose still contains a broad citation, but the current compact assembly does not surface it in generated output.
AUDIT01-SCAN-0257	scan_finding	show / sċēawian	model_entry	Germanic/docs/lexeme_reports/model_entries/2186-show-sċēawian.model.md	33	[@Campbell1959; @Hogg1992]	Campbell1959; Hogg1992	no	upstream_only_not_generated	Upstream source prose still contains a broad citation, but the current compact assembly does not surface it in generated output.
AUDIT01-SCAN-0258	scan_finding	sleep / slǣpan	model_entry	Germanic/docs/lexeme_reports/model_entries/2196-sleep-slǣpan.model.md	21	[@Kroonen2013; @Fulk2018, 120]	Kroonen2013	no	upstream_only_not_generated	Upstream source prose still contains a broad citation, but the current compact assembly does not surface it in generated output.
AUDIT01-SCAN-0259	scan_finding	sleep / slǣpan	model_entry	Germanic/docs/lexeme_reports/model_entries/2196-sleep-slǣpan.model.md	25	[@ClarkHall1960; @BrightCassidyRingler1971, 435]	ClarkHall1960	no	upstream_only_not_generated	Upstream source prose still contains a broad citation, but the current compact assembly does not surface it in generated output.
AUDIT01-SCAN-0260	scan_finding	sleep / slǣpan	model_entry	Germanic/docs/lexeme_reports/model_entries/2196-sleep-slǣpan.model.md	29	[@SieversBrunner1965; @Bulbring1902]	SieversBrunner1965; Bulbring1902	no	upstream_only_not_generated	Upstream source prose still contains a broad citation, but the current compact assembly does not surface it in generated output.
AUDIT01-SCAN-0261	scan_finding	sleep / slǣpan	model_entry	Germanic/docs/lexeme_reports/model_entries/2196-sleep-slǣpan.model.md	33	[@ClarkHall1960; @BrightCassidyRingler1971, 435]	ClarkHall1960	no	upstream_only_not_generated	Upstream source prose still contains a broad citation, but the current compact assembly does not surface it in generated output.
AUDIT01-SCAN-0262	scan_finding	smear / smierwan	model_entry	Germanic/docs/lexeme_reports/model_entries/2198-smear-smierwan.model.md	21	[@Kroonen2013]	Kroonen2013	no	upstream_only_not_generated	Upstream source prose still contains a broad citation, but the current compact assembly does not surface it in generated output.
AUDIT01-SCAN-0263	scan_finding	smear / smierwan	model_entry	Germanic/docs/lexeme_reports/model_entries/2198-smear-smierwan.model.md	21	[@RingeTaylor2014]	RingeTaylor2014	yes	upstream_support_for_generated_broad	Upstream source prose still contains a broad citation that also surfaces in the generated compact entry.
AUDIT01-SCAN-0264	scan_finding	smear / smierwan	model_entry	Germanic/docs/lexeme_reports/model_entries/2198-smear-smierwan.model.md	25	[@Campbell1959; @ClarkHall1960; @SieversBrunner1965; @BrightCassidyRingler1971]	Campbell1959; ClarkHall1960; SieversBrunner1965; BrightCassidyRingler1971	no	upstream_only_not_generated	Upstream source prose still contains a broad citation, but the current compact assembly does not surface it in generated output.
AUDIT01-SCAN-0265	scan_finding	smear / smierwan	model_entry	Germanic/docs/lexeme_reports/model_entries/2198-smear-smierwan.model.md	29	[@Campbell1959; @RingeTaylor2014]	Campbell1959; RingeTaylor2014	yes	upstream_support_for_generated_broad	Upstream source prose still contains a broad citation that also surfaces in the generated compact entry.
AUDIT01-SCAN-0266	scan_finding	smear / smierwan	model_entry	Germanic/docs/lexeme_reports/model_entries/2198-smear-smierwan.model.md	33	[@RingeTaylor2014; @ClarkHall1960]	RingeTaylor2014; ClarkHall1960	yes	upstream_support_for_generated_broad	Upstream source prose still contains a broad citation that also surfaces in the generated compact entry.
AUDIT01-SCAN-0267	scan_finding	span / spannan	model_entry	Germanic/docs/lexeme_reports/model_entries/2202-span-spannan.model.md	21	[@Kroonen2013]	Kroonen2013	no	upstream_only_not_generated	Upstream source prose still contains a broad citation, but the current compact assembly does not surface it in generated output.
AUDIT01-SCAN-0268	scan_finding	span / spannan	model_entry	Germanic/docs/lexeme_reports/model_entries/2202-span-spannan.model.md	25	[@ClarkHall1960; @SieversBrunner1965]	ClarkHall1960; SieversBrunner1965	no	upstream_only_not_generated	Upstream source prose still contains a broad citation, but the current compact assembly does not surface it in generated output.
AUDIT01-SCAN-0269	scan_finding	span / spannan	model_entry	Germanic/docs/lexeme_reports/model_entries/2202-span-spannan.model.md	33	[@ClarkHall1960]	ClarkHall1960	no	upstream_only_not_generated	Upstream source prose still contains a broad citation, but the current compact assembly does not surface it in generated output.
AUDIT01-SCAN-0270	scan_finding	span / spanne	model_entry	Germanic/docs/lexeme_reports/model_entries/2203-span-spanne.model.md	22	[@Orel2003; @Seebold1970, 450]	Orel2003	yes	upstream_support_for_generated_broad	Upstream source prose still contains a broad citation that also surfaces in the generated compact entry.
AUDIT01-SCAN-0271	scan_finding	span / spanne	model_entry	Germanic/docs/lexeme_reports/model_entries/2203-span-spanne.model.md	24	[@SieversBrunner1965]	SieversBrunner1965	yes	upstream_support_for_generated_broad	Upstream source prose still contains a broad citation that also surfaces in the generated compact entry.
AUDIT01-SCAN-0272	scan_finding	span / spanne	model_entry	Germanic/docs/lexeme_reports/model_entries/2203-span-spanne.model.md	31	[@ClarkHall1960]	ClarkHall1960	yes	upstream_support_for_generated_broad	Upstream source prose still contains a broad citation that also surfaces in the generated compact entry.
AUDIT01-SCAN-0273	scan_finding	spar / spearra	model_entry	Germanic/docs/lexeme_reports/model_entries/2204-spar-spearra.model.md	21	[@Kroonen2013; @Orel2003]	Kroonen2013; Orel2003	no	upstream_only_not_generated	Upstream source prose still contains a broad citation, but the current compact assembly does not surface it in generated output.
AUDIT01-SCAN-0274	scan_finding	spar / spearra	model_entry	Germanic/docs/lexeme_reports/model_entries/2204-spar-spearra.model.md	29	[@Luick1914]	Luick1914	no	upstream_only_not_generated	Upstream source prose still contains a broad citation, but the current compact assembly does not surface it in generated output.
AUDIT01-SCAN-0275	scan_finding	spar / spearra	model_entry	Germanic/docs/lexeme_reports/model_entries/2204-spar-spearra.model.md	33	[@Kroonen2013; @Orel2003]	Kroonen2013; Orel2003	no	upstream_only_not_generated	Upstream source prose still contains a broad citation, but the current compact assembly does not surface it in generated output.
AUDIT01-SCAN-0276	scan_finding	staff / stæf	model_entry	Germanic/docs/lexeme_reports/model_entries/2212-staff-stæf.model.md	24	[@KlugeSeebold2011]	KlugeSeebold2011	yes	upstream_support_for_generated_broad	Upstream source prose still contains a broad citation that also surfaces in the generated compact entry.
AUDIT01-SCAN-0277	scan_finding	still / stillan	model_entry	Germanic/docs/lexeme_reports/model_entries/2217-still-stillan.model.md	21	[@KlugeSeebold2011]	KlugeSeebold2011	yes	upstream_support_for_generated_broad	Upstream source prose still contains a broad citation that also surfaces in the generated compact entry.
AUDIT01-SCAN-0278	scan_finding	still / stillan	model_entry	Germanic/docs/lexeme_reports/model_entries/2217-still-stillan.model.md	25	[@ClarkHall1960]	ClarkHall1960	no	upstream_only_not_generated	Upstream source prose still contains a broad citation, but the current compact assembly does not surface it in generated output.
AUDIT01-SCAN-0279	scan_finding	still / stillan	model_entry	Germanic/docs/lexeme_reports/model_entries/2217-still-stillan.model.md	33	[@ClarkHall1960; @KlugeSeebold2011]	ClarkHall1960; KlugeSeebold2011	yes	upstream_support_for_generated_broad	Upstream source prose still contains a broad citation that also surfaces in the generated compact entry.
AUDIT01-SCAN-0280	scan_finding	summer / sumer	model_entry	Germanic/docs/lexeme_reports/model_entries/2230-summer-sumer.model.md	21	[@Kroonen2013; @RingeTaylor2014; @Orel2003, 425]	Kroonen2013; RingeTaylor2014	no	upstream_only_not_generated	Upstream source prose still contains a broad citation, but the current compact assembly does not surface it in generated output.
AUDIT01-SCAN-0281	scan_finding	summer / sumer	model_entry	Germanic/docs/lexeme_reports/model_entries/2230-summer-sumer.model.md	25	[@ClarkHall1960; @BrightCassidyRingler1971, 440]	ClarkHall1960	no	upstream_only_not_generated	Upstream source prose still contains a broad citation, but the current compact assembly does not surface it in generated output.
AUDIT01-SCAN-0282	scan_finding	summer / sumer	model_entry	Germanic/docs/lexeme_reports/model_entries/2230-summer-sumer.model.md	29	[@RingeTaylor2014]	RingeTaylor2014	no	upstream_only_not_generated	Upstream source prose still contains a broad citation, but the current compact assembly does not surface it in generated output.
AUDIT01-SCAN-0283	scan_finding	summer / sumer	model_entry	Germanic/docs/lexeme_reports/model_entries/2230-summer-sumer.model.md	33	[@ClarkHall1960; @BrightCassidyRingler1971, 440]	ClarkHall1960	no	upstream_only_not_generated	Upstream source prose still contains a broad citation, but the current compact assembly does not surface it in generated output.
AUDIT01-SCAN-0284	scan_finding	sunder / sundrian	model_entry	Germanic/docs/lexeme_reports/model_entries/2232-sunder-sundrian.model.md	21	[@Orel2003]	Orel2003	no	upstream_only_not_generated	Upstream source prose still contains a broad citation, but the current compact assembly does not surface it in generated output.
AUDIT01-SCAN-0285	scan_finding	sunder / sundrian	model_entry	Germanic/docs/lexeme_reports/model_entries/2232-sunder-sundrian.model.md	21	[@KlugeSeebold2011]	KlugeSeebold2011	no	upstream_only_not_generated	Upstream source prose still contains a broad citation, but the current compact assembly does not surface it in generated output.
AUDIT01-SCAN-0286	scan_finding	sunder / sundrian	model_entry	Germanic/docs/lexeme_reports/model_entries/2232-sunder-sundrian.model.md	25	[@ClarkHall1960, 296; @BosworthToller1898]	BosworthToller1898	no	upstream_only_not_generated	Upstream source prose still contains a broad citation, but the current compact assembly does not surface it in generated output.
AUDIT01-SCAN-0287	scan_finding	sunder / sundrian	model_entry	Germanic/docs/lexeme_reports/model_entries/2232-sunder-sundrian.model.md	33	[@Orel2003; @ClarkHall1960, 296]	Orel2003	no	upstream_only_not_generated	Upstream source prose still contains a broad citation, but the current compact assembly does not surface it in generated output.
AUDIT01-SCAN-0288	scan_finding	swallow / swealwe	model_entry	Germanic/docs/lexeme_reports/model_entries/2234-swallow-swealwe.model.md	25	[@ClarkHall1960]	ClarkHall1960	no	upstream_only_not_generated	Upstream source prose still contains a broad citation, but the current compact assembly does not surface it in generated output.
AUDIT01-SCAN-0289	scan_finding	swallow / swealwe	model_entry	Germanic/docs/lexeme_reports/model_entries/2234-swallow-swealwe.model.md	25	[@Campbell1959; @SieversBrunner1965]	Campbell1959; SieversBrunner1965	no	upstream_only_not_generated	Upstream source prose still contains a broad citation, but the current compact assembly does not surface it in generated output.
AUDIT01-SCAN-0290	scan_finding	swallow / swealwe	model_entry	Germanic/docs/lexeme_reports/model_entries/2234-swallow-swealwe.model.md	33	[@ClarkHall1960; @Campbell1959]	ClarkHall1960; Campbell1959	no	upstream_only_not_generated	Upstream source prose still contains a broad citation, but the current compact assembly does not surface it in generated output.
AUDIT01-SCAN-0291	scan_finding	swan / swanes	model_entry	Germanic/docs/lexeme_reports/model_entries/2235-swan-swanes.model.md	32	[@ClarkHall1960]	ClarkHall1960	yes	upstream_support_for_generated_broad	Upstream source prose still contains a broad citation that also surfaces in the generated compact entry.
AUDIT01-SCAN-0292	scan_finding	swine / swīn	model_entry	Germanic/docs/lexeme_reports/model_entries/2238-swine-swīn.model.md	21	[@Kroonen2013]	Kroonen2013	no	upstream_only_not_generated	Upstream source prose still contains a broad citation, but the current compact assembly does not surface it in generated output.
AUDIT01-SCAN-0293	scan_finding	swine / swīn	model_entry	Germanic/docs/lexeme_reports/model_entries/2238-swine-swīn.model.md	25	[@ClarkHall1960]	ClarkHall1960	no	upstream_only_not_generated	Upstream source prose still contains a broad citation, but the current compact assembly does not surface it in generated output.
AUDIT01-SCAN-0294	scan_finding	think / þenċan	model_entry	Germanic/docs/lexeme_reports/model_entries/2248-think-þenċan.model.md	21	[@Kroonen2013; @RingeTaylor2014]	Kroonen2013; RingeTaylor2014	no	upstream_only_not_generated	Upstream source prose still contains a broad citation, but the current compact assembly does not surface it in generated output.
AUDIT01-SCAN-0295	scan_finding	think / þenċan	model_entry	Germanic/docs/lexeme_reports/model_entries/2248-think-þenċan.model.md	25	[@BosworthToller1898]	BosworthToller1898	yes	upstream_support_for_generated_broad	Upstream source prose still contains a broad citation that also surfaces in the generated compact entry.
AUDIT01-SCAN-0296	scan_finding	think / þenċan	model_entry	Germanic/docs/lexeme_reports/model_entries/2248-think-þenċan.model.md	33	[@Campbell1959; @Hogg1992]	Campbell1959; Hogg1992	no	upstream_only_not_generated	Upstream source prose still contains a broad citation, but the current compact assembly does not surface it in generated output.
AUDIT01-SCAN-0297	scan_finding	thorn / þorn	model_entry	Germanic/docs/lexeme_reports/model_entries/2251-thorn-þorn.model.md	21	[@Kroonen2013; @Orel2003]	Kroonen2013; Orel2003	no	upstream_only_not_generated	Upstream source prose still contains a broad citation, but the current compact assembly does not surface it in generated output.
AUDIT01-SCAN-0298	scan_finding	thorn / þorn	model_entry	Germanic/docs/lexeme_reports/model_entries/2251-thorn-þorn.model.md	25	[@BrightCassidyRingler1971; @ClarkHall1960]	BrightCassidyRingler1971; ClarkHall1960	no	upstream_only_not_generated	Upstream source prose still contains a broad citation, but the current compact assembly does not surface it in generated output.
AUDIT01-SCAN-0299	scan_finding	three / þrīe	model_entry	Germanic/docs/lexeme_reports/model_entries/2254-three-þrīe.model.md	22	[@Kroonen2013]	Kroonen2013	yes	upstream_support_for_generated_broad	Upstream source prose still contains a broad citation that also surfaces in the generated compact entry.
AUDIT01-SCAN-0300	scan_finding	tide / tīd	model_entry	Germanic/docs/lexeme_reports/model_entries/2257-tide-tīd.model.md	21	[@Kroonen2013; @Orel2003]	Kroonen2013; Orel2003	no	upstream_only_not_generated	Upstream source prose still contains a broad citation, but the current compact assembly does not surface it in generated output.
AUDIT01-SCAN-0301	scan_finding	tide / tīd	model_entry	Germanic/docs/lexeme_reports/model_entries/2257-tide-tīd.model.md	25	[@BrightCassidyRingler1971; @ClarkHall1960, 309]	BrightCassidyRingler1971	no	upstream_only_not_generated	Upstream source prose still contains a broad citation, but the current compact assembly does not surface it in generated output.
AUDIT01-SCAN-0302	scan_finding	token / tācn	model_entry	Germanic/docs/lexeme_reports/model_entries/2260-token-tācn.model.md	21	[@Kroonen2013; @Orel2003, 438]	Kroonen2013	no	upstream_only_not_generated	Upstream source prose still contains a broad citation, but the current compact assembly does not surface it in generated output.
AUDIT01-SCAN-0303	scan_finding	token / tācn	model_entry	Germanic/docs/lexeme_reports/model_entries/2260-token-tācn.model.md	25	[@Campbell1959; @SieversBrunner1965]	Campbell1959; SieversBrunner1965	no	upstream_only_not_generated	Upstream source prose still contains a broad citation, but the current compact assembly does not surface it in generated output.
AUDIT01-SCAN-0304	scan_finding	token / tācn	model_entry	Germanic/docs/lexeme_reports/model_entries/2260-token-tācn.model.md	33	[@Campbell1959; @SieversBrunner1965]	Campbell1959; SieversBrunner1965	no	upstream_only_not_generated	Upstream source prose still contains a broad citation, but the current compact assembly does not surface it in generated output.
AUDIT01-SCAN-0305	scan_finding	town / tūn	model_entry	Germanic/docs/lexeme_reports/model_entries/2263-town-tūn.model.md	21	[@Kroonen2013; @Orel2003, 452]	Kroonen2013	no	upstream_only_not_generated	Upstream source prose still contains a broad citation, but the current compact assembly does not surface it in generated output.
AUDIT01-SCAN-0306	scan_finding	town / tūn	model_entry	Germanic/docs/lexeme_reports/model_entries/2263-town-tūn.model.md	25	[@ClarkHall1960]	ClarkHall1960	no	upstream_only_not_generated	Upstream source prose still contains a broad citation, but the current compact assembly does not surface it in generated output.
AUDIT01-SCAN-0307	scan_finding	town / tūn	model_entry	Germanic/docs/lexeme_reports/model_entries/2263-town-tūn.model.md	29	[@SieversBrunner1965]	SieversBrunner1965	yes	upstream_support_for_generated_broad	Upstream source prose still contains a broad citation that also surfaces in the generated compact entry.
AUDIT01-SCAN-0308	scan_finding	wade / wadan	model_entry	Germanic/docs/lexeme_reports/model_entries/2266-wade-wadan.model.md	21	[@Campbell1959; @RingeTaylor2014; @Luick1914, 239]	Campbell1959; RingeTaylor2014	no	upstream_only_not_generated	Upstream source prose still contains a broad citation, but the current compact assembly does not surface it in generated output.
AUDIT01-SCAN-0309	scan_finding	wade / wadan	model_entry	Germanic/docs/lexeme_reports/model_entries/2266-wade-wadan.model.md	25	[@ClarkHall1960; @BrightCassidyRingler1971]	ClarkHall1960; BrightCassidyRingler1971	no	upstream_only_not_generated	Upstream source prose still contains a broad citation, but the current compact assembly does not surface it in generated output.
AUDIT01-SCAN-0310	scan_finding	wade / wadan	model_entry	Germanic/docs/lexeme_reports/model_entries/2266-wade-wadan.model.md	29	[@Campbell1959; @RingeTaylor2014]	Campbell1959; RingeTaylor2014	no	upstream_only_not_generated	Upstream source prose still contains a broad citation, but the current compact assembly does not surface it in generated output.
AUDIT01-SCAN-0311	scan_finding	warp / weorpan	model_entry	Germanic/docs/lexeme_reports/model_entries/2270-warp-weorpan.model.md	21	[@RingeTaylor2014]	RingeTaylor2014	yes	upstream_support_for_generated_broad	Upstream source prose still contains a broad citation that also surfaces in the generated compact entry.
AUDIT01-SCAN-0312	scan_finding	warp / weorpan	model_entry	Germanic/docs/lexeme_reports/model_entries/2270-warp-weorpan.model.md	25	[@ClarkHall1960; @BrightCassidyRingler1971]	ClarkHall1960; BrightCassidyRingler1971	no	upstream_only_not_generated	Upstream source prose still contains a broad citation, but the current compact assembly does not surface it in generated output.
AUDIT01-SCAN-0313	scan_finding	warp / weorpan	model_entry	Germanic/docs/lexeme_reports/model_entries/2270-warp-weorpan.model.md	29	[@Campbell1959; @Hogg1992]	Campbell1959; Hogg1992	no	upstream_only_not_generated	Upstream source prose still contains a broad citation, but the current compact assembly does not surface it in generated output.
AUDIT01-SCAN-0314	scan_finding	wash / wascan	model_entry	Germanic/docs/lexeme_reports/model_entries/2272-wash-wascan.model.md	21	[@Kroonen2013; @Orel2003, 489; @RingeTaylor2014, 142]	Kroonen2013	no	upstream_only_not_generated	Upstream source prose still contains a broad citation, but the current compact assembly does not surface it in generated output.
AUDIT01-SCAN-0315	scan_finding	wash / wascan	model_entry	Germanic/docs/lexeme_reports/model_entries/2272-wash-wascan.model.md	25	[@ClarkHall1960; @SieversBrunner1965]	ClarkHall1960; SieversBrunner1965	no	upstream_only_not_generated	Upstream source prose still contains a broad citation, but the current compact assembly does not surface it in generated output.
AUDIT01-SCAN-0316	scan_finding	wash / wascan	model_entry	Germanic/docs/lexeme_reports/model_entries/2272-wash-wascan.model.md	29	[@Campbell1959; @RingeTaylor2014, 142]	Campbell1959	no	upstream_only_not_generated	Upstream source prose still contains a broad citation, but the current compact assembly does not surface it in generated output.
AUDIT01-SCAN-0317	scan_finding	wax / weaxan	model_entry	Germanic/docs/lexeme_reports/model_entries/2276-wax-weaxan.model.md	21	[@Kroonen2013; @Orel2003, 478; @RingeTaylor2014]	Kroonen2013; RingeTaylor2014	no	upstream_only_not_generated	Upstream source prose still contains a broad citation, but the current compact assembly does not surface it in generated output.
AUDIT01-SCAN-0318	scan_finding	wax / weaxan	model_entry	Germanic/docs/lexeme_reports/model_entries/2276-wax-weaxan.model.md	25	[@ClarkHall1960; @BrightCassidyRingler1971]	ClarkHall1960; BrightCassidyRingler1971	no	upstream_only_not_generated	Upstream source prose still contains a broad citation, but the current compact assembly does not surface it in generated output.
AUDIT01-SCAN-0319	scan_finding	wax / weaxan	model_entry	Germanic/docs/lexeme_reports/model_entries/2276-wax-weaxan.model.md	29	[@Campbell1959; @SieversBrunner1965]	Campbell1959; SieversBrunner1965	no	upstream_only_not_generated	Upstream source prose still contains a broad citation, but the current compact assembly does not surface it in generated output.
AUDIT01-SCAN-0320	scan_finding	way / weġ	model_entry	Germanic/docs/lexeme_reports/model_entries/2277-way-weġ.model.md	21	[@Kroonen2013]	Kroonen2013	no	upstream_only_not_generated	Upstream source prose still contains a broad citation, but the current compact assembly does not surface it in generated output.
AUDIT01-SCAN-0321	scan_finding	way / weġ	model_entry	Germanic/docs/lexeme_reports/model_entries/2277-way-weġ.model.md	21	[@Campbell1959; @Hogg1992; @RingeTaylor2014, 341]	Campbell1959; Hogg1992	no	upstream_only_not_generated	Upstream source prose still contains a broad citation, but the current compact assembly does not surface it in generated output.
AUDIT01-SCAN-0322	scan_finding	way / weġ	model_entry	Germanic/docs/lexeme_reports/model_entries/2277-way-weġ.model.md	25	[@Campbell1959; @RingeTaylor2014, 341]	Campbell1959	no	upstream_only_not_generated	Upstream source prose still contains a broad citation, but the current compact assembly does not surface it in generated output.
AUDIT01-SCAN-0323	scan_finding	way / weġ	model_entry	Germanic/docs/lexeme_reports/model_entries/2277-way-weġ.model.md	29	[@Campbell1959; @Hogg1992; @RingeTaylor2014, 341]	Campbell1959; Hogg1992	no	upstream_only_not_generated	Upstream source prose still contains a broad citation, but the current compact assembly does not surface it in generated output.
AUDIT01-SCAN-0324	scan_finding	will / willa	model_entry	Germanic/docs/lexeme_reports/model_entries/2293-will-willa.model.md	21	[@Kroonen2013; @Orel2003; @KlugeSeebold2011]	Kroonen2013; Orel2003; KlugeSeebold2011	no	upstream_only_not_generated	Upstream source prose still contains a broad citation, but the current compact assembly does not surface it in generated output.
AUDIT01-SCAN-0325	scan_finding	will / willa	model_entry	Germanic/docs/lexeme_reports/model_entries/2293-will-willa.model.md	33	[@Kroonen2013; @ClarkHall1960, 368]	Kroonen2013	no	upstream_only_not_generated	Upstream source prose still contains a broad citation, but the current compact assembly does not surface it in generated output.
AUDIT01-SCAN-0326	scan_finding	wind / windan	model_entry	Germanic/docs/lexeme_reports/model_entries/2294-wind-windan.model.md	21	[@Kroonen2013]	Kroonen2013	no	upstream_only_not_generated	Upstream source prose still contains a broad citation, but the current compact assembly does not surface it in generated output.
AUDIT01-SCAN-0327	scan_finding	wind / windan	model_entry	Germanic/docs/lexeme_reports/model_entries/2294-wind-windan.model.md	21	[@Fulk2018; @RingeTaylor2014]	Fulk2018; RingeTaylor2014	no	upstream_only_not_generated	Upstream source prose still contains a broad citation, but the current compact assembly does not surface it in generated output.
AUDIT01-SCAN-0328	scan_finding	wind / windan	model_entry	Germanic/docs/lexeme_reports/model_entries/2294-wind-windan.model.md	25	[@ClarkHall1960; @BosworthToller1898, 101]	ClarkHall1960	no	upstream_only_not_generated	Upstream source prose still contains a broad citation, but the current compact assembly does not surface it in generated output.
AUDIT01-SCAN-0329	scan_finding	wind / windan	model_entry	Germanic/docs/lexeme_reports/model_entries/2294-wind-windan.model.md	33	[@Kroonen2013; @ClarkHall1960]	Kroonen2013; ClarkHall1960	no	upstream_only_not_generated	Upstream source prose still contains a broad citation, but the current compact assembly does not surface it in generated output.
AUDIT01-SCAN-0330	scan_finding	withy / wīþiġ	model_entry	Germanic/docs/lexeme_reports/model_entries/2296-withy-wīþiġ.model.md	22	[@KlugeSeebold2011; @Orel2003, 503]	KlugeSeebold2011	yes	upstream_support_for_generated_broad	Upstream source prose still contains a broad citation that also surfaces in the generated compact entry.
AUDIT01-SCAN-0331	scan_finding	wold / weald	model_entry	Germanic/docs/lexeme_reports/model_entries/2297-wold-weald.model.md	21	[@Kroonen2013]	Kroonen2013	no	upstream_only_not_generated	Upstream source prose still contains a broad citation, but the current compact assembly does not surface it in generated output.
AUDIT01-SCAN-0332	scan_finding	wold / weald	model_entry	Germanic/docs/lexeme_reports/model_entries/2297-wold-weald.model.md	25	[@ClarkHall1960]	ClarkHall1960	no	upstream_only_not_generated	Upstream source prose still contains a broad citation, but the current compact assembly does not surface it in generated output.
AUDIT01-SCAN-0333	scan_finding	wold / weald	model_entry	Germanic/docs/lexeme_reports/model_entries/2297-wold-weald.model.md	33	[@ClarkHall1960; @RingeTaylor2014]	ClarkHall1960; RingeTaylor2014	no	upstream_only_not_generated	Upstream source prose still contains a broad citation, but the current compact assembly does not surface it in generated output.
AUDIT01-SCAN-0334	scan_finding	wolf / wulf	model_entry	Germanic/docs/lexeme_reports/model_entries/2298-wolf-wulf.model.md	23	[@Kroonen2013; @RingeTaylor2014, 47]	Kroonen2013	yes	upstream_support_for_generated_broad	Upstream source prose still contains a broad citation that also surfaces in the generated compact entry.
AUDIT01-SCAN-0335	scan_finding	wolf / wulf	model_entry	Germanic/docs/lexeme_reports/model_entries/2298-wolf-wulf.model.md	54	[@SieversBrunner1965]	SieversBrunner1965	yes	upstream_support_for_generated_broad	Upstream source prose still contains a broad citation that also surfaces in the generated compact entry.
AUDIT01-SCAN-0336	scan_finding	world / weorold	model_entry	Germanic/docs/lexeme_reports/model_entries/2302-world-weorold.model.md	25	[@Orel2003; @RingeTaylor2014, 341]	Orel2003	yes	upstream_support_for_generated_broad	Upstream source prose still contains a broad citation that also surfaces in the generated compact entry.
AUDIT01-SCAN-0337	scan_finding	world / weorold	model_entry	Germanic/docs/lexeme_reports/model_entries/2302-world-weorold.model.md	26	[@KlugeSeebold2011]	KlugeSeebold2011	yes	upstream_support_for_generated_broad	Upstream source prose still contains a broad citation that also surfaces in the generated compact entry.
AUDIT01-SCAN-0338	scan_finding	world / weorold	model_entry	Germanic/docs/lexeme_reports/model_entries/2302-world-weorold.model.md	41	[@SieversBrunner1965; @BrightCassidyRingler1971, 465]	SieversBrunner1965	yes	upstream_support_for_generated_broad	Upstream source prose still contains a broad citation that also surfaces in the generated compact entry.
AUDIT01-SCAN-0339	scan_finding	yarn / ġearn	model_entry	Germanic/docs/lexeme_reports/model_entries/2305-yarn-ġearn.model.md	21	[@Kroonen2013; @RingeTaylor2014, 220]	Kroonen2013	no	upstream_only_not_generated	Upstream source prose still contains a broad citation, but the current compact assembly does not surface it in generated output.
AUDIT01-SCAN-0340	scan_finding	yarn / ġearn	model_entry	Germanic/docs/lexeme_reports/model_entries/2305-yarn-ġearn.model.md	25	[@ClarkHall1960; @BosworthToller1898]	ClarkHall1960; BosworthToller1898	no	upstream_only_not_generated	Upstream source prose still contains a broad citation, but the current compact assembly does not surface it in generated output.
AUDIT01-SCAN-0341	scan_finding	youth / ġeoguþ	model_entry	Germanic/docs/lexeme_reports/model_entries/2308-youth-ġeoguþ.model.md	22	[@Kroonen2013]	Kroonen2013	yes	upstream_support_for_generated_broad	Upstream source prose still contains a broad citation that also surfaces in the generated compact entry.
AUDIT01-SCAN-0342	scan_finding	learn (iptv.2sg) / liorna	model_entry	Germanic/docs/lexeme_reports/model_entries/2313-learn-(iptv.2sg)-liorna.model.md	21	[@Fulk2018]	Fulk2018	yes	upstream_support_for_generated_broad	Upstream source prose still contains a broad citation that also surfaces in the generated compact entry.
AUDIT01-SCAN-0343	scan_finding	lick (iptv.2sg) / licca	model_entry	Germanic/docs/lexeme_reports/model_entries/2315-lick-(iptv.2sg)-licca.model.md	22	[@RingeTaylor2014]	RingeTaylor2014	yes	upstream_support_for_generated_broad	Upstream source prose still contains a broad citation that also surfaces in the generated compact entry.
AUDIT01-SCAN-0344	scan_finding	lick (3sg) / liccaþ	model_entry	Germanic/docs/lexeme_reports/model_entries/2316-lick-(3sg)-liccaþ.model.md	22	[@RingeTaylor2014]	RingeTaylor2014	yes	upstream_support_for_generated_broad	Upstream source prose still contains a broad citation that also surfaces in the generated compact entry.
AUDIT01-SCAN-0345	scan_finding	show (3sg) / sċēawaþ	model_entry	Germanic/docs/lexeme_reports/model_entries/2318-show-(3sg)-sċēawaþ.model.md	28	[@BrightCassidyRingler1971]	BrightCassidyRingler1971	yes	upstream_support_for_generated_broad	Upstream source prose still contains a broad citation that also surfaces in the generated compact entry.
AUDIT01-ACT-0001	action	find / fundene	model_entry	Germanic/docs/lexeme_reports/model_entries/2011-find-fundene.model.md	36	[@BosworthToller1898, 219]	BosworthToller1898	yes	locator_added	Localized the false-zero Bosworth-Toller citation to printed page 219 and rewrote the manual comparison note so the cell-based framing is explicitly project analysis.
AUDIT01-ACT-0002	action	still / stillan	regular_book_prose	Germanic/docs/assembly/book_prose/regular_all_01/2217-still-stillan.book.md	1	[@KlugeSeebold2011]	KlugeSeebold2011	yes	citation_restored_broad	Restored broad Kluge-Seebold support so the comparative still/stillen framing does not remain under-cited while page-localization is still blocked.
