row_id	source_key	status	evidence_ids	search_basis	assessment
1983	Kroonen2013	evidence_found	cud-kroonen-stem;kroonen-core-1983-1;kroonen-core-1983-2;kroonen-core-1983-3;kroonen-core-1983-4;kroonen-core-1983-5;alignment-cud-long-vowel-premise	Resin homonym2, full entry on printed315 checked against sheet355 image. OE cwedu (cud), morphology and semantic family followed to s.v. *kwedu-2 on printed 315-316; complete entry and its incidental forms read in docs/references/kroonen_etymological_dictionary_pgmc.pdf (PDF sheets 355,356). OE cwedu (cud), morphology and semantic family followed to s.v. *kwedu-2 on printed 315; complete entry and its incidental forms read in docs/references/kroonen_etymological_dictionary_pgmc.pdf (PDF sheets 355,356).	Distinguish u-stem citation and homonym marker from CAPR full-word/dental/stress choices. Selected input *kwéðuz (pgmc) remains unchanged; Lengthened-grade cognates are genuinely additional reconstructed formations, not an emendation of the e/u-stem cud headword. Selected input *kwéðuz (pgmc) remains unchanged; Separately quoted lengthened-grade birch-sap formation; lexical comparison does not choose a new corpus stem. Selected input *kwéðuz (pgmc) remains unchanged; Source compares the Faroese viscous-fluid term and Rasmussen's Armenian kit comparison conditionally; preserve this beside the resin headword. Selected input *kwéðuz (pgmc) remains unchanged; The suffix shorthand is diplomatic; no fully spelled *kwēdō(n)- citation is invented. Selected input *kwéðuz (pgmc) remains unchanged; Actually printed Faroese derivative in the resin/dairy-fluid comparison; this is a derived verb, not the selected cud noun or an asserted whole word. Supplement (315-316): conditional Armenian dairy connection and Nordic ē.
1983	Orel2003	evidence_found	cud-orel-formation	OE cwidu index227 and *kweđwō(n) entry on printed227; image checked.	An e-form with different morphology; not a second quotation of Kroonen's masculine u-stem.
1983	ClarkHall1960	discussion_only	cud-clark-hall-variants	cwudu headword on printed69 checked against sheet84 image.	The dictionary does not independently verify selected cwedu in this entry; broader target-attestation check remains open.
2332	Orel2003	evidence_found	hue-orel-headword	Released hue source ledger and exact local xewjan entry171-172.	Retain e and the authored ending; no unsupported stage relabeling.
2332	Kroonen2013	evidence_found	hue-kroonen-stem;kroonen-core-2332-1;kroonen-core-2332-2;kroonen-core-2332-3;kroonen-core-2332-4;kroonen-core-2332-5	Released hue source ledger and exact heuja entry224. OE hīew (hue), morphology and semantic family followed to s.v. *heuja- on printed 224; complete entry and its incidental forms read in docs/references/kroonen_etymological_dictionary_pgmc.pdf (PDF sheets 264).	Separate morphology/notation from genuinely different inherited-vowel proposals. Selected input *xíwją (pgmc) remains unchanged; Original image and magnified glyph crop show long ī (native OCR loses the macron); incidental layer/membrane formation, independently of the selected hīew cell. Selected input *xíwją (pgmc) remains unchanged; Author proposes Dybo shortening of this precursor; do not relabel it as an automatically chosen PGmc inventory vowel. Selected input *xíwją (pgmc) remains unchanged; Earlier etymological precursor of the same proposed Dybo derivation, with explicit laryngeal and final accent. Selected input *xíwją (pgmc) remains unchanged; Headword etymology notation retained separately from the accented discussion form, without normalizing either author notation. Selected input *xíwją (pgmc) remains unchanged; Author probably derives hue early from this base, referring to bluish *hēwja-. The cross-reference is not a new Germanic hue noun alternative.
2126	Cercignani1979	evidence_found	milk-cercignani-citation;milk-cercignani-genitive-earlier;milk-cercignani-genitive-later	Complete article72-82 read; milk passage75 and its original image checked, including barred consonants and the genitive chain.	Three forms in different cells/states, not three independent reconstruction votes or an endorsed change to *mélukz.
2174	Cercignani1979	evidence_found	seven-cercignani-citation	Complete article72-82 read; seven passage75 and original page image checked.	Capture the e-bearing citation and distinguish the proposed inflected source of i from universal raising before u.
2082	Cercignani1980	evidence_found	horn-cercignani-citation	Complete substantive article126-134 read; horn and footnote8 on127 image checked.	PGmc u is explicit; author h and final an must not be silently converted into CAPR notation.
2137	Cercignani1980	evidence_found	nest-cercignani-citation	Complete substantive article126-134 read; footnote7 on127 image checked.	Preserve the author's az ending and the disagreement about lowering date independently of root-vowel agreement.
2040	Cercignani1980	discussion_only	raising-cercignani-dating	Abstract126 and complete section1,126-129, read; opening conditioning statement image checked.	Relevant objection to inherited-raising dating, not Cercignani's quoted whole-word gift reconstruction.
2294	Cercignani1980	discussion_only	raising-cercignani-dating	Abstract126 and section1,126-129, read; compare printed wind noun from PIE *wentos with corpus windan/*wíndaną.	Only the general raising/dating argument applies; the noun example does not attest this verb's reconstruction.
2332	Cercignani1980	discussion_only	raising-cercignani-dating	Abstract126 and section1,126-129, read; high-front-vocalic environment compared with the existing hue input question.	Relevant counterargument to PGmc dating, with no fabricated whole-word hue form.
2119	Cercignani1980	discussion_only	man-cercignani-nasalization	Complete body126-134 read; distinguish wer/*wiraz on127 from man[n]/mon[n] on134 and the corpus's selected mannes.	Nasalization discussion concerns the correct etymon, but neither the wer reconstruction nor an attested nominative is the selected genitive's whole-word source.
2193	Orel2003	evidence_found	sit-orel-headword;orel-e-i-convention	setjanan entry325-326 read; printed325 image checked; preface xi-xiii read with the crucial xii glyphs visually verified.	A genuine e-bearing author form; spelling, full-word ending and phonemic/date interpretation remain independent.
2193	Kroonen2013	evidence_found	sit-kroonen-stem;kroonen-e-i-inventory;kroonen-core-2193-1;kroonen-core-2193-2;kroonen-core-2193-3;kroonen-core-2193-4	Complete set(j)an- entry434 read and image checked; introduction xix image checked and entry structure xiii read. OE sittan (sit), morphology and semantic family followed to s.v. *set(j)an- on printed 434; complete entry and its incidental forms read in docs/references/kroonen_etymological_dictionary_pgmc.pdf (PDF sheets 474).	Retain the contrasted j/non-j stems and the author's distinct e/i inventory position, without importing Orel's convention. Selected input *sétjaną (pgmc) remains unchanged; Actually printed no-j variant; disagreement over its relation to jan reflexes is preserved. Selected input *sétjaną (pgmc) remains unchanged; Actually printed j-variant, not an inferred insertion into the optional headword. Selected input *sétjaną (pgmc) remains unchanged; Author says dialectal difference may point to this i-present; preserve status as proposed original IE analysis. Selected input *sétjaną (pgmc) remains unchanged; Explicit third-plural counterpart of the proposed IE i-present, not a source quotation of Germanic sittað.
2254	Orel2003	evidence_found	three-orel-headword;orel-e-i-convention	Complete þrejez entry425 and original sheet464 checked; preface xi-xiii read with original xii verified.	The e-bearing source is real, but its OE ðrī comparison is not the selected þrīe cell or a proof of a particular contraction date.
2254	Kroonen2013	evidence_found	three-kroonen-nominative;kroonen-e-i-inventory;kroonen-core-2254-1;kroonen-core-2254-2;kroonen-core-2254-3;kroonen-core-2254-4;kroonen-core-2254-5;kroonen-core-2254-6;kroonen-core-2254-7;kroonen-core-2254-8;kroonen-core-2254-9;kroonen-core-2254-10;kroonen-core-2254-11;kroonen-core-2254-12	Complete numeral entry546-547 read; printed547 nominative quantity checked in enlarged original image; introduction xix image checked. OE þrīe (three), morphology and semantic family followed to s.v. *þri-; short-i cardinal citation on printed 546; complete entry and its incidental forms read in docs/references/kroonen_etymological_dictionary_pgmc.pdf (PDF sheets 586,587). OE þrīe (three), morphology and semantic family followed to s.v. *þri-; accusative cardinal on printed 547; complete entry and its incidental forms read in docs/references/kroonen_etymological_dictionary_pgmc.pdf (PDF sheets 586,587). OE þrīe (three), morphology and semantic family followed to s.v. *þri-; feminine cardinal on printed 547; complete entry and its incidental forms read in docs/references/kroonen_etymological_dictionary_pgmc.pdf (PDF sheets 586,587). OE þrīe (three), morphology and semantic family followed to s.v. *þri-; neuter cardinal on printed 547; complete entry and its incidental forms read in docs/references/kroonen_etymological_dictionary_pgmc.pdf (PDF sheets 586,587). OE þrīe (three), morphology and semantic family followed to s.v. *þri-; genitive cardinal on printed 547; complete entry and its incidental forms read in docs/references/kroonen_etymological_dictionary_pgmc.pdf (PDF sheets 586,587). OE þrīe (three), morphology and semantic family followed to s.v. *þri-; dative cardinal on printed 547; complete entry and its incidental forms read in docs/references/kroonen_etymological_dictionary_pgmc.pdf (PDF sheets 586,587). OE þrīe (three), morphology and semantic family followed to s.v. *þri-; pre-Germanic nominative on printed 547; complete entry and its incidental forms read in docs/references/kroonen_etymological_dictionary_pgmc.pdf (PDF sheets 586,587). OE þrīe (three), morphology and semantic family followed to s.v. *þri-; pre-Germanic feminine on printed 547; complete entry and its incidental forms read in docs/references/kroonen_etymological_dictionary_pgmc.pdf (PDF sheets 586,587). OE þrīe (three), morphology and semantic family followed to s.v. *þri-; pre-Germanic neuter on printed 547; complete entry and its incidental forms read in docs/references/kroonen_etymological_dictionary_pgmc.pdf (PDF sheets 586,587). OE þrīe (three), morphology and semantic family followed to s.v. *þri-; pre-Germanic genitive on printed 547; complete entry and its incidental forms read in docs/references/kroonen_etymological_dictionary_pgmc.pdf (PDF sheets 586,587). OE þrīe (three), morphology and semantic family followed to s.v. *þri-; pre-Germanic dative on printed 547; complete entry and its incidental forms read in docs/references/kroonen_etymological_dictionary_pgmc.pdf (PDF sheets 586,587). OE þrīe (three), morphology and semantic family followed to s.v. *þri-; pre-Germanic accusative on printed 547; complete entry and its incidental forms read in docs/references/kroonen_etymological_dictionary_pgmc.pdf (PDF sheets 586,587).	Preserve long-i nominative separately from the other inflected forms and from the author's Pre-Germanic reconstruction. Selected input *θréjez (pgmc) remains unchanged; Short-i headword is independently recorded alongside the retained long-i nominative; do not normalize one to the other. Selected input *θréjez (pgmc) remains unchanged; Source lacks an asterisk here inside its reconstructed paradigm; retain source typography and long i. Selected input *θréjez (pgmc) remains unchanged; Feminine paradigm form independently printed; both quantities retained. Selected input *θréjez (pgmc) remains unchanged; Neuter paradigm form independently printed, not a restored ending from the short-i headword. Selected input *θréjez (pgmc) remains unchanged; Source doubled j and final n are retained; no CAPR endings or stress added. Selected input *θréjez (pgmc) remains unchanged; Source lacks an asterisk here inside its reconstructed paradigm; retain short i and source typography. Selected input *θréjez (pgmc) remains unchanged; Source explicitly introduces the following paradigm as Pre-Germanic, not PGmc. Selected input *θréjez (pgmc) remains unchanged; Separately printed feminine antecedent. Selected input *θréjez (pgmc) remains unchanged; Separately printed neuter antecedent. Selected input *θréjez (pgmc) remains unchanged; Separate genitive antecedent, preserving author's single o and suffix segmentation. Selected input *θréjez (pgmc) remains unchanged; Separate zero-grade dative antecedent. Selected input *θréjez (pgmc) remains unchanged; Separate zero-grade accusative antecedent.
1990	Orel2003	evidence_found	dill-orel-headword	dile index70 followed to the full đeljaz entry70; original page and enlarged initial dental checked.	An authored e-bearing ja-stem, not the selected i-stem's quoted whole-word input.
1990	Kroonen2013	evidence_found	dill-kroonen-i-stem;dill-kroonen-ja-stem;dill-kroonen-rounded-i-stem;dill-kroonen-rounded-ja-stem;dill-kroonen-original-nominative;dill-kroonen-original-genitive	dile index92 followed to the complete deli-/delja- entry92 and its original page. Full-entry supplementation: OE target/cognate aliases and s.v. *deli- ~ *delja-, printed 92, in docs/references/kroonen_etymological_dictionary_pgmc.pdf.	Preserve both headwords, the conditional rounded pair and the proposed original paradigm; no unasserted PGmc date or cell harmonization. Complete entry reread; both headwords, conditional rounded stems and original nominative/genitive are already independently linked. No headword was normalized to Orel's convention.
2075	Orel2003	evidence_found	hind-orel-headword;alignment-hind-young-root;alignment-hind-reported-hornless;alignment-hind-young-warrant	hind index169 and full xenđjō(n) entry169 checked against the original.	Vowel, barred dental, j/n formation and young/new etymology differ from Kroonen's account. Supplement (169): own Orel young/new root underlying hind. Supplement (169): Pokorny reported Sanskrit hornless comparandum. Supplement (169): authored complete historical/formation argument; not a selected whole word.
2075	Kroonen2013	evidence_found	hind-kroonen-stem;alignment-hind-hornless-root;alignment-hind-hornless-warrant	hind and hindō- leads followed to the full original entry226; unrelated behind/hind-leg hits excluded. Full-entry supplementation: OE target/cognate aliases and s.v. *hindō- homonym1, printed 226, in docs/references/kroonen_etymological_dictionary_pgmc.pdf.	Root i accompanies a different ō-stem and hornless etymology, not merely a respelling of Orel's complete word. Complete hind entry reread; adjacent membrane homonym2 and accompanying alternatives are different etymons. No extra matching Germanic hind stem was found. Supplement (226): explicit PIE hornless root, probable hind derivation. Supplement (206,226): authored complete historical/formation argument; not a selected whole word.
2102	Orel2003	evidence_found	light-orel-verb;orel-core-2102-1;alignment-light-orel-sibilant;alignment-light-dental-and-sibilant	líhtan index241 checked against leuxtjanan and the light-noun cross-reference; actual original verb entry243 verified.	Record eu and the j-suffix difference. The source's own index locator is not the entry's printed folio. Supplement (242): sibilant shine factitive, family rather than dental selected verb. Supplement (242-243): complete source argument, not a selected whole-word quotation.
2198	Orel2003	evidence_found	smear-orel-verb	smerwjanan and smirwan leads followed to the full verb entry354; noun and unrelated smear formations distinguished.	An explicit verb with e and wj, not CAPR's wij sequence or the grease noun headword.
2198	Kroonen2013	evidence_found	smear-kroonen-verb-stem	smierwan followed to the complete smerwa- entry458; original incidental smerwjan- form checked. Full-entry supplementation: OE target/cognate aliases and s.v. *smerwa-, printed 458, in docs/references/kroonen_etymological_dictionary_pgmc.pdf.	A directly printed verb reconstruction within a noun entry, not a fabricated stem assembled from a gloss. Complete butter/grease entry reread. Incidental *smerwjan- already linked with its exact original evidence ID; no duplicate extraction or noun-to-verb fabrication added.
2208	Orel2003	evidence_found	spindle-orel-headword	spinel/spennilō(n) leads followed to the complete entry364 and its spennanan cross-reference; original page checked.	Preserve the parenthesized n and derivational source; the corpus's absent final n is not author agreement.
2217	Orel2003	evidence_found	still-orel-verb;orel-core-2217-1	stillan index374 followed to stelljanan, with adjacent adjective/derivation read; original374 checked.	Separate the verb's formation and absent extra i from the adjective and CAPR's current suffix.
2218	Orel2003	evidence_found	stilt-orel-e-form;stilt-orel-a-form;orel-core-2218-1	stilt/stelte/steltjōn leads followed to the complete entry374; original alternatives and listed languages checked.	Two source alternatives for a research-only row; no invented OE attestation from the Middle English reflex.
2250	Orel2003	evidence_found	thistle-orel-headword	þistill/þe(x)stilaz and thistle leads followed to the complete entry419; original checked.	Preserve optional x and e in the citation independently of the selected i-bearing genitive.
2291	Orel2003	evidence_found	wight-orel-being	wiht leads followed to both wextiz homonyms452-453 and original pages, identifying being/thing rather than weight.	Capture the correct homonym's e-bearing word and preserve its etymological qualifications.
2291	Kroonen2013	evidence_found	wight-kroonen-being;kroonen-core-2291-1	wiht/wehti- leads followed to both homonyms on578; original and full being/thing entry checked. OE wiht (wight), morphology and semantic family followed to s.v. *wehti- on printed 578; complete entry and its incidental forms read in docs/references/kroonen_etymological_dictionary_pgmc.pdf (PDF sheets 618). Full-entry supplementation: OE target/cognate aliases and s.v. *wehti- homonym1, printed 578, in docs/references/kroonen_etymological_dictionary_pgmc.pdf.	A stem citation with h, not an identical quoted whole word or the weight etymon. Selected input *wéxtiz (pgmc) remains unchanged; The being/thing homonym includes this ja-stem derivative; it is not the weight homonym's prefixed ge-wihte or an exact selected i-stem whole word. Complete being/thing entry and nearby weight homonym2 reread. Incidental *wehtja- miserable-creature derivative is separately recorded; weather and weight were not conflated with this i-stem.
2292	Orel2003	evidence_found	will-orel-verb	willan/wile and wel(j)anan leads, desire-versus-boil homonyms and original453 checked.	Parenthesized j and irregular paradigm history are material; a gloss-only match to boil is rejected.
2293	Orel2003	evidence_found	will-orel-noun	willa index453 followed to weljōn and adjacent verb/neuter entries; original checked.	The masculine weak noun is not the verb or neuter welan; preserve quantity and final n.
2292	Kroonen2013	evidence_found	will-kroonen-verb;kroonen-core-2292-1;kroonen-core-2292-2;kroonen-core-2292-3;kroonen-core-2292-4;kroonen-core-2292-5;kroonen-core-2292-6;kroonen-core-2292-7;kroonen-core-2292-8;kroonen-core-2292-9;kroonen-core-2292-10;kroonen-core-2292-11;kroonen-core-2292-12	willan index578 followed to weljan- homonym1; complete discussion and original page read. OE willan (will), morphology and semantic family followed to s.v. *weljan- on printed 578; complete entry and its incidental forms read in docs/references/kroonen_etymological_dictionary_pgmc.pdf (PDF sheets 618).	Retain the infinitive/subjunctive formation account and distinct verb identity. Selected input *wéljaną (pgmc) remains unchanged; Actually printed paradigm ancestor of Gothic wiljau, not a restored infinitive whole word or the boiling verb. Selected input *wéljaną (pgmc) remains unchanged; Source abbreviates the stem after *weljēu; retain shorthand instead of fabricating an authored full second singular. Selected input *wéljaną (pgmc) remains unchanged; Source abbreviates the stem after *weljēu; retain shorthand and thorn rather than quote a fabricated full third singular. Selected input *wéljaną (pgmc) remains unchanged; Source explicitly labels the optative paradigm PIE; no PGmc date or new full-word selection is inferred. Selected input *wéljaną (pgmc) remains unchanged; Diplomatic source suffix shorthand, after the separately recorded full first singular. Selected input *wéljaną (pgmc) remains unchanged; Author's probable athematic present analysis, not a quotation of corpus willan. Selected input *wéljaną (pgmc) remains unchanged; Actually printed zero-grade third plural with final accent. Selected input *wéljaną (pgmc) remains unchanged; Parenthetic middle counterpart separately recorded, preserving source ending. Selected input *wéljaną (pgmc) remains unchanged; Parenthetic middle counterpart separately recorded; not promoted to a Germanic paradigm. Selected input *wéljaną (pgmc) remains unchanged; Source explains the Germanic dental preterite through this primary aorist, rather than a newly reconstructed Germanic weak past whole word. Selected input *wéljaną (pgmc) remains unchanged; Separate aorist zero-grade third plural proposed as preterite antecedent.
2293	Kroonen2013	evidence_found	will-kroonen-noun;kroonen-core-2293-1;kroonen-core-2293-2	willa index578 followed to weljan- homonym2 across578-579; both original pages checked. OE willa (will), morphology and semantic family followed to s.v. *weljan- on printed 578-579; complete entry and its incidental forms read in docs/references/kroonen_etymological_dictionary_pgmc.pdf (PDF sheets 618,619).	The defended jan-stem and feminine alternative discussion are separate from the neighboring verb row. Selected input *wéljô (pgmc) remains unchanged; Swedish feminine vilja is actually cited beside the masculine Germanic jan-stem; source does not quote an alternative reconstructed Germanic feminine whole word. Selected input *wéljô (pgmc) remains unchanged; Kroonen reports Kortlandt's proposal that feminine OCS volja may continue a proterodynamic ih₁-stem, while preferring a Germanic jan-stem. No *weljō- quotation is fabricated.
2040	Orel2003	evidence_found	gift-orel-headword	Released gift comparison and original130 page reused; complete noun and neighboring give verb read with original velar sign preserved.	The dictionary genuinely prints e and the full iz ending; its phonemic convention and conditioned date are separate questions.
2041	Orel2003	evidence_found	give-orel-headword	Original130 give entry read with its vocalism argument and the separately derived gift noun.	Retain the full source verb and distinguish an untriggered verbal citation from the differently suffixed noun; no inferred universal vowel identity.
1950	Orel2003	evidence_found	bind-orel-headword;alignment-bind-orel-convention	bindan/bendanan leads followed to the complete benđanan entry41; original sheet80 and barred dental checked.	An e-bearing source citation versus CAPR's inherited-i input; not evidence for assigning all dictionary e a pre-PGmc date. Alignment supplement (xii): source-wide e/i reconstruction convention applied as a bounded bind question; retained verification and selected-cell limits.
1950	Kroonen2013	evidence_found	bind-kroonen-stem;alignment-bind-nasal-kroonen	OE bindan index64 and the complete bindan- entry read; original64 checked on sheet102, with the already verified introduction xix. Full-entry supplementation: OE target/cognate aliases and s.v. *bindan-, printed 64, in docs/references/kroonen_etymological_dictionary_pgmc.pdf.	An explicit i-bearing stem and a directly supported inherited nasal-raising example, not an assembled whole word. Complete verb entry and cross-references reread. Nasal-present ancestry and inherited nasal raising do not supply a competing quoted Germanic verbal stem; original linked citation retained. Alignment supplement (xix): PIE e raised to PGmc i before tautosyllabic nasals, bind as explicit example; retained verification and selected-cell limits.
2011	Orel2003	evidence_found	find-orel-headword	findan/fenpanan aliases followed to the complete fenþanan entry99; original sheet138 verifies e and thorn.	The dictionary's verbal citation is not the selected u-grade participle or its target attestation.
2011	Kroonen2013	evidence_found	find-kroonen-stem	findan/finpan- aliases followed to the complete finþan- entry142 and introductory nasal example xix; original142 checked. Full-entry supplementation: OE target/cognate aliases and s.v. *finþan-, printed 142, in docs/references/kroonen_etymological_dictionary_pgmc.pdf.	Preserve the citation/input cell difference and thorn; no fabricated reconstruction of fundene. Complete entry and *fanþjan-, *fandōn-, *fundōn- cross-references checked. These are distinct derivatives, not an authored u-grade participle quotation. The selected fundene cell remains distinct from the linked infinitive stem.
2207	Orel2003	evidence_found	spin-orel-headword	spinnan/spennanan leads followed to the complete verb entry364 and its spindle derivative; reuse the original already checked for that noun.	The e-bearing verb is distinct evidence, not a second noun reconstruction or a new raising chronology.
2207	Kroonen2013	evidence_found	spin-kroonen-stem	spinnan index467 followed to the complete original entry and its n-present account; separate spunan- formation read. Full-entry supplementation: OE target/cognate aliases and s.v. *spinnan-, printed 467, in docs/references/kroonen_etymological_dictionary_pgmc.pdf.	An i-bearing verb stem; the u-grade yarn noun is not an author reconstruction of corpus spindle. Complete spin entry and *spunan- read. The u-grade spinning/yarn noun is not the spindle noun and supplies no quotation of spinl.
2294	Orel2003	evidence_found	wind-orel-verb	windan/wendanan aliases followed to the complete original wenđanan verb454 and adjacent weather-noun/adjective entries.	The correct e-bearing verb is captured with barred dental, independently of the previously excluded wind-noun match.
2294	Kroonen2013	evidence_found	wind-kroonen-verb-stem	windan and reconstructed verb leads followed to the complete original587 entry, distinct from adjacent winda- and winnan-. Full-entry supplementation: OE target/cognate aliases and s.v. *windan-, printed 587, in docs/references/kroonen_etymological_dictionary_pgmc.pdf.	The correct i-bearing verb is explicit despite omission of OE from its reflex list; the weather noun's detailed history is not silently transferred. Complete twisting/winding verb entry reread; neighbouring *winda- wind/weather noun is a distinct etymon. No new matching Germanic verbal stem is quoted.
1933	Orel2003	evidence_found	orel-core-1933-01;orel-core-1933-02;orel-core-1933-03	Read the full relevant entry/continuation and its pertinent comparisons: *nēđrōn (printed 286, feminine n-stem headword); *nađrōn (printed 286, feminine n-stem alternative); *nađraz (printed 286, masculine formation cited for comparison). Checked headword signs and quantity on held original pages; running heads checked where printed, with the initial b-page's suppressed folio32 established from adjacent33. Corpus identity: adder; target nǣdre.	Actual source forms/family evidence are linked separately from the current PROTO *nḗdrōn and input *nḗdrōn. The exact cell, prefix, alternative, semantic scope and stage qualifications remain in the evidence; this positive etymon review is not a claim that Orel quotes CAPR's complete selected input.
1934	Orel2003	evidence_found	orel-core-1934-01;orel-core-1934-02	Read the full relevant entry/continuation and its pertinent comparisons: *bakanan (printed 33, strong-verb headword); *bōka (printed 33, preterite cited within the verb entry). Checked headword signs and quantity on held original pages; running heads checked where printed, with the initial b-page's suppressed folio32 established from adjacent33. Corpus identity: bake; target bacan.	Actual source forms/family evidence are linked separately from the current PROTO *bákaną and input *bákaną. The exact cell, prefix, alternative, semantic scope and stage qualifications remain in the evidence; this positive etymon review is not a claim that Orel quotes CAPR's complete selected input.
1935	Orel2003	evidence_found	orel-core-1935-01	Read the full relevant entry/continuation and its pertinent comparisons: *balluz (printed 34, masculine headword). Checked headword signs and quantity on held original pages; running heads checked where printed, with the initial b-page's suppressed folio32 established from adjacent33. Corpus identity: ball; target -.	Actual source forms/family evidence are linked separately from the current PROTO *bálluz and input *bálluz. The exact cell, prefix, alternative, semantic scope and stage qualifications remain in the evidence; this positive etymon review is not a claim that Orel quotes CAPR's complete selected input.
1936	Orel2003	evidence_found	orel-core-1936-01	Read the full relevant entry/continuation and its pertinent comparisons: *bannan (printed 36, neuter headword; not selected genitive). Checked headword signs and quantity on held original pages; running heads checked where printed, with the initial b-page's suppressed folio32 established from adjacent33. Corpus identity: ban; target bannes.	Actual source forms/family evidence are linked separately from the current PROTO *bánną and input *bánnas. The exact cell, prefix, alternative, semantic scope and stage qualifications remain in the evidence; this positive etymon review is not a claim that Orel quotes CAPR's complete selected input.
1937	Orel2003	evidence_found	orel-core-1937-01;orel-core-1937-02	Read the full relevant entry/continuation and its pertinent comparisons: *berʒan (printed 42, neuter alternative for hill/rock noun); *berʒaz (printed 42, masculine alternative for hill/rock noun). Checked headword signs and quantity on held original pages; running heads checked where printed, with the initial b-page's suppressed folio32 established from adjacent33. Corpus identity: barrow; target beorg.	Actual source forms/family evidence are linked separately from the current PROTO *bérgą and input *bérgą. The exact cell, prefix, alternative, semantic scope and stage qualifications remain in the evidence; this positive etymon review is not a claim that Orel quotes CAPR's complete selected input.
1938	Orel2003	evidence_found	orel-core-1938-01;orel-core-1938-02	Read the full relevant entry/continuation and its pertinent comparisons: *bastan (printed 38, neuter-labelled headword alternative); *bastaz (printed 38, second printed headword alternative). Checked headword signs and quantity on held original pages; running heads checked where printed, with the initial b-page's suppressed folio32 established from adjacent33. Corpus identity: bast; target bæst.	Actual source forms/family evidence are linked separately from the current PROTO *bástą and input *bástą. The exact cell, prefix, alternative, semantic scope and stage qualifications remain in the evidence; this positive etymon review is not a claim that Orel quotes CAPR's complete selected input.
1939	Orel2003	evidence_found	orel-core-1939-01	Read the full relevant entry/continuation and its pertinent comparisons: *baþan (printed 39, neuter headword). Checked headword signs and quantity on held original pages; running heads checked where printed, with the initial b-page's suppressed folio32 established from adjacent33. Corpus identity: bath; target bæþ.	Actual source forms/family evidence are linked separately from the current PROTO *báθą and input *báθą. The exact cell, prefix, alternative, semantic scope and stage qualifications remain in the evidence; this positive etymon review is not a claim that Orel quotes CAPR's complete selected input.
1940	Orel2003	evidence_found	orel-core-1940-01	Read the full relevant entry/continuation and its pertinent comparisons: *barđaz (printed 36, masculine headword). Checked headword signs and quantity on held original pages; running heads checked where printed, with the initial b-page's suppressed folio32 established from adjacent33. Corpus identity: beard; target beard.	Actual source forms/family evidence are linked separately from the current PROTO *bárdaz and input *bárdaz. The exact cell, prefix, alternative, semantic scope and stage qualifications remain in the evidence; this positive etymon review is not a claim that Orel quotes CAPR's complete selected input.
1941	Orel2003	evidence_found	orel-core-1941-01	Read the full relevant entry/continuation and its pertinent comparisons: *bebruz (printed 40-41, masculine headword). Checked headword signs and quantity on held original pages; running heads checked where printed, with the initial b-page's suppressed folio32 established from adjacent33. Corpus identity: beaver; target befer.	Actual source forms/family evidence are linked separately from the current PROTO *bébruz and input *bébruz. The exact cell, prefix, alternative, semantic scope and stage qualifications remain in the evidence; this positive etymon review is not a claim that Orel quotes CAPR's complete selected input.
1942	Orel2003	evidence_found	orel-core-1942-01;orel-core-1942-02;orel-core-1942-03;orel-core-1942-04	Read the full relevant entry/continuation and its pertinent comparisons: *bōkō (printed 51, feminine ō-/ōn-stem headword); *bōkjan (printed 51, neuter beech headword alternative); *bōkjōn (printed 51, feminine beech headword alternative); *bōkz (printed 52, feminine headword). Checked headword signs and quantity on held original pages; running heads checked where printed, with the initial b-page's suppressed folio32 established from adjacent33. Corpus identity: beech; target bōc.	Actual source forms/family evidence are linked separately from the current PROTO *bōkō and input *bōkō. The exact cell, prefix, alternative, semantic scope and stage qualifications remain in the evidence; this positive etymon review is not a claim that Orel quotes CAPR's complete selected input.
1943	Orel2003	evidence_found	orel-core-1943-01	Read the full relevant entry/continuation and its pertinent comparisons: *ʒennanan (printed 132, unprefixed strong-verb headword). Checked headword signs and quantity on held original pages; running heads checked where printed, with the initial b-page's suppressed folio32 established from adjacent33. Corpus identity: begin; target beġinnan.	Actual source forms/family evidence are linked separately from the current PROTO *bigínnaną and input *bigínnaną. The exact cell, prefix, alternative, semantic scope and stage qualifications remain in the evidence; this positive etymon review is not a claim that Orel quotes CAPR's complete selected input.
1944	Orel2003	evidence_found	orel-core-1944-01	Read the full relevant entry/continuation and its pertinent comparisons: *laubjanan (printed 238, unprefixed weak-verb headword; homonym I). Checked headword signs and quantity on held original pages; running heads checked where printed, with the initial b-page's suppressed folio32 established from adjacent33. Corpus identity: believe; target ġelīefan.	Actual source forms/family evidence are linked separately from the current PROTO *galáubijaną and input *galáubijaną. The exact cell, prefix, alternative, semantic scope and stage qualifications remain in the evidence; this positive etymon review is not a claim that Orel quotes CAPR's complete selected input.
1945	Orel2003	evidence_found	orel-core-1945-01	Read the full relevant entry/continuation and its pertinent comparisons: *balʒiz (printed 33-34, masculine headword; skin/bag/purse family). Checked headword signs and quantity on held original pages; running heads checked where printed, with the initial b-page's suppressed folio32 established from adjacent33. Corpus identity: belly; target bielġ.	Actual source forms/family evidence are linked separately from the current PROTO *bálgiz and input *bálgiz. The exact cell, prefix, alternative, semantic scope and stage qualifications remain in the evidence; this positive etymon review is not a claim that Orel quotes CAPR's complete selected input.
1946	Orel2003	evidence_found	orel-core-1946-01	Read the full relevant entry/continuation and its pertinent comparisons: *bazjan (printed 40, neuter headword). Checked headword signs and quantity on held original pages; running heads checked where printed, with the initial b-page's suppressed folio32 established from adjacent33. Corpus identity: berry; target berġes.	Actual source forms/family evidence are linked separately from the current PROTO *bázją and input *bázjas. The exact cell, prefix, alternative, semantic scope and stage qualifications remain in the evidence; this positive etymon review is not a claim that Orel quotes CAPR's complete selected input.
1947	Orel2003	evidence_found	orel-core-1947-01	Read the full relevant entry/continuation and its pertinent comparisons: *beuđanan (printed 43, strong-verb headword; command/offer sense). Checked headword signs and quantity on held original pages; running heads checked where printed, with the initial b-page's suppressed folio32 established from adjacent33. Corpus identity: bid; target -.	Actual source forms/family evidence are linked separately from the current PROTO *béudaną and input *béudaną. The exact cell, prefix, alternative, semantic scope and stage qualifications remain in the evidence; this positive etymon review is not a claim that Orel quotes CAPR's complete selected input.
1948	Orel2003	evidence_found	orel-core-1948-01;orel-core-1948-02	Read the full relevant entry/continuation and its pertinent comparisons: *biđjanan (printed 45, strong-verb headword; ask/pray sense); *bīđanan (printed 45, derivational antecedent quoted within ask/pray entry). Checked headword signs and quantity on held original pages; running heads checked where printed, with the initial b-page's suppressed folio32 established from adjacent33. Corpus identity: bid; target -.	Actual source forms/family evidence are linked separately from the current PROTO *bídjaną and input *bídjaną. The exact cell, prefix, alternative, semantic scope and stage qualifications remain in the evidence; this positive etymon review is not a claim that Orel quotes CAPR's complete selected input.
1949	Orel2003	evidence_found	orel-core-1949-01;orel-core-1949-02	Read the full relevant entry/continuation and its pertinent comparisons: *bērō (printed 38, WGmc form; exact citation cell unstated); *barwōn (printed 38, feminine hand-bier/basket headword). Checked headword signs and quantity on held original pages; running heads checked where printed, with the initial b-page's suppressed folio32 established from adjacent33. Corpus identity: bier; target bǣr.	Actual source forms/family evidence are linked separately from the current PROTO *bḗrō and input *bḗrō. The exact cell, prefix, alternative, semantic scope and stage qualifications remain in the evidence; this positive etymon review is not a claim that Orel quotes CAPR's complete selected input.
1951	Orel2003	evidence_found	orel-core-1951-01	Read the full relevant entry/continuation and its pertinent comparisons: *burđiz (printed 63, feminine headword). Checked headword signs and quantity on held original pages; running heads checked where printed, with the initial b-page's suppressed folio32 established from adjacent33. Corpus identity: birth; target byrd.	Actual source forms/family evidence are linked separately from the current PROTO *búrdiz and input *búrdiz. The exact cell, prefix, alternative, semantic scope and stage qualifications remain in the evidence; this positive etymon review is not a claim that Orel quotes CAPR's complete selected input.
1952	Orel2003	evidence_found	orel-core-1952-01	Read the full relevant entry/continuation and its pertinent comparisons: *blōđan (printed 50, neuter headword). Checked headword signs and quantity on held original pages; running heads checked where printed, with the initial b-page's suppressed folio32 established from adjacent33. Corpus identity: blood; target blōd.	Actual source forms/family evidence are linked separately from the current PROTO *blōdą and input *blōdą. The exact cell, prefix, alternative, semantic scope and stage qualifications remain in the evidence; this positive etymon review is not a claim that Orel quotes CAPR's complete selected input.
1953	Orel2003	evidence_found	orel-core-1953-01;orel-core-1953-02	Read the full relevant entry/continuation and its pertinent comparisons: *burđan (printed 63, neuter headword); *barđan (printed 63, secondary ablaut variant of board). Checked headword signs and quantity on held original pages; running heads checked where printed, with the initial b-page's suppressed folio32 established from adjacent33. Corpus identity: board; target bord.	Actual source forms/family evidence are linked separately from the current PROTO *búrdą and input *búrdą. The exact cell, prefix, alternative, semantic scope and stage qualifications remain in the evidence; this positive etymon review is not a claim that Orel quotes CAPR's complete selected input.
1954	Orel2003	evidence_found	orel-core-1954-01	Read the full relevant entry/continuation and its pertinent comparisons: *bainan (printed 32, neuter headword). Checked headword signs and quantity on held original pages; running heads checked where printed, with the initial b-page's suppressed folio32 established from adjacent33. Corpus identity: bone; target bān.	Actual source forms/family evidence are linked separately from the current PROTO *báiną and input *báiną. The exact cell, prefix, alternative, semantic scope and stage qualifications remain in the evidence; this positive etymon review is not a claim that Orel quotes CAPR's complete selected input.
1955	Orel2003	evidence_found	orel-core-1942-01;orel-core-1942-04	Read the full relevant entry/continuation and its pertinent comparisons: *bōkō (printed 51, feminine ō-/ōn-stem headword); *bōkz (printed 52, feminine headword). Checked headword signs and quantity on held original pages; running heads checked where printed, with the initial b-page's suppressed folio32 established from adjacent33. Corpus identity: book; target bōc.	Actual source forms/family evidence are linked separately from the current PROTO *bōkz and input *bōkz. The exact cell, prefix, alternative, semantic scope and stage qualifications remain in the evidence; this positive etymon review is not a claim that Orel quotes CAPR's complete selected input.
1956	Orel2003	evidence_found	orel-core-1956-01	Read the full relevant entry/continuation and its pertinent comparisons: *burōjanan (printed 64, weak-verb headword). Checked headword signs and quantity on held original pages; running heads checked where printed, with the initial b-page's suppressed folio32 established from adjacent33. Corpus identity: bore; target borian.	Actual source forms/family evidence are linked separately from the current PROTO *búrōjaną and input *búrōjaną. The exact cell, prefix, alternative, semantic scope and stage qualifications remain in the evidence; this positive etymon review is not a claim that Orel quotes CAPR's complete selected input.
1957	Orel2003	evidence_found	orel-core-1957-01	Read the full relevant entry/continuation and its pertinent comparisons: *bōsmaz (printed 52, masculine headword). Checked headword signs and quantity on held original pages; running heads checked where printed, with the initial b-page's suppressed folio32 established from adjacent33. Corpus identity: bosom; target bōsm.	Actual source forms/family evidence are linked separately from the current PROTO *bōsmaz and input *bōsmaz. The exact cell, prefix, alternative, semantic scope and stage qualifications remain in the evidence; this positive etymon review is not a claim that Orel quotes CAPR's complete selected input.
1958	Orel2003	evidence_found	orel-core-1958-01;orel-core-1958-02	Read the full relevant entry/continuation and its pertinent comparisons: *bō(u) (printed 52, numeral headword; parenthesized u); *bō-jenō (printed 52, formation expressly cited before OE beʒen). Checked headword signs and quantity on held original pages; running heads checked where printed, with the initial b-page's suppressed folio32 established from adjacent33. Corpus identity: both; target bū.	Actual source forms/family evidence are linked separately from the current PROTO *bō and input *bō. The exact cell, prefix, alternative, semantic scope and stage qualifications remain in the evidence; this positive etymon review is not a claim that Orel quotes CAPR's complete selected input.
1959	Orel2003	evidence_found	orel-core-1959-01;orel-core-1959-02	Read the full relevant entry/continuation and its pertinent comparisons: *buđmaz (printed 61, masculine headword alternative); *butmaz (printed 61, second masculine headword alternative). Checked headword signs and quantity on held original pages; running heads checked where printed, with the initial b-page's suppressed folio32 established from adjacent33. Corpus identity: bottom; target botm.	Actual source forms/family evidence are linked separately from the current PROTO *búdmaz and input *búttmaz. The exact cell, prefix, alternative, semantic scope and stage qualifications remain in the evidence; this positive etymon review is not a claim that Orel quotes CAPR's complete selected input.
1960	Orel2003	evidence_found	orel-core-1960-01;orel-core-1960-02	Read the full relevant entry/continuation and its pertinent comparisons: *bōʒuz (printed 51, masculine headword alternative); *bōʒaz (printed 51, second masculine headword alternative). Checked headword signs and quantity on held original pages; running heads checked where printed, with the initial b-page's suppressed folio32 established from adjacent33. Corpus identity: bough; target bōg.	Actual source forms/family evidence are linked separately from the current PROTO *bōguz and input *bōguz. The exact cell, prefix, alternative, semantic scope and stage qualifications remain in the evidence; this positive etymon review is not a claim that Orel quotes CAPR's complete selected input.
1961	Orel2003	evidence_found	orel-core-1961-01	Read the full relevant entry/continuation and its pertinent comparisons: *bauʒjanan (printed 39, weak causative verb headword). Checked headword signs and quantity on held original pages; running heads checked where printed, with the initial b-page's suppressed folio32 established from adjacent33. Corpus identity: bow; target bīeġan.	Actual source forms/family evidence are linked separately from the current PROTO *báugijaną and input *báugijaną. The exact cell, prefix, alternative, semantic scope and stage qualifications remain in the evidence; this positive etymon review is not a claim that Orel quotes CAPR's complete selected input. Individual alignment:1961 is the weak causative; strong infinitive is family evidence.
1962	Orel2003	evidence_found	orel-core-1962-01	Read the full relevant entry/continuation and its pertinent comparisons: *bauʒaz (printed 39, masculine headword; ring/crown). Checked headword signs and quantity on held original pages; running heads checked where printed, with the initial b-page's suppressed folio32 established from adjacent33. Corpus identity: bow; target bēag.	Actual source forms/family evidence are linked separately from the current PROTO *béuganą and input *báug. The exact cell, prefix, alternative, semantic scope and stage qualifications remain in the evidence; this positive etymon review is not a claim that Orel quotes CAPR's complete selected input. Individual alignment:1962 is the selected strong singular preterite, not the homophonous ring noun; nominal quotations remain family evidence.
1963	Orel2003	evidence_found	orel-core-1963-01	Read the full relevant entry/continuation and its pertinent comparisons: *buʒōn (printed 61, masculine headword; arch/bow). Checked headword signs and quantity on held original pages; running heads checked where printed, with the initial b-page's suppressed folio32 established from adjacent33. Corpus identity: bow; target boga.	Actual source forms/family evidence are linked separately from the current PROTO *búgô and input *búgô. The exact cell, prefix, alternative, semantic scope and stage qualifications remain in the evidence; this positive etymon review is not a claim that Orel quotes CAPR's complete selected input.
1964	Orel2003	evidence_found	orel-core-1964-01	Read the full relevant entry/continuation and its pertinent comparisons: *būran (printed 65, neuter headword). Checked headword signs and quantity on held original pages; running heads checked where printed, with the initial b-page's suppressed folio32 established from adjacent33. Corpus identity: bower; target būr.	Actual source forms/family evidence are linked separately from the current PROTO *būrą and input *būrą. The exact cell, prefix, alternative, semantic scope and stage qualifications remain in the evidence; this positive etymon review is not a claim that Orel quotes CAPR's complete selected input.
1965	Orel2003	evidence_found	orel-core-1965-01;orel-core-1965-02	Read the full relevant entry/continuation and its pertinent comparisons: *branđaz (printed 54, masculine headword; homonym I firebrand); *branđaz (printed 54, masculine headword; homonym II sword blade). Checked headword signs and quantity on held original pages; running heads checked where printed, with the initial b-page's suppressed folio32 established from adjacent33. Corpus identity: brand; target brandes.	Actual source forms/family evidence are linked separately from the current PROTO *brándaz and input *brándas. The exact cell, prefix, alternative, semantic scope and stage qualifications remain in the evidence; this positive etymon review is not a claim that Orel quotes CAPR's complete selected input.
1966	Orel2003	evidence_found	orel-core-1966-01;orel-core-1966-02	Read the full relevant entry/continuation and its pertinent comparisons: *brauđan (printed 54, neuter headword); *bruþan (printed 54, formation cited for comparison in bread entry). Checked headword signs and quantity on held original pages; running heads checked where printed, with the initial b-page's suppressed folio32 established from adjacent33. Corpus identity: bread; target brēad.	Actual source forms/family evidence are linked separately from the current PROTO *bráudą and input *bráudą. The exact cell, prefix, alternative, semantic scope and stage qualifications remain in the evidence; this positive etymon review is not a claim that Orel quotes CAPR's complete selected input.
1967	Orel2003	evidence_found	orel-core-1967-01	Read the full relevant entry/continuation and its pertinent comparisons: *brekanan (printed 55, strong-verb headword). Checked headword signs and quantity on held original pages; running heads checked where printed, with the initial b-page's suppressed folio32 established from adjacent33. Corpus identity: break; target brecan.	Actual source forms/family evidence are linked separately from the current PROTO *brékaną and input *brékaną. The exact cell, prefix, alternative, semantic scope and stage qualifications remain in the evidence; this positive etymon review is not a claim that Orel quotes CAPR's complete selected input.
1968	Orel2003	evidence_found	orel-core-1968-01;orel-core-1968-02	Read the full relevant entry/continuation and its pertinent comparisons: *breustan (printed 56, neuter headword); *brustz (printed 59, feminine ablaut counterpart). Checked headword signs and quantity on held original pages; running heads checked where printed, with the initial b-page's suppressed folio32 established from adjacent33. Corpus identity: breast; target brēost.	Actual source forms/family evidence are linked separately from the current PROTO *brústz and input *bréustą. The exact cell, prefix, alternative, semantic scope and stage qualifications remain in the evidence; this positive etymon review is not a claim that Orel quotes CAPR's complete selected input.
1969	Orel2003	evidence_found	orel-core-1969-01	Read the full relevant entry/continuation and its pertinent comparisons: *brōkz (printed 57, feminine headword). Checked headword signs and quantity on held original pages; running heads checked where printed, with the initial b-page's suppressed folio32 established from adjacent33. Corpus identity: breeches; target brēċ.	Actual source forms/family evidence are linked separately from the current PROTO *brōkiz and input *brōkiz. The exact cell, prefix, alternative, semantic scope and stage qualifications remain in the evidence; this positive etymon review is not a claim that Orel quotes CAPR's complete selected input.
1970	Orel2003	evidence_found	orel-core-1970-01;alignment-bride-gothic	Read the full relevant entry/continuation and its pertinent comparisons: *brūđiz (printed 59-60, feminine headword). Checked headword signs and quantity on held original pages; running heads checked where printed, with the initial b-page's suppressed folio32 established from adjacent33. Corpus identity: bride; target brȳd.	Actual source forms/family evidence are linked separately from the current PROTO *brūdiz and input *brūdiz. The exact cell, prefix, alternative, semantic scope and stage qualifications remain in the evidence; this positive etymon review is not a claim that Orel quotes CAPR's complete selected input. Individually read supplement (59): reconstructed Gothic bride preform.
1971	Orel2003	evidence_found	orel-core-1971-01	Read the full relevant entry/continuation and its pertinent comparisons: *brenʒanan (printed 55-56, strong-verb headword). Checked headword signs and quantity on held original pages; running heads checked where printed, with the initial b-page's suppressed folio32 established from adjacent33. Corpus identity: bring; target bringan.	Actual source forms/family evidence are linked separately from the current PROTO *brínganą and input *brínganą. The exact cell, prefix, alternative, semantic scope and stage qualifications remain in the evidence; this positive etymon review is not a claim that Orel quotes CAPR's complete selected input.
1972	Orel2003	evidence_found	orel-core-1972-01	Read the full relevant entry/continuation and its pertinent comparisons: *brūkanan (printed 60, strong-verb headword; use sense). Checked headword signs and quantity on held original pages; running heads checked where printed, with the initial b-page's suppressed folio32 established from adjacent33. Corpus identity: brook; target brūcan.	Actual source forms/family evidence are linked separately from the current PROTO *brūkaną and input *brūkaną. The exact cell, prefix, alternative, semantic scope and stage qualifications remain in the evidence; this positive etymon review is not a claim that Orel quotes CAPR's complete selected input.
1973	Orel2003	evidence_found	orel-core-1973-01;alignment-buck-n-stem	Read the full relevant entry/continuation and its pertinent comparisons: *bukkaz (printed 61-62, masculine headword). Checked headword signs and quantity on held original pages; running heads checked where printed, with the initial b-page's suppressed folio32 established from adjacent33. Corpus identity: buck; target bucc.	Actual source forms/family evidence are linked separately from the current PROTO *búkkaz and input *búkkaz. The exact cell, prefix, alternative, semantic scope and stage qualifications remain in the evidence; this positive etymon review is not a claim that Orel quotes CAPR's complete selected input. Individually read supplement (62): n-stem goat citation distinct from thematic buck.
1974	Orel2003	evidence_found	orel-core-1974-01	Read the full relevant entry/continuation and its pertinent comparisons: *brestanan (printed 56, strong-verb headword). Checked headword signs and quantity on held original pages; running heads checked where printed, with the initial b-page's suppressed folio32 established from adjacent33. Corpus identity: burst; target berstan.	Actual source forms/family evidence are linked separately from the current PROTO *bréstaną and input *bréstaną. The exact cell, prefix, alternative, semantic scope and stage qualifications remain in the evidence; this positive etymon review is not a claim that Orel quotes CAPR's complete selected input.
1933	Kroonen2013	evidence_found	kroonen-core-1933-1;kroonen-core-1933-2;kroonen-core-1933-3;kroonen-core-1933-4;kroonen-core-1933-5;kroonen-core-1933-6	OE nǣdre (adder), morphology and semantic family followed to s.v. *nēdrōn- on printed 386; complete entry and its incidental forms read in docs/references/kroonen_etymological_dictionary_pgmc.pdf (PDF sheets 426). OE nǣdre (adder), morphology and semantic family followed to s.v. *nadra- on printed 381; complete entry and its incidental forms read in docs/references/kroonen_etymological_dictionary_pgmc.pdf (PDF sheets 421).	Selected input *nḗdrōn (pgmc) remains unchanged; Ablauting formation beside *nadra-; Northumbrian neder is explicitly assigned to a separate masculine *nēdra- formation. Selected input *nḗdrōn (pgmc) remains unchanged; The incidental masculine reconstruction is not the selected feminine cell; retain the distinct stem formation. Selected input *nḗdrōn (pgmc) remains unchanged; Actual cited headword with Gothic/Nordic masculine reflexes; source explicitly compares the semantically identical feminine nēdrōn with ablaut. Cross-reference on printed386 points here. Not automatically the selected feminine OE cell. Selected input *nḗdrōn (pgmc) remains unchanged; Author labels this WEUR and says origin is uncertain. Original image has ring below h, not below n or OCR dot-below ḥ; final accent and suffix retained, without stage/gender normalization to feminine nēdrōn. Selected input *nḗdrōn (pgmc) remains unchanged; Actually printed separately suffixed comparison, with ring below h checked in magnified original; not a Germanic selected feminine cell or a reconstructed whole Latin word. Selected input *nḗdrōn (pgmc) remains unchanged; Source explicitly says the proposed sewing connection through winder is uncertain and compares PokornyIEW767. This is Kroonen's printed verb cross-reference, not an independently read Pokorny form, an alternative adder headword or an endorsed derivation.
1934	Kroonen2013	evidence_found	kroonen-core-1934-1;kroonen-core-1934-2;kroonen-core-1934-3;kroonen-core-1934-4	OE bacan (bake), morphology and semantic family followed to s.v. *bak(k)an- on printed 49; complete entry and its incidental forms read in docs/references/kroonen_etymological_dictionary_pgmc.pdf (PDF sheets 87).	Selected input *bákaną (pgmc) remains unchanged; The strong verb may have mixed with the iterative or been back-formed from it; presentic n-suffix gemination is considered less likely (Braune1891:346 n.4). Selected input *bákaną (pgmc) remains unchanged; Dialectal ungeminated variant explicitly distinguished from *bakkan-; neither stem is a quoted whole infinitive. Selected input *bákaną (pgmc) remains unchanged; Contamination with an iterative or back-formation is possible; a present n-suffix account is disfavoured. Selected input *bákaną (pgmc) remains unchanged; The iterative is offered as the source of contamination or back-formation, not selected by CAPR as its input.
1935	Kroonen2013	evidence_found	kroonen-core-1935-1;kroonen-core-1935-2;kroonen-core-1935-3;kroonen-core-1935-4;kroonen-core-1935-5	OE - (ball), morphology and semantic family followed to s.v. *ballan-m. on printed 50; complete entry and its incidental forms read in docs/references/kroonen_etymological_dictionary_pgmc.pdf (PDF sheets 88).	Selected input *bálluz (pgmc) remains unchanged; The original n-stem is reconstructed with consonant alternation; the North Germanic u-stem split from the accusative plural, not an automatically pan-Germanic u-stem quotation. Selected input *bálluz (pgmc) remains unchanged; Paired with geminated genitive *ballaz; probable derivation from an unattested swell root. Selected input *bálluz (pgmc) remains unchanged; Genitive consonant gemination belongs to the reconstructed paradigm, not the nominative ending. Selected input *bálluz (pgmc) remains unchanged; Split off from the original accusative plural; the explicit NGm. stage must not be promoted to PGmc by comparison with CAPR. Selected input *bálluz (pgmc) remains unchanged; Source for secondary North Germanic u-stem; a different paradigm cell from CAPR *bálluz.
1936	Kroonen2013	evidence_found	kroonen-core-1936-1;kroonen-core-1936-2;kroonen-core-1936-3	OE bannes (ban), morphology and semantic family followed to s.v. *bannan- on printed 52; complete entry and its incidental forms read in docs/references/kroonen_etymological_dictionary_pgmc.pdf (PDF sheets 90). Completed etymon/family-scope reassessment distinguishes exact-cell absence from lexical/root evidence and false homonyms.	Selected input *bánnas (pgmc) remains unchanged; Authored bann- family formation supports the nominal ban comparison despite different part of speech. No *bánnas genitive is assembled or quoted. Selected input *bánnas (pgmc) remains unchanged; Author proposes replacement of the older nasal present by this formation to explain geminate nn; IE precursor, not Germanic nominal inflection. Selected input *bánnas (pgmc) remains unchanged; Conditional alternative supported perhaps by Sanskrit; preserve uncertainty and distinct formation rather than selecting it. Family-scope audit: Bann command/summon family is source-supported; absence of nominal genitive is not negative evidence. Exact ending unquoted.
1937	Kroonen2013	evidence_found	kroonen-core-1937-1	OE beorg (barrow), morphology and semantic family followed to s.v. *berga- on printed 60; complete entry and its incidental forms read in docs/references/kroonen_etymological_dictionary_pgmc.pdf (PDF sheets 98).	Selected input *bérgą (pgmc) remains unchanged; Mountain/barrow etymon, not the castrated-boar homonym under *baruga-; European high/mountain comparisons are supplied.
1938	Kroonen2013	evidence_found	kroonen-core-1938-1;kroonen-core-1938-2	OE bæst (bast), morphology and semantic family followed to s.v. *basta- on printed 55; complete entry and its incidental forms read in docs/references/kroonen_etymological_dictionary_pgmc.pdf (PDF sheets 93).	Selected input *bástą (pgmc) remains unchanged; No further etymology; the Latin fascis comparison is disfavoured, and a lengthened-grade bast formation is separately reconstructed. Selected input *bástą (pgmc) remains unchanged; Accounts for MHG rope and dialectal nut-shell/husk forms; not a quotation of the OE selected cell.
1939	Kroonen2013	evidence_found	kroonen-core-1939-1	OE bæþ (bath), morphology and semantic family followed to s.v. *baba- on printed 55; complete entry and its incidental forms read in docs/references/kroonen_etymological_dictionary_pgmc.pdf (PDF sheets 93).	Selected input *báθą (pgmc) remains unchanged; Zero-grade to-formation to an exclusively Germanic bathing/heating root; the proposed warm-root derivation with irregular r-loss is rejected.
1940	Kroonen2013	evidence_found	kroonen-core-1940-1	OE beard (beard), morphology and semantic family followed to s.v. *barzda- on printed 54; complete entry and its incidental forms read in docs/references/kroonen_etymological_dictionary_pgmc.pdf (PDF sheets 92).	Selected input *bárdaz (pgmc) remains unchanged; The beard sense may develop from prickle/edge; its ablaut slot is judged analogical after the zero grade, supporting possible Germanic borrowing into Balto-Slavic and Latin.
1941	Kroonen2013	evidence_found	kroonen-core-1941-1;kroonen-core-1941-2	OE befer (beaver), morphology and semantic family followed to s.v. *bebura-1 on printed 56-57; complete entry and its incidental forms read in docs/references/kroonen_etymological_dictionary_pgmc.pdf (PDF sheets 94,95). OE befer (beaver), morphology and semantic family followed to s.v. *bebura-1 on printed 57; complete entry and its incidental forms read in docs/references/kroonen_etymological_dictionary_pgmc.pdf (PDF sheets 94,95).	Selected input *bébruz (pgmc) remains unchanged; The author reverses the usual derivation from the brown adjective and reconstructs an older ablauting animal-name paradigm; Baltic u-stems are judged secondary. Selected input *bébruz (pgmc) remains unchanged; Explicit base continuing the proposed nominative with r-vocalization; not a quoted *bébruz.
1942	Kroonen2013	evidence_found	kroonen-core-1942-1;kroonen-core-1942-2;kroonen-core-1942-3	OE bōc (beech), morphology and semantic family followed to s.v. *bōk(j)ō- on printed 71-72; complete entry and its incidental forms read in docs/references/kroonen_etymological_dictionary_pgmc.pdf (PDF sheets 109,110). OE bōc (beech), morphology and semantic family followed to s.v. *bōk(j)ō- on printed 72; complete entry and its incidental forms read in docs/references/kroonen_etymological_dictionary_pgmc.pdf (PDF sheets 109,110).	Selected input *bōkō (pgmc) remains unchanged; Old tree name; rejects interpreting Icelandic beyki or Dutch beuk as inherited u-bearing PGmc forms and rejects a direct Russian elder comparison. Selected input *bōkō (pgmc) remains unchanged; Explicitly described as the form indicated by most Germanic evidence; distinct from the expanded headword. Selected input *bōkō (pgmc) remains unchanged; Interpretation of Icelandic beyki is reported and rejected in favour of an irregular continuation of ON *bæki; not the author's preferred PGmc reconstruction.
1943	Kroonen2013	evidence_found	kroonen-core-1943-1	OE beġinnan (begin), morphology and semantic family followed to s.v. *ginnan- on printed 178; complete entry and its incidental forms read in docs/references/kroonen_etymological_dictionary_pgmc.pdf (PDF sheets 218).	Selected input *bigínnaną (pgmc) remains unchanged; The prefix is not printed as part of the headword; uncertain comparison with Slavic begin/Celtic beginning requires initial g from k in a prefixed form, while an Albanian comparison is also reported.
1944	Kroonen2013	evidence_found	kroonen-core-1944-1;kroonen-core-1944-2;kroonen-core-1944-3;kroonen-core-1944-4;kroonen-core-1944-5	OE ġelīefan (believe), morphology and semantic family followed to s.v. *leuba- on printed 332; complete entry and its incidental forms read in docs/references/kroonen_etymological_dictionary_pgmc.pdf (PDF sheets 372). OE ġelīefan (believe), morphology and semantic family followed to s.v. *luba- on printed 341; complete entry and its incidental forms read in docs/references/kroonen_etymological_dictionary_pgmc.pdf (PDF sheets 381). Completed etymon/family-scope reassessment distinguishes exact-cell absence from lexical/root evidence and false homonyms.	Selected input *galáubijaną (pgmc) remains unchanged; Leubh dear/love/praise/permission/hope family comparison, not a directly quoted belief verb. Kroonen links leuba to luba; selected ga-laub derivation/prefix is not asserted by this entry. Leaf lauba is a different etymological family and is excluded. Selected input *galáubijaną (pgmc) remains unchanged; Source-supported dear/praise family counterpart; nominal and permission senses retained, not labelled unprefixed believe. Selected input *galáubijaną (pgmc) remains unchanged; Author says possibly derived from this lost verb; retain conjectural status. It is not a quoted ga-laub belief stem. Selected input *galáubijaną (pgmc) remains unchanged; Actually printed family derivative with long ō, not expanded into a belief verb or prefix construction. Selected input *galáubijaną (pgmc) remains unchanged; Source says Gothic lubains hope presupposes this stative. Long ē checked in original; belief relationship is a family comparison, not Kroonen's explicit belief etymology. Family-scope audit: Leuba/luba dear-praise-permission-hope family and actual derivatives preserved. Source does not explicitly derive ga-laub belief; this qualified comparison does not use leaf lauba or semantically synonymous trust verbs.
1945	Kroonen2013	evidence_found	kroonen-core-1945-1;kroonen-core-1945-2	OE bielġ (belly), morphology and semantic family followed to s.v. *balgi- on printed 49; complete entry and its incidental forms read in docs/references/kroonen_etymological_dictionary_pgmc.pdf (PDF sheets 87).	Selected input *bálgiz (pgmc) remains unchanged; Related to swell; the dictionary distinguishes the skin-bag i-stem from a Faroese e-bearing u-stem and suggests possible connection to bellow. Selected input *bálgiz (pgmc) remains unchanged; Other root vowel and formation are explicit; this is not an OE whole-word quotation.
1946	Kroonen2013	evidence_found	kroonen-core-1946-1;kroonen-core-1946-2;kroonen-core-1946-3;kroonen-core-1946-4	OE berġes (berry), morphology and semantic family followed to s.v. *basja- on printed 54-55; complete entry and its incidental forms read in docs/references/kroonen_etymological_dictionary_pgmc.pdf (PDF sheets 92,93). OE berġes (berry), morphology and semantic family followed to s.v. *basja- on printed 54; complete entry and its incidental forms read in docs/references/kroonen_etymological_dictionary_pgmc.pdf (PDF sheets 92,93).	Selected input *bázjas (pgmc) remains unchanged; Verner alternation is explained through different singular/plural accentuation; the purple colour adjective is derived from the berry noun, not vice versa. Selected input *bázjas (pgmc) remains unchanged; The voiced variant supports the OE etymon, but the source does not thereby print CAPR's genitive *bázjas. Selected input *bázjas (pgmc) remains unchanged; Explicit singular paired with voiced plural; no genitive is manufactured from this cell. Selected input *bázjas (pgmc) remains unchanged; The proposed plural preserves Verner voicing; not the selected singular genitive.
1947	Kroonen2013	evidence_found	kroonen-core-1947-1	OE - (bid), morphology and semantic family followed to s.v. *beudan- on printed 61; complete entry and its incidental forms read in docs/references/kroonen_etymological_dictionary_pgmc.pdf (PDF sheets 99).	Selected input *béudaną (pgmc) remains unchanged; IE strong verb; the nonrunnable bid row is the offer/command etymon, not the ask/pray verb.
1948	Kroonen2013	evidence_found	kroonen-core-1948-1;kroonen-core-1948-2	OE - (bid), morphology and semantic family followed to s.v. *bedjan- on printed 57; complete entry and its incidental forms read in docs/references/kroonen_etymological_dictionary_pgmc.pdf (PDF sheets 95).	Selected input *bídjaną (pgmc) remains unchanged; The e-bearing stem is defended against deriving it from *bidjan- by analogy because the needed merger happened independently; a desire-root account depends on controversial gwh > b. Selected input *bídjaną (pgmc) remains unchanged; Reported alternative with analogical reshaping to e is explicitly rejected, not normalized into the defended headword.
1949	Kroonen2013	evidence_found	kroonen-core-1949-1	OE bǣr (bier), morphology and semantic family followed to s.v. *bērō- on printed 61; complete entry and its incidental forms read in docs/references/kroonen_etymological_dictionary_pgmc.pdf (PDF sheets 99).	Selected input *bḗrō (pgmc) remains unchanged; Lengthened-grade derivative of the bear/carry verb; preserve long ē and stem citation rather than CAPR stress.
1951	Kroonen2013	evidence_found	kroonen-core-1951-1	OE byrd (birth), morphology and semantic family followed to s.v. *burdi- on printed 84-85; complete entry and its incidental forms read in docs/references/kroonen_etymological_dictionary_pgmc.pdf (PDF sheets 122,123).	Selected input *búrdiz (pgmc) remains unchanged; Old ti-stem to the bear root, with identical Sanskrit/Avestan/Latin formations; the d is part of source notation, not CAPR thorn.
1952	Kroonen2013	evidence_found	kroonen-core-1952-1	OE blōd (blood), morphology and semantic family followed to s.v. *bloda- on printed 70; complete entry and its incidental forms read in docs/references/kroonen_etymological_dictionary_pgmc.pdf (PDF sheets 108).	Selected input *blōdą (pgmc) remains unchanged; Alternative derivation from blow or flower: breath/life/gushing versus blood colour; the entry does not decide the Benennungsmotiv securely.
1953	Kroonen2013	evidence_found	kroonen-core-1953-1;kroonen-alignment-board-secondary-zero	OE bord (board), morphology and semantic family followed to s.v. *burzda- on printed 86; complete entry and its incidental forms read in docs/references/kroonen_etymological_dictionary_pgmc.pdf (PDF sheets 124).	Selected input *búrdą (pgmc) remains unchanged; The z was assimilated after r in Gothic and, after rhotacism, North/West Germanic; a secondary zero grade preserves the otherwise invisible consonant. Alignment supplement (86): secondary zero-grade diagnostic underlying tip/edge reflexes, not selected board citation; retained verification and selected-cell limits.
1954	Kroonen2013	evidence_found	kroonen-core-1954-1;kroonen-alignment-bone-straight	OE bān (bone), morphology and semantic family followed to s.v. *baina- on printed 48; complete entry and its incidental forms read in docs/references/kroonen_etymological_dictionary_pgmc.pdf (PDF sheets 86).	Selected input *báiną (pgmc) remains unchanged; Derived from the straight adjective rather than the Irish hew verb; a shine/beam-root account is possible but no further etymology is secure. Alignment supplement (48): straight adjective antecedent, not another bone noun headword; retained verification and selected-cell limits.
1955	Kroonen2013	evidence_found	kroonen-core-1955-1;kroonen-core-1955-2	OE bōc (book), morphology and semantic family followed to s.v. *bōk-f. on printed 71; complete entry and its incidental forms read in docs/references/kroonen_etymological_dictionary_pgmc.pdf (PDF sheets 109).	Selected input *bōkz (pgmc) remains unchanged; Root-noun book formation is separated from thematic *bōka/ō-; relation to beech is connected with wooden writing tablets, not automatically the same selected morphology. Selected input *bōkz (pgmc) remains unchanged; Accounts for Gothic letter and continental book/script/tablet forms beside the feminine root noun.
1956	Kroonen2013	evidence_found	kroonen-core-1956-1	OE borian (bore), morphology and semantic family followed to s.v. *burojan- on printed 85-86; complete entry and its incidental forms read in docs/references/kroonen_etymological_dictionary_pgmc.pdf (PDF sheets 123,124).	Selected input *búrōjaną (pgmc) remains unchanged; Denominal from a bore noun (*burō- or *bura-); Latin forō is compared. CAPR imperative and 3sg endings are assemblies, not separately quoted source forms.
1957	Kroonen2013	evidence_found	kroonen-core-1957-1	OE bōsm (bosom), morphology and semantic family followed to s.v. *bōsma- on printed 72; complete entry and its incidental forms read in docs/references/kroonen_etymological_dictionary_pgmc.pdf (PDF sheets 110).	Selected input *bōsmaz (pgmc) remains unchanged; Possible collective derived from the shoulder/upper-arm u-stem; uncertainty belongs to the formation analysis.
1958	Kroonen2013	evidence_found	kroonen-core-1958-1;kroonen-core-1958-2;kroonen-core-1958-3;kroonen-core-1958-4;kroonen-core-1958-5;kroonen-core-1958-6;kroonen-core-1958-7	OE bū (both), morphology and semantic family followed to s.v. *ba- on printed 46; complete entry and its incidental forms read in docs/references/kroonen_etymological_dictionary_pgmc.pdf (PDF sheets 84).	Selected input *bō (pgmc) remains unchanged; Author reconstructs original dual endings replaced by pronominal plural endings; OE masculine forms show secondary influence of two. Selected input *bō (pgmc) remains unchanged; Explicit whole neuter cell relevant to OE bū; do not substitute the short-a headword for this long-ō form. Selected input *bō (pgmc) remains unchanged; Explicit masculine cell of the original PGmc paradigm; a different cell from the selected neuter. Selected input *bō (pgmc) remains unchanged; Explicit accusative in the original PGmc paradigm. Selected input *bō (pgmc) remains unchanged; Explicit feminine cell of the original PGmc paradigm. Selected input *bō (pgmc) remains unchanged; Explicit feminine accusative of the original paradigm. Selected input *bō (pgmc) remains unchanged; Created by adding the genitive plural ending to the masculine plural; not the selected neuter.
1959	Kroonen2013	evidence_found	kroonen-core-1959-1;kroonen-core-1959-2;kroonen-core-1959-3;kroonen-core-1959-4;kroonen-core-1959-5;kroonen-core-1959-6;kroonen-core-1959-7	OE botm (bottom), morphology and semantic family followed to s.v. *budman- on printed 82; complete entry and its incidental forms read in docs/references/kroonen_etymological_dictionary_pgmc.pdf (PDF sheets 120).	Selected input *búttmaz (pgmc) remains unchanged; Old hysterokinetic mn-stem, with PIE genitive m-dissimilation and Germanic consonant alternation; multiple daughter stem variants are explicit. Selected input *búttmaz (pgmc) remains unchanged; Geminated variant of the same etymon; not merely a spelling change of the ungeminated stem. Selected input *búttmaz (pgmc) remains unchanged; Paired with the geminated genitive after earlier m-dissimilation. Selected input *búttmaz (pgmc) remains unchanged; Explicit PGm. genitive and paradigm partner; preserve the missing m rather than silently regularize the ending. Selected input *búttmaz (pgmc) remains unchanged; One of several daughter-form stem variants created from the alternating paradigm. Selected input *búttmaz (pgmc) remains unchanged; Explicitly associated with the OE form; CAPR still supplies its own complete nominative ending. Selected input *búttmaz (pgmc) remains unchanged; Other daughter stem variant; do not infer an unattested OE form from it.
1960	Kroonen2013	evidence_found	kroonen-core-1960-1	OE bōg (bough), morphology and semantic family followed to s.v. *bōgu- on printed 71; complete entry and its incidental forms read in docs/references/kroonen_etymological_dictionary_pgmc.pdf (PDF sheets 109).	Selected input *bōguz (pgmc) remains unchanged; Common IE arm/forearm formation; OE develops branch as well as shoulder/arm senses, with bosom and beam/tree related.
1961	Kroonen2013	evidence_found	kroonen-core-1961-1	OE bīeġan (bow), morphology and semantic family followed to s.v. *baugjan- on printed 55; complete entry and its incidental forms read in docs/references/kroonen_etymological_dictionary_pgmc.pdf (PDF sheets 93).	Selected input *báugijaną (pgmc) remains unchanged; Causative to the bend strong verb; the source prints a stem rather than CAPR's full weak infinitive. Individual alignment:1961 is the weak causative; strong infinitive is family evidence.
1962	Kroonen2013	evidence_found	kroonen-core-1962-1;kroonen-core-1962-2	OE bēag (bow), morphology and semantic family followed to s.v. *beugan- on printed 61-62; complete entry and its incidental forms read in docs/references/kroonen_etymological_dictionary_pgmc.pdf (PDF sheets 99,100).	Selected input *báug (pgmc) remains unchanged; Root variant with eu is compared with metathesized Balto-Slavic and Germanic cower formations; the Sanskrit variant remains unexplained. Selected input *báug (pgmc) remains unchanged; Author prints long ū as a distinct headword variant; CAPR selects an a-grade preterite, not this infinitive stem. Individual alignment:1962 is the selected strong singular preterite, not the homophonous ring noun; nominal quotations remain family evidence.
1963	Kroonen2013	evidence_found	kroonen-core-1963-1	OE boga (bow), morphology and semantic family followed to s.v. *bugan- on printed 82; complete entry and its incidental forms read in docs/references/kroonen_etymological_dictionary_pgmc.pdf (PDF sheets 120).	Selected input *búgô (pgmc) remains unchanged; Zero-grade n-stem derivative of the bend verb, not the homographic strong-verb infinitive.
1964	Kroonen2013	evidence_found	kroonen-core-1964-1	OE būr (bower), morphology and semantic family followed to s.v. *būra- on printed 84; complete entry and its incidental forms read in docs/references/kroonen_etymological_dictionary_pgmc.pdf (PDF sheets 122).	Selected input *būrą (pgmc) remains unchanged; Related to live/dwell; the listed OE reflex is masculine although the reconstructed stem is labelled neuter.
1965	Kroonen2013	evidence_found	kroonen-core-1965-1;kroonen-core-1965-2	OE brandes (brand), morphology and semantic family followed to s.v. *brinnan- on printed 77-78; complete entry and its incidental forms read in docs/references/kroonen_etymological_dictionary_pgmc.pdf (PDF sheets 115,116). OE brandes (brand), morphology and semantic family followed to s.v. *brannjan- on printed 74; complete entry and its incidental forms read in docs/references/kroonen_etymological_dictionary_pgmc.pdf (PDF sheets 112). Completed etymon/family-scope reassessment distinguishes exact-cell absence from lexical/root evidence and false homonyms.	Selected input *brándas (pgmc) remains unchanged; Burn family is relevant to the brand noun, independently of whether its nominal genitive is quoted. Author derives this nasal present from boil/brew root; no brandas whole word is assembled. Selected input *brándas (pgmc) remains unchanged; Actually printed a-grade burning-family formation; a weak causative, not a brand noun or its genitive. Family-scope audit: Brinnan/brannjan burn-family formations support brand comparison; source's brew-root etymology and verbal cells retained, without a brand genitive quotation.
1966	Kroonen2013	evidence_found	kroonen-core-1966-1	OE brēad (bread), morphology and semantic family followed to s.v. *brauda- on printed 74; complete entry and its incidental forms read in docs/references/kroonen_etymological_dictionary_pgmc.pdf (PDF sheets 112).	Selected input *bráudą (pgmc) remains unchanged; To-stem derived from brew; no reconstruction of a baking-root ancestry is asserted here.
1967	Kroonen2013	evidence_found	kroonen-core-1967-1	OE brecan (break), morphology and semantic family followed to s.v. *brekan- on printed 75; complete entry and its incidental forms read in docs/references/kroonen_etymological_dictionary_pgmc.pdf (PDF sheets 113).	Selected input *brékaną (pgmc) remains unchanged; Related to the iterative and an o-grade intensive; the latter is proposed as the basis of breeches.
1968	Kroonen2013	evidence_found	kroonen-core-1968-1;alignment-breast-root	OE brēost (breast), morphology and semantic family followed to s.v. *breusta- on printed 76; complete entry and its incidental forms read in docs/references/kroonen_etymological_dictionary_pgmc.pdf (PDF sheets 114).	Selected input *bréustą (pgmc) remains unchanged; Complementary distribution with the root noun suggests a single original paradigm, but the author explicitly cannot reconstruct that paradigm securely. Individually read supplement (76,80): zero-grade root noun breast.
1969	Kroonen2013	evidence_found	kroonen-core-1969-1	OE brēċ (breeches), morphology and semantic family followed to s.v. *brök on printed 78; complete entry and its incidental forms read in docs/references/kroonen_etymological_dictionary_pgmc.pdf (PDF sheets 116).	Selected input *brōkiz (pgmc) remains unchanged; Break-intensive derivation requires original behind meaning; Germanic/Gaulish borrowing direction remains disputed and root-noun inflection could support borrowing.
1970	Kroonen2013	evidence_found	kroonen-core-1970-1	OE brȳd (bride), morphology and semantic family followed to s.v. *brudi- on printed 79; complete entry and its incidental forms read in docs/references/kroonen_etymological_dictionary_pgmc.pdf (PDF sheets 117).	Selected input *brūdiz (pgmc) remains unchanged; No secure etymology; rejects Hirt's spoken-for derivation because its Sanskrit root analysis is wrong and tentatively compares bundle/doll formations.
1971	Kroonen2013	evidence_found	kroonen-core-1971-1;kroonen-core-1971-2	OE bringan (bring), morphology and semantic family followed to s.v. *bringan- on printed 77; complete entry and its incidental forms read in docs/references/kroonen_etymological_dictionary_pgmc.pdf (PDF sheets 115).	Selected input *brínganą (pgmc) remains unchanged; Obscure origin: possible conflation of carry/arrive in a suppletive paradigm or reshaping of a prefixed perfective, with initial b then requiring Verner's law. Selected input *brínganą (pgmc) remains unchanged; Explicit alternative analysis from a prefixed arrive formation; retains the author's absent final stem dash, not an inferred nasal ending.
1972	Kroonen2013	no_form_found		Completed source-specific OE/English index, lexical/cognate aliases (brūcan; brūk-; brūg-; brook; use / enjoy), dehyphenated whole-body contexts and appropriate alphabetic/semantic entries in docs/references/kroonen_etymological_dictionary_pgmc.pdf; printed 75-81,341. No exact-string absence was used as sole basis. Completed etymon/family-scope reassessment distinguishes exact-cell absence from lexical/root evidence and false homonyms.	Full brū-/bru- and semantic/index search finds no use/enjoy family reconstruction. Bruk(k)ōn/brekan break family and lōki brook water are distinct etyma; grade/cell absence alone is not the rationale.
1973	Kroonen2013	evidence_found	kroonen-core-1973-1;kroonen-core-1973-2;kroonen-core-1973-3;kroonen-core-1973-4;alignment-buck-oe;alignment-buck-bucca	OE bucc (buck), morphology and semantic family followed to s.v. *bukka(n). on printed 82; complete entry and its incidental forms read in docs/references/kroonen_etymological_dictionary_pgmc.pdf (PDF sheets 120,121).	Selected input *búkkaz (pgmc) remains unchanged; Thematic reflexes may descend from an original alternating n-stem, with Celtic forms borrowed from Germanic in view of gemination. Selected input *búkkaz (pgmc) remains unchanged; Most evidence points to this thematic form; distinct from the proposed older n-stem nominative. Selected input *búkkaz (pgmc) remains unchanged; Proposed old n-stem nominative paired with geminated genitive. Selected input *búkkaz (pgmc) remains unchanged; Gemination supports old n-stem analysis; not an authored thematic nominative quotation. Individually read supplement (82): OE roebuck citation matching selected buck. Individually read supplement (82): OE billy-goat n-stem comparator, not selected bucc.
1974	Kroonen2013	evidence_found	kroonen-core-1974-1	OE berstan (burst), morphology and semantic family followed to s.v. *brestan- on printed 75-76; complete entry and its incidental forms read in docs/references/kroonen_etymological_dictionary_pgmc.pdf (PDF sheets 113,114).	Selected input *bréstaną (pgmc) remains unchanged; Obscure pre-Germanic root; an Old Irish comparison is tentative and an inchoative/derived u-stem are distinguished.
1975	Kroonen2013	evidence_found	kroonen-core-1975-1;kroonen-core-1975-2;kroonen-core-1975-3;alignment-calf-greek-rejection	OE ċealf (calf), morphology and semantic family followed to s.v. *kalbiz- on printed 278; complete entry and its incidental forms read in docs/references/kroonen_etymological_dictionary_pgmc.pdf (PDF sheets 318).	Selected input *kálbaz (pgmc) remains unchanged; Old s-stem with explicitly different singular/plural vowels; rejects Greek womb comparison on initial labiovelar and root-vowel grounds. Selected input *kálbaz (pgmc) remains unchanged; Singular of the explicitly reconstructed old s-stem paradigm, not a masculine a-stem nominative inferred from CAPR. Selected input *kálbaz (pgmc) remains unchanged; Explicit plural paired with *kalbaz. Individually read supplement (278): two phonological objections to the Greek womb comparison.
1976	Kroonen2013	evidence_found	kroonen-core-1976-1	OE ċēowan (chew), morphology and semantic family followed to s.v. *kewwan- on printed 286-287; complete entry and its incidental forms read in docs/references/kroonen_etymological_dictionary_pgmc.pdf (PDF sheets 326,327).	Selected input *kéwwaną (pgmc) remains unchanged; Nordic initial t is explained as dissimilation against a palatalized labiovelar; Nordic gemination does not require reconstructing added j.
1977	Kroonen2013	evidence_found	kroonen-core-1977-1;kroonen-core-1977-2;kroonen-core-1977-3;kroonen-core-1977-4	OE climban (climb), morphology and semantic family followed to s.v. *klimman- on printed 293; complete entry and its incidental forms read in docs/references/kroonen_etymological_dictionary_pgmc.pdf (PDF sheets 333).	Selected input *klímbaną (pgmc) remains unchanged; Assimilation of mbn to mm; climb meaning developed from clasp/clamp rather than being primitive. Selected input *klímbaną (pgmc) remains unchanged; Kroonen explicitly distinguishes voiced and voiceless stop variants, the latter via Kluge's law; preserve combined headword spelling. Selected input *klímbaną (pgmc) remains unchanged; Explicitly distinguished from nasal-suffixed forms; not the same reconstructed consonant history as *klimman-. Selected input *klímbaną (pgmc) remains unchanged; Nasal-suffixed derivation under Kluge's law; different formation history from *klimban-.
1978	Kroonen2013	evidence_found	kroonen-core-1978-1;alignment-comb-factitive	OE camb (comb), morphology and semantic family followed to s.v. *kamba- on printed 279; complete entry and its incidental forms read in docs/references/kroonen_etymological_dictionary_pgmc.pdf (PDF sheets 319).	Selected input *kámbaz (pgmc) remains unchanged; IE tooth/peg/nail comparison; comb and crest senses are preserved, with separate denominative and iterative references. Individually read supplement (279): factitive comb verb, not selected comb noun.
1979	Kroonen2013	evidence_found	kroonen-core-1979-1	OE corn (corn), morphology and semantic family followed to s.v. *kurna- on printed 312; complete entry and its incidental forms read in docs/references/kroonen_etymological_dictionary_pgmc.pdf (PDF sheets 352).	Selected input *kúrną (pgmc) remains unchanged; Common European kernel formation; diminutive kernel is distinguished and the wheat sense is not made into a separate etymon.
1980	Kroonen2013	evidence_found	kroonen-core-1980-1;kroonen-core-1980-2;kroonen-core-1980-3;alignment-cow-original-formation	OE cȳ (cow), morphology and semantic family followed to s.v. *kō- on printed 299; complete entry and its incidental forms read in docs/references/kroonen_etymological_dictionary_pgmc.pdf (PDF sheets 339).	Selected input *kūi (pgmc) remains unchanged; The root noun continues an originally ablauting IE u-stem; selected OE plural is not a quoted complete dictionary plural. Selected input *kūi (pgmc) remains unchanged; Distinct oblique root quantity retained, not harmonized with the nominative root. Selected input *kūi (pgmc) remains unchanged; Explicit original nominative; the selected mutated plural is still a separate cell. Individually read supplement (299): original ablauting u-stem and graze-root derivation.
1981	Kroonen2013	evidence_found	kroonen-core-1981-1;alignment-craft-demand-stative	OE cræft (craft), morphology and semantic family followed to s.v. *kraftu- on printed 300; complete entry and its incidental forms read in docs/references/kroonen_etymological_dictionary_pgmc.pdf (PDF sheets 340).	Selected input *kráftaz (pgmc) remains unchanged; Tu-stem possibly connected to demand; dictionary u-stem differs from CAPR's selected a-stem. Individually read supplement (300): demand stative verb; connection to craft only possible.
1982	Kroonen2013	evidence_found	kroonen-core-1982-1;alignment-crop-iterative	OE cropp (crop), morphology and semantic family followed to s.v. *kruppa- on printed 307; complete entry and its incidental forms read in docs/references/kroonen_etymological_dictionary_pgmc.pdf (PDF sheets 347).	Selected input *krúppaz (pgmc) remains unchanged; Compact-object a-stem, perhaps related to a clump-like iterative; OE sprout/bunch/rock senses belong to this family, not the craw/throat homonym. Supplement (307): nasal iterative family, tentative connection to crop noun.
1984	Kroonen2013	evidence_found	kroonen-core-1984-1	OE dæl (dale), morphology and semantic family followed to s.v. *dala- on printed 87-88; complete entry and its incidental forms read in docs/references/kroonen_etymological_dictionary_pgmc.pdf (PDF sheets 125,126).	Selected input *dálaz (pgmc) remains unchanged; European valley o-stem; possible Greek den comparison supports a laryngeal root, while lengthened-grade depression is a different formation.
1985	Kroonen2013	evidence_found	kroonen-core-1985-1	OE dæġ (day), morphology and semantic family followed to s.v. *daga- on printed 86-87; complete entry and its incidental forms read in docs/references/kroonen_etymological_dictionary_pgmc.pdf (PDF sheets 124,125).	Selected input *dágaz (pgmc) remains unchanged; Thematic noun related to the heteroclitic full-day formations, not an identical quotation of their stems.
1986	Kroonen2013	evidence_found	kroonen-core-1986-1;alignment-deal-thematic;alignment-deal-divide-verb	OE dǣl (deal), morphology and semantic family followed to s.v. *daila- on printed 87; complete entry and its incidental forms read in docs/references/kroonen_etymological_dictionary_pgmc.pdf (PDF sheets 125).	Selected input *dáiliz (pgmc) remains unchanged; Incidental i-stem explicitly accounts for OE dæl/deal beside thematic share; a put-root derivation is theoretical and lacks direct formation parallels. Supplement (87): neuter thematic portion formation, not quoted i-stem. Supplement (87): weak divide verb, not selected noun.
1987	Kroonen2013	evidence_found	kroonen-core-1987-1	OE dǣd (deed), morphology and semantic family followed to s.v. *delban- on printed 92; complete entry and its incidental forms read in docs/references/kroonen_etymological_dictionary_pgmc.pdf (PDF sheets 132).	Selected input *dḗdiz (pgmc) remains unchanged; Ti-stem to put/do; retains source quantity and citation stem rather than reconstructing a whole nominative ending.
1988	Kroonen2013	evidence_found	kroonen-core-1988-1	OE dēor (deer), morphology and semantic family followed to s.v. *deuza- on printed 94-95; complete entry and its incidental forms read in docs/references/kroonen_etymological_dictionary_pgmc.pdf (PDF sheets 134,135).	Selected input *déuzą (pgmc) remains unchanged; Animal noun interlinked with wild/bold adjective; proposed semantic primitive is lose one's senses.
1989	Kroonen2013	evidence_found	kroonen-core-1989-1	OE dēaw (dew), morphology and semantic family followed to s.v. *dawwa/ō- on printed 91; complete entry and its incidental forms read in docs/references/kroonen_etymological_dictionary_pgmc.pdf (PDF sheets 131).	Selected input *dáwwō (pgmc) remains unchanged; Derived from the smoke/haze root; preserve both thematic and ō-stem headword material.
1991	Kroonen2013	evidence_found	kroonen-core-1991-1	OE dōn (do), morphology and semantic family followed to s.v. *dōma- on printed 98; complete entry and its incidental forms read in docs/references/kroonen_etymological_dictionary_pgmc.pdf (PDF sheets 138).	Selected input *dōną (pgmc) remains unchanged; Pre-Germanic o-grade present contrasts with reduplicated e-grade presents elsewhere; source describes formation without adding CAPR's nasal infinitive ending.
1992	Kroonen2013	evidence_found	kroonen-core-1992-1;alignment-door-kroonen-i-stem;alignment-door-kroonen-o-stem	OE dor (door), morphology and semantic family followed to s.v. *dura- on printed 110; complete entry and its incidental forms read in docs/references/kroonen_etymological_dictionary_pgmc.pdf (PDF sheets 150).	Selected input *dúrą (pgmc) remains unchanged; The single-door neuter may have supplied the basis for the feminine i-stem through a dual double-door formation. Supplement (110): possible feminine i-stem from double-door dual. Supplement (110): author derives OE duru/OF/OHG feminines from ō-stem.
1993	Kroonen2013	evidence_found	kroonen-core-1993-1	OE dāg (dough), morphology and semantic family followed to s.v. *daiga- on printed 87; complete entry and its incidental forms read in docs/references/kroonen_etymological_dictionary_pgmc.pdf (PDF sheets 125).	Selected input *dáigaz (pgmc) remains unchanged; Deverbal formation to knead; related soft/weak adjective is distinguished.
1994	Kroonen2013	evidence_found	kroonen-core-1994-1;alignment-dove-kroonen-iterative;alignment-dove-kroonen-male	OE - (dove), morphology and semantic family followed to s.v. *dubōn-f. on printed 106; complete entry and its incidental forms read in docs/references/kroonen_etymological_dictionary_pgmc.pdf (PDF sheets 146).	Selected input *dūbōn (pgmc) remains unchanged; Probably derived from dive; source does not list an OE reflex, but the same reconstructed dove etymon is present. Supplement (106): iterative dive antecedent; expected PIE deuban contrasts with ū. Supplement (106): male dove formation, not feminine citation.
1995	Kroonen2013	evidence_found	kroonen-core-1995-1;kroonen-core-1995-2;alignment-dream-kroonen-verb	OE drēam (dream), morphology and semantic family followed to s.v. *drauma- on printed 100-101; complete entry and its incidental forms read in docs/references/kroonen_etymological_dictionary_pgmc.pdf (PDF sheets 140,141). OE drēam (dream), morphology and semantic family followed to s.v. *drauma- on printed 101; complete entry and its incidental forms read in docs/references/kroonen_etymological_dictionary_pgmc.pdf (PDF sheets 140,141).	Selected input *dráugmaz (pgmc) remains unchanged; Continues a mo-stem with earlier g; loss is part of the proposed formation history, not silently normalized away. Selected input *dráugmaz (pgmc) remains unchanged; Explicit precursor of *drauma-, derived from the strong verb; the author does not assert a separately dated PGmc endpoint here. Supplement (100-102): strong verb underlying dream mo-formation; homonym1/2 not specified in dream cross-reference.
1996	Kroonen2013	evidence_found	kroonen-core-1996-1;kroonen-core-1996-2;kroonen-core-1997-1	OE drenċ (drench), morphology and semantic family followed to s.v. *drankjan- on printed 100; complete entry and its incidental forms read in docs/references/kroonen_etymological_dictionary_pgmc.pdf (PDF sheets 140). OE drenċ (drench), morphology and semantic family followed to s.v. *drunki- on printed 105; complete entry and its incidental forms read in docs/references/kroonen_etymological_dictionary_pgmc.pdf (PDF sheets 145). Full-entry family-scope reassessment, not exact-cell matching. Completed etymon/family-scope reassessment distinguishes exact-cell absence from lexical/root evidence and false homonyms.	Selected input *dránkiz (pgmc) remains unchanged; The a-grade causative and selected drenc noun belong in the drink/drench family comparison; grammatical mismatch is not absence. No source a-grade nominal whole word is invented. Selected input *dránkiz (pgmc) remains unchanged; Actual u-grade nominal formation competes with the selected a-grade drenc input as drinking-family evidence. Preserve the cited OE drync versus drenc and do not normalize the grade. Drink/drench lexical family: strong present, not the selected a-grade drink noun. Selected corpus input remains unchanged; source parts of speech, quantities and verification retained. Family-scope audit: Drunki drink noun with OE drync and drankjan causative with OE drencan are genuine drink/drench-family evidence alongside drinkan. Their u/a grades and noun/verb cells are not normalized to drenc.
1997	Kroonen2013	evidence_found	kroonen-core-1997-1	OE drincan (drink), morphology and semantic family followed to s.v. *drinkan- on printed 103; complete entry and its incidental forms read in docs/references/kroonen_etymological_dictionary_pgmc.pdf (PDF sheets 143).	Selected input *drínkaną (pgmc) remains unchanged; Nasalized variant of a root shared with Baltic wet/moist formations; lexicalized drunken participle is distinct from the infinitive.
1998	Kroonen2013	evidence_found	kroonen-core-1998-1	OE drīfan (drive), morphology and semantic family followed to s.v. *drīban- on printed 103; complete entry and its incidental forms read in docs/references/kroonen_etymological_dictionary_pgmc.pdf (PDF sheets 143).	Selected input *drḯbaną (pgmc) remains unchanged; Celtic bustle/hurry comparison is preferred over Baltic fall because Baltic i may be a secondary zero grade, although Celtic bh-n > pp remains controversial.
1999	Kroonen2013	evidence_found	kroonen-core-1999-1	OE eorþe (earth), morphology and semantic family followed to s.v. *erpō- on printed 118-119; complete entry and its incidental forms read in docs/references/kroonen_etymological_dictionary_pgmc.pdf (PDF sheets 158,159).	Selected input *érθōn (pgmc) remains unchanged; Earth/soil feminine compared tentatively with Greek earth and probably with the Germanic sand/soil noun; source does not quote CAPR's n-stem.
2000	Kroonen2013	evidence_found	kroonen-core-2000-1	OE etan (eat), morphology and semantic family followed to s.v. *etan- on printed 119; complete entry and its incidental forms read in docs/references/kroonen_etymological_dictionary_pgmc.pdf (PDF sheets 159).	Selected input *étaną (pgmc) remains unchanged; Old IE eat verb; prefixed eat-up formation and derived eating nouns are separated from the simplex.
2001	Kroonen2013	evidence_found	kroonen-core-2001-1;alignment-eel-kroonen-awl-crossreferences	OE ǣl (eel), morphology and semantic family followed to s.v. *ēla- on printed 116; complete entry and its incidental forms read in docs/references/kroonen_etymological_dictionary_pgmc.pdf (PDF sheets 156).	Selected input *ḗlaz (pgmc) remains unchanged; Old fish name with no certain deeper etymology; possible links to the feed/grow and awl formations remain conditional. Supplement (19,116-117): conditional eel/awl lexical connection and problematic short-a/long-ē awl ablaut.
2002	Kroonen2013	evidence_found	kroonen-core-2002-1;alignment-fall-kroonen-nasal-preform;alignment-fall-kroonen-osthoff-output;alignment-fall-kroonen-kluge-output	OE feallan (fall), morphology and semantic family followed to s.v. *fallan- on printed 125-126; complete entry and its incidental forms read in docs/references/kroonen_etymological_dictionary_pgmc.pdf (PDF sheets 165,166).	Selected input *fállaną (pgmc) remains unchanged; Univerbation of off plus fall; gemination requires a nasal suffix and an Osthoff-then-Kluge sequence, not an inherited simple intensive formation. Supplement (125-126): prehistorical nasal formation before Osthoff shortening. Supplement (125-126): prehistorical short-vowel intermediate under Osthoff. Supplement (125-126): intermediate with geminate under subsequent Kluge.
2003	Kroonen2013	evidence_found	kroonen-core-2003-1	OE faran (fare), morphology and semantic family followed to s.v. *faran- on printed 128; complete entry and its incidental forms read in docs/references/kroonen_etymological_dictionary_pgmc.pdf (PDF sheets 168).	Selected input *fáraną (pgmc) remains unchanged; O-grade intensive-iterative; preterite ablaut is secondary on the model of CHC roots, not automatically an inherited PIE e-grade paradigm.
2004	Kroonen2013	evidence_found	kroonen-core-2004-1;kroonen-core-2004-2;kroonen-core-2004-3	OE festan (fast), morphology and semantic family followed to s.v. *fastu- on printed 131; complete entry and its incidental forms read in docs/references/kroonen_etymological_dictionary_pgmc.pdf (PDF sheets 171). Completed etymon/family-scope reassessment distinguishes exact-cell absence from lexical/root evidence and false homonyms.	Selected input *fástijaną (pgmc) remains unchanged; Relevant firm/fixed family evidence for fasten, not an absence merely because the factitive is missing. Author proposes a firm-plus-stand root compound; fasting is a separate derivative/sense, not silently called fastening. Selected input *fástijaną (pgmc) remains unchanged; Actually printed family derivative explicitly meaning abstain/fast. Preserve ēn versus selected fastening factitive and do not substitute its meaning. Selected input *fástijaną (pgmc) remains unchanged; Independently printed family formation; not a fastening verb or solid adjective. Family-scope audit: Fastu firm/fixed supports fastening-family comparison. Actually printed fasting derivatives retain their own meanings; no factitive or ending fabricated.
2005	Kroonen2013	evidence_found	kroonen-core-2005-1	OE fæder (father), morphology and semantic family followed to s.v. *fader- on printed 121; complete entry and its incidental forms read in docs/references/kroonen_etymological_dictionary_pgmc.pdf (PDF sheets 161).	Selected input *fádēr (pgmc) remains unchanged; Old hysterokinetic kinship ter-stem; the source gives the PIE paradigm rather than an independently quoted whole Germanic nominative.
2006	Kroonen2013	evidence_found	kroonen-core-2006-1	OE feoh (fee), morphology and semantic family followed to s.v. *fehun. on printed 134; complete entry and its incidental forms read in docs/references/kroonen_etymological_dictionary_pgmc.pdf (PDF sheets 174).	Selected input *féxu (pgmc) remains unchanged; Ancient neuter u-stem connected to wool-plucking; author interprets this as evidence for sheep preceding cattle in IE husbandry.
2007	Kroonen2013	evidence_found	kroonen-core-2007-1;alignment-fell-kroonen-nasal	OE fell (fell), morphology and semantic family followed to s.v. *fella-n. on printed 135; complete entry and its incidental forms read in docs/references/kroonen_etymological_dictionary_pgmc.pdf (PDF sheets 175).	Selected input *féllą (pgmc) remains unchanged; Nasal-suffixed skin formation; possible origin from a genitive of the membrane mn-stem through m-dissimilation is explicitly not necessary. Supplement (xxxv-xxxvi,135): qualified accent-conditioned nasal assimilation and optional membrane origin.
2008	Kroonen2013	evidence_found	kroonen-core-2008-1	OE fearn (fern), morphology and semantic family followed to s.v. *farna- on printed 129-130; complete entry and its incidental forms read in docs/references/kroonen_etymological_dictionary_pgmc.pdf (PDF sheets 169,170).	Selected input *fárnaz (pgmc) remains unchanged; No-stem to the feather/leaf element; initial pt simplified outside Greek. Possible relation to feather is retained as a proposal.
2009	Kroonen2013	evidence_found	kroonen-core-2009-1;alignment-field-kroonen-preform	OE feld (field), morphology and semantic family followed to s.v. *felpa- on printed 135-136; complete entry and its incidental forms read in docs/references/kroonen_etymological_dictionary_pgmc.pdf (PDF sheets 175,176).	Selected input *félθuz (pgmc) remains unchanged; Derived from the PIE flat root; author reconstructs an a-stem, not CAPR's selected u-stem. Supplement (135): printed IE thematic flat-root precursor; literal digit0 retained.
2010	Kroonen2013	evidence_found	kroonen-core-2010-1	OE feohtan (fight), morphology and semantic family followed to s.v. *fehtan- on printed 134; complete entry and its incidental forms read in docs/references/kroonen_etymological_dictionary_pgmc.pdf (PDF sheets 174).	Selected input *féxtaną (pgmc) remains unchanged; Pluck/card comparison depends on a conjectural pull-hair-to-fight semantic shift; the etymology is not represented as secure.
2012	Kroonen2013	evidence_found	kroonen-core-2012-1;alignment-finger-kroonen-chronology	OE finger (finger), morphology and semantic family followed to s.v. *fingra- on printed 141; complete entry and its incidental forms read in docs/references/kroonen_etymological_dictionary_pgmc.pdf (PDF sheets 181).	Selected input *fíngraz (pgmc) remains unchanged; Ro-stem usually derived from five; labiovelar delabialization is placed before Verner's law. Supplement (xix,141): five-family ro formation, delabialization/Verner order and nasal raising convention.
2013	Kroonen2013	evidence_found	kroonen-core-2013-1;kroonen-core-2013-2;kroonen-core-2013-3;kroonen-core-2013-4;kroonen-core-2013-5;kroonen-core-2013-6;kroonen-core-2013-7;kroonen-core-2013-8;kroonen-core-2013-9;kroonen-core-2013-10;kroonen-core-2013-11;kroonen-core-2013-12;kroonen-core-2013-13	OE fȳre (fire), morphology and semantic family followed to s.v. *för on printed 151; complete entry and its incidental forms read in docs/references/kroonen_etymological_dictionary_pgmc.pdf (PDF sheets 191).	Selected input *fūri (pgmc) remains unchanged; PGmc preserves r/n heteroclisy; West Germanic generalized r, while Gothic moved the word into neuter n-stems. Selected input *fūri (pgmc) remains unchanged; Headword n-variant is not an authored full dative *fūri. Selected input *fūri (pgmc) remains unchanged; Author explicitly gives this genitive instead of older *funaz. Selected input *fūri (pgmc) remains unchanged; Older genitive in the explanation of the heteroclitic paradigm; source discusses Dybo's law and does not assert it is the selected OE dative. Selected input *fūri (pgmc) remains unchanged; Explicit dative of the reconstructed r/n paradigm; preserve parenthesized w and e, not CAPR's selected r/i sequence. Selected input *fūri (pgmc) remains unchanged; Explicit case form underlying ON fýrr, OE fýr, OHG fuir/fiur; endingless or restored OE endings are not directly quoted in this form. Selected input *fūri (pgmc) remains unchanged; Author assigns this to the same case form with metathesis; not an automatic alternative chosen by CAPR. Selected input *fūri (pgmc) remains unchanged; Preferred fire heteroclitic reconstruction; source explicitly contrasts the alternative analysis reported from Simms2009. Selected input *fūri (pgmc) remains unchanged; Rejected alternative reported from Simms2009, because Kroonen says it would give the wrong Germanic nominative; original image shows short u plus long ō, not *ph₂-úr. Selected input *fūri (pgmc) remains unchanged; Expected result of the rejected Simms antecedent; this is a counterfactual outcome, not a positive attestation of the fire paradigm. Selected input *fūri (pgmc) remains unchanged; Source relates older *funaz to this precursor with Dybo shortening; preserve quantity and suffix accent. Selected input *fūri (pgmc) remains unchanged; Explicit n-suffixed heteroclitic genitive precursor, independently of the nominative alternatives. Selected input *fūri (pgmc) remains unchanged; Explicit locative precursor of the forms explaining the daughter dative; no source *fūri citation is invented.
2014	Kroonen2013	evidence_found	kroonen-core-2014-1;alignment-fish-kroonen-cognate-admission	OE fisċ (fish), morphology and semantic family followed to s.v. *fiska- on printed 142-143; complete entry and its incidental forms read in docs/references/kroonen_etymological_dictionary_pgmc.pdf (PDF sheets 182).	Selected input *fískaz (pgmc) remains unchanged; West IE fish word; calf/feather comparisons remain uncertain, while Russian gudgeon is excluded as a derived verbal formation. Supplement (142-143): fish cognate admissibility and exclusions.
2015	Kroonen2013	evidence_found	kroonen-core-2015-1;alignment-fist-kroonen-preform	OE fȳst (fist), morphology and semantic family followed to s.v. *funhsti- on printed 160; complete entry and its incidental forms read in docs/references/kroonen_etymological_dictionary_pgmc.pdf (PDF sheets 200).	Selected input *fúnxstiz (pgmc) remains unchanged; Probably derived from five; identical Slavic fist formation is compared, with no inferred whole nominative ending added. Supplement (160): comparative fist ti preform as printed, not an assembled Germanic nominative.
2016	Kroonen2013	no_form_found		Completed source-specific OE/English index, lexical/cognate aliases (flasce; flask-; flaskōn-; flasche; vessel / bottle), dehyphenated whole-body contexts and appropriate alphabetic/semantic entries in docs/references/kroonen_etymological_dictionary_pgmc.pdf; printed 143-148,309. No exact-string absence was used as sole basis. Completed etymon/family-scope reassessment distinguishes exact-cell absence from lexical/root evidence and false homonyms.	Kulba(n) flask sense belongs to club/round-object family, not flask/flaskōn. No source-supported flaska lexical/root family found through complete vessel, fl- and index searches.
2017	Kroonen2013	evidence_found	kroonen-core-2017-1;alignment-flax-kroonen-beat-family;alignment-flax-kroonen-alternatives	OE fleax (flax), morphology and semantic family followed to s.v. *flahsa- on printed 143; complete entry and its incidental forms read in docs/references/kroonen_etymological_dictionary_pgmc.pdf (PDF sheets 183).	Selected input *fláxsą (pgmc) remains unchanged; Thematicized s-stem: braid derivation and beat/thresh derivation are both entertained without deciding between them. Supplement (144): beat verb in the proposed flax alternative's derivational family, not flax citation. Supplement (143-144,146): braid versus equally attractive beat/thresh derivation.
2018	Kroonen2013	evidence_found	kroonen-core-2018-1;alignment-flea-kroonen-original-form	OE flēah (flea), morphology and semantic family followed to s.v. *flauhō- on printed 145; complete entry and its incidental forms read in docs/references/kroonen_etymological_dictionary_pgmc.pdf (PDF sheets 185).	Selected input *fláuxz (pgmc) remains unchanged; Inherited word whose original form is obscured by tabooistic distortions across IE; the feminine ō-stem differs from CAPR's root-noun citation. Supplement (145): inherited flea identity with comparative original-form uncertainty.
2019	Kroonen2013	evidence_found	kroonen-core-2019-1;alignment-flee-kroonen-fly-citation;alignment-flee-kroonen-fly-expected;alignment-flee-kroonen-flee-preform;alignment-flee-kroonen-flood-counterexample;alignment-flee-kroonen-cluster-and-fly	OE flēon (flee), morphology and semantic family followed to s.v. *pleuhan- on printed 544; complete entry and its incidental forms read in docs/references/kroonen_etymological_dictionary_pgmc.pdf (PDF sheets 584).	Selected input *fléuxaną (pgmc) remains unchanged; Author doubts Gothic þl from fl because other fl clusters survive and probably excludes a connection with fly. Supplement (146): fly verb comparandum; Kroonen probably excludes identity with flee. Supplement (146): expected fly outcome before iterative interference, not adopted flee ancestor. Supplement (544): flee preform with initial t; formula's GM label does not independently date a PIE endpoint. Supplement (544): Gothic flood counterexample to blanket initial-fl change; not flee ancestor. Supplement (146,544): doubtful Gothic initial-cluster law, probable fly nonidentity and iterative account.
2020	Kroonen2013	no_form_found		Completed source-specific OE/English index, lexical/cognate aliases (flǣsċ; flaik-/flaisk-; flesk-; flesh / Fleisch; meat), dehyphenated whole-body contexts and appropriate alphabetic/semantic entries in docs/references/kroonen_etymological_dictionary_pgmc.pdf; printed 144-149,213,253,369. No exact-string absence was used as sole basis. Completed etymon/family-scope reassessment distinguishes exact-cell absence from lexical/root evidence and false homonyms.	Harunda skin and mimza meat provide different reconstructed families; flesh-like glosses do not identify flaisk family. No matching flesh family found in completed fl-/index/body searches.
2021	Kroonen2013	evidence_found	kroonen-core-2021-1;alignment-flood-kroonen-preform;alignment-flood-kroonen-flow-preform;alignment-flood-kroonen-u-formation	OE flōd (flood), morphology and semantic family followed to s.v. *flōdu- on printed 147-148; complete entry and its incidental forms read in docs/references/kroonen_etymological_dictionary_pgmc.pdf (PDF sheets 187,188).	Selected input *flōduz (pgmc) remains unchanged; Tu-stem to flow, with a/i-stem replacement in daughters; Gothic and Nordic compound genitives support the reconstructed u-stem. Supplement (147): flood tu preform as printed; native Cyrillic з retained without restoration. Supplement (147): flow comparative preform, not flood inflection; native quantity typography not restored. Supplement (147-148): flood tu formation, daughter replacements and u-stem genitive evidence.
2022	Kroonen2013	evidence_found	kroonen-core-2022-1;kroonen-core-2022-2;kroonen-core-2022-3;kroonen-core-2022-4;alignment-fly-iterative-and-derivative-premises	OE flēogan (fly), morphology and semantic family followed to s.v. *fleugan- on printed 146; complete entry and its incidental forms read in docs/references/kroonen_etymological_dictionary_pgmc.pdf (PDF sheets 186).	Selected input *fléuganą (pgmc) remains unchanged; Expected h was replaced under iterative interference rather than deliberate disambiguation; Dutch k and ū variants are explicitly discussed as further iterative influence. Supplement (146,149): scoped source argument, not a quoted selected whole word.
2023	Kroonen2013	evidence_found	kroonen-core-2023-1;kroonen-core-2023-2;alignment-foal-kroonen-nom;alignment-foal-kroonen-gen;alignment-foal-kroonen-root;alignment-foal-root-and-reflex-premises	OE fola (foal), morphology and semantic family followed to s.v. *fulan- on printed 158-159; complete entry and its incidental forms read in docs/references/kroonen_etymological_dictionary_pgmc.pdf (PDF sheets 198,199).	Selected input *fúlô (pgmc) remains unchanged; Foal n-stem and Nordic ja-stem are distinct; author rejects root u on Welsh evidence and proposes an old root-noun ancestry connected to give birth. Supplement (158): comparative foal formation/root, not selected Germanic word. Supplement (158): comparative foal formation/root, not selected Germanic word. Supplement (158): comparative foal formation/root, not selected Germanic word. Supplement (158-159): scoped source argument, not a quoted selected whole word.
2024	Kroonen2013	evidence_found	kroonen-core-2024-1;kroonen-core-2024-2;kroonen-core-2024-3;alignment-fodder-kroonen-carry;alignment-fodder-merger-and-dissimilation	OE fōdor (fodder), morphology and semantic family followed to s.v. *födra- on printed 150; complete entry and its incidental forms read in docs/references/kroonen_etymological_dictionary_pgmc.pdf (PDF sheets 190). OE fōdor (fodder), morphology and semantic family followed to s.v. *fōpra- on printed 152; complete entry and its incidental forms read in docs/references/kroonen_etymological_dictionary_pgmc.pdf (PDF sheets 192).	Selected input *fōdrą (pgmc) remains unchanged; Merger of two instrumental nouns: fodder to feed, sheath/casing to protect; identical surface form does not settle etymological identity. Selected input *fōdrą (pgmc) remains unchanged; Load/vessel/fodder entry proposes r-dissimilation from a carrying instrumental and merger with drinking-vessel and fodder nouns; preserve alternative antecedent separately. Supplement (151): carrying/leading causative behind proposed load instrumental, not fodder inflection. Supplement (150-152): scoped source argument, not a quoted selected whole word.
2025	Kroonen2013	evidence_found	kroonen-core-2025-1;alignment-fold-kroonen-preform	OE fealdan (fold), morphology and semantic family followed to s.v. *falban- on printed 126; complete entry and its incidental forms read in docs/references/kroonen_etymological_dictionary_pgmc.pdf (PDF sheets 166).	Selected input *fálθaną (pgmc) remains unchanged; O-grade intensive with suffixal dental; source distinguishes the verb from fold noun and compound -fold adjective. Supplement (126): fold o-grade intensive comparative formation with suffixal dental.
2026	Kroonen2013	no_form_found		Completed source-specific OE/English index, lexical/cognate aliases (folc; fulk-; folk; people / nation), dehyphenated whole-body contexts and appropriate alphabetic/semantic entries in docs/references/kroonen_etymological_dictionary_pgmc.pdf; printed 148-160,195,332. No exact-string absence was used as sole basis. Completed etymon/family-scope reassessment distinguishes exact-cell absence from lexical/root evidence and false homonyms.	People/nation synonyms leudi and þeudō are not folk/fulk family. Fulla fill/full and felu much do not establish a fulk genealogy in the held source; consonantal resemblance or semantic crowd inference alone is insufficient.
2027	Kroonen2013	evidence_found	kroonen-core-2027-1;kroonen-core-2027-2;alignment-follow-kroonen-go;alignment-follow-kroonen-base;alignment-follow-cognate-admissibility	OE fylġan (follow), morphology and semantic family followed to s.v. *fulgen- on printed 159; complete entry and its incidental forms read in docs/references/kroonen_etymological_dictionary_pgmc.pdf (PDF sheets 199).	Selected input *fúlgijaną (pgmc) remains unchanged; J-formation specifically accounts for ON and OE; proposed Breton and Slavic comparisons are rejected, while Germanic proceed/go is reconciled with the follow stem. Supplement (159): proceed/go formation reconciled with follow, not selected whole follow word. Supplement (159): proceed/go formation reconciled with follow, not selected whole follow word. Supplement (159): scoped source argument, not a quoted selected whole word.
2028	Kroonen2013	evidence_found	kroonen-core-2028-1	OE lēosan (forlorn), morphology and semantic family followed to s.v. *leusan- on printed 334; complete entry and its incidental forms read in docs/references/kroonen_etymological_dictionary_pgmc.pdf (PDF sheets 374).	Selected input *léusaną (pgmc) remains unchanged; Strong lose verb based on an extension of loosen; prefixed reflexes do not authorize quoting CAPR's whole simplex infinitive.
2029	Kroonen2013	evidence_found	kroonen-core-2029-1;kroonen-core-2029-2;kroonen-core-2029-3;kroonen-core-2029-4;kroonen-core-2029-5;kroonen-core-2029-6	OE fēower (four), morphology and semantic family followed to s.v. *fedwar- on printed 133; complete entry and its incidental forms read in docs/references/kroonen_etymological_dictionary_pgmc.pdf (PDF sheets 173).	Selected input *fédwōr (pgmc) remains unchanged; Actually quoted paradigm ancestor; the lost dental and contracted Nordic reflexes are not normalized to West Germanic *fewar-. Selected input *fédwōr (pgmc) remains unchanged; Author abbreviates the shared stem; diplomatic shorthand retained instead of inventing a fully spelled whole word. Selected input *fédwōr (pgmc) remains unchanged; Author abbreviates the shared stem; this is not a quoted full nominative. Selected input *fédwōr (pgmc) remains unchanged; Four has a difficult paradigm: Gothic collective long-ō form and West Germanic dental-less form are distinguished, with ordinal dissimilation only a possible account.
2030	Kroonen2013	evidence_found	kroonen-core-2030-1;kroonen-core-2030-2;alignment-fowl-kroonen-preform;alignment-fowl-kroonen-fly-base	OE fugol (fowl), morphology and semantic family followed to s.v. *fugla-m. on printed 157; complete entry and its incidental forms read in docs/references/kroonen_etymological_dictionary_pgmc.pdf (PDF sheets 197).	Selected input *fúglaz (pgmc) remains unchanged; Bird is probably a dissimilated fly derivative rather than the Lithuanian comparison; the explicit earlier formation preserves its extra l. Supplement (157): comparative bird formation or fly base, not selected whole noun. Supplement (157): comparative bird formation or fly base, not selected whole noun.
2031	Kroonen2013	evidence_found	kroonen-core-2031-1;alignment-fox-kroonen-fox-preform;alignment-fox-kroonen-tail-preform;alignment-fox-tail-and-loan-identity	OE fox (fox), morphology and semantic family followed to s.v. *fuhsa- on printed 157-158; complete entry and its incidental forms read in docs/references/kroonen_etymological_dictionary_pgmc.pdf (PDF sheets 197,198).	Selected input *fúxsaz (pgmc) remains unchanged; Tail-to-fox comparison supplies an IE background; the Nordic ref- word is separately analysed as an Iranian loan. Supplement (158): comparative fox s formation. Supplement (158): Sanskrit tail precursor, not fox inflection. Supplement (157-158): scoped comparative/formation argument, not a quoted selected whole word.
2032	Kroonen2013	evidence_found	kroonen-core-2032-1;kroonen-core-2032-2;alignment-freeze-frost-kroonen-to;alignment-freeze-verner-and-to-formation	OE frēosan (freeze), morphology and semantic family followed to s.v. *freusan- on printed 154-155; complete entry and its incidental forms read in docs/references/kroonen_etymological_dictionary_pgmc.pdf (PDF sheets 194,195).	Selected input *fréusaną (pgmc) remains unchanged; Verner alternation in infinitive and participle is retained in some daughters and resolved in others; original to-participle survives as frost. Supplement (155): original to participial formation preserved as frost; not later ana participle. Supplement (154-155): scoped comparative/formation argument, not a quoted selected whole word.
2033	Kroonen2013	evidence_found	kroonen-core-2033-1;alignment-friend-kroonen-love	OE frēond (friend), morphology and semantic family followed to s.v. *fri(j)ōnd- on printed 155-156; complete entry and its incidental forms read in docs/references/kroonen_etymological_dictionary_pgmc.pdf (PDF sheets 195,196).	Selected input *fríjōndz (pgmc) remains unchanged; Lexicalized participle of love; parenthesized j belongs to the printed citation, not an optional executable rule. Supplement (155): love verb stem underlying lexicalized participle, not selected friend noun.
2034	Kroonen2013	evidence_found	kroonen-core-2034-1;alignment-fright-kroonen-adjective;alignment-fright-kroonen-verb;alignment-fright-separate-noun-adjective-and-verbs	OE fyrhte (fright), morphology and semantic family followed to s.v. *furhtō- on printed 161; complete entry and its incidental forms read in docs/references/kroonen_etymological_dictionary_pgmc.pdf (PDF sheets 201).	Selected input *fúrxtīnaz (pgmc) remains unchanged; Fright noun's ō-stem is a differently formed author etymon, not a quotation of the selected īn-stem genitive *fúrhtīnaz behind fyrhte. Supplement (161): fearful adjective behind fright family. Supplement (161): fear/frighten verb uniting denominative and factitive formations. Supplement (161): scoped comparative/formation argument, not a quoted selected whole word.
2035	Kroonen2013	evidence_found	kroonen-core-2035-1;alignment-freeze-frost-kroonen-to	OE forst (frost), morphology and semantic family followed to s.v. *frusta- on printed 157; complete entry and its incidental forms read in docs/references/kroonen_etymological_dictionary_pgmc.pdf (PDF sheets 197).	Selected input *frústą (pgmc) remains unchanged; To-formation derived from freeze; dictionary nominative stem morphology is kept separate from CAPR's neuter whole-word assembly. Supplement (155): original to participial formation preserved as frost; not later ana participle.
2036	Kroonen2013	evidence_found	kroonen-core-2036-1;kroonen-core-2036-2;kroonen-core-2036-3;kroonen-core-2036-4;alignment-furrow-kroonen-nom;alignment-furrow-kroonen-gen;alignment-furrow-kroonen-dat;alignment-furrow-kroonen-oe-dative	OE furh (furrow), morphology and semantic family followed to s.v. *furh-f. on printed 160; complete entry and its incidental forms read in docs/references/kroonen_etymological_dictionary_pgmc.pdf (PDF sheets 200).	Selected input *fúrx (pgmc) remains unchanged; Author explicitly labels this OFri.; do not relabel it PGmc or replace the old root-noun paradigm. Selected input *fúrx (pgmc) remains unchanged; Archaic root noun with explicitly quoted nominative and dative; Frisian g points to Verner alternation consistent with an ablauting older paradigm. Supplement (160): comparative furrow root-noun nominative. Supplement (160): comparative furrow root-noun genitive. Supplement (160): comparative furrow root-noun dative. Supplement (160): OE furrow dative beside nominative furh.
2037	Kroonen2013	evidence_found	kroonen-core-2037-1;kroonen-core-2037-2;alignment-gall-color-and-latin-initial	OE ġealla (gall), morphology and semantic family followed to s.v. *galla/ōn- on printed 165; complete entry and its incidental forms read in docs/references/kroonen_etymological_dictionary_pgmc.pdf (PDF sheets 205).	Selected input *gállô (pgmc) remains unchanged; N-stem usually linked with yellow but root influence rather than derivation is possible; Latin initial consonant makes its membership problematic. Supplement (165): scoped comparative/formation argument, not a quoted selected whole word.
2038	Kroonen2013	evidence_found	kroonen-core-2038-1;kroonen-core-2038-2;kroonen-core-2038-3;kroonen-core-2038-4;kroonen-core-2038-5;kroonen-core-2038-6;kroonen-core-2038-7;kroonen-core-2038-8;kroonen-core-2038-9;kroonen-core-2038-10	OE gang (gang), morphology and semantic family followed to s.v. *gangan- on printed 166-167; complete entry and its incidental forms read in docs/references/kroonen_etymological_dictionary_pgmc.pdf (PDF sheets 206,207). OE gang (gang), morphology and semantic family followed to s.v. *gangan- on printed 167; complete entry and its incidental forms read in docs/references/kroonen_etymological_dictionary_pgmc.pdf (PDF sheets 206,207). OE gang (gang), morphology and semantic family followed to s.v. *gangi- on printed 167; complete entry and its incidental forms read in docs/references/kroonen_etymological_dictionary_pgmc.pdf (PDF sheets 207). OE gang (gang), morphology and semantic family followed to s.v. *ganhti- on printed 167; complete entry and its incidental forms read in docs/references/kroonen_etymological_dictionary_pgmc.pdf (PDF sheets 207). Completed etymon/family-scope reassessment distinguishes exact-cell absence from lexical/root evidence and false homonyms.	Selected input *gángaz (pgmc) remains unchanged; Source-supported going family supports the gang noun comparison without quoting a nominal ending. Full-grade and zero-grade variants, suppletion and preterite formation remain distinct. Selected input *gángaz (pgmc) remains unchanged; Author prefers zero grade as a vestige of the original paradigm, while acknowledging internal Frisian-vowel explanation; not a quoted gang noun. Selected input *gángaz (pgmc) remains unchanged; Actually printed suppletive go-family formation, not a regular gangan preterite or a nominal gang stem. Selected input *gángaz (pgmc) remains unchanged; Author prints this morphological formation explicitly; no additional ending is assembled. Selected input *gángaz (pgmc) remains unchanged; Actual separately printed preterite, not inferred from the infinitive or gang noun. Selected input *gángaz (pgmc) remains unchanged; Actually printed plural counterpart with its own morphological cell. Selected input *gángaz (pgmc) remains unchanged; Author explicitly derives this from the go verb; preserve adjective, not invent nominal gangaz. Selected input *gángaz (pgmc) remains unchanged; Separately authored nominal formation of the going family; different suffix and sense from gang noun, but genuine family evidence. Selected input *gángaz (pgmc) remains unchanged; Actually printed derived formation with maintained nasal; not the selected gang noun citation. Selected input *gángaz (pgmc) remains unchanged; Source says MHG giht may continue this e-grade nominal formation. Preserve conditionality and grade as an independent alternative. Family-scope audit: Going verbs, graded/suppletive preterites, passable adjective and doorway/progress ti-stems preserve actual family evidence. No gangaz nominal ending manufactured.
2039	Kroonen2013	evidence_found	kroonen-core-2039-1;alignment-ghost-kroonen-to-preform;alignment-ghost-kroonen-do-preform;alignment-ghost-kroonen-oe-denominative;alignment-ghost-formation-and-membership	OE gāst (ghost), morphology and semantic family followed to s.v. *gaista- on printed 163; complete entry and its incidental forms read in docs/references/kroonen_etymological_dictionary_pgmc.pdf (PDF sheets 203).	Selected input *gáistaz (pgmc) remains unchanged; To-suffix terrify derivation is less probable than substantivizing a terrible adjective because the OE verb is clearly denominative. Supplement (163): possible verb-derived ghost to formation. Supplement (163): preferred terrible-adjective base for ghost. Supplement (163): OE denominal terrify verb used in derivational argument. Supplement (163): scoped argument, not a reconstructed complete selected word.
2040	Kroonen2013	evidence_found	kroonen-core-2040-1;kroonen-core-2040-2;kroonen-core-2041-1	OE ġift (gift), morphology and semantic family followed to s.v. *gebō- on printed 173; complete entry and its incidental forms read in docs/references/kroonen_etymological_dictionary_pgmc.pdf (PDF sheets 213). OE ġift (gift), morphology and semantic family followed to s.v. *gēbōn- on printed 173; complete entry and its incidental forms read in docs/references/kroonen_etymological_dictionary_pgmc.pdf (PDF sheets 213). Full-entry family-scope reassessment, not exact-cell matching. Completed etymon/family-scope reassessment distinguishes exact-cell absence from lexical/root evidence and false homonyms.	Selected input *gíftiz (pgmc) remains unchanged; Actual competing gift-family nominal formation, not an exact ġift i-stem citation. Grade, suffix and daughter citation remain distinct. Selected input *gíftiz (pgmc) remains unchanged; Independently printed lengthened-grade gift-family noun; neither normalized to selected i-stem nor expanded to a whole word. Give verb is directly identified as source of the author's gift formations; nominal i-stem mismatch is not family absence. Selected corpus input remains unchanged; source parts of speech, quantities and verification retained. Family-scope audit: Gebō and gēbōn gift/giving are direct alternative gift-family formations alongside geban, not absence because selected ġift is an i-stem.
2041	Kroonen2013	evidence_found	kroonen-core-2041-1;kroonen-core-2041-2;alignment-give-irish-admission-and-prefixed-report	OE ġiefan (give), morphology and semantic family followed to s.v. *geban- on printed 172-173; complete entry and its incidental forms read in docs/references/kroonen_etymological_dictionary_pgmc.pdf (PDF sheets 212,213).	Selected input *gébaną (pgmc) remains unchanged; Traditional Irish comparison fails formally and Baltic comparison has semantic problems; Kortlandt's prefixed seize reconstruction is reported as an alternative. Supplement (172-173): scoped argument, not a reconstructed complete selected word.
2042	Kroonen2013	evidence_found	kroonen-core-2042-1;alignment-god-kroonen-revere-preform;alignment-god-qualified-origins	OE god (god), morphology and semantic family followed to s.v. *guda- on printed 193-194; complete entry and its incidental forms read in docs/references/kroonen_etymological_dictionary_pgmc.pdf (PDF sheets 233,234).	Selected input *gúdą (pgmc) remains unchanged; No accepted etymology; priest/libation comparison is semantically remote and burial-mound link unconvincing, with Slavic revere offered as perhaps preferable. Supplement (194): tentatively preferred Pre-Germanic revere-based god precursor. Supplement (193-194): scoped argument, not a reconstructed complete selected word.
2043	Kroonen2013	evidence_found	kroonen-core-2043-1;kroonen-core-2043-2;alignment-gold-plural-objection	OE gold (gold), morphology and semantic family followed to s.v. *gulpa- on printed 194-195; complete entry and its incidental forms read in docs/references/kroonen_etymological_dictionary_pgmc.pdf (PDF sheets 234,235).	Selected input *gúlθą (pgmc) remains unchanged; Yellow-root to-stem with Verner variants, but normal singular/plural accent explanation is improbable because gold lacked a plural. Supplement (194): scoped argument, not a reconstructed complete selected word.
2044	Kroonen2013	evidence_found	kroonen-core-2044-1;alignment-goose-kroonen-genitive;alignment-goose-root-grade-and-later-length	OE gōs (goose), morphology and semantic family followed to s.v. *gans-f. on printed 168; complete entry and its incidental forms read in docs/references/kroonen_etymological_dictionary_pgmc.pdf (PDF sheets 208).	Selected input *gánsz (pgmc) remains unchanged; Short Sanskrit vowel supports an en-root rather than a long-vowel reconstruction; zero-grade genitive is used for derivative and Slavic consonant developments. Supplement (169): possible original goose genitive in gander root-grade explanation. Supplement (168-169): scoped argument, not a reconstructed complete selected word.
2045	Kroonen2013	evidence_found	kroonen-core-2045-1;alignment-grass-kroonen-counterfactual;alignment-grass-kroonen-grow-base;alignment-grass-secondary-s-and-metathesis	OE græs (grass), morphology and semantic family followed to s.v. *grasa- on printed 187; complete entry and its incidental forms read in docs/references/kroonen_etymological_dictionary_pgmc.pdf (PDF sheets 227).	Selected input *grásą (pgmc) remains unchanged; Secondary s-stem to grow; direct descent from a zero-grade grass root would give a different Germanic vowel. Supplement (187): expected outcome conditional on rejected direct zero-grade derivation, not accepted grass lemma. Supplement (187): grow derivational base, not grass inflection. Supplement (187): scoped argument, not a reconstructed complete selected word.
2046	Kroonen2013	evidence_found	kroonen-core-2046-1;alignment-grave-kroonen-o-iterative;alignment-grave-kroonen-zero-iterative;alignment-grave-kroonen-a-noun;alignment-grave-kroonen-o-noun;alignment-grave-kroonen-long-noun;alignment-grave-verb-noun-and-devour	OE grafan (grave), morphology and semantic family followed to s.v. *graban- on printed 185-186; complete entry and its incidental forms read in docs/references/kroonen_etymological_dictionary_pgmc.pdf (PDF sheets 225,226).	Selected input *grábaną (pgmc) remains unchanged; Hittite devour belongs instead to another iterative family; this dig verb has its own iteratives and ablauting grave nouns. Supplement (186): dig-family iterative or grave noun, not selected grafan infinitive. Supplement (186): dig-family iterative or grave noun, not selected grafan infinitive. Supplement (186): dig-family iterative or grave noun, not selected grafan infinitive. Supplement (186): dig-family iterative or grave noun, not selected grafan infinitive. Supplement (186): dig-family iterative or grave noun, not selected grafan infinitive. Supplement (169-170,185-187): scoped argument, not a complete selected-word quotation.
2047	Kroonen2013	evidence_found	kroonen-core-2047-1;alignment-gripe-kroonen-iterative;alignment-gripe-kroonen-iterative-3sg;alignment-gripe-kroonen-iterative-3pl;alignment-gripe-iterative-backformation	OE grīpan (gripe), morphology and semantic family followed to s.v. *gripan- on printed 190-191; complete entry and its incidental forms read in docs/references/kroonen_etymological_dictionary_pgmc.pdf (PDF sheets 230,231).	Selected input *grḯpaną (pgmc) remains unchanged; Likely back-formation to an iterative because p must come from earlier gemination; source distinguishes grasp noun, handful and vulture. Supplement (190): iterative proposed as basis of strong grasp verb. Supplement (191): iterative third singular, not strong infinitive. Supplement (191): iterative third plural; native pi retained. Supplement (186,190-191): scoped argument, not a complete selected-word quotation.
2048	Kroonen2013	evidence_found	kroonen-core-2048-1;kroonen-core-2048-2;kroonen-core-2048-3;alignment-ground-kroonen-cimbrian;alignment-ground-kroonen-nominative;alignment-ground-kroonen-genitive;alignment-ground-nasal-paradigm	OE grund (ground), morphology and semantic family followed to s.v. *grumbu-~*grundu- on printed 192; complete entry and its incidental forms read in docs/references/kroonen_etymological_dictionary_pgmc.pdf (PDF sheets 232).	Selected input *grúnduz (pgmc) remains unchanged; Cimbrian form supports original m and epenthetic f, contrasting with traditional n-root reconstruction; Sanskrit building comparison is uncertain. Supplement (192): Cimbrian reflex invoked against usual n-root tu reconstruction. Supplement (xxxii): proposed original ground nominative after Germanic shifts. Supplement (xxxii): proposed original ground genitive, basis of WGmc citation. Supplement (xxxi-xxxii,192,321,426): scoped argument, not a complete selected-word quotation.
2049	Kroonen2013	evidence_found	kroonen-core-2049-1	OE ġiest (guest), morphology and semantic family followed to s.v. *gasti- on printed 170; complete entry and its incidental forms read in docs/references/kroonen_etymological_dictionary_pgmc.pdf (PDF sheets 210).	Selected input *gástiz (pgmc) remains unchanged; West IE guest/associate opposition may explain parallel i-suffixes; Nordic stay-night verb may be e-grade or a forth-formation.
2050	Kroonen2013	evidence_found	kroonen-core-2050-1;alignment-hail-kroonen-hoarfrost;alignment-hail-qualified-cold-and-torment	OE hæġl (hail), morphology and semantic family followed to s.v. *hagla- on printed 199; complete entry and its incidental forms read in docs/references/kroonen_etymological_dictionary_pgmc.pdf (PDF sheets 239).	Selected input *xáglą (pgmc) remains unchanged; Hoarfrost reduplication comparison competes with torment derivation suggested by Faroese pain sense; Greek gravel comparison is rejected. Supplement (226): hoarfrost reduplication comparator, not hail citation. Supplement (199,226): scoped argument, not a complete selected-word quotation.
2051	Kroonen2013	evidence_found	kroonen-core-2051-1;kroonen-core-2051-2;alignment-hair-kroonen-lengthened;alignment-hair-independent-length-origins	OE hǣr (hair), morphology and semantic family followed to s.v. *hēra- on printed 220; complete entry and its incidental forms read in docs/references/kroonen_etymological_dictionary_pgmc.pdf (PDF sheets 260,261).	Selected input *xḗrą (pgmc) remains unchanged; Pre-rhotic z-loss with compensatory lengthening (Gąsiorowski2012) competes with inherited lengthened grade; author does not choose by CAPR vowel identity. Supplement (220): possible lengthened-grade hair precursor, not endorsed exclusive origin. Supplement (220,225): scoped argument, not a complete selected-word quotation.
2052	Kroonen2013	evidence_found	kroonen-core-2052-1;kroonen-core-2052-2	OE heall (hall), morphology and semantic family followed to s.v. *helan- on printed 218; complete entry and its incidental forms read in docs/references/kroonen_etymological_dictionary_pgmc.pdf (PDF sheets 258). OE heall (hall), morphology and semantic family followed to s.v. *helma- on printed 219; complete entry and its incidental forms read in docs/references/kroonen_etymological_dictionary_pgmc.pdf (PDF sheets 259). Completed etymon/family-scope reassessment distinguishes exact-cell absence from lexical/root evidence and false homonyms.	Selected input *xállō (pgmc) remains unchanged; Author supplies kel-cover family evidence, relevant to the hall/covered-building comparison, not a hallō noun quotation. Specific derivation of hall is a comparison here, not attributed to this entry as an explicit claim. Selected input *xállō (pgmc) remains unchanged; Source's cover-root formation is a different noun; no hallō or whole hall cell is inferred from it. Saliz hall is a different root and not the basis of this family comparison. Family-scope audit: Helan cover and helma cover-root noun support a qualified hall/covered-building family comparison. Author does not explicitly reconstruct hallō here; saliz hall is a different root, not a homonym-based substitution.
2053	Kroonen2013	evidence_found	kroonen-core-2053-1;alignment-hammer-kroonen-preform;alignment-hammer-metathesis-and-selected-genitive	OE hameres (hammer), morphology and semantic family followed to s.v. *hamara- on printed 206-207; complete entry and its incidental forms read in docs/references/kroonen_etymological_dictionary_pgmc.pdf (PDF sheets 246,247).	Selected input *xámaras (pgmc) remains unchanged; Related to anvil/heavenly vault; metathesis is proposed to explain problematic a-vocalism. Selected genitive remains CAPR assembly. Supplement (206): hammer metathesized preform, not selected genitive. Supplement (206-207,220): scoped argument, not a complete selected-word quotation.
2054	Kroonen2013	evidence_found	kroonen-core-2054-1;alignment-hand-derivation-boundary	OE hand (hand), morphology and semantic family followed to s.v. *handu-f. on printed 207-208; complete entry and its incidental forms read in docs/references/kroonen_etymological_dictionary_pgmc.pdf (PDF sheets 247,248).	Selected input *xánduz (pgmc) remains unchanged; U-stem derived from reach-for; Finnish hand comparison is rejected and wise/able adjectives are only secondarily associated. Supplement (207-208,227): scoped argument, not an assembled selected word.
2055	Kroonen2013	evidence_found	kroonen-core-2054-1	Completed source-specific OE/English index, lexical/cognate aliases (handlian; handlōjan-; handle verb; hand family), dehyphenated whole-body contexts and appropriate alphabetic/semantic entries in docs/references/kroonen_etymological_dictionary_pgmc.pdf; printed 207-208,352. No exact-string absence was used as sole basis. Full-entry family-scope reassessment, not exact-cell matching. Completed etymon/family-scope reassessment distinguishes exact-cell absence from lexical/root evidence and false homonyms.	Hand noun is genuine family/base evidence for handle; no handlōjan stem or weak-verb ending is assembled. Selected corpus input remains unchanged; source parts of speech, quantities and verification retained. Family-scope audit: Handu hand is positive family/base evidence for handle. No handling suffix or selected weak verb quoted.
2056	Kroonen2013	evidence_found	kroonen-core-2056-1	OE hearm (harm), morphology and semantic family followed to s.v. *harma- on printed 212; complete entry and its incidental forms read in docs/references/kroonen_etymological_dictionary_pgmc.pdf (PDF sheets 252).	Selected input *xármaz (pgmc) remains unchanged; Mo-stem to the shame-related root; nominal sorrow and adjective sad are distinguished without quoting a CAPR nominative ending.
2057	Kroonen2013	evidence_found	kroonen-core-2057-1;alignment-harvest-nordic-reflex	OE hierfest (harvest), morphology and semantic family followed to s.v. *harbista- on printed 210-211; complete entry and its incidental forms read in docs/references/kroonen_etymological_dictionary_pgmc.pdf (PDF sheets 250,251).	Selected input *xárbistuz (pgmc) remains unchanged; Derived from pluck; Nordic shape is a distortion after syncope. Author's a-stem is not CAPR's u-stem quotation. Supplement (210-211): scoped argument, not an assembled selected word.
2058	Kroonen2013	evidence_found	kroonen-core-2058-1	OE hæfeþ (have), morphology and semantic family followed to s.v. *haben- on printed 197; complete entry and its incidental forms read in docs/references/kroonen_etymological_dictionary_pgmc.pdf (PDF sheets 237).	Selected input *xábēθi (pgmc) remains unchanged; Stative to the European seize/take root; selected 3sg hæfeþ is not independently reconstructed here.
2059	Kroonen2013	evidence_found	kroonen-core-2059-1;kroonen-core-2059-2;kroonen-core-2059-3;kroonen-core-2059-4;alignment-haw-conditional-genitive	OE haga (haw), morphology and semantic family followed to s.v. *haga(n)- on printed 198-199; complete entry and its incidental forms read in docs/references/kroonen_etymological_dictionary_pgmc.pdf (PDF sheets 238,239).	Selected input *xágô (pgmc) remains unchanged; Enclosure originally made from shrubs/briars; proposed n-stem nominative/genitive alternation explains the geminated hatch/fence root, while thematic fencing is separately printed. Supplement (198-199): scoped argument, not an assembled selected word.
2060	Kroonen2013	evidence_found	kroonen-core-2060-1;alignment-hawk-kroonen-comparative;alignment-hawk-cognate-and-loan-warrant	OE hafoc (hawk), morphology and semantic family followed to s.v. *habuka- on printed 197-198; complete entry and its incidental forms read in docs/references/kroonen_etymological_dictionary_pgmc.pdf (PDF sheets 237,238).	Selected input *xábukaz (pgmc) remains unchanged; Irregular European correspondences suggest a Wanderwort, but the commonly dated falconry transmission is too late; source retains this chronological difficulty. Supplement (197): non-IE comparative hawk preform; not a PGmc full cell. Supplement (197-198): scoped argument, not an assembled selected word.
2061	Kroonen2013	evidence_found	kroonen-core-2061-1	OE hīeġ (hay), morphology and semantic family followed to s.v. *hauja- on printed 215; complete entry and its incidental forms read in docs/references/kroonen_etymological_dictionary_pgmc.pdf (PDF sheets 255).	Selected input *xáwją (pgmc) remains unchanged; Ja-collective to hew/cut-off; not an inferred whole neuter word with a quoted CAPR stress.
2062	Kroonen2013	evidence_found	kroonen-core-2062-1;alignment-hazel-germanic-preform;alignment-hazel-celtic-preform;alignment-hazel-latin-e-suffix;alignment-hazel-latin-o-suffix;alignment-hazel-suffix-warrant	OE hæsl (hazel), morphology and semantic family followed to s.v. *hasla- on printed 213; complete entry and its incidental forms read in docs/references/kroonen_etymological_dictionary_pgmc.pdf (PDF sheets 253).	Selected input *xáslaz (pgmc) remains unchanged; European hazel word; Germanic reduced suffix contrasts with Latin full-grade suffix, whose cluster outcome precludes direct identical suffixation. Supplement (213): Germanic hazel reduced-suffix precursor. Supplement (213): Celtic hazel full-suffix precursor. Supplement (213): Latin hazel full-grade suffix alternative. Supplement (213): Latin hazel full-grade suffix alternative. Supplement (213): scoped source argument; not a manufactured selected word.
2063	Kroonen2013	evidence_found	kroonen-core-2063-1;kroonen-core-2063-2;kroonen-core-2063-3;kroonen-core-2063-4;alignment-head-root-paradigm	OE hēafod (head), morphology and semantic family followed to s.v. *ha(u)beda- on printed 215; complete entry and its incidental forms read in docs/references/kroonen_etymological_dictionary_pgmc.pdf (PDF sheets 255).	Selected input *xáubudą (pgmc) remains unchanged; Root hab/haub and suffix ed/ud variation is explained from a possible proterodynamic paradigm with oblique metathesis; author doubts non-IE borrowing. Supplement (215): scoped source argument; not a manufactured selected word.
2064	Kroonen2013	evidence_found	kroonen-core-2064-1;kroonen-core-2064-2;kroonen-core-2064-3	OE hǣlan (heal), morphology and semantic family followed to s.v. *haila- on printed 200-201; complete entry and its incidental forms read in docs/references/kroonen_etymological_dictionary_pgmc.pdf (PDF sheets 240,241). OE hǣlan (heal), morphology and semantic family followed to s.v. *haila- on printed 200; complete entry and its incidental forms read in docs/references/kroonen_etymological_dictionary_pgmc.pdf (PDF sheets 240,241). Completed etymon/family-scope reassessment distinguishes exact-cell absence from lexical/root evidence and false homonyms.	Selected input *xáilijaną (pgmc) remains unchanged; Sound/whole root-family evidence is relevant to heal even without a separately authored factitive. Source itself prints greeting/oath derivatives, not a whole hǣlan citation. Selected input *xáilijaną (pgmc) remains unchanged; Authored healing-root-family derivative has different verbal semantics and optional ja; not labelled healing factitive. Selected input *xáilijaną (pgmc) remains unchanged; Actually printed parallel family derivative; exact selected heal verb remains unquoted. Family-scope audit: Haila sound/whole and actual greeting/oath derivatives support healing-family comparison, with their specific cells and semantic qualifications.
2065	Kroonen2013	evidence_found	kroonen-core-2065-1;alignment-heart-gender-and-root	OE heorte (heart), morphology and semantic family followed to s.v. *hertōn- on printed 222; complete entry and its incidental forms read in docs/references/kroonen_etymological_dictionary_pgmc.pdf (PDF sheets 262).	Selected input *xértōn (pgmc) remains unchanged; Old IE heart word with ablauting root-noun ancestry; unexplained Indo-Iranian initial gh is not silently removed. Supplement (222): scoped source argument; not a manufactured selected word.
2066	Kroonen2013	evidence_found	kroonen-core-2066-1;alignment-hearth-kroonen-root;alignment-hearth-kroonen-coal;alignment-hearth-burn-warrant	OE heorþ (hearth), morphology and semantic family followed to s.v. *herpa- on printed 222; complete entry and its incidental forms read in docs/references/kroonen_etymological_dictionary_pgmc.pdf (PDF sheets 262).	Selected input *xérθaz (pgmc) remains unchanged; To-stem to burn; source's a-stem citation is kept separate from CAPR's complete nominative. Supplement (222): burn root of hearth to-stem. Supplement (258): coal/fire ja-stem comparandum, not hearth cell. Supplement (222,258): scoped source argument; not a manufactured selected word.
2067	Kroonen2013	evidence_found	kroonen-core-2067-1;kroonen-core-2067-2;kroonen-core-2067-3;alignment-heath-formations-and-contact	OE hǣþ (heath), morphology and semantic family followed to s.v. *haipi- on printed 202-203; complete entry and its incidental forms read in docs/references/kroonen_etymological_dictionary_pgmc.pdf (PDF sheets 242,243).	Selected input *xáiθiz (pgmc) remains unchanged; Archaic ih₂-stem, separate OE ja-formation and dialectal a-formation; early borrowing between Celtic and Germanic is preferred to assuming a shared subnode. Supplement (202-203): scoped source argument; not a manufactured selected word.
2068	Kroonen2013	evidence_found	kroonen-core-2068-1;kroonen-core-2068-2;kroonen-core-2068-3;kroonen-core-2068-4;kroonen-core-2068-5;kroonen-core-2068-6;kroonen-core-2068-7;kroonen-core-2068-8;kroonen-core-2068-9;alignment-heaven-pie-nom;alignment-heaven-pie-gen;alignment-heaven-pie-loc;alignment-heaven-nom-remodel-repeat;alignment-heaven-gen-remodel-repeat;alignment-heaven-dat-remodel-repeat;alignment-heaven-expected-and-remodeled	OE heofon (heaven), morphology and semantic family followed to s.v. *hemina- on printed 220; complete entry and its incidental forms read in docs/references/kroonen_etymological_dictionary_pgmc.pdf (PDF sheets 260).	Selected input *xébun (nsgmc) remains unchanged; Paradigm-based split is preferred to shared OE/OS syncope; genitive-based remodeling avoids expected PIE reflexes, and continental l can be dissimilation or sun influence. Supplement (220): PIE heaven nominative. Supplement (220): PIE heaven genitive; mixed native subscript notation retained. Supplement (220): PIE heaven locative, not remodeled dative. Supplement (220): repeated remodeled heaven nominative. Supplement (220): repeated remodeled heaven genitive. Supplement (220): repeated remodeled heaven dative. Supplement (220): scoped source argument; not a manufactured selected word.
2069	Kroonen2013	evidence_found	kroonen-core-2069-1;kroonen-core-2069-2;alignment-hedge-bird-and-hedge	OE heġġ (hedge), morphology and semantic family followed to s.v. *haga(n)- on printed 198; complete entry and its incidental forms read in docs/references/kroonen_etymological_dictionary_pgmc.pdf (PDF sheets 238,239).	Selected input *xágjaz (pgmc) remains unchanged; Bird-cherry ja-stem and OE/OHG hedge jō-stem are distinct incidental forms; the source does not quote CAPR's masculine whole hedge input. Supplement (198-199): scoped source argument; not a manufactured selected word.
2070	Kroonen2013	evidence_found	kroonen-core-2070-1;alignment-helm-cover-verb;alignment-helm-sanskrit-precursor;alignment-helm-cover-formation	OE helm (helm), morphology and semantic family followed to s.v. *helma- on printed 219; complete entry and its incidental forms read in docs/references/kroonen_etymological_dictionary_pgmc.pdf (PDF sheets 259).	Selected input *xélmaz (pgmc) remains unchanged; Cover/hide derivative comparable to Sanskrit shelter, preserving the formation rather than manufacturing the selected nominative. Supplement (219): cover/hide verb base, not helmet full word. Supplement (219): Sanskrit shelter precursor, not Germanic helmet ending. Supplement (218-219): authored complete historical/formation argument; not a selected whole word.
2071	Kroonen2013	evidence_found	kroonen-core-2071-1;kroonen-core-2072-1;kroonen-core-2072-2;alignment-help-verb-precursor;alignment-help-iterative-precursor;alignment-help-iterative-and-loan	OE helpan (help), morphology and semantic family followed to s.v. *helpan- on printed 219; complete entry and its incidental forms read in docs/references/kroonen_etymological_dictionary_pgmc.pdf (PDF sheets 259).	Selected input *xélpaną (pgmc) remains unchanged; No clear etymology: conjectural iterative influence lacks an attested iterative, and Baltic/Slavic borrowing alternatives leave irregular correspondences. Selected input *xélpaną (pgmc) remains unchanged; Author explicitly says no such iterative is attested and questions this explanation. Preserve the conjectural authored form, not a positive daughter attestation or selected feminine help noun. Selected input *xélpaną (pgmc) remains unchanged; Author proposes an indirect loan-chain explanation conditionally, adding to rather than resolving help etymology. Not the selected feminine help noun. Supplement (219): tentative help verb precursor. Supplement (219): unattested iterative precursor, not feminine noun. Supplement (219): authored complete historical/formation argument; not a selected whole word.
2072	Kroonen2013	evidence_found	kroonen-core-2072-1;kroonen-core-2072-2;kroonen-core-2071-1	OE help (help), morphology and semantic family followed to s.v. *helpan- on printed 219; complete entry and its incidental forms read in docs/references/kroonen_etymological_dictionary_pgmc.pdf (PDF sheets 259). Full-entry family-scope reassessment, not exact-cell matching. Completed etymon/family-scope reassessment distinguishes exact-cell absence from lexical/root evidence and false homonyms.	Selected input *xélpō (pgmc) remains unchanged; Author explicitly says no such iterative is attested and questions this explanation. Preserve the conjectural authored form, not a positive daughter attestation or selected feminine help noun. Selected input *xélpō (pgmc) remains unchanged; Author proposes an indirect loan-chain explanation conditionally, adding to rather than resolving help etymology. Not the selected feminine help noun. Help verb supplies genuine help-family evidence for nominal help, with its part of speech and unclear etymology retained. Selected corpus input remains unchanged; source parts of speech, quantities and verification retained. Family-scope audit: Helpan and its explicitly hypothetical iterative/loan-chain proposals support nominal help-family comparison. No feminine noun or ending invented.
2073	Kroonen2013	evidence_found	kroonen-core-2073-1;alignment-herd-herdsman;alignment-herd-queue-meaning	OE heord (herd), morphology and semantic family followed to s.v. *herdō- on printed 221; complete entry and its incidental forms read in docs/references/kroonen_etymological_dictionary_pgmc.pdf (PDF sheets 261).	Selected input *xérdō (pgmc) remains unchanged; Original meaning queue is inferred from OHG/Slavic order senses; derived herdsman formation is not substituted for the herd noun. Supplement (221): masculine herdsman derivative, not herd feminine. Supplement (221): authored complete historical/formation argument; not a selected whole word.
2074	Kroonen2013	evidence_found	kroonen-core-2074-1	OE hēawan (hew), morphology and semantic family followed to s.v. *hawwan- on printed 218; complete entry and its incidental forms read in docs/references/kroonen_etymological_dictionary_pgmc.pdf (PDF sheets 258).	Selected input *xáwwaną (pgmc) remains unchanged; Old o-grade intensive; hew/chop formation is distinguished from the hay collective and pound verb.
2076	Kroonen2013	evidence_found	kroonen-core-2076-1;alignment-hoard-kroonen-precursor;alignment-hoard-house-root;alignment-hoard-shelter;alignment-hoard-bartholomae-warrant	OE hord (hoard), morphology and semantic family followed to s.v. *huzda- on printed 260-261; complete entry and its incidental forms read in docs/references/kroonen_etymological_dictionary_pgmc.pdf (PDF sheets 300,301).	Selected input *xúzdą (pgmc) remains unchanged; Old Swedish shelter supports Greek hide comparison; author proposes a to-formation with zd resulting from Bartholomae's law, conditionally. Supplement (260): conditional hoard to-formation; exact precursor date not locally asserted. Supplement (260): unlaryngeal hide root invoked through hoard in the separate house argument. Supplement (260): Old Swedish shelter precursor; not hoard neuter. Supplement (260): authored complete historical/formation argument; not a selected whole word.
2077	Kroonen2013	no_form_found		Completed source-specific OE/English index, lexical/cognate aliases (healdan; haldan-; hold / keep; haltan; rule / retain), dehyphenated whole-body contexts and appropriate alphabetic/semantic entries in docs/references/kroonen_etymological_dictionary_pgmc.pdf; printed 203-207. No exact-string absence was used as sole basis. Completed etymon/family-scope reassessment distinguishes exact-cell absence from lexical/root evidence and false homonyms.	Completed holding/keeping aliases and h- contexts do not locate hald/hold-family reconstruction. Other seize/retain verbs do not supply a source-supported genetic family solely through meaning.
2078	Kroonen2013	evidence_found	kroonen-core-2078-1;alignment-home-precursor;alignment-home-lie-root;alignment-home-household;alignment-home-borrowing-warrant	OE hām (home), morphology and semantic family followed to s.v. *haima- on printed 201; complete entry and its incidental forms read in docs/references/kroonen_etymological_dictionary_pgmc.pdf (PDF sheets 241).	Selected input *xáimaz (pgmc) remains unchanged; Mo-stem to lie; Baltic village words are assigned to borrowing from Germanic, with Celtic dear explained through belonging to the same home. Supplement (201): home mo-formation precursor; IE header alone not a PIE date. Supplement (201): explicit PIE lie root underlying home formation. Supplement (227): household n-plural relative of home, not selected home cell. Supplement (201,227): complete source argument; not a selected whole-word quotation.
2079	Kroonen2013	evidence_found	kroonen-core-2079-1;alignment-honey-color-root;alignment-honey-original-n-warrant	OE huniġ (honey), morphology and semantic family followed to s.v. *hunanga- on printed 255-256; complete entry and its incidental forms read in docs/references/kroonen_etymological_dictionary_pgmc.pdf (PDF sheets 295,296).	Selected input *xúnagą (pgmc) remains unchanged; Brownish-yellow/amber root proposed; suffix n dissimilated in many daughters but retained elsewhere, with additional non-Germanic comparisons problematic. Supplement (255): proposed brownish-yellow/amber root or adjective, not honey whole word. Supplement (255-256): complete source argument; not a selected whole-word quotation.
2080	Kroonen2013	evidence_found	kroonen-core-2080-1;alignment-hood-precursor;alignment-hood-guard-verb;alignment-hood-causative-rival;alignment-hood-guard-and-hat	OE hōd (hood), morphology and semantic family followed to s.v. *hōda- on printed 238; complete entry and its incidental forms read in docs/references/kroonen_etymological_dictionary_pgmc.pdf (PDF sheets 278).	Selected input *xōdaz (pgmc) remains unchanged; Hood may supply guard verb, but a regular causative is another possibility; original cautious meaning and the hat-family alternative remain uncertain. Supplement (238): hood nominal precursor; IE label does not independently date it. Supplement (238): guard verb possibly derived from hood. Supplement (238): regular causative alternative to nominal derivation. Supplement (214,238): complete source argument; not a selected whole-word quotation.
2081	Kroonen2013	evidence_found	kroonen-core-2081-1;alignment-hoof-germanic-precursor;alignment-hoof-indoiranian-precursor;alignment-hoof-heap-precursor;alignment-hoof-iranian-metathesis;alignment-hoof-metathesis-warrant	OE hōf (hoof), morphology and semantic family followed to s.v. *hōfa- on printed 238-239; complete entry and its incidental forms read in docs/references/kroonen_etymological_dictionary_pgmc.pdf (PDF sheets 278,279).	Selected input *xōfaz (pgmc) remains unchanged; Laryngeal metathesis in Germanic or Indo-Iranian accounts for the discrepancy; Slavic hoof is unrelated, being derived from dig. Supplement (238): Germanic-side hoof precursor; not independently dated PIE. Supplement (238): Indo-Iranian-side hoof precursor; not a Germanic word. Supplement (257): heap n-stem precursor in required hoof cross-reference. Supplement (217): Avestan mountain/hump comparison in heap argument. Supplement (216-217,238-239,257): complete source argument; not a selected whole-word quotation.
2082	Kroonen2013	evidence_found	kroonen-core-2082-1;alignment-horn-deer;alignment-horn-brain;alignment-horn-gender-and-derivatives	OE horn (horn), morphology and semantic family followed to s.v. *hurna- on printed 259; complete entry and its incidental forms read in docs/references/kroonen_etymological_dictionary_pgmc.pdf (PDF sheets 299).	Selected input *xúrną (pgmc) remains unchanged; Old horn formation with deer and brain derivatives; daughter masculine reflexes do not change the source's neuter label. Supplement (259): deer derivative from horn family, not horn citation. Supplement (259): brain derivative from horn family, not horn citation. Supplement (259): complete source argument; not a selected whole-word quotation.
2083	Kroonen2013	evidence_found	kroonen-core-2083-1;alignment-hound-dog-nominative;alignment-hound-greyhound;alignment-hound-dental-nominative;alignment-hound-dental-genitive;alignment-hound-dental-accusative;alignment-hound-dental-paradigm-warrant	OE hund (hound), morphology and semantic family followed to s.v. *hunda- on printed 256; complete entry and its incidental forms read in docs/references/kroonen_etymological_dictionary_pgmc.pdf (PDF sheets 296).	Selected input *xúndaz (pgmc) remains unchanged; IE dog word; Germanic dental has uncertain origin, with the isolated greyhound full grade suggesting a possible older ablauting paradigm. Supplement (256): usually reconstructed IE dog nominative; dental absent. Supplement (256): isolated greyhound full grade; not selected generic hound. Supplement (256): conditional older dog nominative in proposed dental paradigm. Supplement (256): conditional older dog genitive with dental. Supplement (256): conditional older dog accusative with full-grade suffix. Supplement (256,267): complete source argument; not a selected whole-word quotation.
2084	Kroonen2013	evidence_found	kroonen-core-2084-1;kroonen-core-2084-2;kroonen-core-2084-3;kroonen-core-2084-4;alignment-knead-full-present1sg;alignment-knead-zero-present1pl;alignment-knead-paradigm-remodeling	OE cnedan (knead), morphology and semantic family followed to s.v. *knedan- on printed 295-296; complete entry and its incidental forms read in docs/references/kroonen_etymological_dictionary_pgmc.pdf (PDF sheets 335,336).	Selected input *knédaną (pgmc) remains unchanged; Aorist-present full/zero-grade paradigm; zero grade was remodeled to retain kn, while Prussian kneading-trough is judged a Germanic loan. Supplement (295): quasi-PIE knead present first singular; not PGmc infinitive. Supplement (295): quasi-PIE knead present first plural; not PGmc infinitive. Supplement (295,298,521): complete source argument; not a selected whole-word quotation.
2085	Kroonen2013	evidence_found	kroonen-core-2085-1;alignment-knee-genitive-proposal	OE cneowe (knee), morphology and semantic family followed to s.v. *knewa- on printed 296; complete entry and its incidental forms read in docs/references/kroonen_etymological_dictionary_pgmc.pdf (PDF sheets 336).	Selected input *knéwai (pgmc) remains unchanged; Proterodynamic root may continue an old genitive, contrasting with Greek/Latin static neuter analysis; no complete *knéwai dative is quoted. Supplement (296): complete source argument; not a selected whole-word quotation.
2086	Kroonen2013	no_form_found		Completed source-specific OE/English index, lexical/cognate aliases (cniht; kneht-; knecht; boy / servant / retainer), dehyphenated whole-body contexts and appropriate alphabetic/semantic entries in docs/references/kroonen_etymological_dictionary_pgmc.pdf; printed 294-297. No exact-string absence was used as sole basis. Completed etymon/family-scope reassessment distinguishes exact-cell absence from lexical/root evidence and false homonyms.	Knab/ppan boy and þegna retainer are different reconstructed etyma; no cniht/kneht family or author connection to them found.
2087	Kroonen2013	evidence_found	kroonen-core-2087-1;kroonen-core-2087-2;kroonen-core-2087-3;kroonen-core-2087-4;kroonen-core-2087-5;kroonen-core-2087-6;alignment-knob-pre-nom;alignment-knob-pre-gen;alignment-knob-paradigm-split	OE cnobba (knob), morphology and semantic family followed to s.v. *knab/ppan- on printed 294-295; complete entry and its incidental forms read in docs/references/kroonen_etymological_dictionary_pgmc.pdf (PDF sheets 334,335).	Selected input *knúbbô (pgmc) remains unchanged; Knob/boy n-stem splits through consonant leveling; thematic cnæp supports knob sense, but this a-grade family is not a quotation of selected u-grade *knúbbô or of reconstructed/unattested OE cnobba. Supplement (294): explicit Pre-Gm knob/boy nominative; identity with u-grade selected noun unproved. Supplement (294): explicit Pre-Gm a-grade knob/boy genitive with nasal suffix. Supplement (99-100,294-295): complete owned argument; not a whole-word selected quotation.
2088	Kroonen2013	evidence_found	kroonen-core-2088-1;alignment-lade-dental-reanalysis	OE hladan (lade), morphology and semantic family followed to s.v. *hlapan- on printed 229; complete entry and its incidental forms read in docs/references/kroonen_etymological_dictionary_pgmc.pdf (PDF sheets 269).	Selected input *xláðaną (pgmc) remains unchanged; Dental judged suffixal through aorist/perfect reanalysis, after ā/ō merger but before the sound shifts; source's strong verb is distinct from CAPR's older citation weak formation. Supplement (229): complete owned argument; not a whole-word selected quotation.
2089	Kroonen2013	evidence_found	kroonen-core-2089-1;alignment-land-static-paradigm	OE land (land), morphology and semantic family followed to s.v. *landa-n. on printed 326; complete entry and its incidental forms read in docs/references/kroonen_etymological_dictionary_pgmc.pdf (PDF sheets 366).	Selected input *lándą (pgmc) remains unchanged; O-grade unused-land thematic formation; full and zero grades may derive from a static paradigm, without making the selected input automatically that root noun. Supplement (326): complete owned argument; not a whole-word selected quotation.
2090	Kroonen2013	no_form_found		Completed source-specific OE/English index, lexical/cognate aliases (lappa; lappōn-; lap / lappet; cloth flap; palm / paw), dehyphenated whole-body contexts and appropriate alphabetic/semantic entries in docs/references/kroonen_etymological_dictionary_pgmc.pdf; printed 327,340-341,441. No exact-string absence was used as sole basis. Completed etymon/family-scope reassessment distinguishes exact-cell absence from lexical/root evidence and false homonyms.	Full lōfan/lappan palm-paw paradigm gives ME love, not clothing-lap genealogy; source does not identify cloth lappa with this family. Lapp/bōn lick/lap is a semantic homonym. Neither garment/palm identity nor unrelatedness is silently decided from the shared lapp string.
2091	Kroonen2013	evidence_found	kroonen-core-2091-1;kroonen-core-2091-2;alignment-last-trace-to-know	OE lǣstan (last), morphology and semantic family followed to s.v. *laisti- on printed 324; complete entry and its incidental forms read in docs/references/kroonen_etymological_dictionary_pgmc.pdf (PDF sheets 364). OE lǣstan (last), morphology and semantic family followed to s.v. *laisō- on printed 324; complete entry and its incidental forms read in docs/references/kroonen_etymological_dictionary_pgmc.pdf (PDF sheets 364). Completed etymon/family-scope reassessment distinguishes exact-cell absence from lexical/root evidence and false homonyms.	Selected input *láistijaną (pgmc) remains unchanged; Track/model root-family evidence is relevant to lǣstan follow/perform; no authored factitive stem or whole-word ending is invented. Selected input *láistijaną (pgmc) remains unchanged; Author cross-refers this formation to laisti and lisan; independent nominal family formation, not a quotation of lǣstan. Family-scope audit: Laisti track/model and laisō trail are actual root-family/base evidence for lǣstan follow/perform, though no factitive whole verb is quoted. Supplement (324-325,339-340): complete owned argument; not a whole-word selected quotation.
2092	Kroonen2013	evidence_found	kroonen-core-2092-1;kroonen-core-2092-2;kroonen-core-2092-3;alignment-laugh-ipresent-sg;alignment-laugh-ipresent-pl;alignment-laugh-old-ipresent	OE hliehhan (laugh), morphology and semantic family followed to s.v. *hlah(j)an- on printed 228; complete entry and its incidental forms read in docs/references/kroonen_etymological_dictionary_pgmc.pdf (PDF sheets 268).	Selected input *xláxjaną (pgmc) remains unchanged; Suffix alternation may reflect an old i-present; bird cackle may be primitive and the iterative is separately reconstructed. Supplement (228): possible old laugh i-present third singular, not Germanic infinitive. Supplement (228): possible old laugh i-present third plural. Supplement (228-231): complete owned argument; not a whole-word selected quotation.
2093	Kroonen2013	evidence_found	kroonen-core-2093-1;alignment-lead-go-and-road	OE lǣdan (lead), morphology and semantic family followed to s.v. *laidjan- on printed 323; complete entry and its incidental forms read in docs/references/kroonen_etymological_dictionary_pgmc.pdf (PDF sheets 363).	Selected input *láidijaną (pgmc) remains unchanged; Causative to go; long root-vowel strong verb and road noun are not silently harmonized with this causative stem. Supplement (323,340): complete owned argument; not a whole-word selected quotation.
2094	Kroonen2013	evidence_found	kroonen-core-2094-1;alignment-leaf-european;alignment-leaf-family-warrants	OE lēaf (leaf), morphology and semantic family followed to s.v. *lauba- on printed 328; complete entry and its incidental forms read in docs/references/kroonen_etymological_dictionary_pgmc.pdf (PDF sheets 368).	Selected input *láubą (pgmc) remains unchanged; European leaf/foliage formation has no clear PIE etymology; related potion and air words are cross-references, not alternative selected-cell quotations. Supplement (328): European leaf/foliage precursor, not explicitly PIE. Supplement (328,341-342): complete owned/attributed argument, not a selected whole-word quotation.
2095	Kroonen2013	evidence_found	kroonen-core-2095-1;alignment-learn-factitive;alignment-learn-mediopassive	OE liornian (learn), morphology and semantic family followed to s.v. *liznōn- on printed 340; complete entry and its incidental forms read in docs/references/kroonen_etymological_dictionary_pgmc.pdf (PDF sheets 380).	Selected input *líznōjaną (pgmc) remains unchanged; Inchoative continuing a medio-passive factitive neh₂-present, to make oneself know; imperative/3sg whole words remain CAPR assembly. Supplement (340): mediopassive factitive precursor, not a dated PGmc finite word. Supplement (339-340): complete owned/attributed argument, not a selected whole-word quotation.
2096	Kroonen2013	evidence_found	kroonen-core-2096-1;alignment-leather-celtic-loan	OE leþer (leather), morphology and semantic family followed to s.v. *lebra- on printed 332; complete entry and its incidental forms read in docs/references/kroonen_etymological_dictionary_pgmc.pdf (PDF sheets 372).	Selected input *léθrą (pgmc) remains unchanged; Explicit Celtic loanword account, not an automatically inherited PGmc PIE lexical equation; compares Celtic leather and instrument formation. Supplement (332): complete owned/attributed argument, not a selected whole-word quotation.
2097	Kroonen2013	evidence_found	kroonen-core-2097-1;alignment-leek-close-family	OE lēac (leek), morphology and semantic family followed to s.v. *lauka- on printed 329; complete entry and its incidental forms read in docs/references/kroonen_etymological_dictionary_pgmc.pdf (PDF sheets 369).	Selected input *láukaz (pgmc) remains unchanged; Uncertain etymology; commonly derived from close because leaves enclose the growing point. Supplement (329,334,343): complete owned/attributed argument, not a selected whole-word quotation.
2098	Kroonen2013	evidence_found	kroonen-core-2098-1	OE lǣtan (let), morphology and semantic family followed to s.v. *lētan- on printed 332; complete entry and its incidental forms read in docs/references/kroonen_etymological_dictionary_pgmc.pdf (PDF sheets 372).	Selected input *lḗtaną (pgmc) remains unchanged; Reduplicated strong verb compared with tired/tire formations; root quantity and citation stem differ from assembled whole infinitive notation.
2099	Kroonen2013	evidence_found	kroonen-core-2099-1;alignment-lick-kroonen-nasal;alignment-lick-nasal-iterative	OE liccian (lick), morphology and semantic family followed to s.v. *likkōn-1 on printed 337; complete entry and its incidental forms read in docs/references/kroonen_etymological_dictionary_pgmc.pdf (PDF sheets 377).	Selected input *líkkōjaną (pgmc) remains unchanged; Iterative to a primary aorist, continuing an old neh₂-present; selected imperative/3sg endings are not separately supplied. Supplement (337): lick nasal-present precursor; IE label not independently dated PIE. Supplement (337-338): complete owned/attributed argument, not a selected whole-word quotation.
2100	Kroonen2013	no_form_found		Completed source-specific OE/English index, lexical/cognate aliases (hlid; hlida-; lid / covering / shutter; lithu / limb), dehyphenated whole-body contexts and appropriate alphabetic/semantic entries in docs/references/kroonen_etymological_dictionary_pgmc.pdf; printed 247-248,338-340. No exact-string absence was used as sole basis. Completed etymon/family-scope reassessment distinguishes exact-cell absence from lexical/root evidence and false homonyms.	Liþu body-part/joint gives Dutch lid member, not covering hlid. No hlid-family reconstruction found after cover/close and hli-/index contexts; semantic close alone is not genealogy.
2101	Kroonen2013	evidence_found	kroonen-core-2101-1;alignment-life-stay-base;alignment-life-possible-stative;alignment-life-stative-precursor;alignment-life-noun-and-stative	OE līf (life), morphology and semantic family followed to s.v. *lība- on printed 335; complete entry and its incidental forms read in docs/references/kroonen_etymological_dictionary_pgmc.pdf (PDF sheets 375).	Selected input *lḯbą (pgmc) remains unchanged; Neuter life/body noun derived from stick/remain; not a quoted CAPR whole-word ending. Supplement (335): strong stay/remain base of life, not life noun. Supplement (335): possibly more primary live stative explaining strong verb b. Supplement (336): live-family stative precursor; IE label not independently dated PIE. Supplement (335-336): complete owned/attributed argument, not a selected whole-word quotation.
2102	Kroonen2013	evidence_found	kroonen-core-2102-1;kroonen-core-2102-2;kroonen-core-2102-3;kroonen-core-2102-4;kroonen-core-2102-5;alignment-light-family-formation	OE līehtan (light), morphology and semantic family followed to s.v. *leuhada- on printed 333; complete entry and its incidental forms read in docs/references/kroonen_etymological_dictionary_pgmc.pdf (PDF sheets 373). OE līehtan (light), morphology and semantic family followed to s.v. *leuhman- on printed 333; complete entry and its incidental forms read in docs/references/kroonen_etymological_dictionary_pgmc.pdf (PDF sheets 373). OE līehtan (light), morphology and semantic family followed to s.v. *leuhna- on printed 333-334; complete entry and its incidental forms read in docs/references/kroonen_etymological_dictionary_pgmc.pdf (PDF sheets 373,374). OE līehtan (light), morphology and semantic family followed to s.v. *leuhsa- on printed 334; complete entry and its incidental forms read in docs/references/kroonen_etymological_dictionary_pgmc.pdf (PDF sheets 374). Completed etymon/family-scope reassessment distinguishes exact-cell absence from lexical/root evidence and false homonyms.	Selected input *léuxtijaną (pgmc) remains unchanged; Direct light-family evidence despite selected illumination verb. Source t-stem is independently recorded rather than treating the different leuhsjan factitive as absence of the entire family. Selected input *léuxtijaną (pgmc) remains unchanged; Actually printed light-family formation, not a whole illumination verb. Selected input *léuxtijaną (pgmc) remains unchanged; Explicitly related light/lightning family with distinct suffix and sense; not selected light verb. Selected input *léuxtijaną (pgmc) remains unchanged; Source explicitly relates these identical written stems; preserve both adjective and noun roles instead of replacing the selected t-family with s-family. Selected input *léuxtijaną (pgmc) remains unchanged; Genuine reconstructed verbal light-family formation, though not exact selected līehtan. Family evidence is positive while dental/sibilant stem and cited daughter are not equated. Family-scope audit: Leuhada light t-stem, beam/lightning formations, leuhsa adjective/noun and leuhsjan factitive all support leuk light-family evidence. Liexan versus līehtan and s/dental formations remain distinct. Supplement (333-334): complete source argument, not a selected whole-word quotation.
2103	Kroonen2013	evidence_found	kroonen-core-2103-1;alignment-lime-smear-precursor;alignment-lime-smear-formation	OE līm (lime), morphology and semantic family followed to s.v. *lima- on printed 338; complete entry and its incidental forms read in docs/references/kroonen_etymological_dictionary_pgmc.pdf (PDF sheets 378).	Selected input *lḯmą (pgmc) remains unchanged; Smear-root mn-stem; clay/mud/glue senses connect with loam, without adding unattested whole-word morphology. Supplement (338): lime/glue smear-family precursor; IE label not independently PIE date. Supplement (323-325,338): complete source argument, not a selected whole-word quotation.
2104	Kroonen2013	evidence_found	kroonen-core-2104-1;alignment-linden-tree-precursor;alignment-linden-soft-rejection	OE lind (linden), morphology and semantic family followed to s.v. *lindō- on printed 338; complete entry and its incidental forms read in docs/references/kroonen_etymological_dictionary_pgmc.pdf (PDF sheets 378).	Selected input *líndō (pgmc) remains unchanged; European tree name compared with bark/plank; explicitly unrelated to mild/soft. Supplement (338): European tree/board precursor, not mild/soft adjective. Supplement (338-339): complete source argument, not a selected whole-word quotation.
2105	Kroonen2013	no_form_found		Completed source-specific OE/English index, lexical/cognate aliases (līne; līnōn-; line / cord; linen / flax; līn-), dehyphenated whole-body contexts and appropriate alphabetic/semantic entries in docs/references/kroonen_etymological_dictionary_pgmc.pdf; printed 143,338-340. No exact-string absence was used as sole basis. Completed etymon/family-scope reassessment distinguishes exact-cell absence from lexical/root evidence and false homonyms.	Flax flahsa, lime līma and linden lindō are different families; linen/cord contexts and līn-/index search do not supply line/līn family reconstruction.
2106	Kroonen2013	no_form_found		Completed source-specific OE/English index, lexical/cognate aliases (līste; līstōn-; list / strip / border; listi- skill), dehyphenated whole-body contexts and appropriate alphabetic/semantic entries in docs/references/kroonen_etymological_dictionary_pgmc.pdf; printed 326-327,339. No exact-string absence was used as sole basis. Completed etymon/family-scope reassessment distinguishes exact-cell absence from lexical/root evidence and false homonyms.	Listi skill/cunning is not assigned to textile-border family by the source. Strip/border and index contexts supply no actual line/border family; shared list spelling is not an etymology.
2107	Kroonen2013	evidence_found	kroonen-core-2107-1;alignment-live-stative-semantics	OE lifeþ (live), morphology and semantic family followed to s.v. *libēn- on printed 336; complete entry and its incidental forms read in docs/references/kroonen_etymological_dictionary_pgmc.pdf (PDF sheets 376).	Selected input *líbēθi (pgmc) remains unchanged; Stative to stick; live sense arose from remain/be-left, and selected 3sg is not separately printed. Supplement (335-336): complete source argument, not a selected whole-word quotation.
2108	Kroonen2013	evidence_found	kroonen-core-2108-1;kroonen-core-2108-2;kroonen-core-2108-3;kroonen-core-2108-4;alignment-liver-pie-conditional;alignment-liver-irregular-inheritance	OE lifer (liver), morphology and semantic family followed to s.v. *librō- on printed 336; complete entry and its incidental forms read in docs/references/kroonen_etymological_dictionary_pgmc.pdf (PDF sheets 376).	Selected input *líbrō (pgmc) remains unchanged; Irregular IE liver continuant, with initial l and labialization change problematic; umlaut may be leveled from an old locative, explicitly PN in the immediate precursor. Supplement (336): explicit PIE inherited-liver candidate under possible irregular-continuation hypothesis. Supplement (336): complete source argument, not a selected whole-word quotation.
2109	Kroonen2013	evidence_found	kroonen-core-2109-1;alignment-loam-mn-precursor;alignment-loam-smear-root;alignment-loam-clay-mn-stem	OE lām (loam), morphology and semantic family followed to s.v. *laiman- on printed 323-324; complete entry and its incidental forms read in docs/references/kroonen_etymological_dictionary_pgmc.pdf (PDF sheets 363,364).	Selected input *láimą (preoe) remains unchanged; Mn-stem to smear; feminine/neuter CAPR morphology is not quoted by the masculine dictionary stem. Supplement (323): clay mn-stem precursor, not selected neuter pre-OE input. Supplement (324): smear root shared by loam/lime, not an authored noun ending. Supplement (323-325,338): complete source argument, not a selected whole-word quotation.
2110	Kroonen2013	no_form_found		Completed source-specific OE/English index, lexical/cognate aliases (lāþ; laiþa-; loath / hostile / hateful; laþ-), dehyphenated whole-body contexts and appropriate alphabetic/semantic entries in docs/references/kroonen_etymological_dictionary_pgmc.pdf; printed 323-329. No exact-string absence was used as sole basis. Completed etymon/family-scope reassessment distinguishes exact-cell absence from lexical/root evidence and false homonyms.	Completed hostile/hateful, invitation/lath and la(i)þ- contexts do not supply loath adjective family. Merely negative emotional glosses or the invitation homonym are not genetic evidence.
2111	Kroonen2013	evidence_found	kroonen-core-2111-1;kroonen-core-2111-2	OE loc (lock), morphology and semantic family followed to s.v. *leukan- ~ *lūkan- on printed 334; complete entry and its incidental forms read in docs/references/kroonen_etymological_dictionary_pgmc.pdf (PDF sheets 374). Completed etymon/family-scope reassessment distinguishes exact-cell absence from lexical/root evidence and false homonyms.	Selected input *lúką (pgmc) remains unchanged; Source describes merger of two etymologically different verbs. Closing-side family comparison is relevant to locking noun; pulling/hair-tuft side is not equated with door lock. No nominal ending is supplied. Selected input *lúką (pgmc) remains unchanged; Closing-root family evidence, not an authored locking noun. Preserve source's semantic/etymological merger qualification and long ū. Family-scope audit: Actual leukan/lūkan close-verb stems support lock noun family. Source's merger of close and pull etyma is preserved; luka weeds/lukka hair are not turned into a door-lock reconstruction.
2112	Kroonen2013	evidence_found	kroonen-core-2112-1	OE locc (lock), morphology and semantic family followed to s.v. *lukka- on printed 343; complete entry and its incidental forms read in docs/references/kroonen_etymological_dictionary_pgmc.pdf (PDF sheets 383).	Selected input *lúkkaz (pgmc) remains unchanged; Tuft/lock-of-hair a-stem from pull; direct Baltic flexible connection is rejected. Do not use this as the door-lock etymon.
2113	Kroonen2013	no_form_found		Completed source-specific OE/English index, lexical/cognate aliases (lūs; lūs-; louse / Laus; creeping insect), dehyphenated whole-body contexts and appropriate alphabetic/semantic entries in docs/references/kroonen_etymological_dictionary_pgmc.pdf; printed 273,327,344-345. No exact-string absence was used as sole basis. Completed etymon/family-scope reassessment distinguishes exact-cell absence from lexical/root evidence and false homonyms.	No lūs/louse lexical/root family in completed lus-/insect/index contexts; lust/loss/creep homonyms and other insects have different etyma.
2114	Kroonen2013	evidence_found	kroonen-core-2114-1;kroonen-core-2114-2	OE lungen (lung), morphology and semantic family followed to s.v. *lungōn- on printed 344; complete entry and its incidental forms read in docs/references/kroonen_etymological_dictionary_pgmc.pdf (PDF sheets 384).	Selected input *lúnganjō (pgmc) remains unchanged; Light-derived neuter n-stem and separately quoted feminine derivative behind OE lungen; source headword's feminine label and prose neuter analysis are both retained.
2115	Kroonen2013	evidence_found	kroonen-core-2115-1;kroonen-core-2115-2	OE lust (lust), morphology and semantic family followed to s.v. *lustu- on printed 345; complete entry and its incidental forms read in docs/references/kroonen_etymological_dictionary_pgmc.pdf (PDF sheets 385).	Selected input *lústuz (pgmc) remains unchanged; Tu-stem replaced by Nordic n-stem; traditional desire-root account needs an awkward zero grade, with lose/idle semantic derivation offered instead.
2116	Kroonen2013	no_form_found		Completed source-specific OE/English index, lexical/cognate aliases (lēag; laugō-; lye / alkali / washing liquid; laug-), dehyphenated whole-body contexts and appropriate alphabetic/semantic entries in docs/references/kroonen_etymological_dictionary_pgmc.pdf; printed 53,328-330. No exact-string absence was used as sole basis. Completed etymon/family-scope reassessment distinguishes exact-cell absence from lexical/root evidence and false homonyms.	Barku can acquire a lye sense from tanning materials, but is a bark etymon, not laug-family evidence. Completed washing/liquid and laug/index contexts find no authored laug family.
2117	Kroonen2013	evidence_found	kroonen-core-2117-1	OE macian (make), morphology and semantic family followed to s.v. *maka- on printed 350; complete entry and its incidental forms read in docs/references/kroonen_etymological_dictionary_pgmc.pdf (PDF sheets 390).	Selected input *mákōjaną (pgmc) remains unchanged; Explicit incidental make verb from fit/match adjective; rejects assumed knead ancestry on semantics. Repeated imperative/3sg cells are not quoted whole source forms.
2118	Kroonen2013	evidence_found	kroonen-core-2118-1	OE mealt (malt), morphology and semantic family followed to s.v. *malta- on printed 351; complete entry and its incidental forms read in docs/references/kroonen_etymological_dictionary_pgmc.pdf (PDF sheets 391).	Selected input *máltaz (pgmc) remains unchanged; Malt noun derives from soft/gone-bad adjective and melt; dictionary adjective is distinguished from the incidental noun.
2119	Kroonen2013	evidence_found	kroonen-core-2119-1;kroonen-core-2119-2;kroonen-core-2119-3;kroonen-core-2119-4;kroonen-core-2119-5;kroonen-core-2119-6;kroonen-core-2119-7;kroonen-core-2119-8;kroonen-core-2119-9;kroonen-core-2119-10	OE mannes (man), morphology and semantic family followed to s.v. *mannan- on printed 354; complete entry and its incidental forms read in docs/references/kroonen_etymological_dictionary_pgmc.pdf (PDF sheets 393,394). OE mannes (man), morphology and semantic family followed to s.v. *mannan- on printed 353-354; complete entry and its incidental forms read in docs/references/kroonen_etymological_dictionary_pgmc.pdf (PDF sheets 393,394).	Selected input *mánnas (pgmc) remains unchanged; Author says underlying *men-u- would regularly give this, and therefore prefers the dhghm-on connection; not an accepted alternate man citation. Selected input *mánnas (pgmc) remains unchanged; Root explicitly called PGmc, with source comparison Berneker1898:360-361; this is not a quoted genitive *mánnas. Selected input *mánnas (pgmc) remains unchanged; Author explicitly labels the analogy quasi-PIE; do not represent it as an independently attested inherited IE whole word. Selected input *mánnas (pgmc) remains unchanged; Separate quasi-PIE genitive used to explain secondary gemination; preserve double n across suffix boundary and accent. Selected input *mánnas (pgmc) remains unchanged; N-stem singular/root-noun plural with PGmc syncope; man- is preferred to Sanskrit manu connection, and secondary gemination may come from an analogical paradigm. Selected genitive is not the printed *mannaz.
2120	Kroonen2013	evidence_found	kroonen-core-2120-1	OE mearc (march), morphology and semantic family followed to s.v. *markō- on printed 355; complete entry and its incidental forms read in docs/references/kroonen_etymological_dictionary_pgmc.pdf (PDF sheets 395).	Selected input *márkō (pgmc) remains unchanged; Old territorial-delimitation term; possible divide/cut verb ancestry is conditional.
2121	Kroonen2013	evidence_found	kroonen-core-2121-1;kroonen-core-2121-2	OE mæst (mast), morphology and semantic family followed to s.v. *masta- on printed 357; complete entry and its incidental forms read in docs/references/kroonen_etymological_dictionary_pgmc.pdf (PDF sheets 397).	Selected input *mástaz (pgmc) remains unchanged; Post/mast homonym2: Celtic-Germanic isogloss, Latin mast comparison is formally unattractive, Slavic bridge is assigned to borrowing from Germanic. Selected input *mástaz (pgmc) remains unchanged; Forest-fruit/fattening homonym1 separately retained because corpus mast label alone does not disambiguate the two printed homonyms; acorn evidence and fat-root alternatives remain distinct.
2122	Kroonen2013	evidence_found	kroonen-core-2122-1;kroonen-core-2122-2;kroonen-core-2122-3	OE mǣl (meal), morphology and semantic family followed to s.v. *mēla- on printed 362; complete entry and its incidental forms read in docs/references/kroonen_etymological_dictionary_pgmc.pdf (PDF sheets 402).	Selected input *mḗlą (pgmc) remains unchanged; Meal/time homonym1; relation to measure or spot/point remains disputed rather than selecting one etymology automatically. Selected input *mḗlą (pgmc) remains unchanged; Spot/mark homonym2 may link dark/blue or bridge time and measure meanings; source itself leaves identity uncertain. Selected input *mḗlą (pgmc) remains unchanged; Measure homonym3 from measure root; a possible cognate of meal/time, not silently merged with that headword.
2123	Kroonen2013	evidence_found	kroonen-core-2123-1	OE mǣnan (mean), morphology and semantic family followed to s.v. *mainjan- on printed 348; complete entry and its incidental forms read in docs/references/kroonen_etymological_dictionary_pgmc.pdf (PDF sheets 388).	Selected input *máinijaną (pgmc) remains unchanged; Causative think/mean formation with Slavic cognates; incidental opinion noun is separate from the selected verb.
2124	Kroonen2013	evidence_found	kroonen-core-2124-1;kroonen-core-2124-2;kroonen-core-2124-3;kroonen-core-2124-4	OE meorde (meed), morphology and semantic family followed to s.v. *mizdō(n)- on printed 370-371; complete entry and its incidental forms read in docs/references/kroonen_etymological_dictionary_pgmc.pdf (PDF sheets 410,411).	Selected input *mízdai (pgmc) remains unchanged; Exchange-gifts plus put compound; sporadic West Germanic z-loss explains r-less forms, but patchy distribution and OE doublet remain. No whole selected dative is quoted.
2125	Kroonen2013	evidence_found	kroonen-core-2125-1;kroonen-core-2125-2	OE miht (might), morphology and semantic family followed to s.v. *mahti- on printed 347; complete entry and its incidental forms read in docs/references/kroonen_etymological_dictionary_pgmc.pdf (PDF sheets 387).	Selected input *máxtiz (pgmc) remains unchanged; Ti-stem to the preterite-present; Nordic tu-stem is independently printed and not normalized into the OE i-stem.
2126	Kroonen2013	evidence_found	kroonen-core-2126-1;kroonen-core-2126-2;kroonen-core-2126-3;kroonen-core-2126-4;kroonen-core-2126-5	OE meoloc (milk), morphology and semantic family followed to s.v. *meluk-f. on printed 364; complete entry and its incidental forms read in docs/references/kroonen_etymological_dictionary_pgmc.pdf (PDF sheets 404).	Selected input *mélukz (pgmc) remains unchanged; Separately attributed proposal that unexpected u arose as schwa between l and k; Kroonen rejects it because comparable alh- does not show insertion. Same written nominative as Szemerényi's different contamination account, not merged attribution. Selected input *mélukz (pgmc) remains unchanged; Source suggests u may instead have arisen in this strong verb; optional u and verbal status retained, not a replacement noun headword. Selected input *mélukz (pgmc) remains unchanged; Archaic root noun has unexplained u; Szemerényi's full/zero-grade contamination and Bammesberger's schwa account are rejected or inadequate, with a verbal origin for u possible.
2127	Kroonen2013	evidence_found	kroonen-core-2127-1	OE mōnaþ (month), morphology and semantic family followed to s.v. *mēnōþ- on printed 365-366; complete entry and its incidental forms read in docs/references/kroonen_etymological_dictionary_pgmc.pdf (PDF sheets 405,406).	Selected input *mḗnōθz (pgmc) remains unchanged; Unique Germanic t-stem corresponds to IE moon/month s-stem; retain explicit stem type rather than reconstructing a whole ending.
2128	Kroonen2013	no_form_found		Completed source-specific OE/English index, lexical/cognate aliases (mōd; mōda-; mood / mind / courage / anger; mōþu-), dehyphenated whole-body contexts and appropriate alphabetic/semantic entries in docs/references/kroonen_etymological_dictionary_pgmc.pdf; printed 353-360,370-374. No exact-string absence was used as sole basis. Completed etymon/family-scope reassessment distinguishes exact-cell absence from lexical/root evidence and false homonyms.	Mōsa food, mōtan opportunity and móða dust are different etyma. Mind/courage/anger and mōd/mōþ/index contexts supply no mood-family reconstruction.
2129	Kroonen2013	evidence_found	kroonen-core-2129-1;kroonen-core-2129-2	OE mōder (mother), morphology and semantic family followed to s.v. *mōder- on printed 371; complete entry and its incidental forms read in docs/references/kroonen_etymological_dictionary_pgmc.pdf (PDF sheets 411).	Selected input *mōdēr (pgmc) remains unchanged; Uniform d reflects PGmc accent shift, probably by analogy to father; thorn alternative is explicitly contrasted as the unrealized expected formation, not another accepted headword.
2130	Kroonen2013	evidence_found	kroonen-core-2130-1;kroonen-core-2130-2	OE næġl (nail), morphology and semantic family followed to s.v. *nagl- on printed 381; complete entry and its incidental forms read in docs/references/kroonen_etymological_dictionary_pgmc.pdf (PDF sheets 421).	Selected input *náglaz (pgmc) remains unchanged; L-derivative of nail/claw root; Nordic root-noun inflection may be secondary because other Germanic languages point to an a-stem.
2131	Kroonen2013	evidence_found	kroonen-core-2131-1	OE nama (name), morphology and semantic family followed to s.v. *namōn- on printed 382-383; complete entry and its incidental forms read in docs/references/kroonen_etymological_dictionary_pgmc.pdf (PDF sheets 422,423).	Selected input *námô (pgmc) remains unchanged; Old proterodynamic name formation with generalized zero-grade root; source neuter ōn-stem differs from CAPR's masculine nominative.
2132	Kroonen2013	evidence_found	kroonen-core-2132-1	OE nafu (nave), morphology and semantic family followed to s.v. *nabō- on printed 380-381; complete entry and its incidental forms read in docs/references/kroonen_etymological_dictionary_pgmc.pdf (PDF sheets 420,421).	Selected input *nábō (pgmc) remains unchanged; Inherited nave/hub, perhaps with old root ablaut, offering a Schwebeablaut explanation for belly; no inferred nominative ending added.
2133	Kroonen2013	evidence_found	kroonen-core-2133-1	OE nafola (navel), morphology and semantic family followed to s.v. *nablan- on printed 380; complete entry and its incidental forms read in docs/references/kroonen_etymological_dictionary_pgmc.pdf (PDF sheets 420).	Selected input *nábulô (pwgmc) remains unchanged; L-suffixed derivative of nave/hub; retains compressed source stem rather than assembling CAPR's medial vowel and nominative.
2134	Kroonen2013	evidence_found	kroonen-core-2134-1;kroonen-core-2134-2;kroonen-core-2134-3;kroonen-core-2134-4;kroonen-core-2134-5;kroonen-core-2134-6;kroonen-core-2134-7;kroonen-core-2134-8;kroonen-core-2134-9	OE hnecca (neck), morphology and semantic family followed to s.v. *hnakka(n)- on printed 234-235; complete entry and its incidental forms read in docs/references/kroonen_etymological_dictionary_pgmc.pdf (PDF sheets 274,275).	Selected input *xnékkô (pgmc) remains unchanged; Multiple ablauting n-stems and remodeled paradigm; top/summit senses support direction of Celtic hill borrowing from Germanic rather than reverse.
2135	Kroonen2013	evidence_found	kroonen-core-2135-1	OE nīed (need), morphology and semantic family followed to s.v. *naupi- on printed 385; complete entry and its incidental forms read in docs/references/kroonen_etymological_dictionary_pgmc.pdf (PDF sheets 425).	Selected input *náudiz (pgmc) remains unchanged; Ti-stem to corpse/destruction root, with need/distress senses and a separate compel derivative.
2136	Kroonen2013	evidence_found	kroonen-core-2136-1	OE nǣdl (needle), morphology and semantic family followed to s.v. *nēþlō- on printed 388; complete entry and its incidental forms read in docs/references/kroonen_etymological_dictionary_pgmc.pdf (PDF sheets 428).	Selected input *nḗðlō (pgmc) remains unchanged; Instrumental sewing noun; Germanic cluster metathesis and North Germanic snælda spindle derivative have different roots from OE spinl.
2137	Kroonen2013	evidence_found	kroonen-core-2137-1	OE nest (nest), morphology and semantic family followed to s.v. *nista- on printed 391; complete entry and its incidental forms read in docs/references/kroonen_etymological_dictionary_pgmc.pdf (PDF sheets 431).	Selected input *nístą (pgmc) remains unchanged; Down adverb plus zero-grade sit root; no whole nominative ending is fabricated.
2138	Kroonen2013	evidence_found	kroonen-core-2138-1	OE nett (net), morphology and semantic family followed to s.v. *natja- on printed 384; complete entry and its incidental forms read in docs/references/kroonen_etymological_dictionary_pgmc.pdf (PDF sheets 424).	Selected input *nátją (pgmc) remains unchanged; Collective of unattested bind root, compared with ablauting Nordic net and nettle; selected full nominative is not quoted.
2139	Kroonen2013	evidence_found	kroonen-core-2139-1;kroonen-core-2139-2;kroonen-core-2139-3	OE netle (nettle), morphology and semantic family followed to s.v. *natōn- on printed 384; complete entry and its incidental forms read in docs/references/kroonen_etymological_dictionary_pgmc.pdf (PDF sheets 424).	Selected input *nátilōn (pgmc) remains unchanged; OE continues the old diminutive; base and apparent Faroese zero-grade variant are separately quoted. Germanic origin for Baltic/Slavic plant words preferred to substrate hypothesis because of the net connection.
2140	Kroonen2013	evidence_found	kroonen-core-2140-1	OE niht (night), morphology and semantic family followed to s.v. *naht- on printed 381-382; complete entry and its incidental forms read in docs/references/kroonen_etymological_dictionary_pgmc.pdf (PDF sheets 421,422).	Selected input *náxti (pgmc) remains unchanged; Static t-stem; proposed PIE initial dental lost by dissimilation, with light's t-suffix as parallel. Source stem does not supply selected nominative ending.
2141	Kroonen2013	no_form_found		Completed source-specific OE/English index, lexical/cognate aliases (mare; marōn-; mara; nightmare / incubus / oppressive spirit), dehyphenated whole-body contexts and appropriate alphabetic/semantic entries in docs/references/kroonen_etymological_dictionary_pgmc.pdf; printed 350,354-359,378. No exact-string absence was used as sole basis. Completed etymon/family-scope reassessment distinguishes exact-cell absence from lexical/root evidence and false homonyms.	Horse mare, comparative māra and ghost carrot-name mare are not demonstrated nightmare-family etyma. Completed incubus/nightmare and m- contexts find no source-supported mare spirit family.
2142	Kroonen2013	evidence_found	kroonen-core-2142-1;kroonen-core-2142-2	OE nigon (nine), morphology and semantic family followed to s.v. *newun- on printed 389-390; complete entry and its incidental forms read in docs/references/kroonen_etymological_dictionary_pgmc.pdf (PDF sheets 429,430).	Selected input *nígun (pgmc) remains unchanged; Nine cardinal; West Germanic high-vowel raising before following u explains conditions for w velarization.
2143	Kroonen2013	evidence_found	kroonen-core-2143-1;kroonen-core-2143-2;kroonen-core-2143-3	OE nosu (nose), morphology and semantic family followed to s.v. *nasō- on printed 383-384; complete entry and its incidental forms read in docs/references/kroonen_etymological_dictionary_pgmc.pdf (PDF sheets 423,424).	Selected input *núsō (pgmc) remains unchanged; Explicit a/u alternatives, probably secondary Germanic zero grade after paradigm remodeling; long-o Nordic snout/muzzle also separately printed. PIE traditional a-vocalism versus ablauting s-stem proposal remains attributed.
2144	Kroonen2013	evidence_found	kroonen-core-2144-1	OE ān (one), morphology and semantic family followed to s.v. *aina- on printed 11; complete entry and its incidental forms read in docs/references/kroonen_etymological_dictionary_pgmc.pdf (PDF sheets 49).	Selected input *áinaz (pgmc) remains unchanged; West IE one numeral from the root also underlying forever/age; stem is not an exact selected inflected cell.
2145	Kroonen2013	evidence_found	kroonen-core-2145-1;kroonen-core-2145-2	OE ofn (oven), morphology and semantic family followed to s.v. *ufna- on printed 557-558; complete entry and its incidental forms read in docs/references/kroonen_etymological_dictionary_pgmc.pdf (PDF sheets 597,598).	Selected input *úfnaz (pgmc) remains unchanged; Oven has irregular dialectal fricatives; h-form more probably developed from f-form rather than being oldest, and a third g-protoform is explicitly denied. Prehistoric Wanderwort suggested.
2146	Kroonen2013	evidence_found	kroonen-core-2146-1;kroonen-core-2146-2	OE oxa (ox), morphology and semantic family followed to s.v. *uhsan- on printed 558; complete entry and its incidental forms read in docs/references/kroonen_etymological_dictionary_pgmc.pdf (PDF sheets 598).	Selected input *úxsô (pgmc) remains unchanged; Germanic n-stem; Gothic partial u-stem probably leveled from the quoted dative plural. Inseminator etymology conflicts with calf/castrate senses; growth-root alternative is attributed.
2147	Kroonen2013	evidence_found	kroonen-core-2147-1	OE reġn (rain), morphology and semantic family followed to s.v. *regna- on printed 408; complete entry and its incidental forms read in docs/references/kroonen_etymological_dictionary_pgmc.pdf (PDF sheets 448).	Selected input *régną (pgmc) remains unchanged; Extra-Germanic rain etymology is uncertain; flow comparison possible, dampness-root comparison still less secure.
2148	Kroonen2013	evidence_found	kroonen-core-2147-1;kroonen-core-1963-1	Completed source-specific OE/English index, lexical/cognate aliases (reġnboga; regna-bugan-; rainbow; rain + bow / arc), dehyphenated whole-body contexts and appropriate alphabetic/semantic entries in docs/references/kroonen_etymological_dictionary_pgmc.pdf; printed 109,179,408. No exact-string absence was used as sole basis. Full-entry family-scope reassessment, not exact-cell matching. Full-entry family-scope reassessment, not exact-cell matching. Completed etymon/family-scope reassessment distinguishes exact-cell absence from lexical/root evidence and false homonyms.	Rain noun is first rainbow-component evidence only, not an authored compound. Selected corpus input remains unchanged; source parts of speech, quantities and verification retained. Bow n-stem is second rainbow-component evidence only, not an authored compound or expanded whole nominative. Selected corpus input remains unchanged; source parts of speech, quantities and verification retained. Family-scope audit: Authored regna rain and bugan bow are preserved as separate compound components; no rainbow compound quoted or constructed.
2149	Kroonen2013	evidence_found	kroonen-core-2149-1;kroonen-core-2149-2;kroonen-core-2149-3;kroonen-core-2149-4	OE hræfn (raven), morphology and semantic family followed to s.v. *hrab/ppan- on printed 240-241; complete entry and its incidental forms read in docs/references/kroonen_etymological_dictionary_pgmc.pdf (PDF sheets 280,281).	Selected input *xrábnaz (pgmc) remains unchanged; N-stem thematicization and contamination between nominative and genitive explain fricative/geminate variants; onomatopoeic root probable.
2150	Kroonen2013	evidence_found	kroonen-core-2150-1	OE rǣdan (read), morphology and semantic family followed to s.v. *rēdan- on printed 408; complete entry and its incidental forms read in docs/references/kroonen_etymological_dictionary_pgmc.pdf (PDF sheets 448).	Selected input *rḗdaną (pgmc) remains unchanged; Read developed from counsel/decide/interpret; inherited verb compared with Indo-Iranian succeed/do-right formations.
2151	Kroonen2013	evidence_found	kroonen-core-2151-1	OE rēac (reek), morphology and semantic family followed to s.v. *rauki- on printed 406; complete entry and its incidental forms read in docs/references/kroonen_etymological_dictionary_pgmc.pdf (PDF sheets 446).	Selected input *ráukaz (pgmc) remains unchanged; Smoke/reek i-stem from smoke strong verb; source OE rēc is not the exact selected rēac a-stem cell.
2152	Kroonen2013	evidence_found	kroonen-core-2152-1	OE ræste (rest), morphology and semantic family followed to s.v. *rastō- on printed 405; complete entry and its incidental forms read in docs/references/kroonen_etymological_dictionary_pgmc.pdf (PDF sheets 445).	Selected input *rástōz (pgmc) remains unchanged; Interval/rest formation assigned to rush/course root, explicitly unrelated to the calm/rest ō-stem.
2153	Kroonen2013	evidence_found	kroonen-core-2153-1	OE rīdan (ride), morphology and semantic family followed to s.v. *rīdan- on printed 412; complete entry and its incidental forms read in docs/references/kroonen_etymological_dictionary_pgmc.pdf (PDF sheets 452).	Selected input *rḯdaną (pgmc) remains unchanged; European ride/swing/move verb with Celtic and Baltic cognates; no CAPR ending inferred.
2154	Kroonen2013	no_form_found		Completed source-specific OE/English index, lexical/cognate aliases (rind; rindō-; Rinde / bark / peel), dehyphenated whole-body contexts and appropriate alphabetic/semantic entries in docs/references/kroonen_etymological_dictionary_pgmc.pdf; printed 53,287,328,411. No exact-string absence was used as sole basis. Completed etymon/family-scope reassessment distinguishes exact-cell absence from lexical/root evidence and false homonyms.	Barku bark and Gutn. rind plant homonym do not establish rind bark family. Completed rind-/peel/bark/index contexts find no source-supported rind root genealogy.
2155	Kroonen2013	no_form_found		Completed source-specific OE/English index, lexical/cognate aliases (rocc; rukka-; coat / cloak / tunic; rokk-), dehyphenated whole-body contexts and appropriate alphabetic/semantic entries in docs/references/kroonen_etymological_dictionary_pgmc.pdf; printed 394-418. No exact-string absence was used as sole basis. Completed etymon/family-scope reassessment distinguishes exact-cell absence from lexical/root evidence and false homonyms.	Paidō coat, armor terms, rye rugi and rock/scrape rukk iteratives are other etyma. Completed garment and rukk/rocc contexts do not reconstruct the coat family.
2156	Kroonen2013	evidence_found	kroonen-core-2156-1;kroonen-core-2156-2;kroonen-core-2156-3	OE - (roe), morphology and semantic family followed to s.v. *raiha(n)- on printed 402-403; complete entry and its incidental forms read in docs/references/kroonen_etymological_dictionary_pgmc.pdf (PDF sheets 442,443).	Selected input *ráixōn (pgmc) remains unchanged; Roe-deer n-stem may derive from grey adjective; female deer derivative and rejected voiced-g alternative separately retained, not converted into unattested OE target.
2157	Kroonen2013	no_form_found		Completed source-specific OE/English index, lexical/cognate aliases (rōd; rōdō-; rood / cross / pole; rod), dehyphenated whole-body contexts and appropriate alphabetic/semantic entries in docs/references/kroonen_etymological_dictionary_pgmc.pdf; printed 405-417. No exact-string absence was used as sole basis. Completed etymon/family-scope reassessment distinguishes exact-cell absence from lexical/root evidence and false homonyms.	Galgan gallows/stake and rōdjan speak have different etyma. Cross/pole/rod contexts and rōd aliases do not supply rood family reconstruction.
2158	Kroonen2013	evidence_found	kroonen-core-2158-1	OE rūm (room), morphology and semantic family followed to s.v. *rūma- on printed 418; complete entry and its incidental forms read in docs/references/kroonen_etymological_dictionary_pgmc.pdf (PDF sheets 458).	Selected input *rūmą (pgmc) remains unchanged; Space noun explicitly printed within roomy adjective entry; mo-stem to open root, preserving source nominal usage.
2159	Kroonen2013	evidence_found	kroonen-core-2159-1	OE rāp (rope), morphology and semantic family followed to s.v. *raipa- on printed 403; complete entry and its incidental forms read in docs/references/kroonen_etymological_dictionary_pgmc.pdf (PDF sheets 443).	Selected input *ráipą (pgmc) remains unchanged; Strap/rope formation has shortened geminate p explained with Kluge's law; no exact masculine nominative is assembled.
2160	Kroonen2013	evidence_found	kroonen-core-2160-1	OE rōþor (rudder), morphology and semantic family followed to s.v. *rōpra- on printed 416; complete entry and its incidental forms read in docs/references/kroonen_etymological_dictionary_pgmc.pdf (PDF sheets 456).	Selected input *rōθraz (pgmc) remains unchanged; Instrumental to row; the tu-stem rowing noun is a distinct formation, not a rudder citation.
2161	Kroonen2013	evidence_found	kroonen-core-2161-1	OE rinnan (run), morphology and semantic family followed to s.v. *rinnan- on printed 413-414; complete entry and its incidental forms read in docs/references/kroonen_etymological_dictionary_pgmc.pdf (PDF sheets 453,454).	Selected input *rínnaną (pgmc) remains unchanged; Transitive nasal present or medio-passive ancestry possible; laryngeal gemination or nu-assimilation alternatives, followed by PGmc raising and reanalysis into class3.
2162	Kroonen2013	evidence_found	kroonen-core-2162-1;kroonen-core-2162-2;kroonen-core-2162-3	OE rust (rust), morphology and semantic family followed to s.v. *rauda- on printed 406; complete entry and its incidental forms read in docs/references/kroonen_etymological_dictionary_pgmc.pdf (PDF sheets 446). OE rust (rust), morphology and semantic family followed to s.v. *reuda- on printed 409-410; complete entry and its incidental forms read in docs/references/kroonen_etymological_dictionary_pgmc.pdf (PDF sheets 449,450). OE rust (rust), morphology and semantic family followed to s.v. *rudēn-w.v. on printed 416; complete entry and its incidental forms read in docs/references/kroonen_etymological_dictionary_pgmc.pdf (PDF sheets 456). Completed etymon/family-scope reassessment distinguishes exact-cell absence from lexical/root evidence and false homonyms.	Selected input *rústō (pgmc) remains unchanged; Red/rust root-family comparison, not a quoted rust noun. Preserve the adjective and author's h₁roudh analysis rather than infer a st-suffixed whole word. Selected input *rústō (pgmc) remains unchanged; Independent actual grade alternative in red family; no source rūs-/rustō noun is fabricated. Selected input *rústō (pgmc) remains unchanged; Actual zero-grade redness-family formation with long ē suffix, not selected rust noun or a quantity-normalized rūs quotation. Family-scope audit: Rauda/reuda adjectives and rudēn stative preserve actual red/rust root-family comparison. Ēma OE ōm rust is a different raw-skin family, not equated with selected rust.
2163	Kroonen2013	evidence_found	kroonen-core-2163-1;kroonen-core-2163-2	OE ryġe (rye), morphology and semantic family followed to s.v. *rugi- on printed 416; complete entry and its incidental forms read in docs/references/kroonen_etymological_dictionary_pgmc.pdf (PDF sheets 456).	Selected input *rúgiz (pgmc) remains unchanged; Primary rye i-stem beside secondary n-stem; Balto-Slavic distribution suggests a post-IE origin, while rice is explicitly unrelated.
2164	Kroonen2013	evidence_found	kroonen-core-2164-1	OE seġl (sail), morphology and semantic family followed to s.v. *segla- on printed 430-431; complete entry and its incidental forms read in docs/references/kroonen_etymological_dictionary_pgmc.pdf (PDF sheets 470,471).	Selected input *séglą (pgmc) remains unchanged; Germanic-Celtic sail isogloss if not borrowing; cut-cloth, preferred Baltic shawl and alternative mast/lump connections remain competing proposals.
2165	Kroonen2013	evidence_found	kroonen-core-2165-1	OE sacu (sake), morphology and semantic family followed to s.v. *sakō- on printed 424; complete entry and its incidental forms read in docs/references/kroonen_etymological_dictionary_pgmc.pdf (PDF sheets 464).	Selected input *sákō (pgmc) remains unchanged; Case/lawsuit noun to strong fight/contend verb; no inferred inflection added.
2166	Kroonen2013	evidence_found	kroonen-core-2166-1	OE sealt (salt), morphology and semantic family followed to s.v. *salta- on printed 425; complete entry and its incidental forms read in docs/references/kroonen_etymological_dictionary_pgmc.pdf (PDF sheets 465).	Selected input *sáltą (pgmc) remains unchanged; Neuter collective with dental suffix, connected with old IE ablauting l-stem and parallel sweet suffix.
2167	Kroonen2013	evidence_found	kroonen-core-2167-1	OE sealf (salve), morphology and semantic family followed to s.v. *salbo- on printed 424; complete entry and its incidental forms read in docs/references/kroonen_etymological_dictionary_pgmc.pdf (PDF sheets 464).	Selected input *sálbō (pgmc) remains unchanged; Salve noun with Tocharian oil/ointment and other IE grease cognates; denominal anoint is distinct.
2168	Kroonen2013	evidence_found	kroonen-core-2168-1;kroonen-core-2168-2;kroonen-core-2168-3;kroonen-core-2168-4;kroonen-core-2168-5;kroonen-core-2168-6	OE sæp (sap), morphology and semantic family followed to s.v. *saf/ppan-m. on printed 420; complete entry and its incidental forms read in docs/references/kroonen_etymological_dictionary_pgmc.pdf (PDF sheets 460).	Selected input *sápą (pgmc) remains unchanged; Dialectal dissolution of a primary n-stem yields multiple sap stems; keep nominative and genitive separately and do not merge zero-grade soak iterative.
2169	Kroonen2013	evidence_found	kroonen-core-2169-1	OE sǣ (sea), morphology and semantic family followed to s.v. *saiwi- on printed 423; complete entry and its incidental forms read in docs/references/kroonen_etymological_dictionary_pgmc.pdf (PDF sheets 463).	Selected input *sáiwiz (pgmc) remains unchanged; I-stem/Northwest Germanic a-stem probably derived from flow/leak; no source whole nominative assembled.
2170	Kroonen2013	evidence_found	kroonen-core-2170-1	OE sēam (seam), morphology and semantic family followed to s.v. *sauma-m. on printed 427-428; complete entry and its incidental forms read in docs/references/kroonen_etymological_dictionary_pgmc.pdf (PDF sheets 467,468).	Selected input *sáumaz (pgmc) remains unchanged; Mo-stem to sew with Pre-Germanic loss of i; seam verb is a separate derived formation.
2171	Kroonen2013	evidence_found	kroonen-core-2171-1	OE sēċan (seek), morphology and semantic family followed to s.v. *sōkjan- on printed 464; complete entry and its incidental forms read in docs/references/kroonen_etymological_dictionary_pgmc.pdf (PDF sheets 504).	Selected input *sōkijaną (pgmc) remains unchanged; Seek verb resembles causative synchronically, but e-grade Greek/Latin and noncausative sense disfavor that historical account.
2172	Kroonen2013	evidence_found	kroonen-core-2172-1	OE sendan (send), morphology and semantic family followed to s.v. *sandjan- on printed 426; complete entry and its incidental forms read in docs/references/kroonen_etymological_dictionary_pgmc.pdf (PDF sheets 466).	Selected input *sándijaną (pgmc) remains unchanged; Causative of go/travel, not a freely normalized citation to CAPR's full infinitive.
2173	Kroonen2013	evidence_found	kroonen-core-2173-1	OE settan (set), morphology and semantic family followed to s.v. *satjan- on printed 427; complete entry and its incidental forms read in docs/references/kroonen_etymological_dictionary_pgmc.pdf (PDF sheets 467).	Selected input *sátjaną (pgmc) remains unchanged; Causative of sit with Iranian/Slavic comparisons.
2174	Kroonen2013	evidence_found	kroonen-core-2174-1;kroonen-core-2174-2;kroonen-core-2174-3	OE seofon (seven), morphology and semantic family followed to s.v. *sebun- on printed 429; complete entry and its incidental forms read in docs/references/kroonen_etymological_dictionary_pgmc.pdf (PDF sheets 469).	Selected input *sébun (pgmc) remains unchanged; Rejected Semitic borrowing versus preferred loss of dental by ordinal dissimilation; final n also attributed to ordinal influence, retaining IE/pre-Germanic comparisons as such.
2175	Kroonen2013	evidence_found	kroonen-core-2175-1;kroonen-core-2175-2;kroonen-core-2175-3;kroonen-core-2175-4;kroonen-core-2175-5	OE sċeaft (shaft), morphology and semantic family followed to s.v. *skap(j)an- on printed 440; complete entry and its incidental forms read in docs/references/kroonen_etymological_dictionary_pgmc.pdf (PDF sheets 480). OE sċeaft (shaft), morphology and semantic family followed to s.v. *skapp/bōn- on printed 440; complete entry and its incidental forms read in docs/references/kroonen_etymological_dictionary_pgmc.pdf (PDF sheets 480). OE sċeaft (shaft), morphology and semantic family followed to s.v. *skaban- on printed 438; complete entry and its incidental forms read in docs/references/kroonen_etymological_dictionary_pgmc.pdf (PDF sheets 478). Completed etymon/family-scope reassessment distinguishes exact-cell absence from lexical/root evidence and false homonyms.	Selected input *skáftą (pgmc) remains unchanged; Author tentatively connects creation to scrape/hollowing-out iteratives. This supplies skap/skaf-family comparison, not an authored shaft noun; that lexical derivation is not asserted as settled. Selected input *skáftą (pgmc) remains unchanged; Actually printed skap-family nominal formation, with identical skaft root cluster but different noun/suffix/sense. Relevant qualified family comparator, explicitly NOT labelled shaft. Selected input *skáftą (pgmc) remains unchanged; Author questions the relation to form/create; maintain that qualification rather than declaring a shaft etymology. Selected input *skáftą (pgmc) remains unchanged; Actual printed variant supported by MDu. schobben; independently recorded as a qualified family comparator. Selected input *skáftą (pgmc) remains unchanged; Explicit primary counterpart of the iterative; material-shaping family evidence only, not an exact shaft noun. Family-scope audit: Skap(j)an and skafti first-fruits, with author-qualified scrape/form relation and actual scrape iteratives, supply qualified shaping/shaft family comparators. Skafti is explicitly not labelled shaft; lexical genealogy is not settled.
2176	Kroonen2013	evidence_found	kroonen-core-2176-1	OE sċamu (shame), morphology and semantic family followed to s.v. *skamō- on printed 439-440; complete entry and its incidental forms read in docs/references/kroonen_etymological_dictionary_pgmc.pdf (PDF sheets 479,480).	Selected input *skámō (pgmc) remains unchanged; No established etymology; short/maimed/crooked connections are phonetically problematic, with darkness-root alternative proposed. Nordic geminate remains unexplained.
2177	Kroonen2013	evidence_found	kroonen-core-2177-1	OE sċieran (shear), morphology and semantic family followed to s.v. *skeran- on printed 443-444; complete entry and its incidental forms read in docs/references/kroonen_etymological_dictionary_pgmc.pdf (PDF sheets 483,484).	Selected input *skéraną (pgmc) remains unchanged; Strong cut/shear verb of European distribution, with Celtic and Baltic parallels.
2178	Kroonen2013	no_form_found		Completed source-specific OE/English index, lexical/cognate aliases (sċēaþ; skaiþi-; sheath / scabbard; Scheide), dehyphenated whole-body contexts and appropriate alphabetic/semantic entries in docs/references/kroonen_etymological_dictionary_pgmc.pdf; printed 440-445. No exact-string absence was used as sole basis. Completed etymon/family-scope reassessment distinguishes exact-cell absence from lexical/root evidence and false homonyms.	Fōdra sheath/casing is a protect instrumental, different from skaiþ family. Source's skel cut/split formations are not automatically skaiþ genealogy; completed sheath and skai/skī/index contexts find no demonstrated same family.
2179	Kroonen2013	evidence_found	kroonen-core-2179-1	OE sċēap (sheep), morphology and semantic family followed to s.v. *skēpa- on printed 443; complete entry and its incidental forms read in docs/references/kroonen_etymological_dictionary_pgmc.pdf (PDF sheets 483).	Selected input *skḗpą (pgmc) remains unchanged; Sheep probably from shave/shear; Germanic b-variety is supported by old sheepskin forms rather than universally assuming p.
2180	Kroonen2013	evidence_found	kroonen-core-2180-1	OE sċield (shield), morphology and semantic family followed to s.v. *skeldu- on printed 442; complete entry and its incidental forms read in docs/references/kroonen_etymological_dictionary_pgmc.pdf (PDF sheets 482).	Selected input *skélduz (pgmc) remains unchanged; Tu-stem to split/slice root; coin sense of Frisian shield underlies a separate shilling derivation.
2181	Kroonen2013	evidence_found	kroonen-core-2181-1	OE sċilling (shilling), morphology and semantic family followed to s.v. *skeldu- on printed 442; complete entry and its incidental forms read in docs/references/kroonen_etymological_dictionary_pgmc.pdf (PDF sheets 482).	Selected input *skíllingaz (pgmc) remains unchanged; Explicit shilling reconstruction embedded in shield entry and attributed to Schröder1918; do not hide this form as discussion-only.
2182	Kroonen2013	evidence_found	kroonen-core-2182-1	OE sċīnan (shine), morphology and semantic family followed to s.v. *skinan- on printed 445-446; complete entry and its incidental forms read in docs/references/kroonen_etymological_dictionary_pgmc.pdf (PDF sheets 485,486).	Selected input *skḯnaną (pgmc) remains unchanged; Shine verb compared with old shadow/reflection formation and Slavic shine; read continuation for a possible underlying i-present.
2183	Kroonen2013	evidence_found	kroonen-core-2183-1;kroonen-core-2183-2	OE sċuldrum (shoulder), morphology and semantic family followed to s.v. *skuldra- on printed 450; complete entry and its incidental forms read in docs/references/kroonen_etymological_dictionary_pgmc.pdf (PDF sheets 490).	Selected input *skúldramiz (pgmc) remains unchanged; West Germanic shoulder masculine stem plus High German feminine jan-variant; neither quotes selected dative plural, so endings remain CAPR assembly.
2184	Kroonen2013	evidence_found	kroonen-core-2184-1;kroonen-core-2184-2	OE sċēaf (shove), morphology and semantic family followed to s.v. *skūban- on printed 444-445; complete entry and its incidental forms read in docs/references/kroonen_etymological_dictionary_pgmc.pdf (PDF sheets 484,485).	Selected input *skáub (pgmc) remains unchanged; Explicit full-grade and lengthened-u shove variants; ks→sk metathesis, iterative connection, and unrelated Slavic tear distinguished.
2185	Kroonen2013	evidence_found	kroonen-core-2185-1	OE sċofl (shovel), morphology and semantic family followed to s.v. *skūban- on printed 445; complete entry and its incidental forms read in docs/references/kroonen_etymological_dictionary_pgmc.pdf (PDF sheets 484,485).	Selected input *skúflō (pgmc) remains unchanged; Incidental shovel/vane noun to shove; source long-u stem is not silently shortened into CAPR's input.
2186	Kroonen2013	evidence_found	kroonen-core-2186-1	OE sċēawian (show), morphology and semantic family followed to s.v. *skawa- on printed 442; complete entry and its incidental forms read in docs/references/kroonen_etymological_dictionary_pgmc.pdf (PDF sheets 482).	Selected input *skáwōjaną (pgmc) remains unchanged; Show/inspect verb explicitly quoted inside observant adjective entry; cross-references to beautiful and mirror preserve see-root analysis. Imperative and 3sg are separate corpus cells sharing the stem, not quoted inflections.
2187	Kroonen2013	evidence_found	kroonen-core-2187-1;kroonen-core-2187-2;kroonen-core-2187-3;kroonen-core-2187-4	OE sċūr (shower), morphology and semantic family followed to s.v. *skūra/ō- on printed 451; complete entry and its incidental forms read in docs/references/kroonen_etymological_dictionary_pgmc.pdf (PDF sheets 491).	Selected input *skūrō (pgmc) remains unchanged; Author proposes heteroclitic cloud/shower noun, genitive n-stem and possible dative precursor; north-wind comparisons rejected, not normalized into a single stem.
2188	Kroonen2013	evidence_found	kroonen-core-2188-1	OE sīde (side), morphology and semantic family followed to s.v. *sīda- on printed 435; complete entry and its incidental forms read in docs/references/kroonen_etymological_dictionary_pgmc.pdf (PDF sheets 475).	Selected input *sḯdōn (pgmc) remains unchanged; Side feminine derivative inside long/wide adjective entry, through broad-surface meaning; preserve source n-stem rather than hiding incidental reconstruction.
2189	Kroonen2013	no_form_found		Completed source-specific OE/English index, lexical/cognate aliases (sife; sibi-; sieve / Sieb / strainer; sīhan / hreþ-), dehyphenated whole-body contexts and appropriate alphabetic/semantic entries in docs/references/kroonen_etymological_dictionary_pgmc.pdf; printed 245-250,430,435-436. No exact-string absence was used as sole basis. Completed etymon/family-scope reassessment distinguishes exact-cell absence from lexical/root evidence and false homonyms.	Hrīdra riddle/shake, sēdla and sihwan percolate/seikʷ families are other etyma. Filtering meaning alone does not establish sibi sieve root; completed sife/Sieb/index contexts find no reconstruction of that family.
2190	Kroonen2013	evidence_found	kroonen-core-2190-1	OE singan (sing), morphology and semantic family followed to s.v. *singwan- on printed 437; complete entry and its incidental forms read in docs/references/kroonen_etymological_dictionary_pgmc.pdf (PDF sheets 477).	Selected input *síngwaną (pgmc) remains unchanged; Germanic-Greek sing/voice isogloss; West Norse w-mutation versus East Norse w-breaking distinguishes reflexes.
2191	Kroonen2013	no_form_found		Completed source-specific OE/English index, lexical/cognate aliases (senġan; sangjan-; singe / scorch; seng-), dehyphenated whole-body contexts and appropriate alphabetic/semantic entries in docs/references/kroonen_etymological_dictionary_pgmc.pdf; printed 76,461,498,502. No exact-string absence was used as sole basis. Completed etymon/family-scope reassessment distinguishes exact-cell absence from lexical/root evidence and false homonyms.	Broan singe, sweþ/swiþ burn and singwan sing are different families. No senġ/sang singe root family found after complete scorching and seng/index contexts.
2192	Kroonen2013	evidence_found	kroonen-core-2192-1	OE swester (sister), morphology and semantic family followed to s.v. *swester- on printed 500; complete entry and its incidental forms read in docs/references/kroonen_etymological_dictionary_pgmc.pdf (PDF sheets 540).	Selected input *swéstēr (pgmc) remains unchanged; IE sister; ter-suffix either brother analogy or epenthetic dental spreading from original genitive, with alternatives retained rather than automatically resolving them.
2194	Kroonen2013	evidence_found	kroonen-core-2194-1	OE six (six), morphology and semantic family followed to s.v. *sehs on printed 431; complete entry and its incidental forms read in docs/references/kroonen_etymological_dictionary_pgmc.pdf (PDF sheets 471).	Selected input *séxs (pgmc) remains unchanged; Six cardinal; originally w-initial on Prussian ordinal evidence, with s probably borrowed from seven. Bare source citation does not add corpus endings.
2195	Kroonen2013	evidence_found	kroonen-core-2195-1	OE slēan (slay), morphology and semantic family followed to s.v. *slahan- on printed 452; complete entry and its incidental forms read in docs/references/kroonen_etymological_dictionary_pgmc.pdf (PDF sheets 492).	Selected input *sláxaną (pgmc) remains unchanged; Germanic-Celtic slay/strike isogloss, possibly originally onomatopoeic.
2196	Kroonen2013	evidence_found	kroonen-core-2196-1	OE slǣpan (sleep), morphology and semantic family followed to s.v. *slēpan- on printed 453-454; complete entry and its incidental forms read in docs/references/kroonen_etymological_dictionary_pgmc.pdf (PDF sheets 493,494).	Selected input *slḗpaną (pgmc) remains unchanged; Strong sleep verb probably back-formed to geminate iterative; long ē may reflect analogical long counterpart of a, requiring early low realization, as a proposal rather than settled chronology.
2197	Kroonen2013	evidence_found	kroonen-core-2197-1	OE slīm (slime), morphology and semantic family followed to s.v. *slīma- on printed 455; complete entry and its incidental forms read in docs/references/kroonen_etymological_dictionary_pgmc.pdf (PDF sheets 495).	Selected input *slḯmą (pgmc) remains unchanged; European slime/saliva root, with snail/slug derivatives and wa-stem cross-reference; not merely agreement with CAPR.
2199	Kroonen2013	evidence_found	kroonen-core-2199-1	OE snāw (snow), morphology and semantic family followed to s.v. *snaiwa- on printed 460; complete entry and its incidental forms read in docs/references/kroonen_etymological_dictionary_pgmc.pdf (PDF sheets 500).	Selected input *snáiwaz (pgmc) remains unchanged; O-grade thematic snow noun to strong snow verb; distinct from Latin zero-grade root noun.
2200	Kroonen2013	evidence_found	kroonen-core-2200-1	OE sorg (sorrow), morphology and semantic family followed to s.v. *surgō- on printed 493-494; complete entry and its incidental forms read in docs/references/kroonen_etymological_dictionary_pgmc.pdf (PDF sheets 533,534).	Selected input *súrgō (pgmc) remains unchanged; Sergh/suergh variability and analogical sw in OHG; Illness/care cognates are proposals, not automatic normalization.
2201	Kroonen2013	evidence_found	kroonen-core-2201-1	OE sāwol (soul), morphology and semantic family followed to s.v. *saiwalō- on printed 423; complete entry and its incidental forms read in docs/references/kroonen_etymological_dictionary_pgmc.pdf (PDF sheets 463).	Selected input *sáiwalō (pgmc) remains unchanged; West Germanic soul word possibly non-IE; Baltic/Slavic comparison close but suffix differs, and Nordic forms are borrowings.
2202	Kroonen2013	evidence_found	kroonen-core-2202-1	OE spannan (span), morphology and semantic family followed to s.v. *spannan- on printed 465; complete entry and its incidental forms read in docs/references/kroonen_etymological_dictionary_pgmc.pdf (PDF sheets 505).	Selected input *spánnaną (pgmc) remains unchanged; O-grade intensive from thematic nasal present; regular dental loss between nasals is preferred over laryngeal gemination and a spin connection.
2203	Kroonen2013	evidence_found	kroonen-core-2202-1	Completed source-specific OE/English index, lexical/cognate aliases (spanne; spannō-/spannai; span noun / measure; spannan verb), dehyphenated whole-body contexts and appropriate alphabetic/semantic entries in docs/references/kroonen_etymological_dictionary_pgmc.pdf; printed 465-467. No exact-string absence was used as sole basis. Full-entry family-scope reassessment, not exact-cell matching. Completed etymon/family-scope reassessment distinguishes exact-cell absence from lexical/root evidence and false homonyms.	Stretch/span verb is genuine span-family evidence for the separately selected nominal cell, not a source quotation of spánnai. Selected corpus input remains unchanged; source parts of speech, quantities and verification retained. Family-scope audit: Spannan stretch/span supports nominal span comparison; no spánnai ending or nominal quotation is fabricated.
2204	Kroonen2013	evidence_found	kroonen-core-2204-1;kroonen-core-2204-2;kroonen-core-2204-3;kroonen-core-2204-4;kroonen-core-2204-5	OE spearra (spar), morphology and semantic family followed to s.v. *spar(r)an- on printed 466; complete entry and its incidental forms read in docs/references/kroonen_etymological_dictionary_pgmc.pdf (PDF sheets 506).	Selected input *spárrô (pgmc) remains unchanged; N-stem inflection explains single/geminate r variation; nominative and genitive separately printed, with spear relationship.
2205	Kroonen2013	evidence_found	kroonen-core-2205-1	OE sparian (spare), morphology and semantic family followed to s.v. *spara- on printed 465-466; complete entry and its incidental forms read in docs/references/kroonen_etymological_dictionary_pgmc.pdf (PDF sheets 505,506).	Selected input *spárōjaną (preoe) remains unchanged; Spare/save verb is explicitly printed with ēn stem, not silently rewritten as selected ōjan formation; rich→frugal semantic shift of adjective predates Slavic borrowing completion.
2206	Kroonen2013	evidence_found	kroonen-core-2206-1	OE speoru (spear), morphology and semantic family followed to s.v. *speru- on printed 467; complete entry and its incidental forms read in docs/references/kroonen_etymological_dictionary_pgmc.pdf (PDF sheets 507).	Selected input *spéru (pgmc) remains unchanged; European spear formation; Latin syllabic-resonant outcome implies root-final laryngeal, with spar n-stem cross-reference.
2208	Kroonen2013	evidence_found	kroonen-core-2208-1;kroonen-core-2208-2	OE spinl (spindle), morphology and semantic family followed to s.v. *spinnan- on printed 467; complete entry and its incidental forms read in docs/references/kroonen_etymological_dictionary_pgmc.pdf (PDF sheets 507,508). Completed etymon/family-scope reassessment distinguishes exact-cell absence from lexical/root evidence and false homonyms.	Selected input *spénnilō (pgmc) remains unchanged; Same spin-family evidence as original spin-kroonen-stem, separately attached here so the inherited record remains exactly unchanged. Does not quote the selected spindle noun. Selected input *spénnilō (pgmc) remains unchanged; Actual u-grade spin-family noun, NOT a spindle noun. Positive family comparison does not change its gloss or grammatical cell; needle-derived Nordic spindle is unrelated and excluded. Family-scope audit: Spinnan verb and spunan yarn/spinning noun are positive spin-family evidence. Spunan remains NOT spindle; needle-derived snēdljōn and Sanskrit tarku are different families, not evidence for the selected spinl root.
2209	Kroonen2013	no_form_found		Completed source-specific OE/English index, lexical/cognate aliases (spōn; spōnu-/spēnu-; spoon / shaving / splinter), dehyphenated whole-body contexts and appropriate alphabetic/semantic entries in docs/references/kroonen_etymological_dictionary_pgmc.pdf; printed 326-328,465-468. No exact-string absence was used as sole basis. Completed etymon/family-scope reassessment distinguishes exact-cell absence from lexical/root evidence and false homonyms.	Spenan nipple/suck and speldā wood-splinter formations are not shown to be spoon/spōn family in the source. Spoon/shaving and spōn/index contexts contain no source-supported same root; semantic implement equivalence is insufficient.
2210	Kroonen2013	evidence_found	kroonen-core-2210-1;kroonen-core-2210-2	OE sprǣdan (spread), morphology and semantic family followed to s.v. *spraidjan- on printed 469; complete entry and its incidental forms read in docs/references/kroonen_etymological_dictionary_pgmc.pdf (PDF sheets 509).	Selected input *spráidijaną (pgmc) remains unchanged; Causative to sprīþan; t-variant reflects iterative influence, and both printed variants are retained.
2211	Kroonen2013	evidence_found	kroonen-core-2211-1;kroonen-core-2211-2;kroonen-core-2211-3;kroonen-core-2211-4	OE spora (spur), morphology and semantic family followed to s.v. *spurjan- on printed 471; complete entry and its incidental forms read in docs/references/kroonen_etymological_dictionary_pgmc.pdf (PDF sheets 511). OE spora (spur), morphology and semantic family followed to s.v. *spurnan- on printed 471; complete entry and its incidental forms read in docs/references/kroonen_etymological_dictionary_pgmc.pdf (PDF sheets 511). Completed etymon/family-scope reassessment distinguishes exact-cell absence from lexical/root evidence and false homonyms.	Selected input *spúrô (pgmc) remains unchanged; Source explicitly derives track from spurnan kick. Relevant foot/kick/trace family comparison, not an authored spur implement n-stem or an equation by gloss alone. Selected input *spúrô (pgmc) remains unchanged; Actually printed derivative of spura track; not labelled spur implement. Selected input *spúrô (pgmc) remains unchanged; Foot-action family evidence for spur comparison, with source's nasal present/root-aorist proposal retained; no nominal ending invented. Selected input *spúrô (pgmc) remains unchanged; Separate actually printed full-grade variant; not normalized into spur n-stem. Family-scope audit: Actual spurnan/spernan kick, spura trace and spurjan track derivatives support spur-foot family comparison with their own cells, not an implement n-stem quote.
2212	Kroonen2013	evidence_found	kroonen-core-2212-1	OE stæf (staff), morphology and semantic family followed to s.v. *staba-m. on printed 471-472; complete entry and its incidental forms read in docs/references/kroonen_etymological_dictionary_pgmc.pdf (PDF sheets 511,512).	Selected input *stábaz (pgmc) remains unchanged; Celtic/Baltic quantity correspondence points to original a rather than o; staff/letter stem kept without invented nominative.
2213	Kroonen2013	evidence_found	kroonen-core-2213-1;kroonen-core-2213-2;kroonen-core-2213-3;kroonen-core-2213-4	OE styrtan (start), morphology and semantic family followed to s.v. *staurjan- on printed 476; complete entry and its incidental forms read in docs/references/kroonen_etymological_dictionary_pgmc.pdf (PDF sheets 516). Completed etymon/family-scope reassessment distinguishes exact-cell absence from lexical/root evidence and false homonyms.	Selected input *stúrtijaną (pgmc) remains unchanged; OE styrian explicitly cited for this motion-family derivative. Relevant stur-motion family comparison without asserting Kroonen quotes styrtan or its t-extension. Etymology remains uncertain in source. Selected input *stúrtijaną (pgmc) remains unchanged; Source's distinct full-grade disturbance formation; do not change its gloss to start or assert the selected t-extension. Selected input *stúrtijaną (pgmc) remains unchanged; Explicit base of staurjan factitive; distinct part of speech within the qualified motion/disturbance comparison. Selected input *stúrtijaną (pgmc) remains unchanged; Actually printed parenthesized-prefix formation. Neither a start verb nor an assembled optional whole word. Family-scope audit: Actual sturjan stir/put-in-motion and source's disturbance formations provide qualified motion/start-family comparison, not an asserted t-extended styrtan quotation. Source's uncertain etymology remains explicit.
2214	Kroonen2013	evidence_found	kroonen-core-2214-1	OE steorfan (starve), morphology and semantic family followed to s.v. *sterban- on printed 477-478; complete entry and its incidental forms read in docs/references/kroonen_etymological_dictionary_pgmc.pdf (PDF sheets 517,518).	Selected input *stérbaną (pgmc) remains unchanged; European stiffen→die verb, with Baltic/Greek/Russian cognates and strong-adjective cross-reference.
2215	Kroonen2013	evidence_found	kroonen-core-2215-1	OE stelan (steal), morphology and semantic family followed to s.v. *stelan- on printed 476-477; complete entry and its incidental forms read in docs/references/kroonen_etymological_dictionary_pgmc.pdf (PDF sheets 516,517).	Selected input *stélaną (pgmc) remains unchanged; Sneak/stealth rather than steal is argued oldest meaning; Sanskrit/Armenian connection and ts→st metathesis preferred over crossed roots.
2216	Kroonen2013	no_form_found		Completed source-specific OE/English index, lexical/cognate aliases (stefn; stamni-; stem / trunk / support; stemn / voice), dehyphenated whole-body contexts and appropriate alphabetic/semantic entries in docs/references/kroonen_etymological_dictionary_pgmc.pdf; printed 473,480-481. No exact-string absence was used as sole basis. Completed etymon/family-scope reassessment distinguishes exact-cell absence from lexical/root evidence and false homonyms.	Stibna/stimnō voice is a different source etymology from tree/trunk stem. Stand/wood/support semantics alone do not establish stamni genealogy; completed stemn/stock/index contexts find no family reconstruction.
2217	Kroonen2013	no_form_found		Completed source-specific OE/English index, lexical/cognate aliases (stillan; stellijan-; stillen; still / calm / quiet; stellan put), dehyphenated whole-body contexts and appropriate alphabetic/semantic entries in docs/references/kroonen_etymological_dictionary_pgmc.pdf; printed 350,358,472-473,480. No exact-string absence was used as sole basis. Completed etymon/family-scope reassessment distinguishes exact-cell absence from lexical/root evidence and false homonyms.	Stalla/stalljan put belongs to author's steh₂-dhlo standing-instrument family. Source does not connect quiet/calm still-family to this etymology; stell spelling/semantic stillness inference alone cannot establish the connection. Complete quiet and index contexts give no source-supported quiet family.
2218	Kroonen2013	no_form_found		Completed source-specific OE/English index, lexical/cognate aliases (steltjōn-; stilt; Stelze; support / tall pole), dehyphenated whole-body contexts and appropriate alphabetic/semantic entries in docs/references/kroonen_etymological_dictionary_pgmc.pdf; printed 472-487. No exact-string absence was used as sole basis. Completed etymon/family-scope reassessment distinguishes exact-cell absence from lexical/root evidence and false homonyms.	Nonrunnable row still fully reviewed. Completed stilt/stelt/Stelze, support/pole, standing and index contexts give no stilt-family reconstruction; generic standing word is not enough.
2219	Kroonen2013	evidence_found	kroonen-core-2219-1	OE stocc (stock), morphology and semantic family followed to s.v. *stukka- on printed 487; complete entry and its incidental forms read in docs/references/kroonen_etymological_dictionary_pgmc.pdf (PDF sheets 527).	Selected input *stúkkaz (pgmc) remains unchanged; Stick noun to stick/stab strong verb resembles a Pre-Germanic participle; u-grade secondarily created.
2220	Kroonen2013	evidence_found	kroonen-core-2220-1	OE stān (stone), morphology and semantic family followed to s.v. *staina- on printed 472; complete entry and its incidental forms read in docs/references/kroonen_etymological_dictionary_pgmc.pdf (PDF sheets 512).	Selected input *stáinaz (pgmc) remains unchanged; No-stem to stiffen root, itself perhaps an i-present of stand.
2221	Kroonen2013	evidence_found	kroonen-core-2221-1;kroonen-core-2221-2	OE stōl (stool), morphology and semantic family followed to s.v. *stōla- on printed 481; complete entry and its incidental forms read in docs/references/kroonen_etymological_dictionary_pgmc.pdf (PDF sheets 521).	Selected input *stōlaz (pgmc) remains unchanged; Stand-derived chair versus Peter Kerkhof's alternative sit-root l-stem thematicization; Slavic/Lithuanian table is probably separate.
2222	Kroonen2013	evidence_found	kroonen-core-2222-1;kroonen-core-2222-2;kroonen-core-2222-3;kroonen-core-2222-4;kroonen-core-2222-5;kroonen-core-2222-6;kroonen-core-2222-7	OE storc (stork), morphology and semantic family followed to s.v. *sturki- on printed 488; complete entry and its incidental forms read in docs/references/kroonen_etymological_dictionary_pgmc.pdf (PDF sheets 528). OE storc (stork), morphology and semantic family followed to s.v. *starka- on printed 474-475; complete entry and its incidental forms read in docs/references/kroonen_etymological_dictionary_pgmc.pdf (PDF sheets 514,515). OE storc (stork), morphology and semantic family followed to s.v. *starka- on printed 475; complete entry and its incidental forms read in docs/references/kroonen_etymological_dictionary_pgmc.pdf (PDF sheets 514,515). Completed etymon/family-scope reassessment distinguishes exact-cell absence from lexical/root evidence and false homonyms.	Selected input *stúrkaz (pgmc) remains unchanged; Source's sturk/sterg stiffness family supplies a qualified formal/etymological comparison, NOT a bird reconstruction. Specific naming of stork from stiffness is not stated by this entry. Selected input *stúrkaz (pgmc) remains unchanged; Author says reality is confirmed by the corresponding inchoative; preserve conjectural lost-verb status and do not call this stork. Selected input *stúrkaz (pgmc) remains unchanged; Actual strength/stiffness-family formation behind cited Gothic/Nordic/OHG verbs; not an avian noun. Selected input *stúrkaz (pgmc) remains unchanged; Related stiffness-family comparison only; preserve source's meaning and explicit rejection of direct sterka ablaut. Selected input *stúrkaz (pgmc) remains unchanged; Author rejects this analysis because expected Nordic breaking is absent; not an accepted stork or strong citation. Selected input *stúrkaz (pgmc) remains unchanged; Alternative attributed to Magnússon1989:951; NOT the stork bird despite identical-looking string. Preserve the actual nominal/adjectival paradigm. Selected input *stúrkaz (pgmc) remains unchanged; Separate paradigm form of Magnússon's u-stem alternative, not an avian plural. Family-scope audit: Actual sturk/sterg strength/stiffness family is preserved as a qualified stork-root comparison, with Magnússon's strong-adjective forms independently attributed. None is labelled a bird or a quoted avian reconstruction.
2223	Kroonen2013	evidence_found	kroonen-core-2223-1	OE storm (storm), morphology and semantic family followed to s.v. *sturma- on printed 488; complete entry and its incidental forms read in docs/references/kroonen_etymological_dictionary_pgmc.pdf (PDF sheets 528).	Selected input *stúrmaz (pgmc) remains unchanged; Mo-stem possibly from disturb/destroy; storm verb is a separate derived factitive.
2224	Kroonen2013	evidence_found	kroonen-core-2224-1	OE strēaw (straw), morphology and semantic family followed to s.v. *strawa- on printed 484; complete entry and its incidental forms read in docs/references/kroonen_etymological_dictionary_pgmc.pdf (PDF sheets 524).	Selected input *stráwą (pgmc) remains unchanged; Collective from strew, not an independently fabricated whole nominative.
2225	Kroonen2013	evidence_found	kroonen-core-2225-1	OE strēam (stream), morphology and semantic family followed to s.v. *strauma- on printed 483; complete entry and its incidental forms read in docs/references/kroonen_etymological_dictionary_pgmc.pdf (PDF sheets 523).	Selected input *stráumaz (pgmc) remains unchanged; Flow-root mo-stem with Baltic feminine and Greek men-stem comparisons.
2226	Kroonen2013	evidence_found	kroonen-core-2226-1;kroonen-core-2226-2;kroonen-core-2226-3;kroonen-core-2226-4;kroonen-core-2226-5	OE streċċan (stretch), morphology and semantic family followed to s.v. *strangi- on printed 483; complete entry and its incidental forms read in docs/references/kroonen_etymological_dictionary_pgmc.pdf (PDF sheets 523). OE streċċan (stretch), morphology and semantic family followed to s.v. *strang(j)a- on printed 483; complete entry and its incidental forms read in docs/references/kroonen_etymological_dictionary_pgmc.pdf (PDF sheets 523). Completed etymon/family-scope reassessment distinguishes exact-cell absence from lexical/root evidence and false homonyms.	Selected input *strákkijaną (pgmc) remains unchanged; Tight/bind/string family comparison, not an authored strakkjan causative. Different nasal/root shape is retained; specific derivation of selected stretch remains unasserted. Selected input *strákkijaną (pgmc) remains unchanged; Actual source factitive related to string; not silently rewritten as selected strakkjan stretch. Selected input *strákkijaną (pgmc) remains unchanged; Source relates stiffness/tightening to the implied stringan verb and string noun; qualified family comparison only. Selected input *strákkijaną (pgmc) remains unchanged; Author's explicit reconstruction inferred from Nordic participle; no strakkjan or streċċan quotation is manufactured. Selected input *strákkijaną (pgmc) remains unchanged; Separate related formation; source says could continue an old participle, not a settled alternative source for the stretch verb. Family-scope audit: Actual string/tighten/strong family forms are preserved as qualified stretch-family comparators, with nasal/root shapes and hypothetical inferred verb retained. No strakkjan is manufactured.
2227	Kroonen2013	evidence_found	kroonen-core-2227-1	OE strīeġan (strew), morphology and semantic family followed to s.v. *straujan- on printed 483; complete entry and its incidental forms read in docs/references/kroonen_etymological_dictionary_pgmc.pdf (PDF sheets 523).	Selected input *stráwjaną (pgmc) remains unchanged; Causative/intensive strew verb from back-formed streu root; replacement of nā by nu presents argued to begin already in PIE, rather than a Germanic-only innovation.
2228	Kroonen2013	evidence_found	kroonen-core-2228-1	OE strenġ (string), morphology and semantic family followed to s.v. *strangi- on printed 483; complete entry and its incidental forms read in docs/references/kroonen_etymological_dictionary_pgmc.pdf (PDF sheets 523).	Selected input *strángiz (pgmc) remains unchanged; String i-stem relates to strong adjective and a separate fasten-tight factitive.
2229	Kroonen2013	evidence_found	kroonen-core-2229-1	OE stōd (stud), morphology and semantic family followed to s.v. *stōda- on printed 481; complete entry and its incidental forms read in docs/references/kroonen_etymological_dictionary_pgmc.pdf (PDF sheets 521).	Selected input *stōdą (pgmc) remains unchanged; Stand-root flock noun with dhh₁ suffix parallel to herd/sheep-flock formations; Baltic/Slavic borrowing possible but not positively justified.
2230	Kroonen2013	evidence_found	kroonen-core-2230-1	OE sumer (summer), morphology and semantic family followed to s.v. *sumara- on printed 491-492; complete entry and its incidental forms read in docs/references/kroonen_etymological_dictionary_pgmc.pdf (PDF sheets 531,532).	Selected input *súmaraz (pgmc) remains unchanged; Half-year/season formation links half prefix and spring suffix; source neuter stem differs from selected masculine nominative.
2231	Kroonen2013	evidence_found	kroonen-core-2231-1;kroonen-core-2231-2;kroonen-core-2231-3;kroonen-core-2231-4	OE sunne (sun), morphology and semantic family followed to s.v. *sunnōn- on printed 463-464; complete entry and its incidental forms read in docs/references/kroonen_etymological_dictionary_pgmc.pdf (PDF sheets 503,504).	Selected input *súnnōn (pgmc) remains unchanged; Sun r/l-n heteroclisy preserved in Germanic, maybe Gothic; Dybo shortening in genitive and secondary morphological gemination, with labial-glide loss in nominative separately argued.
2232	Kroonen2013	no_form_found		Completed source-specific OE/English index, lexical/cognate aliases (sundrian; sundrōjan-; sunder / separate; sundor adverb), dehyphenated whole-body contexts and appropriate alphabetic/semantic entries in docs/references/kroonen_etymological_dictionary_pgmc.pdf; printed 491-493. No exact-string absence was used as sole basis. Completed etymon/family-scope reassessment distinguishes exact-cell absence from lexical/root evidence and false homonyms.	Swimming/sound sund and south sunþera are different etyma; source does not connect them to sundr separation. Completed separate/sunder and index contexts give no reconstructed separation family.
2233	Kroonen2013	evidence_found	kroonen-core-2233-1	OE sūpan (sup), morphology and semantic family followed to s.v. *sūpan- on printed 493; complete entry and its incidental forms read in docs/references/kroonen_etymological_dictionary_pgmc.pdf (PDF sheets 533).	Selected input *sūpaną (pgmc) remains unchanged; Guzzle/soak strong verb is probably back-formed to shortened geminate iterative, with secondary lengthened-u full grade.
2234	Kroonen2013	evidence_found	kroonen-core-2234-1	OE swealwe (swallow), morphology and semantic family followed to s.v. *swalwōn-f.'swallow' on printed 495; complete entry and its incidental forms read in docs/references/kroonen_etymological_dictionary_pgmc.pdf (PDF sheets 535).	Selected input *swálwōn (pgmc) remains unchanged; Wedge-tailed swallow/gannet naming and Dybo pretonic shortening; Nordic labial removed by oblique-case analogy.
2235	Kroonen2013	evidence_found	kroonen-core-2235-1	OE swanes (swan), morphology and semantic family followed to s.v. *swana- on printed 496; complete entry and its incidental forms read in docs/references/kroonen_etymological_dictionary_pgmc.pdf (PDF sheets 536).	Selected input *swánas (pgmc) remains unchanged; Singing-bird interpretation relates to sound root; source distinguishes whooper honk from false mute-swan song belief and does not quote selected genitive.
2236	Kroonen2013	evidence_found	kroonen-core-2236-1	OE swellan (swell), morphology and semantic family followed to s.v. *swellan- on printed 499; complete entry and its incidental forms read in docs/references/kroonen_etymological_dictionary_pgmc.pdf (PDF sheets 539).	Selected input *swéllaną (pgmc) remains unchanged; Exclusively Germanic swell verb with boil/swelling cross-reference; no inferred endings.
2237	Kroonen2013	evidence_found	kroonen-core-2237-1;kroonen-core-2237-2;kroonen-core-2237-3	OE swimman (swim), morphology and semantic family followed to s.v. *swimman- on printed 501-502; complete entry and its incidental forms read in docs/references/kroonen_etymological_dictionary_pgmc.pdf (PDF sheets 541,542).	Selected input *swímmaną (pgmc) remains unchanged; Nasal present and relatively late Nordic alternation; symja from e-grade jan present preferred to an explicitly rejected zero-grade reconstruction. Celtic comparison extremely doubtful.
2238	Kroonen2013	evidence_found	kroonen-core-2238-1	OE swīn (swine), morphology and semantic family followed to s.v. *swina- on printed 502; complete entry and its incidental forms read in docs/references/kroonen_etymological_dictionary_pgmc.pdf (PDF sheets 542).	Selected input *swḯną (pgmc) remains unchanged; Neuter diminutive of sow, only indirectly related to Latin pork adjective; source long i must be retained.
2239	Kroonen2013	evidence_found	kroonen-core-2239-1;kroonen-core-2239-2	OE sweord (sword), morphology and semantic family followed to s.v. *swerda- on printed 499-500; complete entry and its incidental forms read in docs/references/kroonen_etymological_dictionary_pgmc.pdf (PDF sheets 539,540).	Selected input *swérdą (pgmc) remains unchanged; Possible dissimilation of instrumental suffix in sword; Nicolaev's proposed alternative predicts wrong Germanic form and is rejected.
2240	Kroonen2013	no_form_found		Completed source-specific OE/English index, lexical/cognate aliases (tæppa; tappan-/tappōn-; tap / stopper / bung), dehyphenated whole-body contexts and appropriate alphabetic/semantic entries in docs/references/kroonen_etymological_dictionary_pgmc.pdf; printed 508-511,550. No exact-string absence was used as sole basis. Completed etymon/family-scope reassessment distinguishes exact-cell absence from lexical/root evidence and false homonyms.	Tapp/bōn lose/drop does not establish stopper/bung genealogy merely through tapp spelling. Full tap/bung/stopper contexts give no source-supported stopper family; no denial is based only on n-stem ending.
2241	Kroonen2013	evidence_found	kroonen-core-2241-1;kroonen-core-2241-2	OE tēam (team), morphology and semantic family followed to s.v. *tauma- on printed 511; complete entry and its incidental forms read in docs/references/kroonen_etymological_dictionary_pgmc.pdf (PDF sheets 551).	Selected input *táugmaz (pgmc) remains unchanged; Mo-stem to pull with original g subsequently lost, parallel to dream; selected team etymon shares explicit author predecessor, not fabricated ending.
2242	Kroonen2013	evidence_found	kroonen-core-2242-1	OE tēon (ten), morphology and semantic family followed to s.v. *tehun- on printed 512; complete entry and its incidental forms read in docs/references/kroonen_etymological_dictionary_pgmc.pdf (PDF sheets 552).	Selected input *téxun (pgmc) remains unchanged; Ten derives ultimately from fit-in-a-row root; bare cardinal differs from pull/damage homonyms.
2243	Kroonen2013	evidence_found	kroonen-core-2243-1	OE þeġn (thane), morphology and semantic family followed to s.v. *þegna- on printed 536; complete entry and its incidental forms read in docs/references/kroonen_etymological_dictionary_pgmc.pdf (PDF sheets 576).	Selected input *θégnaz (pgmc) remains unchanged; Retainer to request/beg verb; child/birth comparison rejected because it predicts wrong consonants.
2244	Kroonen2013	evidence_found	kroonen-core-2244-1;kroonen-core-2244-2	OE þanc (thanks), morphology and semantic family followed to s.v. *þanka- on printed 533; complete entry and its incidental forms read in docs/references/kroonen_etymological_dictionary_pgmc.pdf (PDF sheets 573).	Selected input *θánkaz (pgmc) remains unchanged; Thanks a-stem and Nordic feminine ō-stem separately printed; think-root family with a separate thank verb.
2245	Kroonen2013	evidence_found	kroonen-core-2245-1	OE þæc (thatch), morphology and semantic family followed to s.v. *þaka-n. on printed 531-532; complete entry and its incidental forms read in docs/references/kroonen_etymological_dictionary_pgmc.pdf (PDF sheets 571,572).	Selected input *θáką (pgmc) remains unchanged; Roof noun to cover thematic root with s-mobile; derived thatch verb and covering noun are distinct.
2246	Kroonen2013	evidence_found	kroonen-core-2246-1	OE þēof (thief), morphology and semantic family followed to s.v. *peuba- on printed 539; complete entry and its incidental forms read in docs/references/kroonen_etymological_dictionary_pgmc.pdf (PDF sheets 579).	Selected input *θéubaz (pgmc) remains unchanged; Thief etymology uncertain; feminine Verner variation and cower/wander iterative comparisons remain conditional.
2247	Kroonen2013	evidence_found	kroonen-core-2247-1	OE þing (thing), morphology and semantic family followed to s.v. *pinga- on printed 542; complete entry and its incidental forms read in docs/references/kroonen_etymological_dictionary_pgmc.pdf (PDF sheets 582).	Selected input *θíngą (pgmc) remains unchanged; Scheduled time→assembly→legal case→object proposed, from suitable/thrive root; retain historical semantic argument.
2248	Kroonen2013	evidence_found	kroonen-core-2248-1	OE þenċan (think), morphology and semantic family followed to s.v. *pankjan- on printed 533-534; complete entry and its incidental forms read in docs/references/kroonen_etymological_dictionary_pgmc.pdf (PDF sheets 573,574).	Selected input *θánkijaną (pgmc) remains unchanged; Stative think/know sense disfavors causative interpretation despite formal resemblance; old o-grade i-present proposed. The separately reviewed þōhte past cell shares this lexical verb evidence, but the source quotes no Germanic dental preterite whole word; no *þanhtē is fabricated.
2249	Kroonen2013	evidence_found	kroonen-core-2249-1;kroonen-core-2249-2	OE þurst (thirst), morphology and semantic family followed to s.v. *þurstu- on printed 553; complete entry and its incidental forms read in docs/references/kroonen_etymological_dictionary_pgmc.pdf (PDF sheets 593).	Selected input *θúrstuz (pgmc) remains unchanged; Tu-stem thirst replaced by OE ti-stem and Nordic n-stem; exact OE ti-stem reconstruction is not independently quoted here.
2250	Kroonen2013	no_form_found		Completed source-specific OE/English index, lexical/cognate aliases (þistles; þistil-/þistel-; thistle; Distel; prickly plant), dehyphenated whole-body contexts and appropriate alphabetic/semantic entries in docs/references/kroonen_etymological_dictionary_pgmc.pdf; printed 371,541-545,552-553. No exact-string absence was used as sole basis. Completed etymon/family-scope reassessment distinguishes exact-cell absence from lexical/root evidence and false homonyms.	Melancholy-thistle under poppy mōhan is a different mor compound; þurna thorn is not a documented þistil family. Completed prickly/Distel/þistil and original-index contexts give no thistle genealogy.
2251	Kroonen2013	evidence_found	kroonen-core-2251-1;kroonen-core-2251-2	OE þorn (thorn), morphology and semantic family followed to s.v. *purna- on printed 552-553; complete entry and its incidental forms read in docs/references/kroonen_etymological_dictionary_pgmc.pdf (PDF sheets 592,593).	Selected input *θúrnaz (pgmc) remains unchanged; Old no-stem thorn; Gothic u-stem secondary on external evidence.
2252	Kroonen2013	evidence_found	kroonen-core-2252-1;kroonen-core-2252-2	OE þūsend (thousand), morphology and semantic family followed to s.v. *pūshundi- on printed 554; complete entry and its incidental forms read in docs/references/kroonen_etymological_dictionary_pgmc.pdf (PDF sheets 594).	Selected input *θūs-èndi (preoe) remains unchanged; Big-hundred collective is traditional but not undisputed: Slavic participial-looking suffix and scarce Germanic h trouble it, while Prussian m and Frankish/Faroese forms support hundred element.
2253	Kroonen2013	no_form_found		Completed source-specific OE/English index, lexical/cognate aliases (þresċan; þreskan-; thresh / thrash / beat grain), dehyphenated whole-body contexts and appropriate alphabetic/semantic entries in docs/references/kroonen_etymological_dictionary_pgmc.pdf; printed 105,143,323,343,486,545. No exact-string absence was used as sole basis. Completed etymon/family-scope reassessment distinguishes exact-cell absence from lexical/root evidence and false homonyms.	Þræsce/þrysce is thrush bird. Other beat/flax and thresh contexts refer to different roots and do not establish þresk genealogy. Negative is not merely absence of a verb ending.
2255	Kroonen2013	no_form_found		Completed source-specific OE/English index, lexical/cognate aliases (þunor; þunra-; Donar; thunder; thunderclap), dehyphenated whole-body contexts and appropriate alphabetic/semantic entries in docs/references/kroonen_etymological_dictionary_pgmc.pdf; printed 136,220,543,549. No exact-string absence was used as sole basis. Completed etymon/family-scope reassessment distinguishes exact-cell absence from lexical/root evidence and false homonyms.	Þinhwōn and mythology/heaven entries have different etyma or deity references, not a tonH/þunr thunder genealogy. Completed þunor/Donar and thunder contexts supply no family reconstruction.
2256	Kroonen2013	evidence_found	kroonen-core-2256-1;kroonen-core-2256-2;kroonen-core-2256-3;kroonen-core-2256-4;kroonen-core-2256-5;kroonen-core-2256-6	OE ticca (tick), morphology and semantic family followed to s.v. *tīdi- on printed 516; complete entry and its incidental forms read in docs/references/kroonen_etymological_dictionary_pgmc.pdf (PDF sheets 556). OE ticca (tick), morphology and semantic family followed to s.v. *tīgan- ~ *tikkan- on printed 516; complete entry and its incidental forms read in docs/references/kroonen_etymological_dictionary_pgmc.pdf (PDF sheets 556).	Selected input *tíkkô (pgmc) remains unchanged; Explicitly contrasted with the long-i variant and older voiced-velar nominative; quantity checked in original image. Selected input *tíkkô (pgmc) remains unchanged; Explicitly distinguished by Dutch tijk, rather than conflated with the short-i stem in OCR. Selected input *tíkkô (pgmc) remains unchanged; Tick n-stem printed after tide; voiced velar and geminate explain reconstructed paradigm, while OE ticia is explicitly ambiguous between emendations.
2257	Kroonen2013	evidence_found	kroonen-core-2257-1	OE tīd (tide), morphology and semantic family followed to s.v. *tīdi- on printed 516; complete entry and its incidental forms read in docs/references/kroonen_etymological_dictionary_pgmc.pdf (PDF sheets 556).	Selected input *tḯdiz (pgmc) remains unchanged; Time ti-stem, perhaps originally striving, with goal/time-family cross-references rather than merely tide agreement.
2258	Kroonen2013	evidence_found	kroonen-core-2258-1	OE timber (timber), morphology and semantic family followed to s.v. *timbra- on printed 517; complete entry and its incidental forms read in docs/references/kroonen_etymological_dictionary_pgmc.pdf (PDF sheets 557).	Selected input *tímbrą (pgmc) remains unchanged; Timber/building derivative with Greek build comparison; denominal build has distinct e-grade stem.
2259	Kroonen2013	evidence_found	kroonen-core-2259-1;kroonen-core-2259-2;kroonen-core-2259-3;kroonen-core-2259-4	OE tā (toe), morphology and semantic family followed to s.v. *taihwō(n)-~*taiwō(n)- on printed 505; complete entry and its incidental forms read in docs/references/kroonen_etymological_dictionary_pgmc.pdf (PDF sheets 545).	Selected input *táixōn (pgmc) remains unchanged; Toe pointing-root derivation and possible old athematic paradigm; zero-grade variant contrasted with explicitly rejected long-i reconstruction.
2260	Kroonen2013	evidence_found	kroonen-core-2260-1;kroonen-core-2260-2	OE tācn (token), morphology and semantic family followed to s.v. *taikna- on printed 506; complete entry and its incidental forms read in docs/references/kroonen_etymological_dictionary_pgmc.pdf (PDF sheets 546).	Selected input *táikną (pgmc) remains unchanged; Sign from geminated indicate root; Gothic i-stem omen/miracle independently printed and not merged with neuter.
2261	Kroonen2013	evidence_found	kroonen-core-2261-1	OE tang (tongs), morphology and semantic family followed to s.v. *tangō- on printed 509; complete entry and its incidental forms read in docs/references/kroonen_etymological_dictionary_pgmc.pdf (PDF sheets 549).	Selected input *tángō (pgmc) remains unchanged; Tongs is old derivation from press/throng root, with Albanian n-suffixed parallel.
2262	Kroonen2013	evidence_found	kroonen-core-2262-1	OE tunge (tongue), morphology and semantic family followed to s.v. *tungōn- on printed 526-527; complete entry and its incidental forms read in docs/references/kroonen_etymological_dictionary_pgmc.pdf (PDF sheets 566,567).	Selected input *túngōn (pgmc) remains unchanged; IE tongue distorted in several branches under lick influence; author proposes masculine h₂-stem with ablauting paradigm rather than treating daughter forms as transparently identical.
2263	Kroonen2013	evidence_found	kroonen-core-2263-1	OE tūn (town), morphology and semantic family followed to s.v. *tūna- on printed 526; complete entry and its incidental forms read in docs/references/kroonen_etymological_dictionary_pgmc.pdf (PDF sheets 566).	Selected input *tūną (pgmc) remains unchanged; Pre-Germanic Celtic loanword for enclosed area; down/dune could be later borrowing or belong to blow root, not silently equated.
2264	Kroonen2013	evidence_found	kroonen-core-2264-1;kroonen-core-2264-2	OE tredan (tread), morphology and semantic family followed to s.v. *trudan- on printed 521; complete entry and its incidental forms read in docs/references/kroonen_etymological_dictionary_pgmc.pdf (PDF sheets 561).	Selected input *trédaną (pgmc) remains unchanged; Alternating tread stems interpreted as aorist presents; dental could originate in aorist ending, with knead parallel and run-root extension only possible.
2265	Kroonen2013	evidence_found	kroonen-core-2265-1	OE trog (trough), morphology and semantic family followed to s.v. *truga- on printed 523-524; complete entry and its incidental forms read in docs/references/kroonen_etymological_dictionary_pgmc.pdf (PDF sheets 563,564).	Selected input *trúgą (pgmc) remains unchanged; Probably wood-derived trough, with separate tray and saddletree derivatives; source noun stem is not complete selected nominative.
2266	Kroonen2013	evidence_found	kroonen-core-2266-1	OE wadan (wade), morphology and semantic family followed to s.v. *wadan- on printed 564; complete entry and its incidental forms read in docs/references/kroonen_etymological_dictionary_pgmc.pdf (PDF sheets 604).	Selected input *wádaną (pgmc) remains unchanged; Zero-grade wade verb may be tudáti/aorist present or root present; flow/wash sense possibly older, with oblique-subject development to wade proposed.
2267	Kroonen2013	evidence_found	kroonen-core-2267-1	OE wæġn (wain), morphology and semantic family followed to s.v. *wagna- on printed 565; complete entry and its incidental forms read in docs/references/kroonen_etymological_dictionary_pgmc.pdf (PDF sheets 605).	Selected input *wágnaz (pgmc) remains unchanged; No-stem to carry root with Celtic parallel; no source full nominative inferred.
2268	Kroonen2013	evidence_found	kroonen-core-2268-1	OE wacan (wake), morphology and semantic family followed to s.v. *wakan- on printed 568; complete entry and its incidental forms read in docs/references/kroonen_etymological_dictionary_pgmc.pdf (PDF sheets 608).	Selected input *wákaną (pgmc) remains unchanged; Awaken/be-born verb probably originally be-incited, supported by causative; cry/babble comparison semantically unconvincing.
2269	Kroonen2013	evidence_found	kroonen-core-2270-1	Completed source-specific OE/English index, lexical/cognate aliases (wearp; warpa-; warp noun / thread system; werpan verb), dehyphenated whole-body contexts and appropriate alphabetic/semantic entries in docs/references/kroonen_etymological_dictionary_pgmc.pdf; printed 581,601. No exact-string absence was used as sole basis. Full-entry family-scope reassessment, not exact-cell matching. Completed etymon/family-scope reassessment distinguishes exact-cell absence from lexical/root evidence and false homonyms.	Warp/throw/bend verb is genuine warp-family comparison; not a reconstructed textile-warp noun or its a-grade inflection. Selected corpus input remains unchanged; source parts of speech, quantities and verification retained. Family-scope audit: Werpan warp/bend verb supports textile-warp family comparison; no a-grade warp noun is assembled. Warp-weight klewan is not the matching root.
2270	Kroonen2013	evidence_found	kroonen-core-2270-1	OE weorpan (warp), morphology and semantic family followed to s.v. *werpan- on printed 581; complete entry and its incidental forms read in docs/references/kroonen_etymological_dictionary_pgmc.pdf (PDF sheets 621,622).	Selected input *wérpaną (pgmc) remains unchanged; Bend argued original rather than throw; possible PIE labiovelar labialization after resonant with initial labial, while Slavic throw comparison belongs elsewhere.
2271	Kroonen2013	evidence_found	kroonen-core-2271-1;kroonen-core-2271-2;kroonen-core-2271-3	OE wearte (wart), morphology and semantic family followed to s.v. *warza- on printed 575; complete entry and its incidental forms read in docs/references/kroonen_etymological_dictionary_pgmc.pdf (PDF sheets 615). Completed etymon/family-scope reassessment distinguishes exact-cell absence from lexical/root evidence and false homonyms.	Selected input *wártōn (pgmc) remains unchanged; Actual wart/callus-family formation is relevant competing stem evidence beside selected wearte n-stem. Preserve z versus t, gender/stem and OE wearr citation; not an exact wearte quotation. Selected input *wártōn (pgmc) remains unchanged; Source's reconstructed IE counterpart, with final accent; Latin wart comparison is actual evidence for family relevance, not an invented Germanic n-stem. Selected input *wártōn (pgmc) remains unchanged; Source explicitly prints optional e/o before its separate -uca suffix. Do not assemble a reconstructed Latin or Germanic whole word. Family-scope audit: Warza callus with OE wearr and Latin wart comparison is actual competing wart-family formation beside wearte. z/t, a-stem/n-stem and daughter citation differences preserved.
2272	Kroonen2013	evidence_found	kroonen-core-2272-1	OE wascan (wash), morphology and semantic family followed to s.v. *waskan- on printed 575; complete entry and its incidental forms read in docs/references/kroonen_etymological_dictionary_pgmc.pdf (PDF sheets 615).	Selected input *wáskaną (pgmc) remains unchanged; Ske-present derived from water noun, not merely arbitrary correspondence with CAPR input.
2273	Kroonen2013	no_form_found		Completed source-specific OE/English index, lexical/cognate aliases (wæfs; wabsa-/wapsa-; wasp / Vespa), dehyphenated whole-body contexts and appropriate alphabetic/semantic entries in docs/references/kroonen_etymological_dictionary_pgmc.pdf; printed 101,259. No exact-string absence was used as sole basis. Completed etymon/family-scope reassessment distinguishes exact-cell absence from lexical/root evidence and false homonyms.	Druna drone and hurnuta hornet are different reconstructed families; Latin/modern wasp comparanda do not provide wabsa genealogy or a reconstructed family form. Completed wasp/waps/wabs and insect contexts give no such family.
2274	Kroonen2013	evidence_found	kroonen-core-2274-1;kroonen-core-2274-2;kroonen-core-2274-3;kroonen-core-2274-4;kroonen-core-2274-5;kroonen-core-2274-6;kroonen-core-2274-7	OE wæter (water), morphology and semantic family followed to s.v. *watar-~*watan- on printed 575-576; complete entry and its incidental forms read in docs/references/kroonen_etymological_dictionary_pgmc.pdf (PDF sheets 615,616).	Selected input *wátōr (pgmc) remains unchanged; Water r/n heteroclisy: PGmc nominative/genitive explicitly quoted, Nordic thematicization and West Germanic r-stem separately printed; e-grade vestiges preserve uncertainty about original static paradigm.
2275	Kroonen2013	evidence_found	kroonen-core-2275-1	OE weax (wax), morphology and semantic family followed to s.v. *wahsa- on printed 566; complete entry and its incidental forms read in docs/references/kroonen_etymological_dictionary_pgmc.pdf (PDF sheets 606).	Selected input *wáxsą (pgmc) remains unchanged; Wax Germanic/Balto-Slavic metathesis may involve old s-stem genitive, alternatively an sko-formation with different dissimilation.
2276	Kroonen2013	evidence_found	kroonen-core-2276-1;kroonen-core-2276-2;kroonen-core-2276-3	OE weaxan (wax), morphology and semantic family followed to s.v. *wahs(j)an- on printed 566; complete entry and its incidental forms read in docs/references/kroonen_etymological_dictionary_pgmc.pdf (PDF sheets 606).	Selected input *wáxsaną (pgmc) remains unchanged; Explicitly distinct from wax noun; suffix alternatives reflect pure present versus secondary ie-present. Selected input *wáxsaną (pgmc) remains unchanged; Germanic dialectal variant separately printed; no inferred full infinitive ending. Selected input *wáxsaną (pgmc) remains unchanged; Author's proposed relative derivational age is recorded without importing a new sound-law order.
2277	Kroonen2013	evidence_found	kroonen-core-2277-1	OE weġ (way), morphology and semantic family followed to s.v. *wega- on printed 577; complete entry and its incidental forms read in docs/references/kroonen_etymological_dictionary_pgmc.pdf (PDF sheets 617).	Selected input *wégaz (pgmc) remains unchanged; Way/road a-stem derived from carry verb; retain noun as stem rather than assembling selected nominative.
2278	Kroonen2013	evidence_found	kroonen-core-2278-1;kroonen-core-2278-2;kroonen-core-2278-3;kroonen-core-2278-4	OE wǣpn (weapon), morphology and semantic family followed to s.v. *wēbna- on printed 577; complete entry and its incidental forms read in docs/references/kroonen_etymological_dictionary_pgmc.pdf (PDF sheets 617).	Selected input *wḗpną (pgmc) remains unchanged; Weapon b/p doublet comes from thematicized n-stem; Gothic implies thematicization already PGmc, exceptionally early compared with usual North/West Germanic cases. Brandish/wave derivation preferred.
2279	Kroonen2013	no_form_found		Completed source-specific OE/English index, lexical/cognate aliases (wesle; weslōn-; weasel / stoat / polecat), dehyphenated whole-body contexts and appropriate alphabetic/semantic entries in docs/references/kroonen_etymological_dictionary_pgmc.pdf; printed 210-214,581-590. No exact-string absence was used as sole basis. Completed etymon/family-scope reassessment distinguishes exact-cell absence from lexical/root evidence and false homonyms.	Weasel comparisons under other animal/harm etyma do not establish wesl family; being/wesan and wise/wisa homonyms are not used as evidence. Completed weasel/stoat/wesl/index contexts give no reconstructed family.
2280	Kroonen2013	evidence_found	kroonen-core-2280-1;kroonen-core-2280-2;kroonen-core-2280-3;kroonen-core-2280-4	OE weder (weather), morphology and semantic family followed to s.v. *wedra on printed 583-584; complete entry and its incidental forms read in docs/references/kroonen_etymological_dictionary_pgmc.pdf (PDF sheets 623,624).	Selected input *wédrą (pgmc) remains unchanged; Weather dental variants may reflect Pre-Germanic mobile neuter; received Slavic clear-sky etymology fails, ordinary wind-root suffix would give wrong quantity, with a different extended suffix offered conditionally.
2281	Kroonen2013	evidence_found	kroonen-core-2281-1	OE wefan (weave), morphology and semantic family followed to s.v. *weban- on printed 576-577; complete entry and its incidental forms read in docs/references/kroonen_etymological_dictionary_pgmc.pdf (PDF sheets 616,617).	Selected input *wébaną (pgmc) remains unchanged; Inherited weave verb with diverse IE nasal/ablaut cognates, not simply agreement with corpus.
2282	Kroonen2013	evidence_found	kroonen-core-2282-1	OE westene (west), morphology and semantic family followed to s.v. *westera- on printed 582-583; complete entry and its incidental forms read in docs/references/kroonen_etymological_dictionary_pgmc.pdf (PDF sheets 622,623).	Selected input *wéstanē (pgmc) remains unchanged; West directional adverb with contrastive tero suffix; evening connection attractive but phonologically uncertain, whereas Sanskrit down comparison has secondary suffix. Selected anē-cell is not independently quoted.
2283	Kroonen2013	evidence_found	kroonen-core-2283-1	OE weþer (wether), morphology and semantic family followed to s.v. *webru- on printed 584; complete entry and its incidental forms read in docs/references/kroonen_etymological_dictionary_pgmc.pdf (PDF sheets 624).	Selected input *wíθrą (pgmc) remains unchanged; Wether ram/yearling may derive from year root; distinct from weather despite similar surface spellings. Preserve source u-stem and grammatical headword-label anomaly.
2284	Kroonen2013	evidence_found	kroonen-core-2284-1	OE hwæl (whale), morphology and semantic family followed to s.v. *hwali- on printed 262; complete entry and its incidental forms read in docs/references/kroonen_etymological_dictionary_pgmc.pdf (PDF sheets 302).	Selected input *xwálaz (pgmc) remains unchanged; Whale may develop from old hysterokinetic s-stem of turn root; Schrijver offers competing European substrate account, not forced into a single etymology.
2285	Kroonen2013	evidence_found	kroonen-core-2285-1	OE hwīl (while), morphology and semantic family followed to s.v. *hwilō- on printed 266-267; complete entry and its incidental forms read in docs/references/kroonen_etymological_dictionary_pgmc.pdf (PDF sheets 306,307).	Selected input *xwḯlō (pgmc) remains unchanged; Rest/quiet root comparison across IE; daughter bed/repose senses retained, without adding selected whole ending.
2286	Kroonen2013	evidence_found	kroonen-core-2286-1	OE hwīnan (whine), morphology and semantic family followed to s.v. *hwinan- on printed 267; complete entry and its incidental forms read in docs/references/kroonen_etymological_dictionary_pgmc.pdf (PDF sheets 307).	Selected input *xwḯnaną (pgmc) remains unchanged; Nasal whistle/whiz formation likely onomatopoeic; whinny and vex causative are separately derived.
2287	Kroonen2013	evidence_found	kroonen-core-2287-1;kroonen-core-2287-2;kroonen-core-2287-3	OE hōre (whore), morphology and semantic family followed to s.v. *hōrōn- on printed 240; complete entry and its incidental forms read in docs/references/kroonen_etymological_dictionary_pgmc.pdf (PDF sheets 280).	Selected input *xōrōn (pgmc) remains unchanged; Whore n-stem has jan variant; short-a variant is less secure but may follow Dybo shortening.
2288	Kroonen2013	evidence_found	kroonen-core-2288-1	OE wuduwe (widow), morphology and semantic family followed to s.v. *widu(w)ōn- on printed 585; complete entry and its incidental forms read in docs/references/kroonen_etymological_dictionary_pgmc.pdf (PDF sheets 625).	Selected input *wíduwōn (pgmc) remains unchanged; Widow on-stem based on IE separate/widowed formation; orphan and widower derivatives are different cells, not interchangeable with selected feminine.
2289	Kroonen2013	evidence_found	kroonen-core-2289-1;kroonen-core-2289-2	OE wealdan (wield), morphology and semantic family followed to s.v. *waldan- on printed 569; complete entry and its incidental forms read in docs/references/kroonen_etymological_dictionary_pgmc.pdf (PDF sheets 609).	Selected input *wáldaną (pgmc) remains unchanged; O-grade present likely back-formed to preterite/aorist; dental suffix may attach within Germanic, and Balto-Slavic forms may themselves be Germanic loans.
2290	Kroonen2013	evidence_found	kroonen-core-2290-1	OE wīf (wife), morphology and semantic family followed to s.v. *wiba- on printed 584; complete entry and its incidental forms read in docs/references/kroonen_etymological_dictionary_pgmc.pdf (PDF sheets 624).	Selected input *wḯbą (pgmc) remains unchanged; Wife etymology unclear; veiled-woman or Tocharian shame/modesty comparison require proposed semantic development, not settled derivation.
2295	Kroonen2013	evidence_found	kroonen-core-2295-1	OE winter (winter), morphology and semantic family followed to s.v. *wintru- on printed 588; complete entry and its incidental forms read in docs/references/kroonen_etymological_dictionary_pgmc.pdf (PDF sheets 628).	Selected input *wíntruz (pgmc) remains unchanged; No secure winter etymology: wet-root derivation rests on wrong Latin wave analysis, while white-root comparison semantically weak.
2296	Kroonen2013	evidence_found	kroonen-core-2296-1;kroonen-core-2296-2;kroonen-core-2296-3;kroonen-core-2296-4	OE wīþiġ (withy), morphology and semantic family followed to s.v. *wiman- on printed 587; complete entry and its incidental forms read in docs/references/kroonen_etymological_dictionary_pgmc.pdf (PDF sheets 627). Completed etymon/family-scope reassessment distinguishes exact-cell absence from lexical/root evidence and false homonyms.	Selected input *wḯθagą (pgmc) remains unchanged; Source's flexible-branch noun is derived from twist root. Relevant twist/wicker material family comparison, not a quoted dental-extended withy formation; derivative suffixes remain different. Selected input *wḯθagą (pgmc) remains unchanged; Source's reconstructed antecedent of osier and corresponding Latin/Celtic cognates; preserve m-suffix rather than assemble selected Germanic þaga stem. Selected input *wḯθagą (pgmc) remains unchanged; Actually printed root behind osier/wattle; relation to the selected withy extension is a family comparison, not the author's quotation of its dental. Selected input *wḯθagą (pgmc) remains unchanged; Source prints the uncertainty marker (?) in the headword equation; separately retained beside the unmarked comparative form later in the entry. No dental extension or certainty is supplied. Family-scope audit: Wīman osier/wattle and actual twist-root antecedents are family comparators, with headword (?) retained separately. No wīþaga dental extension quoted, no willow saliha substituted.
2297	Kroonen2013	evidence_found	kroonen-core-2297-1	OE weald (wold), morphology and semantic family followed to s.v. *walpu- on printed 571-572; complete entry and its incidental forms read in docs/references/kroonen_etymological_dictionary_pgmc.pdf (PDF sheets 611,612).	Selected input *wálθuz (pgmc) remains unchanged; European tu-stem with hair/panicle comparisons; selected wood/field senses kept distinct from wield verb.
2298	Kroonen2013	evidence_found	kroonen-core-2298-1	OE wulf (wolf), morphology and semantic family followed to s.v. *wulfa- on printed 598; complete entry and its incidental forms read in docs/references/kroonen_etymological_dictionary_pgmc.pdf (PDF sheets 638).	Selected input *wúlfaz (pgmc) remains unchanged; Labiovelar changed to p after resonant in initially labial word, as five and possibly throw; hypothetical expected form is not an accepted competing citation.
2299	Kroonen2013	no_form_found		Completed source-specific OE/English index, lexical/cognate aliases (wundor; wundra-; wonder / marvel / miracle), dehyphenated whole-body contexts and appropriate alphabetic/semantic entries in docs/references/kroonen_etymological_dictionary_pgmc.pdf; printed 588-601. No exact-string absence was used as sole basis. Completed etymon/family-scope reassessment distinguishes exact-cell absence from lexical/root evidence and false homonyms.	Wuna accustomed, wunda wounded and wens/win desire/suffering families are not demonstrated wonder genealogy. Full marvel/miracle and wundr/index contexts give no reconstructed wonder family.
2300	Kroonen2013	evidence_found	kroonen-core-2300-1;kroonen-core-2300-2;kroonen-core-2300-3;kroonen-core-2300-4	OE wull (wool), morphology and semantic family followed to s.v. *wullō- on printed 598-599; complete entry and its incidental forms read in docs/references/kroonen_etymological_dictionary_pgmc.pdf (PDF sheets 638,639). OE wull (wool), morphology and semantic family followed to s.v. *wullō- on printed 599; complete entry and its incidental forms read in docs/references/kroonen_etymological_dictionary_pgmc.pdf (PDF sheets 638,639).	Selected input *wúllō (pgmc) remains unchanged; Doubled Germanic l points to suffix stress; accent mobility and potential Hittite suffix ablaut support consonant-stem analysis. Selected input *wúllō (pgmc) remains unchanged; Author explicitly offers mobile neuter o-stem as an alternative; the root accent and h₁ are original-image checked. Selected input *wúllō (pgmc) remains unchanged; Plural of the independently recorded alternative mobile neuter, with suffix accent; not a Germanic wool inflection. Selected input *wúllō (pgmc) remains unchanged; Wool points to suffix stress and accent mobility, supporting consonant-stem analysis, alternatively mobile neuter o-stem; do not infer a winner or chronology.
2301	Kroonen2013	evidence_found	kroonen-core-2301-1	OE word (word), morphology and semantic family followed to s.v. *wurda- on printed 600; complete entry and its incidental forms read in docs/references/kroonen_etymological_dictionary_pgmc.pdf (PDF sheets 640).	Selected input *wúrdą (pgmc) remains unchanged; European zero-grade word formation; possible Hittite curse cognate would establish initial laryngeal conditionally.
2302	Kroonen2013	evidence_found	kroonen-core-2302-1;kroonen-core-2302-2;kroonen-core-2302-3;kroonen-core-2302-4;kroonen-core-2302-5;kroonen-core-2302-6;kroonen-core-2302-7	OE weorold (world), morphology and semantic family followed to s.v. *wira- on printed 588; complete entry and its incidental forms read in docs/references/kroonen_etymological_dictionary_pgmc.pdf (PDF sheets 628). OE weorold (world), morphology and semantic family followed to s.v. *aldi- on printed 20; complete entry and its incidental forms read in docs/references/kroonen_etymological_dictionary_pgmc.pdf (PDF sheets 58,59). OE weorold (world), morphology and semantic family followed to s.v. *aldra- on printed 21; complete entry and its incidental forms read in docs/references/kroonen_etymological_dictionary_pgmc.pdf (PDF sheets 59). OE weorold (world), morphology and semantic family followed to s.v. *alda- on printed 20; complete entry and its incidental forms read in docs/references/kroonen_etymological_dictionary_pgmc.pdf (PDF sheets 58). Completed etymon/family-scope reassessment distinguishes exact-cell absence from lexical/root evidence and false homonyms.	Selected input *wír-àldu (pgmc) remains unchanged; Authored first component family; source quotes man, not world. Combining this with age stems would be CAPR assembly and is not performed. Selected input *wír-àldu (pgmc) remains unchanged; Actual age-family noun with its own feminine ti-stem cell; not selected masculine/u-stem or an authored world compound. Original folio20 checked. Selected input *wír-àldu (pgmc) remains unchanged; Distinct related age-family formation; not silently converted to aldu or combined with wira. Original folio21 checked. Selected input *wír-àldu (pgmc) remains unchanged; Source derives this from the original participle of alan grow. Adjectival old is not automatically the nominal age component. Selected input *wír-àldu (pgmc) remains unchanged; Actual family formation printed parenthetically; thorn checked against original rather than OCR b. Not a world compound or age noun. Selected input *wír-àldu (pgmc) remains unchanged; Actual formation behind ON elli / OE ild(e), ildu and continental forms; long ī and thorn checked in original. Distinct from aldi ti-stem and selected aldu. Selected input *wír-àldu (pgmc) remains unchanged; Explicitly stated age-family derivational ancestor; a verb, not a world component inflection. Family-scope audit: Wira man and actual age/old/growing family forms preserved as separate component/family evidence; no world compound or selected wir-aldu inflection assembled.
2303	Kroonen2013	evidence_found	kroonen-core-2303-1	OE wyrm (worm), morphology and semantic family followed to s.v. *wurmi- on printed 600-601; complete entry and its incidental forms read in docs/references/kroonen_etymological_dictionary_pgmc.pdf (PDF sheets 640,641).	Selected input *wúrmiz (pgmc) remains unchanged; Old worm/snake i-stem, with separate female-snake and vermin formations; purple noun refers to animal colour.
2304	Kroonen2013	evidence_found	kroonen-core-2304-1;kroonen-core-2304-2	OE wringan (wring), morphology and semantic family followed to s.v. *wringan- on printed 596; complete entry and its incidental forms read in docs/references/kroonen_etymological_dictionary_pgmc.pdf (PDF sheets 636).	Selected input *wrínganą (pgmc) remains unchanged; Traditional voiced-root reconstruction may replace older voiceless variant on uncertain Nordic evidence; alternate analysis of that Nordic verb remains possible.
2305	Kroonen2013	evidence_found	kroonen-core-2305-1	OE ġearn (yarn), morphology and semantic family followed to s.v. *garnō- on printed 169; complete entry and its incidental forms read in docs/references/kroonen_etymological_dictionary_pgmc.pdf (PDF sheets 209,210).	Selected input *gárną (pgmc) remains unchanged; Yarn noun explicitly incidental in intestine entry, with semantic account using intestines as strings; do not misquote the intestine feminine as yarn.
2306	Kroonen2013	evidence_found	kroonen-core-2306-1	OE ġēar (year), morphology and semantic family followed to s.v. *jēra- on printed 273; complete entry and its incidental forms read in docs/references/kroonen_etymological_dictionary_pgmc.pdf (PDF sheets 313).	Selected input *jḗrą (pgmc) remains unchanged; Year derives from a static heteroclitic paradigm inferred using Avestan n-cases and cross-dialect e/o ablaut, not a transparent uniform thematic noun.
2307	Kroonen2013	evidence_found	kroonen-core-2307-1	OE ġeoc (yoke), morphology and semantic family followed to s.v. *juka-n. on printed 274; complete entry and its incidental forms read in docs/references/kroonen_etymological_dictionary_pgmc.pdf (PDF sheets 314).	Selected input *júką (pgmc) remains unchanged; IE yoke neuter with nasalized counterparts in Baltic/Slavic; source stem is not an authored CAPR whole nominative.
2308	Kroonen2013	evidence_found	kroonen-core-2308-1;kroonen-core-2308-2;kroonen-core-2308-3	OE ġeoguþ (youth), morphology and semantic family followed to s.v. *ju(w)unbi- on printed 276; complete entry and its incidental forms read in docs/references/kroonen_etymological_dictionary_pgmc.pdf (PDF sheets 316).	Selected input *júgunθ (pwgmc) remains unchanged; Youth ti-stem with hiatus w and West Germanic high-vowel velarization; Gothic junda is called ghost form, because sole dative permits ō- or i-stem and other dialects favor i.
2309	Kroonen2013	evidence_found	kroonen-core-2117-1	OE maca (make (iptv.2sg)), morphology and semantic family followed to s.v. *maka- on printed 350; complete entry and its incidental forms read in docs/references/kroonen_etymological_dictionary_pgmc.pdf (PDF sheets 390).	Selected input *mákô (pgmc) remains unchanged; Explicit incidental make verb from fit/match adjective; rejects assumed knead ancestry on semantics. Repeated imperative/3sg cells are not quoted whole source forms.
2310	Kroonen2013	evidence_found	kroonen-core-2117-1	OE macaþ (make (3sg)), morphology and semantic family followed to s.v. *maka- on printed 350; complete entry and its incidental forms read in docs/references/kroonen_etymological_dictionary_pgmc.pdf (PDF sheets 390).	Selected input *mákōθi (pgmc) remains unchanged; Explicit incidental make verb from fit/match adjective; rejects assumed knead ancestry on semantics. Repeated imperative/3sg cells are not quoted whole source forms.
2311	Kroonen2013	evidence_found	kroonen-core-1956-1	OE bora (bore (iptv.2sg)), morphology and semantic family followed to s.v. *burojan- on printed 85-86; complete entry and its incidental forms read in docs/references/kroonen_etymological_dictionary_pgmc.pdf (PDF sheets 123,124).	Selected input *búrô (pgmc) remains unchanged; Denominal from a bore noun (*burō- or *bura-); Latin forō is compared. CAPR imperative and 3sg endings are assemblies, not separately quoted source forms.
2312	Kroonen2013	evidence_found	kroonen-core-1956-1	OE boraþ (bore (3sg)), morphology and semantic family followed to s.v. *burojan- on printed 85-86; complete entry and its incidental forms read in docs/references/kroonen_etymological_dictionary_pgmc.pdf (PDF sheets 123,124).	Selected input *búrōθi (pgmc) remains unchanged; Denominal from a bore noun (*burō- or *bura-); Latin forō is compared. CAPR imperative and 3sg endings are assemblies, not separately quoted source forms.
2313	Kroonen2013	evidence_found	kroonen-core-2095-1	OE liorna (learn (iptv.2sg)), morphology and semantic family followed to s.v. *liznōn- on printed 340; complete entry and its incidental forms read in docs/references/kroonen_etymological_dictionary_pgmc.pdf (PDF sheets 380).	Selected input *líznô (pgmc) remains unchanged; Inchoative continuing a medio-passive factitive neh₂-present, to make oneself know; imperative/3sg whole words remain CAPR assembly.
2314	Kroonen2013	evidence_found	kroonen-core-2095-1	OE liornaþ (learn (3sg)), morphology and semantic family followed to s.v. *liznōn- on printed 340; complete entry and its incidental forms read in docs/references/kroonen_etymological_dictionary_pgmc.pdf (PDF sheets 380).	Selected input *líznōθi (pgmc) remains unchanged; Inchoative continuing a medio-passive factitive neh₂-present, to make oneself know; imperative/3sg whole words remain CAPR assembly.
2315	Kroonen2013	evidence_found	kroonen-core-2099-1	OE licca (lick (iptv.2sg)), morphology and semantic family followed to s.v. *likkōn-1 on printed 337; complete entry and its incidental forms read in docs/references/kroonen_etymological_dictionary_pgmc.pdf (PDF sheets 377).	Selected input *líkkô (pgmc) remains unchanged; Iterative to a primary aorist, continuing an old neh₂-present; selected imperative/3sg endings are not separately supplied.
2316	Kroonen2013	evidence_found	kroonen-core-2099-1	OE liccaþ (lick (3sg)), morphology and semantic family followed to s.v. *likkōn-1 on printed 337; complete entry and its incidental forms read in docs/references/kroonen_etymological_dictionary_pgmc.pdf (PDF sheets 377).	Selected input *líkkōθi (pgmc) remains unchanged; Iterative to a primary aorist, continuing an old neh₂-present; selected imperative/3sg endings are not separately supplied.
2317	Kroonen2013	evidence_found	kroonen-core-2186-1	OE sċēawa (show (iptv.2sg)), morphology and semantic family followed to s.v. *skawa- on printed 442; complete entry and its incidental forms read in docs/references/kroonen_etymological_dictionary_pgmc.pdf (PDF sheets 482).	Selected input *skáwô (pgmc) remains unchanged; Show/inspect verb explicitly quoted inside observant adjective entry; cross-references to beautiful and mirror preserve see-root analysis. Imperative and 3sg are separate corpus cells sharing the stem, not quoted inflections.
2318	Kroonen2013	evidence_found	kroonen-core-2186-1	OE sċēawaþ (show (3sg)), morphology and semantic family followed to s.v. *skawa- on printed 442; complete entry and its incidental forms read in docs/references/kroonen_etymological_dictionary_pgmc.pdf (PDF sheets 482).	Selected input *skáwōθi (pgmc) remains unchanged; Show/inspect verb explicitly quoted inside observant adjective entry; cross-references to beautiful and mirror preserve see-root analysis. Imperative and 3sg are separate corpus cells sharing the stem, not quoted inflections.
2322	Kroonen2013	evidence_found	kroonen-core-2322-1;kroonen-core-2322-2;kroonen-core-2322-3;kroonen-core-2322-4;kroonen-core-2322-5	OE hwā (who), morphology and semantic family followed to s.v. *hwa- on printed 261; complete entry and its incidental forms read in docs/references/kroonen_etymological_dictionary_pgmc.pdf (PDF sheets 301).	Selected input *xwáz (pgmc) remains unchanged; Interrogative stem plus explicitly different masculine, feminine and neuter cells; selected masculine is *hwaz, not automatic headword expansion.
2326	Kroonen2013	evidence_found	kroonen-core-2326-1;kroonen-core-2326-2;kroonen-core-2326-3;kroonen-core-2326-4;kroonen-core-2326-5;kroonen-core-2326-6	OE ēow (you), morphology and semantic family followed to s.v. *juz on printed 275; complete entry and its incidental forms read in docs/references/kroonen_etymological_dictionary_pgmc.pdf (PDF sheets 315).	Selected input *ízwiz (pgmc) remains unchanged; Second-person plural pronoun: original nominative versus Northwest analogical nominative, oblique and competing dative/accusative variants separately printed. North/East *izwiz is not automatically the exact West Germanic ēow precursor.
2327	Kroonen2013	evidence_found	kroonen-core-2327-1;kroonen-core-2327-2;kroonen-core-2327-3;kroonen-core-2327-4	OE wundude (wound), morphology and semantic family followed to s.v. *wunda- on printed 599; complete entry and its incidental forms read in docs/references/kroonen_etymological_dictionary_pgmc.pdf (PDF sheets 639). OE wundude (wound), morphology and semantic family followed to s.v. *wunni-f. on printed 599; complete entry and its incidental forms read in docs/references/kroonen_etymological_dictionary_pgmc.pdf (PDF sheets 639). Completed etymon/family-scope reassessment distinguishes exact-cell absence from lexical/root evidence and false homonyms.	Selected input *wúndōdē (pgmc) remains unchanged; Source-supported wound family despite no authored weak verb/past: adjective continues participle of winnan suffer. No wúndōdē is fabricated. Selected input *wúndōdē (pgmc) remains unchanged; Actually printed wound noun family counterpart, with long ō and nominal cell; not a weak verb citation. Selected input *wúndōdē (pgmc) remains unchanged; Source explicitly relates wounded adjective to this verb's past participle; family ancestry, not a quotation of wound verb or selected weak past. Selected input *wúndōdē (pgmc) remains unchanged; Source explicitly derives this noun from winnan, the source of the wounded adjective. Additional wound/suffering-family formation, not the selected weak wound verb. Family-scope audit: Wunda wounded, wundō wound, winnan suffer and wunni suffering preserve actual wound-family forms. No weak wound verb or past is manufactured.
2328	Kroonen2013	evidence_found	kroonen-core-2328-1;kroonen-core-2328-2;kroonen-core-2328-3;kroonen-core-2328-4;kroonen-core-2328-5	OE sāwan (sow), morphology and semantic family followed to s.v. *sēan- on printed 428; complete entry and its incidental forms read in docs/references/kroonen_etymological_dictionary_pgmc.pdf (PDF sheets 468,469).	Selected input *sḗaną (pgmc) remains unchanged; Sow's printed reduplicated perfect antecedent of PGmc *se-sōe, with its own IE stage rather than a Gothic spelling convention. Selected input *sḗaną (pgmc) remains unchanged; Sow's printed reduplicated perfect antecedent of PGmc *se-sunþ; no Germanic inflection is inferred. Selected input *sḗaną (pgmc) remains unchanged; No Germanic ie suffix: hiatus filled independently with j/w, and Gothic ai is lowered ē rather than diphthong; reduplicated perfect 3sg/3pl quoted separately.
2329	Kroonen2013	evidence_found	kroonen-core-2329-1	OE lǣwan (betray), morphology and semantic family followed to s.v. *lēwjan- on printed 335; complete entry and its incidental forms read in docs/references/kroonen_etymological_dictionary_pgmc.pdf (PDF sheets 375).	Selected input *lḗwijaną (pgmc) remains unchanged; Betray/deliver factitive to occasion/opportunity, originally let-go then give-away; preserve source ē stem instead of inventing selected infinitive.
2330	Kroonen2013	evidence_found	kroonen-core-2248-1	OE þōhte (thought), morphology and semantic family followed to s.v. *pankjan- on printed 533-534; complete entry and its incidental forms read in docs/references/kroonen_etymological_dictionary_pgmc.pdf (PDF sheets 573,574).	Selected input *θánxtē (pgmc) remains unchanged; Stative think/know sense disfavors causative interpretation despite formal resemblance; old o-grade i-present proposed. The separately reviewed þōhte past cell shares this lexical verb evidence, but the source quotes no Germanic dental preterite whole word; no *þanhtē is fabricated.
1975	Orel2003	evidence_found	orel-core-1975-1	Complete relevant entry and associated discussion on printed209; OE/cell and semantic identity assessed. Complete entry read in held Vision text; source headword inspected in original PDF sheet(s)248. Image-card provenance saved separately in session.	Animal calf, not the separate anatomical *kalbōn I. The dictionary citation is relevant, without CAPR stress marks.
1976	Orel2003	evidence_found	orel-core-1976-1;orel-core-1976-2	Complete relevant entry and associated discussion on printed213; OE/cell and semantic identity assessed. Complete entry read in held Vision text; source headword inspected in original PDF sheet(s)252. Image-card provenance saved separately in session.	Retain ww and anan; do not reconstruct the ON irregular form as the selected OE citation.
1977	Orel2003	evidence_found	orel-core-1977-1;orel-core-1977-2;orel-core-1977-3	Complete relevant entry and associated discussion on printed215-216; OE/cell and semantic identity assessed. Complete entry read in held Vision text; source headword inspected in original PDF sheet(s)254-255. Image-card provenance saved separately in session.	Author's short e is not CAPR's i; tentative etymology and competing nasalization analysis remain distinct from a raising date.
1978	Orel2003	evidence_found	orel-core-1978-1	Complete relevant entry and associated discussion on printed209; OE/cell and semantic identity assessed. Complete entry read in held Vision text; source headword inspected in original PDF sheet(s)248. Image-card provenance saved separately in session.	Comb noun, not the derived *kambjanan verb; no selected additional case is quoted.
1979	Orel2003	evidence_found	orel-core-1979-1	Complete relevant entry and associated discussion on printed225; OE/cell and semantic identity assessed. Complete entry read in held Vision text; source headword inspected in original PDF sheet(s)264. Image-card provenance saved separately in session.	Full neuter dictionary citation preserves an; CAPR nasal-vowel notation is not a diplomatic ending.
1980	Orel2003	evidence_found	orel-core-1980-1;orel-core-1980-2	Complete relevant entry and associated discussion on printed219-220; OE/cell and semantic identity assessed. Complete entry read in held Vision text; source headword inspected in original PDF sheet(s)258-259. Image-card provenance saved separately in session.	Both authored citation alternatives are retained. Neither is an independent quotation of CAPR's selected plural/case *kūi for OE cȳ.
1981	Orel2003	evidence_found	orel-core-1981-1;orel-core-1981-2;orel-core-1981-3	Complete relevant entry and associated discussion on printed220; OE/cell and semantic identity assessed. Complete entry read in held Vision text; source headword inspected in original PDF sheet(s)259. Image-card provenance saved separately in session.	Record both i/u alternatives, not CAPR's selected a-stem ending. The derivation is Orel's, not an established consensus.
1982	Orel2003	evidence_found	orel-core-1982-1;orel-core-1982-2	Complete relevant entry and associated discussion on printed222; OE/cell and semantic identity assessed. Complete entry read in held Vision text; source headword inspected in original PDF sheet(s)261. Image-card provenance saved separately in session.	Two senses share an authored form; they are not independent scholarly votes. Formation/gemination uncertainty is preserved.
1984	Orel2003	evidence_found	orel-core-1984-1;orel-core-1984-2	Complete relevant entry and associated discussion on printed67; OE/cell and semantic identity assessed. Complete entry read in held Vision text; source headword inspected in original PDF sheet(s)106. Image-card provenance saved separately in session.	Retain both genders/endings; the selected masculine CAPR citation is only one possible formation.
1985	Orel2003	evidence_found	orel-core-1985-1	Complete relevant entry and associated discussion on printed66; OE/cell and semantic identity assessed. Complete entry read in held Vision text; source headword inspected in original PDF sheet(s)105. Image-card provenance saved separately in session.	Barred dental and velar ʒ are original signs, not OCR d/z. The burn etymology is qualified by the printed bibliographic objection.
1986	Orel2003	evidence_found	orel-core-1986-1	Complete relevant entry and associated discussion on printed67; OE/cell and semantic identity assessed. Complete entry read in held Vision text; source headword inspected in original PDF sheet(s)106. Image-card provenance saved separately in session.	Selected lexical formation is relevant; gender variation and uncertain initial history are not silently harmonized.
1987	Orel2003	evidence_found	orel-core-1987-1	Complete relevant entry and associated discussion on printed72; OE/cell and semantic identity assessed. Complete entry read in held Vision text; source headword inspected in original PDF sheet(s)111. Image-card provenance saved separately in session.	Both barred dentals and ē are original; source iz is retained independently of the selected stress convention.
1988	Orel2003	evidence_found	orel-core-1988-1;orel-core-1988-2;orel-core-1988-3	Complete relevant entry and associated discussion on printed71-72; OE/cell and semantic identity assessed. Complete entry read in held Vision text; source headword inspected in original PDF sheet(s)110-111. Image-card provenance saved separately in session.	Retain author eu and neuter an; quotation does not supply CAPR's final nasal-vowel sign.
1989	Orel2003	evidence_found	orel-core-1989-1;orel-core-1989-2	Complete relevant entry and associated discussion on printed70; OE/cell and semantic identity assessed. Complete entry read in held Vision text; source headword inspected in original PDF sheet(s)109. Image-card provenance saved separately in session.	Preserve alternative gender/endings and the mismatch with masculine OE; do not treat only the ō form as the complete entry.
1991	Orel2003	evidence_found	orel-core-1991-1	Complete relevant entry and associated discussion on printed73; OE/cell and semantic identity assessed. Complete entry read in held Vision text; source headword inspected in original PDF sheet(s)112. Image-card provenance saved separately in session.	Whole dictionary citation, not an inflected present or imperative form. Source barred đ and an ending retained.
1992	Orel2003	evidence_found	orel-core-1992-1;orel-core-1992-2;orel-core-1992-3	Complete relevant entry and associated discussion on printed79-80; OE/cell and semantic identity assessed. Complete entry read in held Vision text; source headword inspected in original PDF sheet(s)118-119. Image-card provenance saved separately in session.	Related root-noun reconstruction, not a new quotation of the selected neuter dor ending.
1993	Orel2003	evidence_found	orel-core-1993-1;orel-core-1993-2	Complete relevant entry and associated discussion on printed66-67; OE/cell and semantic identity assessed. Complete entry read in held Vision text; source headword inspected in original PDF sheet(s)105-106. Image-card provenance saved separately in session.	Preserve original dental/velar signs; source masculine versus OE neuter and adjective substantivization are explicit.
1994	Orel2003	evidence_found	orel-core-1994-1	Complete relevant entry and associated discussion on printed80; OE/cell and semantic identity assessed. Complete entry read in held Vision text; source headword inspected in original PDF sheet(s)119. Image-card provenance saved separately in session.	Actual relevant reconstruction retained for this research-only row; OE compound is not admission of the unattested selected OE dove.
1995	Orel2003	evidence_found	orel-core-1995-1;orel-core-1995-2;orel-core-1995-3;orel-core-1995-4	Complete relevant entry and associated discussion on printed75; OE/cell and semantic identity assessed. Complete entry read in held Vision text; source headword inspected in original PDF sheet(s)114. Image-card provenance saved separately in session.	Author au and absence of the selected g/m sequence are real differences; the semantic/history objection is retained rather than silently making OE dream.
1996	Orel2003	evidence_found	orel-core-1996-1;orel-core-1996-2	Complete relevant entry and associated discussion on printed75; OE/cell and semantic identity assessed. Whole pertinent entries/continuations read; original headword and running folio inspected on PDF sheet(s)114; session images retained.	Competing actual nominal formation within the drink family, not an exact quote of selected OE drenċ or its i-stem. Source-specific drenċ/drankiz searches and printed OE index leads were completed.
1997	Orel2003	evidence_found	orel-core-1997-1;orel-core-1997-2	Complete relevant entry and associated discussion on printed75; OE/cell and semantic identity assessed. Complete entry read in held Vision text; source headword inspected in original PDF sheet(s)114. Image-card provenance saved separately in session.	Preserve the dictionary's two directional analyses and their qualification. Short e is not by itself a dating claim.
1998	Orel2003	evidence_found	orel-core-1998-1	Complete relevant entry and associated discussion on printed76; OE/cell and semantic identity assessed. Complete entry read in held Vision text; source headword inspected in original PDF sheet(s)115. Image-card provenance saved separately in session.	Original long ī and barred initial dental; source b and full citation ending are not modern OE f or CAPR acute/nasal notation.
1999	Orel2003	evidence_found	orel-core-1999-1;orel-core-1999-2;orel-core-1999-3;orel-core-1999-4	Complete relevant entry and associated discussion on printed86; OE/cell and semantic identity assessed. 	The n-ending is actually authored here, not assembled from the OE target by CAPR.
2000	Orel2003	evidence_found	orel-core-2000-1	Complete relevant entry and associated discussion on printed86; OE/cell and semantic identity assessed. Complete relevant text read; original headword and running folio inspected on sheet(s)125. Individual headword-card provenance retained in session.	Actual verb citation with short e; phonological remarks concern the Balto-Slavic comparisons, not OE dating.
2001	Orel2003	evidence_found	orel-core-2001-1	Complete relevant entry and associated discussion on printed87; OE/cell and semantic identity assessed. 	Eel homonym II, not awl homonym III; long ē and masculine ending preserved.
2002	Orel2003	evidence_found	orel-core-2002-1;orel-core-2002-2;orel-core-2002-3	Complete relevant entry and associated discussion on printed91; OE/cell and semantic identity assessed. Complete relevant text read; original headword and running folio inspected on sheet(s)130. Individual headword-card provenance retained in session.	Keep gemination and anan; the root alternatives are historical analyses, not separate selected OE cells.
2003	Orel2003	evidence_found	orel-core-2003-1;orel-core-2003-2	Complete relevant entry and associated discussion on printed93; OE/cell and semantic identity assessed. Complete relevant text read; original headword and running folio inspected on sheet(s)132. Individual headword-card provenance retained in session.	The dictionary's full verb quotation is relevant; the analogy proposal is an attributed qualification.
2004	Orel2003	evidence_found	orel-core-2004-1;orel-core-2004-2;alignment-fast-orel-fasting	Complete relevant entry and associated discussion on printed95; OE/cell and semantic identity assessed. Complete relevant text read; original headword and running folio inspected on sheet(s)134. Individual headword-card provenance retained in session.	Fasten verb, not *fastēnan 'fast'. Source j suffix is preserved without CAPR's additional i. Supplement (94-95): hold-fast/fast weak family, not selected fastening j-verb.
2005	Orel2003	evidence_found	orel-core-2005-1	Complete relevant entry and associated discussion on printed88; OE/cell and semantic identity assessed. Complete relevant text read; original headword and running folio inspected on sheet(s)127. Individual headword-card provenance retained in session.	Barred medial dental and long ē are original; do not adopt native/OCR *fader as a diplomatic form.
2006	Orel2003	evidence_found	orel-core-2006-1;orel-core-2006-2	Complete relevant entry and associated discussion on printed97; OE/cell and semantic identity assessed. 	Actual OE-source formation retained rather than inferred from its surface finality.
2007	Orel2003	evidence_found	orel-core-2007-1;orel-core-2007-2	Complete relevant entry and associated discussion on printed97; OE/cell and semantic identity assessed. Complete relevant text read; original headword and running folio inspected on sheet(s)136. Individual headword-card provenance retained in session.	Skin noun, not the fell causative of fall; source neuter an ending retained.
2008	Orel2003	evidence_found	orel-core-2008-1	Complete relevant entry and associated discussion on printed94; OE/cell and semantic identity assessed. Complete relevant text read; original headword and running folio inspected on sheet(s)133. Individual headword-card provenance retained in session.	Neuter an headword differs from CAPR's selected masculine az; divergent cognate forms are explicitly qualified.
2009	Orel2003	evidence_found	orel-core-2009-1;orel-core-2009-2;orel-core-2009-3;orel-core-2009-4;orel-core-2009-5	Complete relevant entry and associated discussion on printed97-98; OE/cell and semantic identity assessed. Complete relevant text read; original headword and running folio inspected on sheet(s)136-137. Individual headword-card provenance retained in session.	Both stem alternatives are authored; u-ending is relevant to the selected input without erasing the a alternative or gender differences.
2010	Orel2003	evidence_found	orel-core-2010-1;orel-core-2010-2	Complete relevant entry and associated discussion on printed96-97; OE/cell and semantic identity assessed. Complete relevant text read; original headword and running folio inspected on sheet(s)135-136. Individual headword-card provenance retained in session.	Actual lexical reconstruction, not a reconstructed selected finite form; the semantic comparison and bibliographic qualification are preserved.
2012	Orel2003	evidence_found	orel-core-2012-1;orel-core-2012-2;orel-core-2012-3	Complete relevant entry and associated discussion on printed99; OE/cell and semantic identity assessed. Complete relevant text read; original headword and running folio inspected on sheet(s)138. Individual headword-card provenance retained in session.	Short e and original velar ʒ differ from selected i/g; nominal analysis is related to five, not an automatically dated raising rule.
2013	Orel2003	evidence_found	orel-core-2013-1;orel-core-2013-2;orel-core-2013-3;orel-core-2013-4;orel-core-2013-5	Complete relevant entry and associated discussion on printed119; OE/cell and semantic identity assessed. Complete relevant text read; original headword and running folio inspected on sheet(s)158. Individual headword-card provenance retained in session.	Alternative fire-paradigm formation, not the selected OE dative; retain the explicit oblique-stem history.
2014	Orel2003	evidence_found	orel-core-2014-1;orel-core-2014-2;alignment-fish-orel-attribution	Complete relevant entry and associated discussion on printed103; OE/cell and semantic identity assessed. Complete relevant text read; original headword and running folio inspected on sheet(s)142. Individual headword-card provenance retained in session.	Headword is a complete fish noun citation; no fabricated selected inflection. Supplement (103): Latin/Irish fish relation versus reported Slavic bibliography.
2015	Orel2003	evidence_found	orel-core-2015-1;orel-core-2012-2;orel-core-2012-3	Complete relevant entry and associated discussion on printed118-119; OE/cell and semantic identity assessed. Complete relevant text read; original headword and running folio inspected on sheet(s)157-158. Individual headword-card provenance retained in session.	Source xw cluster is not CAPR's x alone; preserve the original five-related formation and quantity as printed.
2016	Orel2003	evidence_found	orel-core-2016-1;orel-core-2016-2;orel-core-2016-3	Complete relevant entry and associated discussion on printed105; OE/cell and semantic identity assessed. Complete relevant text read; original headword and running folio inspected on sheet(s)144. Individual headword-card provenance retained in session.	Parenthesized n is source uncertainty/alternative notation, not permission to select an unmarked n-ending silently.
2017	Orel2003	evidence_found	orel-core-2017-1	Complete relevant entry and associated discussion on printed104; OE/cell and semantic identity assessed. Complete relevant text read; original headword and running folio inspected on sheet(s)143. Individual headword-card provenance retained in session.	Author full neuter an ending retained separately from CAPR nasal-vowel notation.
2018	Orel2003	evidence_found	orel-core-2018-1	Complete relevant entry and associated discussion on printed105-106; OE/cell and semantic identity assessed. Complete relevant text read; original headword and running folio inspected on sheet(s)144-145. Individual headword-card provenance retained in session.	Qualified etymology retained; xz and au are source characters, not an exact quotation of the selected OE h-final form.
2019	Orel2003	evidence_found	orel-core-2019-1;alignment-flee-orel-fly-reference;alignment-flee-orel-cluster-and-fly	Complete relevant entry and associated discussion on printed107; OE/cell and semantic identity assessed. Complete relevant text read; original headword and running folio inspected on sheet(s)146. Individual headword-card provenance retained in session.	The explicit change concerns Gothic; do not turn an eu-bearing citation into an OE raising chronology. Supplement (107): fly verb offered as flee's lexical family; native written z not silently restored. Supplement (106-107): lexicalized fly variant as premise for conditioned Gothic fl-to-þl.
2020	Orel2003	evidence_found	orel-core-2020-1;orel-core-2020-2;orel-core-2020-3	Complete relevant entry and associated discussion on printed104; OE/cell and semantic identity assessed. Complete relevant text read; original headword and running folio inspected on sheet(s)143. Individual headword-card provenance retained in session.	The dictionary headword's az is preserved, not corrected to selected iz because OE is labelled an i-stem.
2021	Orel2003	evidence_found	orel-core-2021-1;orel-core-2021-2;orel-core-2021-3;orel-core-2021-4;alignment-flood-orel-flow-family	Complete relevant entry and associated discussion on printed107; OE/cell and semantic identity assessed. Complete relevant text read; original headword and running folio inspected on sheet(s)146. Individual headword-card provenance retained in session.	Selected masculine u-form has actual source evidence, but neuter/feminine alternatives and their separate reflex distributions remain visible. Supplement (107-108): flood gender/stem alternatives and long-grade flow family.
2022	Orel2003	evidence_found	orel-core-2022-1	Complete relevant entry and associated discussion on printed106; OE/cell and semantic identity assessed. Complete relevant text read; original headword and running folio inspected on sheet(s)145. Individual headword-card provenance retained in session.	Original velar ʒ and eu retained; this is the fly verb rather than an insect noun.
2023	Orel2003	evidence_found	orel-core-2023-1;alignment-foal-orel-o;alignment-foal-orel-a	Complete relevant entry and associated discussion on printed118; OE/cell and semantic identity assessed. Complete relevant text read; original headword and running folio inspected on sheet(s)157. Individual headword-card provenance retained in session.	Full source ōn ending retained; CAPR circumflex notation is not attributed to Orel. Supplement (118): comparative foal formation/root, not selected Germanic word. Supplement (118): comparative foal formation/root, not selected Germanic word.
2024	Orel2003	evidence_found	orel-core-2024-1;orel-core-2024-2;orel-core-2024-3;alignment-fodder-orel-sheath	Complete relevant entry and associated discussion on printed109; OE/cell and semantic identity assessed. Complete relevant text read; original headword and running folio inspected on sheet(s)148. Individual headword-card provenance retained in session.	Fodder homonym II; preserve barred đ and actual disagreement with the cited identification, not the unrelated sheath entry as selected evidence. Supplement (109): native sheath homonym I quotation; not selected fodder sense.
2025	Orel2003	evidence_found	orel-core-2025-1;orel-core-2025-2	Complete relevant entry and associated discussion on printed91; OE/cell and semantic identity assessed. Complete relevant text read; original headword and running folio inspected on sheet(s)130. Individual headword-card provenance retained in session.	Actual þ and a are source notation; no selected finite cell is constructed.
2026	Orel2003	evidence_found	orel-core-2026-1;orel-core-2026-2	Complete relevant entry and associated discussion on printed117-118; OE/cell and semantic identity assessed. Complete relevant text read; original headword and running folio inspected on sheet(s)156-157. Individual headword-card provenance retained in session.	Neuter dictionary word, not an automatic quote of CAPR nasal-vowel ending.
2027	Orel2003	evidence_found	orel-core-2027-1;orel-core-2027-2;orel-core-2027-3	Complete relevant entry and associated discussion on printed117; OE/cell and semantic identity assessed. Complete relevant text read; original headword and running folio inspected on sheet(s)156. Individual headword-card provenance retained in session.	Author ēnan formation differs from selected ijaną. Relevant lexical evidence remains evidence_found despite reflex/suffix differences.
2028	Orel2003	evidence_found	orel-core-2028-1;alignment-lose-extension-and-reported-aorist	Complete relevant entry and associated discussion on printed243; OE/cell and semantic identity assessed. 	The source reconstruction concerns the selected verb lexical family, not a manufactured participle based on the English label forlorn. Supplement (243): scoped source argument, not a quoted selected whole word.
2029	Orel2003	evidence_found	orel-core-2029-1;orel-core-2029-2	Complete relevant entry and associated discussion on printed96; OE/cell and semantic identity assessed. Complete relevant text read; original headword and running folio inspected on sheet(s)135. Individual headword-card provenance retained in session.	Distinct relevant numeral formation; not a second quotation of the selected whole cardinal.
2030	Orel2003	evidence_found	orel-core-2030-1;orel-core-2030-2	Complete relevant entry and associated discussion on printed116-117; OE/cell and semantic identity assessed. Complete relevant text read; original headword and running folio inspected on sheet(s)155-156. Individual headword-card provenance retained in session.	Original ʒ sign retained. The author's dissimilation argument is not an assertion that the current selected input must change.
2031	Orel2003	evidence_found	orel-core-2031-1;orel-core-2031-2	Complete relevant entry and associated discussion on printed117; OE/cell and semantic identity assessed. Complete relevant text read; original headword and running folio inspected on sheet(s)156. Individual headword-card provenance retained in session.	Fox noun is distinct from the feminine vixen cross-reference, not interchangeable selected gender evidence.
2032	Orel2003	evidence_found	orel-core-2032-1	Complete relevant entry and associated discussion on printed113; OE/cell and semantic identity assessed. 	eu-bearing author citation preserved; anan is not replaced with selected aną.
2033	Orel2003	evidence_found	orel-core-2033-1;orel-core-2033-2;orel-core-2033-3;orel-core-2033-4;orel-core-2033-5	Complete relevant entry and associated discussion on printed114-115; OE/cell and semantic identity assessed. Complete relevant text read; original headword and running folio inspected on sheet(s)153. Individual headword-card provenance retained in session.	Original barred đ retained. Author participial analysis and its printed alternative are not collapsed into consensus.
2034	Orel2003	evidence_found	orel-core-2034-1;orel-core-2034-2;alignment-fright-orel-nominative	Complete relevant entry and associated discussion on printed120; OE/cell and semantic identity assessed. Complete relevant text read; original headword and running folio inspected on sheet(s)159. Individual headword-card provenance retained in session.	The complete noun in īn differs from selected īnaz; preserve the source rather than supplying the selected ending. Supplement (120): OE fright nominative, not selected genitive fyrhte.
2035	Orel2003	evidence_found	orel-core-2035-1;orel-core-2035-2;alignment-frost-orel-z-derivative;alignment-frost-orel-s-derivative	Complete relevant entry and associated discussion on printed116; OE/cell and semantic identity assessed. Complete relevant text read; original headword and running folio inspected on sheet(s)155. Individual headword-card provenance retained in session.	Both authored nominal endings retained; source entry's grammatical ordering m./n. is not used to overwrite the selected neuter input. Supplement (116): neuter z frost derivative, not selected frust to formation. Supplement (116): neuter s frost formation attached to Gothic frius, not freeze infinitive.
2036	Orel2003	evidence_found	orel-core-2036-1;orel-core-2036-2	Complete relevant entry and associated discussion on printed120; OE/cell and semantic identity assessed. 	Competing nominal formation retained as OHG-source evidence, not a selected OE quotation.
2037	Orel2003	evidence_found	orel-core-2037-1;orel-core-2037-2	Complete relevant entry and associated discussion on printed124; OE/cell and semantic identity assessed. Complete relevant entries read; original headword and running folio inspected on sheet(s)163. Session contains individual original-image cards.	Correct bile family, not the homonymous fretted-skin masculine *ʒallōn. Retain both authored nominal endings.
2038	Orel2003	evidence_found	orel-core-2038-1;orel-core-2038-2;alignment-gang-noun-versus-go-family	Complete relevant entry and associated discussion on printed125; OE/cell and semantic identity assessed. Complete relevant entries read; original headword and running folio inspected on sheet(s)164. Session contains individual original-image cards.	Nominal gang, not the verb or adjectival homonym II; both original velar signs preserved. Supplement (125-126): scoped argument, not a reconstructed complete selected word.
2039	Orel2003	evidence_found	orel-core-2039-1;orel-core-2039-2;orel-core-2039-3	Complete relevant entry and associated discussion on printed123; OE/cell and semantic identity assessed. Complete relevant entries read; original headword and running folio inspected on sheet(s)162. Session contains individual original-image cards.	Actual ghost/spirit reconstruction; the semantic divergence is part of the evidence, not a silently established etymology.
2042	Orel2003	evidence_found	orel-core-2042-1;orel-core-2042-2;alignment-god-orel-libated-preform;alignment-god-orel-invoked-preform	Complete relevant entry and associated discussion on printed145; OE/cell and semantic identity assessed. Complete relevant entries read; original headword and running folio inspected on sheet(s)184. Session contains individual original-image cards.	Both nominal alternatives and competing etymological arguments retained; do not replace their endings with selected nasal-vowel notation or select the call etymology. Supplement (145): god libated-one derivation, not printed PGmc neuter citation. Supplement (145): alternative called/invoked derivation with possible Tocharian support.
2043	Orel2003	evidence_found	orel-core-2043-1	Complete relevant entry and associated discussion on printed145-146; OE/cell and semantic identity assessed. Complete relevant entries read; original headword and running folio inspected on sheet(s)184-185. Session contains individual original-image cards.	Original velar ʒ and thorn þ are retained, not converted to current g/θ by attribution.
2044	Orel2003	evidence_found	orel-core-2044-1;orel-core-2044-2	Complete relevant entry and associated discussion on printed126; OE/cell and semantic identity assessed. Complete relevant entries read; original headword and running folio inspected on sheet(s)165. Session contains individual original-image cards.	Root citation with sz, not a supplied selected plural or manufactured long-vowel etymon.
2045	Orel2003	evidence_found	orel-core-2045-1	Complete relevant entry and associated discussion on printed140; OE/cell and semantic identity assessed. Complete relevant entries read; original headword and running folio inspected on sheet(s)179. Session contains individual original-image cards.	Preserve source an and original velar sign; etymological alternatives remain distinct.
2046	Orel2003	evidence_found	orel-core-2046-1	Complete relevant entry and associated discussion on printed139; OE/cell and semantic identity assessed. Complete relevant entries read; original headword and running folio inspected on sheet(s)178. Session contains individual original-image cards.	Selected row is the dig/grave verb, not adjacent nominal grave *ʒrabō ~ *ʒraban.
2047	Orel2003	evidence_found	orel-core-2047-1	Complete relevant entry and associated discussion on printed143; OE/cell and semantic identity assessed. Complete relevant entries read; original headword and running folio inspected on sheet(s)182. Session contains individual original-image cards.	Long ī is actually printed. The adjacent grip noun is not substituted for the selected verb.
2048	Orel2003	evidence_found	orel-core-2048-1;orel-core-2048-2;orel-core-2048-3;orel-core-2048-4;orel-core-2048-5;orel-core-2048-6	Complete relevant entry and associated discussion on printed144; OE/cell and semantic identity assessed. Text checked against held source; original headword glyphs checked separately, not this complete incidental form.	Relevant competing formation is retained with its ON attribution, not a selected OE whole-word quotation.
2049	Orel2003	evidence_found	orel-core-2049-1	Complete relevant entry and associated discussion on printed127-128; OE/cell and semantic identity assessed. Complete relevant entries read; original headword and running folio inspected on sheet(s)166. Session contains individual original-image cards.	Specific guest etymon; semantic opposition guest/enemy belongs to the cited reflex distribution.
2050	Orel2003	evidence_found	orel-core-2050-1;orel-core-2050-2;orel-core-2050-3	Complete relevant entry and associated discussion on printed150; OE/cell and semantic identity assessed. Complete relevant entries read; original headword and running folio inspected on sheet(s)189. Session contains individual original-image cards.	Both author endings retained. The reduplication argument is Orel's and does not establish a selected-input migration.
2051	Orel2003	evidence_found	orel-core-2051-1	Complete relevant entry and associated discussion on printed172; OE/cell and semantic identity assessed. Complete relevant entries read; original headword and running folio inspected on sheet(s)211. Session contains individual original-image cards.	Author ē and neuter an retained; not an attributed nasal-vowel ending.
2052	Orel2003	evidence_found	orel-core-2052-1;orel-core-2052-2;orel-core-2052-3;orel-core-2052-4;alignment-hall-cover-family-and-homonyms	Complete relevant entry and associated discussion on printed156; OE/cell and semantic identity assessed. 	Competing ON formation, not an independently quoted selected OE hall ending. Supplement (156,168): scoped argument, not a complete selected-word quotation.
2053	Orel2003	evidence_found	orel-core-2053-1;alignment-hammer-orel-preform	Complete relevant entry and associated discussion on printed158; OE/cell and semantic identity assessed. Complete relevant entries read; original headword and running folio inspected on sheet(s)197. Session contains individual original-image cards.	Actual noun citation; selected genitive hameres and *xamaras are not quoted and must not be constructed as authored cells. Supplement (158): stone-derived hammer precursor, not selected genitive.
2054	Orel2003	evidence_found	orel-core-2054-1;orel-core-2054-2	Complete relevant entry and associated discussion on printed159; OE/cell and semantic identity assessed. Complete relevant entries read; original headword and running folio inspected on sheet(s)198. Session contains individual original-image cards.	Original barred đ and feminine label retained; no selected additional cell manufactured.
2055	Orel2003	evidence_found	orel-core-2055-1;orel-core-2055-2;orel-core-2055-3	Complete relevant entry and associated discussion on printed159; OE/cell and semantic identity assessed. Complete relevant entries read; original headword and running folio inspected on sheet(s)198. Session contains individual original-image cards.	Correct handle verb rather than the adjacent nominal handle; source barred dental and ōjanan retained.
2056	Orel2003	evidence_found	orel-core-2056-1;alignment-harm-homonym-and-comparison	Complete relevant entry and associated discussion on printed163; OE/cell and semantic identity assessed. Complete relevant entries read; original headword and running folio inspected on sheet(s)202. Session contains individual original-image cards.	Harm noun I, not adjective II or shrewmouse homonym; maintain the author's semantic argument. Supplement (163): scoped argument, not an assembled selected word.
2057	Orel2003	evidence_found	orel-core-2057-1;orel-core-2057-2;orel-core-2057-3;orel-core-2057-4	Complete relevant entry and associated discussion on printed161; OE/cell and semantic identity assessed. 	The printed az is recorded beside the two uz headwords, not corrected to harmonize their morphology.
2058	Orel2003	evidence_found	orel-core-2058-1;orel-core-2058-2	Complete relevant entry and associated discussion on printed147; OE/cell and semantic identity assessed. Complete relevant entries read; original headword and running folio inspected on sheet(s)186. Session contains individual original-image cards.	Selected hæfeþ is third singular: the source verb citation is not an exact reconstructed *xabēþi quotation.
2059	Orel2003	evidence_found	orel-core-2059-1;orel-core-2059-2;orel-core-2059-3	Complete relevant entry and associated discussion on printed150; OE/cell and semantic identity assessed. Complete relevant entries read; original headword and running folio inspected on sheet(s)189. Session contains individual original-image cards.	Correct enclosure/haw family, not the hare noun on164; source ōn retained.
2060	Orel2003	evidence_found	orel-core-2060-1;alignment-hawk-orel-comparative	Complete relevant entry and associated discussion on printed148; OE/cell and semantic identity assessed. Complete relevant entries read; original headword and running folio inspected on sheet(s)187. Session contains individual original-image cards.	Retain actual uncertain etymology rather than silently claiming one origin. Supplement (148): own comparative IE hawk preform, not bibliographic lift/loan hypothesis.
2061	Orel2003	evidence_found	orel-core-2061-1;orel-core-2061-2	Complete relevant entry and associated discussion on printed167; OE/cell and semantic identity assessed. Complete relevant entries read; original headword and running folio inspected on sheet(s)206. Session contains individual original-image cards.	Source has ww, not selected single w. The competing printed bibliographic reconstruction is an attributed proposal, not a second author headword.
2062	Orel2003	evidence_found	orel-core-2062-1;orel-core-2062-2;orel-core-2062-3	Complete relevant entry and associated discussion on printed164; OE/cell and semantic identity assessed. Complete relevant entries read; original headword and running folio inspected on sheet(s)203. Session contains individual original-image cards.	Actual source noun with az; no supplied selected case.
2063	Orel2003	evidence_found	orel-core-2063-1;orel-core-2063-2;orel-core-2063-3;orel-core-2063-4	Complete relevant entry and associated discussion on printed165; OE/cell and semantic identity assessed. Complete relevant entries read; original headword and running folio inspected on sheet(s)204. Session contains individual original-image cards.	Both diphthongal alternatives are genuine authored forms. They do not erase the simple-vowel headword on148 or establish a single adopted reconstruction.
2064	Orel2003	evidence_found	orel-core-2064-1;orel-core-2064-2;alignment-heal-homonym-and-factitive	Complete relevant entry and associated discussion on printed152; OE/cell and semantic identity assessed. Complete relevant entries read; original headword and running folio inspected on sheet(s)191. Session contains individual original-image cards.	Source janan is preserved, not expanded into selected ijaną. Supplement (151-152): scoped source argument; not a manufactured selected word.
2065	Orel2003	evidence_found	orel-core-2065-1	Complete relevant entry and associated discussion on printed170; OE/cell and semantic identity assessed. Complete relevant entries read; original headword and running folio inspected on sheet(s)209. Session contains individual original-image cards.	The gender mismatch is explicit evidence; do not silently turn the source into a feminine headword.
2066	Orel2003	evidence_found	orel-core-2066-1;alignment-hearth-orel-root;alignment-hearth-boundary-warrant	Complete relevant entry and associated discussion on printed170; OE/cell and semantic identity assessed. Complete relevant entries read; original headword and running folio inspected on sheet(s)209. Session contains individual original-image cards.	Author's boundary/cut argument and explicit phonetic objection retained, not summarized as generic uncertain origin. Supplement (170): cut-derived comparative boundary formation. Supplement (170): scoped source argument; not a manufactured selected word.
2067	Orel2003	evidence_found	orel-core-2067-1	Complete relevant entry and associated discussion on printed154; OE/cell and semantic identity assessed. Whole relevant entry read; original headword and running folio inspected on PDF sheet(s)193; session image cards retained.	Source feminine label differs from the OE reflex genders; preserve ai, thorn and iz.
2068	Orel2003	evidence_found	orel-core-2068-1	Complete relevant entry and associated discussion on printed169; OE/cell and semantic identity assessed. Whole169 source sheet and bibliography read; running folio is in the held text. Original head glyph photo not inspected in this batch.	Source heaven citation is not the selected later-stage *xebun input. Competing arguments retained without scientific adoption.
2069	Orel2003	evidence_found	orel-core-2069-1;orel-core-2069-2	Complete relevant entry and associated discussion on printed150; OE/cell and semantic identity assessed. Complete relevant entries read; original headword and running folio inspected on sheet(s)189. Session contains individual original-image cards.	Hedge formation actually reconstructed and read incidentally during haw/hail research; source velar ʒ retained.
2070	Orel2003	evidence_found	orel-core-2070-1;alignment-helm-cover-comparanda	Complete relevant entry and associated discussion on printed168; OE/cell and semantic identity assessed. Whole relevant entry read; original headword and running folio inspected on PDF sheet(s)207; session image cards retained.	Helmet noun, not the neighboring *xelmōn ~ *xalmōn helm/rudder homonym. Supplement (167-168): authored complete historical/formation argument; not a selected whole word.
2071	Orel2003	evidence_found	orel-core-2071-1	Complete relevant entry and associated discussion on printed168; OE/cell and semantic identity assessed. Whole relevant entry read; original headword and running folio inspected on PDF sheet(s)207; session image cards retained.	Actual help verb; row2072 is independently assessed as the derived noun, not given this verb's citation.
2072	Orel2003	evidence_found	orel-core-2072-1;orel-core-2072-2;alignment-help-noun-noun-derivation	Complete relevant entry and associated discussion on printed168; OE/cell and semantic identity assessed. Whole relevant entry read; original headword and running folio inspected on PDF sheet(s)207; session image cards retained.	Exact nominal family and ō-ending, not the strong verb at row2071. Supplement (168): authored complete historical/formation argument; not a selected whole word.
2073	Orel2003	evidence_found	orel-core-2073-1;orel-core-2073-2;alignment-herd-skin-derivative	Complete relevant entry and associated discussion on printed170; OE/cell and semantic identity assessed. Complete relevant entries read; original headword and running folio inspected on sheet(s)209. Session contains individual original-image cards.	Correct herd noun, not the derived skin/fleece formation; preserve source barred đ. Supplement (170): explicit WGmc deerskin/fleece derivative, not herd citation.
2074	Orel2003	evidence_found	orel-core-2074-1	Complete relevant entry and associated discussion on printed167; OE/cell and semantic identity assessed. Complete relevant entries read; original headword and running folio inspected on sheet(s)206. Session contains individual original-image cards.	Actual hew verb with ww and anan; not the similarly spelled perform verb *xawjanan.
2076	Orel2003	evidence_found	orel-core-2076-1;orel-core-2076-2;orel-core-2076-3	Complete relevant entry and associated discussion on printed196; OE/cell and semantic identity assessed. Whole relevant entry read; original headword and running folio inspected on PDF sheet(s)235; session image cards retained.	Treasure noun, not the mind/thought *xuʒđiz entry; source has ordinary z before barred đ, unlike the velar ʒ elsewhere.
2077	Orel2003	evidence_found	orel-core-2077-1;orel-core-2077-2	Complete relevant entry and associated discussion on printed155; OE/cell and semantic identity assessed. Whole relevant entry read; original headword and running folio inspected on PDF sheet(s)194; session image cards retained.	Hold verb with actual barred đ, not a quote of the adjacent protection noun.
2078	Orel2003	evidence_found	orel-core-2078-1;orel-core-2078-2;orel-core-2078-3;alignment-home-comparative-admission	Complete relevant entry and associated discussion on printed152; OE/cell and semantic identity assessed. 	An explicitly attributed competing formation, not an OE selected plural/case quotation. Supplement (152): complete source argument; not a selected whole-word quotation.
2079	Orel2003	evidence_found	orel-core-2079-1;alignment-honey-secondary-n-warrant	Complete relevant entry and associated discussion on printed193; OE/cell and semantic identity assessed. Whole relevant entry read; original headword and running folio inspected on PDF sheet(s)232; session image cards retained.	Source an citation and original velar preserved; do not omit taboo/color argument or silently assign it consensus status. Supplement (193): complete source argument; not a selected whole-word quotation.
2080	Orel2003	evidence_found	orel-core-2080-1;orel-core-2080-2;alignment-hood-wgmc-limit	Complete *xattuz entry, printed165; explicit WGmc *xōđaz actually inspected on original PDF sheet204, including the inline barred dental.	Explicit source WGmc *xōđaz, of unknown origin, not a source PGmc quotation. Long vowel and barred dental preserved; no selected-stage adoption. Supplement (165): complete source argument; not a selected whole-word quotation.
2081	Orel2003	evidence_found	orel-core-2081-1	Complete relevant entry and associated discussion on printed181; OE/cell and semantic identity assessed. Whole relevant entry read; original headword and running folio inspected on PDF sheet(s)220; session image cards retained.	Actual hoof noun with long ō; not the adjacent measure/moderation *xōfan homonym.
2082	Orel2003	evidence_found	orel-core-2082-1	Complete relevant entry and associated discussion on printed195; OE/cell and semantic identity assessed. Whole relevant entry read; original headword and running folio inspected on PDF sheet(s)234; session image cards retained.	Explicit source/OE gender difference and an ending retained, not a synthetic selected case.
2083	Orel2003	evidence_found	orel-core-2083-1;orel-core-2083-2;alignment-hound-to-formation-warrant	Complete relevant entry and associated discussion on printed193; OE/cell and semantic identity assessed. Whole relevant entry read; original headword and running folio inspected on PDF sheet(s)232; session image cards retained.	Dog/hound etymon, not the neighboring neuter hundred *xunđan; source barred dental retained. Supplement (193): complete source argument; not a selected whole-word quotation.
2084	Orel2003	evidence_found	orel-core-2084-1;orel-core-2084-2	Complete relevant entry and associated discussion on printed218; OE/cell and semantic identity assessed. Whole relevant entry read; original headword and running folio inspected on PDF sheet(s)257; session image cards retained.	Source short e and barred dental retained; selected OE infinitive is supported as a verb, not as a manufactured quoted tense cell.
2085	Orel2003	evidence_found	orel-core-2085-1	Complete relevant entry and associated discussion on printed218; OE/cell and semantic identity assessed. Whole relevant entry read; original headword and running folio inspected on PDF sheet(s)257; session image cards retained.	The approved selected cneowe/*knewai is a short dative: this source nominative dictionary citation does not quote that exact dative. No case ending is supplied.
2086	Orel2003	evidence_found	orel-core-2086-1;orel-core-2086-2;orel-core-2086-3;orel-core-2086-4;orel-core-2086-5;orel-core-2086-6;alignment-knight-origin-ownership	Complete relevant entry and associated discussion on printed217; OE/cell and semantic identity assessed. Whole217 entry and *knappaz I cross-reference read. Original folio checked; incidental knextaz text checked, not falsely marked headword-image verification.	The reconstructed knight etymon is explicitly WGmc, not automatically PGmc because selected-owner proto_stage is pgmc. Supplement (212-213,217): complete owned argument; not a whole-word selected quotation.
2087	Orel2003	evidence_found	orel-core-2087-1;orel-core-2086-4	Held body and complete indices searched for cnobba/cnobb-/knubb-/knub-/knobbe; the printed OE c-index on544 (sheet583) actually read. Complete217-219 *knappaz I, *knuppaz, *knuttōn, *knūbilaz, *knukōn, *knūtaz/*knūwjanan and knee-related cross-references read; incidental knob hits checked. Reassessment: actual *knuppaz218-219 is individually captured as a relevant family reconstruction; original inspected. Exact selected cnobba/n-stem remains unquoted.	Evidence_found for the relevant reconstructed knupp-/knubb- knob/bud/knot family, not an exact selected OE weak noun quotation. The previous negative screened out the family's authored *knuppaz merely because cnobba and its selected n-stem were not quoted; that narrower negative is superseded. No scientific owner or derivation is changed.
2088	Orel2003	evidence_found	orel-core-2088-1	Complete relevant entry and associated discussion on printed175; OE/cell and semantic identity assessed. Relevant whole entries/continuations read; original headword and running folio inspected on PDF sheet(s)214; original image cards retained.	Source has thorn þ, not selected barred dental ð; no silent consonant normalization in the attributed form.
2089	Orel2003	evidence_found	orel-core-2089-1;alignment-land-reported-origins	Complete relevant entry and associated discussion on printed235; OE/cell and semantic identity assessed. Relevant whole entries/continuations read; original headword and running folio inspected on PDF sheet(s)274; original image cards retained.	Preserve source barred dental and an ending without choosing among the origin proposals. Supplement (235): complete owned argument; not a whole-word selected quotation.
2090	Orel2003	evidence_found	orel-core-2090-1;orel-core-2090-2;alignment-lap-noun-not-verb	Complete relevant entry and associated discussion on printed236; OE/cell and semantic identity assessed. 	Competing j-formation retained with ON attribution, not quoted as the selected OE lap cell. Supplement (236): complete owned argument; not a whole-word selected quotation.
2091	Orel2003	evidence_found	orel-core-2091-1;orel-core-2091-2;orel-core-2091-3;orel-core-2091-4;orel-core-2091-5;alignment-last-nominal-base	Complete relevant entry and associated discussion on printed233; OE/cell and semantic identity assessed. Relevant whole entries/continuations read; original headword and running folio inspected on PDF sheet(s)272; original image cards retained.	Verb rather than the homonymous last/sole nouns; source janan, not synthesized selected ijaną. Supplement (233): complete owned argument; not a whole-word selected quotation.
2092	Orel2003	evidence_found	orel-core-2092-1	Complete relevant entry and associated discussion on printed173; OE/cell and semantic identity assessed. Relevant whole entries/continuations read; original headword and running folio inspected on PDF sheet(s)212; original image cards retained.	Preserve author's descriptive/formal-comparison qualification; not proof of an adopted sound-history direction.
2093	Orel2003	evidence_found	orel-core-2093-1;orel-core-2093-2;orel-core-2093-3;alignment-lead-owned-versus-reported	Complete relevant entry and associated discussion on printed232; OE/cell and semantic identity assessed. Relevant whole entries/continuations read; original headword and running folio inspected on PDF sheet(s)271; original image cards retained.	Lead verb, not lead metal; source barred dental and causative morphology retained. Supplement (232,248-249): complete owned argument; not a whole-word selected quotation.
2094	Orel2003	evidence_found	orel-core-2094-1;orel-core-2094-2;alignment-leaf-basket-root;alignment-leaf-basket-and-substratum	Complete relevant entry and associated discussion on printed237; OE/cell and semantic identity assessed. Relevant whole entries/continuations read; original headword and running folio inspected on PDF sheet(s)276; original image cards retained.	Leaf noun, not the neighboring feminine *laubō leave/permission. Supplement (239): root in qualified basket/leaf connection, not selected noun. Supplement (237,239): complete owned/attributed argument, not a selected whole-word quotation.
2095	Orel2003	evidence_found	orel-core-2095-1;orel-core-2095-2;orel-core-2095-3;alignment-learn-alternatives-and-objection	Complete relevant entry and associated discussion on printed247; OE/cell and semantic identity assessed. Relevant whole entries/continuations read; original headword and running folio inspected on PDF sheet(s)286; original image cards retained.	Both verb alternatives retained. The original sign here is ordinary z, not the velar ʒ of unrelated headwords; no stage date inferred from i. Supplement (233,247): complete owned/attributed argument, not a selected whole-word quotation.
2096	Orel2003	evidence_found	orel-core-2096-1;alignment-leather-celtic-reflexes	Complete relevant entry and associated discussion on printed241; OE/cell and semantic identity assessed. Relevant whole entries/continuations read; original headword and running folio inspected on PDF sheet(s)280; original image cards retained.	An explicit Celtic-borrowing assertion, not a silently inherited PGmc reconstruction endorsement. Supplement (241): complete owned/attributed argument, not a selected whole-word quotation.
2097	Orel2003	evidence_found	orel-core-2097-1;alignment-leek-unknown-and-homonyms	Complete relevant entry and associated discussion on printed239; OE/cell and semantic identity assessed. Relevant whole entries/continuations read; original headword and running folio inspected on PDF sheet(s)278; original image cards retained.	Actual source gender mismatch and unknown-origin qualification retained. Supplement (239,251-252): complete owned/attributed argument, not a selected whole-word quotation.
2098	Orel2003	evidence_found	orel-core-2098-1	Complete relevant entry and associated discussion on printed244-245; OE/cell and semantic identity assessed. Relevant whole entries/continuations read; original headword and running folio inspected on PDF sheet(s)283-284; original image cards retained.	Long ē actually printed; the Greek reading objection is not discarded as generic uncertain etymology.
2099	Orel2003	evidence_found	orel-core-2099-1	Complete relevant entry and associated discussion on printed245-246; OE/cell and semantic identity assessed. Relevant whole entries/continuations read; original headword and running folio inspected on PDF sheet(s)284-285; original image cards retained.	Source short i, kk and ōjanan retained; not an attributed selected nasal-vowel ending.
2100	Orel2003	evidence_found	orel-core-2100-1;orel-core-2100-2;alignment-lid-noun-verb-family	Complete relevant entry and associated discussion on printed176-177; OE/cell and semantic identity assessed. Relevant whole entries/continuations read; original headword and running folio inspected on PDF sheet(s)215-216; original image cards retained.	Lid rather than the long-vowel slope noun; source short i and barred dental retained. Supplement (176-178): complete owned/attributed argument, not a selected whole-word quotation.
2101	Orel2003	evidence_found	orel-core-2101-1;alignment-life-live-family	Complete relevant entry and associated discussion on printed247; OE/cell and semantic identity assessed. Relevant whole entries/continuations read; original headword and running folio inspected on PDF sheet(s)286; original image cards retained.	Source long ī contrasts with the short-i live verb; the life noun is not a selected third-person verb cell. Supplement (245,247): complete owned/attributed argument, not a selected whole-word quotation.
2103	Orel2003	evidence_found	orel-core-2103-1;orel-core-2103-2;alignment-lime-gender-alternatives	Complete relevant entry and associated discussion on printed248; OE/cell and semantic identity assessed. Relevant whole entries/continuations read; original headword and running folio inspected on PDF sheet(s)287; original image cards retained.	Both source endings retained; lime/glue is not the separate short-i limb/branch noun. Supplement (233,248): complete source argument, not a selected whole-word quotation.
2104	Orel2003	evidence_found	orel-core-2104-1;orel-core-2104-2;alignment-linden-reported-soft;alignment-linden-reported-soft-connection	Complete relevant entry and associated discussion on printed240; OE/cell and semantic identity assessed. Relevant whole entries/continuations read; original headword and running folio inspected on PDF sheet(s)279; original image cards retained.	Explicit e-bearing citation and parenthesized j differ from the selected *lindō, without dating raising or adopting an alternative. Supplement (240): Heidermanns adjective connection reported by Orel, not Orel's exclusive adoption. Supplement (240-241): complete source argument, not a selected whole-word quotation.
2105	Orel2003	evidence_found	orel-core-2105-1;orel-core-2105-2;alignment-line-latin-linen;alignment-line-two-latin-loans	Complete relevant entry and associated discussion on printed248; OE/cell and semantic identity assessed. Whole248 paragraph text checked; preserve the distinction between the two Latin loan etymons.	Latin etymon actually printed, not a fabricated Germanic *līnōn citation; explicitly distinguished from linen borrowed from līnum. Supplement (248): Latin source of linen/flax, not direct line/rope etymon. Supplement (248): complete source argument, not a selected whole-word quotation.
2106	Orel2003	evidence_found	orel-core-2106-1;alignment-list-track-i;alignment-list-track-a;alignment-list-border-and-track	Complete relevant entry and associated discussion on printed248; OE/cell and semantic identity assessed. Relevant whole entries/continuations read; original headword and running folio inspected on PDF sheet(s)287; original image cards retained.	Long ī, feminine n-stem and edge sense retained; not the short-i cunning noun *listiz. Supplement (248): track-family comparison for border noun, not border citation. Supplement (248): alternative track-family comparison, not selected border ending. Supplement (233,248): complete source argument, not a selected whole-word quotation.
2107	Orel2003	evidence_found	orel-core-2107-1;orel-core-2107-2;alignment-live-reported-root-alternative	Complete relevant entry and associated discussion on printed245; OE/cell and semantic identity assessed. Relevant whole entries/continuations read; original headword and running folio inspected on PDF sheet(s)284; original image cards retained.	Selected lifeþ/*libēθi is third singular. The whole-verb citation does not quote that selected cell and must not be expanded into it. Supplement (245): complete source argument, not a selected whole-word quotation.
2108	Orel2003	evidence_found	orel-core-2108-1;alignment-liver-smear-and-influence	Complete relevant entry and associated discussion on printed245; OE/cell and semantic identity assessed. Relevant whole entries/continuations read; original headword and running folio inspected on PDF sheet(s)284; original image cards retained.	Source short i and parenthesized a retained. The author's distinction between connection and influence is material evidence. Supplement (245): complete source argument, not a selected whole-word quotation.
2109	Orel2003	evidence_found	orel-core-2109-1;alignment-loam-latin-precursor;alignment-loam-clay-reflex	Complete relevant entry and associated discussion on printed233; OE/cell and semantic identity assessed. Relevant whole entries/continuations read; original headword and running folio inspected on PDF sheet(s)272; original image cards retained.	Masculine n-stem source versus selected neuter *laimą; the OE neuter reflex label is not a printed neuter reconstructed headword. Supplement (233): Latin silt antecedent comparator, not a Germanic loam citation. Supplement (233,248): complete source argument, not a selected whole-word quotation.
2110	Orel2003	evidence_found	orel-core-2110-1	Complete relevant entry and associated discussion on printed233-234; OE/cell and semantic identity assessed. Relevant whole entries/continuations read; original headword and running folio inspected on PDF sheet(s)272; original image cards retained.	Correct hate/loathing adjective, not a nominal course/road or selected case quotation.
2111	Orel2003	evidence_found	orel-core-2111-1;orel-core-2111-2	Complete relevant entry and associated discussion on printed250; OE/cell and semantic identity assessed. Relevant whole entries/continuations read; original headword and running folio inspected on PDF sheet(s)289; original image cards retained.	Mechanical lock/bolt, independently distinguished from hairlock at row2112 and the homonymous weed/pull verb.
2112	Orel2003	evidence_found	orel-core-2112-1	Complete relevant entry and associated discussion on printed250; OE/cell and semantic identity assessed. Relevant whole entries/continuations read; original headword and running folio inspected on PDF sheet(s)289; original image cards retained.	Hairlock with kk and masculine az, not the neuter mechanical lock formation at2111.
2113	Orel2003	evidence_found	orel-core-2113-1	Complete relevant entry and associated discussion on printed252; OE/cell and semantic identity assessed. Relevant whole entries/continuations read; original headword and running folio inspected on PDF sheet(s)291; original image cards retained.	Long ū and original sz retained; continental i-stem labels do not authorize an invented selected i-stem quotation.
2114	Orel2003	evidence_found	orel-core-2114-1;orel-core-2114-2;orel-core-2114-3;orel-core-2114-4	Complete relevant entry and associated discussion on printed251; OE/cell and semantic identity assessed. Relevant whole entries/continuations read; original headword and running folio inspected on PDF sheet(s)290; original image cards retained.	All three authored formations retained; the OE-specific u and parenthesized j differ from the selected *lunganjō.
2115	Orel2003	evidence_found	orel-core-2115-1;orel-core-2115-2;orel-core-2115-3;orel-core-2115-4;orel-core-2115-5;orel-core-2115-6;orel-core-2115-7	Complete relevant entry and associated discussion on printed251; OE/cell and semantic identity assessed. Relevant whole entries/continuations read; original headword and running folio inspected on PDF sheet(s)290; original image cards retained.	Desire/lust noun, not the separately printed destruction/loss homonym *lustiz; retain the late ON feminine attribution.
2116	Orel2003	evidence_found	orel-core-2116-1;orel-core-2116-2	Complete relevant entry and associated discussion on printed238; OE/cell and semantic identity assessed. Relevant whole entries/continuations read; original headword and running folio inspected on PDF sheet(s)277; original image cards retained.	Actual lye noun with source velar ʒ and ō; not neighboring secretion/lie or light/flame nouns.
2117	Orel2003	evidence_found	orel-core-2117-1	Complete relevant entry and associated discussion on printed257; OE/cell and semantic identity assessed. Whole relevant entry/continuation read; original headword and folio inspected on PDF sheet(s)296; session image cards retained.	Whole make verb genuinely quoted with ōjanan.
2118	Orel2003	evidence_found	orel-core-2118-1;orel-core-2118-2	Complete relevant entry and associated discussion on printed258; OE/cell and semantic identity assessed. Whole relevant entry/continuation read; original headword and folio inspected on PDF sheet(s)297; session image cards retained.	The az quotation is explicitly adjectival, distinct from the neuter malt noun and retaining the author's OE gloss uncertainty.
2119	Orel2003	evidence_found	orel-core-2119-1;orel-core-2119-2	Complete relevant entry and associated discussion on printed260; OE/cell and semantic identity assessed. 	Actual n-stem alternative with Gothic attribution, not a quoted selected OE genitive.
2120	Orel2003	evidence_found	orel-core-2120-1;orel-core-2120-2	Complete relevant entry and associated discussion on printed262; OE/cell and semantic identity assessed. Whole relevant entry/continuation read; original headword and folio inspected on PDF sheet(s)301; session image cards retained.	Border/region march, not the separate celery/marche plant formation on the same page.
2121	Orel2003	evidence_found	orel-core-2121-1;orel-core-2121-2	Complete relevant entry and associated discussion on printed263; OE/cell and semantic identity assessed. Whole relevant entry/continuation read; original headword and folio inspected on PDF sheet(s)302; session image cards retained.	Competing identical dictionary formation with a distinct sense and etymology. It cannot replace the sail-support mast without a corpus sense decision.
2122	Orel2003	evidence_found	orel-core-2122-1;orel-core-2122-2	Complete relevant entry and associated discussion on printed269-270; OE/cell and semantic identity assessed. Whole relevant entry/continuation read; original headword and folio inspected on PDF sheet(s)308; session image cards retained.	Actual same-form competing sense and arguments retained, without selecting one bibliographic origin.
2123	Orel2003	evidence_found	orel-core-2123-1;orel-core-2123-2	Complete relevant entry and associated discussion on printed255; OE/cell and semantic identity assessed. Whole relevant entry/continuation read; original headword and folio inspected on PDF sheet(s)294; session image cards retained.	Actually printed competing derivative base, attributed to the cited proposal rather than asserted as Orel's unique adopted root.
2124	Orel2003	evidence_found	orel-core-2124-1;orel-core-2124-2	Complete relevant entry and associated discussion on printed272; OE/cell and semantic identity assessed. Whole relevant entry/continuation read; original headword and folio inspected on PDF sheet(s)311; session image cards retained.	Retain actual ē₂ and barred dental; do not flatten the subscript or manufacture the selected dative ending.
2125	Orel2003	evidence_found	orel-core-2125-1;orel-core-2125-2;orel-core-2125-3	Complete relevant entry and associated discussion on printed254; OE/cell and semantic identity assessed. 	Authored ON alternative, not a synthetic selected OE might cell.
2126	Orel2003	evidence_found	orel-core-2126-1;orel-core-2126-2;orel-core-2126-3	Complete relevant entry and associated discussion on printed267; OE/cell and semantic identity assessed. 	Competing actual i-formation attributed to OHG, not substituted for the selected OE meoloc whole word.
2127	Orel2003	evidence_found	orel-core-2127-1;orel-core-2127-2	Complete relevant entry and associated discussion on printed270; OE/cell and semantic identity assessed. Whole relevant entry/continuation read; original headword and folio inspected on PDF sheet(s)309; session image cards retained.	Month citation is not the weak moon noun; long ē/ō and thorn þz retained.
2128	Orel2003	evidence_found	orel-core-2128-1	Complete relevant entry and associated discussion on printed273; OE/cell and semantic identity assessed. Whole relevant entry/continuation read; original headword and folio inspected on PDF sheet(s)312; session image cards retained.	Masculine author headword and neuter OE citation differ; not the separate river/slime *mōđō(n) formation.
2129	Orel2003	evidence_found	orel-core-2129-1	Complete relevant entry and associated discussion on printed273; OE/cell and semantic identity assessed. Whole relevant entry/continuation read; original headword and folio inspected on PDF sheet(s)312; session image cards retained.	Original long ō and ē and barred dental preserved; no synthetic selected case.
2130	Orel2003	evidence_found	orel-core-2130-1	Complete relevant entry and associated discussion on printed279; OE/cell and semantic identity assessed. Whole pertinent entries/continuations read; original headword and running folio inspected on PDF sheet(s)318; session images retained.	Original velar ʒ and az preserved; variant reflex stem classes are not manufactured reconstructed selected forms.
2131	Orel2003	evidence_found	orel-core-2131-1;orel-core-2131-2	Complete relevant entry and associated discussion on printed280-281; OE/cell and semantic identity assessed. Whole relevant entry/continuation read; original headword and folio inspected on PDF sheet(s)319-320; session image cards retained.	Source neuter shared label and both endings retained, not converted into selected ô; parenthesized n is diplomatic.
2132	Orel2003	evidence_found	orel-core-2132-1;orel-core-2132-2	Complete relevant entry and associated discussion on printed279; OE/cell and semantic identity assessed. 	ON attributed alternative, not a selected OE whole-word quotation.
2133	Orel2003	evidence_found	orel-core-2133-1	Complete relevant entry and associated discussion on printed279; OE/cell and semantic identity assessed. Whole pertinent entries/continuations read; original headword and running folio inspected on PDF sheet(s)318; session images retained.	Parenthesized u and full ōn retained; no silent conversion to selected unparenthesized *nabulô.
2134	Orel2003	evidence_found	orel-core-2134-1;orel-core-2134-2	Complete relevant entry and associated discussion on printed179; OE/cell and semantic identity assessed. Whole pertinent entries/continuations read; original headword and running folio inspected on PDF sheet(s)218; session images retained.	Actual comparative neck/nape family, with short a alternatives; OE hnecca and selected e-bearing *xnekkô are not quoted in this entry.
2135	Orel2003	evidence_found	orel-core-2135-1	Complete relevant entry and associated discussion on printed282; OE/cell and semantic identity assessed. Whole pertinent entries/continuations read; original headword and running folio inspected on PDF sheet(s)321; session images retained.	Source barred dental and iz preserved; the Prussian comparison is explicitly conditional.
2136	Orel2003	evidence_found	orel-core-2136-1;orel-core-2136-2	Complete relevant entry and associated discussion on printed287; OE/cell and semantic identity assessed. Whole pertinent entries/continuations read; original headword and running folio inspected on PDF sheet(s)326; session images retained.	Original long ē and thorn þ, not silently replaced by selected voiced ð. Sewing derivation is the source's, not scientific adoption.
2137	Orel2003	evidence_found	orel-core-2137-1	Complete relevant entry and associated discussion on printed287; OE/cell and semantic identity assessed. Whole pertinent entries/continuations read; original headword and running folio inspected on PDF sheet(s)326; session images retained.	Short i citation genuinely printed; preserve the irregularity and competing Tocharian argument rather than treating all comparisons as uniform.
2138	Orel2003	evidence_found	orel-core-2138-1;orel-core-2138-2	Complete relevant entry and associated discussion on printed281-282; OE/cell and semantic identity assessed. Whole pertinent entries/continuations read; original headword and running folio inspected on PDF sheet(s)320-321; session images retained.	Actual net noun, not similarly spelled make-wet verb or caul derivative.
2139	Orel2003	evidence_found	orel-core-2139-1;orel-core-2139-2	Complete relevant entry and associated discussion on printed281; OE/cell and semantic identity assessed. Whole pertinent entries/continuations read; original headword and running folio inspected on PDF sheet(s)320; session images retained.	Actual natilōn citation; no selected-cell ending synthesized.
2140	Orel2003	evidence_found	orel-core-2140-1	Complete relevant entry and associated discussion on printed279-280; OE/cell and semantic identity assessed. Whole pertinent entries/continuations read; original headword and running folio inspected on PDF sheet(s)318-319; session images retained.	Root citation xtz, not the selected *naxti i-final input or an invented exact night case.
2141	Orel2003	evidence_found	orel-core-2141-1	Complete relevant entry and associated discussion on printed262; OE/cell and semantic identity assessed. Whole relevant entry/continuation read; original headword and folio inspected on PDF sheet(s)301; session image cards retained.	Actually reconstructed nightmare, not the similarly spelled mare/horse or tender adjective on the same page.
2142	Orel2003	evidence_found	orel-core-2142-1	Complete relevant entry and associated discussion on printed285; OE/cell and semantic identity assessed. Whole pertinent entries/continuations read; original headword and running folio inspected on PDF sheet(s)324; session images retained.	The actual reconstructed cardinal has e and ew, not the selected niʒun sequence; ordinal formations are not substituted for nine.
2143	Orel2003	evidence_found	orel-core-2143-1	Complete relevant entry and associated discussion on printed281; OE/cell and semantic identity assessed. Whole pertinent entries/continuations read; original headword and running folio inspected on PDF sheet(s)320; session images retained.	Actual short-a quotation differs from selected *nusō. Old dual is an author assertion, not a fabricated current singular cell.
2144	Orel2003	evidence_found	orel-core-2144-1	Complete relevant entry and associated discussion on printed9; OE/cell and semantic identity assessed. Whole pertinent entries/continuations read; original headword and running folio inspected on PDF sheet(s)48; session images retained.	Actual cardinal citation retains ai and az without inserting CAPR stress.
2145	Orel2003	evidence_found	orel-core-2145-1;orel-core-2145-2;orel-core-2145-3	Complete relevant entry and associated discussion on printed433; OE/cell and semantic identity assessed. Whole pertinent entries/continuations read; original headword and running folio inspected on PDF sheet(s)472; session images retained.	Explicit competing oven form and qualifications, not normalized to match the selected OE noun or converted into a unique history.
2146	Orel2003	evidence_found	orel-core-2146-1	Complete relevant entry and associated discussion on printed433-434; OE/cell and semantic identity assessed. Whole pertinent entries/continuations read; original headword and running folio inspected on PDF sheet(s)472-473; session images retained.	Actual n-stem full ōn retained. Reflex plural citations do not provide reconstructed selected plural/case forms.
2147	Orel2003	evidence_found	orel-core-2147-1;orel-core-2147-2	Complete relevant entry and associated discussion on printed300; OE/cell and semantic identity assessed. Complete pertinent entry, continuations and named cross-references read; original headwords and running folios inspected on PDF sheets339; session cards retained.	Actual short-e rain etymon and both endings retained; the author's neuter entry label and masculine reflex labels are not silently harmonized.
2148	Orel2003	evidence_found	orel-core-2148-1;orel-core-1963-01;orel-core-2148-2	Complete relevant entry and associated discussion on printed300; OE/cell and semantic identity assessed. Complete pertinent entry, continuations and named cross-references read; original headwords and running folios inspected on PDF sheets339; session cards retained.	The complete compound, hyphen and long ōn ending are quoted; selected compound stress is not attributed to Orel.
2149	Orel2003	evidence_found	orel-core-2149-1;orel-core-2149-2	Complete relevant entry and associated discussion on printed183; OE/cell and semantic identity assessed. Complete pertinent entry, continuations and named cross-references read; original headwords and running folios inspected on PDF sheets222; session cards retained.	Actual family n-stem, not a quoted selected OE n-stem.
2150	Orel2003	evidence_found	orel-core-2150-1;orel-core-2150-2;orel-core-2150-3;orel-core-2150-4	Complete relevant entry and associated discussion on printed304; OE/cell and semantic identity assessed. Complete pertinent entry, continuations and named cross-references read; original headwords and running folios inspected on PDF sheets343; session cards retained.	Relevant explicit reading formation, not substituted as the selected verb or expanded into its selected inflection.
2151	Orel2003	evidence_found	orel-core-2151-1;orel-core-2151-2;orel-core-2151-3	Complete relevant entry and associated discussion on printed299; OE/cell and semantic identity assessed. 	Actual continental alternative, not a quoted selected OE cell.
2152	Orel2003	evidence_found	orel-core-2152-1	Complete relevant entry and associated discussion on printed298; OE/cell and semantic identity assessed. Complete pertinent entry, continuations and named cross-references read; original headwords and running folios inspected on PDF sheets337; session cards retained.	Actual long-ō citation does not quote selected ræste/*rastōz as an exact selected case; ON i-stem plural is a reflex observation.
2153	Orel2003	evidence_found	orel-core-2153-1	Complete relevant entry and associated discussion on printed305; OE/cell and semantic identity assessed. Complete pertinent entry, continuations and named cross-references read; original headwords and running folios inspected on PDF sheets344; session cards retained.	Whole strong-verb citation preserves ī and barred dental; the OS inflection is not a reconstructed selected OE cell.
2154	Orel2003	evidence_found	orel-core-2154-1;orel-core-2154-2;orel-core-2154-3	Complete relevant entry and associated discussion on printed302; OE/cell and semantic identity assessed. Complete pertinent entry, continuations and named cross-references read; original headwords and running folios inspected on PDF sheets341; session cards retained.	The actual source headword has short e, barred dental and parenthesized n, unlike the selected unparenthesized i-bearing input.
2155	Orel2003	evidence_found	orel-core-2155-1	Complete relevant entry and associated discussion on printed308; OE/cell and semantic identity assessed. Complete pertinent entry, continuations and named cross-references read; original headwords and running folios inspected on PDF sheets347; session cards retained.	Coat homonym, explicitly not the neighboring distaff *rukkaz ~ *rukkōn.
2156	Orel2003	evidence_found	orel-core-2156-1;orel-core-2156-2	Complete relevant entry and associated discussion on printed295; OE/cell and semantic identity assessed. Complete pertinent entry, continuations and named cross-references read; original headwords and running folios inspected on PDF sheets334; session cards retained.	Actual ON formation, not a supplied selected OE cell.
2157	Orel2003	evidence_found	orel-core-2157-1	Complete relevant entry and associated discussion on printed306; OE/cell and semantic identity assessed. Complete pertinent entry, continuations and named cross-references read; original headwords and running folios inspected on PDF sheets345; session cards retained.	Rood rather than riding/road: long ō, barred dental and parenthesized n preserved, not silently reduced to the selected unparenthesized input.
2158	Orel2003	evidence_found	orel-core-2158-1;orel-core-2158-2;orel-core-2158-3	Complete relevant entry and associated discussion on printed309; OE/cell and semantic identity assessed. Complete pertinent entry, continuations and named cross-references read; original headwords and running folios inspected on PDF sheets348; session cards retained.	Explicit derivational adjective base, separately distinguished from the nominal headword of identical shape.
2159	Orel2003	evidence_found	orel-core-2159-1;orel-core-2159-2	Complete relevant entry and associated discussion on printed296; OE/cell and semantic identity assessed. Complete pertinent entry, continuations and named cross-references read; original headwords and running folios inspected on PDF sheets335; session cards retained.	Actual diphthongal rope family, with both nominal endings; no stress or selected-cell ending supplied.
2160	Orel2003	evidence_found	orel-core-2160-1;orel-core-2160-2;orel-core-2160-3;orel-core-2160-4	Complete relevant entry and associated discussion on printed307; OE/cell and semantic identity assessed. Complete pertinent entry, continuations and named cross-references read; original headwords and running folios inspected on PDF sheets346; session cards retained.	Actual competing formation, not an invented reconstructed plural or a replacement of the selected rōþor cell.
2161	Orel2003	evidence_found	orel-core-2161-1;orel-core-2161-2	Complete relevant entry and associated discussion on printed302; OE/cell and semantic identity assessed. Complete pertinent entry, continuations and named cross-references read; original headwords and running folios inspected on PDF sheets341; session cards retained.	Actual short-e strong-verb citation, not selected short-i input or a manufactured participle; competing nasal analyses retained.
2162	Orel2003	evidence_found	orel-core-2162-1;orel-core-2162-2;orel-core-2162-3;orel-core-2162-4	Complete relevant entry and associated discussion on printed309; OE/cell and semantic identity assessed. Complete pertinent entry, continuations and named cross-references read; original headwords and running folios inspected on PDF sheets348; session cards retained.	Both actual rust alternatives retained rather than silently collapsing the a-stem into selected ō.
2163	Orel2003	evidence_found	orel-core-2163-1;orel-core-2163-2	Complete relevant entry and associated discussion on printed308; OE/cell and semantic identity assessed. Complete pertinent entry, continuations and named cross-references read; original headwords and running folios inspected on PDF sheets347; session cards retained.	Original single versus doubled velar ʒ and full n-stem ending preserved. The uncertainty is not converted into a single settled borrowing account.
2164	Orel2003	evidence_found	orel-core-2164-1	Complete relevant entry and associated discussion on printed322; OE/cell and semantic identity assessed. Complete relevant entries, continuations and cross-references read; original headwords and running folios inspected on PDF sheets361; session cards retained.	Actual noun sail, not the neighboring sailing verb. Short e and the original velar sign preserved.
2165	Orel2003	evidence_found	orel-core-2165-1;orel-core-2165-2;orel-core-2165-3	Complete relevant entry and associated discussion on printed315; OE/cell and semantic identity assessed. Complete relevant entries, continuations and cross-references read; original headwords and running folios inspected on PDF sheets354; session cards retained.	Actual competing nominal formation with parenthesized n, not an exact citation of selected OE sacu.
2166	Orel2003	evidence_found	orel-core-2166-1	Complete relevant entry and associated discussion on printed316; OE/cell and semantic identity assessed. Complete relevant entries, continuations and cross-references read; original headwords and running folios inspected on PDF sheets355; session cards retained.	Actual salt substance noun, not salty adjective or salt verb; no selected accent supplied.
2167	Orel2003	evidence_found	orel-core-2167-1	Complete relevant entry and associated discussion on printed315; OE/cell and semantic identity assessed. Complete relevant entries, continuations and cross-references read; original headwords and running folios inspected on PDF sheets354; session cards retained.	Actual ointment noun and full ō preserved; the anointing verb does not supply an extra selected inflection.
2168	Orel2003	evidence_found	orel-core-2168-1;orel-core-2168-2	Complete relevant entry and associated discussion on printed319; OE/cell and semantic identity assessed. Complete relevant entries, continuations and cross-references read; original headwords and running folios inspected on PDF sheets358; session cards retained.	Both genuine whole-word formations retained. The Latin borrowing direction is not presented as settled; selected modern scientific owner remains unchanged.
2169	Orel2003	evidence_found	orel-core-2169-1;orel-core-2169-2	Complete relevant entry and associated discussion on printed314; OE/cell and semantic identity assessed. Complete relevant entries, continuations and cross-references read; original headwords and running folios inspected on PDF sheets353; session cards retained.	Actual competing whole noun formations, not the selected clipped *sai input or a synthesized selected OE case. ON genitives remain reflex observations.
2170	Orel2003	evidence_found	orel-core-2170-1;orel-core-2170-2	Complete relevant entry and associated discussion on printed320; OE/cell and semantic identity assessed. Complete relevant entries, continuations and cross-references read; original headwords and running folios inspected on PDF sheets359; session cards retained.	Actual seam noun and explicit vocalic qualification; the related sewing verb is not substituted as its selected cell.
2171	Orel2003	evidence_found	orel-core-2171-1	Complete relevant entry and associated discussion on printed360; OE/cell and semantic identity assessed. Complete relevant entries, continuations and cross-references read; original headwords and running folios inspected on PDF sheets399; session cards retained.	Actual whole verb has kj, not selected expanded kij; no reconstructed selected inflection or unique etymology is manufactured.
2172	Orel2003	evidence_found	orel-core-2172-1;orel-core-2172-2	Complete relevant entry and associated discussion on printed318; OE/cell and semantic identity assessed. Complete relevant entries, continuations and cross-references read; original headwords and running folios inspected on PDF sheets357; session cards retained.	Source's short a and barred dental preserved. The discrepancy between the causative paragraph's go gloss and the base entry's care/think gloss is explicit, not silently resolved.
2173	Orel2003	evidence_found	orel-core-2173-1	Complete relevant entry and associated discussion on printed319; OE/cell and semantic identity assessed. Complete relevant entries, continuations and cross-references read; original headwords and running folios inspected on PDF sheets358; session cards retained.	Selected set verb, not sit; actual a causative distinguished from its e-bearing base.
2174	Orel2003	evidence_found	orel-core-2174-1	Complete relevant entry and associated discussion on printed321; OE/cell and semantic identity assessed. Complete relevant entries, continuations and cross-references read; original headwords and running folios inspected on PDF sheets360; session cards retained.	Actual cardinal with e and b, not an ordinal cited as an exact cardinal cell; alternative historical analyses remain qualified.
2175	Orel2003	evidence_found	orel-core-2175-1;orel-core-2175-2;orel-core-2175-3;orel-core-2175-4	Complete relevant entry and associated discussion on printed331; OE/cell and semantic identity assessed. Whole pertinent entries, continuations and cross-references read; actual original headwords and running folios inspected on PDF sheets370; session cards retained.	Actual family alternative, not a reconstructed selected OE ending.
2176	Orel2003	evidence_found	orel-core-2176-1;orel-core-2176-2	Complete relevant entry and associated discussion on printed333; OE/cell and semantic identity assessed. Whole pertinent entries, continuations and cross-references read; actual original headwords and running folios inspected on PDF sheets372; session cards retained.	Parenthesized second m is authored; the adjective is a proposed derivational base, not the selected shame noun itself.
2177	Orel2003	evidence_found	orel-core-2177-1	Complete relevant entry and associated discussion on printed338-339; OE/cell and semantic identity assessed. Whole pertinent entries, continuations and cross-references read; actual original headwords and running folios inspected on PDF sheets377-378; session cards retained.	Actual whole verb with e, not a reconstructed selected participle or case.
2178	Orel2003	evidence_found	orel-core-2178-1;orel-core-2178-2;orel-core-2178-3;orel-core-2178-4	Complete relevant entry and associated discussion on printed332; OE/cell and semantic identity assessed. Whole pertinent entries, continuations and cross-references read; actual original headwords and running folios inspected on PDF sheets371; session cards retained.	Both real nominal alternatives and thorn þ preserved; ON reflex plural variation does not supply a reconstructed selected OE plural.
2179	Orel2003	evidence_found	orel-core-2179-1	Complete relevant entry and associated discussion on printed340; OE/cell and semantic identity assessed. Whole pertinent entries, continuations and cross-references read; actual original headwords and running folios inspected on PDF sheets379; session cards retained.	Actual long-ē sheep citation; the probably/presumably-qualified Wanderwort analysis and competing accounts are retained without choosing a history.
2180	Orel2003	evidence_found	orel-core-2180-1;orel-core-2180-2;orel-core-2180-3;orel-core-2180-4;orel-core-2180-5	Complete relevant entry and associated discussion on printed337; OE/cell and semantic identity assessed. Whole pertinent entries, continuations and cross-references read; actual original headwords and running folios inspected on PDF sheets376; session cards retained.	Actual reconstructed OE-attributed formation, not an automatically generated replacement for selected *skelduz.
2181	Orel2003	evidence_found	orel-core-2181-1;orel-core-2181-2	Complete relevant entry and associated discussion on printed338; OE/cell and semantic identity assessed. Whole pertinent entries, continuations and cross-references read; actual original headwords and running folios inspected on PDF sheets377; session cards retained.	Actual short-e headword, not silently normalized to selected i. The sound, shield and Romance analyses are separate alternatives, not a single agreed etymology.
2182	Orel2003	evidence_found	orel-core-2182-1	Complete relevant entry and associated discussion on printed341; OE/cell and semantic identity assessed. Whole pertinent entries, continuations and cross-references read; actual original headwords and running folios inspected on PDF sheets380; session cards retained.	Actual long-ī verb citation; no reconstructed selected inflection inferred from related nouns.
2183	Orel2003	evidence_found	orel-core-2183-1	Complete relevant entry and associated discussion on printed345; OE/cell and semantic identity assessed. Whole pertinent entries, continuations and cross-references read; actual original headwords and running folios inspected on PDF sheets384; session cards retained.	Selected row is dative plural sċuldrum/*skuldramiz. Orel quotes a dictionary noun, not that dative plural; retain optional j, source feminine label and OE masculine label without manufacturing the selected ending.
2184	Orel2003	evidence_found	orel-core-2184-1;orel-core-2184-2;orel-core-2184-3	Complete relevant entry and associated discussion on printed347; OE/cell and semantic identity assessed. Whole pertinent entries, continuations and cross-references read; actual original headwords and running folios inspected on PDF sheets386; session cards retained.	Actual competing weak formation, not a reconstructed selected strong preterite.
2185	Orel2003	evidence_found	orel-core-2185-1	Complete relevant entry and associated discussion on printed347; OE/cell and semantic identity assessed. Whole pertinent entries, continuations and cross-references read; actual original headwords and running folios inspected on PDF sheets386; session cards retained.	Original image has LONG ū, although Vision text flattens it. Preserve *skūflō rather than selected short-u *skuflō; do not silently normalize the important quantity.
2186	Orel2003	evidence_found	orel-core-2186-1;orel-core-2186-2;orel-core-2186-3	Complete relevant entry and associated discussion on printed337; OE/cell and semantic identity assessed. Whole pertinent entries, continuations and cross-references read; actual original headwords and running folios inspected on PDF sheets376; session cards retained.	Selected infinitive sċēawian: actual source look/observe verb cited, not a separate authored transitive-show paradigm.
2187	Orel2003	evidence_found	orel-core-2187-1;orel-core-2187-2;orel-core-2187-3	Complete relevant entry and associated discussion on printed347; OE/cell and semantic identity assessed. Complete source entry read; headword card does not display this whole inline parenthesis. Keep text_checked.	Actual continental alternative, not a reconstructed selected OE case.
2188	Orel2003	evidence_found	orel-core-2188-1;orel-core-2188-2	Complete relevant entry and associated discussion on printed329; OE/cell and semantic identity assessed. Whole pertinent entries, continuations and cross-references read; actual original headwords and running folios inspected on PDF sheets368; session cards retained.	Actual long ī, barred dental and full ōn preserved; adjective base is not confused with a quoted selected side cell.
2189	Orel2003	evidence_found	orel-core-2189-1	Complete relevant entry and associated discussion on printed328; OE/cell and semantic identity assessed. Whole pertinent entries, continuations and cross-references read; actual original headwords and running folios inspected on PDF sheets367; session cards retained.	Actual source full word differs from selected *sibi. Preserve source az and neuter label rather than silently correcting either. Other dictionary nouns glossed sieve belong to different reflex families.
2190	Orel2003	evidence_found	orel-core-2190-1;orel-core-2190-2	Complete relevant entry and associated discussion on printed324; OE/cell and semantic identity assessed. Complete relevant entries, continuations and cross-references read; original headwords and running folios inspected on PDF sheets363; session cards retained.	Actual e-bearing strong-verb citation with velar ʒw, not selected i-bearing input or a generated participle.
2191	Orel2003	evidence_found	orel-core-2191-1	Complete relevant entry and associated discussion on printed318; OE/cell and semantic identity assessed. Complete relevant entries, continuations and cross-references read; original headwords and running folios inspected on PDF sheets357; session cards retained.	Actual singe verb, not sing or seethe. Preserve the explicitly unattested strong base and conditional ritual/singing proposal; do not claim a settled relationship.
2192	Orel2003	evidence_found	orel-core-2192-1;orel-core-2192-2	Complete relevant entry and associated discussion on printed395; OE/cell and semantic identity assessed. Complete pertinent entries and cross-references read; original headword glyphs and printed folio actually inspected on PDF sheet434.	Actual long-ē whole noun; the statement about generalized oblique consonantism does not quote a reconstructed selected oblique case.
2194	Orel2003	evidence_found	orel-core-2194-1	Complete relevant entry and associated discussion on printed322; OE/cell and semantic identity assessed. Complete relevant entries, continuations and cross-references read; original headwords and running folios inspected on PDF sheets361; session cards retained.	Actual cardinal, not its period/group noun or ordinal. Quantity and ending are not expanded into a selected case.
2195	Orel2003	evidence_found	orel-core-2195-1	Complete relevant entry and associated discussion on printed348; OE/cell and semantic identity assessed. Complete pertinent entries and cross-references read; original headword glyphs and printed folio actually inspected on PDF sheet387.	Actual strike/slay verb, not a reconstructed participle or selected past; no semantic-only match to a slaughter noun.
2196	Orel2003	evidence_found	orel-core-2196-1;orel-core-2196-2	Complete relevant entry and associated discussion on printed350; OE/cell and semantic identity assessed. Complete pertinent entries and cross-references read; original headword glyphs and printed folio actually inspected on PDF sheet389.	Actual related noun, explicitly not the selected verb citation.
2197	Orel2003	evidence_found	orel-core-2197-1	Complete relevant entry and associated discussion on printed351; OE/cell and semantic identity assessed. Complete pertinent entries and cross-references read; original headword glyphs and printed folio actually inspected on PDF sheet390.	Preserve long ī and source neuter ending; do not resolve the author's OE gender uncertainty by selected owner.
2199	Orel2003	evidence_found	orel-core-2199-1;orel-core-2199-2	Complete relevant entry and associated discussion on printed358; OE/cell and semantic identity assessed. Complete pertinent entries and cross-references read; original headword glyphs and printed folio actually inspected on PDF sheet397.	Actual long-ī verb formation, separately identified from the selected snow noun.
2200	Orel2003	evidence_found	orel-core-2200-1;orel-core-2200-2	Complete relevant entry and associated discussion on printed388; OE/cell and semantic identity assessed. Complete pertinent entries and cross-references read; original headword glyphs and printed folio actually inspected on PDF sheet427.	Actual related verb with long ē; not the selected noun or a selected nominal case.
2201	Orel2003	evidence_found	orel-core-2201-1;orel-core-2201-2;orel-core-2201-3	Complete relevant entry and associated discussion on printed314; OE/cell and semantic identity assessed. Complete source entry read. Whole inline bibliographic form is not displayed in the headword card; text_checked retained.	Actual hyphenated competing formation attributed to Mezger, not promoted into the selected source headword.
2202	Orel2003	evidence_found	orel-core-2202-1;orel-core-2202-2	Complete relevant entry and associated discussion on printed362; OE/cell and semantic identity assessed. Complete pertinent entries and cross-references read; original headword glyphs and printed folio actually inspected on PDF sheet401.	Actual geminated span verb; single-n lure and nominal span formations were separately read and distinguished.
2203	Orel2003	evidence_found	orel-core-2203-1	Complete relevant entry and associated discussion on printed362; OE/cell and semantic identity assessed. Complete pertinent entries and cross-references read; original headword glyphs and printed folio actually inspected on PDF sheet401.	Selected spanne/*spánnai is dative. The dictionary *spannō headword is actual relevant reconstruction but is not that selected dative; no ending synthesized.
2204	Orel2003	evidence_found	orel-core-2204-1	Complete relevant entry and associated discussion on printed363; OE/cell and semantic identity assessed. Complete pertinent entries and cross-references read; original headword glyphs and printed folio actually inspected on PDF sheet402.	Actual pertinent spar noun, but source's English citation is Middle English, not an exact selected OE whole-word/case quotation.
2205	Orel2003	evidence_found	orel-core-2205-1;orel-core-2205-2	Complete relevant entry and associated discussion on printed362; OE/cell and semantic identity assessed. Complete pertinent entries and cross-references read; original headword glyphs and printed folio actually inspected on PDF sheet401.	Real authored adjective, not the selected weak verb.
2206	Orel2003	evidence_found	orel-core-2206-1	Complete relevant entry and associated discussion on printed364; OE/cell and semantic identity assessed. Complete pertinent entries and cross-references read; original headword glyphs and printed folio actually inspected on PDF sheet403.	Actual full neuter u-ending rather than a generated nominal case; distinguish other spear headwords.
2209	Orel2003	evidence_found	orel-core-2209-1;orel-core-2209-2	Complete relevant entry and associated discussion on printed364-365; OE/cell and semantic identity assessed. Complete pertinent entries and cross-references read; original headword glyphs and printed folio actually inspected on PDF sheet403.	Both real long-vowel alternatives; OE source gloss is chip, not an unqualified quotation meaning spoon. Full continuation was read.
2210	Orel2003	evidence_found	orel-core-2210-1;orel-core-2210-2	Complete relevant entry and associated discussion on printed366; OE/cell and semantic identity assessed. Complete pertinent entries and cross-references read; original headword glyphs and printed folio actually inspected on PDF sheet405.	Original has barred dental and no inserted i before janan; do not substitute the selected expanded *spraidijaną.
2211	Orel2003	evidence_found	orel-core-2211-1;orel-core-2211-2	Complete relevant entry and associated discussion on printed368; OE/cell and semantic identity assessed. Complete pertinent entries and cross-references read; original headword glyphs and printed folio actually inspected on PDF sheet407.	Actual spur n-stem; not a selected case synthesized from a track noun.
2212	Orel2003	evidence_found	orel-core-2212-1;orel-core-2212-2	Complete relevant entry and associated discussion on printed368; OE/cell and semantic identity assessed. Whole relevant entries, continuations and pertinent cross-references read; original headword glyphs and printed folio actually inspected on PDF sheet407.	Both actual i-/a-formations; source semantic range includes letters, not a selected nominal case manufactured.
2213	Orel2003	evidence_found	orel-core-2213-1;orel-core-2213-2;orel-core-2213-3	Complete relevant entry and associated discussion on printed372; OE/cell and semantic identity assessed. Whole relevant entries, continuations and pertinent cross-references read; original headword glyphs and printed folio actually inspected on PDF sheet411.	Source relevant start verb is *startjanan, with ME rather than explicit OE citation; it does not quote selected *sturtijaną. Tail and stiff homonyms were separately read.
2214	Orel2003	evidence_found	orel-core-2214-1	Complete relevant entry and associated discussion on printed375; OE/cell and semantic identity assessed. Whole relevant entries, continuations and pertinent cross-references read; original headword glyphs and printed folio actually inspected on PDF sheet414.	Actual strong verb and source die sense; not an authored starvation-only etymology or selected participle.
2215	Orel2003	evidence_found	orel-core-2215-1	Complete relevant entry and associated discussion on printed374; OE/cell and semantic identity assessed. Whole relevant entries, continuations and pertinent cross-references read; original headword glyphs and printed folio actually inspected on PDF sheet413.	Actual e verb; probable stretch/cover analysis is qualified, not scientific adoption of a single origin.
2216	Orel2003	evidence_found	orel-core-2216-1;orel-core-2216-2;orel-core-2216-3	Complete relevant entry and associated discussion on printed371; OE/cell and semantic identity assessed. Complete bibliography read; inline citation not fully displayed in headword card. Keep text_checked.	Quoted earlier competing formation, not Orel's principal headword or a selected OE cell.
2219	Orel2003	evidence_found	orel-core-2219-1;orel-core-2219-2	Complete relevant entry and associated discussion on printed383; OE/cell and semantic identity assessed. Whole relevant entries, continuations and pertinent cross-references read; original headword glyphs and printed folio actually inspected on PDF sheet422.	Actual stock noun with authored irregularity, not stick/staff by similar English label.
2220	Orel2003	evidence_found	orel-core-2220-1	Complete relevant entry and associated discussion on printed369-370; OE/cell and semantic identity assessed. Whole relevant entries, continuations and pertinent cross-references read; original headword glyphs and printed folio actually inspected on PDF sheet408.	Actual ai headword; the bibliography's borrowing proposal is not imposed as settled direction.
2221	Orel2003	evidence_found	orel-core-2221-1	Complete relevant entry and associated discussion on printed379; OE/cell and semantic identity assessed. Whole relevant entries, continuations and pertinent cross-references read; original headword glyphs and printed folio actually inspected on PDF sheet418.	Actual long-ō stool noun, not stow or a generated selected inflection.
2222	Orel2003	evidence_found	orel-core-2222-1;orel-core-2222-2	Complete relevant entry and associated discussion on printed384; OE/cell and semantic identity assessed. Whole relevant entries, continuations and pertinent cross-references read; original headword glyphs and printed folio actually inspected on PDF sheet423.	Actual u noun and proposed stiff-bird derivation, preserving qualifications rather than selecting a historical account.
2223	Orel2003	evidence_found	orel-core-2223-1;orel-core-2223-2	Complete relevant entry and associated discussion on printed384; OE/cell and semantic identity assessed. Whole relevant entries, continuations and pertinent cross-references read; original headword glyphs and printed folio actually inspected on PDF sheet423.	Actual storm noun; not shower/skūr or stow. Distinguish its derived storm verb.
2224	Orel2003	evidence_found	orel-core-2224-1	Complete relevant entry and associated discussion on printed381; OE/cell and semantic identity assessed. Whole relevant entries, continuations and pertinent cross-references read; original headword glyphs and printed folio actually inspected on PDF sheet420.	Actual neuter straw whole word; source Gothic semantic/gender difference and competing loan account retained.
2225	Orel2003	evidence_found	orel-core-2225-1;orel-core-2225-2	Complete relevant entry and associated discussion on printed380-381; OE/cell and semantic identity assessed. Whole relevant entries, continuations and pertinent cross-references read; original headword glyphs and printed folio actually inspected on PDF sheet419.	Actual au stream noun, not a selected reconstructed case derived from reflex inflections.
2226	Orel2003	evidence_found	orel-core-2226-1;orel-core-2226-2	Complete relevant entry and associated discussion on printed380; OE/cell and semantic identity assessed. Whole relevant entries, continuations and pertinent cross-references read; original headword glyphs and printed folio actually inspected on PDF sheet419.	Actual optional second k in the base, not the selected verb itself.
2227	Orel2003	evidence_found	orel-core-2227-1;orel-core-2227-2	Complete relevant entry and associated discussion on printed381; OE/cell and semantic identity assessed. Whole relevant entries, continuations and pertinent cross-references read; original headword glyphs and printed folio actually inspected on PDF sheet420.	Actual reconstructed ON-specific alternative with long ē, not a generated OE selected ending.
2228	Orel2003	evidence_found	orel-core-2228-1;orel-core-2228-2	Complete relevant entry and associated discussion on printed380; OE/cell and semantic identity assessed. Whole relevant entries, continuations and pertinent cross-references read; original headword glyphs and printed folio actually inspected on PDF sheet419.	Actual source velar sign and complete i-ending; strong adjective is not an exact selected string noun case.
2229	Orel2003	evidence_found	orel-core-2229-1	Complete relevant entry and associated discussion on printed379; OE/cell and semantic identity assessed. Whole relevant entries, continuations and pertinent cross-references read; original headword glyphs and printed folio actually inspected on PDF sheet418.	Actual long ō and barred dental. Herd noun, not stud fastener or an authored selected case.
2230	Orel2003	evidence_found	orel-core-2230-1	Complete relevant entry and associated discussion on printed386; OE/cell and semantic identity assessed. Whole relevant entries, continuations and pertinent cross-references read; original headword glyphs and printed folio actually inspected on PDF sheet425.	Actual medial e, not selected *sumaraz. ON's additional neuter reflex is preserved, not normalized to the main gender.
2231	Orel2003	evidence_found	orel-core-2231-1;orel-core-2231-2;orel-core-2231-3	Complete relevant entry and associated discussion on printed387; OE/cell and semantic identity assessed. Complete passage read; whole inline reconstruction not shown by headword card. Keep text_checked.	Quoted earlier paradigm alternative, not a silent replacement of Orel's principal headword or the selected scientific cell.
2232	Orel2003	evidence_found	orel-core-2232-1;orel-core-2232-2;orel-core-2232-3	Complete relevant entry and associated discussion on printed387; OE/cell and semantic identity assessed. Whole relevant entries, continuations and pertinent cross-references read; original headword glyphs and printed folio actually inspected on PDF sheet426.	Actual competing weak formation with distinct cited OE reflex, not a synthesized spelling variant.
2233	Orel2003	evidence_found	orel-core-2233-1;orel-core-2233-2	Complete relevant entry and associated discussion on printed389; OE/cell and semantic identity assessed. Whole relevant entries, continuations and pertinent cross-references read; original headword glyphs and printed folio actually inspected on PDF sheet428.	Actual optional n and long ū/ō, not the selected verb or a settled borrowing account.
2234	Orel2003	evidence_found	orel-core-2234-1;orel-core-2234-2	Complete relevant entry and associated discussion on printed390; OE/cell and semantic identity assessed. Whole relevant entries, continuations and pertinent cross-references read; original headword glyphs and printed folio actually inspected on PDF sheet429.	Actual optional velar ʒ before w; source parentheses cannot be discarded to match the selected swallow noun.
2235	Orel2003	evidence_found	orel-core-2235-1	Complete relevant entry and associated discussion on printed391; OE/cell and semantic identity assessed. Whole relevant entries, continuations and pertinent cross-references read; original headword glyphs and printed folio actually inspected on PDF sheet430.	Selected swanes/*swánas is genitive. Actual *swanaz noun is relevant but does not quote that reconstructed selected genitive; no ending supplied.
2236	Orel2003	evidence_found	orel-core-2236-1;orel-core-2236-2	Complete relevant entry and associated discussion on printed394; OE/cell and semantic identity assessed. Whole relevant entries, continuations and pertinent cross-references read; original headword glyphs and printed folio actually inspected on PDF sheet433.	Actual questioned derivation, not a settled burn-to-swell history; distinct sill noun was not used as substitute.
2237	Orel2003	evidence_found	orel-core-2237-1;orel-core-2237-2;orel-core-2237-3;orel-core-2237-4	Complete relevant entry and associated discussion on printed397; OE/cell and semantic identity assessed. Whole relevant entries, continuations and pertinent cross-references read; original headword glyphs and printed folio actually inspected on PDF sheet436.	Source base has long ī and is qualified probably; not automatically equated with selected geminated swim formation.
2238	Orel2003	evidence_found	orel-core-2238-1;orel-core-2238-2	Complete relevant entry and associated discussion on printed397; OE/cell and semantic identity assessed. Whole relevant entries, continuations and pertinent cross-references read; original headword glyphs and printed folio actually inspected on PDF sheet436.	Actual original long ī, not source fade verb *swīnan(an) by spelling proximity; no selected case generated.
2239	Orel2003	evidence_found	orel-core-2239-1	Complete relevant entry and associated discussion on printed395; OE/cell and semantic identity assessed. Complete pertinent entries and cross-references read; original headword glyphs and printed folio actually inspected on PDF sheet434.	Actual short-e sword noun and barred dental; competing accounts are not a settled derivation.
2240	Orel2003	evidence_found	orel-core-2240-1	Complete relevant entry and associated discussion on printed402; OE/cell and semantic identity assessed. Complete relevant entries, continuations and pertinent cross-references read; original headword glyphs and printed folio actually inspected on PDF sheet441.	Actual geminated tap noun; the push/knead connection carries the author's question mark.
2241	Orel2003	evidence_found	orel-core-2241-1;orel-core-2241-2	Complete relevant entry and associated discussion on printed403; OE/cell and semantic identity assessed. Complete relevant entries, continuations and pertinent cross-references read; original headword glyphs and printed folio actually inspected on PDF sheet442.	Original has x, NOT selected g or an inferred velar ʒ. Preserve source morphology and explicitly opposing bibliography rather than silently matching selected *taugmaz.
2242	Orel2003	evidence_found	orel-core-2242-1	Complete relevant entry and associated discussion on printed404; OE/cell and semantic identity assessed. Complete relevant entries, continuations and pertinent cross-references read; original headword glyphs and printed folio actually inspected on PDF sheet443.	Actual complete ten headword; the separately derived tenth forms are not selected ten case evidence.
2243	Orel2003	evidence_found	orel-core-2243-1	Complete relevant entry and associated discussion on printed418; OE/cell and semantic identity assessed. Complete relevant entries, continuations and pertinent cross-references read; original headword glyphs and printed folio actually inspected on PDF sheet457.	Actual source thorn and velar ʒ; preserve semantic breadth rather than treating all reflexes as social-rank thanes.
2244	Orel2003	evidence_found	orel-core-2244-1	Complete relevant entry and associated discussion on printed416; OE/cell and semantic identity assessed. Complete relevant entries, continuations and pertinent cross-references read; original headword glyphs and printed folio actually inspected on PDF sheet455.	Actual a-stem thanks noun, with source gender differences; not an infinitive quoted as a nominal selected cell.
2245	Orel2003	evidence_found	orel-core-2245-1	Complete relevant entry and associated discussion on printed415; OE/cell and semantic identity assessed. Complete relevant entries, continuations and pertinent cross-references read; original headword glyphs and printed folio actually inspected on PDF sheet454.	Actual neuter roof noun, not the source weak thatch verb as a selected noun quote.
2246	Orel2003	evidence_found	orel-core-2246-1	Complete relevant entry and associated discussion on printed422; OE/cell and semantic identity assessed. Complete relevant entries, continuations and pertinent cross-references read; original headword glyphs and printed folio actually inspected on PDF sheet461.	Actual thief noun, not its distinct theft formations. Opposing accounts are retained rather than merged into an agreed etymology.
2247	Orel2003	evidence_found	orel-core-2247-1;orel-core-2247-2	Complete relevant entry and associated discussion on printed420; OE/cell and semantic identity assessed. Complete relevant entries, continuations and pertinent cross-references read; original headword glyphs and printed folio actually inspected on PDF sheet459.	Actual author-paired x-alternative, not a mechanically predicted phonetic variant.
2248	Orel2003	evidence_found	orel-core-2248-1	Complete relevant entry and associated discussion on printed416; OE/cell and semantic identity assessed. Complete relevant entries, continuations and pertinent cross-references read; original headword glyphs and printed folio actually inspected on PDF sheet455.	Actual irregular weak think verb, without the selected inserted i before janan; not a strong verb.
2249	Orel2003	evidence_found	orel-core-2249-1;orel-core-2249-2;orel-core-2249-3;orel-core-2249-4;orel-core-2249-5;orel-core-2249-6;orel-core-2249-7;orel-core-2249-8;orel-core-2249-9	Complete relevant entry and associated discussion on printed430; OE/cell and semantic identity assessed. Complete original folio430 on PDF sheet469 actually displayed and inspected, including the previously unshown inline thirsty adjective and all pertinent family passages. Complete original430 (sheet469) subsequently read directly, including feminine thirst, weak thirst/dry-up alternatives and dry adjective.	Actual author's reconstructed base, explicitly unattested; not promoted to an attested reflex or selected noun. Additional actual feminine and weak-verb/dry-adjective alternatives retained; these do not replace the selected masculine thirst noun.
2251	Orel2003	evidence_found	orel-core-2251-1;orel-core-2251-2	Complete relevant entry and associated discussion on printed430; OE/cell and semantic identity assessed. Complete relevant entries, continuations and pertinent cross-references read; original headword glyphs and printed folio actually inspected on PDF sheet469.	Both actual nominal alternatives; not a reconstructed selected inflection generated from Gothic reflexs.
2252	Orel2003	evidence_found	orel-core-2252-1	Complete relevant entry and associated discussion on printed431; OE/cell and semantic identity assessed. Complete relevant entries, continuations and pertinent cross-references read; original headword glyphs and printed folio actually inspected on PDF sheet470.	Original has long ū/ī, optional parenthesized x and barred dental đ. These differ from selected *þūs-èndi; no normalization to the selected scientific owner.
2253	Orel2003	evidence_found	orel-core-2253-1	Complete relevant entry and associated discussion on printed426; OE/cell and semantic identity assessed. Complete relevant entries, continuations and pertinent cross-references read; original headword glyphs and printed folio actually inspected on PDF sheet465.	Actual thrash/thresh verb; selected infinitive is not a generated selected participle. Threshold compound was distinguished.
2255	Orel2003	evidence_found	orel-core-2255-1	Complete relevant entry and associated discussion on printed429; OE/cell and semantic identity assessed. Complete relevant entries, continuations and pertinent cross-references read; original headword glyphs and printed folio actually inspected on PDF sheet468.	Actual thunder noun; source deity-name citation is distinguished from ordinary reflex nouns.
2256	Orel2003	evidence_found	orel-core-2256-1	Complete relevant entry and associated discussion on printed407; OE/cell and semantic identity assessed. Complete relevant entries, continuations and pertinent cross-references read; original headword glyphs and printed folio actually inspected on PDF sheet446.	Actual insect etymon and ME rather than an explicit OE ticca quote; not the homonymous ticking verb.
2257	Orel2003	evidence_found	orel-core-2257-1	Complete relevant entry and associated discussion on printed407; OE/cell and semantic identity assessed. Complete relevant entries, continuations and pertinent cross-references read; original headword glyphs and printed folio actually inspected on PDF sheet446.	Actual long ī and barred dental, with original time sense and qualified Sanskrit connection.
2258	Orel2003	evidence_found	orel-core-2258-1;orel-core-2258-2;orel-core-2258-3;orel-core-2258-4	Complete relevant entry and associated discussion on printed404; OE/cell and semantic identity assessed. Complete relevant entries, continuations and pertinent cross-references read; original headword glyphs and printed folio actually inspected on PDF sheet443.	Actual related build formations; neither supplies selected timber noun ending or inserts b into Orel's reconstruction.
2259	Orel2003	evidence_found	orel-core-2259-1;orel-core-2259-2	Complete relevant entry and associated discussion on printed399; OE/cell and semantic identity assessed. Complete relevant entries, continuations and pertinent cross-references read; original headword glyphs and printed folio actually inspected on PDF sheet438.	Actual w, long ō and optional n, not selected *taixōn with w silently removed; derivation is probable.
2260	Orel2003	evidence_found	orel-core-2260-1	Complete relevant entry and associated discussion on printed399; OE/cell and semantic identity assessed. Complete relevant entries, continuations and pertinent cross-references read; original headword glyphs and printed folio actually inspected on PDF sheet438.	Actual complete token headword; source admits phonetic irregularity instead of an unqualified regular correspondence.
2261	Orel2003	evidence_found	orel-core-2261-1	Complete relevant entry and associated discussion on printed401; OE/cell and semantic identity assessed. Complete relevant entries, continuations and pertinent cross-references read; original headword glyphs and printed folio actually inspected on PDF sheet440.	Actual velar ʒ and ō noun; reflex stem variation does not quote a reconstructed selected case.
2262	Orel2003	evidence_found	orel-core-2262-1	Complete relevant entry and associated discussion on printed412; OE/cell and semantic identity assessed. Complete relevant entries, continuations and pertinent cross-references read; original headword glyphs and printed folio actually inspected on PDF sheet451.	Actual whole tongue noun, not the distinct heavenly-body *tunʒlan cross-neighbor.
2263	Orel2003	evidence_found	orel-core-2263-1;orel-core-2263-2;orel-core-2263-3	Complete relevant entry and associated discussion on printed413; OE/cell and semantic identity assessed. Complete entry read; full inline parenthesis not displayed in card. Keep text_checked.	Actual continental alternative, not an authored selected OE ending.
2264	Orel2003	evidence_found	orel-core-2264-1;orel-core-2264-2	Complete relevant entry and associated discussion on printed410; OE/cell and semantic identity assessed. Complete relevant entries, continuations and pertinent cross-references read; original headword glyphs and printed folio actually inspected on PDF sheet449.	Actual comparative u-formation, separately labelled from the OE-attributed thematic e verb.
2265	Orel2003	evidence_found	orel-core-2265-1;orel-core-2265-2	Complete relevant entry and associated discussion on printed410; OE/cell and semantic identity assessed. Complete relevant entries, continuations and pertinent cross-references read; original headword glyphs and printed folio actually inspected on PDF sheet449.	Both actual authored whole nouns with velar ʒ; selected *trugą is not substituted as an exact source ending.
2266	Orel2003	evidence_found	orel-core-2266-1	Complete relevant entry and associated discussion on printed438; OE/cell and semantic identity assessed. Complete pertinent entries, continuations and cross-references read; original headword glyphs and actual printed folio inspected on PDF sheet477.	Actual barred dental and source OE motion senses; not a nominal ford quoted as a selected infinitive.
2267	Orel2003	evidence_found	orel-core-2267-1;orel-core-2267-2;orel-core-2267-3	Complete relevant entry and associated discussion on printed439; OE/cell and semantic identity assessed. Complete pertinent entries, continuations and cross-references read; original headword glyphs and actual printed folio inspected on PDF sheet478.	Actual proposed base with long ō, not the selected wagon noun itself.
2268	Orel2003	evidence_found	orel-core-2268-1;orel-core-2268-2;orel-core-2268-3;orel-core-2268-4	Complete relevant entry and associated discussion on printed442; OE/cell and semantic identity assessed. Complete pertinent entries, continuations and cross-references read; original headword glyphs and actual printed folio inspected on PDF sheet481.	Actual competing weak derivatives, not the selected wacan strong citation.
2269	Orel2003	evidence_found	orel-core-2269-1	Complete relevant entry and associated discussion on printed450; OE/cell and semantic identity assessed. Complete pertinent entries, continuations and cross-references read; original headword glyphs and actual printed folio inspected on PDF sheet489.	Actual nominal warp etymon, not the verb selected in row2270 or a selected nominal case synthesized.
2270	Orel2003	evidence_found	orel-core-2270-1	Complete relevant entry and associated discussion on printed457; OE/cell and semantic identity assessed. Complete pertinent entries, continuations and cross-references read; original headword glyphs and actual printed folio inspected on PDF sheet496.	Actual strong verb in the selected warp-labelled row; noun wearp2269 and worth/price thorn homonym were distinguished.
2271	Orel2003	evidence_found	orel-core-2271-1	Complete relevant entry and associated discussion on printed450; OE/cell and semantic identity assessed. Complete pertinent entries, continuations and cross-references read; original headword glyphs and actual printed folio inspected on PDF sheet489.	Actual optional n and source wart/nipple semantic range, not an exact selected reconstructed n-stem case.
2272	Orel2003	evidence_found	orel-core-2272-1;orel-core-2272-2	Complete relevant entry and associated discussion on printed450; OE/cell and semantic identity assessed. Full passage read; complete inline formation not displayed in card. Keep text_checked.	Actual weak alternative and explicit scope qualification, not the selected strong infinitive.
2273	Orel2003	evidence_found	orel-core-2273-1;orel-core-2273-2	Complete relevant entry and associated discussion on printed438; OE/cell and semantic identity assessed. Complete pertinent entries, continuations and cross-references read; original headword glyphs and actual printed folio inspected on PDF sheet477.	Both actual authored alternatives; source's weave derivation is recorded without adopting it scientifically.
2274	Orel2003	evidence_found	orel-core-2274-1;orel-core-2274-2;orel-core-2274-3	Complete relevant entry and associated discussion on printed451; OE/cell and semantic identity assessed. Whole passage read; full inline Gothic reconstruction not displayed in card. Keep text_checked.	Actual Gothic-attributed formation; no selected OE r-ending generated.
2275	Orel2003	evidence_found	orel-core-2275-1	Complete relevant entry and associated discussion on printed439; OE/cell and semantic identity assessed. Complete pertinent entries, continuations and cross-references read; original headword glyphs and actual printed folio inspected on PDF sheet478.	Actual wax noun, not grow verb2276 or an unqualified asserted growth derivation.
2276	Orel2003	evidence_found	orel-core-2276-1;orel-core-2276-2	Complete relevant entry and associated discussion on printed439; OE/cell and semantic identity assessed. Complete pertinent entries, continuations and cross-references read; original headword glyphs and actual printed folio inspected on PDF sheet478.	Actual j-formation specifically labelled strong in the source; not the homonymous weak wax-cover formation.
2277	Orel2003	evidence_found	orel-core-2277-1	Complete relevant entry and associated discussion on printed452; OE/cell and semantic identity assessed. Complete pertinent entries, continuations and cross-references read; original headword glyphs and actual printed folio inspected on PDF sheet491.	Actual way etymon; ON u-stem statement does not supply a reconstructed selected OE case.
2278	Orel2003	evidence_found	orel-core-2278-1	Complete relevant entry and associated discussion on printed461; OE/cell and semantic identity assessed. Complete pertinent entries, continuations and cross-references read; original headword glyphs and actual printed folio inspected on PDF sheet500.	Actual long ē and full neuter ending, not a selected finite verb or extra morphology generated.
2279	Orel2003	evidence_found	orel-core-2279-1;orel-core-2279-2	Complete relevant entry and associated discussion on printed459; OE/cell and semantic identity assessed. Complete pertinent entries, continuations and cross-references read; original headword glyphs and actual printed folio inspected on PDF sheet498.	Actual optional u and long ō; preserve qualified and criticized accounts rather than an unqualified single weasel etymology.
2280	Orel2003	evidence_found	orel-core-2280-1	Complete relevant entry and associated discussion on printed452; OE/cell and semantic identity assessed. Complete pertinent entries, continuations and cross-references read; original headword glyphs and actual printed folio inspected on PDF sheet491.	Actual weather noun, with barred dental, not wind/twist verb or wether sheep2283.
2281	Orel2003	evidence_found	orel-core-2281-1	Complete relevant entry and associated discussion on printed451; OE/cell and semantic identity assessed. Complete pertinent entries, continuations and cross-references read; original headword glyphs and actual printed folio inspected on PDF sheet490.	Actual weave verb, not yarn noun or spindle formation automatically matched by a spinning gloss.
2282	Orel2003	evidence_found	orel-core-2282-1;orel-core-2282-2	Complete relevant entry and associated discussion on printed459; OE/cell and semantic identity assessed. Complete pertinent entries, continuations and cross-references read; original headword glyphs and actual printed folio inspected on PDF sheet498.	Actual base and the source's noun-label/adverb-citation distinction; not a reconstructed selected westene ending.
2283	Orel2003	evidence_found	orel-core-2283-1;orel-core-2283-2	Complete relevant entry and associated discussion on printed459-460; OE/cell and semantic identity assessed. Complete pertinent entries, continuations and cross-references read; original headword glyphs and actual printed folio inspected on PDF sheet498.	Actual short-e u-/a-alternatives versus selected *wiþrą; wether/ram, NOT weather weder2280.
2284	Orel2003	evidence_found	orel-core-2284-1;orel-core-2284-2	Complete relevant entry and associated discussion on printed197; OE/cell and semantic identity assessed. Complete pertinent entries, continuations and cross-references read; original headword glyphs and actual printed folio inspected on PDF sheet236.	Actual ON-attributed alternative, not a reconstructed selected OE case.
2285	Orel2003	evidence_found	orel-core-2285-1;orel-core-2285-2	Complete relevant entry and associated discussion on printed201; OE/cell and semantic identity assessed. Complete entry read; inline bed reconstruction not fully visible in card. Keep text_checked.	Actual semantic/morphological alternative, not the selected OE time noun ending.
2286	Orel2003	evidence_found	orel-core-2286-1;orel-core-2286-2;orel-core-2286-3	Complete relevant entry and associated discussion on printed201; OE/cell and semantic identity assessed. Complete pertinent entries, continuations and cross-references read; original headword glyphs and actual printed folio inspected on PDF sheet240.	Actual reconstructed related formation, not automatically generated from a gloss or sound imitation.
2287	Orel2003	evidence_found	orel-core-2287-1;orel-core-2287-2	Complete relevant entry and associated discussion on printed182; OE/cell and semantic identity assessed. Whole base entry read; original headword and folio182 actually inspected on PDF sheet221.	Actual derivational base, separately labelled masculine; not the selected feminine whole-word citation.
2288	Orel2003	evidence_found	orel-core-2288-1	Complete relevant entry and associated discussion on printed462; OE/cell and semantic identity assessed. Complete pertinent entries, continuations and cross-references read; original headword glyphs and actual printed folio inspected on PDF sheet501.	Actual short i, barred dental and long-ō n-formation; not wife2290 or wood homonym.
2289	Orel2003	evidence_found	orel-core-2289-1	Complete relevant entry and associated discussion on printed443; OE/cell and semantic identity assessed. Complete pertinent entries, continuations and cross-references read; original headword glyphs and actual printed folio inspected on PDF sheet482.	Actual strong wield family, not wold/forest2297 or nominal authority substituted for a selected verb.
2290	Orel2003	evidence_found	orel-core-2290-1	Complete relevant entry and associated discussion on printed464-465; OE/cell and semantic identity assessed. Complete pertinent entries, continuations and cross-references read; original headword glyphs and actual printed folio inspected on PDF sheet503.	Actual source neuter long-ī noun and competing accounts; uncertain origin not turned into a selected scientific history.
2295	Orel2003	evidence_found	orel-core-2295-1;orel-core-2295-2	Complete relevant entry and associated discussion on printed455; OE/cell and semantic identity assessed. Full parenthetical passage read; not fully shown in headword card. Keep text_checked.	Actual continental alternative, not selected OE ending.
2296	Orel2003	evidence_found	orel-core-2296-1;orel-core-2296-2;orel-core-2296-3	Complete relevant entry and associated discussion on printed464; OE/cell and semantic identity assessed. Whole relevant entries, continuations and pertinent cross-references read; original headword glyphs and actual printed folio inspected on PDF sheet503.	Actual short-i related formation, separately distinguished from long-ī willow and selected OE wīþiġ.
2297	Orel2003	evidence_found	orel-core-2297-1	Complete relevant entry and associated discussion on printed445; OE/cell and semantic identity assessed. Whole relevant entries, continuations and pertinent cross-references read; original headword glyphs and actual printed folio inspected on PDF sheet484.	Actual thorn þ, not barred dental of wield/rule2289. Source's differing landscape senses remain explicit.
2298	Orel2003	evidence_found	orel-core-2298-1;orel-core-2298-2	Complete relevant entry and associated discussion on printed473; OE/cell and semantic identity assessed. Complete sentence read; full inline antecedent not displayed in card. Keep text_checked.	Actual authored antecedent, not mechanically generated from the selected wolf word.
2299	Orel2003	evidence_found	orel-core-2299-1;orel-core-2299-2	Complete relevant entry and associated discussion on printed474-475; OE/cell and semantic identity assessed. Whole relevant entries, continuations and pertinent cross-references read; original headword glyphs and actual printed folio inspected on PDF sheet513.	Actual barred dental and full wonder noun; not wound2327 or a source quotation of a selected bare stem.
2300	Orel2003	evidence_found	orel-core-2300-1	Complete relevant entry and associated discussion on printed474; OE/cell and semantic identity assessed. Whole relevant entries, continuations and pertinent cross-references read; original headword glyphs and actual printed folio inspected on PDF sheet513.	Actual geminated wool noun and long ō; not a wool-working verb or silently altered gender.
2301	Orel2003	evidence_found	orel-core-2301-1	Complete relevant entry and associated discussion on printed475; OE/cell and semantic identity assessed. Whole relevant entries, continuations and pertinent cross-references read; original headword glyphs and actual printed folio inspected on PDF sheet514.	Actual barred dental and word noun, not fate homonym or selected ending synthesized from speech derivatives.
2302	Orel2003	evidence_found	orel-core-2302-1;orel-core-2302-2;orel-core-2302-3	Complete relevant entry and associated discussion on printed13; OE/cell and semantic identity assessed. Whole relevant entries, continuations and pertinent cross-references read; original headword glyphs and actual printed folio inspected on PDF sheet52.	Actual compound base with barred dental; attested OE plural persons is not an authored selected world inflection.
2303	Orel2003	evidence_found	orel-core-2303-1;orel-core-2303-2	Complete relevant entry and associated discussion on printed476; OE/cell and semantic identity assessed. Whole relevant entries, continuations and pertinent cross-references read; original headword glyphs and actual printed folio inspected on PDF sheet515.	Both real a-/i-alternatives; preserve source warning against conflating two roots, not automatic English-gloss etymon matching.
2304	Orel2003	evidence_found	orel-core-2304-1	Complete relevant entry and associated discussion on printed472; OE/cell and semantic identity assessed. Whole relevant entries, continuations and pertinent cross-references read; original headword glyphs and actual printed folio inspected on PDF sheet511.	Actual short e and source velar ʒ rather than selected i/g; distinguished from wind/twist and warp/throw families.
2305	Orel2003	evidence_found	orel-core-2305-1;orel-core-2305-2;orel-core-2305-3	Complete relevant entry and associated discussion on printed127; OE/cell and semantic identity assessed. Whole passage read; full inline WGmc form not shown in card. Keep text_checked.	Actual explicitly West-Germanic family alternative, not a PGmc source quotation or the selected yarn noun.
2306	Orel2003	evidence_found	orel-core-2306-1	Complete relevant entry and associated discussion on printed206; OE/cell and semantic identity assessed. Whole relevant entries, continuations and pertinent cross-references read; original headword glyphs and actual printed folio inspected on PDF sheet245.	Actual long ē and complete neuter ending; not a reconstructed selected calendar compound cell.
2307	Orel2003	evidence_found	orel-core-2307-1	Complete relevant entry and associated discussion on printed207; OE/cell and semantic identity assessed. Whole relevant entries, continuations and pertinent cross-references read; original headword glyphs and actual printed folio inspected on PDF sheet246.	Actual short u and whole yoke noun; comparative nasal-present explanation does not insert n into the selected/source noun.
2308	Orel2003	evidence_found	orel-core-2308-1;orel-core-2308-2	Complete relevant entry and associated discussion on printed207; OE/cell and semantic identity assessed. Whole relevant entries, continuations and pertinent cross-references read; original headword glyphs and actual printed folio inspected on PDF sheet246.	Actual full youth noun with velar ʒ, thorn þ and iz ending; these are not clipped to selected *jugunþ. Source's different explanations remain attributed alternatives, not adopted sound history.
2309	Orel2003	evidence_found	orel-core-2117-1	Complete relevant entry and associated discussion on printed257; OE/cell and semantic identity assessed. Whole relevant entry/continuation read; original headword and folio inspected on PDF sheet(s)296; session image cards retained.	Selected imperative maca/*makô is not quoted: reuse the actual whole-verb citation, without synthesizing a reconstructed imperative.
2310	Orel2003	evidence_found	orel-core-2117-1	Complete relevant entry and associated discussion on printed257; OE/cell and semantic identity assessed. Whole relevant entry/continuation read; original headword and folio inspected on PDF sheet(s)296; session image cards retained.	Selected third singular macaþ/*makōθi is not quoted: whole-verb evidence supports lexical/morphological identity, not an exact selected-cell quotation.
2311	Orel2003	evidence_found	orel-core-1956-01;orel-core-2311-1	Reuse actual repository Orel evidence orel-core-1956-01, printed64; its source holding and image-verification provenance retained. Selected inflection independently assessed.	The source quotes *burōjanan and OE bōrian, not the selectedsecond-singular imperative bora/*burô. Do not synthesize a reconstructed selected inflection from the weak-verb citation.
2312	Orel2003	evidence_found	orel-core-1956-01;orel-core-2311-1	Reuse actual repository Orel evidence orel-core-1956-01, printed64; its source holding and image-verification provenance retained. Selected inflection independently assessed.	The source quotes *burōjanan and OE bōrian, not the selectedthird-singular boraþ/*burōθi. Do not synthesize a reconstructed selected inflection from the weak-verb citation.
2313	Orel2003	evidence_found	orel-core-2095-1;orel-core-2095-2;orel-core-2095-3	Shared whole entry/continuation genuinely read for2095; selected inflection separately assessed.	Selected liorna/*liznô is second-singular imperative. The two actual whole-verb alternatives quote no exact reconstructed imperative.
2314	Orel2003	evidence_found	orel-core-2095-1;orel-core-2095-2;orel-core-2095-3	Shared whole entry/continuation genuinely read for2095; selected inflection separately assessed.	Selected liornaþ/*liznōθi is third singular. Whole-verb alternatives supply morphology/family evidence, not a selected θi quotation.
2315	Orel2003	evidence_found	orel-core-2099-1	Shared whole entry/continuation genuinely read for2099; selected inflection separately assessed.	Selected licca/*likkô is second-singular imperative. The actual *likkōjanan citation is not a quoted imperative.
2316	Orel2003	evidence_found	orel-core-2099-1	Shared whole entry/continuation genuinely read for2099; selected inflection separately assessed.	Selected liccaþ/*likkōθi is third singular. Do not manufacture an authored third-singular reconstruction from the verb headword.
2317	Orel2003	evidence_found	orel-core-2186-1;orel-core-2186-2;orel-core-2186-3	Complete relevant entry and associated discussion on printed337; OE/cell and semantic identity assessed. Whole pertinent entries, continuations and cross-references read; actual original headwords and running folios inspected on PDF sheets376; session cards retained.	Selected second-singular imperative sċēawa/*skawô: the source quotes the weak-verb headword and OE infinitive, not that reconstructed imperative.
2318	Orel2003	evidence_found	orel-core-2186-1;orel-core-2186-2;orel-core-2186-3	Complete relevant entry and associated discussion on printed337; OE/cell and semantic identity assessed. Whole pertinent entries, continuations and cross-references read; actual original headwords and running folios inspected on PDF sheets376; session cards retained.	Selected third-singular sċēawaþ/*skawōθi: dictionary verb and OE infinitive do not quote that selected reconstructed ending.
2322	Orel2003	evidence_found	orel-core-2322-1;orel-core-2322-2	Complete relevant entry and associated discussion on printed199; OE/cell and semantic identity assessed. Whole relevant entries, continuations and pertinent cross-references read; original headword glyphs and actual printed folio inspected on PDF sheet238.	Both actual short-vowel alternatives; source does not supply a full selected who paradigm or manufacture additional selected cases.
2326	Orel2003	evidence_found	orel-core-2326-1;orel-core-2326-2;orel-core-2326-3	Complete relevant entry and associated discussion on printed206; OE/cell and semantic identity assessed. Whole relevant entries, continuations and pertinent cross-references read; original headword glyphs and actual printed folio inspected on PDF sheet245.	Actual author-paired long-vowel nominative alternatives, not selected oblique *izwiz; final z is ordinary z, not velar ʒ.
2327	Orel2003	evidence_found	orel-core-2327-1;orel-core-2327-2;orel-core-2327-3;orel-core-2327-4;orel-core-2327-5	Complete relevant entry and associated discussion on printed474; OE/cell and semantic identity assessed. Whole relevant entries, continuations and pertinent cross-references read; original headword glyphs and actual printed folio inspected on PDF sheet513.	Actual author's reconstructed verb, explicitly unattested; not the selected weak *wunđōjanan or its past.
2328	Orel2003	evidence_found	orel-core-2328-1	Complete relevant entry and associated discussion on printed327; OE/cell and semantic identity assessed. Whole entry read; original long ē headword and printed327 actually inspected on PDF sheet366.	Actual long-ē whole verb citation, not a synthesized selected present/preterite. Complete entry was already read as sieve's cross-reference; now the selected sow infinitive is independently assessed.
2329	Orel2003	evidence_found	orel-core-2329-1;orel-core-2329-2	Complete relevant entry and associated discussion on printed245; OE/cell and semantic identity assessed. Whole relevant entry/continuation read; original headword and folio inspected on PDF sheet(s)284; session image cards retained.	Source long ē and wjanan retained, not silently expanded to selected wijaną.
2330	Orel2003	evidence_found	orel-core-2248-1	Complete relevant entry and associated discussion on printed416; OE/cell and semantic identity assessed. Complete relevant entries, continuations and pertinent cross-references read; original headword glyphs and printed folio actually inspected on PDF sheet455.	Selected þōhte/*þánxtē is preterite. Orel cites the irregular weak-verb headword and OE infinitive, not that reconstructed selected past; no selected ending manufactured.
1934	Ringe2017	evidence_found	ringe-complete-bake-stem	Actual source-row consultation in the completed relevant Chapter3/4 argument pass; complete PGmc/PNWGmc/PWGmc and OE indexes, aliases and incidental examples screened separately. Preserved inherited evidence links plus cited supplemental arguments; see applicability.tsv.	Preserve source form/cell, local dated label or its absence, reported/conditional alternatives, and lexical/family/component distinctions. Exact original glyph certification is not inferred from token presence. No selected-cell equivalence inferred from a citation alone.
1937	Ringe2017	evidence_found	ringe-complete-barrow-family	Actual source-row consultation in the completed relevant Chapter3/4 argument pass; complete PGmc/PNWGmc/PWGmc and OE indexes, aliases and incidental examples screened separately. Preserved inherited evidence links plus cited supplemental arguments; see applicability.tsv.	Preserve source form/cell, local dated label or its absence, reported/conditional alternatives, and lexical/family/component distinctions. Exact original glyph certification is not inferred from token presence. No selected-cell equivalence inferred from a citation alone.
1944	Ringe2017	discussion_only	ringe-complete-believe-gothic-dual;ringe-complete-believe-gothic-3sg;ringe-alignment-believe-univerbation	Actual source-row consultation in the completed relevant Chapter3/4 argument pass; complete PGmc/PNWGmc/PWGmc and OE indexes, aliases and incidental examples screened separately. Preserved inherited evidence links plus cited supplemental arguments; see applicability.tsv.	Preserve source form/cell, local dated label or its absence, reported/conditional alternatives, and lexical/family/component distinctions. Exact original glyph certification is not inferred from token presence. Believe is genuinely attested in Gothic clitic/finite examples239; semantically similar PIE trust bheydh is not the selected ga-laub etymon.
1947	Ringe2017	evidence_found	ringe-complete-offer-participle	Actual source-row consultation in the completed relevant Chapter3/4 argument pass; complete PGmc/PNWGmc/PWGmc and OE indexes, aliases and incidental examples screened separately. Preserved inherited evidence links plus cited supplemental arguments; see applicability.tsv.	Preserve source form/cell, local dated label or its absence, reported/conditional alternatives, and lexical/family/component distinctions. Exact original glyph certification is not inferred from token presence. No selected-cell equivalence inferred from a citation alone.
1948	Ringe2017	evidence_found	ringe-system-bid-ask;ringe-complete-ask-present;ringe-complete-ask-inf;ringe-ask-raising-argument	Read complete PGmc phonology241-260 and inflectional opening260-266; verified originals249/252. Applicable quotations: 250 (ask-for infinitive; light-syllable j-present). [Complete-pass supplement: Actual source-row consultation in the completed relevant Chapter3/4 argument pass; complete PGmc/PNWGmc/PWGmc and OE indexes, aliases and incidental examples screened separately. Preserved inherited evidence links plus cited supplemental arguments; see applicability.tsv.] [Bounded argument check: ask-specific short-e intermediates and following-j explanation at151-152,273.]	Supplementary forms retain distinct roots, stems and cells. Only explicitly labelled stages are assigned; conditional proposals remain conditional. Further book reading and inter-author alignment are incomplete. [Complete-pass supplement: Preserve source form/cell, local dated label or its absence, reported/conditional alternatives, and lexical/family/component distinctions. Exact original glyph certification is not inferred from token presence. No selected-cell equivalence inferred from a citation alone.] [The ask raising explanation supports Ringe's position; inter-author causation and full feature alignment remain unestablished.]
1950	Ringe2017	evidence_found	ringe-system-bind-1;ringe-system-bind-2;ringe-system-bind-3;ringe-system-bind-4;ringe-system-bind-underlying;ringe-complete-bind-inf;alignment-bind-nasal-ringe	Read complete PGmc phonology241-260 and inflectional opening260-266; verified originals249/252. Applicable quotations: 252 (strong class III; infinitive), 252 (strong class III; present indicative 3sg), 252 (strong class III; past indicative 3sg), 252 (strong class III; past indicative 3pl), 252 (possibly recoverable underlying lexical root). [Complete-pass supplement: Actual source-row consultation in the completed relevant Chapter3/4 argument pass; complete PGmc/PNWGmc/PWGmc and OE indexes, aliases and incidental examples screened separately. Preserved inherited evidence links plus cited supplemental arguments; see applicability.tsv.]	Supplementary forms retain distinct roots, stems and cells. Only explicitly labelled stages are assigned; conditional proposals remain conditional. Further book reading and inter-author alignment are incomplete. [Complete-pass supplement: Preserve source form/cell, local dated label or its absence, reported/conditional alternatives, and lexical/family/component distinctions. Exact original glyph certification is not inferred from token presence. No selected-cell equivalence inferred from a citation alone.] Alignment supplement (173-174,252): late inherited coda-nasal raising, realised paradigms and possible underlying root; retained verification and selected-cell limits.
1951	Ringe2017	evidence_found	ringe-complete-birth-voiceless;ringe-complete-birth-voiced;alignment-birth-verner	Actual source-row consultation in the completed relevant Chapter3/4 argument pass; complete PGmc/PNWGmc/PWGmc and OE indexes, aliases and incidental examples screened separately. Preserved inherited evidence links plus cited supplemental arguments; see applicability.tsv.	Preserve source form/cell, local dated label or its absence, reported/conditional alternatives, and lexical/family/component distinctions. Exact original glyph certification is not inferred from token presence. No selected-cell equivalence inferred from a citation alone. Alignment supplement (305): Verner alternants in inherited ti-abstracts and partial daughter levelling; retained verification and selected-cell limits.
1952	Ringe2017	evidence_found	ringe-complete-blood-voiceless;ringe-complete-blood-voiced;alignment-blood-collective;ringe-alignment-blood-lexicon	Actual source-row consultation in the completed relevant Chapter3/4 argument pass; complete PGmc/PNWGmc/PWGmc and OE indexes, aliases and incidental examples screened separately. Preserved inherited evidence links plus cited supplemental arguments; see applicability.tsv.	Preserve source form/cell, local dated label or its absence, reported/conditional alternatives, and lexical/family/component distinctions. Exact original glyph certification is not inferred from token presence. No selected-cell equivalence inferred from a citation alone. Alignment supplement (302): neuter collective accent history explaining consonant alternants; retained verification and selected-cell limits. Alignment supplement (328): explicit PGmc blood citation in doubtful-or-unknown-origin list; retained verification and selected-cell limits.
1954	Ringe2017	evidence_found	ringe-complete-bone-etymology;ringe-alignment-bone-lexicon	Actual source-row consultation in the completed relevant Chapter3/4 argument pass; complete PGmc/PNWGmc/PWGmc and OE indexes, aliases and incidental examples screened separately. Preserved inherited evidence links plus cited supplemental arguments; see applicability.tsv.	Preserve source form/cell, local dated label or its absence, reported/conditional alternatives, and lexical/family/component distinctions. Exact original glyph certification is not inferred from token presence. No selected-cell equivalence inferred from a citation alone. Alignment supplement (328): explicit PGmc bone citation in doubtful-or-unknown-origin list; retained verification and selected-cell limits.
1958	Ringe2017	evidence_found	ringe-complete-both-uncertain;ringe-alignment-both-stem	Actual source-row consultation in the completed relevant Chapter3/4 argument pass; complete PGmc/PNWGmc/PWGmc and OE indexes, aliases and incidental examples screened separately. Preserved inherited evidence links plus cited supplemental arguments; see applicability.tsv.	Preserve source form/cell, local dated label or its absence, reported/conditional alternatives, and lexical/family/component distinctions. Exact original glyph certification is not inferred from token presence. Ordinary English both generated many false body hits; genuine ba- and two comparison discussed pp318-319 without recoverable selected full form. Supplement (319): partial both stem rhyming with two; not full selected neuter.
1960	Ringe2017	evidence_found	ringe-complete-bough	Actual source-row consultation in the completed relevant Chapter3/4 argument pass; complete PGmc/PNWGmc/PWGmc and OE indexes, aliases and incidental examples screened separately. Preserved inherited evidence links plus cited supplemental arguments; see applicability.tsv.	Preserve source form/cell, local dated label or its absence, reported/conditional alternatives, and lexical/family/component distinctions. Exact original glyph certification is not inferred from token presence. No selected-cell equivalence inferred from a citation alone.
1961	Ringe2017	evidence_found	ringe-complete-bend;alignment-bend-external-cognates	Actual source-row consultation in the completed relevant Chapter3/4 argument pass; complete PGmc/PNWGmc/PWGmc and OE indexes, aliases and incidental examples screened separately. Preserved inherited evidence links plus cited supplemental arguments; see applicability.tsv.	Preserve source form/cell, local dated label or its absence, reported/conditional alternatives, and lexical/family/component distinctions. Exact original glyph certification is not inferred from token presence. No selected-cell equivalence inferred from a citation alone. Individual alignment:1961 is the weak causative; strong infinitive is family evidence. Supplement (324): explicit absence claim concerning extra-Germanic cognates of bend base.
1962	Ringe2017	evidence_found	ringe-complete-bow-ring	Actual source-row consultation in the completed relevant Chapter3/4 argument pass; complete PGmc/PNWGmc/PWGmc and OE indexes, aliases and incidental examples screened separately. Preserved inherited evidence links plus cited supplemental arguments; see applicability.tsv.	Preserve source form/cell, local dated label or its absence, reported/conditional alternatives, and lexical/family/component distinctions. Exact original glyph certification is not inferred from token presence. No selected-cell equivalence inferred from a citation alone. Individual alignment:1962 is the selected strong singular preterite, not the homophonous ring noun; nominal quotations remain family evidence.
1963	Ringe2017	evidence_found	ringe-complete-bow-noun-family	Actual source-row consultation in the completed relevant Chapter3/4 argument pass; complete PGmc/PNWGmc/PWGmc and OE indexes, aliases and incidental examples screened separately. Preserved inherited evidence links plus cited supplemental arguments; see applicability.tsv.	Preserve source form/cell, local dated label or its absence, reported/conditional alternatives, and lexical/family/component distinctions. Exact original glyph certification is not inferred from token presence. No selected-cell equivalence inferred from a citation alone.
1967	Ringe2017	evidence_found	ringe-system-break;ringe-system-break-ptc;ringe-complete-break-participle;ringe-complete-break-inaz;alignment-break-pgmc-inf;alignment-break-past-sg;alignment-break-past-pl;alignment-break-possible-inaz	Read complete PGmc phonology241-260 and inflectional opening260-266; verified originals249/252. Applicable quotations: 257 (strong class IV infinitive), 257 (past participle). [Complete-pass supplement: Actual source-row consultation in the completed relevant Chapter3/4 argument pass; complete PGmc/PNWGmc/PWGmc and OE indexes, aliases and incidental examples screened separately. Preserved inherited evidence links plus cited supplemental arguments; see applicability.tsv.]	Supplementary forms retain distinct roots, stems and cells. Only explicitly labelled stages are assigned; conditional proposals remain conditional. Further book reading and inter-author alignment are incomplete. [Complete-pass supplement: Preserve source form/cell, local dated label or its absence, reported/conditional alternatives, and lexical/family/component distinctions. Exact original glyph certification is not inferred from token presence. No selected-cell equivalence inferred from a citation alone.] Individually read supplement (272): PGmc class IV break infinitive. Individually read supplement (272): PGmc break past singular. Individually read supplement (272): PGmc break past plural. Individually read supplement (272): possible antecedent of ambiguous OF bretsen.
1968	Ringe2017	evidence_found	ringe-complete-breast-full;ringe-complete-breast-zero;alignment-breast-derivation	Actual source-row consultation in the completed relevant Chapter3/4 argument pass; complete PGmc/PNWGmc/PWGmc and OE indexes, aliases and incidental examples screened separately. Preserved inherited evidence links plus cited supplemental arguments; see applicability.tsv.	Preserve source form/cell, local dated label or its absence, reported/conditional alternatives, and lexical/family/component distinctions. Exact original glyph certification is not inferred from token presence. No selected-cell equivalence inferred from a citation alone. Individually read supplement (223): gender-supported derivational breast account.
1971	Ringe2017	evidence_found	ringe-system-bring;ringe-system-bring-past;ringe-complete-bring-participle;ringe-complete-bring-gothic-past;alignment-bring-pgmc-weak	Read complete PGmc phonology241-260 and inflectional opening260-266; verified originals249/252. Applicable quotations: 245 (infinitive), 245 (past 3sg). [Complete-pass supplement: Actual source-row consultation in the completed relevant Chapter3/4 argument pass; complete PGmc/PNWGmc/PWGmc and OE indexes, aliases and incidental examples screened separately. Preserved inherited evidence links plus cited supplemental arguments; see applicability.tsv.]	Supplementary forms retain distinct roots, stems and cells. Only explicitly labelled stages are assigned; conditional proposals remain conditional. Further book reading and inter-author alignment are incomplete. [Complete-pass supplement: Preserve source form/cell, local dated label or its absence, reported/conditional alternatives, and lexical/family/component distinctions. Exact original glyph certification is not inferred from token presence. No selected-cell equivalence inferred from a citation alone.] Individually read supplement (262): PGmc unsuffixed thematic present with weak dental past.
1972	Ringe2017	evidence_found	ringe-system-brook;ringe-system-brook-past;ringe-complete-brook-inf;ringe-complete-brook-weak-past;ringe-complete-brook-weak-participle;alignment-brook-weak-history	Read complete PGmc phonology241-260 and inflectional opening260-266; verified originals249/252. Applicable quotations: 262 (unsuffixed thematic weak infinitive), 262 (weak past 3sg). [Complete-pass supplement: Actual source-row consultation in the completed relevant Chapter3/4 argument pass; complete PGmc/PNWGmc/PWGmc and OE indexes, aliases and incidental examples screened separately. Preserved inherited evidence links plus cited supplemental arguments; see applicability.tsv.]	Supplementary forms retain distinct roots, stems and cells. Only explicitly labelled stages are assigned; conditional proposals remain conditional. Further book reading and inter-author alignment are incomplete. [Complete-pass supplement: Preserve source form/cell, local dated label or its absence, reported/conditional alternatives, and lexical/family/component distinctions. Exact original glyph certification is not inferred from token presence. No selected-cell equivalence inferred from a citation alone.] Individually read supplement (254,262,280-281): PGmc weak brook versus daughter strong inflection.
1973	Ringe2017	evidence_found	ringe-complete-buck;alignment-buck-gemination	Actual source-row consultation in the completed relevant Chapter3/4 argument pass; complete PGmc/PNWGmc/PWGmc and OE indexes, aliases and incidental examples screened separately. Preserved inherited evidence links plus cited supplemental arguments; see applicability.tsv.	Preserve source form/cell, local dated label or its absence, reported/conditional alternatives, and lexical/family/component distinctions. Exact original glyph certification is not inferred from token presence. No selected-cell equivalence inferred from a citation alone. Individually read supplement (136-139): Kluge-law evidence and n-stem distribution objection.
1974	Ringe2017	evidence_found	ringe-system-burst	Read complete PGmc phonology241-260 and inflectional opening260-266; verified originals249/252. Applicable quotations: 254 (strong class III infinitive). [Complete-pass supplement: Actual source-row consultation in the completed relevant Chapter3/4 argument pass; complete PGmc/PNWGmc/PWGmc and OE indexes, aliases and incidental examples screened separately. Preserved inherited evidence links plus cited supplemental arguments; see applicability.tsv.]	Supplementary forms retain distinct roots, stems and cells. Only explicitly labelled stages are assigned; conditional proposals remain conditional. Further book reading and inter-author alignment are incomplete. [Complete-pass supplement: Preserve source form/cell, local dated label or its absence, reported/conditional alternatives, and lexical/family/component distinctions. Exact original glyph certification is not inferred from token presence. No selected-cell equivalence inferred from a citation alone.]
1975	Ringe2017	evidence_found	ringe-complete-calf-a;ringe-complete-calf-i	Actual source-row consultation in the completed relevant Chapter3/4 argument pass; complete PGmc/PNWGmc/PWGmc and OE indexes, aliases and incidental examples screened separately. Preserved inherited evidence links plus cited supplemental arguments; see applicability.tsv.	Preserve source form/cell, local dated label or its absence, reported/conditional alternatives, and lexical/family/component distinctions. Exact original glyph certification is not inferred from token presence. No selected-cell equivalence inferred from a citation alone.
1976	Ringe2017	evidence_found	ringe-complete-chew;alignment-chew-pgmc-inf;alignment-chew-pgmc-past-sg;alignment-chew-pgmc-past-pl;alignment-chew-pgmc-ptc;alignment-chew-oe-inf;alignment-chew-oe-past-sg;alignment-chew-oe-past-pl;alignment-chew-oe-ptc;alignment-chew-geminate-limit	Actual source-row consultation in the completed relevant Chapter3/4 argument pass; complete PGmc/PNWGmc/PWGmc and OE indexes, aliases and incidental examples screened separately. Preserved inherited evidence links plus cited supplemental arguments; see applicability.tsv.	Preserve source form/cell, local dated label or its absence, reported/conditional alternatives, and lexical/family/component distinctions. Exact original glyph certification is not inferred from token presence. No selected-cell equivalence inferred from a citation alone. Individually read supplement (268): PGmc chew infinitive, separate p268 occurrence. Individually read supplement (268): PGmc chew past indicative singular. Individually read supplement (268): PGmc chew default past; optional w retained. Individually read supplement (268): PGmc chew past participle. Individually read supplement (268): OE chew infinitive matching selected target. Individually read supplement (268): OE chew past singular. Individually read supplement (268): OE chew past plural. Individually read supplement (268): OE chew participle. Individually read supplement (268): chew laryngeal pedigree versus general geminate uncertainty.
1978	Ringe2017	evidence_found	ringe-complete-comb	Actual source-row consultation in the completed relevant Chapter3/4 argument pass; complete PGmc/PNWGmc/PWGmc and OE indexes, aliases and incidental examples screened separately. Preserved inherited evidence links plus cited supplemental arguments; see applicability.tsv.	Preserve source form/cell, local dated label or its absence, reported/conditional alternatives, and lexical/family/component distinctions. Exact original glyph certification is not inferred from token presence. No selected-cell equivalence inferred from a citation alone.
1979	Ringe2017	evidence_found	ringe-complete-corn	Actual source-row consultation in the completed relevant Chapter3/4 argument pass; complete PGmc/PNWGmc/PWGmc and OE indexes, aliases and incidental examples screened separately. Preserved inherited evidence links plus cited supplemental arguments; see applicability.tsv.	Preserve source form/cell, local dated label or its absence, reported/conditional alternatives, and lexical/family/component distinctions. Exact original glyph certification is not inferred from token presence. No selected-cell equivalence inferred from a citation alone.
1980	Ringe2017	evidence_found	ringe-complete-cow-u;ringe-complete-cow-o	Actual source-row consultation in the completed relevant Chapter3/4 argument pass; complete PGmc/PNWGmc/PWGmc and OE indexes, aliases and incidental examples screened separately. Preserved inherited evidence links plus cited supplemental arguments; see applicability.tsv.	Preserve source form/cell, local dated label or its absence, reported/conditional alternatives, and lexical/family/component distinctions. Exact original glyph certification is not inferred from token presence. No selected-cell equivalence inferred from a citation alone.
1982	Ringe2017	evidence_found	ringe-complete-crop;alignment-crop-kluge-limit	Actual source-row consultation in the completed relevant Chapter3/4 argument pass; complete PGmc/PNWGmc/PWGmc and OE indexes, aliases and incidental examples screened separately. Preserved inherited evidence links plus cited supplemental arguments; see applicability.tsv.	Preserve source form/cell, local dated label or its absence, reported/conditional alternatives, and lexical/family/component distinctions. Exact original glyph certification is not inferred from token presence. No selected-cell equivalence inferred from a citation alone. Supplement (138-139): general Kluge-law support assessment and explicitly PNWGmc crop.
1985	Ringe2017	evidence_found	ringe-complete-day-table;alignment-day-ringe-genitive;alignment-day-ringe-dative	Actual source-row consultation in the completed relevant Chapter3/4 argument pass; complete PGmc/PNWGmc/PWGmc and OE indexes, aliases and incidental examples screened separately. Preserved inherited evidence links plus cited supplemental arguments; see applicability.tsv.	Preserve source form/cell, local dated label or its absence, reported/conditional alternatives, and lexical/family/component distinctions. Exact original glyph certification is not inferred from token presence. No selected-cell equivalence inferred from a citation alone. Supplement (312): PGmc day GEN.SG, not nominative. Supplement (312): PGmc day DAT.SG, not selected nominative.
1986	Ringe2017	evidence_found	ringe-complete-deal-noun;ringe-complete-deal-verb	Actual source-row consultation in the completed relevant Chapter3/4 argument pass; complete PGmc/PNWGmc/PWGmc and OE indexes, aliases and incidental examples screened separately. Preserved inherited evidence links plus cited supplemental arguments; see applicability.tsv.	Preserve source form/cell, local dated label or its absence, reported/conditional alternatives, and lexical/family/component distinctions. Exact original glyph certification is not inferred from token presence. No selected-cell equivalence inferred from a citation alone.
1987	Ringe2017	evidence_found	ringe-system-deed;ringe-complete-deed-explicit;alignment-deed-ringe-nominative;alignment-deed-ringe-genitive;alignment-deed-ringe-plural	Read complete PGmc phonology241-260 and inflectional opening260-266; verified originals249/252. Applicable quotations: 259 (deed noun citation). [Complete-pass supplement: Actual source-row consultation in the completed relevant Chapter3/4 argument pass; complete PGmc/PNWGmc/PWGmc and OE indexes, aliases and incidental examples screened separately. Preserved inherited evidence links plus cited supplemental arguments; see applicability.tsv.]	Supplementary forms retain distinct roots, stems and cells. Only explicitly labelled stages are assigned; conditional proposals remain conditional. Further book reading and inter-author alignment are incomplete. [Complete-pass supplement: Preserve source form/cell, local dated label or its absence, reported/conditional alternatives, and lexical/family/component distinctions. Exact original glyph certification is not inferred from token presence. No selected-cell equivalence inferred from a citation alone.] Supplement (312): PGmc deed NOM.SG in reconstructed paradigm. Supplement (312): PGmc deed GEN.SG; separate from identical NOM.PL. Supplement (312): PGmc deed NOM.PL; separate from identical GEN.SG.
1989	Ringe2017	discussion_only	ringe-complete-dew-honey-component	Actual source-row consultation in the completed relevant Chapter3/4 argument pass; complete PGmc/PNWGmc/PWGmc and OE indexes, aliases and incidental examples screened separately. Preserved inherited evidence links plus cited supplemental arguments; see applicability.tsv.	Preserve source form/cell, local dated label or its absence, reported/conditional alternatives, and lexical/family/component distinctions. Exact original glyph certification is not inferred from token presence. No selected-cell equivalence inferred from a citation alone.
1991	Ringe2017	evidence_found	ringe-system-do-past-pl;ringe-system-do-root;ringe-complete-do-present;ringe-complete-do-pwg;ringe-complete-do-past1;ringe-complete-do-past3;ringe-complete-do-weakpast;alignment-do-ringe-infinitive;alignment-do-ringe-segmented;alignment-do-ringe-present-participle;alignment-do-ringe-present-participle-rival;alignment-do-ringe-done-preferred;alignment-do-ringe-done-less-likely	Read complete PGmc phonology241-260 and inflectional opening260-266; verified originals249/252. Applicable quotations: 243 (past indicative 3pl), 259 (make/do root). [Complete-pass supplement: Actual source-row consultation in the completed relevant Chapter3/4 argument pass; complete PGmc/PNWGmc/PWGmc and OE indexes, aliases and incidental examples screened separately. Preserved inherited evidence links plus cited supplemental arguments; see applicability.tsv.]	Supplementary forms retain distinct roots, stems and cells. Only explicitly labelled stages are assigned; conditional proposals remain conditional. Further book reading and inter-author alignment are incomplete. [Complete-pass supplement: Preserve source form/cell, local dated label or its absence, reported/conditional alternatives, and lexical/family/component distinctions. Exact original glyph certification is not inferred from token presence. No selected-cell equivalence inferred from a citation alone.] Supplement (294-295): likely PGmc present infinitive. Supplement (294-295): questioned segmented infinitive alternative. Supplement (294-295): likely present participle stem. Supplement (294-295): doubly questioned participle consonant alternative; printed ?? retained in argument. Supplement (294-295): preferred strong past participle done, not present root. Supplement (294-295): less likely strong past participle done.
1992	Ringe2017	evidence_found	ringe-complete-door	Actual source-row consultation in the completed relevant Chapter3/4 argument pass; complete PGmc/PNWGmc/PWGmc and OE indexes, aliases and incidental examples screened separately. Preserved inherited evidence links plus cited supplemental arguments; see applicability.tsv.	Preserve source form/cell, local dated label or its absence, reported/conditional alternatives, and lexical/family/component distinctions. Exact original glyph certification is not inferred from token presence. No selected-cell equivalence inferred from a citation alone.
1993	Ringe2017	evidence_found	ringe-complete-dough	Actual source-row consultation in the completed relevant Chapter3/4 argument pass; complete PGmc/PNWGmc/PWGmc and OE indexes, aliases and incidental examples screened separately. Preserved inherited evidence links plus cited supplemental arguments; see applicability.tsv.	Preserve source form/cell, local dated label or its absence, reported/conditional alternatives, and lexical/family/component distinctions. Exact original glyph certification is not inferred from token presence. No selected-cell equivalence inferred from a citation alone.
1996	Ringe2017	evidence_found	ringe-complete-drench-causative	Actual source-row consultation in the completed relevant Chapter3/4 argument pass; complete PGmc/PNWGmc/PWGmc and OE indexes, aliases and incidental examples screened separately. Preserved inherited evidence links plus cited supplemental arguments; see applicability.tsv.	Preserve source form/cell, local dated label or its absence, reported/conditional alternatives, and lexical/family/component distinctions. Exact original glyph certification is not inferred from token presence. No selected-cell equivalence inferred from a citation alone.
1997	Ringe2017	evidence_found	ringe-complete-drink;alignment-drink-ringe-past-singular;alignment-drink-ringe-past-plural;alignment-drink-ringe-participle	Actual source-row consultation in the completed relevant Chapter3/4 argument pass; complete PGmc/PNWGmc/PWGmc and OE indexes, aliases and incidental examples screened separately. Preserved inherited evidence links plus cited supplemental arguments; see applicability.tsv.	Preserve source form/cell, local dated label or its absence, reported/conditional alternatives, and lexical/family/component distinctions. Exact original glyph certification is not inferred from token presence. No selected-cell equivalence inferred from a citation alone. Supplement (269): PGmc past singular principal part. Supplement (269): PGmc past plural principal part. Supplement (269): PGmc past participle principal part.
1998	Ringe2017	evidence_found	ringe-complete-drive;ringe-complete-drive-causative	Actual source-row consultation in the completed relevant Chapter3/4 argument pass; complete PGmc/PNWGmc/PWGmc and OE indexes, aliases and incidental examples screened separately. Preserved inherited evidence links plus cited supplemental arguments; see applicability.tsv.	Preserve source form/cell, local dated label or its absence, reported/conditional alternatives, and lexical/family/component distinctions. Exact original glyph certification is not inferred from token presence. No selected-cell equivalence inferred from a citation alone.
1999	Ringe2017	evidence_found	ringe-complete-earth-material;ringe-complete-earth-gothic	Actual source-row consultation in the completed relevant Chapter3/4 argument pass; complete PGmc/PNWGmc/PWGmc and OE indexes, aliases and incidental examples screened separately. Preserved inherited evidence links plus cited supplemental arguments; see applicability.tsv.	Preserve source form/cell, local dated label or its absence, reported/conditional alternatives, and lexical/family/component distinctions. Exact original glyph certification is not inferred from token presence. Material adjective irþīnaz326 and Gothic aírþai237 are actual earth leads; translation ground does not identify the separate grund noun.
2000	Ringe2017	evidence_found	ringe-system-eat;ringe-system-eat-root;ringe-complete-eat;alignment-eat-ringe-preterite-history	Read complete PGmc phonology241-260 and inflectional opening260-266; verified originals249/252. Applicable quotations: 249 (strong-verb infinitive), 256 (class V root in derivational ablaut discussion). [Complete-pass supplement: Actual source-row consultation in the completed relevant Chapter3/4 argument pass; complete PGmc/PNWGmc/PWGmc and OE indexes, aliases and incidental examples screened separately. Preserved inherited evidence links plus cited supplemental arguments; see applicability.tsv.]	Supplementary forms retain distinct roots, stems and cells. Only explicitly labelled stages are assigned; conditional proposals remain conditional. Further book reading and inter-author alignment are incomplete. [Complete-pass supplement: Preserve source form/cell, local dated label or its absence, reported/conditional alternatives, and lexical/family/component distinctions. Exact original glyph certification is not inferred from token presence. No selected-cell equivalence inferred from a citation alone.] Supplement (210-211): regular default ē and probable earlier contraction of singular reduplication.
2003	Ringe2017	evidence_found	ringe-system-fare;ringe-complete-fare	Read complete PGmc phonology241-260 and inflectional opening260-266; verified originals249/252. Applicable quotations: 258 (class VI infinitive). [Complete-pass supplement: Actual source-row consultation in the completed relevant Chapter3/4 argument pass; complete PGmc/PNWGmc/PWGmc and OE indexes, aliases and incidental examples screened separately. Preserved inherited evidence links plus cited supplemental arguments; see applicability.tsv.]	Supplementary forms retain distinct roots, stems and cells. Only explicitly labelled stages are assigned; conditional proposals remain conditional. Further book reading and inter-author alignment are incomplete. [Complete-pass supplement: Preserve source form/cell, local dated label or its absence, reported/conditional alternatives, and lexical/family/component distinctions. Exact original glyph certification is not inferred from token presence. No selected-cell equivalence inferred from a citation alone.]
2004	Ringe2017	evidence_found	ringe-complete-fast	Actual source-row consultation in the completed relevant Chapter3/4 argument pass; complete PGmc/PNWGmc/PWGmc and OE indexes, aliases and incidental examples screened separately. Preserved inherited evidence links plus cited supplemental arguments; see applicability.tsv.	Preserve source form/cell, local dated label or its absence, reported/conditional alternatives, and lexical/family/component distinctions. Exact original glyph certification is not inferred from token presence. No selected-cell equivalence inferred from a citation alone.
2005	Ringe2017	evidence_found	ringe-complete-father	Actual source-row consultation in the completed relevant Chapter3/4 argument pass; complete PGmc/PNWGmc/PWGmc and OE indexes, aliases and incidental examples screened separately. Preserved inherited evidence links plus cited supplemental arguments; see applicability.tsv.	Preserve source form/cell, local dated label or its absence, reported/conditional alternatives, and lexical/family/component distinctions. Exact original glyph certification is not inferred from token presence. No selected-cell equivalence inferred from a citation alone.
2006	Ringe2017	evidence_found	ringe-system-fee;ringe-complete-fee;alignment-fee-ringe-genitive;alignment-fee-ringe-dative;alignment-fee-ringe-instrumental	Read complete PGmc phonology241-260 and inflectional opening260-266; verified originals249/252. Applicable quotations: 243 (livestock; nonnasal final u citation). [Complete-pass supplement: Actual source-row consultation in the completed relevant Chapter3/4 argument pass; complete PGmc/PNWGmc/PWGmc and OE indexes, aliases and incidental examples screened separately. Preserved inherited evidence links plus cited supplemental arguments; see applicability.tsv.]	Supplementary forms retain distinct roots, stems and cells. Only explicitly labelled stages are assigned; conditional proposals remain conditional. Further book reading and inter-author alignment are incomplete. [Complete-pass supplement: Preserve source form/cell, local dated label or its absence, reported/conditional alternatives, and lexical/family/component distinctions. Exact original glyph certification is not inferred from token presence. No selected-cell equivalence inferred from a citation alone.] Supplement (312): PGmc u-stem GEN.SG in actual paradigm. Supplement (312): PGmc u-stem DAT.SG in actual paradigm. Supplement (312): PGmc u-stem INST.SG, not short-u NOM/ACC.
2007	Ringe2017	evidence_found	ringe-complete-fell	Actual source-row consultation in the completed relevant Chapter3/4 argument pass; complete PGmc/PNWGmc/PWGmc and OE indexes, aliases and incidental examples screened separately. Preserved inherited evidence links plus cited supplemental arguments; see applicability.tsv.	Preserve source form/cell, local dated label or its absence, reported/conditional alternatives, and lexical/family/component distinctions. Exact original glyph certification is not inferred from token presence. No selected-cell equivalence inferred from a citation alone.
2010	Ringe2017	evidence_found	ringe-system-fight-wg;ringe-complete-fight-pgmc;ringe-complete-fight-paradigm;alignment-fight-ringe-past-singular;alignment-fight-ringe-past-plural;alignment-fight-ringe-participle;alignment-fight-ringe-analogy	Read complete PGmc phonology241-260 and inflectional opening260-266; verified originals249/252. Applicable quotations: 254 (strong-verb infinitive). [Complete-pass supplement: Actual source-row consultation in the completed relevant Chapter3/4 argument pass; complete PGmc/PNWGmc/PWGmc and OE indexes, aliases and incidental examples screened separately. Preserved inherited evidence links plus cited supplemental arguments; see applicability.tsv.]	Supplementary forms retain distinct roots, stems and cells. Only explicitly labelled stages are assigned; conditional proposals remain conditional. Further book reading and inter-author alignment are incomplete. [Complete-pass supplement: Preserve source form/cell, local dated label or its absence, reported/conditional alternatives, and lexical/family/component distinctions. Exact original glyph certification is not inferred from token presence. No selected-cell equivalence inferred from a citation alone.] Supplement (271): PGmc fight past singular. Supplement (271): PGmc fight default past plural with analogical u. Supplement (271): PGmc fight masculine participle with analogical u. Supplement (266,271): external-cognate membership criterion and extension of classIII u.
2011	Ringe2017	evidence_found	ringe-complete-find-selected-participle;ringe-complete-find-inf;alignment-find-ringe-nasal-raising	Actual source-row consultation in the completed relevant Chapter3/4 argument pass; complete PGmc/PNWGmc/PWGmc and OE indexes, aliases and incidental examples screened separately. Preserved inherited evidence links plus cited supplemental arguments; see applicability.tsv.	Preserve source form/cell, local dated label or its absence, reported/conditional alternatives, and lexical/family/component distinctions. Exact original glyph certification is not inferred from token presence. No selected-cell equivalence inferred from a citation alone. Supplement (269): nasal-class i/a/u/u principal parts and earlier e-to-i raising.
2013	Ringe2017	evidence_found	ringe-complete-fire-strong;ringe-complete-fire-oblique;ringe-complete-fire-west;ringe-complete-water-fire-collective;alignment-fire-ringe-collective-preform;alignment-fire-ringe-post-pgmc-n	Actual source-row consultation in the completed relevant Chapter3/4 argument pass; complete PGmc/PNWGmc/PWGmc and OE indexes, aliases and incidental examples screened separately. Preserved inherited evidence links plus cited supplemental arguments; see applicability.tsv.	Preserve source form/cell, local dated label or its absence, reported/conditional alternatives, and lexical/family/component distinctions. Exact original glyph certification is not inferred from token presence. Short fōr is also normalized to ordinary for by navigation; actual fire passages147,162,309 control identity. Selected fȳre is dative. Supplement (147): post-PIE reaccented zero-grade collective precursor; literal displaced acute retained. Supplement (309): possible post-PGmc dissimilation output before r remodeling.
2014	Ringe2017	evidence_found	ringe-complete-fish;alignment-fish-ringe-precursor	Actual source-row consultation in the completed relevant Chapter3/4 argument pass; complete PGmc/PNWGmc/PWGmc and OE indexes, aliases and incidental examples screened separately. Preserved inherited evidence links plus cited supplemental arguments; see applicability.tsv.	Preserve source form/cell, local dated label or its absence, reported/conditional alternatives, and lexical/family/component distinctions. Exact original glyph certification is not inferred from token presence. No selected-cell equivalence inferred from a citation alone. Supplement (117): explicit post-PIE fish precursor before the PGmc word.
2021	Ringe2017	evidence_found	ringe-complete-flood	Actual source-row consultation in the completed relevant Chapter3/4 argument pass; complete PGmc/PNWGmc/PWGmc and OE indexes, aliases and incidental examples screened separately. Preserved inherited evidence links plus cited supplemental arguments; see applicability.tsv.	Preserve source form/cell, local dated label or its absence, reported/conditional alternatives, and lexical/family/component distinctions. Exact original glyph certification is not inferred from token presence. No selected-cell equivalence inferred from a citation alone.
2025	Ringe2017	evidence_found	ringe-complete-fold;alignment-fold-ringe-past-singular;alignment-fold-ringe-past-plural;alignment-fold-ringe-participle	Actual source-row consultation in the completed relevant Chapter3/4 argument pass; complete PGmc/PNWGmc/PWGmc and OE indexes, aliases and incidental examples screened separately. Preserved inherited evidence links plus cited supplemental arguments; see applicability.tsv.	Preserve source form/cell, local dated label or its absence, reported/conditional alternatives, and lexical/family/component distinctions. Exact original glyph certification is not inferred from token presence. No selected-cell equivalence inferred from a citation alone. Supplement (279): PGmc default reduplicated past singular. Supplement (279): PGmc default reduplicated past plural with voiced Verner alternant. Supplement (279): PGmc fold participle citation with voiced dental, not infinitive.
2027	Ringe2017	evidence_found	ringe-complete-follow	Actual source-row consultation in the completed relevant Chapter3/4 argument pass; complete PGmc/PNWGmc/PWGmc and OE indexes, aliases and incidental examples screened separately. Preserved inherited evidence links plus cited supplemental arguments; see applicability.tsv.	Preserve source form/cell, local dated label or its absence, reported/conditional alternatives, and lexical/family/component distinctions. Exact original glyph certification is not inferred from token presence. No selected-cell equivalence inferred from a citation alone.
2028	Ringe2017	evidence_found	ringe-complete-lose-prefixed;ringe-complete-lose-fientive-no;ringe-complete-lose-fientive-na	Actual source-row consultation in the completed relevant Chapter3/4 argument pass; complete PGmc/PNWGmc/PWGmc and OE indexes, aliases and incidental examples screened separately. Preserved inherited evidence links plus cited supplemental arguments; see applicability.tsv.	Preserve source form/cell, local dated label or its absence, reported/conditional alternatives, and lexical/family/component distinctions. Exact original glyph certification is not inferred from token presence. No selected-cell equivalence inferred from a citation alone.
2029	Ringe2017	evidence_found	ringe-complete-four	Actual source-row consultation in the completed relevant Chapter3/4 argument pass; complete PGmc/PNWGmc/PWGmc and OE indexes, aliases and incidental examples screened separately. Preserved inherited evidence links plus cited supplemental arguments; see applicability.tsv.	Preserve source form/cell, local dated label or its absence, reported/conditional alternatives, and lexical/family/component distinctions. Exact original glyph certification is not inferred from token presence. No selected-cell equivalence inferred from a citation alone.
2032	Ringe2017	evidence_found	ringe-system-freeze	Read complete PGmc phonology241-260 and inflectional opening260-266; verified originals249/252. Applicable quotations: 247 (infinitive). [Complete-pass supplement: Actual source-row consultation in the completed relevant Chapter3/4 argument pass; complete PGmc/PNWGmc/PWGmc and OE indexes, aliases and incidental examples screened separately. Preserved inherited evidence links plus cited supplemental arguments; see applicability.tsv.]	Supplementary forms retain distinct roots, stems and cells. Only explicitly labelled stages are assigned; conditional proposals remain conditional. Further book reading and inter-author alignment are incomplete. [Complete-pass supplement: Preserve source form/cell, local dated label or its absence, reported/conditional alternatives, and lexical/family/component distinctions. Exact original glyph certification is not inferred from token presence. No selected-cell equivalence inferred from a citation alone.]
2033	Ringe2017	evidence_found	ringe-complete-friend-love-image;ringe-complete-friend-loving-image;ringe-complete-friend-noun-image-228;ringe-complete-friend-noun-image-315;ringe-complete-friend-stage	Actual source-row consultation in the completed relevant Chapter3/4 argument pass; complete PGmc/PNWGmc/PWGmc and OE indexes, aliases and incidental examples screened separately. Preserved inherited evidence links plus cited supplemental arguments; see applicability.tsv.	Preserve source form/cell, local dated label or its absence, reported/conditional alternatives, and lexical/family/component distinctions. Exact original glyph certification is not inferred from token presence. No selected-cell equivalence inferred from a citation alone.
2034	Ringe2017	evidence_found	ringe-complete-fright-adjective;alignment-fright-ringe-verb	Actual source-row consultation in the completed relevant Chapter3/4 argument pass; complete PGmc/PNWGmc/PWGmc and OE indexes, aliases and incidental examples screened separately. Preserved inherited evidence links plus cited supplemental arguments; see applicability.tsv.	Preserve source form/cell, local dated label or its absence, reported/conditional alternatives, and lexical/family/component distinctions. Exact original glyph certification is not inferred from token presence. No selected-cell equivalence inferred from a citation alone. Supplement (283): frighten factitive, not selected īn noun.
2035	Ringe2017	evidence_found	ringe-complete-frost-family;alignment-frost-different-freeze-derivatives	Actual source-row consultation in the completed relevant Chapter3/4 argument pass; complete PGmc/PNWGmc/PWGmc and OE indexes, aliases and incidental examples screened separately. Preserved inherited evidence links plus cited supplemental arguments; see applicability.tsv.	Preserve source form/cell, local dated label or its absence, reported/conditional alternatives, and lexical/family/component distinctions. Exact original glyph certification is not inferred from token presence. Fruzą247 is another freeze derivative, established as family evidence using preserved core consultations. Cold root gol109/119/212 is different; no selected frustaz/forst quotation established. Supplement (246-247): scoped comparative/formation argument, not a quoted selected whole word.
2036	Ringe2017	evidence_found	ringe-complete-furrow	Actual source-row consultation in the completed relevant Chapter3/4 argument pass; complete PGmc/PNWGmc/PWGmc and OE indexes, aliases and incidental examples screened separately. Preserved inherited evidence links plus cited supplemental arguments; see applicability.tsv.	Preserve source form/cell, local dated label or its absence, reported/conditional alternatives, and lexical/family/component distinctions. Exact original glyph certification is not inferred from token presence. No selected-cell equivalence inferred from a citation alone.
2038	Ringe2017	evidence_found	ringe-complete-gang	Actual source-row consultation in the completed relevant Chapter3/4 argument pass; complete PGmc/PNWGmc/PWGmc and OE indexes, aliases and incidental examples screened separately. Preserved inherited evidence links plus cited supplemental arguments; see applicability.tsv.	Preserve source form/cell, local dated label or its absence, reported/conditional alternatives, and lexical/family/component distinctions. Exact original glyph certification is not inferred from token presence. No selected-cell equivalence inferred from a citation alone.
2040	Ringe2017	evidence_found	gift-ringe-pgmc;raising-ringe-high-front;ringe-complete-gift;ringe-complete-gift-oe-pl;ringe-complete-gift-family	Released gift comparison with image-verified printed135; raising151-153 and necessary j-loss premises154-155 read. [Complete-pass supplement: Actual source-row consultation in the completed relevant Chapter3/4 argument pass; complete PGmc/PNWGmc/PWGmc and OE indexes, aliases and incidental examples screened separately. Preserved inherited evidence links plus cited supplemental arguments; see applicability.tsv.]	Preserve the explicit PGmc form and plural OE comparison; the qualified process date is not another whole-word reconstruction. [Complete-pass supplement: Preserve source form/cell, local dated label or its absence, reported/conditional alternatives, and lexical/family/component distinctions. Exact original glyph certification is not inferred from token presence. No selected-cell equivalence inferred from a citation alone.]
2041	Ringe2017	evidence_found	ringe-system-give;ringe-system-give-past;ringe-complete-give;alignment-give-ringe-past-singular;alignment-give-ringe-past-plural;alignment-give-ringe-participle;alignment-give-ringe-oe-past-singular;alignment-give-ringe-oe-past-plural;alignment-give-ringe-oe-participle	Read complete PGmc phonology241-260 and inflectional opening260-266; verified originals249/252. Applicable quotations: 247 (infinitive), 247 (past 2sg). [Complete-pass supplement: Actual source-row consultation in the completed relevant Chapter3/4 argument pass; complete PGmc/PNWGmc/PWGmc and OE indexes, aliases and incidental examples screened separately. Preserved inherited evidence links plus cited supplemental arguments; see applicability.tsv.]	Supplementary forms retain distinct roots, stems and cells. Only explicitly labelled stages are assigned; conditional proposals remain conditional. Further book reading and inter-author alignment are incomplete. [Complete-pass supplement: Preserve source form/cell, local dated label or its absence, reported/conditional alternatives, and lexical/family/component distinctions. Exact original glyph certification is not inferred from token presence. No selected-cell equivalence inferred from a citation alone.] Supplement (273): PGmc give default past indicative singular. Supplement (273): PGmc give default past indicative plural. Supplement (273): PGmc give past participle. Supplement (273): OE give default past indicative singular. Supplement (273): OE give default past indicative plural. Supplement (273): OE give past participle.
2042	Ringe2017	evidence_found	ringe-complete-god	Actual source-row consultation in the completed relevant Chapter3/4 argument pass; complete PGmc/PNWGmc/PWGmc and OE indexes, aliases and incidental examples screened separately. Preserved inherited evidence links plus cited supplemental arguments; see applicability.tsv.	Preserve source form/cell, local dated label or its absence, reported/conditional alternatives, and lexical/family/component distinctions. Exact original glyph certification is not inferred from token presence. No selected-cell equivalence inferred from a citation alone.
2043	Ringe2017	evidence_found	ringe-complete-gold-th;ringe-complete-gold-d;ringe-complete-gold-material;alignment-gold-collective-accent	Actual source-row consultation in the completed relevant Chapter3/4 argument pass; complete PGmc/PNWGmc/PWGmc and OE indexes, aliases and incidental examples screened separately. Preserved inherited evidence links plus cited supplemental arguments; see applicability.tsv.	Preserve source form/cell, local dated label or its absence, reported/conditional alternatives, and lexical/family/component distinctions. Exact original glyph certification is not inferred from token presence. No selected-cell equivalence inferred from a citation alone. Supplement (301-303): scoped argument, not a reconstructed complete selected word.
2044	Ringe2017	evidence_found	ringe-complete-goose;alignment-goose-ringe-pie	Actual source-row consultation in the completed relevant Chapter3/4 argument pass; complete PGmc/PNWGmc/PWGmc and OE indexes, aliases and incidental examples screened separately. Preserved inherited evidence links plus cited supplemental arguments; see applicability.tsv.	Preserve source form/cell, local dated label or its absence, reported/conditional alternatives, and lexical/family/component distinctions. Exact original glyph certification is not inferred from token presence. No selected-cell equivalence inferred from a citation alone. Supplement (170): Ringe's explicitly PIE goose citation, not PGmc consonant-final gans.
2046	Ringe2017	evidence_found	ringe-complete-grave-root;ringe-complete-grave-gothic	Actual source-row consultation in the completed relevant Chapter3/4 argument pass; complete PGmc/PNWGmc/PWGmc and OE indexes, aliases and incidental examples screened separately. Preserved inherited evidence links plus cited supplemental arguments; see applicability.tsv.	Preserve source form/cell, local dated label or its absence, reported/conditional alternatives, and lexical/family/component distinctions. Exact original glyph certification is not inferred from token presence. No selected-cell equivalence inferred from a citation alone.
2047	Ringe2017	evidence_found	ringe-complete-gripe	Actual source-row consultation in the completed relevant Chapter3/4 argument pass; complete PGmc/PNWGmc/PWGmc and OE indexes, aliases and incidental examples screened separately. Preserved inherited evidence links plus cited supplemental arguments; see applicability.tsv.	Preserve source form/cell, local dated label or its absence, reported/conditional alternatives, and lexical/family/component distinctions. Exact original glyph certification is not inferred from token presence. No selected-cell equivalence inferred from a citation alone.
2049	Ringe2017	evidence_found	ringe-complete-guest;ringe-complete-guest-pl;alignment-guest-ringe-nom-sg;alignment-guest-ringe-voc-sg;alignment-guest-ringe-acc-sg;alignment-guest-ringe-gen-sg;alignment-guest-ringe-dat-sg;alignment-guest-ringe-inst-sg;alignment-guest-ringe-nom-voc-pl;alignment-guest-ringe-acc-pl;alignment-guest-ringe-gen-pl;alignment-guest-ringe-dat-pl;alignment-guest-ringe-inst-pl;alignment-guest-inherited-genitive	Actual source-row consultation in the completed relevant Chapter3/4 argument pass; complete PGmc/PNWGmc/PWGmc and OE indexes, aliases and incidental examples screened separately. Preserved inherited evidence links plus cited supplemental arguments; see applicability.tsv.	Preserve source form/cell, local dated label or its absence, reported/conditional alternatives, and lexical/family/component distinctions. Exact original glyph certification is not inferred from token presence. No selected-cell equivalence inferred from a citation alone. Supplement (312): starless PGmc guest table nominative singular. Supplement (312): starless PGmc guest table vocative singular with printed question mark. Supplement (312): starless PGmc guest table accusative singular. Supplement (312): starless PGmc guest table genitive singular. Supplement (312): starless PGmc guest table dative singular. Supplement (312): starless PGmc guest table instrumental singular. Supplement (312): starless PGmc guest table nominative-vocative plural. Supplement (312): starless PGmc guest table accusative plural. Supplement (312): starless PGmc guest table genitive plural with printed quantity/nasalization. Supplement (312): starless PGmc guest table dative plural. Supplement (312): starless PGmc guest table instrumental plural. Supplement (304-305,312): scoped argument, not a complete selected-word quotation.
2052	Ringe2017	evidence_found	ringe-complete-hall-a;ringe-complete-hall-i	Actual source-row consultation in the completed relevant Chapter3/4 argument pass; complete PGmc/PNWGmc/PWGmc and OE indexes, aliases and incidental examples screened separately. Preserved inherited evidence links plus cited supplemental arguments; see applicability.tsv.	Preserve source form/cell, local dated label or its absence, reported/conditional alternatives, and lexical/family/component distinctions. Exact original glyph certification is not inferred from token presence. No selected-cell equivalence inferred from a citation alone.
2054	Ringe2017	evidence_found	ringe-complete-hand-derived;ringe-complete-hand-etymology;alignment-hand-ringe-citation	Actual source-row consultation in the completed relevant Chapter3/4 argument pass; complete PGmc/PNWGmc/PWGmc and OE indexes, aliases and incidental examples screened separately. Preserved inherited evidence links plus cited supplemental arguments; see applicability.tsv.	Preserve source form/cell, local dated label or its absence, reported/conditional alternatives, and lexical/family/component distinctions. Exact original glyph certification is not inferred from token presence. Ordinary English hand is not lexical evidence on every page; actual handugaz326 and etymological comment328 control review. Supplement (328): explicit PGmc hand in doubtful/unknown-origin list.
2058	Ringe2017	evidence_found	ringe-complete-have-stem;ringe-complete-have-jstem;ringe-complete-have-participle;ringe-complete-have-gothic-present;alignment-have-participle-backformation	Actual source-row consultation in the completed relevant Chapter3/4 argument pass; complete PGmc/PNWGmc/PWGmc and OE indexes, aliases and incidental examples screened separately. Preserved inherited evidence links plus cited supplemental arguments; see applicability.tsv.	Preserve source form/cell, local dated label or its absence, reported/conditional alternatives, and lexical/family/component distinctions. Exact original glyph certification is not inferred from token presence. No selected-cell equivalence inferred from a citation alone. Supplement (157-159,163-164,189): scoped argument, not an assembled selected word.
2061	Ringe2017	evidence_found	ringe-system-hay-w;ringe-system-hay-u;ringe-complete-hay	Read complete PGmc phonology241-260 and inflectional opening260-266; verified originals249/252. Applicable quotations: 250 (neuter hay noun; light-syllable j formation), 250 (neuter hay noun; light-syllable j formation). [Complete-pass supplement: Actual source-row consultation in the completed relevant Chapter3/4 argument pass; complete PGmc/PNWGmc/PWGmc and OE indexes, aliases and incidental examples screened separately. Preserved inherited evidence links plus cited supplemental arguments; see applicability.tsv.]	Supplementary forms retain distinct roots, stems and cells. Only explicitly labelled stages are assigned; conditional proposals remain conditional. Further book reading and inter-author alignment are incomplete. [Complete-pass supplement: Preserve source form/cell, local dated label or its absence, reported/conditional alternatives, and lexical/family/component distinctions. Exact original glyph certification is not inferred from token presence. No selected-cell equivalence inferred from a citation alone.]
2063	Ringe2017	discussion_only	ringe-complete-head-wounded-gothic	Actual source-row consultation in the completed relevant Chapter3/4 argument pass; complete PGmc/PNWGmc/PWGmc and OE indexes, aliases and incidental examples screened separately. Preserved inherited evidence links plus cited supplemental arguments; see applicability.tsv.	Preserve source form/cell, local dated label or its absence, reported/conditional alternatives, and lexical/family/component distinctions. Exact original glyph certification is not inferred from token presence. Head-wounded haubiþwundan237 supplies attested component evidence; gebal- skull121 is not this selected head etymon.
2064	Ringe2017	evidence_found	ringe-complete-heal;alignment-heal-ringe-base	Actual source-row consultation in the completed relevant Chapter3/4 argument pass; complete PGmc/PNWGmc/PWGmc and OE indexes, aliases and incidental examples screened separately. Preserved inherited evidence links plus cited supplemental arguments; see applicability.tsv.	Preserve source form/cell, local dated label or its absence, reported/conditional alternatives, and lexical/family/component distinctions. Exact original glyph certification is not inferred from token presence. No selected-cell equivalence inferred from a citation alone. Supplement (283): whole/healthy adjective factitive base.
2065	Ringe2017	evidence_found	ringe-complete-heart;alignment-heart-ringe-repeat	Actual source-row consultation in the completed relevant Chapter3/4 argument pass; complete PGmc/PNWGmc/PWGmc and OE indexes, aliases and incidental examples screened separately. Preserved inherited evidence links plus cited supplemental arguments; see applicability.tsv.	Preserve source form/cell, local dated label or its absence, reported/conditional alternatives, and lexical/family/component distinctions. Exact original glyph certification is not inferred from token presence. No selected-cell equivalence inferred from a citation alone. Supplement (115): separate explicit PGmc heart example.
2068	Ringe2017	discussion_only	ringe-complete-heaven-gothic	Actual source-row consultation in the completed relevant Chapter3/4 argument pass; complete PGmc/PNWGmc/PWGmc and OE indexes, aliases and incidental examples screened separately. Preserved inherited evidence links plus cited supplemental arguments; see applicability.tsv.	Preserve source form/cell, local dated label or its absence, reported/conditional alternatives, and lexical/family/component distinctions. Exact original glyph certification is not inferred from token presence. Gothic himina239 is a genuine incidental heaven attestation; no full reconstructed himinaz/hem... form was found or synthesized.
2071	Ringe2017	evidence_found	ringe-system-help-1;ringe-system-help-2;ringe-system-help-3;ringe-system-help-4;alignment-help-raising-versus-ablaut	Read complete PGmc phonology241-260 and inflectional opening260-266; verified originals249/252. Applicable quotations: 252 (strong class III; infinitive), 252 (strong class III; present indicative 3sg), 252 (strong class III; past indicative 3sg), 252 (strong class III; past indicative 3pl). [Complete-pass supplement: Actual source-row consultation in the completed relevant Chapter3/4 argument pass; complete PGmc/PNWGmc/PWGmc and OE indexes, aliases and incidental examples screened separately. Preserved inherited evidence links plus cited supplemental arguments; see applicability.tsv.]	Supplementary forms retain distinct roots, stems and cells. Only explicitly labelled stages are assigned; conditional proposals remain conditional. Further book reading and inter-author alignment are incomplete. [Complete-pass supplement: Preserve source form/cell, local dated label or its absence, reported/conditional alternatives, and lexical/family/component distinctions. Exact original glyph certification is not inferred from token presence. No selected-cell equivalence inferred from a citation alone.] Supplement (252): authored complete historical/formation argument; not a selected whole word.
2072	Ringe2017	evidence_found	ringe-complete-help-noun	Actual source-row consultation in the completed relevant Chapter3/4 argument pass; complete PGmc/PNWGmc/PWGmc and OE indexes, aliases and incidental examples screened separately. Preserved inherited evidence links plus cited supplemental arguments; see applicability.tsv.	Preserve source form/cell, local dated label or its absence, reported/conditional alternatives, and lexical/family/component distinctions. Exact original glyph certification is not inferred from token presence. No selected-cell equivalence inferred from a citation alone.
2073	Ringe2017	evidence_found	ringe-complete-herd	Actual source-row consultation in the completed relevant Chapter3/4 argument pass; complete PGmc/PNWGmc/PWGmc and OE indexes, aliases and incidental examples screened separately. Preserved inherited evidence links plus cited supplemental arguments; see applicability.tsv.	Preserve source form/cell, local dated label or its absence, reported/conditional alternatives, and lexical/family/component distinctions. Exact original glyph certification is not inferred from token presence. No selected-cell equivalence inferred from a citation alone.
2074	Ringe2017	evidence_found	ringe-complete-hew	Actual source-row consultation in the completed relevant Chapter3/4 argument pass; complete PGmc/PNWGmc/PWGmc and OE indexes, aliases and incidental examples screened separately. Preserved inherited evidence links plus cited supplemental arguments; see applicability.tsv.	Preserve source form/cell, local dated label or its absence, reported/conditional alternatives, and lexical/family/component distinctions. Exact original glyph certification is not inferred from token presence. No selected-cell equivalence inferred from a citation alone.
2076	Ringe2017	evidence_found	ringe-complete-hoard;alignment-hoard-ringe-precursor;alignment-hoard-sdh-warrant	Actual source-row consultation in the completed relevant Chapter3/4 argument pass; complete PGmc/PNWGmc/PWGmc and OE indexes, aliases and incidental examples screened separately. Preserved inherited evidence links plus cited supplemental arguments; see applicability.tsv.	Preserve source form/cell, local dated label or its absence, reported/conditional alternatives, and lexical/family/component distinctions. Exact original glyph certification is not inferred from token presence. No selected-cell equivalence inferred from a citation alone. Supplement (115): explicit PIE treasure precursor with s-dh cluster. Supplement (115): authored complete historical/formation argument; not a selected whole word.
2077	Ringe2017	evidence_found	ringe-complete-hold	Actual source-row consultation in the completed relevant Chapter3/4 argument pass; complete PGmc/PNWGmc/PWGmc and OE indexes, aliases and incidental examples screened separately. Preserved inherited evidence links plus cited supplemental arguments; see applicability.tsv.	Preserve source form/cell, local dated label or its absence, reported/conditional alternatives, and lexical/family/component distinctions. Exact original glyph certification is not inferred from token presence. No selected-cell equivalence inferred from a citation alone.
2079	Ringe2017	discussion_only	ringe-complete-honey-comparandum	Actual source-row consultation in the completed relevant Chapter3/4 argument pass; complete PGmc/PNWGmc/PWGmc and OE indexes, aliases and incidental examples screened separately. Preserved inherited evidence links plus cited supplemental arguments; see applicability.tsv.	Preserve source form/cell, local dated label or its absence, reported/conditional alternatives, and lexical/family/component distinctions. Exact original glyph certification is not inferred from token presence. Honey mili/milid is a separate lexical item, appearing as honeydew first component, not selected huniġ.
2082	Ringe2017	evidence_found	ringe-complete-horn;ringe-complete-horn-runic	Actual source-row consultation in the completed relevant Chapter3/4 argument pass; complete PGmc/PNWGmc/PWGmc and OE indexes, aliases and incidental examples screened separately. Preserved inherited evidence links plus cited supplemental arguments; see applicability.tsv.	Preserve source form/cell, local dated label or its absence, reported/conditional alternatives, and lexical/family/component distinctions. Exact original glyph certification is not inferred from token presence. No selected-cell equivalence inferred from a citation alone.
2084	Ringe2017	evidence_found	ringe-complete-knead;alignment-knead-wgmc-grade	Actual source-row consultation in the completed relevant Chapter3/4 argument pass; complete PGmc/PNWGmc/PWGmc and OE indexes, aliases and incidental examples screened separately. Preserved inherited evidence links plus cited supplemental arguments; see applicability.tsv.	Preserve source form/cell, local dated label or its absence, reported/conditional alternatives, and lexical/family/component distinctions. Exact original glyph certification is not inferred from token presence. No selected-cell equivalence inferred from a citation alone. Supplement (109,274-275): complete source argument; not a selected whole-word quotation.
2085	Ringe2017	evidence_found	ringe-complete-knee	Actual source-row consultation in the completed relevant Chapter3/4 argument pass; complete PGmc/PNWGmc/PWGmc and OE indexes, aliases and incidental examples screened separately. Preserved inherited evidence links plus cited supplemental arguments; see applicability.tsv.	Preserve source form/cell, local dated label or its absence, reported/conditional alternatives, and lexical/family/component distinctions. Exact original glyph certification is not inferred from token presence. Source knewą is a noun citation, not selected short dative cneowe.
2088	Ringe2017	evidence_found	ringe-complete-lade;alignment-lade-past-sg;alignment-lade-past-pl;alignment-lade-participle	Actual source-row consultation in the completed relevant Chapter3/4 argument pass; complete PGmc/PNWGmc/PWGmc and OE indexes, aliases and incidental examples screened separately. Preserved inherited evidence links plus cited supplemental arguments; see applicability.tsv.	Preserve source form/cell, local dated label or its absence, reported/conditional alternatives, and lexical/family/component distinctions. Exact original glyph certification is not inferred from token presence. No selected-cell equivalence inferred from a citation alone. Supplement (276): PGmc lade past singular with voiceless dental. Supplement (276): PGmc lade past plural with voiced dental. Supplement (276): PGmc lade past participle; not infinitive.
2089	Ringe2017	evidence_found	ringe-complete-land;alignment-land-final-syllable	Actual source-row consultation in the completed relevant Chapter3/4 argument pass; complete PGmc/PNWGmc/PWGmc and OE indexes, aliases and incidental examples screened separately. Preserved inherited evidence links plus cited supplemental arguments; see applicability.tsv.	Preserve source form/cell, local dated label or its absence, reported/conditional alternatives, and lexical/family/component distinctions. Exact original glyph certification is not inferred from token presence. No selected-cell equivalence inferred from a citation alone. Supplement (142-144): complete owned argument; not a whole-word selected quotation.
2091	Ringe2017	evidence_found	ringe-complete-last;alignment-last-ringe-base;alignment-last-denominative	Actual source-row consultation in the completed relevant Chapter3/4 argument pass; complete PGmc/PNWGmc/PWGmc and OE indexes, aliases and incidental examples screened separately. Preserved inherited evidence links plus cited supplemental arguments; see applicability.tsv.	Preserve source form/cell, local dated label or its absence, reported/conditional alternatives, and lexical/family/component distinctions. Exact original glyph certification is not inferred from token presence. No selected-cell equivalence inferred from a citation alone. Supplement (284): track noun base of follow denominative; local date unspecified. Supplement (283-284): complete owned argument; not a whole-word selected quotation.
2092	Ringe2017	evidence_found	ringe-system-laugh;ringe-complete-laugh;alignment-laugh-ringe-causative;alignment-laugh-past-sg;alignment-laugh-past-pl;alignment-laugh-verner-and-paradigm	Read complete PGmc phonology241-260 and inflectional opening260-266; verified originals249/252. Applicable quotations: 245 (infinitive). [Complete-pass supplement: Actual source-row consultation in the completed relevant Chapter3/4 argument pass; complete PGmc/PNWGmc/PWGmc and OE indexes, aliases and incidental examples screened separately. Preserved inherited evidence links plus cited supplemental arguments; see applicability.tsv.]	Supplementary forms retain distinct roots, stems and cells. Only explicitly labelled stages are assigned; conditional proposals remain conditional. Further book reading and inter-author alignment are incomplete. [Complete-pass supplement: Preserve source form/cell, local dated label or its absence, reported/conditional alternatives, and lexical/family/component distinctions. Exact original glyph certification is not inferred from token presence. No selected-cell equivalence inferred from a citation alone.] Supplement (245): PGmc voiced laugh causative, not selected strong laugh. Supplement (276): PGmc laugh past singular. Supplement (276): PGmc laugh past plural; no PGmc participle inserted. Supplement (244-246,275-277): complete owned argument; not a whole-word selected quotation.
2093	Ringe2017	evidence_found	ringe-system-lead	Read complete PGmc phonology241-260 and inflectional opening260-266; verified originals249/252. Applicable quotations: 250 (heavy-syllable ij-present infinitive). [Complete-pass supplement: Actual source-row consultation in the completed relevant Chapter3/4 argument pass; complete PGmc/PNWGmc/PWGmc and OE indexes, aliases and incidental examples screened separately. Preserved inherited evidence links plus cited supplemental arguments; see applicability.tsv.]	Supplementary forms retain distinct roots, stems and cells. Only explicitly labelled stages are assigned; conditional proposals remain conditional. Further book reading and inter-author alignment are incomplete. [Complete-pass supplement: Preserve source form/cell, local dated label or its absence, reported/conditional alternatives, and lexical/family/component distinctions. Exact original glyph certification is not inferred from token presence. No selected-cell equivalence inferred from a citation alone.]
2095	Ringe2017	evidence_found	ringe-system-learn-no;ringe-system-learn-na;ringe-complete-learn-no;ringe-complete-learn-na;alignment-learn-fientive-reconstructability	Read complete PGmc phonology241-260 and inflectional opening260-266; verified originals249/252. Applicable quotations: 246 (fientive present-stem alternant), 246 (fientive present-stem alternant). [Complete-pass supplement: Actual source-row consultation in the completed relevant Chapter3/4 argument pass; complete PGmc/PNWGmc/PWGmc and OE indexes, aliases and incidental examples screened separately. Preserved inherited evidence links plus cited supplemental arguments; see applicability.tsv.]	Supplementary forms retain distinct roots, stems and cells. Only explicitly labelled stages are assigned; conditional proposals remain conditional. Further book reading and inter-author alignment are incomplete. [Complete-pass supplement: Preserve source form/cell, local dated label or its absence, reported/conditional alternatives, and lexical/family/component distinctions. Exact original glyph certification is not inferred from token presence. No selected-cell equivalence inferred from a citation alone.] Supplement (202-205,245-247,289-290): complete owned/attributed argument, not a selected whole-word quotation.
2098	Ringe2017	evidence_found	ringe-complete-let;alignment-let-ringe-past-sg;alignment-let-ringe-past-pl;alignment-let-pre-perfect-full;alignment-let-pre-perfect-zero;alignment-let-default-grade	Actual source-row consultation in the completed relevant Chapter3/4 argument pass; complete PGmc/PNWGmc/PWGmc and OE indexes, aliases and incidental examples screened separately. Preserved inherited evidence links plus cited supplemental arguments; see applicability.tsv.	Preserve source form/cell, local dated label or its absence, reported/conditional alternatives, and lexical/family/component distinctions. Exact original glyph certification is not inferred from token presence. No selected-cell equivalence inferred from a citation alone. Supplement (215): PGmc let past3sg. Supplement (215): PGmc let past3pl with zero-grade root. Supplement (215): explicit pre-Gmc perfect full-grade stem. Supplement (215): explicit pre-Gmc perfect zero-grade stem; final accent preserved. Supplement (214-216): complete owned/attributed argument, not a selected whole-word quotation.
2101	Ringe2017	evidence_found	ringe-complete-life-live	Actual source-row consultation in the completed relevant Chapter3/4 argument pass; complete PGmc/PNWGmc/PWGmc and OE indexes, aliases and incidental examples screened separately. Preserved inherited evidence links plus cited supplemental arguments; see applicability.tsv.	Preserve source form/cell, local dated label or its absence, reported/conditional alternatives, and lexical/family/component distinctions. Exact original glyph certification is not inferred from token presence. No selected-cell equivalence inferred from a citation alone.
2102	Ringe2017	evidence_found	ringe-complete-light-nominal-stem;ringe-complete-light-nominal-zero;alignment-light-ringe-pie-full;alignment-light-ringe-pie-zero	Actual source-row consultation in the completed relevant Chapter3/4 argument pass; complete PGmc/PNWGmc/PWGmc and OE indexes, aliases and incidental examples screened separately. Preserved inherited evidence links plus cited supplemental arguments; see applicability.tsv.	Preserve source form/cell, local dated label or its absence, reported/conditional alternatives, and lexical/family/component distinctions. Exact original glyph certification is not inferred from token presence. No selected-cell equivalence inferred from a citation alone. Supplement (223): PIE full-grade dental light noun, not illumination verb. Supplement (223): PIE zero-grade dental light noun with suffix accent.
2107	Ringe2017	evidence_found	ringe-complete-live;ringe-complete-live-gothic;alignment-live-ringe-third-ending;alignment-live-relic-stative	Actual source-row consultation in the completed relevant Chapter3/4 argument pass; complete PGmc/PNWGmc/PWGmc and OE indexes, aliases and incidental examples screened separately. Preserved inherited evidence links plus cited supplemental arguments; see applicability.tsv.	Preserve source form/cell, local dated label or its absence, reported/conditional alternatives, and lexical/family/component distinctions. Exact original glyph certification is not inferred from token presence. No selected-cell equivalence inferred from a citation alone. Supplement (286): generic relic-stative indicative3sg ending; no full live word assembled. Supplement (157-158,203-206,286-288): complete source argument, not a selected whole-word quotation.
2112	Ringe2017	evidence_found	ringe-complete-lock-hair	Actual source-row consultation in the completed relevant Chapter3/4 argument pass; complete PGmc/PNWGmc/PWGmc and OE indexes, aliases and incidental examples screened separately. Preserved inherited evidence links plus cited supplemental arguments; see applicability.tsv.	Preserve source form/cell, local dated label or its absence, reported/conditional alternatives, and lexical/family/component distinctions. Exact original glyph certification is not inferred from token presence. No selected-cell equivalence inferred from a citation alone.
2115	Ringe2017	evidence_found	ringe-complete-lust	Actual source-row consultation in the completed relevant Chapter3/4 argument pass; complete PGmc/PNWGmc/PWGmc and OE indexes, aliases and incidental examples screened separately. Preserved inherited evidence links plus cited supplemental arguments; see applicability.tsv.	Preserve source form/cell, local dated label or its absence, reported/conditional alternatives, and lexical/family/component distinctions. Exact original glyph certification is not inferred from token presence. No selected-cell equivalence inferred from a citation alone.
2119	Ringe2017	evidence_found	ringe-complete-man-stem;ringe-complete-man-adjective	Actual source-row consultation in the completed relevant Chapter3/4 argument pass; complete PGmc/PNWGmc/PWGmc and OE indexes, aliases and incidental examples screened separately. Preserved inherited evidence links plus cited supplemental arguments; see applicability.tsv.	Preserve source form/cell, local dated label or its absence, reported/conditional alternatives, and lexical/family/component distinctions. Exact original glyph certification is not inferred from token presence. Selected mannes is genitive; mann- stem does not supply a full genitive, and world wer is another word.
2124	Ringe2017	evidence_found	ringe-complete-meed	Actual source-row consultation in the completed relevant Chapter3/4 argument pass; complete PGmc/PNWGmc/PWGmc and OE indexes, aliases and incidental examples screened separately. Preserved inherited evidence links plus cited supplemental arguments; see applicability.tsv.	Preserve source form/cell, local dated label or its absence, reported/conditional alternatives, and lexical/family/component distinctions. Exact original glyph certification is not inferred from token presence. No selected-cell equivalence inferred from a citation alone.
2125	Ringe2017	evidence_found	ringe-complete-might;ringe-complete-might-adjective	Actual source-row consultation in the completed relevant Chapter3/4 argument pass; complete PGmc/PNWGmc/PWGmc and OE indexes, aliases and incidental examples screened separately. Preserved inherited evidence links plus cited supplemental arguments; see applicability.tsv.	Preserve source form/cell, local dated label or its absence, reported/conditional alternatives, and lexical/family/component distinctions. Exact original glyph certification is not inferred from token presence. No selected-cell equivalence inferred from a citation alone.
2126	Ringe2017	evidence_found	ringe-complete-milk	Actual source-row consultation in the completed relevant Chapter3/4 argument pass; complete PGmc/PNWGmc/PWGmc and OE indexes, aliases and incidental examples screened separately. Preserved inherited evidence links plus cited supplemental arguments; see applicability.tsv.	Preserve source form/cell, local dated label or its absence, reported/conditional alternatives, and lexical/family/component distinctions. Exact original glyph certification is not inferred from token presence. No selected-cell equivalence inferred from a citation alone.
2127	Ringe2017	evidence_found	ringe-complete-month	Actual source-row consultation in the completed relevant Chapter3/4 argument pass; complete PGmc/PNWGmc/PWGmc and OE indexes, aliases and incidental examples screened separately. Preserved inherited evidence links plus cited supplemental arguments; see applicability.tsv.	Preserve source form/cell, local dated label or its absence, reported/conditional alternatives, and lexical/family/component distinctions. Exact original glyph certification is not inferred from token presence. No selected-cell equivalence inferred from a citation alone.
2128	Ringe2017	evidence_found	ringe-complete-mood-derived	Actual source-row consultation in the completed relevant Chapter3/4 argument pass; complete PGmc/PNWGmc/PWGmc and OE indexes, aliases and incidental examples screened separately. Preserved inherited evidence links plus cited supplemental arguments; see applicability.tsv.	Preserve source form/cell, local dated label or its absence, reported/conditional alternatives, and lexical/family/component distinctions. Exact original glyph certification is not inferred from token presence. No selected-cell equivalence inferred from a citation alone.
2129	Ringe2017	evidence_found	ringe-complete-mother	Actual source-row consultation in the completed relevant Chapter3/4 argument pass; complete PGmc/PNWGmc/PWGmc and OE indexes, aliases and incidental examples screened separately. Preserved inherited evidence links plus cited supplemental arguments; see applicability.tsv.	Preserve source form/cell, local dated label or its absence, reported/conditional alternatives, and lexical/family/component distinctions. Exact original glyph certification is not inferred from token presence. No selected-cell equivalence inferred from a citation alone.
2130	Ringe2017	evidence_found	ringe-complete-nail	Actual source-row consultation in the completed relevant Chapter3/4 argument pass; complete PGmc/PNWGmc/PWGmc and OE indexes, aliases and incidental examples screened separately. Preserved inherited evidence links plus cited supplemental arguments; see applicability.tsv.	Preserve source form/cell, local dated label or its absence, reported/conditional alternatives, and lexical/family/component distinctions. Exact original glyph certification is not inferred from token presence. No selected-cell equivalence inferred from a citation alone.
2131	Ringe2017	evidence_found	ringe-complete-name-oblique;ringe-complete-name-dative;ringe-complete-name-plural;ringe-complete-name-citation-image;ringe-complete-name-nom-image;ringe-complete-name-acc-image;ringe-complete-name-collective	Actual source-row consultation in the completed relevant Chapter3/4 argument pass; complete PGmc/PNWGmc/PWGmc and OE indexes, aliases and incidental examples screened separately. Preserved inherited evidence links plus cited supplemental arguments; see applicability.tsv.	Preserve source form/cell, local dated label or its absence, reported/conditional alternatives, and lexical/family/component distinctions. Exact original glyph certification is not inferred from token presence. No selected-cell equivalence inferred from a citation alone.
2134	Ringe2017	evidence_found	ringe-complete-neck-image;ringe-complete-neck-glyph	Actual source-row consultation in the completed relevant Chapter3/4 argument pass; complete PGmc/PNWGmc/PWGmc and OE indexes, aliases and incidental examples screened separately. Preserved inherited evidence links plus cited supplemental arguments; see applicability.tsv.	Preserve source form/cell, local dated label or its absence, reported/conditional alternatives, and lexical/family/component distinctions. Exact original glyph certification is not inferred from token presence. No selected-cell equivalence inferred from a citation alone.
2135	Ringe2017	evidence_found	ringe-complete-need-th;ringe-complete-need-d	Actual source-row consultation in the completed relevant Chapter3/4 argument pass; complete PGmc/PNWGmc/PWGmc and OE indexes, aliases and incidental examples screened separately. Preserved inherited evidence links plus cited supplemental arguments; see applicability.tsv.	Preserve source form/cell, local dated label or its absence, reported/conditional alternatives, and lexical/family/component distinctions. Exact original glyph certification is not inferred from token presence. No selected-cell equivalence inferred from a citation alone.
2136	Ringe2017	evidence_found	ringe-complete-needle-th;ringe-complete-needle-d	Actual source-row consultation in the completed relevant Chapter3/4 argument pass; complete PGmc/PNWGmc/PWGmc and OE indexes, aliases and incidental examples screened separately. Preserved inherited evidence links plus cited supplemental arguments; see applicability.tsv.	Preserve source form/cell, local dated label or its absence, reported/conditional alternatives, and lexical/family/component distinctions. Exact original glyph certification is not inferred from token presence. No selected-cell equivalence inferred from a citation alone.
2137	Ringe2017	evidence_found	ringe-complete-nest;ringe-complete-nest-alternative	Actual source-row consultation in the completed relevant Chapter3/4 argument pass; complete PGmc/PNWGmc/PWGmc and OE indexes, aliases and incidental examples screened separately. Preserved inherited evidence links plus cited supplemental arguments; see applicability.tsv.	Preserve source form/cell, local dated label or its absence, reported/conditional alternatives, and lexical/family/component distinctions. Exact original glyph certification is not inferred from token presence. No selected-cell equivalence inferred from a citation alone.
2138	Ringe2017	evidence_found	ringe-complete-net;ringe-complete-net-collective	Actual source-row consultation in the completed relevant Chapter3/4 argument pass; complete PGmc/PNWGmc/PWGmc and OE indexes, aliases and incidental examples screened separately. Preserved inherited evidence links plus cited supplemental arguments; see applicability.tsv.	Preserve source form/cell, local dated label or its absence, reported/conditional alternatives, and lexical/family/component distinctions. Exact original glyph certification is not inferred from token presence. No selected-cell equivalence inferred from a citation alone.
2140	Ringe2017	evidence_found	ringe-system-night-acc;ringe-complete-night-nom;ringe-complete-night-acc;ringe-complete-night-dat	Read complete PGmc phonology241-260 and inflectional opening260-266; verified originals249/252. Applicable quotations: 243 (accusative singular). [Complete-pass supplement: Actual source-row consultation in the completed relevant Chapter3/4 argument pass; complete PGmc/PNWGmc/PWGmc and OE indexes, aliases and incidental examples screened separately. Preserved inherited evidence links plus cited supplemental arguments; see applicability.tsv.]	Supplementary forms retain distinct roots, stems and cells. Only explicitly labelled stages are assigned; conditional proposals remain conditional. Further book reading and inter-author alignment are incomplete. [Complete-pass supplement: Preserve source form/cell, local dated label or its absence, reported/conditional alternatives, and lexical/family/component distinctions. Exact original glyph certification is not inferred from token presence. No selected-cell equivalence inferred from a citation alone.]
2142	Ringe2017	evidence_found	ringe-complete-nine	Actual source-row consultation in the completed relevant Chapter3/4 argument pass; complete PGmc/PNWGmc/PWGmc and OE indexes, aliases and incidental examples screened separately. Preserved inherited evidence links plus cited supplemental arguments; see applicability.tsv.	Preserve source form/cell, local dated label or its absence, reported/conditional alternatives, and lexical/family/component distinctions. Exact original glyph certification is not inferred from token presence. Source ne(w)un retains optional w; do not silently spell the source as current corpus nigon or a long-vowel form.
2143	Ringe2017	evidence_found	ringe-complete-nose	Actual source-row consultation in the completed relevant Chapter3/4 argument pass; complete PGmc/PNWGmc/PWGmc and OE indexes, aliases and incidental examples screened separately. Preserved inherited evidence links plus cited supplemental arguments; see applicability.tsv.	Preserve source form/cell, local dated label or its absence, reported/conditional alternatives, and lexical/family/component distinctions. Exact original glyph certification is not inferred from token presence. No selected-cell equivalence inferred from a citation alone.
2144	Ringe2017	evidence_found	ringe-complete-one	Actual source-row consultation in the completed relevant Chapter3/4 argument pass; complete PGmc/PNWGmc/PWGmc and OE indexes, aliases and incidental examples screened separately. Preserved inherited evidence links plus cited supplemental arguments; see applicability.tsv.	Preserve source form/cell, local dated label or its absence, reported/conditional alternatives, and lexical/family/component distinctions. Exact original glyph certification is not inferred from token presence. No selected-cell equivalence inferred from a citation alone.
2145	Ringe2017	discussion_only	ringe-complete-oven-gothic	Actual source-row consultation in the completed relevant Chapter3/4 argument pass; complete PGmc/PNWGmc/PWGmc and OE indexes, aliases and incidental examples screened separately. Preserved inherited evidence links plus cited supplemental arguments; see applicability.tsv.	Preserve source form/cell, local dated label or its absence, reported/conditional alternatives, and lexical/family/component distinctions. Exact original glyph certification is not inferred from token presence. Gothic oven aúhn137 is a real other-cell attestation; source quotation does not decide inherited h versus f.
2146	Ringe2017	evidence_found	ringe-complete-ox-oblique-in;ringe-complete-ox-oblique-n	Actual source-row consultation in the completed relevant Chapter3/4 argument pass; complete PGmc/PNWGmc/PWGmc and OE indexes, aliases and incidental examples screened separately. Preserved inherited evidence links plus cited supplemental arguments; see applicability.tsv.	Preserve source form/cell, local dated label or its absence, reported/conditional alternatives, and lexical/family/component distinctions. Exact original glyph certification is not inferred from token presence. No selected-cell equivalence inferred from a citation alone.
2147	Ringe2017	evidence_found	ringe-complete-rain	Actual source-row consultation in the completed relevant Chapter3/4 argument pass; complete PGmc/PNWGmc/PWGmc and OE indexes, aliases and incidental examples screened separately. Preserved inherited evidence links plus cited supplemental arguments; see applicability.tsv.	Preserve source form/cell, local dated label or its absence, reported/conditional alternatives, and lexical/family/component distinctions. Exact original glyph certification is not inferred from token presence. No selected-cell equivalence inferred from a citation alone.
2148	Ringe2017	evidence_found	ringe-complete-rainbow-ring;ringe-complete-rainbow-rain	Actual source-row consultation in the completed relevant Chapter3/4 argument pass; complete PGmc/PNWGmc/PWGmc and OE indexes, aliases and incidental examples screened separately. Preserved inherited evidence links plus cited supplemental arguments; see applicability.tsv.	Preserve source form/cell, local dated label or its absence, reported/conditional alternatives, and lexical/family/component distinctions. Exact original glyph certification is not inferred from token presence. No selected-cell equivalence inferred from a citation alone.
2150	Ringe2017	evidence_found	ringe-complete-read	Actual source-row consultation in the completed relevant Chapter3/4 argument pass; complete PGmc/PNWGmc/PWGmc and OE indexes, aliases and incidental examples screened separately. Preserved inherited evidence links plus cited supplemental arguments; see applicability.tsv.	Preserve source form/cell, local dated label or its absence, reported/conditional alternatives, and lexical/family/component distinctions. Exact original glyph certification is not inferred from token presence. No selected-cell equivalence inferred from a citation alone.
2153	Ringe2017	evidence_found	ringe-complete-ride-loan-lead	Actual source-row consultation in the completed relevant Chapter3/4 argument pass; complete PGmc/PNWGmc/PWGmc and OE indexes, aliases and incidental examples screened separately. Preserved inherited evidence links plus cited supplemental arguments; see applicability.tsv.	Preserve source form/cell, local dated label or its absence, reported/conditional alternatives, and lexical/family/component distinctions. Exact original glyph certification is not inferred from token presence. No selected-cell equivalence inferred from a citation alone.
2160	Ringe2017	evidence_found	ringe-complete-rudder	Actual source-row consultation in the completed relevant Chapter3/4 argument pass; complete PGmc/PNWGmc/PWGmc and OE indexes, aliases and incidental examples screened separately. Preserved inherited evidence links plus cited supplemental arguments; see applicability.tsv.	Preserve source form/cell, local dated label or its absence, reported/conditional alternatives, and lexical/family/component distinctions. Exact original glyph certification is not inferred from token presence. No selected-cell equivalence inferred from a citation alone.
2161	Ringe2017	evidence_found	ringe-complete-run;ringe-complete-run-underlying;ringe-complete-run-noun	Actual source-row consultation in the completed relevant Chapter3/4 argument pass; complete PGmc/PNWGmc/PWGmc and OE indexes, aliases and incidental examples screened separately. Preserved inherited evidence links plus cited supplemental arguments; see applicability.tsv.	Preserve source form/cell, local dated label or its absence, reported/conditional alternatives, and lexical/family/component distinctions. Exact original glyph certification is not inferred from token presence. No selected-cell equivalence inferred from a citation alone.
2162	Ringe2017	evidence_found	ringe-system-rust	Read complete PGmc phonology241-260 and inflectional opening260-266; verified originals249/252. Applicable quotations: 248 (rust noun citation). [Complete-pass supplement: Actual source-row consultation in the completed relevant Chapter3/4 argument pass; complete PGmc/PNWGmc/PWGmc and OE indexes, aliases and incidental examples screened separately. Preserved inherited evidence links plus cited supplemental arguments; see applicability.tsv.]	Supplementary forms retain distinct roots, stems and cells. Only explicitly labelled stages are assigned; conditional proposals remain conditional. Further book reading and inter-author alignment are incomplete. [Complete-pass supplement: Preserve source form/cell, local dated label or its absence, reported/conditional alternatives, and lexical/family/component distinctions. Exact original glyph certification is not inferred from token presence. No selected-cell equivalence inferred from a citation alone.]
2163	Ringe2017	discussion_only	ringe-complete-rye-frisian;ringe-complete-rye-german;ringe-complete-rye-kluge	Actual source-row consultation in the completed relevant Chapter3/4 argument pass; complete PGmc/PNWGmc/PWGmc and OE indexes, aliases and incidental examples screened separately. Preserved inherited evidence links plus cited supplemental arguments; see applicability.tsv.	Preserve source form/cell, local dated label or its absence, reported/conditional alternatives, and lexical/family/component distinctions. Exact original glyph certification is not inferred from token presence. No selected-cell equivalence inferred from a citation alone.
2166	Ringe2017	evidence_found	ringe-complete-salt-family	Actual source-row consultation in the completed relevant Chapter3/4 argument pass; complete PGmc/PNWGmc/PWGmc and OE indexes, aliases and incidental examples screened separately. Preserved inherited evidence links plus cited supplemental arguments; see applicability.tsv.	Preserve source form/cell, local dated label or its absence, reported/conditional alternatives, and lexical/family/component distinctions. Exact original glyph certification is not inferred from token presence. Source saltaną260 is a related salt verb, not a full selected salt noun quote.
2167	Ringe2017	evidence_found	ringe-complete-salve-inf-image;ringe-complete-salve-base-image;ringe-complete-salve-quantity	Actual source-row consultation in the completed relevant Chapter3/4 argument pass; complete PGmc/PNWGmc/PWGmc and OE indexes, aliases and incidental examples screened separately. Preserved inherited evidence links plus cited supplemental arguments; see applicability.tsv.	Preserve source form/cell, local dated label or its absence, reported/conditional alternatives, and lexical/family/component distinctions. Exact original glyph certification is not inferred from token presence. No selected-cell equivalence inferred from a citation alone.
2171	Ringe2017	evidence_found	ringe-complete-seek;ringe-complete-seek-past;ringe-complete-seek-participle	Actual source-row consultation in the completed relevant Chapter3/4 argument pass; complete PGmc/PNWGmc/PWGmc and OE indexes, aliases and incidental examples screened separately. Preserved inherited evidence links plus cited supplemental arguments; see applicability.tsv.	Preserve source form/cell, local dated label or its absence, reported/conditional alternatives, and lexical/family/component distinctions. Exact original glyph certification is not inferred from token presence. No selected-cell equivalence inferred from a citation alone.
2172	Ringe2017	evidence_found	ringe-system-send;ringe-complete-send	Read complete PGmc phonology241-260 and inflectional opening260-266; verified originals249/252. Applicable quotations: 246 (causative infinitive). [Complete-pass supplement: Actual source-row consultation in the completed relevant Chapter3/4 argument pass; complete PGmc/PNWGmc/PWGmc and OE indexes, aliases and incidental examples screened separately. Preserved inherited evidence links plus cited supplemental arguments; see applicability.tsv.]	Supplementary forms retain distinct roots, stems and cells. Only explicitly labelled stages are assigned; conditional proposals remain conditional. Further book reading and inter-author alignment are incomplete. [Complete-pass supplement: Preserve source form/cell, local dated label or its absence, reported/conditional alternatives, and lexical/family/component distinctions. Exact original glyph certification is not inferred from token presence. No selected-cell equivalence inferred from a citation alone.]
2173	Ringe2017	evidence_found	ringe-complete-set	Actual source-row consultation in the completed relevant Chapter3/4 argument pass; complete PGmc/PNWGmc/PWGmc and OE indexes, aliases and incidental examples screened separately. Preserved inherited evidence links plus cited supplemental arguments; see applicability.tsv.	Preserve source form/cell, local dated label or its absence, reported/conditional alternatives, and lexical/family/component distinctions. Exact original glyph certification is not inferred from token presence. No selected-cell equivalence inferred from a citation alone.
2174	Ringe2017	evidence_found	ringe-complete-seven	Actual source-row consultation in the completed relevant Chapter3/4 argument pass; complete PGmc/PNWGmc/PWGmc and OE indexes, aliases and incidental examples screened separately. Preserved inherited evidence links plus cited supplemental arguments; see applicability.tsv.	Preserve source form/cell, local dated label or its absence, reported/conditional alternatives, and lexical/family/component distinctions. Exact original glyph certification is not inferred from token presence. No selected-cell equivalence inferred from a citation alone.
2177	Ringe2017	evidence_found	ringe-complete-shear	Actual source-row consultation in the completed relevant Chapter3/4 argument pass; complete PGmc/PNWGmc/PWGmc and OE indexes, aliases and incidental examples screened separately. Preserved inherited evidence links plus cited supplemental arguments; see applicability.tsv.	Preserve source form/cell, local dated label or its absence, reported/conditional alternatives, and lexical/family/component distinctions. Exact original glyph certification is not inferred from token presence. No selected-cell equivalence inferred from a citation alone.
2182	Ringe2017	evidence_found	ringe-complete-shine	Actual source-row consultation in the completed relevant Chapter3/4 argument pass; complete PGmc/PNWGmc/PWGmc and OE indexes, aliases and incidental examples screened separately. Preserved inherited evidence links plus cited supplemental arguments; see applicability.tsv.	Preserve source form/cell, local dated label or its absence, reported/conditional alternatives, and lexical/family/component distinctions. Exact original glyph certification is not inferred from token presence. No selected-cell equivalence inferred from a citation alone.
2190	Ringe2017	evidence_found	ringe-complete-sing	Actual source-row consultation in the completed relevant Chapter3/4 argument pass; complete PGmc/PNWGmc/PWGmc and OE indexes, aliases and incidental examples screened separately. Preserved inherited evidence links plus cited supplemental arguments; see applicability.tsv.	Preserve source form/cell, local dated label or its absence, reported/conditional alternatives, and lexical/family/component distinctions. Exact original glyph certification is not inferred from token presence. No selected-cell equivalence inferred from a citation alone.
2192	Ringe2017	evidence_found	ringe-complete-sister	Actual source-row consultation in the completed relevant Chapter3/4 argument pass; complete PGmc/PNWGmc/PWGmc and OE indexes, aliases and incidental examples screened separately. Preserved inherited evidence links plus cited supplemental arguments; see applicability.tsv.	Preserve source form/cell, local dated label or its absence, reported/conditional alternatives, and lexical/family/component distinctions. Exact original glyph certification is not inferred from token presence. No selected-cell equivalence inferred from a citation alone.
2193	Ringe2017	evidence_found	raising-ringe-high-front;ringe-system-sit;ringe-system-sit-root;ringe-complete-sit-participle	High-front raising151-153 and j-loss premises154-155 read; sitja occurs among the Norse evidence in153 n.26. Read complete PGmc phonology241-260 and inflectional opening260-266; verified originals249/252. Applicable quotations: 249 (class V j-present infinitive), 256 (class V root in derivational ablaut discussion). [Complete-pass supplement: Actual source-row consultation in the completed relevant Chapter3/4 argument pass; complete PGmc/PNWGmc/PWGmc and OE indexes, aliases and incidental examples screened separately. Preserved inherited evidence links plus cited supplemental arguments; see applicability.tsv.]	Process evidence for inherited raising; no whole-word PGmc sit reconstruction quoted from these passages. Supplementary forms retain distinct roots, stems and cells. Only explicitly labelled stages are assigned; conditional proposals remain conditional. Further book reading and inter-author alignment are incomplete. [Complete-pass supplement: Preserve source form/cell, local dated label or its absence, reported/conditional alternatives, and lexical/family/component distinctions. Exact original glyph certification is not inferred from token presence. No selected-cell equivalence inferred from a citation alone.]
2194	Ringe2017	evidence_found	ringe-complete-six	Actual source-row consultation in the completed relevant Chapter3/4 argument pass; complete PGmc/PNWGmc/PWGmc and OE indexes, aliases and incidental examples screened separately. Preserved inherited evidence links plus cited supplemental arguments; see applicability.tsv.	Preserve source form/cell, local dated label or its absence, reported/conditional alternatives, and lexical/family/component distinctions. Exact original glyph certification is not inferred from token presence. No selected-cell equivalence inferred from a citation alone.
2195	Ringe2017	evidence_found	ringe-system-slay;ringe-complete-slay;ringe-complete-slay-gothic-past	Read complete PGmc phonology241-260 and inflectional opening260-266; verified originals249/252. Applicable quotations: 246 (infinitive). [Complete-pass supplement: Actual source-row consultation in the completed relevant Chapter3/4 argument pass; complete PGmc/PNWGmc/PWGmc and OE indexes, aliases and incidental examples screened separately. Preserved inherited evidence links plus cited supplemental arguments; see applicability.tsv.]	Supplementary forms retain distinct roots, stems and cells. Only explicitly labelled stages are assigned; conditional proposals remain conditional. Further book reading and inter-author alignment are incomplete. [Complete-pass supplement: Preserve source form/cell, local dated label or its absence, reported/conditional alternatives, and lexical/family/component distinctions. Exact original glyph certification is not inferred from token presence. No selected-cell equivalence inferred from a citation alone.]
2196	Ringe2017	evidence_found	ringe-complete-sleep;ringe-complete-sleep-comparandum	Actual source-row consultation in the completed relevant Chapter3/4 argument pass; complete PGmc/PNWGmc/PWGmc and OE indexes, aliases and incidental examples screened separately. Preserved inherited evidence links plus cited supplemental arguments; see applicability.tsv.	Preserve source form/cell, local dated label or its absence, reported/conditional alternatives, and lexical/family/component distinctions. Exact original glyph certification is not inferred from token presence. No selected-cell equivalence inferred from a citation alone.
2199	Ringe2017	evidence_found	ringe-complete-snow	Actual source-row consultation in the completed relevant Chapter3/4 argument pass; complete PGmc/PNWGmc/PWGmc and OE indexes, aliases and incidental examples screened separately. Preserved inherited evidence links plus cited supplemental arguments; see applicability.tsv.	Preserve source form/cell, local dated label or its absence, reported/conditional alternatives, and lexical/family/component distinctions. Exact original glyph certification is not inferred from token presence. No selected-cell equivalence inferred from a citation alone.
2200	Ringe2017	evidence_found	ringe-complete-sorrow-verb	Actual source-row consultation in the completed relevant Chapter3/4 argument pass; complete PGmc/PNWGmc/PWGmc and OE indexes, aliases and incidental examples screened separately. Preserved inherited evidence links plus cited supplemental arguments; see applicability.tsv.	Preserve source form/cell, local dated label or its absence, reported/conditional alternatives, and lexical/family/component distinctions. Exact original glyph certification is not inferred from token presence. No selected-cell equivalence inferred from a citation alone.
2215	Ringe2017	evidence_found	ringe-complete-steal	Actual source-row consultation in the completed relevant Chapter3/4 argument pass; complete PGmc/PNWGmc/PWGmc and OE indexes, aliases and incidental examples screened separately. Preserved inherited evidence links plus cited supplemental arguments; see applicability.tsv.	Preserve source form/cell, local dated label or its absence, reported/conditional alternatives, and lexical/family/component distinctions. Exact original glyph certification is not inferred from token presence. No selected-cell equivalence inferred from a citation alone.
2219	Ringe2017	evidence_found	ringe-complete-stock	Actual source-row consultation in the completed relevant Chapter3/4 argument pass; complete PGmc/PNWGmc/PWGmc and OE indexes, aliases and incidental examples screened separately. Preserved inherited evidence links plus cited supplemental arguments; see applicability.tsv.	Preserve source form/cell, local dated label or its absence, reported/conditional alternatives, and lexical/family/component distinctions. Exact original glyph certification is not inferred from token presence. No selected-cell equivalence inferred from a citation alone.
2220	Ringe2017	evidence_found	ringe-complete-stone-derived;ringe-complete-stone-derived2;ringe-complete-stone-etymology	Actual source-row consultation in the completed relevant Chapter3/4 argument pass; complete PGmc/PNWGmc/PWGmc and OE indexes, aliases and incidental examples screened separately. Preserved inherited evidence links plus cited supplemental arguments; see applicability.tsv.	Preserve source form/cell, local dated label or its absence, reported/conditional alternatives, and lexical/family/component distinctions. Exact original glyph certification is not inferred from token presence. No selected-cell equivalence inferred from a citation alone.
2225	Ringe2017	evidence_found	ringe-complete-stream	Actual source-row consultation in the completed relevant Chapter3/4 argument pass; complete PGmc/PNWGmc/PWGmc and OE indexes, aliases and incidental examples screened separately. Preserved inherited evidence links plus cited supplemental arguments; see applicability.tsv.	Preserve source form/cell, local dated label or its absence, reported/conditional alternatives, and lexical/family/component distinctions. Exact original glyph certification is not inferred from token presence. No selected-cell equivalence inferred from a citation alone.
2227	Ringe2017	discussion_only	ringe-complete-strew-attestation	Actual source-row consultation in the completed relevant Chapter3/4 argument pass; complete PGmc/PNWGmc/PWGmc and OE indexes, aliases and incidental examples screened separately. Preserved inherited evidence links plus cited supplemental arguments; see applicability.tsv.	Preserve source form/cell, local dated label or its absence, reported/conditional alternatives, and lexical/family/component distinctions. Exact original glyph certification is not inferred from token presence. Source OE strong streġdan254 and selected strīeġan are different formations; source strong attestation is retained only as family evidence.
2230	Ringe2017	evidence_found	ringe-complete-summer	Actual source-row consultation in the completed relevant Chapter3/4 argument pass; complete PGmc/PNWGmc/PWGmc and OE indexes, aliases and incidental examples screened separately. Preserved inherited evidence links plus cited supplemental arguments; see applicability.tsv.	Preserve source form/cell, local dated label or its absence, reported/conditional alternatives, and lexical/family/component distinctions. Exact original glyph certification is not inferred from token presence. No selected-cell equivalence inferred from a citation alone.
2231	Ringe2017	evidence_found	ringe-complete-sun-collective;ringe-complete-sun-nstem;ringe-complete-sun-explicit	Actual source-row consultation in the completed relevant Chapter3/4 argument pass; complete PGmc/PNWGmc/PWGmc and OE indexes, aliases and incidental examples screened separately. Preserved inherited evidence links plus cited supplemental arguments; see applicability.tsv.	Preserve source form/cell, local dated label or its absence, reported/conditional alternatives, and lexical/family/component distinctions. Exact original glyph certification is not inferred from token presence. No selected-cell equivalence inferred from a citation alone.
2233	Ringe2017	evidence_found	ringe-system-sup	Read complete PGmc phonology241-260 and inflectional opening260-266; verified originals249/252. Applicable quotations: 254-255 (strong class II infinitive). [Complete-pass supplement: Actual source-row consultation in the completed relevant Chapter3/4 argument pass; complete PGmc/PNWGmc/PWGmc and OE indexes, aliases and incidental examples screened separately. Preserved inherited evidence links plus cited supplemental arguments; see applicability.tsv.]	Supplementary forms retain distinct roots, stems and cells. Only explicitly labelled stages are assigned; conditional proposals remain conditional. Further book reading and inter-author alignment are incomplete. [Complete-pass supplement: Preserve source form/cell, local dated label or its absence, reported/conditional alternatives, and lexical/family/component distinctions. Exact original glyph certification is not inferred from token presence. No selected-cell equivalence inferred from a citation alone.]
2236	Ringe2017	evidence_found	ringe-complete-swell	Actual source-row consultation in the completed relevant Chapter3/4 argument pass; complete PGmc/PNWGmc/PWGmc and OE indexes, aliases and incidental examples screened separately. Preserved inherited evidence links plus cited supplemental arguments; see applicability.tsv.	Preserve source form/cell, local dated label or its absence, reported/conditional alternatives, and lexical/family/component distinctions. Exact original glyph certification is not inferred from token presence. No selected-cell equivalence inferred from a citation alone.
2237	Ringe2017	evidence_found	ringe-complete-swim	Actual source-row consultation in the completed relevant Chapter3/4 argument pass; complete PGmc/PNWGmc/PWGmc and OE indexes, aliases and incidental examples screened separately. Preserved inherited evidence links plus cited supplemental arguments; see applicability.tsv.	Preserve source form/cell, local dated label or its absence, reported/conditional alternatives, and lexical/family/component distinctions. Exact original glyph certification is not inferred from token presence. No selected-cell equivalence inferred from a citation alone.
2238	Ringe2017	evidence_found	ringe-complete-swine	Actual source-row consultation in the completed relevant Chapter3/4 argument pass; complete PGmc/PNWGmc/PWGmc and OE indexes, aliases and incidental examples screened separately. Preserved inherited evidence links plus cited supplemental arguments; see applicability.tsv.	Preserve source form/cell, local dated label or its absence, reported/conditional alternatives, and lexical/family/component distinctions. Exact original glyph certification is not inferred from token presence. No selected-cell equivalence inferred from a citation alone.
2242	Ringe2017	evidence_found	ringe-system-ten;ringe-complete-ten-cardinal	Read complete PGmc phonology241-260 and inflectional opening260-266; verified originals249/252. Applicable quotations: 243 (numeral citation). [Complete-pass supplement: Actual source-row consultation in the completed relevant Chapter3/4 argument pass; complete PGmc/PNWGmc/PWGmc and OE indexes, aliases and incidental examples screened separately. Preserved inherited evidence links plus cited supplemental arguments; see applicability.tsv.]	Supplementary forms retain distinct roots, stems and cells. Only explicitly labelled stages are assigned; conditional proposals remain conditional. Further book reading and inter-author alignment are incomplete. [Complete-pass supplement: Preserve source form/cell, local dated label or its absence, reported/conditional alternatives, and lexical/family/component distinctions. Exact original glyph certification is not inferred from token presence. Corpus concept ten and texun prototype identify cardinal ten; OE tēon draw at246/268 is a homographic false lead.]
2243	Ringe2017	evidence_found	ringe-complete-thane	Actual source-row consultation in the completed relevant Chapter3/4 argument pass; complete PGmc/PNWGmc/PWGmc and OE indexes, aliases and incidental examples screened separately. Preserved inherited evidence links plus cited supplemental arguments; see applicability.tsv.	Preserve source form/cell, local dated label or its absence, reported/conditional alternatives, and lexical/family/component distinctions. Exact original glyph certification is not inferred from token presence. No selected-cell equivalence inferred from a citation alone.
2244	Ringe2017	evidence_found	ringe-complete-thanks	Actual source-row consultation in the completed relevant Chapter3/4 argument pass; complete PGmc/PNWGmc/PWGmc and OE indexes, aliases and incidental examples screened separately. Preserved inherited evidence links plus cited supplemental arguments; see applicability.tsv.	Preserve source form/cell, local dated label or its absence, reported/conditional alternatives, and lexical/family/component distinctions. Exact original glyph certification is not inferred from token presence. No selected-cell equivalence inferred from a citation alone.
2247	Ringe2017	evidence_found	ringe-complete-thing-time;ringe-complete-thing-oblique;ringe-complete-thing-history	Actual source-row consultation in the completed relevant Chapter3/4 argument pass; complete PGmc/PNWGmc/PWGmc and OE indexes, aliases and incidental examples screened separately. Preserved inherited evidence links plus cited supplemental arguments; see applicability.tsv.	Preserve source form/cell, local dated label or its absence, reported/conditional alternatives, and lexical/family/component distinctions. Exact original glyph certification is not inferred from token presence. No selected-cell equivalence inferred from a citation alone.
2248	Ringe2017	evidence_found	ringe-complete-think;ringe-complete-thought-participle	Actual source-row consultation in the completed relevant Chapter3/4 argument pass; complete PGmc/PNWGmc/PWGmc and OE indexes, aliases and incidental examples screened separately. Preserved inherited evidence links plus cited supplemental arguments; see applicability.tsv.	Preserve source form/cell, local dated label or its absence, reported/conditional alternatives, and lexical/family/component distinctions. Exact original glyph certification is not inferred from token presence. No selected-cell equivalence inferred from a citation alone.
2249	Ringe2017	evidence_found	ringe-complete-thirst-family	Actual source-row consultation in the completed relevant Chapter3/4 argument pass; complete PGmc/PNWGmc/PWGmc and OE indexes, aliases and incidental examples screened separately. Preserved inherited evidence links plus cited supplemental arguments; see applicability.tsv.	Preserve source form/cell, local dated label or its absence, reported/conditional alternatives, and lexical/family/component distinctions. Exact original glyph certification is not inferred from token presence. þurzijaną145 is dry-out/thirst verb family evidence, not the selected tu-stem thirst noun.
2252	Ringe2017	evidence_found	ringe-complete-thousand	Actual source-row consultation in the completed relevant Chapter3/4 argument pass; complete PGmc/PNWGmc/PWGmc and OE indexes, aliases and incidental examples screened separately. Preserved inherited evidence links plus cited supplemental arguments; see applicability.tsv.	Preserve source form/cell, local dated label or its absence, reported/conditional alternatives, and lexical/family/component distinctions. Exact original glyph certification is not inferred from token presence. No selected-cell equivalence inferred from a citation alone.
2253	Ringe2017	evidence_found	ringe-system-thrash;ringe-complete-thrash	Read complete PGmc phonology241-260 and inflectional opening260-266; verified originals249/252. Applicable quotations: 254 (strong class III infinitive). [Complete-pass supplement: Actual source-row consultation in the completed relevant Chapter3/4 argument pass; complete PGmc/PNWGmc/PWGmc and OE indexes, aliases and incidental examples screened separately. Preserved inherited evidence links plus cited supplemental arguments; see applicability.tsv.]	Supplementary forms retain distinct roots, stems and cells. Only explicitly labelled stages are assigned; conditional proposals remain conditional. Further book reading and inter-author alignment are incomplete. [Complete-pass supplement: Preserve source form/cell, local dated label or its absence, reported/conditional alternatives, and lexical/family/component distinctions. Exact original glyph certification is not inferred from token presence. No selected-cell equivalence inferred from a citation alone.]
2254	Ringe2017	evidence_found	three-ringe-pgmc;raising-ringe-high-front;ringe-complete-three;ringe-complete-three-acc;ringe-complete-three-neut;ringe-complete-three-table-nom	Full argument151-153, the explicit numeral chain153 and j-loss premises154-155 read; original153 checked. [Complete-pass supplement: Actual source-row consultation in the completed relevant Chapter3/4 argument pass; complete PGmc/PNWGmc/PWGmc and OE indexes, aliases and incidental examples screened separately. Preserved inherited evidence links plus cited supplemental arguments; see applicability.tsv.]	The chosen OE ending is explicitly remodeled, so the current CAPR chain cannot be assessed through a vowel-only substitution. [Complete-pass supplement: Preserve source form/cell, local dated label or its absence, reported/conditional alternatives, and lexical/family/component distinctions. Exact original glyph certification is not inferred from token presence. No selected-cell equivalence inferred from a citation alone.]
2258	Ringe2017	evidence_found	ringe-complete-timber-build	Actual source-row consultation in the completed relevant Chapter3/4 argument pass; complete PGmc/PNWGmc/PWGmc and OE indexes, aliases and incidental examples screened separately. Preserved inherited evidence links plus cited supplemental arguments; see applicability.tsv.	Preserve source form/cell, local dated label or its absence, reported/conditional alternatives, and lexical/family/component distinctions. Exact original glyph certification is not inferred from token presence. Source build verb timrijaną is a family lead, not a selected timber noun quotation.
2262	Ringe2017	evidence_found	ringe-complete-tongue;ringe-complete-tongue-gen	Actual source-row consultation in the completed relevant Chapter3/4 argument pass; complete PGmc/PNWGmc/PWGmc and OE indexes, aliases and incidental examples screened separately. Preserved inherited evidence links plus cited supplemental arguments; see applicability.tsv.	Preserve source form/cell, local dated label or its absence, reported/conditional alternatives, and lexical/family/component distinctions. Exact original glyph certification is not inferred from token presence. No selected-cell equivalence inferred from a citation alone.
2263	Ringe2017	evidence_found	ringe-complete-town-loan-lead	Actual source-row consultation in the completed relevant Chapter3/4 argument pass; complete PGmc/PNWGmc/PWGmc and OE indexes, aliases and incidental examples screened separately. Preserved inherited evidence links plus cited supplemental arguments; see applicability.tsv.	Preserve source form/cell, local dated label or its absence, reported/conditional alternatives, and lexical/family/component distinctions. Exact original glyph certification is not inferred from token presence. No selected-cell equivalence inferred from a citation alone.
2264	Ringe2017	evidence_found	ringe-complete-tread	Actual source-row consultation in the completed relevant Chapter3/4 argument pass; complete PGmc/PNWGmc/PWGmc and OE indexes, aliases and incidental examples screened separately. Preserved inherited evidence links plus cited supplemental arguments; see applicability.tsv.	Preserve source form/cell, local dated label or its absence, reported/conditional alternatives, and lexical/family/component distinctions. Exact original glyph certification is not inferred from token presence. No selected-cell equivalence inferred from a citation alone.
2266	Ringe2017	evidence_found	ringe-complete-wade	Actual source-row consultation in the completed relevant Chapter3/4 argument pass; complete PGmc/PNWGmc/PWGmc and OE indexes, aliases and incidental examples screened separately. Preserved inherited evidence links plus cited supplemental arguments; see applicability.tsv.	Preserve source form/cell, local dated label or its absence, reported/conditional alternatives, and lexical/family/component distinctions. Exact original glyph certification is not inferred from token presence. No selected-cell equivalence inferred from a citation alone.
2268	Ringe2017	evidence_found	ringe-complete-wake-no;ringe-complete-wake-na;ringe-complete-wake-causative;ringe-complete-wake-stative	Actual source-row consultation in the completed relevant Chapter3/4 argument pass; complete PGmc/PNWGmc/PWGmc and OE indexes, aliases and incidental examples screened separately. Preserved inherited evidence links plus cited supplemental arguments; see applicability.tsv.	Preserve source form/cell, local dated label or its absence, reported/conditional alternatives, and lexical/family/component distinctions. Exact original glyph certification is not inferred from token presence. Selected wacan is not simply wæcnan fientive, weċċan causative or wacian stative; family cells are kept separate.
2270	Ringe2017	evidence_found	ringe-system-warp-1;ringe-system-warp-2;ringe-system-warp-3;ringe-system-warp-4;ringe-complete-warp	Read complete PGmc phonology241-260 and inflectional opening260-266; verified originals249/252. Applicable quotations: 252 (strong class III; infinitive), 252 (strong class III; present indicative 3sg), 252 (strong class III; past indicative 3sg), 252 (strong class III; past indicative 3pl). [Complete-pass supplement: Actual source-row consultation in the completed relevant Chapter3/4 argument pass; complete PGmc/PNWGmc/PWGmc and OE indexes, aliases and incidental examples screened separately. Preserved inherited evidence links plus cited supplemental arguments; see applicability.tsv.]	Supplementary forms retain distinct roots, stems and cells. Only explicitly labelled stages are assigned; conditional proposals remain conditional. Further book reading and inter-author alignment are incomplete. [Complete-pass supplement: Preserve source form/cell, local dated label or its absence, reported/conditional alternatives, and lexical/family/component distinctions. Exact original glyph certification is not inferred from token presence. No selected-cell equivalence inferred from a citation alone.]
2273	Ringe2017	evidence_found	ringe-complete-wasp	Actual source-row consultation in the completed relevant Chapter3/4 argument pass; complete PGmc/PNWGmc/PWGmc and OE indexes, aliases and incidental examples screened separately. Preserved inherited evidence links plus cited supplemental arguments; see applicability.tsv.	Preserve source form/cell, local dated label or its absence, reported/conditional alternatives, and lexical/family/component distinctions. Exact original glyph certification is not inferred from token presence. No selected-cell equivalence inferred from a citation alone.
2274	Ringe2017	evidence_found	ringe-complete-water;ringe-complete-water-gen;ringe-complete-water-gen-alt;ringe-complete-water-dat;ringe-complete-water-west;ringe-complete-water-fire-collective	Actual source-row consultation in the completed relevant Chapter3/4 argument pass; complete PGmc/PNWGmc/PWGmc and OE indexes, aliases and incidental examples screened separately. Preserved inherited evidence links plus cited supplemental arguments; see applicability.tsv.	Preserve source form/cell, local dated label or its absence, reported/conditional alternatives, and lexical/family/component distinctions. Exact original glyph certification is not inferred from token presence. No selected-cell equivalence inferred from a citation alone.
2276	Ringe2017	evidence_found	ringe-complete-grow	Actual source-row consultation in the completed relevant Chapter3/4 argument pass; complete PGmc/PNWGmc/PWGmc and OE indexes, aliases and incidental examples screened separately. Preserved inherited evidence links plus cited supplemental arguments; see applicability.tsv.	Preserve source form/cell, local dated label or its absence, reported/conditional alternatives, and lexical/family/component distinctions. Exact original glyph certification is not inferred from token presence. No selected-cell equivalence inferred from a citation alone.
2278	Ringe2017	evidence_found	ringe-complete-weapon	Actual source-row consultation in the completed relevant Chapter3/4 argument pass; complete PGmc/PNWGmc/PWGmc and OE indexes, aliases and incidental examples screened separately. Preserved inherited evidence links plus cited supplemental arguments; see applicability.tsv.	Preserve source form/cell, local dated label or its absence, reported/conditional alternatives, and lexical/family/component distinctions. Exact original glyph certification is not inferred from token presence. No selected-cell equivalence inferred from a citation alone.
2281	Ringe2017	evidence_found	ringe-complete-weave	Actual source-row consultation in the completed relevant Chapter3/4 argument pass; complete PGmc/PNWGmc/PWGmc and OE indexes, aliases and incidental examples screened separately. Preserved inherited evidence links plus cited supplemental arguments; see applicability.tsv.	Preserve source form/cell, local dated label or its absence, reported/conditional alternatives, and lexical/family/component distinctions. Exact original glyph certification is not inferred from token presence. No selected-cell equivalence inferred from a citation alone.
2285	Ringe2017	evidence_found	ringe-complete-while	Actual source-row consultation in the completed relevant Chapter3/4 argument pass; complete PGmc/PNWGmc/PWGmc and OE indexes, aliases and incidental examples screened separately. Preserved inherited evidence links plus cited supplemental arguments; see applicability.tsv.	Preserve source form/cell, local dated label or its absence, reported/conditional alternatives, and lexical/family/component distinctions. Exact original glyph certification is not inferred from token presence. No selected-cell equivalence inferred from a citation alone.
2288	Ringe2017	evidence_found	ringe-complete-widow	Actual source-row consultation in the completed relevant Chapter3/4 argument pass; complete PGmc/PNWGmc/PWGmc and OE indexes, aliases and incidental examples screened separately. Preserved inherited evidence links plus cited supplemental arguments; see applicability.tsv.	Preserve source form/cell, local dated label or its absence, reported/conditional alternatives, and lexical/family/component distinctions. Exact original glyph certification is not inferred from token presence. No selected-cell equivalence inferred from a citation alone.
2292	Ringe2017	evidence_found	ringe-complete-will-verb;ringe-complete-will-optative	Actual source-row consultation in the completed relevant Chapter3/4 argument pass; complete PGmc/PNWGmc/PWGmc and OE indexes, aliases and incidental examples screened separately. Preserved inherited evidence links plus cited supplemental arguments; see applicability.tsv.	Preserve source form/cell, local dated label or its absence, reported/conditional alternatives, and lexical/family/component distinctions. Exact original glyph certification is not inferred from token presence. Boiling wulaną is neither will verb nor will noun; accepted wiljaną/wilī- passages219/294 control review.
2293	Ringe2017	evidence_found	ringe-complete-will-optative	Actual source-row consultation in the completed relevant Chapter3/4 argument pass; complete PGmc/PNWGmc/PWGmc and OE indexes, aliases and incidental examples screened separately. Preserved inherited evidence links plus cited supplemental arguments; see applicability.tsv.	Preserve source form/cell, local dated label or its absence, reported/conditional alternatives, and lexical/family/component distinctions. Exact original glyph certification is not inferred from token presence. Will noun has only verbal family evidence, not a quoted nominal citation; boiling wulaną excluded.
2294	Ringe2017	evidence_found	ringe-complete-wind-causative	Actual source-row consultation in the completed relevant Chapter3/4 argument pass; complete PGmc/PNWGmc/PWGmc and OE indexes, aliases and incidental examples screened separately. Preserved inherited evidence links plus cited supplemental arguments; see applicability.tsv.	Preserve source form/cell, local dated label or its absence, reported/conditional alternatives, and lexical/family/component distinctions. Exact original glyph certification is not inferred from token presence. Windaz wind noun is not selected windan winding verb; retain only actual related causative lead.
2298	Ringe2017	evidence_found	ringe-complete-wolf	Actual source-row consultation in the completed relevant Chapter3/4 argument pass; complete PGmc/PNWGmc/PWGmc and OE indexes, aliases and incidental examples screened separately. Preserved inherited evidence links plus cited supplemental arguments; see applicability.tsv.	Preserve source form/cell, local dated label or its absence, reported/conditional alternatives, and lexical/family/component distinctions. Exact original glyph certification is not inferred from token presence. No selected-cell equivalence inferred from a citation alone.
2300	Ringe2017	evidence_found	ringe-system-wool-nom;ringe-system-wool-acc;ringe-complete-wool-nom;ringe-complete-wool-acc	Read complete PGmc phonology241-260 and inflectional opening260-266; verified originals249/252. Applicable quotations: 242 (nominative singular), 243 (accusative singular). [Complete-pass supplement: Actual source-row consultation in the completed relevant Chapter3/4 argument pass; complete PGmc/PNWGmc/PWGmc and OE indexes, aliases and incidental examples screened separately. Preserved inherited evidence links plus cited supplemental arguments; see applicability.tsv.]	Supplementary forms retain distinct roots, stems and cells. Only explicitly labelled stages are assigned; conditional proposals remain conditional. Further book reading and inter-author alignment are incomplete. [Complete-pass supplement: Preserve source form/cell, local dated label or its absence, reported/conditional alternatives, and lexical/family/component distinctions. Exact original glyph certification is not inferred from token presence. Selected wool nominative differs from authorial accusative wullǭ.]
2301	Ringe2017	evidence_found	ringe-complete-word	Actual source-row consultation in the completed relevant Chapter3/4 argument pass; complete PGmc/PNWGmc/PWGmc and OE indexes, aliases and incidental examples screened separately. Preserved inherited evidence links plus cited supplemental arguments; see applicability.tsv.	Preserve source form/cell, local dated label or its absence, reported/conditional alternatives, and lexical/family/component distinctions. Exact original glyph certification is not inferred from token presence. Ordinary English word generates false hits; actual PGmc wurdą passage123 controls identity.
2302	Ringe2017	evidence_found	ringe-complete-world-component;ringe-complete-world-old-component	Actual source-row consultation in the completed relevant Chapter3/4 argument pass; complete PGmc/PNWGmc/PWGmc and OE indexes, aliases and incidental examples screened separately. Preserved inherited evidence links plus cited supplemental arguments; see applicability.tsv.	Preserve source form/cell, local dated label or its absence, reported/conditional alternatives, and lexical/family/component distinctions. Exact original glyph certification is not inferred from token presence. Ordinary old and person words generate false hits; only identified component leads wiraz97 and probable aldaz317 are recorded.
2303	Ringe2017	evidence_found	ringe-complete-worm	Actual source-row consultation in the completed relevant Chapter3/4 argument pass; complete PGmc/PNWGmc/PWGmc and OE indexes, aliases and incidental examples screened separately. Preserved inherited evidence links plus cited supplemental arguments; see applicability.tsv.	Preserve source form/cell, local dated label or its absence, reported/conditional alternatives, and lexical/family/component distinctions. Exact original glyph certification is not inferred from token presence. No selected-cell equivalence inferred from a citation alone.
2307	Ringe2017	evidence_found	ringe-complete-yoke	Actual source-row consultation in the completed relevant Chapter3/4 argument pass; complete PGmc/PNWGmc/PWGmc and OE indexes, aliases and incidental examples screened separately. Preserved inherited evidence links plus cited supplemental arguments; see applicability.tsv.	Preserve source form/cell, local dated label or its absence, reported/conditional alternatives, and lexical/family/component distinctions. Exact original glyph certification is not inferred from token presence. No selected-cell equivalence inferred from a citation alone.
2313	Ringe2017	evidence_found	ringe-system-learn-no;ringe-system-learn-na;ringe-complete-learn-no;ringe-complete-learn-na	Read complete PGmc phonology241-260 and inflectional opening260-266; verified originals249/252. Applicable quotations: 246 (fientive present-stem alternant), 246 (fientive present-stem alternant). [Complete-pass supplement: Actual source-row consultation in the completed relevant Chapter3/4 argument pass; complete PGmc/PNWGmc/PWGmc and OE indexes, aliases and incidental examples screened separately. Preserved inherited evidence links plus cited supplemental arguments; see applicability.tsv.]	Supplementary forms retain distinct roots, stems and cells. Only explicitly labelled stages are assigned; conditional proposals remain conditional. Further book reading and inter-author alignment are incomplete. [Complete-pass supplement: Preserve source form/cell, local dated label or its absence, reported/conditional alternatives, and lexical/family/component distinctions. Exact original glyph certification is not inferred from token presence. No selected-cell equivalence inferred from a citation alone.]
2314	Ringe2017	evidence_found	ringe-system-learn-no;ringe-system-learn-na;ringe-complete-learn-no;ringe-complete-learn-na	Read complete PGmc phonology241-260 and inflectional opening260-266; verified originals249/252. Applicable quotations: 246 (fientive present-stem alternant), 246 (fientive present-stem alternant). [Complete-pass supplement: Actual source-row consultation in the completed relevant Chapter3/4 argument pass; complete PGmc/PNWGmc/PWGmc and OE indexes, aliases and incidental examples screened separately. Preserved inherited evidence links plus cited supplemental arguments; see applicability.tsv.]	Supplementary forms retain distinct roots, stems and cells. Only explicitly labelled stages are assigned; conditional proposals remain conditional. Further book reading and inter-author alignment are incomplete. [Complete-pass supplement: Preserve source form/cell, local dated label or its absence, reported/conditional alternatives, and lexical/family/component distinctions. Exact original glyph certification is not inferred from token presence. No selected-cell equivalence inferred from a citation alone.]
2322	Ringe2017	evidence_found	ringe-complete-who-table	Actual source-row consultation in the completed relevant Chapter3/4 argument pass; complete PGmc/PNWGmc/PWGmc and OE indexes, aliases and incidental examples screened separately. Preserved inherited evidence links plus cited supplemental arguments; see applicability.tsv.	Preserve source form/cell, local dated label or its absence, reported/conditional alternatives, and lexical/family/component distinctions. Exact original glyph certification is not inferred from token presence. No selected-cell equivalence inferred from a citation alone.
2326	Ringe2017	evidence_found	ringe-complete-you-oblique;ringe-complete-you-nom	Actual source-row consultation in the completed relevant Chapter3/4 argument pass; complete PGmc/PNWGmc/PWGmc and OE indexes, aliases and incidental examples screened separately. Preserved inherited evidence links plus cited supplemental arguments; see applicability.tsv.	Preserve source form/cell, local dated label or its absence, reported/conditional alternatives, and lexical/family/component distinctions. Exact original glyph certification is not inferred from token presence. Selected ēow is oblique izwiz, not nominative jūz.
2327	Ringe2017	evidence_found	ringe-complete-head-wounded-gothic;ringe-complete-wound-inf-image;ringe-complete-wound-base-noun-image;ringe-complete-wound-base-adjective-image;ringe-complete-wound-quantity	Actual source-row consultation in the completed relevant Chapter3/4 argument pass; complete PGmc/PNWGmc/PWGmc and OE indexes, aliases and incidental examples screened separately. Preserved inherited evidence links plus cited supplemental arguments; see applicability.tsv.	Preserve source form/cell, local dated label or its absence, reported/conditional alternatives, and lexical/family/component distinctions. Exact original glyph certification is not inferred from token presence. Selected wound is finite past, not a reconstructed trimoric present or noun citation.
2328	Ringe2017	evidence_found	ringe-complete-sow;ringe-complete-sow-past	Actual source-row consultation in the completed relevant Chapter3/4 argument pass; complete PGmc/PNWGmc/PWGmc and OE indexes, aliases and incidental examples screened separately. Preserved inherited evidence links plus cited supplemental arguments; see applicability.tsv.	Preserve source form/cell, local dated label or its absence, reported/conditional alternatives, and lexical/family/component distinctions. Exact original glyph certification is not inferred from token presence. No selected-cell equivalence inferred from a citation alone.
2330	Ringe2017	evidence_found	ringe-complete-think;ringe-complete-thought-participle;ringe-complete-thought-finite	Actual source-row consultation in the completed relevant Chapter3/4 argument pass; complete PGmc/PNWGmc/PWGmc and OE indexes, aliases and incidental examples screened separately. Preserved inherited evidence links plus cited supplemental arguments; see applicability.tsv.	Preserve source form/cell, local dated label or its absence, reported/conditional alternatives, and lexical/family/component distinctions. Exact original glyph certification is not inferred from token presence. No selected-cell equivalence inferred from a citation alone.
2332	Ringe2017	discussion_only	raising-ringe-high-front	High-front raising151-153 and j-loss premises154-155 read; distinguish general raising from Ringe-Taylor's direct hue reconstruction250. [Complete-pass supplement: Actual source-row consultation in the completed relevant Chapter3/4 argument pass; complete PGmc/PNWGmc/PWGmc and OE indexes, aliases and incidental examples screened separately. Preserved inherited evidence links plus cited supplemental arguments; see applicability.tsv.]	A qualified process/date argument, not a second directly quoted whole-word hue form. [Complete-pass supplement: Preserve source form/cell, local dated label or its absence, reported/conditional alternatives, and lexical/family/component distinctions. Exact original glyph certification is not inferred from token presence. No selected-cell equivalence inferred from a citation alone.]
1933	Fulk2018	discussion_only	fulk-complete-adder-length	Identity/cell checked against live393 and full core-source aliases; actual passages in applicability.tsv consulted, complete relevant sections and notes read; original images checked only for explicitly marked quotations.	Gemination before r probably shortened the vowel in the adder alternant. The motivation is obscure because earlier forms were never uninflected; paradigm mixture is entertained, not established.
1934	Fulk2018	discussion_only	fulk-complete-bake-root	Identity/cell checked against live393 and full core-source aliases; actual passages in applicability.tsv consulted, complete relevant sections and notes read; original images checked only for explicitly marked quotations.	Bake illustrates reduced grade of a laryngeal root. The source root account and strong-class development are not whole-word PGmc quotations; laryngeal/vowel representation needs its own evidence before equivalence is asserted.
1941	Fulk2018	evidence_found	fulk-complete-beaver-stem;fulk-complete-index-beaver;fulk-alignment-beaver-pgmc;fulk-alignment-beaver-oe	Identity/cell checked against live393 and full core-source aliases; actual passages in applicability.tsv consulted, complete relevant sections and notes read; original images checked only for explicitly marked quotations.	The beaver example supplies a stem with an internal consonant group; its vocalism belongs to the particular comparative account, not a general licence to replace corpus e by i. Literal PGmc-index quotation; entry directs to §4.8. The corresponding relevant chapters were read. The index's language heading classifies the displayed representation, not a separately established dated selected endpoint; endorsement, alternatives and passage qualifications remain independent. No star is added to the starless index and no ending is stripped.
1942	Fulk2018	discussion_only	fulk-complete-beech-book-family	Identity/cell checked against live393 and full core-source aliases; actual passages in applicability.tsv consulted, complete relevant sections and notes read; original images checked only for explicitly marked quotations.	The inspected paradigm is explicitly book. Sharing bōc and a lexical family does not make its book cells a selected beech reconstruction. This consultation records the family/identity boundary, not a silent author assignment to the tree noun.
1947	Fulk2018	evidence_found	fulk-complete-offer-paradigm;fulk-complete-index-offer	Identity/cell checked against live393 and full core-source aliases; actual passages in applicability.tsv consulted, complete relevant sections and notes read; original images checked only for explicitly marked quotations.	Offer has a comparative paradigm with bēodan, bēod, bīet(t) and boden. The absent selected target must not be replaced by a newly constructed carry row or by ask biddan. Literal PGmc-index quotation; entry directs to §4.14. The corresponding relevant chapters were read. The index's language heading classifies the displayed representation, not a separately established dated selected endpoint; endorsement, alternatives and passage qualifications remain independent. No star is added to the starless index and no ending is stripped.
1948	Fulk2018	discussion_only	fulk-complete-ask-j-present	Identity/cell checked against live393 and full core-source aliases; actual passages in applicability.tsv consulted, complete relevant sections and notes read; original images checked only for explicitly marked quotations.	Ask biddan is a j-present example. It is not the offer bēodan family, and the absent target marker in the live corpus does not erase this true-etymon applicability.
1955	Fulk2018	evidence_found	fulk-complete-book-cells;fulk-complete-book-plural-p64;fulk-alignment-book-nominative	Identity/cell checked against live393 and full core-source aliases; actual passages in applicability.tsv consulted, complete relevant sections and notes read; original images checked only for explicitly marked quotations.	Plural bēc is an umlauted cell and the noun paradigm contains genitive/dative bēc beside later analogical forms. Neither the plural citation nor a reconstructed plural ending independently validates corpus nominative-like *bōkz. The plural example is not a reconstructed selected singular citation *bōkz. Alignment supplement (166): OE book nominative singular; explicitly tabulated selected cell; retained verification and selected-cell limits.
1957	Fulk2018	evidence_found	fulk-complete-bosom-counterexample;fulk-complete-bosom-stem-p114	Identity/cell checked against live393 and full core-source aliases; actual passages in applicability.tsv consulted, complete relevant sections and notes read; original images checked only for explicitly marked quotations.	Bosom is a counterexample to a general sm to mm account. Fulk allows that such counterexamples might themselves be WGmc innovations; the root-stem spelling is not sufficient to settle PGmc membership. The counterexamples might be WGmc innovations. No precise PGmc membership is inferred from the heading.
1958	Fulk2018	evidence_found	fulk-complete-both-cow;fulk-complete-both-compound;fulk-complete-index-both-stem;fulk-alignment-both-base;fulk-alignment-both-pronoun;fulk-alignment-both-neuter	Identity/cell checked against live393 and full core-source aliases; actual passages in applicability.tsv consulted, complete relevant sections and notes read; original images checked only for explicitly marked quotations.	Final stressed wō may produce ū. Cow forms have competing phonological, paradigm-alternant and analogical explanations; neuter both bū can be analogical to two. Cow's selected cȳ must not be silently substituted with the nominative cū or a root stem. The customary analysis of bēgen involves a compound of bō and a jen-element, with Seebold's objections recorded. Selected neuter bū is a different paradigm unit, so the compound must not be treated as its full PGmc form. Literal PGmc-index quotation; entry directs to §10.1. The corresponding relevant chapters were read. The index's language heading classifies the displayed representation, not a separately established dated selected endpoint; endorsement, alternatives and passage qualifications remain independent. No star is added to the starless index and no ending is stripped. Supplement (223): reported compound base for masculine both; local date not repeated. Supplement (223): reported pronominal compound component, not neuter both. Supplement (223): explicit OE neuter nom.-acc. both.
1959	Fulk2018	discussion_only	fulk-complete-bottom-parasiting	Identity/cell checked against live393 and full core-source aliases; actual passages in applicability.tsv consulted, complete relevant sections and notes read; original images checked only for explicitly marked quotations.	The bottom example belongs to vowel parasiting and treatment of postconsonantal sonorants. An explanatory syllable or spelling is not proof of an inherited selected full-word ending. Chapter5 also distinguishes quantitative ending hypotheses from metrical syllabicity.
1961	Fulk2018	evidence_found	fulk-complete-bow-umlaut;fulk-complete-bow-p64;fulk-alignment-causative-ws;fulk-alignment-causative-anglian	Identity/cell checked against live393 and full core-source aliases; actual passages in applicability.tsv consulted, complete relevant sections and notes read; original images checked only for explicitly marked quotations.	The quoted bend infinitive has a PGmc causative formation and a root diphthong subject to umlaut. It is neither the strong bow verb nor the bow noun. The author's infinitive suffix is retained, not stripped to equate different words. Explicit PGmc quotation before OE bīegan. Gamma-like printed ʒ and final superscript n are preserved; not a bow noun. Individual alignment:1961 is the weak causative; strong infinitive is family evidence. Supplement (64): OE weak bend infinitive. Supplement (64): Anglian weak bend infinitive.
1967	Fulk2018	evidence_found	fulk-complete-help-break-participles;fulk-complete-index-break-stem;fulk-complete-index-break-participle;alignment-break-expected-ur;alignment-breach-remodelled;alignment-breach-expected	Identity/cell checked against live393 and full core-source aliases; actual passages in applicability.tsv consulted, complete relevant sections and notes read; original images checked only for explicitly marked quotations.	Help holpen versus helpan and break participle u/o distributions involve lowering, analogy and possible nasal formation. Fulk distinguishes phonemic e from allophonic o; this is not a notation convention equating every e/i or u/o word. Literal PGmc-index quotation; entry directs to §3.6 n.1. The corresponding relevant chapters were read. The index's language heading classifies the displayed representation, not a separately established dated selected endpoint; endorsement, alternatives and passage qualifications remain independent. No star is added to the starless index and no ending is stripped. Literal PGmc-index quotation; entry directs to §12.31 n.3. The corresponding relevant chapters were read. The index's language heading classifies the displayed representation, not a separately established dated selected endpoint; endorsement, alternatives and passage qualifications remain independent. No star is added to the starless index and no ending is stripped. Individually read supplement (290): expected original PGmc past participle before metathesis. Individually read supplement (53): breach derivative with remodelled ru. Individually read supplement (53): expected ur in breach derivative before analogy.
1970	Fulk2018	evidence_found	fulk-complete-index-bride;alignment-bride-pgmc;alignment-bride-oe	Identity/cell checked against live393 and full core-source aliases; actual passages in applicability.tsv consulted, complete relevant sections and notes read; original images checked only for explicitly marked quotations.	Literal PGmc-index quotation; entry directs to §4.7,5.6. The corresponding relevant chapters were read. The index's language heading classifies the displayed representation, not a separately established dated selected endpoint; endorsement, alternatives and passage qualifications remain independent. No star is added to the starless index and no ending is stripped. Individually read supplement (65,92): explicit PGmc bride citation. Individually read supplement (92): OE bride singular after mutation and high-vowel loss.
1971	Fulk2018	discussion_only	fulk-complete-thought-nasal	Identity/cell checked against live393 and full core-source aliases; actual passages in applicability.tsv consulted, complete relevant sections and notes read; original images checked only for explicitly marked quotations.	Loss before a voiceless fricative with nasalization/compensatory lengthening and later NSGmc vowel outcomes belongs to the bring/thought account. The selected thought cell is a preterite, whereas bring is an infinitive. Dental formation and the absence of connecting i must be kept distinct from a quoted whole-word reconstruction.
1972	Fulk2018	evidence_found	fulk-complete-aorist-presents;fulk-complete-index-brook-3sg;alignment-brook-pgmc-3sg;alignment-brook-oe-3sg	Identity/cell checked against live393 and full core-source aliases; actual passages in applicability.tsv consulted, complete relevant sections and notes read; original images checked only for explicitly marked quotations.	Brook, shove and sup illustrate aorist-present explanations, strong versus weak grade, and analogical long ū. Selected shove scēaf is not source scūfan/scēofan infinitive. Competing accounts do not amount to a blanket grade merger. Literal PGmc-index quotation; entry directs to §4.7. The corresponding relevant chapters were read. The index's language heading classifies the displayed representation, not a separately established dated selected endpoint; endorsement, alternatives and passage qualifications remain independent. No star is added to the starless index and no ending is stripped. Individually read supplement (64): brook present third singular, not selected infinitive. Individually read supplement (64): brook present third singular, not selected infinitive.
1975	Fulk2018	discussion_only	fulk-complete-calf-s-stem;alignment-calf-fulk-singular;alignment-calf-fulk-plural;alignment-calf-fulk-gen-pl;alignment-calf-fulk-dat-pl;alignment-calf-merc-singular;alignment-calf-merc-plural;alignment-calf-merc-genitive;alignment-calf-merc-plural-note	Identity/cell checked against live393 and full core-source aliases; actual passages in applicability.tsv consulted, complete relevant sections and notes read; original images checked only for explicitly marked quotations.	Calf has cealf and plural cealfru, with Anglian alternants cælf/calfur. Germanic s-stems are exclusively neuter; the o/e suffix distributions and quantity do not directly endorse the corpus masculine a-stem-like input. Family and attested-cell evidence must precede a disagreement claim. Individually read supplement (176): OE neuter calf singular. Individually read supplement (176): OE calf NOM.-ACC.PL. Individually read supplement (176): OE calf GEN.PL. Individually read supplement (176): OE calf DAT.PL. Individually read supplement (176): Mercian calf singular with mutation. Individually read supplement (176): Mercian calf plural, not identically written genitive. Individually read supplement (177): Mercian calf GEN.SG, distinct from plural calfur. Individually read supplement (178): Mercian calf NOM.-ACC.PL in syllabification objection.
1977	Fulk2018	discussion_only	fulk-complete-climb-infix	Identity/cell checked against live393 and full core-source aliases; actual passages in applicability.tsv consulted, complete relevant sections and notes read; original images checked only for explicitly marked quotations.	Climb is a nasal-infix lead in a qualified footnote. The author's present-stem/PIE-root comparison does not settle the full PGmc infinitive ending or prove every consonant as an inherited root segment.
1978	Fulk2018	evidence_found	fulk-complete-comb-causative;fulk-complete-index-comb-verb	Identity/cell checked against live393 and full core-source aliases; actual passages in applicability.tsv consulted, complete relevant sections and notes read; original images checked only for explicitly marked quotations.	Cemban is a causative family member for the comb noun. Causative o-grade contrasts with strong e-grade, but the source verb is not a direct selected noun reconstruction. Literal PGmc-index quotation; entry directs to §12.3. The corresponding relevant chapters were read. The index's language heading classifies the displayed representation, not a separately established dated selected endpoint; endorsement, alternatives and passage qualifications remain independent. No star is added to the starless index and no ending is stripped.
1980	Fulk2018	evidence_found	fulk-complete-both-cow;fulk-complete-cow-root-p72;fulk-complete-index-cow-stem	Identity/cell checked against live393 and full core-source aliases; actual passages in applicability.tsv consulted, complete relevant sections and notes read; original images checked only for explicitly marked quotations.	Final stressed wō may produce ū. Cow forms have competing phonological, paradigm-alternant and analogical explanations; neuter both bū can be analogical to two. Cow's selected cȳ must not be silently substituted with the nominative cū or a root stem. Explicit PGmc stem in a phonological possibility. Superscript w retained. Selected cȳ is a different cell and alternative proposals follow. Literal PGmc-index quotation; entry directs to §4.11. The corresponding relevant chapters were read. The index's language heading classifies the displayed representation, not a separately established dated selected endpoint; endorsement, alternatives and passage qualifications remain independent. No star is added to the starless index and no ending is stripped.
1985	Fulk2018	evidence_found	fulk-complete-day-s-proposal;fulk-complete-index-day;fulk-complete-index-day-acc;fulk-complete-index-day-plural;alignment-day-fulk-explicit;alignment-day-fulk-plural-limit	Identity/cell checked against live393 and full core-source aliases; actual passages in applicability.tsv consulted, complete relevant sections and notes read; original images checked only for explicitly marked quotations.	A possible earlier s-stem history for day is Wagner's reported hypothesis. Fulk objects that there is no external evidence of quantitative root ablaut; this is not an adopted change of the selected noun's class. Literal PGmc-index quotation; entry directs to §5.2,7.37 n.5. The corresponding relevant chapters were read. The index's language heading classifies the displayed representation, not a separately established dated selected endpoint; endorsement, alternatives and passage qualifications remain independent. No star is added to the starless index and no ending is stripped. Literal PGmc-index quotation; entry directs to §5.6. The corresponding relevant chapters were read. The index's language heading classifies the displayed representation, not a separately established dated selected endpoint; endorsement, alternatives and passage qualifications remain independent. No star is added to the starless index and no ending is stripped. Literal PGmc-index quotation; entry directs to §6.16. The corresponding relevant chapters were read. The index's language heading classifies the displayed representation, not a separately established dated selected endpoint; endorsement, alternatives and passage qualifications remain independent. No star is added to the starless index and no ending is stripped. Supplement (80): explicit PGmc day citation in final-syllable discussion. Supplement (129): qualified day plural under older final s/z-loss hypothesis.
1986	Fulk2018	evidence_found	fulk-complete-index-deal;alignment-deal-fulk-explicit	Identity/cell checked against live393 and full core-source aliases; actual passages in applicability.tsv consulted, complete relevant sections and notes read; original images checked only for explicitly marked quotations.	Literal PGmc-index quotation; entry directs to §4.7. The corresponding relevant chapters were read. The index's language heading classifies the displayed representation, not a separately established dated selected endpoint; endorsement, alternatives and passage qualifications remain independent. No star is added to the starless index and no ending is stripped. Supplement (65): explicit PGmc deal/portion citation in Frisian front-umlaut example.
1987	Fulk2018	evidence_found	fulk-complete-deed-declension;fulk-complete-deed-ti;fulk-complete-deed-accented-stem	Identity/cell checked against live393 and full core-source aliases; actual passages in applicability.tsv consulted, complete relevant sections and notes read; original images checked only for explicitly marked quotations.	ON dáð has u-mutation resulting from transfer to the ō declension, rather than the expected dæð. The verbal noun formation in ti is a separate PGmc stem/root-unit statement; matching surface vowels does not establish inherited stem-class identity. The PGmc accented deed stem explicitly contains the reflex of a ti verbal-noun suffix. A quoted segmented stem is not an assembled whole nominative with the corpus ending. Quoted segmented accented ti-derived stem, not a full nominative ending assembled from the corpus.
1988	Fulk2018	evidence_found	fulk-complete-index-deer;fulk-complete-index-deer-finnish-comparandum;alignment-deer-fulk-loan;alignment-deer-fulk-retained-i;alignment-deer-fulk-eu;alignment-deer-fulk-i-loss-objection	Identity/cell checked against live393 and full core-source aliases; actual passages in applicability.tsv consulted, complete relevant sections and notes read; original images checked only for explicitly marked quotations.	Literal PGmc-index quotation; entry directs to §4.13. The corresponding relevant chapters were read. The index's language heading classifies the displayed representation, not a separately established dated selected endpoint; endorsement, alternatives and passage qualifications remain independent. No star is added to the starless index and no ending is stripped. Literal PGmc-index quotation; entry directs to §1.7,5.2 n.5. The corresponding relevant chapters were read. The index's language heading classifies the displayed representation, not a separately established dated selected endpoint; endorsement, alternatives and passage qualifications remain independent. No star is added to the starless index and no ending is stripped. Supplement (12): explicit PGmc i-formation leading to Finnish beast and OE dēor. Supplement (81): explicit PGmc i-formation leading to Finnish beast and OE dēor. Supplement (73): explicit PGmc eu deer citation, independently of i-formation. Supplement (81): retained i in Finnish loan contradicts general PGmc heavy-stem i-loss.
1990	Fulk2018	discussion_only	fulk-complete-dill-light-ja;alignment-dill-fulk-corpus;alignment-dill-fulk-accusative	Identity/cell checked against live393 and full core-source aliases; actual passages in applicability.tsv consulted, complete relevant sections and notes read; original images checked only for explicitly marked quotations.	The dill light ja-stem is an actual nominal example. Paradigm spelling and gemination are not evidence that all heavy/light ja-stem forms can be reduced to one unqualified lexical unit. Supplement (153): Corpus Glossary dill citation. Supplement (153): EWS dill ACC.SG, not certainty about original PGmc nominative.
1991	Fulk2018	evidence_found	fulk-complete-do-wgmc;fulk-complete-index-do-infinitive;fulk-complete-index-do-2sg;alignment-do-fulk-explicit-infinitive;alignment-do-fulk-explicit-2sg;alignment-do-fulk-thematic-1sg;alignment-do-fulk-thematic-2sg;alignment-do-fulk-thematic-3sg;alignment-do-fulk-thematic-3pl;alignment-do-fulk-past-do;alignment-do-fulk-past-du	Identity/cell checked against live393 and full core-source aliases; actual passages in applicability.tsv consulted, complete relevant sections and notes read; original images checked only for explicitly marked quotations.	The simple verb do is attested only in WGmc. Competing contraction/stem hypotheses concern ē/ō and dyde/dēdon. OE dōn is metrically disyllabic in early evidence, with a light first syllable; an orthographic long vowel is not a settled inherited monosyllable. Literal PGmc-index quotation; entry directs to §1.9. The corresponding relevant chapters were read. The index's language heading classifies the displayed representation, not a separately established dated selected endpoint; endorsement, alternatives and passage qualifications remain independent. No star is added to the starless index and no ending is stripped. Literal PGmc-index quotation; entry directs to §12.24 n.2. The corresponding relevant chapters were read. The index's language heading classifies the displayed representation, not a separately established dated selected endpoint; endorsement, alternatives and passage qualifications remain independent. No star is added to the starless index and no ending is stripped. Supplement (14): explicit PGmc segmented infinitive; native nasal quote retained. Supplement (276): explicit PGmc verba-pura present2SG. Supplement (332): proposed thematized pre-OE present1SG. Supplement (332): proposed thematized pre-OE present2SG. Supplement (332): proposed thematized pre-OE present3SG. Supplement (332): proposed thematized pre-OE present3PL; native nasal quote retained. Supplement (332): possible analogically formed weak past3SG. Supplement (332): possible lowered/rounded past3SG; heavy/light problem remains.
1999	Fulk2018	discussion_only	fulk-complete-earth-accusative;alignment-earth-fulk-accusative;alignment-earth-fulk-fold-accusative	Identity/cell checked against live393 and full core-source aliases; actual passages in applicability.tsv consulted, complete relevant sections and notes read; original images checked only for explicitly marked quotations.	Northumbrian eorðu and foldu are accusative relics in the feminine weak-noun discussion. They must not be substituted with the selected eorþe citation or treated as the same inherited ending. Supplement (172): Northumbrian earth ACC.SG, not selected nominative. Supplement (172): different earth noun ACC.SG comparandum.
2000	Fulk2018	evidence_found	fulk-complete-eat-irregular;fulk-complete-eat-infinitive;alignment-eat-fulk-preterite	Identity/cell checked against live393 and full core-source aliases; actual passages in applicability.tsv consulted, complete relevant sections and notes read; original images checked only for explicitly marked quotations.	Eat PGmc infinitive and long-vowel preterite are explicitly contrasted, with several interpretations. The preterite's quantity is not the selected infinitive's root or ending. Explicit PGmc quotation contrasted with its irregular preterite; short e retained. Supplement (289-290): PGmc irregular preterite singular, not long infinitive.
2002	Fulk2018	discussion_only	fulk-complete-hold-fall-span;alignment-fall-fulk-infinitive;alignment-fall-fulk-preterite	Identity/cell checked against live393 and full core-source aliases; actual passages in applicability.tsv consulted, complete relevant sections and notes read; original images checked only for explicitly marked quotations.	The OE hold, fall and span verbal paradigms are read with branch-specific vowel shortening and class-VII/VI historical accounts. The span noun is not automatically included as a verb cell. Supplement (290): OE fall infinitive in comparative classVII paradigm. Supplement (290): OE fall preterite; literal native parenthesis and digit retained.
2003	Fulk2018	evidence_found	fulk-complete-fare-class6;fulk-complete-index-fare-infinitive;fulk-complete-index-fare-3sg;alignment-fare-fulk-infinitive;alignment-fare-fulk-past-singular;alignment-fare-fulk-past-plural;alignment-fare-fulk-participle	Identity/cell checked against live393 and full core-source aliases; actual passages in applicability.tsv consulted, complete relevant sections and notes read; original images checked only for explicitly marked quotations.	Fare class-VI a vocalism has more than one possible origin; preterite analogy is probable rather than a settled etymology. The comparative principal-parts paradigm preserves different cells, not one uninflected stem. Literal PGmc-index quotation; entry directs to §5.3,4.7,5.2. The corresponding relevant chapters were read. The index's language heading classifies the displayed representation, not a separately established dated selected endpoint; endorsement, alternatives and passage qualifications remain independent. No star is added to the starless index and no ending is stripped. Literal PGmc-index quotation; entry directs to §4.7,5.2. The corresponding relevant chapters were read. The index's language heading classifies the displayed representation, not a separately established dated selected endpoint; endorsement, alternatives and passage qualifications remain independent. No star is added to the starless index and no ending is stripped. Supplement (289): actual OE fare infinitive. Supplement (289): actual OE fare past singular. Supplement (289): actual OE fare default past plural. Supplement (289): actual OE fare past participle.
2005	Fulk2018	evidence_found	fulk-complete-r-stem-father;fulk-complete-index-father;fulk-complete-index-father-stem;alignment-father-fulk-plural;alignment-father-fulk-genitive;alignment-father-fulk-anglian-genitive;alignment-father-fulk-dative	Identity/cell checked against live393 and full core-source aliases; actual passages in applicability.tsv consulted, complete relevant sections and notes read; original images checked only for explicitly marked quotations.	Father r-stem inflection includes a-stem genitive/plural analogical forms. Paradigm cells, root accent, voiced dental and ending quantity cannot be compressed into one selected full PGmc form. Literal PGmc-index quotation; entry directs to §4.7,5.3,5.5. The corresponding relevant chapters were read. The index's language heading classifies the displayed representation, not a separately established dated selected endpoint; endorsement, alternatives and passage qualifications remain independent. No star is added to the starless index and no ending is stripped. Supplement (174-175): OE analogical a-stem father NOM/ACC.PL. Supplement (174-175): OE analogical a-stem father GEN.SG. Supplement (174-175): Mercian father GEN.SG with different suffix vowel. Supplement (174-175): Northumbrian father DAT.SG umlauted variant.
2006	Fulk2018	evidence_found	fulk-complete-fee-u-gender;fulk-complete-index-fee	Identity/cell checked against live393 and full core-source aliases; actual passages in applicability.tsv consulted, complete relevant sections and notes read; original images checked only for explicitly marked quotations.	Fee is a neuter u-stem example. Stem class, neuter gender, final-vowel history and the selected citation are independent questions; root identity alone does not settle the inflection. Literal PGmc-index quotation; entry directs to §5.2. The corresponding relevant chapters were read. The index's language heading classifies the displayed representation, not a separately established dated selected endpoint; endorsement, alternatives and passage qualifications remain independent. No star is added to the starless index and no ending is stripped.
2007	Fulk2018	evidence_found	fulk-complete-index-fell-infix;fulk-complete-index-fell-stem;alignment-fell-fulk-pie-nasal;alignment-fell-fulk-germanic-nasal;alignment-fell-fulk-oe	Identity/cell checked against live393 and full core-source aliases; actual passages in applicability.tsv consulted, complete relevant sections and notes read; original images checked only for explicitly marked quotations.	Literal PGmc-index quotation; entry directs to §6.8. The corresponding relevant chapters were read. The index's language heading classifies the displayed representation, not a separately established dated selected endpoint; endorsement, alternatives and passage qualifications remain independent. No star is added to the starless index and no ending is stripped. Supplement (113): PIE hide nasal formation. Supplement (113): explicit PGmc hide stem before ln assimilation. Supplement (113): actual OE hide citation, not falling verb.
2010	Fulk2018	evidence_found	fulk-complete-index-fight;alignment-fight-fulk-body	Identity/cell checked against live393 and full core-source aliases; actual passages in applicability.tsv consulted, complete relevant sections and notes read; original images checked only for explicitly marked quotations.	Literal PGmc-index quotation; entry directs to §4.13. The corresponding relevant chapters were read. The index's language heading classifies the displayed representation, not a separately established dated selected endpoint; endorsement, alternatives and passage qualifications remain independent. No star is added to the starless index and no ending is stripped. Supplement (74): native corrupted body fight infinitive; independently represented from glyph-verified index.
2011	Fulk2018	discussion_only	fulk-complete-find-verner;alignment-find-fulk-participial-formation	Identity/cell checked against live393 and full core-source aliases; actual passages in applicability.tsv consulted, complete relevant sections and notes read; original images checked only for explicitly marked quotations.	Verner alternations are supported by preterite-singular/plural comparisons in the find family. The selected fundene is a participle, not the infinitive or a preterite. Strong passive-participle suffix and adjectival inflection require separate comparison units. Supplement (253,284-285,287-288): passive verbal adjective formation, suffixes and ordinary adjective inflection.
2013	Fulk2018	discussion_only	fulk-complete-fire-heteroclisis;fulk-complete-fire-oe-citation	Identity/cell checked against live393 and full core-source aliases; actual passages in applicability.tsv consulted, complete relevant sections and notes read; original images checked only for explicitly marked quotations.	East/North Germanic n-stem forms contrast with WGmc r-stem forms for fire. OE fȳr is a citation, whereas the selected fȳre is dative. The shared heteroclitic prehistory does not authorize constructing its missing selected PGmc ending. OE citation in the WGmc r-stem account; its missing selected ending is not supplied.
2015	Fulk2018	evidence_found	fulk-complete-fist-nasal;fulk-complete-index-fist;fulk-complete-index-fist-nasal;alignment-fist-fulk-damp-earlier;alignment-fist-fulk-damp-later-native;alignment-fist-fulk-damp-oe	Identity/cell checked against live393 and full core-source aliases; actual passages in applicability.tsv consulted, complete relevant sections and notes read; original images checked only for explicitly marked quotations.	Corrected actual reading of Fulk55,387: the former fist index match is the damp adjective fūht. The consultation retains generic PGmc nasal-loss evidence and its explicitly identified damp comparanda. No quoted selected fist cell or independently complete fist ancestry is claimed. Supplement (55): damp adjective comparandum, explicitly not fist. Supplement (55): damp adjective comparandum, explicitly not fist. Supplement (55): damp adjective comparandum, explicitly not fist.
2021	Fulk2018	evidence_found	fulk-complete-flood-tu;fulk-complete-flood-accented-stem	Identity/cell checked against live393 and full core-source aliases; actual passages in applicability.tsv consulted, complete relevant sections and notes read; original images checked only for explicitly marked quotations.	The PGmc accented flood stem is derived with tu, separately from the ti formation of deed. Long root vowel, stem segmentation, accented suffix and full-word ending must remain separate. Quoted accented tu stem; stem/root quantity and full-word ending remain independent.
2022	Fulk2018	evidence_found	fulk-complete-index-fly-preterite;fulk-complete-index-fly-finite;alignment-fly-fulk-norse-earlier;alignment-fly-fulk-norse-devoiced;alignment-fly-fulk-norse-long;alignment-fly-fulk-norse-endpoint;alignment-fly-fulk-finite-native;alignment-fly-fulk-contracted-native	Identity/cell checked against live393 and full core-source aliases; actual passages in applicability.tsv consulted, complete relevant sections and notes read; original images checked only for explicitly marked quotations.	Literal PGmc-index quotation; entry directs to §4.9. The corresponding relevant chapters were read. The index's language heading classifies the displayed representation, not a separately established dated selected endpoint; endorsement, alternatives and passage qualifications remain independent. No star is added to the starless index and no ending is stripped. Literal PGmc-index quotation; entry directs to §12.43. The corresponding relevant chapters were read. The index's language heading classifies the displayed representation, not a separately established dated selected endpoint; endorsement, alternatives and passage qualifications remain independent. No star is added to the starless index and no ending is stripped. Supplement (70): Norse flew preterite development; precise earlier endpoint date independently unspecified. Supplement (70): Norse flew preterite development; precise earlier endpoint date independently unspecified. Supplement (70): Norse flew preterite development; precise earlier endpoint date independently unspecified. Supplement (70): Norse flew preterite development; precise earlier endpoint date independently unspecified. Supplement (307): source-glossed flies h-type comparative cell; selected g-type identity not established. Supplement (307): source-glossed flies h-type comparative cell; selected g-type identity not established.
2029	Fulk2018	evidence_found	fulk-complete-four-paradigm;fulk-complete-four-stiles-nomacc;fulk-complete-four-stiles-genitive;fulk-complete-four-stiles-dative;alignment-four-fulk-wgmc;alignment-four-fulk-dental;alignment-four-fulk-traditional-ie;alignment-four-fulk-traditional-assimilated;alignment-four-fulk-traditional-labial;alignment-four-fulk-traditional-voiceless;alignment-four-fulk-traditional-voiced;alignment-four-fulk-oe-nomacc;alignment-four-fulk-oe-genitive;alignment-four-fulk-oe-dative;alignment-four-routes-paradigm-and-relative-quantity	Identity/cell checked against live393 and full core-source aliases; actual passages in applicability.tsv consulted, complete relevant sections and notes read; original images checked only for explicitly marked quotations.	Stiles' reconstruction separates nominative/accusative, genitive and dative stems. Fulk finds a WGmc route from the attested/common stem more economical than the traditional pre-Grimm consonantal alteration. Reporting the full paradigm does not endorse its every cell at identical confidence. Synthesizing the reconstructions, Stiles concludes this paradigm; named attribution and cell preserved. Circumflex trimoric ô and superscript nasal are retained, not transcribed as ordinary ō or added to the nominative. Different stem and cell from nominative; no ending stripping. Supplement (224): four WGmc-route or reported traditional-route stem; no whole paradigm assembled. Supplement (224): four WGmc-route or reported traditional-route stem; no whole paradigm assembled. Supplement (224): four WGmc-route or reported traditional-route stem; no whole paradigm assembled. Supplement (224): four WGmc-route or reported traditional-route stem; no whole paradigm assembled. Supplement (224): four WGmc-route or reported traditional-route stem; no whole paradigm assembled. Supplement (224): four WGmc-route or reported traditional-route stem; no whole paradigm assembled. Supplement (224): four WGmc-route or reported traditional-route stem; no whole paradigm assembled. Supplement (225): OE inflected nominative/accusative four when predicative/substantive. Supplement (225): OE inflected genitive four. Supplement (225): OE inflected dative four. Supplement (224-225): scoped source argument, not a quoted selected whole word.
2032	Fulk2018	evidence_found	fulk-complete-index-freeze;alignment-freeze-fulk-native;alignment-freeze-fulk-oe	Identity/cell checked against live393 and full core-source aliases; actual passages in applicability.tsv consulted, complete relevant sections and notes read; original images checked only for explicitly marked quotations.	Literal PGmc-index quotation; entry directs to §4.13. The corresponding relevant chapters were read. The index's language heading classifies the displayed representation, not a separately established dated selected endpoint; endorsement, alternatives and passage qualifications remain independent. No star is added to the starless index and no ending is stripped. Supplement (73): explicit PGmc freeze infinitive; native double-quote ending retained, not restored to index superscript. Supplement (73): actual OE freeze infinitive.
2033	Fulk2018	evidence_found	fulk-complete-friend-nd;fulk-complete-index-friend-stem;alignment-friend-fulk-body-stem;alignment-friend-fulk-metrical-oe;alignment-friend-fulk-nominative;alignment-friend-fulk-genitive;alignment-friend-fulk-dative;alignment-friend-fulk-genitive-plural;alignment-friend-fulk-dative-plural;alignment-friend-fulk-analogical-plural;alignment-friend-direct-noun-lexicalization-rebuttal	Identity/cell checked against live393 and full core-source aliases; actual passages in applicability.tsv consulted, complete relevant sections and notes read; original images checked only for explicitly marked quotations.	Fulk disputes Ringe's reluctance to posit a lexical PGmc nd-stem: cognates all mean friend and decline unlike participles. Verner nt to nd and thematic reinflection are distinct from metrical nondisyllabicity and from a selected full-word reconstruction. Literal PGmc-index quotation; entry directs to §4.13 n.6. The corresponding relevant chapters were read. The index's language heading classifies the displayed representation, not a separately established dated selected endpoint; endorsement, alternatives and passage qualifications remain independent. No star is added to the starless index and no ending is stripped. Supplement (75): undated friend stem in contraction example, not proof of PGmc noun date. Supplement (75): OE friend in explicit monosyllabic metrical claim, not primitive trimoric stem. Supplement (178): OE friend nominative singular. Supplement (178): OE friend genitive singular. Supplement (178): native OE friend dative singular; not English gloss or nominalized restored spelling. Supplement (178): OE friend genitive plural. Supplement (178): OE friend dative plural. Supplement (178): OE a-stem analogical friend nominative/accusative plural, regularly Anglian. Supplement (179): scoped comparative/formation argument, not a quoted selected whole word.
2040	Fulk2018	evidence_found	raising-fulk-conditioners;fulk-complete-gift-cluster;fulk-complete-gift-giefu-boundary;alignment-gift-fulk-trimoric-genitive;alignment-gift-fulk-reported-bimoric;alignment-gift-fulk-giefu;alignment-gift-o-family-genitive-history	Sections4.3-4.4, printed55-59 read; original57 checked and compared with released gift evidence. Supplement: Identity/cell checked against live393 and full core-source aliases; actual passages in applicability.tsv consulted, complete relevant sections and notes read; original images checked only for explicitly marked quotations.	Separate inherited high-front raising from u-raising and global e/i merger; no whole-word gift form quoted here. Supplement (prior qualification preserved): The gift cluster is a conditioned consonantal exception, separate from high-front raising and from the giefu ō-stem paradigm. An account of the cluster does not reconstruct the whole selected ġift word. The giefu ō-stem paradigm is a lexical-family comparandum, not selected ġift. Its nominative, accusative and genitive ending hypotheses are independent; the trimoric genitive disputed against Ringe and Taylor does not supply the ending of ġift. Separate inherited high-front raising from u-raising and global e/i merger; no whole-word gift form quoted here. Supplement (155): author's PGmc ō-stem genitive singular ending, not ġift ending. Supplement (155): Fulk's explicitly attributed RT bimoric genitive alternative, not independent original reading. Supplement (154): OE ō-stem gift nominative singular, not selected ġift. Supplement (154-156): scoped argument, not a reconstructed complete selected word.
2041	Fulk2018	discussion_only	fulk-complete-give-dialects	Identity/cell checked against live393 and full core-source aliases; actual passages in applicability.tsv consulted, complete relevant sections and notes read; original images checked only for explicitly marked quotations.	OE EWS giefan and dialect geofan have different palatal/back-mutation histories; OS giban/geban coexist. Orthographic or dialect variants are not permission to erase the source's phonemic contrast at every historical stage.
2044	Fulk2018	evidence_found	fulk-complete-goose-nsgmc;alignment-goose-fulk-plural;alignment-goose-fulk-oe-plural	Identity/cell checked against live393 and full core-source aliases; actual passages in applicability.tsv consulted, complete relevant sections and notes read; original images checked only for explicitly marked quotations.	Goose examples contrast plural umlaut and the loss of a nasal before a fricative in North Sea Germanic. A WGmc input in that account is not an interchangeable PGmc full-word endpoint. Supplement (64): PGmc goose plural in umlaut example; native initial z retained. Supplement (64): OE geese plural, not selected gōs singular.
2045	Fulk2018	discussion_only	fulk-complete-grass-italic	Identity/cell checked against live393 and full core-source aliases; actual passages in applicability.tsv consulted, complete relevant sections and notes read; original images checked only for explicitly marked quotations.	Latin grāman and Gothic gras illustrate lexical connections. A printed root comparison is not an asserted borrowed full PGmc lemma, nor independent selected græs inflectional evidence.
2049	Fulk2018	evidence_found	fulk-complete-guest-i-stem;fulk-complete-index-guest;fulk-complete-index-guest-acc;alignment-guest-fulk-nom-sg;alignment-guest-fulk-acc-sg;alignment-guest-fulk-gen-sg;alignment-guest-fulk-dat-sg;alignment-guest-fulk-nom-pl;alignment-guest-fulk-acc-pl;alignment-guest-fulk-gen-pl;alignment-guest-fulk-dat-pl;alignment-guest-fulk-mutation-body;alignment-guest-fulk-acc-body;alignment-guest-genitive-objection;alignment-guest-table-and-body-limits	Identity/cell checked against live393 and full core-source aliases; actual passages in applicability.tsv consulted, complete relevant sections and notes read; original images checked only for explicitly marked quotations.	The guest paradigm documents i-stem reanalysis, leveling and uncertainties over genitive quantity. Different chronological cells cannot be merged by deleting endings from the selected ġiest citation. Literal PGmc-index quotation; entry directs to §4.7. The corresponding relevant chapters were read. The index's language heading classifies the displayed representation, not a separately established dated selected endpoint; endorsement, alternatives and passage qualifications remain independent. No star is added to the starless index and no ending is stripped. Literal PGmc-index quotation; entry directs to §6.14. The corresponding relevant chapters were read. The index's language heading classifies the displayed representation, not a separately established dated selected endpoint; endorsement, alternatives and passage qualifications remain independent. No star is added to the starless index and no ending is stripped. Supplement (158): OE guest illustrative paradigm nominative singular; full-form attestation not universally certified. Supplement (158): OE guest illustrative paradigm accusative singular; full-form attestation not universally certified. Supplement (158): OE guest illustrative paradigm genitive singular; full-form attestation not universally certified. Supplement (158): OE guest illustrative paradigm dative singular; full-form attestation not universally certified. Supplement (158): OE guest illustrative paradigm nominative plural; full-form attestation not universally certified. Supplement (158): OE guest illustrative paradigm accusative plural; full-form attestation not universally certified. Supplement (158): OE guest illustrative paradigm genitive plural; full-form attestation not universally certified. Supplement (158): OE guest illustrative paradigm dative plural; full-form attestation not universally certified. Supplement (62): literal body guest precursor; native z differs from starless index ʒ. Supplement (125): guest accusative plural precursor in PNorse development, exact starting endpoint unlabelled. Supplement (158-161): scoped argument, not a complete selected-word quotation. Supplement (62-63,125,158-161): scoped argument, not a complete selected-word quotation.
2054	Fulk2018	evidence_found	fulk-complete-index-hand;alignment-hand-fulk-body	Identity/cell checked against live393 and full core-source aliases; actual passages in applicability.tsv consulted, complete relevant sections and notes read; original images checked only for explicitly marked quotations.	Literal PGmc-index quotation; entry directs to §5.6. The corresponding relevant chapters were read. The index's language heading classifies the displayed representation, not a separately established dated selected endpoint; endorsement, alternatives and passage qualifications remain independent. No star is added to the starless index and no ending is stripped. Supplement (92): explicit PGmc hand precursor in high-vowel-loss argument.
2058	Fulk2018	evidence_found	fulk-complete-have-class3;fulk-complete-have-oe-3sg;fulk-complete-have-ingvaeonic-3sg;fulk-complete-index-have-infinitive;fulk-complete-index-have-3sg-pgmc-list;alignment-have-fulk-inf-body;alignment-have-fulk-3sg-body;alignment-have-fulk-ingvaeonic-table;alignment-have-fulk-ind-1sg;alignment-have-fulk-ind-2sg;alignment-have-fulk-ind-1pl;alignment-have-fulk-ind-2pl;alignment-have-fulk-ind-3pl;alignment-have-fulk-subj-1sg;alignment-have-fulk-subj-2sg;alignment-have-fulk-subj-3sg;alignment-have-fulk-subj-1pl;alignment-have-fulk-subj-2pl;alignment-have-fulk-subj-3pl;alignment-have-fulk-imp-2sg;alignment-have-fulk-imp-2pl;alignment-have-fulk-past-1sg;alignment-have-fulk-past-2sg;alignment-have-fulk-past-3sg;alignment-have-fulk-past-1pl;alignment-have-fulk-past-2pl;alignment-have-fulk-past-3pl;alignment-have-fulk-past-subj-1sg;alignment-have-fulk-past-subj-2sg;alignment-have-fulk-past-subj-3sg;alignment-have-fulk-past-subj-1pl;alignment-have-fulk-past-subj-2pl;alignment-have-fulk-past-subj-3pl;alignment-have-fulk-infinitive;alignment-have-fulk-pres-part;alignment-have-fulk-pass-part;alignment-have-finite-and-analogy	Identity/cell checked against live393 and full core-source aliases; actual passages in applicability.tsv consulted, complete relevant sections and notes read; original images checked only for explicitly marked quotations.	The have paradigm has OE hæfð versus selected hæfeþ. The class3 laryngeal/ē analyses are competing; Bennett's alternative is favored with qualifications. The author accounts for Ingvaeonic ending reanalysis and regards WS syncopation probably as analogical rather than a direct regular PGmc reflex. Same grammatical cell but different syncopated source form from selected hæfeþ; literal spelling is not normalized. Result would have been this in Ingvaeonic, under the stated class-reanalysis account; not PGmc. The analytical other label preserves named Ingvaeonic endpoint in notes. Literal PGmc-index quotation; entry directs to §12.47. The corresponding relevant chapters were read. The index's language heading classifies the displayed representation, not a separately established dated selected endpoint; endorsement, alternatives and passage qualifications remain independent. No star is added to the starless index and no ending is stripped. Supplement (312): PGmc infinitive stem with parenthesized aj. Supplement (312): PGmc third singular body with short a; not index long ā. Supplement (312): hypothetical Ingvaeonic table third singular, native p retained. Supplement (309): OE illustrative have paradigm present indicative first singular. Supplement (309): OE illustrative have paradigm present indicative second singular. Supplement (309): OE illustrative have paradigm present indicative first plural. Supplement (309): OE illustrative have paradigm present indicative second plural. Supplement (309): OE illustrative have paradigm present indicative third plural. Supplement (309): OE illustrative have paradigm present subjunctive first singular. Supplement (309): OE illustrative have paradigm present subjunctive second singular. Supplement (309): OE illustrative have paradigm present subjunctive third singular. Supplement (309): OE illustrative have paradigm present subjunctive first plural. Supplement (309): OE illustrative have paradigm present subjunctive second plural. Supplement (309): OE illustrative have paradigm present subjunctive third plural. Supplement (309): OE illustrative have paradigm imperative second singular. Supplement (309): OE illustrative have paradigm imperative second plural. Supplement (309): OE illustrative have paradigm preterite indicative first singular. Supplement (309): OE illustrative have paradigm preterite indicative second singular. Supplement (309): OE illustrative have paradigm preterite indicative third singular. Supplement (309): OE illustrative have paradigm preterite indicative first plural. Supplement (309): OE illustrative have paradigm preterite indicative second plural. Supplement (309): OE illustrative have paradigm preterite indicative third plural. Supplement (309): OE illustrative have paradigm preterite subjunctive first singular. Supplement (309): OE illustrative have paradigm preterite subjunctive second singular. Supplement (309): OE illustrative have paradigm preterite subjunctive third singular. Supplement (309): OE illustrative have paradigm preterite subjunctive first plural. Supplement (309): OE illustrative have paradigm preterite subjunctive plural, first adjacent native duplicate; second/third row assignment not newly certified. Supplement (309): OE illustrative have paradigm preterite subjunctive plural, second adjacent native duplicate; OCR row placement not newly certified. Supplement (309): OE illustrative have paradigm infinitive. Supplement (309): OE illustrative have paradigm present participle. Supplement (309): OE illustrative have paradigm passive participle. Supplement (309-313): scoped argument, not an assembled selected word.
2060	Fulk2018	evidence_found	fulk-complete-index-hawk;alignment-hawk-fulk-body	Identity/cell checked against live393 and full core-source aliases; actual passages in applicability.tsv consulted, complete relevant sections and notes read; original images checked only for explicitly marked quotations.	Literal PGmc-index quotation; entry directs to §4.8. The corresponding relevant chapters were read. The index's language heading classifies the displayed representation, not a separately established dated selected endpoint; endorsement, alternatives and passage qualifications remain independent. No star is added to the starless index and no ending is stripped. Supplement (69): PGmc hawk before Mercian back mutation, WS hafoc contrast.
2061	Fulk2018	evidence_found	fulk-complete-hay-awj;alignment-hay-fulk-stem;alignment-hay-gemination-qualification	Identity/cell checked against live393 and full core-source aliases; actual passages in applicability.tsv consulted, complete relevant sections and notes read; original images checked only for explicitly marked quotations.	Hay is an exception or seeming exception: the PGmc awj sequence appears without a NSGmc geminate. OHG gemination is discussed separately; no all-branch glide normalization is warranted. Supplement (128): hay stem in footnote on gemination exception or seeming exception. Supplement (71-72,128): scoped argument, not an assembled selected word.
2063	Fulk2018	discussion_only	fulk-complete-head-substrate;alignment-head-reported-substrate;alignment-head-substrate-method-limit	Identity/cell checked against live393 and full core-source aliases; actual passages in applicability.tsv consulted, complete relevant sections and notes read; original images checked only for explicitly marked quotations.	Head has an actual Italo-Germanic lexical parallel and a reported unusual suffixal uð/iþ alternation that Boutkan regards as substrate evidence. Fulk stresses the circularity and uncertainty of substrate reasoning; the shared family is not a loan verdict or chosen full PGmc form. Supplement (9): scoped source argument; not a manufactured selected word. Supplement (8-10): scoped source argument; not a manufactured selected word.
2068	Fulk2018	discussion_only	fulk-complete-heaven-timber;alignment-heaven-branch-warrant;alignment-heaven-nasality-limit	Identity/cell checked against live393 and full core-source aliases; actual passages in applicability.tsv consulted, complete relevant sections and notes read; original images checked only for explicitly marked quotations.	Heaven branch variants and timber-related consonantal comparison are relevant to lexical grouping and consonantism. The verb timbrjan/timbrian is a family comparandum for the selected timber noun, not its noun ending. Prefixes and spellings do not determine stages. Supplement (15): scoped source argument; not a manufactured selected word. Supplement (121): scoped source argument; not a manufactured selected word.
2071	Fulk2018	evidence_found	fulk-complete-help-break-participles;alignment-help-fulk-infinitive;alignment-help-fulk-past-sg;alignment-help-fulk-past-pl;alignment-help-fulk-participle	Identity/cell checked against live393 and full core-source aliases; actual passages in applicability.tsv consulted, complete relevant sections and notes read; original images checked only for explicitly marked quotations.	Help holpen versus helpan and break participle u/o distributions involve lowering, analogy and possible nasal formation. Fulk distinguishes phonemic e from allophonic o; this is not a notation convention equating every e/i or u/o word. Supplement (286): OE help infinitive; selected verbal cell. Supplement (286): OE help past indicative singular. Supplement (286): OE help past indicative plural. Supplement (286): OE help past participle.
2074	Fulk2018	evidence_found	fulk-complete-hew-glide;alignment-hew-fulk-stem;alignment-hew-norse-past-sg;alignment-hew-norse-past-pl;alignment-hew-glide-alternatives	Identity/cell checked against live393 and full core-source aliases; actual passages in applicability.tsv consulted, complete relevant sections and notes read; original images checked only for explicitly marked quotations.	Norse hoggva is compared with a hawwan stem in a footnote; the glide/gemination explanation is a bounded comparative account. It cannot make every dismantling analysis endorsed or every cell a PGmc quotation. Supplement (291): hew citation stem behind Norse hoggva, not past3sg. Supplement (291): Norse hew past singular, not OE infinitive. Supplement (291): Norse hew past plural, not OE infinitive. Supplement (50-51,117-119,291): authored complete historical/formation argument; not a selected whole word.
2077	Fulk2018	evidence_found	fulk-complete-hold-fall-span;fulk-complete-index-hold;fulk-complete-index-hold-3sg;alignment-hold-fulk-body-citation;alignment-hold-fulk-present3sg;alignment-hold-fulk-past;alignment-hold-present-and-preterite	Identity/cell checked against live393 and full core-source aliases; actual passages in applicability.tsv consulted, complete relevant sections and notes read; original images checked only for explicitly marked quotations.	The OE hold, fall and span verbal paradigms are read with branch-specific vowel shortening and class-VII/VI historical accounts. The span noun is not automatically included as a verb cell. Literal PGmc-index quotation; entry directs to §12.20 n.5. The corresponding relevant chapters were read. The index's language heading classifies the displayed representation, not a separately established dated selected endpoint; endorsement, alternatives and passage qualifications remain independent. No star is added to the starless index and no ending is stripped. Literal PGmc-index quotation; entry directs to §4.7. The corresponding relevant chapters were read. The index's language heading classifies the displayed representation, not a separately established dated selected endpoint; endorsement, alternatives and passage qualifications remain independent. No star is added to the starless index and no ending is stripped. Supplement (270): explicit PGmc hold citation in body note; starless native representation. Supplement (64): PGmc hold present3sg; not selected infinitive. Supplement (290): OE hold preterite principal part, not selected infinitive. Supplement (63-64,266-270,289-291): authored complete historical/formation argument; not a selected whole word.
2084	Fulk2018	evidence_found	fulk-complete-index-knead-weak;alignment-knead-fulk-body;alignment-knead-body-versus-index	Identity/cell checked against live393 and full core-source aliases; actual passages in applicability.tsv consulted, complete relevant sections and notes read; original images checked only for explicitly marked quotations.	Literal PGmc-index quotation; entry directs to §12.18. The corresponding relevant chapters were read. The index's language heading classifies the displayed representation, not a separately established dated selected endpoint; endorsement, alternatives and passage qualifications remain independent. No star is added to the starless index and no ending is stripped. Supplement (264): explicit PGmc zero-grade knead in class-IV aorist-present body; weak ON is a daughter reflex. Supplement (263-265,387): complete source argument; not a selected whole-word quotation.
2085	Fulk2018	evidence_found	fulk-complete-knee-wa;alignment-knee-fulk-gothic-singular;alignment-knee-fulk-gothic-plural;alignment-knee-fulk-saxon-datpl	Identity/cell checked against live393 and full core-source aliases; actual passages in applicability.tsv consulted, complete relevant sections and notes read; original images checked only for explicitly marked quotations.	Knee exemplifies a neuter wa-stem, with vocalized u and differences across nominative/accusative and other cells. The selected cneowe is a dative; Gothic kniu and a reconstructed bare stem are not that selected full word. Supplement (153): Gothic light neuter knee nominative/accusative singular. Supplement (153): Gothic light neuter knee nominative/accusative plural. Supplement (154): Old Saxon knee dative plural; not selected OE singular.
2095	Fulk2018	evidence_found	fulk-complete-learn-endpoint;fulk-complete-learn-stem-p114;fulk-complete-index-learn-stem-alternant;alignment-learn-fulk-verner-stem;alignment-learn-qualified-membership	Identity/cell checked against live393 and full core-source aliases; actual passages in applicability.tsv consulted, complete relevant sections and notes read; original images checked only for explicitly marked quotations.	The learn formation appears in consonant-history discussion, but p114 explicitly calls the lizn- formation probably a WGmc innovation. This qualification blocks automatic PGmc membership from the apparent source label elsewhere. The infinitive evidence is not a quotation of liorna or liornaþ. The word probably modifies its WGmc-innovation assertion. Infinitive family evidence is not a quoted imperative or 3sg cell. Literal PGmc-index quotation; entry directs to §6.6. The corresponding relevant chapters were read. The index's language heading classifies the displayed representation, not a separately established dated selected endpoint; endorsement, alternatives and passage qualifications remain independent. No star is added to the starless index and no ending is stripped. Supplement (109): learn stem in Verner-class illustration, contrasted with qualified114 date. Supplement (109-110,113-114,313-315,388): complete owned/attributed argument, not a selected whole-word quotation.
2098	Fulk2018	evidence_found	fulk-complete-class7-oe;alignment-let-fulk-relic;alignment-let-fulk-expected;alignment-let-fulk-infinitive;alignment-let-fulk-past-sg;alignment-let-fulk-past-pl;alignment-let-fulk-participle;alignment-let-type2-infixation	Identity/cell checked against live393 and full core-source aliases; actual passages in applicability.tsv consulted, complete relevant sections and notes read; original images checked only for explicitly marked quotations.	Let, read, sleep and sow belong to the relevant class-VII comparison. NWGmc ē₂ origin, relic reduplication, e-infixation and competing phonological theories are argued, not mere notation variants. Each lexical selected infinitive remains separate from preterite evidence. Supplement (261): Anglian relic let preterite, not selected infinitive. Supplement (261): expected let preterite, not actual attestation. Supplement (266): OE let infinitive in four-part comparative roster; source marking retained. Supplement (266): OE let past singular in principal-part roster. Supplement (266): OE let past plural in principal-part roster. Supplement (266): OE let participle in principal-part roster. Supplement (260-262,266-272,289-291): complete owned/attributed argument, not a selected whole-word quotation.
2099	Fulk2018	evidence_found	fulk-complete-lick-nasal;alignment-lick-fulk-root;alignment-lick-fulk-simple-present;alignment-lick-fulk-kluge-precursor;alignment-lick-aspect-and-gemination	Identity/cell checked against live393 and full core-source aliases; actual passages in applicability.tsv consulted, complete relevant sections and notes read; original images checked only for explicitly marked quotations.	The lick family illustrates primary PIE formation and a nasal-suffix alternative in Germanic discussion. These roots/stems do not quote selected licca or liccaþ; the finite rows are screened as the same etymon with independent ending questions. Supplement (243): PIE atelic lick root in aspect argument. Supplement (243): PIE simple present underlying Sanskrit third singular. Supplement (115): PIE nasal-suffix lick precursor in reported Kluge account. Supplement (114-117,242-249): complete owned/attributed argument, not a selected whole-word quotation.
2102	Fulk2018	evidence_found	fulk-complete-index-light-verb;alignment-light-fulk-gothic-body;alignment-light-fulk-umlaut-body;alignment-light-fulk-oe;alignment-light-inherited-iu	Identity/cell checked against live393 and full core-source aliases; actual passages in applicability.tsv consulted, complete relevant sections and notes read; original images checked only for explicitly marked quotations.	Literal PGmc-index quotation; entry directs to §4.5,4.7. The corresponding relevant chapters were read. The index's language heading classifies the displayed representation, not a separately established dated selected endpoint; endorsement, alternatives and passage qualifications remain independent. No star is added to the starless index and no ending is stripped. Supplement (59): PGmc illumination infinitive in Gothic eu/iu merger comparison. Supplement (64): explicit PGmc illumination infinitive before OE front mutation. Supplement (64): OE illumination infinitive, not light-weight comparator. Supplement (57-59,61-67,388): complete source argument, not a selected whole-word quotation.
2107	Fulk2018	discussion_only	fulk-complete-live-class3;fulk-complete-live-oe-3sg;alignment-live-fulk-second;alignment-live-fulk-third-repeat;alignment-live-fulk-imperative;alignment-live-class-three-variation	Identity/cell checked against live393 and full core-source aliases; actual passages in applicability.tsv consulted, complete relevant sections and notes read; original images checked only for explicitly marked quotations.	Live is among the four OE weak class3 verbs. Unsyncopated leofað and Anglian lifg- differ from the selected lifeþ; class2 endings, umlaut leveling and analogy complicate the paradigm. No blanket form normalization or inherited PGmc ē label follows. Actual cited unsyncopated form; not silently substituted with selected lifeþ. Supplement (310): OE live indicative2sg with classII ending. Supplement (310): OE live indicative3sg occurrence distinct from inherited312 quote. Supplement (310): OE live imperative singular, not selected indicative3sg. Supplement (308-313): complete source argument, not a selected whole-word quotation.
2108	Fulk2018	discussion_only	fulk-complete-raising-contrast;alignment-liver-fulk-oe;alignment-liver-lowering-countercontext	Identity/cell checked against live393 and full core-source aliases; actual passages in applicability.tsv consulted, complete relevant sections and notes read; original images checked only for explicitly marked quotations.	Liver and nest belong to the lowering/raising comparison. Following-high-front conditioning and nonhigh-vowel lowering are separate histories; following-u raising has weaker PGmc support. Do not erase e/i contrasts as notation. Supplement (56): OE retained-i liver in lowering comparison, not a quoted PGmc noun. Supplement (55-59): complete source argument, not a selected whole-word quotation.
2109	Fulk2018	discussion_only	fulk-complete-loam-italic;alignment-loam-fulk-latin;alignment-loam-fulk-oe;alignment-loam-italic-parallel	Identity/cell checked against live393 and full core-source aliases; actual passages in applicability.tsv consulted, complete relevant sections and notes read; original images checked only for explicitly marked quotations.	Latin līmus and OE lām are an actual Italo-Germanic lexical parallel. The list does not specify an adopted borrowing, historical direction, or full PGmc word ending. Supplement (8): Latin mud comparator in Italo-Germanic lexical list. Supplement (8): OE loam in lexical parallel; no borrowing direction asserted. Supplement (7-9): complete source argument, not a selected whole-word quotation.
2119	Fulk2018	evidence_found	fulk-complete-man-paradigm;fulk-complete-man-selected-genitive;fulk-complete-man-reported-genitive;fulk-complete-index-man-infix;fulk-complete-index-man-stem;fulk-complete-index-man-hypothesis;fulk-complete-index-man-plural	Identity/cell checked against live393 and full core-source aliases; actual passages in applicability.tsv consulted, complete relevant sections and notes read; original images checked only for explicitly marked quotations.	OE mannes is explicitly a genitive in the comparative paradigm. Root-, n- and u-stem analyses coexist; the PIE derivation is contested. The footnote reports Kroonen and Euler, records Bammesberger's objections to both, and reports his alternative geminating genitive hypothesis. These positions are not all Fulk endorsements. Exact selected cell in the OE paradigm; not the nominative mann or the different etymon wer. Footnote reports Bammesberger's root-stem/genitive hypothesis after his rejection of two PIE derivations. Neither dating nor Fulk endorsement is supplied. Literal PGmc-index quotation; entry directs to §6.8. The corresponding relevant chapters were read. The index's language heading classifies the displayed representation, not a separately established dated selected endpoint; endorsement, alternatives and passage qualifications remain independent. No star is added to the starless index and no ending is stripped. Literal PGmc-index quotation; entry directs to §7.27 n.2. The corresponding relevant chapters were read. The index's language heading classifies the displayed representation, not a separately established dated selected endpoint; endorsement, alternatives and passage qualifications remain independent. No star is added to the starless index and no ending is stripped. Literal PGmc-index quotation; entry directs to §7.28. The corresponding relevant chapters were read. The index's language heading classifies the displayed representation, not a separately established dated selected endpoint; endorsement, alternatives and passage qualifications remain independent. No star is added to the starless index and no ending is stripped.
2122	Fulk2018	evidence_found	fulk-complete-meal-root;fulk-complete-meal-pie-root	Identity/cell checked against live393 and full core-source aliases; actual passages in applicability.tsv consulted, complete relevant sections and notes read; original images checked only for explicitly marked quotations.	The time/measure family is illustrated by Gothic mēl and Norse mál. This is the mǣl family, not flour melu; the PIE root and its Germanic reflex do not quote a selected full PGmc OE-input word. Greek discernment, Gothic mēl, Norse mál and OHG māl support the time/measure family; no selected whole-word ending.
2126	Fulk2018	evidence_found	fulk-complete-milk-raising;fulk-complete-index-milk	Identity/cell checked against live393 and full core-source aliases; actual passages in applicability.tsv consulted, complete relevant sections and notes read; original images checked only for explicitly marked quotations.	OS miluk and OHG miluh show raising before u, compared with OE meol(o)c; the text contrasts unraised ebur boar. This is branch-conditioned explanatory evidence, distinct from the index miluki citation. It does not make e/i interchangeable or date every vowel as PGmc. Literal PGmc-index quotation; entry directs to §5.2. The corresponding relevant chapters were read. The index's language heading classifies the displayed representation, not a separately established dated selected endpoint; endorsement, alternatives and passage qualifications remain independent. No star is added to the starless index and no ending is stripped.
2127	Fulk2018	evidence_found	fulk-complete-month-dental;fulk-complete-index-month	Identity/cell checked against live393 and full core-source aliases; actual passages in applicability.tsv consulted, complete relevant sections and notes read; original images checked only for explicitly marked quotations.	Month is treated as a dental stem with earlier s-stem history. Only certain WGmc plural cells preserve the athematic category; lunar-root and stem-history proposals must not replace the citation ending mechanically. Literal PGmc-index quotation; entry directs to §5.2. The corresponding relevant chapters were read. The index's language heading classifies the displayed representation, not a separately established dated selected endpoint; endorsement, alternatives and passage qualifications remain independent. No star is added to the starless index and no ending is stripped.
2129	Fulk2018	discussion_only	fulk-complete-r-stem-mother	Identity/cell checked against live393 and full core-source aliases; actual passages in applicability.tsv consulted, complete relevant sections and notes read; original images checked only for explicitly marked quotations.	Mother root accent and analogy to father's voiced dental are explicitly qualified. A root-accent explanation does not justify adopting corpus accent or assigning a subgroup solely from the FST rule environment.
2131	Fulk2018	discussion_only	fulk-complete-name-gender	Identity/cell checked against live393 and full core-source aliases; actual passages in applicability.tsv consulted, complete relevant sections and notes read; original images checked only for explicitly marked quotations.	The name noun was originally neuter in Gothic but masculine in WGmc; the nominative ending and trimoric analyses remain problematic. Nominative and oblique n-stem cells must not be silently aligned.
2137	Fulk2018	discussion_only	fulk-complete-raising-contrast	Identity/cell checked against live393 and full core-source aliases; actual passages in applicability.tsv consulted, complete relevant sections and notes read; original images checked only for explicitly marked quotations.	Liver and nest belong to the lowering/raising comparison. Following-high-front conditioning and nonhigh-vowel lowering are separate histories; following-u raising has weaker PGmc support. Do not erase e/i contrasts as notation.
2142	Fulk2018	evidence_found	fulk-complete-nine-account;fulk-complete-nine-stem;fulk-complete-nine-euler-reported	Identity/cell checked against live393 and full core-source aliases; actual passages in applicability.tsv consulted, complete relevant sections and notes read; original images checked only for explicitly marked quotations.	The PGmc niwun stem and later contraction differ from Proto-WGmc newun, which Fulk advises against. NSGmc inorganic gamma can preserve parallelism with disyllabic ten. Norse disyllabicity is uncertain; this is not a universal e/i equality. Explicit PGmc stem with subsequent raising/contraction discussion; source advises against newun at Proto-WGmc. Fulk explicitly calls it inadvisable to reconstruct this endpoint. Keep the reported stage distinct from his niwun PGmc stem.
2144	Fulk2018	evidence_found	fulk-complete-one-cells;fulk-complete-index-one;fulk-complete-index-one-i-stem	Identity/cell checked against live393 and full core-source aliases; actual passages in applicability.tsv consulted, complete relevant sections and notes read; original images checked only for explicitly marked quotations.	OE anne/enne reflects an i-stem innovation in a particular cell; it is not interchangeable with the selected ān citation. PIE and PGmc reconstructed units and adjective-inflection analogies must be kept separate. Literal PGmc-index quotation; entry directs to §8.15,10.3. The corresponding relevant chapters were read. The index's language heading classifies the displayed representation, not a separately established dated selected endpoint; endorsement, alternatives and passage qualifications remain independent. No star is added to the starless index and no ending is stripped. Literal PGmc-index quotation; entry directs to §10.1,10.3. The corresponding relevant chapters were read. The index's language heading classifies the displayed representation, not a separately established dated selected endpoint; endorsement, alternatives and passage qualifications remain independent. No star is added to the starless index and no ending is stripped.
2146	Fulk2018	discussion_only	fulk-complete-ox-weak-cells	Identity/cell checked against live393 and full core-source aliases; actual passages in applicability.tsv consulted, complete relevant sections and notes read; original images checked only for explicitly marked quotations.	Ox has weak plural variants and a genitive oxna with en/on suffixal history. Hysterokinetic stem alternation and later leveling are separate from the selected oxa nominative.
2150	Fulk2018	evidence_found	fulk-complete-class7-oe;fulk-complete-index-read	Identity/cell checked against live393 and full core-source aliases; actual passages in applicability.tsv consulted, complete relevant sections and notes read; original images checked only for explicitly marked quotations.	Let, read, sleep and sow belong to the relevant class-VII comparison. NWGmc ē₂ origin, relic reduplication, e-infixation and competing phonological theories are argued, not mere notation variants. Each lexical selected infinitive remains separate from preterite evidence. Literal PGmc-index quotation; entry directs to §12.16. The corresponding relevant chapters were read. The index's language heading classifies the displayed representation, not a separately established dated selected endpoint; endorsement, alternatives and passage qualifications remain independent. No star is added to the starless index and no ending is stripped.
2153	Fulk2018	evidence_found	fulk-complete-index-ride;fulk-complete-index-ride-participle	Identity/cell checked against live393 and full core-source aliases; actual passages in applicability.tsv consulted, complete relevant sections and notes read; original images checked only for explicitly marked quotations.	Literal PGmc-index quotation; entry directs to §3.6. The corresponding relevant chapters were read. The index's language heading classifies the displayed representation, not a separately established dated selected endpoint; endorsement, alternatives and passage qualifications remain independent. No star is added to the starless index and no ending is stripped. Literal PGmc-index quotation; entry directs to §12.31. The corresponding relevant chapters were read. The index's language heading classifies the displayed representation, not a separately established dated selected endpoint; endorsement, alternatives and passage qualifications remain independent. No star is added to the starless index and no ending is stripped.
2161	Fulk2018	evidence_found	fulk-complete-run-n-infix;fulk-complete-run-p113;fulk-complete-index-run	Identity/cell checked against live393 and full core-source aliases; actual passages in applicability.tsv consulted, complete relevant sections and notes read; original images checked only for explicitly marked quotations.	Run is the rinnan family: n-infix plus w assimilation is the account, supported by Sanskrit comparisons. Hlaupan/leap is not its selected identity. Do not strip an infinitive or invent a finite selected cell. Explicit PGmc quotation before Gothic/OE/OS/OHG rinnan, not leap hlaupan. Literal PGmc-index quotation; entry directs to §6.8. The corresponding relevant chapters were read. The index's language heading classifies the displayed representation, not a separately established dated selected endpoint; endorsement, alternatives and passage qualifications remain independent. No star is added to the starless index and no ending is stripped.
2167	Fulk2018	evidence_found	fulk-complete-salve-dental-compound;fulk-complete-index-salve-noun;fulk-complete-index-salve-verb	Identity/cell checked against live393 and full core-source aliases; actual passages in applicability.tsv consulted, complete relevant sections and notes read; original images checked only for explicitly marked quotations.	The do-compound model for salve/ointment plus a dental preterite is conditional. Dental suffix polygenesis is plausible, not a settled uniform origin; the selected sealf noun is not the source finite anointed verb. Literal PGmc-index quotation; entry directs to §12.33,12.40. The corresponding relevant chapters were read. The index's language heading classifies the displayed representation, not a separately established dated selected endpoint; endorsement, alternatives and passage qualifications remain independent. No star is added to the starless index and no ending is stripped.
2171	Fulk2018	evidence_found	fulk-complete-index-seek;fulk-complete-index-seek-finite	Identity/cell checked against live393 and full core-source aliases; actual passages in applicability.tsv consulted, complete relevant sections and notes read; original images checked only for explicitly marked quotations.	Literal PGmc-index quotation; entry directs to §4.7. The corresponding relevant chapters were read. The index's language heading classifies the displayed representation, not a separately established dated selected endpoint; endorsement, alternatives and passage qualifications remain independent. No star is added to the starless index and no ending is stripped.
2172	Fulk2018	evidence_found	fulk-complete-send-strong-weak;fulk-complete-index-send-finite	Identity/cell checked against live393 and full core-source aliases; actual passages in applicability.tsv consulted, complete relevant sections and notes read; original images checked only for explicitly marked quotations.	The send discussion includes finite sentst/sent in the account of archaic weak formation and phonological/analogical changes. These are different cells from the selected sendan infinitive; the preterite does not supply its PGmc ending. Literal PGmc-index quotation; entry directs to §4.7. The corresponding relevant chapters were read. The index's language heading classifies the displayed representation, not a separately established dated selected endpoint; endorsement, alternatives and passage qualifications remain independent. No star is added to the starless index and no ending is stripped.
2173	Fulk2018	evidence_found	fulk-complete-set-sit-formation;fulk-complete-set-p64;fulk-complete-index-set	Identity/cell checked against live393 and full core-source aliases; actual passages in applicability.tsv consulted, complete relevant sections and notes read; original images checked only for explicitly marked quotations.	Set causative formation and sit j-present formation are different despite their related PIE root. Alternative eie/o or ēie/o analyses and the source's e versus i citations must be preserved. The p295 sit spelling is not silently corrected to i. The source's PGmc a causative example is distinct from sit and its PIE e-root account. Literal PGmc-index quotation; entry directs to §4.7,12.37. The corresponding relevant chapters were read. The index's language heading classifies the displayed representation, not a separately established dated selected endpoint; endorsement, alternatives and passage qualifications remain independent. No star is added to the starless index and no ending is stripped.
2174	Fulk2018	evidence_found	fulk-complete-seven-account;fulk-complete-seven-pgmc	Identity/cell checked against live393 and full core-source aliases; actual passages in applicability.tsv consulted, complete relevant sections and notes read; original images checked only for explicitly marked quotations.	The author distinguishes earlier sebun from raised sibun and qualifies the date of raising before u. Loss of t and preservation of final nasal are probably analogical to the ordinal, with phonological and other alternatives cited. Printed PGmc label is explicit; probable analogy and the date of following-u raising remain independently qualified.
2177	Fulk2018	evidence_found	fulk-complete-index-shear	Identity/cell checked against live393 and full core-source aliases; actual passages in applicability.tsv consulted, complete relevant sections and notes read; original images checked only for explicitly marked quotations.	Literal PGmc-index quotation; entry directs to §4.13. The corresponding relevant chapters were read. The index's language heading classifies the displayed representation, not a separately established dated selected endpoint; endorsement, alternatives and passage qualifications remain independent. No star is added to the starless index and no ending is stripped.
2182	Fulk2018	discussion_only	fulk-complete-wring-shine	Identity/cell checked against live393 and full core-source aliases; actual passages in applicability.tsv consulted, complete relevant sections and notes read; original images checked only for explicitly marked quotations.	Wring and shine are actual comparative leads in present-stem formation. A PIE root and a nasal or other present formative are distinct from a selected fully inflected Germanic word; nasalization cannot be implemented merely because a corpus form looks compatible.
2184	Fulk2018	discussion_only	fulk-complete-aorist-presents	Identity/cell checked against live393 and full core-source aliases; actual passages in applicability.tsv consulted, complete relevant sections and notes read; original images checked only for explicitly marked quotations.	Brook, shove and sup illustrate aorist-present explanations, strong versus weak grade, and analogical long ū. Selected shove scēaf is not source scūfan/scēofan infinitive. Competing accounts do not amount to a blanket grade merger.
2190	Fulk2018	evidence_found	fulk-complete-index-sing	Identity/cell checked against live393 and full core-source aliases; actual passages in applicability.tsv consulted, complete relevant sections and notes read; original images checked only for explicitly marked quotations.	Literal PGmc-index quotation; entry directs to §4.8. The corresponding relevant chapters were read. The index's language heading classifies the displayed representation, not a separately established dated selected endpoint; endorsement, alternatives and passage qualifications remain independent. No star is added to the starless index and no ending is stripped.
2192	Fulk2018	evidence_found	fulk-complete-r-stem-sister;fulk-complete-index-sister	Identity/cell checked against live393 and full core-source aliases; actual passages in applicability.tsv consulted, complete relevant sections and notes read; original images checked only for explicitly marked quotations.	The Runic swestar form might be a vocative rather than nominative. The competing ē/ō ending explanations are not resolved by simply aligning corpus swéstēr. Runic attestation, PGmc ending and OE citation remain independent units. Literal PGmc-index quotation; entry directs to §5.6,7.8. The corresponding relevant chapters were read. The index's language heading classifies the displayed representation, not a separately established dated selected endpoint; endorsement, alternatives and passage qualifications remain independent. No star is added to the starless index and no ending is stripped.
2193	Fulk2018	evidence_found	raising-fulk-conditioners;fulk-complete-set-sit-formation;fulk-complete-sit-p43;fulk-complete-sit-e-citation;fulk-complete-index-sit	Sections4.3-4.4, printed55-59 read; original57 verifies the sit example from PIE *sed-io-. Supplement: Identity/cell checked against live393 and full core-source aliases; actual passages in applicability.tsv consulted, complete relevant sections and notes read; original images checked only for explicitly marked quotations.	Direct discussion of the correct etymon and raising environment, not an invented full PGmc infinitive. Supplement (prior qualification preserved): Set causative formation and sit j-present formation are different despite their related PIE root. Alternative eie/o or ēie/o analyses and the source's e versus i citations must be preserved. The p295 sit spelling is not silently corrected to i. Explicit PGmc example; segmentation and superscript nasal are retained. This supplements the raising consultation and does not erase the distinct p295 e citation. This is printed for sitja, not for setja. Preserve e despite i in p43. The local example has no explicit historical label; a chapter-heading/context does not date it. Literal PGmc-index quotation; entry directs to §3.1. The corresponding relevant chapters were read. The index's language heading classifies the displayed representation, not a separately established dated selected endpoint; endorsement, alternatives and passage qualifications remain independent. No star is added to the starless index and no ending is stripped. Direct discussion of the correct etymon and raising environment, not an invented full PGmc infinitive.
2194	Fulk2018	evidence_found	fulk-complete-six-alternative;fulk-complete-six-boutkan;fulk-complete-index-six	Identity/cell checked against live393 and full core-source aliases; actual passages in applicability.tsv consulted, complete relevant sections and notes read; original images checked only for explicitly marked quotations.	Boutkan's extra-final-e reconstruction is reported and depends on universal final-s voicing, which Fulk does not simply adopt. OE siex from seox involves palatal umlaut; the selected six spelling must not erase the earlier vowel sequence. Reported proposal depends on universal final-s voicing; not an unqualified Fulk adoption. Literal PGmc-index quotation; entry directs to §10.2. The corresponding relevant chapters were read. The index's language heading classifies the displayed representation, not a separately established dated selected endpoint; endorsement, alternatives and passage qualifications remain independent. No star is added to the starless index and no ending is stripped.
2195	Fulk2018	evidence_found	fulk-complete-slay-verner;fulk-complete-index-slay;fulk-complete-index-slay-3sg	Identity/cell checked against live393 and full core-source aliases; actual passages in applicability.tsv consulted, complete relevant sections and notes read; original images checked only for explicitly marked quotations.	Fulk warns that the PGmc class-VI Verner distribution is not recoverable confidently and disputes a uniform voiced pattern proposed by Ringe. Attested singular/plural reflexes cannot independently establish one PGmc paradigm. Literal PGmc-index quotation; entry directs to §4.13,12.21. The corresponding relevant chapters were read. The index's language heading classifies the displayed representation, not a separately established dated selected endpoint; endorsement, alternatives and passage qualifications remain independent. No star is added to the starless index and no ending is stripped. Literal PGmc-index quotation; entry directs to §6.16. The corresponding relevant chapters were read. The index's language heading classifies the displayed representation, not a separately established dated selected endpoint; endorsement, alternatives and passage qualifications remain independent. No star is added to the starless index and no ending is stripped.
2196	Fulk2018	discussion_only	fulk-complete-class7-oe	Identity/cell checked against live393 and full core-source aliases; actual passages in applicability.tsv consulted, complete relevant sections and notes read; original images checked only for explicitly marked quotations.	Let, read, sleep and sow belong to the relevant class-VII comparison. NWGmc ē₂ origin, relic reduplication, e-infixation and competing phonological theories are argued, not mere notation variants. Each lexical selected infinitive remains separate from preterite evidence.
2199	Fulk2018	evidence_found	fulk-complete-snow-wa;fulk-complete-index-snow	Identity/cell checked against live393 and full core-source aliases; actual passages in applicability.tsv consulted, complete relevant sections and notes read; original images checked only for explicitly marked quotations.	Rare OE snā beside snāw reflects loss of final vocalized u followed by analogical restoration of w in the paradigm. The common citation form need not preserve the regular direct nominative outcome. Literal PGmc-index quotation; entry directs to §7.12. The corresponding relevant chapters were read. The index's language heading classifies the displayed representation, not a separately established dated selected endpoint; endorsement, alternatives and passage qualifications remain independent. No star is added to the starless index and no ending is stripped.
2202	Fulk2018	discussion_only	fulk-complete-hold-fall-span	Identity/cell checked against live393 and full core-source aliases; actual passages in applicability.tsv consulted, complete relevant sections and notes read; original images checked only for explicitly marked quotations.	The OE hold, fall and span verbal paradigms are read with branch-specific vowel shortening and class-VII/VI historical accounts. The span noun is not automatically included as a verb cell.
2206	Fulk2018	discussion_only	fulk-complete-spear-neuter-i	Identity/cell checked against live393 and full core-source aliases; actual passages in applicability.tsv consulted, complete relevant sections and notes read; original images checked only for explicitly marked quotations.	OE speru is an actual neuter plural in the i-stem discussion. It cannot simply be substituted with the selected speoru without inspecting dialect, stem and number; no full PGmc word is manufactured from the plural.
2215	Fulk2018	evidence_found	fulk-complete-index-steal	Identity/cell checked against live393 and full core-source aliases; actual passages in applicability.tsv consulted, complete relevant sections and notes read; original images checked only for explicitly marked quotations.	Literal PGmc-index quotation; entry directs to §4.3. The corresponding relevant chapters were read. The index's language heading classifies the displayed representation, not a separately established dated selected endpoint; endorsement, alternatives and passage qualifications remain independent. No star is added to the starless index and no ending is stripped.
2220	Fulk2018	evidence_found	fulk-complete-index-stone-dative	Identity/cell checked against live393 and full core-source aliases; actual passages in applicability.tsv consulted, complete relevant sections and notes read; original images checked only for explicitly marked quotations.	Literal PGmc-index quotation; entry directs to §5.2 n.7. The corresponding relevant chapters were read. The index's language heading classifies the displayed representation, not a separately established dated selected endpoint; endorsement, alternatives and passage qualifications remain independent. No star is added to the starless index and no ending is stripped.
2227	Fulk2018	evidence_found	fulk-complete-strew-glides;fulk-complete-strew-alternative	Identity/cell checked against live393 and full core-source aliases; actual passages in applicability.tsv consulted, complete relevant sections and notes read; original images checked only for explicitly marked quotations.	Fulk objects that a consonantal w would not persist as required in the traditional glide account; expected WGmc outcomes are different. He offers a PGmc strauj- infinitive alternative. His modal derivation is not categorical endorsement of every alternative arrow. Fulk says EWS strīegan may be derived from this form; the modal assertion is retained.
2231	Fulk2018	discussion_only	fulk-complete-sun-heteroclisis	Identity/cell checked against live393 and full core-source aliases; actual passages in applicability.tsv consulted, complete relevant sections and notes read; original images checked only for explicitly marked quotations.	The l/n heteroclitic reconstruction for sun is reported as a scholarly explanation with references. The footnote is not an unqualified whole-word PGmc sunne reconstruction.
2233	Fulk2018	discussion_only	fulk-complete-aorist-presents	Identity/cell checked against live393 and full core-source aliases; actual passages in applicability.tsv consulted, complete relevant sections and notes read; original images checked only for explicitly marked quotations.	Brook, shove and sup illustrate aorist-present explanations, strong versus weak grade, and analogical long ū. Selected shove scēaf is not source scūfan/scēofan infinitive. Competing accounts do not amount to a blanket grade merger.
2242	Fulk2018	discussion_only	fulk-complete-ten-citation	Identity/cell checked against live393 and full core-source aliases; actual passages in applicability.tsv consulted, complete relevant sections and notes read; original images checked only for explicitly marked quotations.	The PIE ten roots and WGmc i-stem history are contrasted. Mutated tien is not the selected tēon, which belongs to the unmutated compound stem in hund-tēon-tig. Dialect/citation and compound-cell limits precede any vowel alignment.
2244	Fulk2018	evidence_found	fulk-complete-index-thanks-family	Identity/cell checked against live393 and full core-source aliases; actual passages in applicability.tsv consulted, complete relevant sections and notes read; original images checked only for explicitly marked quotations.	Literal PGmc-index quotation; entry directs to §4.8. The corresponding relevant chapters were read. The index's language heading classifies the displayed representation, not a separately established dated selected endpoint; endorsement, alternatives and passage qualifications remain independent. No star is added to the starless index and no ending is stripped.
2252	Fulk2018	evidence_found	fulk-complete-thousand-formation;fulk-complete-thousand-stem;fulk-complete-index-thousand	Identity/cell checked against live393 and full core-source aliases; actual passages in applicability.tsv consulted, complete relevant sections and notes read; original images checked only for explicitly marked quotations.	The author reconstructs a stem þūsund- with a strong-hundred compound analysis. Gothic, Norse, OE and OHG inflect it in different classes; selected corpus þūs-undī is not the same quotation unit and its ending cannot be supplied by removing Fulk's stem dash. Direct stem quotation; the corpus undī ending has no correspondence supplied by removing this stem dash. Literal PGmc-index quotation; entry directs to §10.6. The corresponding relevant chapters were read. The index's language heading classifies the displayed representation, not a separately established dated selected endpoint; endorsement, alternatives and passage qualifications remain independent. No star is added to the starless index and no ending is stripped.
2253	Fulk2018	discussion_only	fulk-complete-thrash-suffix	Identity/cell checked against live393 and full core-source aliases; actual passages in applicability.tsv consulted, complete relevant sections and notes read; original images checked only for explicitly marked quotations.	The thrash ske/o formative is described as iterative or consuetudinal with uncertainty, compared with throw. Root, formative and infinitive ending are different units; a semantic proposal is not an adopted morphology conditioner.
2254	Fulk2018	evidence_found	raising-fulk-conditioners;fulk-complete-three-analogy;fulk-complete-three-pgmc	Sections4.3-4.4, printed55-59 read for high-front raising, quantity and dating; Ringe's numeral-specific inference kept separate. Supplement: Identity/cell checked against live393 and full core-source aliases; actual passages in applicability.tsv consulted, complete relevant sections and notes read; original images checked only for explicitly marked quotations.	General process evidence only; neither another three reconstruction nor endorsement of every j-loss premise. Supplement (prior qualification preserved): OE masculine þrīe has an analogically added adjective ending to a three stem. PGmc nominative development, PIE tri/trei grading, genitive and dative cells, and later analogy are separate. This supplements rather than overwrites the existing raising review. PIE should have produced this; source parenthesized j retained. Later þrīz and OE adjective-ending addition are separate. General process evidence only; neither another three reconstruction nor endorsement of every j-loss premise.
2257	Fulk2018	evidence_found	fulk-complete-tide-formation;fulk-complete-tide-accented-stem	Identity/cell checked against live393 and full core-source aliases; actual passages in applicability.tsv consulted, complete relevant sections and notes read; original images checked only for explicitly marked quotations.	The tide family is explicitly represented by an accented PGmc stem; a different mon formation is illustrated by ON tíma. The family connection is not proof of a common full-word ending or stem class. Direct accented segmented stem, distinct from the adjacent ON time mon-stem formation.
2258	Fulk2018	discussion_only	fulk-complete-heaven-timber	Identity/cell checked against live393 and full core-source aliases; actual passages in applicability.tsv consulted, complete relevant sections and notes read; original images checked only for explicitly marked quotations.	Heaven branch variants and timber-related consonantal comparison are relevant to lexical grouping and consonantism. The verb timbrjan/timbrian is a family comparandum for the selected timber noun, not its noun ending. Prefixes and spellings do not determine stages.
2262	Fulk2018	evidence_found	fulk-complete-tongue-on;fulk-complete-tongue-italic;fulk-complete-index-tongue	Identity/cell checked against live393 and full core-source aliases; actual passages in applicability.tsv consulted, complete relevant sections and notes read; original images checked only for explicitly marked quotations.	The tongue ōn-stem paradigm distinguishes nominative tunge and oblique tungan. Feminine leveling from ā-stem nouns is an author's historical explanation, not a supplied full selected PGmc word. Latin lingua and Gothic tuggō are an actual lexical commonality; contact, inheritance and parallelism must be distinguished. This listing does not assign a loan or a selected full OE cell. Literal PGmc-index quotation; entry directs to §5.6. The corresponding relevant chapters were read. The index's language heading classifies the displayed representation, not a separately established dated selected endpoint; endorsement, alternatives and passage qualifications remain independent. No star is added to the starless index and no ending is stripped.
2264	Fulk2018	discussion_only	fulk-complete-tread-classes	Identity/cell checked against live393 and full core-source aliases; actual passages in applicability.tsv consulted, complete relevant sections and notes read; original images checked only for explicitly marked quotations.	Gothic/Norse class IV contrasts with WGmc class V in tread. Competing root explanations are footnoted. Class membership and same-etymon identification do not supply an identical full PGmc word.
2267	Fulk2018	evidence_found	fulk-complete-index-wain	Identity/cell checked against live393 and full core-source aliases; actual passages in applicability.tsv consulted, complete relevant sections and notes read; original images checked only for explicitly marked quotations.	Literal PGmc-index quotation; entry directs to §4.14. The corresponding relevant chapters were read. The index's language heading classifies the displayed representation, not a separately established dated selected endpoint; endorsement, alternatives and passage qualifications remain independent. No star is added to the starless index and no ending is stripped.
2268	Fulk2018	discussion_only	fulk-complete-wake-mixed	Identity/cell checked against live393 and full core-source aliases; actual passages in applicability.tsv consulted, complete relevant sections and notes read; original images checked only for explicitly marked quotations.	OE strong wæcnan and weak wæcnian are distinct formations, with weak-class-IV and mixed histories uncertain. The selected wacan and corpus wakēną must not be directly validated by either source example without a formation bridge.
2272	Fulk2018	discussion_only	fulk-complete-wash-water-proposal	Identity/cell checked against live393 and full core-source aliases; actual passages in applicability.tsv consulted, complete relevant sections and notes read; original images checked only for explicitly marked quotations.	Bammesberger entertains a wash formation from a water-root plus sk. This is a reported lexical-family connection, not an unqualified Fulk selected-water or wash full-word reconstruction.
2274	Fulk2018	evidence_found	fulk-complete-water-heteroclisis;fulk-complete-wash-water-proposal;fulk-complete-water-oe-citation;fulk-complete-index-water-r-stem	Identity/cell checked against live393 and full core-source aliases; actual passages in applicability.tsv consulted, complete relevant sections and notes read; original images checked only for explicitly marked quotations.	Gothic watō/watins and Norse vatn reflect n-stem generalization, while WGmc has r-stems and OE wæter. Branch variants and Gothic obliques belong to a historical paradigm, not alternative spellings of the same selected full word. Bammesberger entertains a wash formation from a water-root plus sk. This is a reported lexical-family connection, not an unqualified Fulk selected-water or wash full-word reconstruction. Exact selected spelling in the branch-specific r-stem account; not Gothic watō/watins. Literal PGmc-index quotation; entry directs to §5.3. The corresponding relevant chapters were read. The index's language heading classifies the displayed representation, not a separately established dated selected endpoint; endorsement, alternatives and passage qualifications remain independent. No star is added to the starless index and no ending is stripped.
2276	Fulk2018	evidence_found	fulk-complete-index-wax-grow-stem	Identity/cell checked against live393 and full core-source aliases; actual passages in applicability.tsv consulted, complete relevant sections and notes read; original images checked only for explicitly marked quotations.	Literal PGmc-index quotation; entry directs to §12.19 n.2. The corresponding relevant chapters were read. The index's language heading classifies the displayed representation, not a separately established dated selected endpoint; endorsement, alternatives and passage qualifications remain independent. No star is added to the starless index and no ending is stripped.
2278	Fulk2018	discussion_only	fulk-complete-weapon-metre	Identity/cell checked against live393 and full core-source aliases; actual passages in applicability.tsv consulted, complete relevant sections and notes read; original images checked only for explicitly marked quotations.	Weapon plural syllabicity is metrical evidence bearing on final sonorants and endings. It does not itself author a new whole-word PGmc reconstruction for the selected singular-like wǣpn.
2291	Fulk2018	evidence_found	fulk-complete-index-wight-identity-question	Identity/cell checked against live393 and full core-source aliases; actual passages in applicability.tsv consulted, complete relevant sections and notes read; original images checked only for explicitly marked quotations.	Literal PGmc-index quotation; entry directs to §4.9. The corresponding relevant chapters were read. The index's language heading classifies the displayed representation, not a separately established dated selected endpoint; endorsement, alternatives and passage qualifications remain independent. No star is added to the starless index and no ending is stripped.
2292	Fulk2018	evidence_found	fulk-complete-will-accounts;fulk-complete-will-bammesberger-wal;fulk-complete-will-bammesberger-wul	Identity/cell checked against live393 and full core-source aliases; actual passages in applicability.tsv consulted, complete relevant sections and notes read; original images checked only for explicitly marked quotations.	Will wishing is an etymological optative present with an e-grade j-present rather than a causative o-grade. Fulk questions the need for inherited wal/wul: Anglian walde may be phonological, well- lowered or mixed with choose, wolde analogical by rhyming attraction. These are alternatives, not all endorsed sound laws. Fulk raises objections and at p330 suggests the stem may be unnecessary. This is not his endorsed selected present infinitive. Fulk questions the need for this stem at p330; keep the reported root-grade position separate.
2293	Fulk2018	discussion_only	fulk-complete-will-noun-j	Identity/cell checked against live393 and full core-source aliases; actual passages in applicability.tsv consulted, complete relevant sections and notes read; original images checked only for explicitly marked quotations.	OHG willeo volition is an actual noun example in the discussion of j and its spelling/fricativization. This is a noun-family consultation distinct from the wanting verb; it supplies no selected OE willa full PGmc reconstruction.
2294	Fulk2018	evidence_found	fulk-complete-wind-lowering-boundary;fulk-complete-wind-present;fulk-complete-index-wind-participle	Identity/cell checked against live393 and full core-source aliases; actual passages in applicability.tsv consulted, complete relevant sections and notes read; original images checked only for explicitly marked quotations.	The explicitly cited OE participle wunden shows prevention of u-lowering before a tautosyllabic nasal. This is the winding verb and an alternative cell, not the wind noun or the wound etymon. The source PGmc participial unit must not replace selected windan. Wind is explicitly the windan verbal family, with a nasal-infixed present comparison. The wind noun indexed under stressed-vowel discussion is excluded as a selected identity. Literal PGmc-index quotation; entry directs to §4.3. The corresponding relevant chapters were read. The index's language heading classifies the displayed representation, not a separately established dated selected endpoint; endorsement, alternatives and passage qualifications remain independent. No star is added to the starless index and no ending is stripped.
2295	Fulk2018	discussion_only	fulk-complete-winter-u-plural	Identity/cell checked against live393 and full core-source aliases; actual passages in applicability.tsv consulted, complete relevant sections and notes read; original images checked only for explicitly marked quotations.	OE neuter plural wintru is probably analogical. It is not a direct inherited ending for the selected winter citation, nor proof of a universal u-stem ending.
2298	Fulk2018	evidence_found	fulk-complete-index-wolf	Identity/cell checked against live393 and full core-source aliases; actual passages in applicability.tsv consulted, complete relevant sections and notes read; original images checked only for explicitly marked quotations.	Literal PGmc-index quotation; entry directs to §6.14. The corresponding relevant chapters were read. The index's language heading classifies the displayed representation, not a separately established dated selected endpoint; endorsement, alternatives and passage qualifications remain independent. No star is added to the starless index and no ending is stripped.
2299	Fulk2018	evidence_found	fulk-complete-index-wonder	Identity/cell checked against live393 and full core-source aliases; actual passages in applicability.tsv consulted, complete relevant sections and notes read; original images checked only for explicitly marked quotations.	Literal PGmc-index quotation; entry directs to §5.6. The corresponding relevant chapters were read. The index's language heading classifies the displayed representation, not a separately established dated selected endpoint; endorsement, alternatives and passage qualifications remain independent. No star is added to the starless index and no ending is stripped.
2300	Fulk2018	evidence_found	fulk-complete-index-wool-infix;fulk-complete-index-wool-stem	Identity/cell checked against live393 and full core-source aliases; actual passages in applicability.tsv consulted, complete relevant sections and notes read; original images checked only for explicitly marked quotations.	Literal PGmc-index quotation; entry directs to §6.8. The corresponding relevant chapters were read. The index's language heading classifies the displayed representation, not a separately established dated selected endpoint; endorsement, alternatives and passage qualifications remain independent. No star is added to the starless index and no ending is stripped.
2304	Fulk2018	discussion_only	fulk-complete-wring-shine	Identity/cell checked against live393 and full core-source aliases; actual passages in applicability.tsv consulted, complete relevant sections and notes read; original images checked only for explicitly marked quotations.	Wring and shine are actual comparative leads in present-stem formation. A PIE root and a nasal or other present formative are distinct from a selected fully inflected Germanic word; nasalization cannot be implemented merely because a corpus form looks compatible.
2306	Fulk2018	evidence_found	fulk-complete-index-year	Identity/cell checked against live393 and full core-source aliases; actual passages in applicability.tsv consulted, complete relevant sections and notes read; original images checked only for explicitly marked quotations.	Literal PGmc-index quotation; entry directs to §6.14. The corresponding relevant chapters were read. The index's language heading classifies the displayed representation, not a separately established dated selected endpoint; endorsement, alternatives and passage qualifications remain independent. No star is added to the starless index and no ending is stripped.
2307	Fulk2018	evidence_found	fulk-complete-index-yoke;fulk-complete-index-yoke-oblique	Identity/cell checked against live393 and full core-source aliases; actual passages in applicability.tsv consulted, complete relevant sections and notes read; original images checked only for explicitly marked quotations.	Literal PGmc-index quotation; entry directs to §4.3 n.2. The corresponding relevant chapters were read. The index's language heading classifies the displayed representation, not a separately established dated selected endpoint; endorsement, alternatives and passage qualifications remain independent. No star is added to the starless index and no ending is stripped.
2308	Fulk2018	evidence_found	fulk-complete-index-youth-stem	Identity/cell checked against live393 and full core-source aliases; actual passages in applicability.tsv consulted, complete relevant sections and notes read; original images checked only for explicitly marked quotations.	Literal PGmc-index quotation; entry directs to §5.6. The corresponding relevant chapters were read. The index's language heading classifies the displayed representation, not a separately established dated selected endpoint; endorsement, alternatives and passage qualifications remain independent. No star is added to the starless index and no ending is stripped.
2313	Fulk2018	evidence_found	fulk-complete-learn-endpoint;fulk-complete-learn-stem-p114;fulk-complete-index-learn-stem-alternant	Identity/cell checked against live393 and full core-source aliases; actual passages in applicability.tsv consulted, complete relevant sections and notes read; original images checked only for explicitly marked quotations.	The learn formation appears in consonant-history discussion, but p114 explicitly calls the lizn- formation probably a WGmc innovation. This qualification blocks automatic PGmc membership from the apparent source label elsewhere. The infinitive evidence is not a quotation of liorna or liornaþ. The word probably modifies its WGmc-innovation assertion. Infinitive family evidence is not a quoted imperative or 3sg cell. Literal PGmc-index quotation; entry directs to §6.6. The corresponding relevant chapters were read. The index's language heading classifies the displayed representation, not a separately established dated selected endpoint; endorsement, alternatives and passage qualifications remain independent. No star is added to the starless index and no ending is stripped.
2314	Fulk2018	evidence_found	fulk-complete-learn-endpoint;fulk-complete-learn-stem-p114;fulk-complete-index-learn-stem-alternant	Identity/cell checked against live393 and full core-source aliases; actual passages in applicability.tsv consulted, complete relevant sections and notes read; original images checked only for explicitly marked quotations.	The learn formation appears in consonant-history discussion, but p114 explicitly calls the lizn- formation probably a WGmc innovation. This qualification blocks automatic PGmc membership from the apparent source label elsewhere. The infinitive evidence is not a quotation of liorna or liornaþ. The word probably modifies its WGmc-innovation assertion. Infinitive family evidence is not a quoted imperative or 3sg cell. Literal PGmc-index quotation; entry directs to §6.6. The corresponding relevant chapters were read. The index's language heading classifies the displayed representation, not a separately established dated selected endpoint; endorsement, alternatives and passage qualifications remain independent. No star is added to the starless index and no ending is stripped.
2315	Fulk2018	discussion_only	fulk-complete-lick-nasal	Identity/cell checked against live393 and full core-source aliases; actual passages in applicability.tsv consulted, complete relevant sections and notes read; original images checked only for explicitly marked quotations.	The lick family illustrates primary PIE formation and a nasal-suffix alternative in Germanic discussion. These roots/stems do not quote selected licca or liccaþ; the finite rows are screened as the same etymon with independent ending questions.
2316	Fulk2018	discussion_only	fulk-complete-lick-nasal	Identity/cell checked against live393 and full core-source aliases; actual passages in applicability.tsv consulted, complete relevant sections and notes read; original images checked only for explicitly marked quotations.	The lick family illustrates primary PIE formation and a nasal-suffix alternative in Germanic discussion. These roots/stems do not quote selected licca or liccaþ; the finite rows are screened as the same etymon with independent ending questions.
2322	Fulk2018	evidence_found	fulk-complete-who-length;fulk-complete-who-pgmc	Identity/cell checked against live393 and full core-source aliases; actual passages in applicability.tsv consulted, complete relevant sections and notes read; original images checked only for explicitly marked quotations.	OE hwā can reflect a short-vowel PGmc form with z-loss and lengthening before Anglo-Frisian brightening. This is not direct inherited long PGmc ā. Analogy in OS/OHG differs from the OE route; feminine and other-case forms remain distinct. OE can reflect this with z-loss and subsequent lengthening; superscript w retained and inherited PGmc ā not invented.
2326	Fulk2018	evidence_found	fulk-complete-you-dative;fulk-complete-you-pgmc-proposal;fulk-complete-you-wgmc-endpoint	Identity/cell checked against live393 and full core-source aliases; actual passages in applicability.tsv consulted, complete relevant sections and notes read; original images checked only for explicitly marked quotations.	The paradigm explicitly distinguishes dat plural ēow from acc ēow(ic). Competing izwiz/iwiz/iuwiz histories are argued structurally; Fulk finds reduplication and dissimilation more persuasive, while Ringe's different PIE proposal is reported. PGmc and WGmc steps remain separate. Fulk favors this structural/dissimilation account without presenting consensus; WGmc iuwiz is a subsequent distinct endpoint. Retained separately from PGmc izwiz and alternative iwiz; the source's two possible consonantal routes are not collapsed.
2328	Fulk2018	discussion_only	fulk-complete-class7-oe	Identity/cell checked against live393 and full core-source aliases; actual passages in applicability.tsv consulted, complete relevant sections and notes read; original images checked only for explicitly marked quotations.	Let, read, sleep and sow belong to the relevant class-VII comparison. NWGmc ē₂ origin, relic reduplication, e-infixation and competing phonological theories are argued, not mere notation variants. Each lexical selected infinitive remains separate from preterite evidence.
2330	Fulk2018	discussion_only	fulk-complete-thought-nasal	Identity/cell checked against live393 and full core-source aliases; actual passages in applicability.tsv consulted, complete relevant sections and notes read; original images checked only for explicitly marked quotations.	Loss before a voiceless fricative with nasalization/compensatory lengthening and later NSGmc vowel outcomes belongs to the bring/thought account. The selected thought cell is a preterite, whereas bring is an infinitive. Dental formation and the absence of connecting i must be kept distinct from a quoted whole-word reconstruction.
2332	Fulk2018	discussion_only	hue-fulk-raising;hue-fulk-objection;raising-fulk-conditioners	Released image-verified raising and objection passages59,71-72,126; lowering/raising comparison55-59 read, including original57. Supplement: Identity/cell checked against live393 and full core-source aliases; actual passages in applicability.tsv consulted, complete relevant sections and notes read; original images checked only for explicitly marked quotations.	No fabricated Fulk whole-word hue form; retain the different conditioners, chronological qualifications and geminate objection separately. Supplement (prior qualification preserved): No fabricated Fulk whole-word hue form; retain the different conditioners, chronological qualifications and geminate objection separately.
1934	RingeTaylor2014	evidence_found	rt-complete-1934-001;rt-complete-1934-003;rt-complete-1934-004;rt-complete-1934-005;rt-complete-1934-006;rt-complete-1934-007;rt-complete-1934-008;rt-complete-1934-010;rt-complete-1934-011;rt-complete-1934-012;rt-alignment-bake-second-singular;rt-alignment-bake-paradigm-argument	Full held lexical-index/contents and row-specific aliases screened; applicable identity-anchored body paragraphs and related formation/method arguments inspected. bacan: printed126,233	Text-checked actual applicable source units; retain direct forms, attested examples and process statements separately. No input adoption, historical equivalence, silence-as-dissent or image verification beyond the inherited checks is claimed. Alignment follow-up supplies the omitted second-singular endpoint and exact class-VI argument; consultation count is unchanged.
1936	RingeTaylor2014	evidence_found	rt-complete-1936-001;rt-complete-1936-003;rt-complete-1936-004;rt-complete-1936-005	Full held lexical-index/contents and row-specific aliases screened; applicable identity-anchored body paragraphs and related formation/method arguments inspected. bannan: printed126,348	Verbal proclaim/summon family; not the selected noun genitive. No input adoption, historical equivalence, silence-as-dissent or image verification beyond the inherited checks is claimed.
1937	RingeTaylor2014	evidence_found	rt-complete-1937-001;rt-complete-1937-002;rt-complete-1937-003;rt-complete-1937-004;rt-complete-1937-005;rt-complete-1937-006;rt-complete-1937-007	Full held lexical-index/contents and row-specific aliases screened; applicable identity-anchored body paragraphs and related formation/method arguments inspected. berga-: printed182,313	Text-checked actual applicable source units; retain direct forms, attested examples and process statements separately. No input adoption, historical equivalence, silence-as-dissent or image verification beyond the inherited checks is claimed.
1939	RingeTaylor2014	evidence_found	rt-complete-1939-001;rt-complete-1939-002;rt-complete-1939-003;rt-complete-1939-004;rt-complete-1939-005;rt-complete-1939-006;rt-complete-1939-007;rt-complete-1939-008	Full held lexical-index/contents and row-specific aliases screened; applicable identity-anchored body paragraphs and related formation/method arguments inspected. bath: printed194	Text-checked actual applicable source units; retain direct forms, attested examples and process statements separately. No input adoption, historical equivalence, silence-as-dissent or image verification beyond the inherited checks is claimed.
1940	RingeTaylor2014	evidence_found	rt-complete-1940-001;rt-complete-1940-002;rt-complete-1940-003;rt-complete-1940-004;rt-complete-1940-005	Full held lexical-index/contents and row-specific aliases screened; applicable identity-anchored body paragraphs and related formation/method arguments inspected. beard: printed180	Text-checked actual applicable source units; retain direct forms, attested examples and process statements separately. No input adoption, historical equivalence, silence-as-dissent or image verification beyond the inherited checks is claimed.
1944	RingeTaylor2014	evidence_found	rt-complete-1944-001;rt-complete-1944-002;rt-complete-1944-003;rt-complete-1944-004;rt-complete-1944-005;rt-complete-1944-006;rt-alignment-believe-ws;rt-alignment-believe-mutation	Full held lexical-index/contents and row-specific aliases screened; applicable identity-anchored body paragraphs and related formation/method arguments inspected. galaubijana: printed245	Text-checked actual applicable source units; retain direct forms, attested examples and process statements separately. No input adoption, historical equivalence, silence-as-dissent or image verification beyond the inherited checks is claimed.
1945	RingeTaylor2014	evidence_found	rt-complete-1945-001;rt-complete-1945-002;rt-complete-1945-003;rt-complete-1945-004;rt-complete-1945-005;rt-complete-1945-006;rt-complete-1945-007;rt-complete-1945-008;rt-complete-1945-009;rt-complete-1945-010;rt-complete-1945-011;rt-complete-1945-012;rt-complete-1945-013;rt-complete-1945-014;rt-complete-1945-015;rt-complete-1945-016;rt-complete-1945-017;rt-complete-1945-018;rt-complete-1945-019;rt-complete-1945-020;rt-complete-1945-021;rt-complete-1945-022;rt-complete-1945-023;rt-alignment-belly-ws-243;rt-alignment-belly-ws-287;rt-alignment-belly-dialect-history	Full held lexical-index/contents and row-specific aliases screened; applicable identity-anchored body paragraphs and related formation/method arguments inspected. balgiz: printed208,231,243,287	Text-checked actual applicable source units; retain direct forms, attested examples and process statements separately. No input adoption, historical equivalence, silence-as-dissent or image verification beyond the inherited checks is claimed.
1947	RingeTaylor2014	discussion_only	rt-complete-1947-001;rt-complete-1947-002;rt-alignment-offer-bebytst;rt-alignment-offer-bebiet;rt-alignment-offer-finite-history	Full held lexical-index/contents and row-specific aliases screened; applicable identity-anchored body paragraphs and related formation/method arguments inspected. béodan: printed350	Offer/command béodan, never ask biddan (1948). No input adoption, historical equivalence, silence-as-dissent or image verification beyond the inherited checks is claimed.
1948	RingeTaylor2014	evidence_found	rt-complete-1948-001;rt-complete-1948-002;rt-complete-1948-003;rt-complete-1948-004;rt-complete-1948-005;rt-complete-1948-006;rt-complete-1948-007;rt-complete-1948-008;rt-complete-1948-009;rt-complete-1948-010;rt-complete-1948-011	Full held lexical-index/contents and row-specific aliases screened; applicable identity-anchored body paragraphs and related formation/method arguments inspected. bidjana: printed51; biddan: printed351	Ask biddan, never offer/command béodan (1947). No input adoption, historical equivalence, silence-as-dissent or image verification beyond the inherited checks is claimed.
1950	RingeTaylor2014	evidence_found	rt-complete-1950-001;rt-complete-1950-002;rt-complete-1950-003;rt-complete-1950-004;rt-complete-1950-005;rt-complete-1950-006;rt-complete-1950-007;rt-complete-1950-008;rt-complete-1950-009;rt-complete-1950-010;rt-complete-1950-011;rt-alignment-bind-participle-oe	Full held lexical-index/contents and row-specific aliases screened; applicable identity-anchored body paragraphs and related formation/method arguments inspected. bind: printed153,144	Text-checked actual applicable source units; retain direct forms, attested examples and process statements separately. No input adoption, historical equivalence, silence-as-dissent or image verification beyond the inherited checks is claimed. Alignment supplement (153): OE present participle, not selected infinitive; retained verification and selected-cell limits.
1951	RingeTaylor2014	evidence_found	rt-complete-1951-001;rt-complete-1951-002;rt-complete-1951-003;rt-alignment-birth-verbal-endpoint	Full held lexical-index/contents and row-specific aliases screened; applicable identity-anchored body paragraphs and related formation/method arguments inspected. buridé: printed271	Begotten verbal cell is family evidence, not a birth-noun citation. No input adoption, historical equivalence, silence-as-dissent or image verification beyond the inherited checks is claimed. Alignment supplement (271): OE weak past indicative 3sg it happened; not birth noun; retained verification and selected-cell limits.
1952	RingeTaylor2014	evidence_found	rt-complete-1952-001;rt-complete-1952-002;rt-complete-1952-003;rt-complete-1952-004;rt-complete-1952-005;rt-complete-1952-006;rt-complete-1952-007;rt-complete-1952-008;rt-complete-1952-009;rt-complete-1952-010;rt-complete-1952-011	Full held lexical-index/contents and row-specific aliases screened; applicable identity-anchored body paragraphs and related formation/method arguments inspected. blode: printed299	Text-checked actual applicable source units; retain direct forms, attested examples and process statements separately. No input adoption, historical equivalence, silence-as-dissent or image verification beyond the inherited checks is claimed.
1955	RingeTaylor2014	evidence_found	rt-complete-1955-001;rt-complete-1955-002;rt-complete-1955-003;rt-complete-1955-004;rt-complete-1955-005;rt-complete-1955-006;rt-complete-1955-007;rt-complete-1955-008;rt-complete-1955-009;rt-complete-1955-010;rt-complete-1955-011;alignment-book-plural-history;rt-alignment-book-208-northumbrian;rt-alignment-book-208-ws;rt-alignment-book-227-northumbrian;rt-alignment-book-227-ws;rt-alignment-book-286-northumbrian;rt-alignment-book-286-ws	Full held lexical-index/contents and row-specific aliases screened; applicable identity-anchored body paragraphs and related formation/method arguments inspected. bokari: printed138; bokiz: printed208,227,286	Book plural and scribe derivative are separate cells/formations; no beech-tree identity is inferred. No input adoption, historical equivalence, silence-as-dissent or image verification beyond the inherited checks is claimed. Alignment supplement (208,227,286): PNWGmc inscribed-billets/books plural, mutation/palatal effects and later stem-vowel loss; retained verification and selected-cell limits. Alignment supplement (208): Northumbrian books plural in this actual occurrence; retained verification and selected-cell limits. Alignment supplement (208): WS books plural in this actual occurrence; retained verification and selected-cell limits. Alignment supplement (227): Northumbrian books plural in this actual occurrence; retained verification and selected-cell limits. Alignment supplement (227): WS books plural in this actual occurrence; retained verification and selected-cell limits. Alignment supplement (286): Northumbrian books plural in this actual occurrence; retained verification and selected-cell limits. Alignment supplement (286): WS books plural in this actual occurrence; retained verification and selected-cell limits.
1957	RingeTaylor2014	evidence_found	rt-complete-1957-001;rt-complete-1957-003;rt-complete-1957-004;rt-complete-1957-005;alignment-bosom-epenthesis	Full held lexical-index/contents and row-specific aliases screened; applicable identity-anchored body paragraphs and related formation/method arguments inspected. bosm: printed332	Text-checked actual applicable source units; retain direct forms, attested examples and process statements separately. No input adoption, historical equivalence, silence-as-dissent or image verification beyond the inherited checks is claimed. Alignment supplement (331-332): OE final Cm clusters and later/dialectal epenthetic vowels; retained verification and selected-cell limits.
1958	RingeTaylor2014	evidence_found	rt-complete-1958-001;rt-complete-1958-002;rt-complete-1958-003;rt-complete-1958-004;rt-complete-1958-005;rt-complete-1958-006;rt-complete-1958-007	Full held lexical-index/contents and row-specific aliases screened; applicable identity-anchored body paragraphs and related formation/method arguments inspected. both: printed121,388	Text-checked actual applicable source units; retain direct forms, attested examples and process statements separately. No input adoption, historical equivalence, silence-as-dissent or image verification beyond the inherited checks is claimed.
1959	RingeTaylor2014	evidence_found	rt-complete-1959-001;rt-complete-1959-002;rt-complete-1959-003;rt-complete-1959-004;rt-complete-1959-005;rt-complete-1959-006	Full held lexical-index/contents and row-specific aliases screened; applicable identity-anchored body paragraphs and related formation/method arguments inspected. botm: printed332,341	Text-checked actual applicable source units; retain direct forms, attested examples and process statements separately. No input adoption, historical equivalence, silence-as-dissent or image verification beyond the inherited checks is claimed.
1961	RingeTaylor2014	evidence_found	rt-complete-1961-001;rt-complete-1961-002;rt-complete-1961-003;rt-complete-1961-004;rt-complete-1961-005;rt-complete-1961-006;rt-complete-1961-007;rt-alignment-causative-ws-209;rt-alignment-causative-kent-246;rt-alignment-causative-kent-finite-246;rt-alignment-causative-past;rt-alignment-causative-past-ws;rt-alignment-causative-past-north;rt-alignment-causative-present-nwg-2;rt-alignment-causative-present-nwg-3;rt-alignment-causative-present-wg-2;rt-alignment-causative-present-wg-3;rt-alignment-causative-present-ws-2;rt-alignment-causative-present-ws-3;rt-alignment-causative-present-kent-3;alignment-causative-cell-history	Full held lexical-index/contents and row-specific aliases screened; applicable identity-anchored body paragraphs and related formation/method arguments inspected. baugijana: printed209,246,296	Text-checked actual applicable source units; retain direct forms, attested examples and process statements separately. No input adoption, historical equivalence, silence-as-dissent or image verification beyond the inherited checks is claimed. Individual alignment:1961 is the weak causative; strong infinitive is family evidence. Supplement (209): WS weak bend infinitive. Supplement (246): Kentish weak bend infinitive. Supplement (246): Kentish finite he/she bends example, not infinitive. Supplement (268,280): PNWGmc weak past3sg; also quoted280, not strong singular preterite. Supplement (268,280): WS weak past3sg; same endpoint also280. Supplement (268,280): Northumbrian prefixed weak past3sg; same endpoint also280. Supplement (296): PNWGmc weak present2sg. Supplement (296): PNWGmc weak present3sg; native p not restored. Supplement (296): PWGmc weak present2sg. Supplement (296): PWGmc weak present3sg; native b not restored. Supplement (296): WS weak present2sg. Supplement (296): WS weak present3sg; native p retained. Supplement (296): Kentish prefixed weak present3sg; native p retained. Supplement (209,246,268,280,296): weak causative mutation, finite syncope/apocope and retained palatal fricative.
1962	RingeTaylor2014	evidence_found	rt-complete-1962-001;rt-complete-1962-002;rt-complete-1962-003;rt-complete-1962-004;alignment-strong-bend-northern	Full held lexical-index/contents and row-specific aliases screened; applicable identity-anchored body paragraphs and related formation/method arguments inspected. baugaz: printed309	Text-checked actual applicable source units; retain direct forms, attested examples and process statements separately. No input adoption, historical equivalence, silence-as-dissent or image verification beyond the inherited checks is claimed. Individual alignment:1962 is the selected strong singular preterite, not the homophonous ring noun; nominal quotations remain family evidence. Supplement (39-40): northern u-class present byforms versus Gothic/OHG eu and innovative ablaut.
1963	RingeTaylor2014	evidence_found	rt-complete-1963-001;rt-complete-1963-002;rt-complete-1963-003	Full held lexical-index/contents and row-specific aliases screened; applicable identity-anchored body paragraphs and related formation/method arguments inspected. boga: printed28	Text-checked actual applicable source units; retain direct forms, attested examples and process statements separately. No input adoption, historical equivalence, silence-as-dissent or image verification beyond the inherited checks is claimed.
1967	RingeTaylor2014	evidence_found	rt-complete-1967-001;rt-complete-1967-002;rt-complete-1967-003;rt-complete-1967-004;rt-complete-1967-005;rt-complete-1967-006;rt-complete-1967-007;rt-complete-1967-008;rt-complete-1967-009;rt-complete-1967-010;alignment-break-oe-bricb;alignment-break-oe-bricst;alignment-break-oe-bricp	Full held lexical-index/contents and row-specific aliases screened; applicable identity-anchored body paragraphs and related formation/method arguments inspected. brikizi: printed295	Source break 2sg/3sg cells are not the selected infinitive. No input adoption, historical equivalence, silence-as-dissent or image verification beyond the inherited checks is claimed. Individually read supplement (295): OE break third singular after apocope. Individually read supplement (295): OE levelled break second singular. Individually read supplement (295): OE levelled break third singular.
1968	RingeTaylor2014	evidence_found	rt-complete-1968-001;alignment-breast-oe	Full held lexical-index/contents and row-specific aliases screened; applicable identity-anchored body paragraphs and related formation/method arguments inspected. breusta: printed174	Text-checked actual applicable source units; retain direct forms, attested examples and process statements separately. No input adoption, historical equivalence, silence-as-dissent or image verification beyond the inherited checks is claimed. Individually read supplement (174): OE breast endpoint.
1969	RingeTaylor2014	evidence_found	rt-complete-1969-001;rt-complete-1969-002;rt-complete-1969-003;rt-complete-1969-004;rt-complete-1969-005;rt-complete-1969-006	Full held lexical-index/contents and row-specific aliases screened; applicable identity-anchored body paragraphs and related formation/method arguments inspected. brokiz: printed208,227	Text-checked actual applicable source units; retain direct forms, attested examples and process statements separately. No input adoption, historical equivalence, silence-as-dissent or image verification beyond the inherited checks is claimed.
1970	RingeTaylor2014	evidence_found	rt-complete-1970-001;rt-complete-1970-003	Full held lexical-index/contents and row-specific aliases screened; applicable identity-anchored body paragraphs and related formation/method arguments inspected. bryd: printed224	Text-checked actual applicable source units; retain direct forms, attested examples and process statements separately. No input adoption, historical equivalence, silence-as-dissent or image verification beyond the inherited checks is claimed.
1971	RingeTaylor2014	evidence_found	rt-complete-1971-001;rt-complete-1971-002;rt-complete-1971-003;rt-complete-1971-004;rt-complete-1971-005;rt-complete-1971-006;rt-complete-1971-007;alignment-bring-oe-2sg;alignment-bring-oe-3sg;alignment-bring-north;alignment-bring-heavy-stems	Full held lexical-index/contents and row-specific aliases screened; applicable identity-anchored body paragraphs and related formation/method arguments inspected. bringan: printed4,350	Text-checked actual applicable source units; retain direct forms, attested examples and process statements separately. No input adoption, historical equivalence, silence-as-dissent or image verification beyond the inherited checks is claimed. Individually read supplement (350): West Saxon bring second singular, heavy-stem table. Individually read supplement (350): West Saxon bring third singular, heavy-stem table. Individually read supplement (350): Northumbrian prefixed bring third singular. Individually read supplement (349-350): heavy-stem present singular syncope and levelling.
1972	RingeTaylor2014	evidence_found	rt-complete-1972-001;rt-complete-1972-002;rt-complete-1972-003	Full held lexical-index/contents and row-specific aliases screened; applicable identity-anchored body paragraphs and related formation/method arguments inspected. need: printed39	Need/use verb membership argument; no inference from later strong class to PGmc. No input adoption, historical equivalence, silence-as-dissent or image verification beyond the inherited checks is claimed.
1974	RingeTaylor2014	evidence_found	rt-complete-1974-001;rt-complete-1974-002;rt-complete-1974-004;rt-complete-1974-005;rt-complete-1974-006;rt-complete-1974-007	Full held lexical-index/contents and row-specific aliases screened; applicable identity-anchored body paragraphs and related formation/method arguments inspected. berstan: printed341,347	Text-checked actual applicable source units; retain direct forms, attested examples and process statements separately. No input adoption, historical equivalence, silence-as-dissent or image verification beyond the inherited checks is claimed.
1975	RingeTaylor2014	evidence_found	rt-complete-1975-001;rt-complete-1975-002;rt-complete-1975-003;rt-complete-1975-004;rt-complete-1975-005;rt-complete-1975-006;rt-complete-1975-007;rt-complete-1975-008;rt-complete-1975-009;rt-complete-1975-010;rt-complete-1975-011;rt-complete-1975-012;rt-complete-1975-013;rt-complete-1975-014;rt-complete-1975-015;rt-complete-1975-016;rt-complete-1975-017;rt-complete-1975-018;rt-complete-1975-019;rt-complete-1975-020;rt-complete-1975-021;rt-complete-1975-022;rt-complete-1975-023;rt-complete-1975-024;rt-complete-1975-025;rt-complete-1975-026;rt-complete-1975-027;rt-complete-1975-028;alignment-calf-rt-genitive;alignment-calf-rt-plural;alignment-calf-rt-plural-eru	Full held lexical-index/contents and row-specific aliases screened; applicable identity-anchored body paragraphs and related formation/method arguments inspected. kalb: printed205,231; cealf: printed385,386	Text-checked actual applicable source units; retain direct forms, attested examples and process statements separately. No input adoption, historical equivalence, silence-as-dissent or image verification beyond the inherited checks is claimed. Individually read supplement (385): early Mercian calf GEN.SG. Individually read supplement (385): early Mercian calf NOM.-ACC.PL. Individually read supplement (385): early Mercian calf alternate NOM.-ACC.PL.
1976	RingeTaylor2014	evidence_found	rt-complete-1976-001;rt-complete-1976-002;rt-complete-1976-004	Full held lexical-index/contents and row-specific aliases screened; applicable identity-anchored body paragraphs and related formation/method arguments inspected. céowan: printed173	Text-checked actual applicable source units; retain direct forms, attested examples and process statements separately. No input adoption, historical equivalence, silence-as-dissent or image verification beyond the inherited checks is claimed.
1977	RingeTaylor2014	evidence_found	rt-complete-1977-001;rt-complete-1977-002;rt-complete-1977-003;rt-complete-1977-004	Full held lexical-index/contents and row-specific aliases screened; applicable identity-anchored body paragraphs and related formation/method arguments inspected. klimban: printed127	Text-checked actual applicable source units; retain direct forms, attested examples and process statements separately. No input adoption, historical equivalence, silence-as-dissent or image verification beyond the inherited checks is claimed.
1978	RingeTaylor2014	evidence_found	rt-complete-1978-001;rt-complete-1978-002;rt-complete-1978-003;rt-complete-1978-004;rt-complete-1978-005;rt-complete-1978-006	Full held lexical-index/contents and row-specific aliases screened; applicable identity-anchored body paragraphs and related formation/method arguments inspected. kambaz: printed144,202	Text-checked actual applicable source units; retain direct forms, attested examples and process statements separately. No input adoption, historical equivalence, silence-as-dissent or image verification beyond the inherited checks is claimed.
1980	RingeTaylor2014	evidence_found	rt-complete-1980-001;rt-complete-1980-002;rt-complete-1980-003;rt-complete-1980-004;rt-complete-1980-005;rt-complete-1980-006;rt-complete-1980-007;rt-complete-1980-008;rt-complete-1980-009;alignment-cow-rt-dative;alignment-cow-rt-dat-pl;alignment-cow-rt-genitive	Full held lexical-index/contents and row-specific aliases screened; applicable identity-anchored body paragraphs and related formation/method arguments inspected. cow: printed86; cow: printed318	Text-checked actual applicable source units; retain direct forms, attested examples and process statements separately. No input adoption, historical equivalence, silence-as-dissent or image verification beyond the inherited checks is claimed. Individually read supplement (318): cow DAT.SG, also explicitly NOM.-ACC.PL; selected row is DAT.SG. Individually read supplement (318): cow DAT.PL, not selected DAT.SG. Individually read supplement (318): apparently cow GEN.SG.
1983	RingeTaylor2014	evidence_found	cud-ringe-taylor-wgmc;rt-complete-1983-001;rt-complete-1983-002;rt-complete-1983-003;rt-complete-1983-004;rt-complete-1983-005;rt-complete-1983-006;alignment-cud-rt-cognate-objection;alignment-cud-genitive;alignment-cud-cwudu;alignment-cud-cudu	cwidu and *kwidu passage under PAGE338 with printed323 running head and source index323. Full held lexical-index/contents and row-specific aliases screened; applicable identity-anchored body paragraphs and related formation/method arguments inspected. kwidu: printed323	The author begins at PWGmc i here; no explicit PGmc form or leveling-from-cwedu argument in this passage. Text-checked actual applicable source units; retain direct forms, attested examples and process statements separately. No input adoption, historical equivalence, silence-as-dissent or image verification beyond the inherited checks is claimed. Supplement (42): conditional original u-stem, uncertain early membership and rejected e-based cognates. Supplement (42): OE cud GEN.SG, not selected uninflected cwedu. Supplement (323): OE cud rounded variant with retained w. Supplement (323): OE cud rounded variant after w loss.
1985	RingeTaylor2014	evidence_found	rt-complete-1985-001;rt-complete-1985-002;rt-complete-1985-003;rt-complete-1985-004;rt-complete-1985-005;rt-complete-1985-006;rt-complete-1985-007;rt-complete-1985-008;rt-complete-1985-009;rt-complete-1985-010;rt-complete-1985-011;rt-complete-1985-012;rt-complete-1985-013;rt-complete-1985-014;rt-complete-1985-015;rt-complete-1985-016;rt-complete-1985-017;rt-complete-1985-018;rt-complete-1985-019;rt-complete-1985-020;rt-complete-1985-021;rt-complete-1985-022;rt-complete-1985-023;rt-complete-1985-024	Full held lexical-index/contents and row-specific aliases screened; applicable identity-anchored body paragraphs and related formation/method arguments inspected. dagaz: printed147,212	Text-checked actual applicable source units; retain direct forms, attested examples and process statements separately. No input adoption, historical equivalence, silence-as-dissent or image verification beyond the inherited checks is claimed.
1986	RingeTaylor2014	evidence_found	rt-complete-1986-001;rt-complete-1986-002;rt-complete-1986-003;rt-complete-1986-004;rt-complete-1986-005;rt-complete-1986-006;rt-complete-1986-007	Full held lexical-index/contents and row-specific aliases screened; applicable identity-anchored body paragraphs and related formation/method arguments inspected. dailiz: printed234,287	Text-checked actual applicable source units; retain direct forms, attested examples and process statements separately. No input adoption, historical equivalence, silence-as-dissent or image verification beyond the inherited checks is claimed.
1987	RingeTaylor2014	evidence_found	rt-complete-1987-001;rt-complete-1987-002;rt-complete-1987-003;rt-complete-1987-004;rt-complete-1987-005;rt-complete-1987-006;rt-complete-1987-007;rt-complete-1987-008;rt-complete-1987-009;rt-complete-1987-010;rt-complete-1987-011;rt-complete-1987-012;rt-complete-1987-013;rt-complete-1987-014;rt-complete-1987-015;rt-complete-1987-016;rt-complete-1987-017;rt-complete-1987-018;rt-complete-1987-019;rt-complete-1987-020;rt-complete-1987-021;rt-complete-1987-022;rt-complete-1987-023;rt-complete-1987-024;rt-complete-1987-025;rt-complete-1987-026;rt-complete-1987-027;rt-complete-1987-028;rt-complete-1987-029;rt-complete-1987-030;rt-complete-1987-031;rt-complete-1987-032;rt-complete-1987-033;rt-complete-1987-034;rt-complete-1987-035;rt-complete-1987-036;rt-complete-1987-037;rt-complete-1987-038	Full held lexical-index/contents and row-specific aliases screened; applicable identity-anchored body paragraphs and related formation/method arguments inspected. dédiz: printed12,149,239,287,520	Text-checked actual applicable source units; retain direct forms, attested examples and process statements separately. No input adoption, historical equivalence, silence-as-dissent or image verification beyond the inherited checks is claimed.
1988	RingeTaylor2014	evidence_found	rt-complete-1988-001;rt-complete-1988-002	Full held lexical-index/contents and row-specific aliases screened; applicable identity-anchored body paragraphs and related formation/method arguments inspected. deuza: printed86,174,378	Text-checked actual applicable source units; retain direct forms, attested examples and process statements separately. No input adoption, historical equivalence, silence-as-dissent or image verification beyond the inherited checks is claimed.
1991	RingeTaylor2014	evidence_found	rt-complete-1991-001;rt-complete-1991-002;rt-complete-1991-003;rt-complete-1991-004;rt-complete-1991-006;rt-complete-1991-007;rt-complete-1991-008;rt-complete-1991-009;rt-complete-1991-010;rt-complete-1991-011;rt-complete-1991-012;rt-complete-1991-013;rt-complete-1991-014;rt-complete-1991-015;rt-complete-1991-016;rt-complete-1991-017;rt-complete-1991-018;rt-complete-1991-019;rt-complete-1991-020;rt-complete-1991-021;rt-complete-1991-022;rt-complete-1991-023;rt-complete-1991-024;rt-complete-1991-025;rt-complete-1991-026;rt-complete-1991-027;rt-complete-1991-028;rt-complete-1991-029;rt-complete-1991-030;rt-complete-1991-031;rt-complete-1991-032;rt-complete-1991-033;rt-complete-1991-034;rt-complete-1991-035;rt-complete-1991-036;rt-complete-1991-037;rt-complete-1991-038;rt-complete-1991-039;rt-complete-1991-040;rt-complete-1991-041;rt-complete-1991-042;rt-complete-1991-043;rt-complete-1991-044;alignment-do-rt-preoe-past;alignment-do-rt-athematic-path	Full held lexical-index/contents and row-specific aliases screened; applicable identity-anchored body paragraphs and related formation/method arguments inspected. don: printed110,143,369; du-du-: printed370; dénaz: printed519,520; done: printed519; dédun: printed517	Text-checked actual applicable source units; retain direct forms, attested examples and process statements separately. No input adoption, historical equivalence, silence-as-dissent or image verification beyond the inherited checks is claimed. Supplement (369): pre-OE past citation underlying dyde, not present infinitive. Supplement (369-370): athematic PWGmc present and selective OE umlaut explained by leveling.
1992	RingeTaylor2014	evidence_found	rt-complete-1992-001;rt-complete-1992-002	Full held lexical-index/contents and row-specific aliases screened; applicable identity-anchored body paragraphs and related formation/method arguments inspected. dur-: printed28; duru: printed385	Door root/u-stem formations and case history are retained, not equated to selected dor. No input adoption, historical equivalence, silence-as-dissent or image verification beyond the inherited checks is claimed.
1997	RingeTaylor2014	evidence_found	rt-complete-1997-001;rt-complete-1997-002;rt-complete-1997-003;rt-complete-1997-004;rt-complete-1997-005;rt-complete-1997-006;rt-complete-1997-007;rt-complete-1997-008;rt-complete-1997-011;rt-complete-1997-010;rt-complete-1997-012;rt-complete-1997-013;rt-complete-1997-014;rt-complete-1997-015;alignment-drink-rt-2sg;alignment-drink-rt-3sg	Full held lexical-index/contents and row-specific aliases screened; applicable identity-anchored body paragraphs and related formation/method arguments inspected. drincan: printed211,347,350	Text-checked actual applicable source units; retain direct forms, attested examples and process statements separately. No input adoption, historical equivalence, silence-as-dissent or image verification beyond the inherited checks is claimed. Supplement (350): WS heavy-stem present indicative2SG. Supplement (350): WS heavy-stem present indicative3SG; degraded dental b retained.
1998	RingeTaylor2014	evidence_found	rt-complete-1998-001;rt-complete-1998-002;rt-complete-1998-003;rt-complete-1998-004;rt-complete-1998-007;rt-complete-1998-006;rt-complete-1998-008;rt-complete-1998-009;rt-complete-1998-010;rt-complete-1998-011;rt-complete-1998-012;alignment-drive-rt-2sg;alignment-drive-rt-3sg	Full held lexical-index/contents and row-specific aliases screened; applicable identity-anchored body paragraphs and related formation/method arguments inspected. drifan: printed292,347,350	Text-checked actual applicable source units; retain direct forms, attested examples and process statements separately. No input adoption, historical equivalence, silence-as-dissent or image verification beyond the inherited checks is claimed. Supplement (350): actual WS present2SG beside heavy drive infinitive. Supplement (350): actual WS present3SG; native dental p retained.
1999	RingeTaylor2014	evidence_found	rt-complete-1999-001;rt-complete-1999-002;rt-complete-1999-003;rt-complete-1999-004;rt-complete-1999-005	Full held lexical-index/contents and row-specific aliases screened; applicable identity-anchored body paragraphs and related formation/method arguments inspected. eorbe: printed182	Text-checked actual applicable source units; retain direct forms, attested examples and process statements separately. No input adoption, historical equivalence, silence-as-dissent or image verification beyond the inherited checks is claimed.
2000	RingeTaylor2014	evidence_found	rt-complete-2000-001;rt-complete-2000-002;rt-complete-2000-003;rt-complete-2000-004;rt-complete-2000-005;rt-complete-2000-007;rt-complete-2000-008;rt-complete-2000-009;rt-complete-2000-010	Full held lexical-index/contents and row-specific aliases screened; applicable identity-anchored body paragraphs and related formation/method arguments inspected. etan: printed325,348	Text-checked actual applicable source units; retain direct forms, attested examples and process statements separately. No input adoption, historical equivalence, silence-as-dissent or image verification beyond the inherited checks is claimed.
2002	RingeTaylor2014	evidence_found	rt-complete-2002-001;rt-complete-2002-002;rt-complete-2002-003;rt-complete-2002-004;rt-complete-2002-005;rt-complete-2002-006;rt-complete-2002-007;rt-complete-2002-008;rt-complete-2002-009;alignment-fall-rt-ws	Full held lexical-index/contents and row-specific aliases screened; applicable identity-anchored body paragraphs and related formation/method arguments inspected. fallan: printed129,185	Text-checked actual applicable source units; retain direct forms, attested examples and process statements separately. No input adoption, historical equivalence, silence-as-dissent or image verification beyond the inherited checks is claimed. Supplement (185-186): actual WS fall infinitive after breaking; not Mercian/Northumbrian endpoint.
2003	RingeTaylor2014	evidence_found	rt-complete-2003-001;rt-complete-2003-002;rt-complete-2003-003;rt-complete-2003-004;rt-complete-2003-005;rt-complete-2003-006;rt-complete-2003-007;rt-complete-2003-008;rt-complete-2003-009;rt-complete-2003-010;rt-complete-2003-011;rt-complete-2003-012;rt-complete-2003-013;rt-complete-2003-014;rt-complete-2003-015;rt-complete-2003-016;rt-complete-2003-017;rt-complete-2003-018;rt-complete-2003-019;rt-complete-2003-020;rt-complete-2003-021;rt-complete-2003-022;rt-complete-2003-023;rt-complete-2003-024;rt-complete-2003-025;rt-complete-2003-026;rt-complete-2003-027;rt-complete-2003-028;rt-complete-2003-029;rt-complete-2003-030;rt-complete-2003-031;rt-complete-2003-032;rt-complete-2003-033;rt-complete-2003-034;rt-complete-2003-035;rt-complete-2003-038;rt-complete-2003-037;rt-complete-2003-039;rt-complete-2003-040;rt-complete-2003-041;rt-complete-2003-042;rt-complete-2003-043;alignment-fare-rt-leveling-history;alignment-fare-rt-2sg;alignment-fare-rt-3sg	Full held lexical-index/contents and row-specific aliases screened; applicable identity-anchored body paragraphs and related formation/method arguments inspected. faran: printed195,197,198,232,346,348,351	Text-checked actual applicable source units; retain direct forms, attested examples and process statements separately. No input adoption, historical equivalence, silence-as-dissent or image verification beyond the inherited checks is claimed. Supplement (195-198,232-233): source's early phonemic reanalysis/leveling of restored a before mutation. Supplement (351): actual WS fare present2SG. Supplement (351): actual WS fare present3SG; native corrupted glyph retained.
2004	RingeTaylor2014	evidence_found	rt-complete-2004-001;rt-complete-2004-002;rt-complete-2004-003;rt-complete-2004-005;rt-complete-2004-006;rt-complete-2004-007;rt-complete-2004-008;rt-complete-2004-009;rt-complete-2004-010;rt-complete-2004-011;rt-complete-2004-012;rt-complete-2004-013	Full held lexical-index/contents and row-specific aliases screened; applicable identity-anchored body paragraphs and related formation/method arguments inspected. feestan: printed95; fastaz: printed131,147	Text-checked actual applicable source units; retain direct forms, attested examples and process statements separately. No input adoption, historical equivalence, silence-as-dissent or image verification beyond the inherited checks is claimed.
2005	RingeTaylor2014	evidence_found	rt-complete-2005-001;rt-complete-2005-002;rt-complete-2005-003;rt-complete-2005-004;rt-complete-2005-005;rt-complete-2005-006;rt-complete-2005-007;rt-complete-2005-008;rt-complete-2005-009;rt-complete-2005-010;rt-complete-2005-011;rt-complete-2005-012;alignment-father-rt-donor	Full held lexical-index/contents and row-specific aliases screened; applicable identity-anchored body paragraphs and related formation/method arguments inspected. fadér: printed25,60,147; fadur: printed381,386	Text-checked actual applicable source units; retain direct forms, attested examples and process statements separately. No input adoption, historical equivalence, silence-as-dissent or image verification beyond the inherited checks is claimed. Supplement (385-386): Anglian father form only a possible ending donor into calf genitive.
2006	RingeTaylor2014	evidence_found	rt-complete-2006-001;rt-complete-2006-002;rt-complete-2006-003;rt-complete-2006-004;rt-complete-2006-005;rt-complete-2006-006;rt-complete-2006-007;rt-complete-2006-008;rt-complete-2006-009;rt-complete-2006-010;rt-complete-2006-011;rt-complete-2006-012;rt-complete-2006-013;alignment-fee-rt-genitive;alignment-fee-rt-transfer	Full held lexical-index/contents and row-specific aliases screened; applicable identity-anchored body paragraphs and related formation/method arguments inspected. fehu: printed177,312	Text-checked actual applicable source units; retain direct forms, attested examples and process statements separately. No input adoption, historical equivalence, silence-as-dissent or image verification beyond the inherited checks is claimed. Supplement (177): actual OE fee GEN.SG after intervocalic h loss. Supplement (115,177): early a-stem transfer and qualified PWGmc table.
2009	RingeTaylor2014	evidence_found	rt-complete-2009-001;rt-complete-2009-002;rt-complete-2009-003;rt-complete-2009-004;rt-complete-2009-005;rt-complete-2009-006;rt-complete-2009-007;alignment-field-rt-zero-grade;alignment-field-rt-regional-law	Full held lexical-index/contents and row-specific aliases screened; applicable identity-anchored body paragraphs and related formation/method arguments inspected. feld: printed155	Text-checked actual applicable source units; retain direct forms, attested examples and process statements separately. No input adoption, historical equivalence, silence-as-dissent or image verification beyond the inherited checks is claimed. Supplement (156): possible zero-grade voiced field oblique alternant. Supplement (155-156): regional lþ-to-ld law versus possible inherited Verner alternation.
2010	RingeTaylor2014	evidence_found	rt-complete-2010-001;rt-complete-2010-002;rt-complete-2010-003;rt-complete-2010-004;rt-complete-2010-005;rt-complete-2010-006;rt-complete-2010-007	Full held lexical-index/contents and row-specific aliases screened; applicable identity-anchored body paragraphs and related formation/method arguments inspected. fehtan: printed178,312	Text-checked actual applicable source units; retain direct forms, attested examples and process statements separately. No input adoption, historical equivalence, silence-as-dissent or image verification beyond the inherited checks is claimed.
2011	RingeTaylor2014	evidence_found	rt-complete-2011-001;rt-complete-2011-002;rt-complete-2011-003;rt-complete-2011-004;rt-complete-2011-005;rt-complete-2011-006;rt-complete-2011-007;rt-complete-2011-008;rt-complete-2011-009;rt-complete-2011-010;rt-complete-2011-011;rt-complete-2011-012;alignment-find-rt-weak-past	Full held lexical-index/contents and row-specific aliases screened; applicable identity-anchored body paragraphs and related formation/method arguments inspected. findan: printed140,344,346	Selected row is the participle fundene. Present findan is another cell; funden and the voiced-alternant levelling argument are retained separately. No input adoption, historical equivalence, silence-as-dissent or image verification beyond the inherited checks is claimed. Supplement (346): OE weak backformed preterite, not selected participle.
2012	RingeTaylor2014	evidence_found	rt-complete-2012-001;rt-complete-2012-002	Full held lexical-index/contents and row-specific aliases screened; applicable identity-anchored body paragraphs and related formation/method arguments inspected. fingraz: printed48	Text-checked actual applicable source units; retain direct forms, attested examples and process statements separately. No input adoption, historical equivalence, silence-as-dissent or image verification beyond the inherited checks is claimed.
2013	RingeTaylor2014	evidence_found	rt-complete-2013-001;rt-complete-2013-002;rt-complete-2013-003;rt-complete-2013-004;rt-complete-2013-005;rt-complete-2013-006;rt-complete-2013-007;rt-complete-2013-008;rt-complete-2013-009;rt-complete-2013-010;rt-complete-2013-011;rt-complete-2013-012;rt-complete-2013-013;rt-complete-2013-014;rt-complete-2013-015;alignment-fire-rt-intermediate;alignment-fire-rt-oe;alignment-fire-rt-ui-development	Full held lexical-index/contents and row-specific aliases screened; applicable identity-anchored body paragraphs and related formation/method arguments inspected. fuir: printed119; fyre: printed380; fuir: printed318	Text-checked actual applicable source units; retain direct forms, attested examples and process statements separately. No input adoption, historical equivalence, silence-as-dissent or image verification beyond the inherited checks is claimed. Supplement (225): plausible but uncertain front-rounded ui intermediate, not selected dative. Supplement (225): native OE fire citation, not selected dative fȳre. Supplement (119,225,318): r-remodeled nominal ui sequence, doubtful inherited dative and later front-rounded outcome.
2014	RingeTaylor2014	evidence_found	rt-complete-2014-001;alignment-fish-rt-fiscas;alignment-fish-rt-fixas	Full held lexical-index/contents and row-specific aliases screened; applicable identity-anchored body paragraphs and related formation/method arguments inspected. fiscas: printed188	Source fish plural metathesis is another cell/process, not a quoted PGmc singular. No input adoption, historical equivalence, silence-as-dissent or image verification beyond the inherited checks is claimed. Supplement (188): OE fish plural fiscas, not selected singular. Supplement (188): OE fish plural fixas, not selected singular.
2015	RingeTaylor2014	evidence_found	rt-complete-2015-001;rt-complete-2015-002;rt-complete-2015-003;rt-complete-2015-004;rt-complete-2015-005	Full held lexical-index/contents and row-specific aliases screened; applicable identity-anchored body paragraphs and related formation/method arguments inspected. fist: printed224,287	Text-checked actual applicable source units; retain direct forms, attested examples and process statements separately. No input adoption, historical equivalence, silence-as-dissent or image verification beyond the inherited checks is claimed.
2016	RingeTaylor2014	evidence_found	rt-complete-2016-001;rt-complete-2016-002;rt-complete-2016-003;rt-complete-2016-004;rt-complete-2016-005;alignment-flask-rt-flasce;alignment-flask-rt-flascan;alignment-flask-rt-flaxe;alignment-flask-rt-flaxan;alignment-flask-rt-retraction	Full held lexical-index/contents and row-specific aliases screened; applicable identity-anchored body paragraphs and related formation/method arguments inspected. flask: printed192	Text-checked actual applicable source units; retain direct forms, attested examples and process statements separately. No input adoption, historical equivalence, silence-as-dissent or image verification beyond the inherited checks is claimed. Supplement (192): actual OE flask citation after retraction, not flax. Supplement (192): actual OE flask n oblique; exact case/number unspecified. Supplement (192): late WS flask citation with metathesized cluster, not flax fleax. Supplement (192): late WS flask n oblique; exact case/number unspecified. Supplement (191-193): n-stem retraction and separate flask citation/oblique.
2017	RingeTaylor2014	evidence_found	rt-complete-2017-001;rt-complete-2017-002;rt-complete-2017-003;rt-complete-2017-004	Full held lexical-index/contents and row-specific aliases screened; applicable identity-anchored body paragraphs and related formation/method arguments inspected. flahs: printed176	Text-checked actual applicable source units; retain direct forms, attested examples and process statements separately. No input adoption, historical equivalence, silence-as-dissent or image verification beyond the inherited checks is claimed.
2019	RingeTaylor2014	evidence_found	rt-complete-2019-001;rt-complete-2019-002;rt-complete-2019-003;rt-complete-2019-004;rt-complete-2019-005;rt-complete-2019-006;rt-complete-2019-007;rt-complete-2019-008;rt-complete-2019-009;rt-complete-2019-010;rt-complete-2019-011;rt-complete-2019-012;rt-complete-2019-013;rt-complete-2019-015;rt-complete-2019-016;alignment-flee-rt-indicative-3pl;alignment-flee-rt-subjunctive-3sg;alignment-flee-rt-past-singular;alignment-flee-rt-past-plural;alignment-flee-rt-participle;alignment-flee-rt-gothic-infinitive;alignment-flee-rt-gothic-3pl	Full held lexical-index/contents and row-specific aliases screened; applicable identity-anchored body paragraphs and related formation/method arguments inspected. fléon: printed315,345	Text-checked actual applicable source units; retain direct forms, attested examples and process statements separately. No input adoption, historical equivalence, silence-as-dissent or image verification beyond the inherited checks is claimed. Supplement (315): WS OE flee present indicative 3PL, not a participle. Supplement (315): WS OE flee present subjunctive 3SG, not infinitive fléon. Supplement (345): OE flee preterite singular principal part. Supplement (345): OE flee default past plural principal part. Supplement (345): OE flee past participle principal part, not present indicative. Supplement (315): Gothic flee infinitive in question-marked correspondence. Supplement (315): Gothic flee present indicative 3PL, not a participle.
2020	RingeTaylor2014	evidence_found	rt-complete-2020-001;rt-complete-2020-002;rt-complete-2020-003	Full held lexical-index/contents and row-specific aliases screened; applicable identity-anchored body paragraphs and related formation/method arguments inspected. flaiski: printed126	Text-checked actual applicable source units; retain direct forms, attested examples and process statements separately. No input adoption, historical equivalence, silence-as-dissent or image verification beyond the inherited checks is claimed.
2022	RingeTaylor2014	evidence_found	rt-complete-2022-001;rt-complete-2022-002;rt-complete-2022-003;rt-complete-2022-004;rt-complete-2022-005;rt-complete-2022-006;rt-complete-2022-007;rt-complete-2022-008;rt-complete-2022-009;rt-complete-2022-010;rt-complete-2022-011;rt-complete-2022-012	Full held lexical-index/contents and row-specific aliases screened; applicable identity-anchored body paragraphs and related formation/method arguments inspected. fleug: printed130,174,309	Text-checked actual applicable source units; retain direct forms, attested examples and process statements separately. No input adoption, historical equivalence, silence-as-dissent or image verification beyond the inherited checks is claimed.
2024	RingeTaylor2014	evidence_found	rt-complete-2024-001;rt-complete-2024-002;rt-complete-2024-003;rt-complete-2024-004	Full held lexical-index/contents and row-specific aliases screened; applicable identity-anchored body paragraphs and related formation/method arguments inspected. fodra: printed327	Sheath/lining formation is a semantic comparandum, not proof of the selected fodder identity. No input adoption, historical equivalence, silence-as-dissent or image verification beyond the inherited checks is claimed.
2025	RingeTaylor2014	evidence_found	rt-complete-2025-001;rt-complete-2025-002;rt-complete-2025-003;rt-complete-2025-004;alignment-fold-dental-change-or-levelling	Full held lexical-index/contents and row-specific aliases screened; applicable identity-anchored body paragraphs and related formation/method arguments inspected. fealdan: printed156	Text-checked actual applicable source units; retain direct forms, attested examples and process statements separately. No input adoption, historical equivalence, silence-as-dissent or image verification beyond the inherited checks is claimed. Supplement (155-156): scoped source argument, not a quoted selected whole word.
2026	RingeTaylor2014	evidence_found	rt-complete-2026-001;rt-complete-2026-002;rt-complete-2026-003;rt-complete-2026-004;alignment-folk-lowering-and-membership	Full held lexical-index/contents and row-specific aliases screened; applicable identity-anchored body paragraphs and related formation/method arguments inspected. fulka: printed28,33	Text-checked actual applicable source units; retain direct forms, attested examples and process statements separately. No input adoption, historical equivalence, silence-as-dissent or image verification beyond the inherited checks is claimed. Supplement (27-29,32-34): scoped source argument, not a quoted selected whole word.
2027	RingeTaylor2014	evidence_found	rt-complete-2027-001;rt-complete-2027-002;rt-complete-2027-003;alignment-follow-rt-folgian	Full held lexical-index/contents and row-specific aliases screened; applicable identity-anchored body paragraphs and related formation/method arguments inspected. fulg: printed33,96	Text-checked actual applicable source units; retain direct forms, attested examples and process statements separately. No input adoption, historical equivalence, silence-as-dissent or image verification beyond the inherited checks is claimed. Supplement (33): OE follow alternate formation beside fylgan, not identical selected infinitive.
2028	RingeTaylor2014	discussion_only	rt-complete-2028-001;rt-complete-2028-002;rt-complete-2028-003;rt-complete-2028-004;rt-complete-2028-009	Full held lexical-index/contents and row-specific aliases screened; applicable identity-anchored body paragraphs and related formation/method arguments inspected. forléosan: printed342	Text-checked actual applicable source units; retain direct forms, attested examples and process statements separately. No input adoption, historical equivalence, silence-as-dissent or image verification beyond the inherited checks is claimed.
2029	RingeTaylor2014	evidence_found	rt-complete-2029-001;rt-complete-2029-002;rt-complete-2029-003;rt-complete-2029-004;rt-complete-2029-005;rt-complete-2029-006;rt-complete-2029-007;rt-complete-2029-008;rt-complete-2029-009	Full held lexical-index/contents and row-specific aliases screened; applicable identity-anchored body paragraphs and related formation/method arguments inspected. fedwor: printed41,59	Text-checked actual applicable source units; retain direct forms, attested examples and process statements separately. No input adoption, historical equivalence, silence-as-dissent or image verification beyond the inherited checks is claimed.
2030	RingeTaylor2014	evidence_found	rt-complete-2030-001;rt-complete-2030-002;rt-complete-2030-003;rt-complete-2030-004;rt-complete-2030-005;rt-complete-2030-006;rt-complete-2030-007;rt-complete-2030-008;rt-complete-2030-009;rt-complete-2030-010;rt-complete-2030-011;rt-complete-2030-012;rt-complete-2030-013;rt-complete-2030-014;rt-complete-2030-015;rt-complete-2030-016;rt-complete-2030-017;alignment-fowl-rt-genitive;alignment-fowl-lowering-epenthesis-and-paradigm	Full held lexical-index/contents and row-specific aliases screened; applicable identity-anchored body paragraphs and related formation/method arguments inspected. fugl: printed32,48,330,387	Text-checked actual applicable source units; retain direct forms, attested examples and process statements separately. No input adoption, historical equivalence, silence-as-dissent or image verification beyond the inherited checks is claimed. Supplement (387): OE bird genitive singular without epenthetic vowel, not selected endingless noun. Supplement (32,48,329-330,387): scoped comparative/formation argument, not a quoted selected whole word.
2032	RingeTaylor2014	evidence_found	rt-complete-2032-001;rt-complete-2032-002;rt-complete-2032-004;rt-complete-2032-005;rt-complete-2032-006;rt-complete-2032-007;rt-complete-2032-008	Full held lexical-index/contents and row-specific aliases screened; applicable identity-anchored body paragraphs and related formation/method arguments inspected. freusana: printed173; fréosan: printed342	Text-checked actual applicable source units; retain direct forms, attested examples and process statements separately. No input adoption, historical equivalence, silence-as-dissent or image verification beyond the inherited checks is claimed.
2033	RingeTaylor2014	evidence_found	rt-complete-2033-001;rt-complete-2033-002;rt-complete-2033-003;rt-complete-2033-004;rt-complete-2033-005;rt-complete-2033-006	Full held lexical-index/contents and row-specific aliases screened; applicable identity-anchored body paragraphs and related formation/method arguments inspected. frijond-: printed62,175; fréond: printed386	Text-checked actual applicable source units; retain direct forms, attested examples and process statements separately. No input adoption, historical equivalence, silence-as-dissent or image verification beyond the inherited checks is claimed.
2036	RingeTaylor2014	evidence_found	rt-complete-2036-001;rt-complete-2036-002;rt-complete-2036-003;rt-complete-2036-004;rt-complete-2036-005;rt-complete-2036-006;rt-complete-2036-007;rt-complete-2036-008;rt-complete-2036-009;rt-complete-2036-010;rt-complete-2036-011;rt-complete-2036-012;rt-complete-2036-013;rt-complete-2036-014;rt-complete-2036-015;alignment-furrow-rt-early-dative-plural;alignment-furrow-rt-later-dative-plural;alignment-furrow-root-noun-and-compound-premises	Full held lexical-index/contents and row-specific aliases screened; applicable identity-anchored body paragraphs and related formation/method arguments inspected. furh: printed28,202,308	Text-checked actual applicable source units; retain direct forms, attested examples and process statements separately. No input adoption, historical equivalence, silence-as-dissent or image verification beyond the inherited checks is claimed. Supplement (308): OE furrow dative plural before or after medial h loss, not selected simplex. Supplement (308): OE furrow dative plural before or after medial h loss, not selected simplex. Supplement (28-29,202,308): scoped comparative/formation argument, not a quoted selected whole word.
2039	RingeTaylor2014	evidence_found	rt-complete-2039-001;rt-complete-2039-002;rt-complete-2039-003;rt-complete-2039-004	Full held lexical-index/contents and row-specific aliases screened; applicable identity-anchored body paragraphs and related formation/method arguments inspected. gaist: printed126,171,283	Text-checked actual applicable source units; retain direct forms, attested examples and process statements separately. No input adoption, historical equivalence, silence-as-dissent or image verification beyond the inherited checks is claimed.
2040	RingeTaylor2014	evidence_found	raising-ringe-taylor-oe-boundary;rt-complete-2040-001;rt-complete-2040-002;rt-complete-2040-003;rt-complete-2040-004;rt-complete-2040-005;rt-complete-2040-006;rt-complete-2040-007;rt-complete-2040-008;rt-complete-2040-009;rt-complete-2040-010;rt-complete-2040-011;rt-complete-2040-012;rt-complete-2040-013;rt-complete-2040-014;rt-complete-2040-015;rt-complete-2040-016;rt-complete-2040-017;rt-complete-2040-018;rt-complete-2040-019;rt-complete-2040-020;rt-complete-2040-021;rt-complete-2040-022;rt-complete-2040-023;rt-complete-2040-024;rt-complete-2040-025;rt-complete-2040-026;rt-complete-2040-027;rt-complete-2040-028;rt-complete-2040-029;rt-complete-2040-030;rt-complete-2040-031;rt-complete-2040-032;rt-complete-2040-033;rt-complete-2040-034;rt-complete-2040-035;rt-complete-2040-036;rt-complete-2040-037;rt-complete-2040-038;rt-complete-2040-039;rt-complete-2040-040;rt-complete-2040-041;rt-complete-2040-042;alignment-gift-bimoric-genitive	Printed220 read with its earlier-edition volumeI cross-reference and later-example reservations. Full held lexical-index/contents and row-specific aliases screened; applicable identity-anchored body paragraphs and related formation/method arguments inspected. gift: printed15,43,59,61,114,115,152,288,333,325	An inherited-versus-OE process argument; this review does not quote a whole-word gift reconstruction. Giefu/gebō is the give-family ō-stem, not a quotation of the selected gift i-stem singular. No input adoption, historical equivalence, silence-as-dissent or image verification beyond the inherited checks is claimed. Supplement (58-60): scoped argument, not a reconstructed complete selected word.
2041	RingeTaylor2014	evidence_found	rt-complete-2041-001;rt-complete-2041-002;rt-complete-2041-003;rt-complete-2041-004;rt-complete-2041-005;rt-complete-2041-006;rt-complete-2041-007;rt-complete-2041-008;rt-complete-2041-009;rt-complete-2041-010;rt-complete-2041-011;rt-complete-2041-012	Full held lexical-index/contents and row-specific aliases screened; applicable identity-anchored body paragraphs and related formation/method arguments inspected. gebang: printed325; giefan: printed215	Text-checked actual applicable source units; retain direct forms, attested examples and process statements separately. No input adoption, historical equivalence, silence-as-dissent or image verification beyond the inherited checks is claimed.
2042	RingeTaylor2014	evidence_found	rt-complete-2042-001	Full held lexical-index/contents and row-specific aliases screened; applicable identity-anchored body paragraphs and related formation/method arguments inspected. guda: printed28	Text-checked actual applicable source units; retain direct forms, attested examples and process statements separately. No input adoption, historical equivalence, silence-as-dissent or image verification beyond the inherited checks is claimed.
2043	RingeTaylor2014	evidence_found	rt-complete-2043-001;rt-complete-2043-002;rt-complete-2043-003;rt-complete-2043-004;rt-complete-2043-005;rt-complete-2043-006;rt-complete-2043-007;rt-complete-2043-008	Full held lexical-index/contents and row-specific aliases screened; applicable identity-anchored body paragraphs and related formation/method arguments inspected. gulba: printed28,155	Text-checked actual applicable source units; retain direct forms, attested examples and process statements separately. No input adoption, historical equivalence, silence-as-dissent or image verification beyond the inherited checks is claimed.
2044	RingeTaylor2014	evidence_found	rt-complete-2044-001;rt-complete-2044-002;rt-complete-2044-003;rt-complete-2044-004	Full held lexical-index/contents and row-specific aliases screened; applicable identity-anchored body paragraphs and related formation/method arguments inspected. gans: printed141	Text-checked actual applicable source units; retain direct forms, attested examples and process statements separately. No input adoption, historical equivalence, silence-as-dissent or image verification beyond the inherited checks is claimed.
2045	RingeTaylor2014	evidence_found	rt-complete-2045-001;rt-complete-2045-002;rt-complete-2045-003;rt-complete-2045-004;rt-complete-2045-005;rt-complete-2045-006;rt-complete-2045-007;rt-complete-2045-008;rt-complete-2045-009;rt-complete-2045-010;rt-complete-2045-011;rt-complete-2045-012;alignment-grass-rt-collective-plural;alignment-grass-rt-metathesized	Full held lexical-index/contents and row-specific aliases screened; applicable identity-anchored body paragraphs and related formation/method arguments inspected. grasa: printed147,198	Text-checked actual applicable source units; retain direct forms, attested examples and process statements separately. No input adoption, historical equivalence, silence-as-dissent or image verification beyond the inherited checks is claimed. Supplement (198): actual OE grass collective nominative-accusative plural. Supplement (198): actual OE metathesized grass singular.
2049	RingeTaylor2014	evidence_found	rt-complete-2049-001;rt-complete-2049-002;rt-complete-2049-003;rt-complete-2049-004;rt-complete-2049-005;rt-complete-2049-006;rt-complete-2049-007;rt-complete-2049-008;rt-complete-2049-009;rt-complete-2049-010;rt-complete-2049-011;rt-complete-2049-012;rt-complete-2049-013;rt-complete-2049-014;rt-complete-2049-015;rt-complete-2049-016;rt-complete-2049-017;rt-complete-2049-018;rt-complete-2049-019;rt-complete-2049-020;rt-complete-2049-021;rt-complete-2049-022;rt-complete-2049-023;rt-complete-2049-024;rt-complete-2049-025;rt-complete-2049-026;rt-complete-2049-027;rt-complete-2049-028;rt-complete-2049-029;rt-complete-2049-030;rt-complete-2049-031;rt-complete-2049-032;rt-complete-2049-033;rt-complete-2049-034;rt-complete-2049-035;rt-complete-2049-036;rt-complete-2049-037;alignment-guest-cell-history	Full held lexical-index/contents and row-specific aliases screened; applicable identity-anchored body paragraphs and related formation/method arguments inspected. gastiz: printed43,55,216,244,287	Text-checked actual applicable source units; retain direct forms, attested examples and process statements separately. No input adoption, historical equivalence, silence-as-dissent or image verification beyond the inherited checks is claimed. Supplement (43-44,55-56,114-116,215-217,243-245,284-288): scoped argument, not a complete selected-word quotation.
2052	RingeTaylor2014	evidence_found	rt-complete-2052-001;rt-complete-2052-002;rt-complete-2052-003;rt-complete-2052-004;alignment-hall-fronting-and-apocope	Full held lexical-index/contents and row-specific aliases screened; applicable identity-anchored body paragraphs and related formation/method arguments inspected. hallu: printed185,285	Text-checked actual applicable source units; retain direct forms, attested examples and process statements separately. No input adoption, historical equivalence, silence-as-dissent or image verification beyond the inherited checks is claimed. Supplement (184-186,284-286): scoped argument, not a complete selected-word quotation.
2054	RingeTaylor2014	evidence_found	rt-complete-2054-001;rt-complete-2054-002;rt-complete-2054-003;rt-complete-2054-004;rt-complete-2054-005;rt-complete-2054-006;rt-complete-2054-007;rt-complete-2054-008;alignment-hand-cells-and-class	Full held lexical-index/contents and row-specific aliases screened; applicable identity-anchored body paragraphs and related formation/method arguments inspected. handuz: printed144; handu: printed287,385	Text-checked actual applicable source units; retain direct forms, attested examples and process statements separately. No input adoption, historical equivalence, silence-as-dissent or image verification beyond the inherited checks is claimed. Supplement (144,287,385): scoped argument, not an assembled selected word.
2055	RingeTaylor2014	evidence_found	rt-complete-2055-001;rt-complete-2055-002;rt-complete-2055-003;rt-complete-2055-004;rt-complete-2055-005;rt-complete-2055-006;rt-complete-2055-007;alignment-handle-formation-and-syncope	Full held lexical-index/contents and row-specific aliases screened; applicable identity-anchored body paragraphs and related formation/method arguments inspected. handul: printed131,269	Handle derivative; source retains the internal -ul- and later morphological remodelling. No input adoption, historical equivalence, silence-as-dissent or image verification beyond the inherited checks is claimed. Supplement (130-132,269-270): scoped argument, not an assembled selected word.
2057	RingeTaylor2014	evidence_found	rt-complete-2057-001;rt-complete-2057-002;rt-complete-2057-003;rt-complete-2057-004;rt-complete-2057-005;alignment-harvest-membership-limit	Full held lexical-index/contents and row-specific aliases screened; applicable identity-anchored body paragraphs and related formation/method arguments inspected. harbist: printed126	Text-checked actual applicable source units; retain direct forms, attested examples and process statements separately. No input adoption, historical equivalence, silence-as-dissent or image verification beyond the inherited checks is claimed. Supplement (126-128): scoped argument, not an assembled selected word.
2058	RingeTaylor2014	evidence_found	rt-complete-2058-001;rt-complete-2058-002;rt-complete-2058-003;rt-complete-2058-004;rt-complete-2058-005;rt-complete-2058-006;rt-complete-2058-007;rt-complete-2058-008;rt-complete-2058-009;rt-complete-2058-010;rt-complete-2058-011;rt-complete-2058-012;rt-complete-2058-013;rt-complete-2058-014;rt-complete-2058-015;rt-complete-2058-016;rt-complete-2058-017;rt-complete-2058-018;rt-complete-2058-019;rt-complete-2058-020;alignment-have-rt-ind-3sg;alignment-have-rt-ind-3pl;alignment-have-rt-past-3sg;alignment-have-rt-pass-part;alignment-have-later-remodeling	Full held lexical-index/contents and row-specific aliases screened; applicable identity-anchored body paragraphs and related formation/method arguments inspected. habban: printed93,363,364; habja-: printed131	Text-checked actual applicable source units; retain direct forms, attested examples and process statements separately. No input adoption, historical equivalence, silence-as-dissent or image verification beyond the inherited checks is claimed. Supplement (93): native OE table Anglian present third singular. Supplement (93): native OE table present third plural. Supplement (93): native OE table preterite third singular; native leading underscore retained. Supplement (93): native OE table past participle. Supplement (93-95,106,131,363-365,517-518): scoped argument, not an assembled selected word.
2060	RingeTaylor2014	evidence_found	rt-complete-2060-001;rt-complete-2060-002;rt-complete-2060-004;rt-complete-2060-005;rt-complete-2060-006;rt-complete-2060-007;rt-complete-2060-008;rt-complete-2060-009;rt-complete-2060-010;rt-complete-2060-012;alignment-hawk-dialect-and-dative	Full held lexical-index/contents and row-specific aliases screened; applicable identity-anchored body paragraphs and related formation/method arguments inspected. hafoc: printed191,219,272	Text-checked actual applicable source units; retain direct forms, attested examples and process statements separately. No input adoption, historical equivalence, silence-as-dissent or image verification beyond the inherited checks is claimed. Supplement (191,219,272-273): scoped argument, not an assembled selected word.
2061	RingeTaylor2014	evidence_found	rt-complete-2061-001;rt-complete-2061-002;rt-complete-2061-003;rt-complete-2061-004;rt-complete-2061-005;rt-complete-2061-006;rt-complete-2061-007;rt-complete-2061-008;rt-complete-2061-009;rt-complete-2061-010;rt-complete-2061-011;rt-complete-2061-012;rt-complete-2061-013;rt-complete-2061-014;rt-complete-2061-015;rt-complete-2061-016;rt-complete-2061-017;rt-complete-2061-018;rt-complete-2061-019;rt-complete-2061-020;alignment-hay-reversible-gemination	Full held lexical-index/contents and row-specific aliases screened; applicable identity-anchored body paragraphs and related formation/method arguments inspected. hawi: printed173,246; hawja: printed53	Text-checked actual applicable source units; retain direct forms, attested examples and process statements separately. No input adoption, historical equivalence, silence-as-dissent or image verification beyond the inherited checks is claimed. Supplement (53,173,246): scoped argument, not an assembled selected word.
2062	RingeTaylor2014	evidence_found	rt-complete-2062-001;rt-complete-2062-002;rt-complete-2062-003;alignment-hazel-epenthesis	Full held lexical-index/contents and row-specific aliases screened; applicable identity-anchored body paragraphs and related formation/method arguments inspected. haslaz: printed329	Text-checked actual applicable source units; retain direct forms, attested examples and process statements separately. No input adoption, historical equivalence, silence-as-dissent or image verification beyond the inherited checks is claimed. Supplement (329-330): scoped source argument; not a manufactured selected word.
2063	RingeTaylor2014	evidence_found	rt-complete-2063-001;rt-complete-2063-002;rt-complete-2063-003;rt-complete-2063-004;rt-complete-2063-005;rt-complete-2063-006;rt-complete-2063-007;rt-complete-2063-008;rt-complete-2063-009;rt-complete-2063-010;rt-complete-2063-011;rt-complete-2063-012;rt-complete-2063-013;rt-complete-2063-014;rt-complete-2063-015;rt-complete-2063-016;rt-complete-2063-017;rt-complete-2063-018;rt-complete-2063-019;rt-complete-2063-020;rt-complete-2063-021;rt-complete-2063-022;rt-complete-2063-023;rt-complete-2063-024;rt-complete-2063-025;alignment-head-gen-syncope;alignment-head-gen-sg-table;alignment-head-gen-pl-table;alignment-head-dat-sg-table;alignment-head-dat-pl-table;alignment-head-plural-syncopated;alignment-head-plural-unsyncopated;alignment-head-suffix-and-cells	Full held lexical-index/contents and row-specific aliases screened; applicable identity-anchored body paragraphs and related formation/method arguments inspected. héafod: printed257,270,378	Text-checked actual applicable source units; retain direct forms, attested examples and process statements separately. No input adoption, historical equivalence, silence-as-dissent or image verification beyond the inherited checks is claimed. Supplement (270): OE head genitive singular in syncope chain. Supplement (378): OE head genitive singular. Supplement (378): OE head genitive plural; native doubled e retained. Supplement (378): OE head dative singular. Supplement (378): OE head dative plural. Supplement (378): OE head overt nominative/accusative plural with syncope. Supplement (378): OE head overt nominative/accusative plural without syncope. Supplement (257-258,270,377-378): scoped source argument; not a manufactured selected word.
2064	RingeTaylor2014	evidence_found	rt-complete-2064-001;rt-complete-2064-002;rt-complete-2064-003	Full held lexical-index/contents and row-specific aliases screened; applicable identity-anchored body paragraphs and related formation/method arguments inspected. hailijan: printed234	Text-checked actual applicable source units; retain direct forms, attested examples and process statements separately. No input adoption, historical equivalence, silence-as-dissent or image verification beyond the inherited checks is claimed.
2065	RingeTaylor2014	evidence_found	rt-complete-2065-001;rt-complete-2065-002;rt-complete-2065-003;rt-complete-2065-004;rt-complete-2065-005;rt-complete-2065-006;rt-complete-2065-007;rt-complete-2065-008;alignment-heart-stages-and-comparanda	Full held lexical-index/contents and row-specific aliases screened; applicable identity-anchored body paragraphs and related formation/method arguments inspected. herta: printed59; hert6n-: printed182	Text-checked actual applicable source units; retain direct forms, attested examples and process statements separately. No input adoption, historical equivalence, silence-as-dissent or image verification beyond the inherited checks is claimed. Supplement (59-60,182-183): scoped source argument; not a manufactured selected word.
2067	RingeTaylor2014	evidence_found	rt-complete-2067-001;rt-complete-2067-002;rt-complete-2067-003	Full held lexical-index/contents and row-specific aliases screened; applicable identity-anchored body paragraphs and related formation/method arguments inspected. haipi: printed234	Text-checked actual applicable source units; retain direct forms, attested examples and process statements separately. No input adoption, historical equivalence, silence-as-dissent or image verification beyond the inherited checks is claimed.
2068	RingeTaylor2014	evidence_found	rt-complete-2068-001;rt-complete-2068-002;rt-complete-2068-003;rt-complete-2068-004;rt-complete-2068-005;rt-complete-2068-006;rt-complete-2068-007;rt-complete-2068-008;rt-complete-2068-009;rt-complete-2068-010;rt-complete-2068-011;rt-complete-2068-012;rt-complete-2068-013;rt-complete-2068-014;alignment-heaven-northern-body;alignment-heaven-northern-gen;alignment-heaven-oe-gen;alignment-heaven-continental-footnote;alignment-heaven-pgmc-footnote;alignment-heaven-oe-gen-repeat;alignment-heaven-later-input-and-paradigm	Full held lexical-index/contents and row-specific aliases screened; applicable identity-anchored body paragraphs and related formation/method arguments inspected. heofon: printed272,324,387	Text-checked actual applicable source units; retain direct forms, attested examples and process statements separately. No input adoption, historical equivalence, silence-as-dissent or image verification beyond the inherited checks is claimed. Supplement (272): northern WGmc heaven citation; adjacent corrupted footnote marker excluded from lexical span. Supplement (272): northern WGmc heaven genitive. Supplement (272): OE heaven genitive, unsyncopated. Supplement (272): PWGmc continental heaven citation, not selected input. Supplement (272): PGmc heaven citation; relationship to northern forms explicitly unrecoverable. Supplement (387): separate OE heaven genitive in light-stem syncope argument. Supplement (272-273,324-325,386-388): scoped source argument; not a manufactured selected word.
2071	RingeTaylor2014	evidence_found	rt-complete-2071-001;rt-complete-2071-004;rt-complete-2071-003;rt-complete-2071-005;rt-complete-2071-006;rt-complete-2071-007	Full held lexical-index/contents and row-specific aliases screened; applicable identity-anchored body paragraphs and related formation/method arguments inspected. helpan: printed347; hulpun: printed30	Text-checked actual applicable source units; retain direct forms, attested examples and process statements separately. No input adoption, historical equivalence, silence-as-dissent or image verification beyond the inherited checks is claimed.
2072	RingeTaylor2014	evidence_found	rt-complete-2072-001;rt-complete-2072-002;rt-complete-2072-003;rt-complete-2072-004;rt-complete-2072-005;rt-complete-2072-006;rt-complete-2072-007;rt-complete-2072-008;rt-complete-2072-009;rt-complete-2072-010;rt-complete-2072-011;rt-complete-2072-012;rt-complete-2072-013;rt-complete-2072-014;rt-complete-2072-015;rt-complete-2072-016;rt-complete-2072-017;rt-complete-2072-018;rt-complete-2072-019;rt-complete-2072-020;rt-complete-2072-021;rt-complete-2072-022;rt-complete-2072-023;rt-complete-2072-024;rt-complete-2072-025;rt-complete-2072-026;rt-complete-2072-027;rt-complete-2072-028;rt-complete-2072-029;alignment-help-noun-finite-2sg;alignment-help-noun-finite-3sg;alignment-help-noun-finite-and-ending-models	Full held lexical-index/contents and row-specific aliases screened; applicable identity-anchored body paragraphs and related formation/method arguments inspected. help: printed56	Help-verb family and productive-rule illustration, not a quoted help-noun citation. No input adoption, historical equivalence, silence-as-dissent or image verification beyond the inherited checks is claimed. Supplement (56): OE help verb present indicative2sg, not noun. Supplement (56): OE help verb present indicative3sg; source-native pp retained. Supplement (55-58): authored complete historical/formation argument; not a selected whole word.
2073	RingeTaylor2014	evidence_found	rt-complete-2073-001;rt-complete-2073-002;rt-complete-2073-003;alignment-herd-staged-vowel	Full held lexical-index/contents and row-specific aliases screened; applicable identity-anchored body paragraphs and related formation/method arguments inspected. herdu: printed182	Text-checked actual applicable source units; retain direct forms, attested examples and process statements separately. No input adoption, historical equivalence, silence-as-dissent or image verification beyond the inherited checks is claimed. Supplement (182-183): authored complete historical/formation argument; not a selected whole word.
2074	RingeTaylor2014	evidence_found	rt-complete-2074-001;rt-complete-2074-002;rt-complete-2074-003;rt-complete-2074-004;rt-complete-2074-005;rt-complete-2074-006;rt-complete-2074-007;rt-complete-2074-008;rt-complete-2074-009;rt-complete-2074-010;rt-complete-2074-011;rt-complete-2074-012;rt-complete-2074-013;rt-complete-2074-014;rt-complete-2074-015;alignment-hew-oe-past;alignment-hew-regional-cells	Full held lexical-index/contents and row-specific aliases screened; applicable identity-anchored body paragraphs and related formation/method arguments inspected. haww: printed66,89,172	Text-checked actual applicable source units; retain direct forms, attested examples and process statements separately. No input adoption, historical equivalence, silence-as-dissent or image verification beyond the inherited checks is claimed. Supplement (89): OE hew past3sg, not selected infinitive. Supplement (65-67,88-90,171-173): authored complete historical/formation argument; not a selected whole word.
2076	RingeTaylor2014	evidence_found	rt-complete-2076-001;rt-complete-2076-002;rt-complete-2076-003	Full held lexical-index/contents and row-specific aliases screened; applicable identity-anchored body paragraphs and related formation/method arguments inspected. huzda: printed27,84	Text-checked actual applicable source units; retain direct forms, attested examples and process statements separately. No input adoption, historical equivalence, silence-as-dissent or image verification beyond the inherited checks is claimed.
2077	RingeTaylor2014	evidence_found	rt-complete-2077-001;rt-complete-2077-002;rt-complete-2077-003;rt-complete-2077-005;rt-complete-2077-006;rt-complete-2077-007;rt-complete-2077-008;rt-complete-2077-009;alignment-hold-ws-present2sg;alignment-hold-ws-present3sg;alignment-hold-merc-present2sg;alignment-hold-merc-present3sg;alignment-hold-north-present2sg;alignment-hold-north-present3sg;alignment-hold-dialect-cells	Full held lexical-index/contents and row-specific aliases screened; applicable identity-anchored body paragraphs and related formation/method arguments inspected. healdan: printed184,350	Text-checked actual applicable source units; retain direct forms, attested examples and process statements separately. No input adoption, historical equivalence, silence-as-dissent or image verification beyond the inherited checks is claimed. Supplement (350): late WS hold present indicative2sg. Supplement (350): WS hold present indicative3sg. Supplement (350): Mercian hold present indicative2sg. Supplement (350): Mercian hold present indicative3sg. Supplement (350): Northumbrian hold present indicative2sg. Supplement (350): Northumbrian hold present indicative3sg. Supplement (184-186,349-351): authored complete historical/formation argument; not a selected whole word.
2078	RingeTaylor2014	evidence_found	rt-complete-2078-001;rt-complete-2078-002;rt-complete-2078-003;rt-complete-2078-004;rt-complete-2078-005;rt-complete-2078-006;rt-complete-2078-007;alignment-home-instrumental-versus-citation	Full held lexical-index/contents and row-specific aliases screened; applicable identity-anchored body paragraphs and related formation/method arguments inspected. home: printed15,170,380	Text-checked actual applicable source units; retain direct forms, attested examples and process statements separately. No input adoption, historical equivalence, silence-as-dissent or image verification beyond the inherited checks is claimed. Supplement (15,170-171,379-380): complete source argument; not a selected whole-word quotation.
2079	RingeTaylor2014	evidence_found	rt-complete-2079-001;rt-complete-2079-002;rt-complete-2079-003;rt-complete-2079-004;rt-complete-2079-005;rt-complete-2079-006;rt-complete-2079-007;rt-complete-2079-008;rt-complete-2079-009;rt-complete-2079-010;rt-complete-2079-011;rt-complete-2079-012;rt-complete-2079-013;rt-complete-2079-014;rt-complete-2079-015;alignment-honey-palatal-second;alignment-honey-late-vowel-second;alignment-honey-lowering-and-late-suffix	Full held lexical-index/contents and row-specific aliases screened; applicable identity-anchored body paragraphs and related formation/method arguments inspected. hunag: printed31,152,212,335	Text-checked actual applicable source units; retain direct forms, attested examples and process statements separately. No input adoption, historical equivalence, silence-as-dissent or image verification beyond the inherited checks is claimed. Supplement (212): second honey huneg arrow occurrence; native text does not distinguish the palatal glyph. Supplement (335): second honey huneg arrow occurrence; native text does not distinguish the palatal glyph. Supplement (30-32,152-153,211-213,334-335): complete source argument; not a selected whole-word quotation.
2082	RingeTaylor2014	evidence_found	rt-complete-2082-001;rt-complete-2082-002;rt-complete-2082-003;rt-complete-2082-004;alignment-horn-lowering-date	Full held lexical-index/contents and row-specific aliases screened; applicable identity-anchored body paragraphs and related formation/method arguments inspected. hurn: printed27,45	Text-checked actual applicable source units; retain direct forms, attested examples and process statements separately. No input adoption, historical equivalence, silence-as-dissent or image verification beyond the inherited checks is claimed. Supplement (27-29,44-46): complete source argument; not a selected whole-word quotation.
2083	RingeTaylor2014	evidence_found	rt-complete-2083-001;alignment-hound-coda-nasal-negative	Full held lexical-index/contents and row-specific aliases screened; applicable identity-anchored body paragraphs and related formation/method arguments inspected. hundaz: printed29	Text-checked actual applicable source units; retain direct forms, attested examples and process statements separately. No input adoption, historical equivalence, silence-as-dissent or image verification beyond the inherited checks is claimed. Supplement (28-29): complete source argument; not a selected whole-word quotation.
2084	RingeTaylor2014	evidence_found	rt-complete-2084-001;rt-complete-2084-002;rt-complete-2084-003;rt-complete-2084-004;rt-complete-2084-005;rt-complete-2084-006	Full held lexical-index/contents and row-specific aliases screened; applicable identity-anchored body paragraphs and related formation/method arguments inspected. knedan: printed78	Text-checked actual applicable source units; retain direct forms, attested examples and process statements separately. No input adoption, historical equivalence, silence-as-dissent or image verification beyond the inherited checks is claimed.
2085	RingeTaylor2014	evidence_found	rt-complete-2085-001;rt-complete-2085-002;rt-complete-2085-003;rt-complete-2085-004;rt-complete-2085-005;rt-complete-2085-006;rt-complete-2085-007;rt-complete-2085-008;rt-complete-2085-009;rt-complete-2085-010;rt-complete-2085-011;rt-complete-2085-012;rt-complete-2085-013;rt-complete-2085-014;rt-complete-2085-015;rt-complete-2085-016;rt-complete-2085-017;rt-complete-2085-018;alignment-knee-plural-kneu;alignment-knee-short-stem;alignment-knee-quantity-and-cells	Full held lexical-index/contents and row-specific aliases screened; applicable identity-anchored body paragraphs and related formation/method arguments inspected. kneu: printed61,174,187,387; knewa: printed174,187	Selected short dative cneowe: source endingless long cnéo and speculative long-vowel levelling do not quote that dative. No input adoption, historical equivalence, silence-as-dissent or image verification beyond the inherited checks is claimed. Supplement (387): PWGmc knee nominative/accusative plural; distinct from identical singular occurrence. Supplement (187): OE pre-ending knee stem with short diphthong, not full selected dative. Supplement (60-62,173-175,187-188,386-388): complete source argument; not a selected whole-word quotation.
2086	RingeTaylor2014	evidence_found	rt-complete-2086-001;rt-complete-2086-002;rt-complete-2086-003;rt-complete-2086-004;rt-complete-2086-005;rt-complete-2086-006;rt-complete-2086-007;rt-complete-2086-008;alignment-knight-variant;alignment-knight-unraised-plural;alignment-knight-leveled-plural;alignment-knight-membership-and-cells	Full held lexical-index/contents and row-specific aliases screened; applicable identity-anchored body paragraphs and related formation/method arguments inspected. kneht: printed127,337	Text-checked actual applicable source units; retain direct forms, attested examples and process statements separately. No input adoption, historical equivalence, silence-as-dissent or image verification beyond the inherited checks is claimed. Supplement (337): early WS knight singular spelling alternative. Supplement (337): early WS knight nominative plural with unraised vowel. Supplement (337): OE knight nominative plural with raised vowel. Supplement (126-128,336-338): complete owned argument; not a whole-word selected quotation.
2089	RingeTaylor2014	evidence_found	rt-complete-2089-001;rt-complete-2089-002;rt-complete-2089-003;rt-complete-2089-004;rt-complete-2089-005;alignment-land-plural-not-instrumental	Full held lexical-index/contents and row-specific aliases screened; applicable identity-anchored body paragraphs and related formation/method arguments inspected. landu: printed15,286	Text-checked actual applicable source units; retain direct forms, attested examples and process statements separately. No input adoption, historical equivalence, silence-as-dissent or image verification beyond the inherited checks is claimed. Supplement (14-16,285-287): complete owned argument; not a whole-word selected quotation.
2090	RingeTaylor2014	discussion_only	rt-complete-2090-001;alignment-lap-mercian;alignment-lap-dialect-cell	Full held lexical-index/contents and row-specific aliases screened; applicable identity-anchored body paragraphs and related formation/method arguments inspected. lappa: printed219	Text-checked actual applicable source units; retain direct forms, attested examples and process statements separately. No input adoption, historical equivalence, silence-as-dissent or image verification beyond the inherited checks is claimed. Supplement (219): Mercian edge/border table cell beside WS lappa. Supplement (218-220): complete owned argument; not a whole-word selected quotation.
2091	RingeTaylor2014	evidence_found	rt-complete-2091-001;rt-complete-2091-002;rt-complete-2091-003;alignment-last-contraction-mutation	Full held lexical-index/contents and row-specific aliases screened; applicable identity-anchored body paragraphs and related formation/method arguments inspected. laistijana: printed234	Text-checked actual applicable source units; retain direct forms, attested examples and process statements separately. No input adoption, historical equivalence, silence-as-dissent or image verification beyond the inherited checks is claimed. Supplement (233-235): complete owned argument; not a whole-word selected quotation.
2092	RingeTaylor2014	evidence_found	rt-complete-2092-001;rt-complete-2092-002;rt-complete-2092-003;rt-complete-2092-004;rt-complete-2092-005;rt-complete-2092-006;rt-complete-2092-007;rt-complete-2092-008;rt-complete-2092-009;rt-complete-2092-010;rt-complete-2092-011;rt-complete-2092-012;rt-complete-2092-013;rt-complete-2092-014;rt-complete-2092-015;rt-complete-2092-016;rt-complete-2092-017;rt-complete-2092-018;rt-complete-2092-019;rt-complete-2092-020;alignment-laugh-surface-underlying	Full held lexical-index/contents and row-specific aliases screened; applicable identity-anchored body paragraphs and related formation/method arguments inspected. hlahjan: printed51,177,240; hliehhan: printed343,348	Text-checked actual applicable source units; retain direct forms, attested examples and process statements separately. No input adoption, historical equivalence, silence-as-dissent or image verification beyond the inherited checks is claimed. Supplement (50-53,176-178,239-241,342-344,347-349): complete owned argument; not a whole-word selected quotation.
2093	RingeTaylor2014	evidence_found	rt-complete-2093-001;rt-complete-2093-002;rt-complete-2093-003;rt-complete-2093-004;rt-complete-2093-005	Full held lexical-index/contents and row-specific aliases screened; applicable identity-anchored body paragraphs and related formation/method arguments inspected. laidijan: printed234	Text-checked actual applicable source units; retain direct forms, attested examples and process statements separately. No input adoption, historical equivalence, silence-as-dissent or image verification beyond the inherited checks is claimed.
2094	RingeTaylor2014	evidence_found	rt-complete-2094-001;rt-complete-2094-002;rt-complete-2094-003	Full held lexical-index/contents and row-specific aliases screened; applicable identity-anchored body paragraphs and related formation/method arguments inspected. laub: printed172	Text-checked actual applicable source units; retain direct forms, attested examples and process statements separately. No input adoption, historical equivalence, silence-as-dissent or image verification beyond the inherited checks is claimed.
2095	RingeTaylor2014	evidence_found	rt-complete-2095-001;rt-complete-2095-002;rt-complete-2095-003;rt-complete-2095-004;rt-complete-2095-005;rt-complete-2095-006;rt-complete-2095-007;rt-complete-2095-008;rt-complete-2095-009;rt-complete-2095-010;rt-complete-2095-011;rt-complete-2095-012;rt-complete-2095-013;rt-complete-2095-014;rt-complete-2095-015;rt-complete-2095-016;rt-complete-2095-017;rt-complete-2095-018;rt-complete-2095-019;rt-complete-2095-020;alignment-learn-lost-looking-trigger	Full held lexical-index/contents and row-specific aliases screened; applicable identity-anchored body paragraphs and related formation/method arguments inspected. lizn: printed38,84,95,183	Text-checked actual applicable source units; retain direct forms, attested examples and process statements separately. No input adoption, historical equivalence, silence-as-dissent or image verification beyond the inherited checks is claimed. Supplement (34-38,83-85,94-96,182-183,517-518): complete owned/attributed argument, not a selected whole-word quotation.
2098	RingeTaylor2014	evidence_found	rt-complete-2098-001;rt-complete-2098-002;rt-complete-2098-003;rt-complete-2098-004;rt-complete-2098-005;rt-complete-2098-006;rt-complete-2098-007;rt-complete-2098-008;rt-complete-2098-009;rt-complete-2098-010;rt-complete-2098-011;rt-complete-2098-012;rt-complete-2098-013;rt-complete-2098-014;rt-complete-2098-015;rt-complete-2098-016;rt-complete-2098-017;rt-complete-2098-018;rt-complete-2098-019;rt-complete-2098-020;rt-complete-2098-021;alignment-let-rt-pre-rhotacism;alignment-let-rt-post-rhotacism;alignment-let-rt-pwgmc-full;alignment-let-rt-pwgmc-default;alignment-let-type2-contraction	Full held lexical-index/contents and row-specific aliases screened; applicable identity-anchored body paragraphs and related formation/method arguments inspected. létana: printed11,90,92,149,239; lelot: printed518	Text-checked actual applicable source units; retain direct forms, attested examples and process statements separately. No input adoption, historical equivalence, silence-as-dissent or image verification beyond the inherited checks is claimed. Supplement (182): let past stem before rhotacism in Anglian history. Supplement (182): let past stem after rhotacism before breaking. Supplement (92): PWGmc let full-grade past in relic roster; source missing length retained. Supplement (92): PWGmc let default past inherited from PGmc, not ordinary vowel syncope. Supplement (11,88-92,182-183,518): complete owned/attributed argument, not a selected whole-word quotation.
2099	RingeTaylor2014	evidence_found	rt-complete-2099-001;rt-complete-2099-002;rt-complete-2099-003;alignment-lick-alternative-vocalism	Full held lexical-index/contents and row-specific aliases screened; applicable identity-anchored body paragraphs and related formation/method arguments inspected. li/ekk: printed35	Text-checked actual applicable source units; retain direct forms, attested examples and process statements separately. No input adoption, historical equivalence, silence-as-dissent or image verification beyond the inherited checks is claimed. Supplement (34-38): complete owned/attributed argument, not a selected whole-word quotation.
2101	RingeTaylor2014	evidence_found	rt-complete-2101-001;rt-complete-2101-002;rt-complete-2101-003;alignment-life-endinglessness	Full held lexical-index/contents and row-specific aliases screened; applicable identity-anchored body paragraphs and related formation/method arguments inspected. liba: printed298	Text-checked actual applicable source units; retain direct forms, attested examples and process statements separately. No input adoption, historical equivalence, silence-as-dissent or image verification beyond the inherited checks is claimed. Supplement (297-299): complete owned/attributed argument, not a selected whole-word quotation.
2102	RingeTaylor2014	evidence_found	rt-complete-2102-001;rt-complete-2102-002;rt-complete-2102-003;rt-complete-2102-004;rt-complete-2102-005;rt-complete-2102-006;rt-complete-2102-007;rt-complete-2102-008;rt-complete-2102-009;rt-complete-2102-010;rt-complete-2102-011;rt-complete-2102-012;rt-complete-2102-013;rt-complete-2102-014;rt-complete-2102-015;alignment-light-two-light-histories	Full held lexical-index/contents and row-specific aliases screened; applicable identity-anchored body paragraphs and related formation/method arguments inspected. liehtan: printed249,310	Text-checked actual applicable source units; retain direct forms, attested examples and process statements separately. No input adoption, historical equivalence, silence-as-dissent or image verification beyond the inherited checks is claimed. Supplement (248-250,309-311): complete source argument, not a selected whole-word quotation.
2107	RingeTaylor2014	evidence_found	rt-complete-2107-001;rt-complete-2107-002;rt-complete-2107-003;rt-complete-2107-004;rt-complete-2107-005;rt-complete-2107-006;rt-complete-2107-007;rt-complete-2107-008;rt-complete-2107-009;rt-complete-2107-010;rt-complete-2107-011;rt-complete-2107-012;rt-complete-2107-013;rt-complete-2107-014;rt-complete-2107-015;rt-complete-2107-016;rt-complete-2107-017;rt-complete-2107-018;rt-complete-2107-019;rt-complete-2107-020;rt-complete-2107-021;alignment-live-rt-relic-table;alignment-live-rt-north-third;alignment-live-rt-third-io;alignment-live-rt-third-eo;alignment-live-rt-past;alignment-live-rt-participle;alignment-live-rt-present-participle;alignment-live-rt-first;alignment-live-rt-plural;alignment-live-rt-north-infinitive;alignment-live-rt-kentish-genitive;alignment-live-dialect-and-remodeling	Full held lexical-index/contents and row-specific aliases screened; applicable identity-anchored body paragraphs and related formation/method arguments inspected. libja-: printed34; libban: printed93,321,363,364,365	Text-checked actual applicable source units; retain direct forms, attested examples and process statements separately. No input adoption, historical equivalence, silence-as-dissent or image verification beyond the inherited checks is claimed. Supplement (93): Anglian live indicative3sg in relic-class table. Supplement (364): late Northumbrian archaic3sg contrasted with classII remodeling. Supplement (364): early WS/classII live indicative3sg; native dental retained. Supplement (364): OE live indicative3sg with back-umlaut spelling. Supplement (364): live preterite, unaffected by classII present incursions. Supplement (364): live past participle, not indicative3sg. Supplement (365): early Mercian live present participle with innovative lifg stem. Supplement (365): early Mercian live indicative1sg, not3sg. Supplement (365): early Mercian live indicative plural, not3sg. Supplement (365): late Northumbrian infinitive supporting lifg account, not finite first singular. Supplement (365): Kentish present-participle genitive singular, not finite live3sg. Supplement (33-35,93-94,320-322,362-366,517-518): complete source argument, not a selected whole-word quotation.
2108	RingeTaylor2014	evidence_found	rt-complete-2108-001;rt-complete-2108-002;rt-complete-2108-003;rt-complete-2108-004;rt-complete-2108-005;rt-complete-2108-006;alignment-liver-rt-epenthetic;alignment-liver-ending-and-epenthesis	Full held lexical-index/contents and row-specific aliases screened; applicable identity-anchored body paragraphs and related formation/method arguments inspected. libru: printed34,328	Text-checked actual applicable source units; retain direct forms, attested examples and process statements separately. No input adoption, historical equivalence, silence-as-dissent or image verification beyond the inherited checks is claimed. Supplement (328): WS liver after early Mercian libr and epenthesis. Supplement (33-35,327-329): complete source argument, not a selected whole-word quotation.
2110	RingeTaylor2014	evidence_found	rt-complete-2110-001;rt-complete-2110-002;rt-complete-2110-003	Full held lexical-index/contents and row-specific aliases screened; applicable identity-anchored body paragraphs and related formation/method arguments inspected. laibaz: printed129	Text-checked actual applicable source units; retain direct forms, attested examples and process statements separately. No input adoption, historical equivalence, silence-as-dissent or image verification beyond the inherited checks is claimed.
2115	RingeTaylor2014	evidence_found	rt-complete-2115-001;rt-complete-2115-002;rt-complete-2115-003;rt-complete-2115-004	Full held lexical-index/contents and row-specific aliases screened; applicable identity-anchored body paragraphs and related formation/method arguments inspected. lustuz: printed30; lustusamaz: printed521	Desire noun and its suffixed derivative remain separate. No input adoption, historical equivalence, silence-as-dissent or image verification beyond the inherited checks is claimed.
2117	RingeTaylor2014	evidence_found	rt-complete-2117-001;rt-complete-2117-002;rt-complete-2117-003;rt-complete-2117-004;rt-complete-2117-005;rt-complete-2117-006;rt-complete-2117-007;rt-complete-2117-008;rt-complete-2117-010;rt-complete-2117-011;rt-complete-2117-012	Full held lexical-index/contents and row-specific aliases screened; applicable identity-anchored body paragraphs and related formation/method arguments inspected. makon: printed127; mak6n: printed228; macian: printed191	Text-checked actual applicable source units; retain direct forms, attested examples and process statements separately. No input adoption, historical equivalence, silence-as-dissent or image verification beyond the inherited checks is claimed.
2119	RingeTaylor2014	evidence_found	rt-complete-2119-001;rt-complete-2119-002;rt-complete-2119-003;rt-complete-2119-004;rt-complete-2119-005;rt-complete-2119-006;rt-complete-2119-007;rt-complete-2119-008;rt-complete-2119-009;rt-complete-2119-010;rt-complete-2119-011;rt-complete-2119-012;rt-complete-2119-013;rt-complete-2119-014	Full held lexical-index/contents and row-specific aliases screened; applicable identity-anchored body paragraphs and related formation/method arguments inspected. mann-: printed144; manniz: printed229,286; mann: printed163	Selected genitive mannes is not the source nominative/plural. No mann/wer identity conflation. No input adoption, historical equivalence, silence-as-dissent or image verification beyond the inherited checks is claimed.
2120	RingeTaylor2014	evidence_found	rt-complete-2120-001;rt-complete-2120-002;rt-complete-2120-003;rt-complete-2120-004;rt-complete-2120-005;rt-complete-2120-006;rt-complete-2120-007;rt-complete-2120-008;rt-complete-2120-009;rt-complete-2120-010;rt-complete-2120-011;rt-complete-2120-012;rt-complete-2120-013;rt-complete-2120-014;rt-complete-2120-015;rt-complete-2120-016	Full held lexical-index/contents and row-specific aliases screened; applicable identity-anchored body paragraphs and related formation/method arguments inspected. mark: printed180,285,313	Text-checked actual applicable source units; retain direct forms, attested examples and process statements separately. No input adoption, historical equivalence, silence-as-dissent or image verification beyond the inherited checks is claimed.
2122	RingeTaylor2014	evidence_found	rt-complete-2122-001;rt-complete-2122-002;rt-complete-2122-003;rt-complete-2122-004;rt-complete-2122-005;rt-complete-2122-006	Full held lexical-index/contents and row-specific aliases screened; applicable identity-anchored body paragraphs and related formation/method arguments inspected. méla: printed11,150,239	Mǣl '(a) time', not melwą flour. No input adoption, historical equivalence, silence-as-dissent or image verification beyond the inherited checks is claimed.
2124	RingeTaylor2014	evidence_found	rt-complete-2124-001;rt-complete-2124-002;rt-complete-2124-003;rt-complete-2124-004;rt-complete-2124-005	Full held lexical-index/contents and row-specific aliases screened; applicable identity-anchored body paragraphs and related formation/method arguments inspected. mizd: printed84,285	Text-checked actual applicable source units; retain direct forms, attested examples and process statements separately. No input adoption, historical equivalence, silence-as-dissent or image verification beyond the inherited checks is claimed.
2126	RingeTaylor2014	evidence_found	rt-complete-2126-001;rt-complete-2126-002;rt-complete-2126-003;rt-complete-2126-004;rt-complete-2126-005;rt-complete-2126-006;rt-complete-2126-007;rt-complete-2126-008;rt-complete-2126-009	Full held lexical-index/contents and row-specific aliases screened; applicable identity-anchored body paragraphs and related formation/method arguments inspected. meluk: printed253,324	Text-checked actual applicable source units; retain direct forms, attested examples and process statements separately. No input adoption, historical equivalence, silence-as-dissent or image verification beyond the inherited checks is claimed.
2127	RingeTaylor2014	evidence_found	rt-complete-2127-001;rt-complete-2127-002;rt-complete-2127-003;rt-complete-2127-004;rt-complete-2127-005;rt-complete-2127-006;rt-complete-2127-007;rt-complete-2127-008;rt-complete-2127-009;rt-complete-2127-010;rt-complete-2127-011;rt-complete-2127-012;rt-complete-2127-013	Full held lexical-index/contents and row-specific aliases screened; applicable identity-anchored body paragraphs and related formation/method arguments inspected. ménop-: printed143; méndb-: printed11	Text-checked actual applicable source units; retain direct forms, attested examples and process statements separately. No input adoption, historical equivalence, silence-as-dissent or image verification beyond the inherited checks is claimed.
2129	RingeTaylor2014	evidence_found	rt-complete-2129-001;rt-complete-2129-002	Full held lexical-index/contents and row-specific aliases screened; applicable identity-anchored body paragraphs and related formation/method arguments inspected. stéopmoder: printed381	Step-mother compound supplies a kinship-paradigm example, not an assembled standalone mother citation. No input adoption, historical equivalence, silence-as-dissent or image verification beyond the inherited checks is claimed.
2130	RingeTaylor2014	evidence_found	rt-complete-2130-001;rt-complete-2130-002;rt-complete-2130-003;rt-complete-2130-004;rt-complete-2130-005;rt-complete-2130-006;rt-complete-2130-007;rt-complete-2130-008;rt-complete-2130-009	Full held lexical-index/contents and row-specific aliases screened; applicable identity-anchored body paragraphs and related formation/method arguments inspected. nagl: printed148,212,329	Text-checked actual applicable source units; retain direct forms, attested examples and process statements separately. No input adoption, historical equivalence, silence-as-dissent or image verification beyond the inherited checks is claimed.
2131	RingeTaylor2014	evidence_found	rt-complete-2131-001;rt-complete-2131-002;rt-complete-2131-003;rt-complete-2131-004;rt-complete-2131-005;rt-complete-2131-006;rt-complete-2131-007;rt-complete-2131-008;rt-complete-2131-009;rt-complete-2131-010;rt-complete-2131-011;rt-complete-2131-012;rt-complete-2131-013;rt-complete-2131-014;rt-complete-2131-015;rt-complete-2131-016;rt-complete-2131-017;rt-complete-2131-018;rt-complete-2131-019;rt-complete-2131-020;rt-complete-2131-021;rt-complete-2131-022;rt-complete-2131-023	Full held lexical-index/contents and row-specific aliases screened; applicable identity-anchored body paragraphs and related formation/method arguments inspected. namo: printed59,144,154,300; nama: printed79,163	Text-checked actual applicable source units; retain direct forms, attested examples and process statements separately. No input adoption, historical equivalence, silence-as-dissent or image verification beyond the inherited checks is claimed.
2133	RingeTaylor2014	evidence_found	rt-complete-2133-001;rt-complete-2133-002;rt-complete-2133-003;rt-complete-2133-004;rt-complete-2133-005	Full held lexical-index/contents and row-specific aliases screened; applicable identity-anchored body paragraphs and related formation/method arguments inspected. nabul: printed191,270,336	Text-checked actual applicable source units; retain direct forms, attested examples and process statements separately. No input adoption, historical equivalence, silence-as-dissent or image verification beyond the inherited checks is claimed.
2135	RingeTaylor2014	evidence_found	rt-complete-2135-001;rt-complete-2135-002;rt-complete-2135-003	Full held lexical-index/contents and row-specific aliases screened; applicable identity-anchored body paragraphs and related formation/method arguments inspected. naudiz: printed246; niudi: printed250	Text-checked actual applicable source units; retain direct forms, attested examples and process statements separately. No input adoption, historical equivalence, silence-as-dissent or image verification beyond the inherited checks is claimed.
2136	RingeTaylor2014	evidence_found	rt-complete-2136-001;rt-complete-2136-002;rt-complete-2136-003;rt-complete-2136-004;rt-complete-2136-005	Full held lexical-index/contents and row-specific aliases screened; applicable identity-anchored body paragraphs and related formation/method arguments inspected. nédlo-: printed329	Text-checked actual applicable source units; retain direct forms, attested examples and process statements separately. No input adoption, historical equivalence, silence-as-dissent or image verification beyond the inherited checks is claimed.
2137	RingeTaylor2014	evidence_found	rt-complete-2137-001;rt-complete-2137-002;rt-complete-2137-003;rt-complete-2137-004;rt-complete-2137-005	Full held lexical-index/contents and row-specific aliases screened; applicable identity-anchored body paragraphs and related formation/method arguments inspected. nistaz: printed34	Text-checked actual applicable source units; retain direct forms, attested examples and process statements separately. No input adoption, historical equivalence, silence-as-dissent or image verification beyond the inherited checks is claimed.
2138	RingeTaylor2014	evidence_found	rt-complete-2138-001;rt-complete-2138-002;rt-complete-2138-003;rt-complete-2138-004	Full held lexical-index/contents and row-specific aliases screened; applicable identity-anchored body paragraphs and related formation/method arguments inspected. natja: printed238	Text-checked actual applicable source units; retain direct forms, attested examples and process statements separately. No input adoption, historical equivalence, silence-as-dissent or image verification beyond the inherited checks is claimed.
2139	RingeTaylor2014	discussion_only	rt-complete-2139-001;rt-complete-2139-002	Full held lexical-index/contents and row-specific aliases screened; applicable identity-anchored body paragraphs and related formation/method arguments inspected. netle: printed272,275	Text-checked actual applicable source units; retain direct forms, attested examples and process statements separately. No input adoption, historical equivalence, silence-as-dissent or image verification beyond the inherited checks is claimed.
2140	RingeTaylor2014	evidence_found	rt-complete-2140-001;rt-complete-2140-002;rt-complete-2140-003;rt-complete-2140-004;rt-complete-2140-005;rt-complete-2140-006;rt-complete-2140-007;rt-complete-2140-008;rt-complete-2140-009;rt-complete-2140-010;rt-complete-2140-011;rt-complete-2140-012;rt-complete-2140-013;rt-complete-2140-014;rt-complete-2140-015;rt-complete-2140-016;rt-complete-2140-017;rt-complete-2140-018;rt-complete-2140-019;rt-complete-2140-020;rt-complete-2140-021;rt-complete-2140-022	Full held lexical-index/contents and row-specific aliases screened; applicable identity-anchored body paragraphs and related formation/method arguments inspected. nahtiz: printed240; niht: printed380	Text-checked actual applicable source units; retain direct forms, attested examples and process statements separately. No input adoption, historical equivalence, silence-as-dissent or image verification beyond the inherited checks is claimed.
2141	RingeTaylor2014	evidence_found	rt-complete-2141-001;rt-complete-2141-002;rt-complete-2141-003;rt-complete-2141-004;rt-complete-2141-005;rt-complete-2141-006	Full held lexical-index/contents and row-specific aliases screened; applicable identity-anchored body paragraphs and related formation/method arguments inspected. maron-: printed192	Text-checked actual applicable source units; retain direct forms, attested examples and process statements separately. No input adoption, historical equivalence, silence-as-dissent or image verification beyond the inherited checks is claimed.
2142	RingeTaylor2014	evidence_found	rt-complete-2142-001;rt-complete-2142-002;rt-complete-2142-003	Full held lexical-index/contents and row-specific aliases screened; applicable identity-anchored body paragraphs and related formation/method arguments inspected. nigun: printed166,324	Text-checked actual applicable source units; retain direct forms, attested examples and process statements separately. No input adoption, historical equivalence, silence-as-dissent or image verification beyond the inherited checks is claimed.
2143	RingeTaylor2014	discussion_only	rt-complete-2143-001;rt-complete-2143-002	Full held lexical-index/contents and row-specific aliases screened; applicable identity-anchored body paragraphs and related formation/method arguments inspected. nosu: printed385	Text-checked actual applicable source units; retain direct forms, attested examples and process statements separately. No input adoption, historical equivalence, silence-as-dissent or image verification beyond the inherited checks is claimed.
2144	RingeTaylor2014	evidence_found	rt-complete-2144-001;rt-complete-2144-002;rt-complete-2144-003;rt-complete-2144-004;rt-complete-2144-005;rt-complete-2144-006	Full held lexical-index/contents and row-specific aliases screened; applicable identity-anchored body paragraphs and related formation/method arguments inspected. ain: printed120	Text-checked actual applicable source units; retain direct forms, attested examples and process statements separately. No input adoption, historical equivalence, silence-as-dissent or image verification beyond the inherited checks is claimed.
2145	RingeTaylor2014	evidence_found	rt-complete-2145-001;rt-complete-2145-002;rt-complete-2145-003	Full held lexical-index/contents and row-specific aliases screened; applicable identity-anchored body paragraphs and related formation/method arguments inspected. ufnaz: printed331	Text-checked actual applicable source units; retain direct forms, attested examples and process statements separately. No input adoption, historical equivalence, silence-as-dissent or image verification beyond the inherited checks is claimed.
2146	RingeTaylor2014	evidence_found	rt-complete-2146-001;rt-complete-2146-002;rt-complete-2146-003;rt-complete-2146-004;rt-complete-2146-005	Full held lexical-index/contents and row-specific aliases screened; applicable identity-anchored body paragraphs and related formation/method arguments inspected. uhso: printed27,34	Text-checked actual applicable source units; retain direct forms, attested examples and process statements separately. No input adoption, historical equivalence, silence-as-dissent or image verification beyond the inherited checks is claimed.
2147	RingeTaylor2014	evidence_found	rt-complete-2147-001;rt-complete-2147-002;rt-complete-2147-003;rt-complete-2147-004;rt-complete-2147-005;rt-complete-2147-006;rt-complete-2147-007	Full held lexical-index/contents and row-specific aliases screened; applicable identity-anchored body paragraphs and related formation/method arguments inspected. regn: printed212,330	Text-checked actual applicable source units; retain direct forms, attested examples and process statements separately. No input adoption, historical equivalence, silence-as-dissent or image verification beyond the inherited checks is claimed.
2148	RingeTaylor2014	evidence_found	rt-complete-2148-001;rt-complete-2148-002;rt-complete-2148-003	Full held lexical-index/contents and row-specific aliases screened; applicable identity-anchored body paragraphs and related formation/method arguments inspected. regn: printed330	Rain compound component only; no complete rainbow reconstruction is assembled. No input adoption, historical equivalence, silence-as-dissent or image verification beyond the inherited checks is claimed.
2149	RingeTaylor2014	evidence_found	rt-complete-2149-001;rt-complete-2149-002;rt-complete-2149-003	Full held lexical-index/contents and row-specific aliases screened; applicable identity-anchored body paragraphs and related formation/method arguments inspected. hrabnaz: printed330	Text-checked actual applicable source units; retain direct forms, attested examples and process statements separately. No input adoption, historical equivalence, silence-as-dissent or image verification beyond the inherited checks is claimed.
2150	RingeTaylor2014	evidence_found	rt-complete-2150-001;rt-complete-2150-002;rt-complete-2150-003;rt-complete-2150-004;rt-complete-2150-005;rt-complete-2150-006;rt-complete-2150-007;rt-complete-2150-008;rt-complete-2150-009;rt-complete-2150-010;rt-complete-2150-011;rt-complete-2150-012;rt-complete-2150-013	Full held lexical-index/contents and row-specific aliases screened; applicable identity-anchored body paragraphs and related formation/method arguments inspected. rédana: printed11,149,239,346; rerd: printed518	Text-checked actual applicable source units; retain direct forms, attested examples and process statements separately. No input adoption, historical equivalence, silence-as-dissent or image verification beyond the inherited checks is claimed.
2153	RingeTaylor2014	evidence_found	rt-complete-2153-001;rt-complete-2153-002;rt-complete-2153-003;rt-complete-2153-004;rt-complete-2153-005	Full held lexical-index/contents and row-specific aliases screened; applicable identity-anchored body paragraphs and related formation/method arguments inspected. raidu: printed171,285	Riding-event noun supplies a bounded verbal-family comparandum; it does not quote selected rīdan or establish that verb's PGmc citation. No input adoption, historical equivalence, silence-as-dissent or image verification beyond the inherited checks is claimed.
2154	RingeTaylor2014	evidence_found	rt-complete-2154-001;rt-complete-2154-002	Full held lexical-index/contents and row-specific aliases screened; applicable identity-anchored body paragraphs and related formation/method arguments inspected. rinda: printed127	Text-checked actual applicable source units; retain direct forms, attested examples and process statements separately. No input adoption, historical equivalence, silence-as-dissent or image verification beyond the inherited checks is claimed.
2156	RingeTaylor2014	evidence_found	rt-complete-2156-001;rt-complete-2156-002;rt-complete-2156-003;rt-complete-2156-004;rt-complete-2156-005;rt-complete-2156-006;rt-complete-2156-007	Full held lexical-index/contents and row-specific aliases screened; applicable identity-anchored body paragraphs and related formation/method arguments inspected. raiho: printed171,314	Text-checked actual applicable source units; retain direct forms, attested examples and process statements separately. No input adoption, historical equivalence, silence-as-dissent or image verification beyond the inherited checks is claimed.
2159	RingeTaylor2014	evidence_found	rt-complete-2159-001	Full held lexical-index/contents and row-specific aliases screened; applicable identity-anchored body paragraphs and related formation/method arguments inspected. stegareif: printed213	Rope is the component of an OHG-to-OE-to-ON stirrup loan history; no standalone PGmc rope citation is assembled. No input adoption, historical equivalence, silence-as-dissent or image verification beyond the inherited checks is claimed.
2161	RingeTaylor2014	evidence_found	rt-complete-2161-001;rt-complete-2161-002;rt-complete-2161-003;rt-complete-2161-004;rt-complete-2161-005	Full held lexical-index/contents and row-specific aliases screened; applicable identity-anchored body paragraphs and related formation/method arguments inspected. rinnang: printed340; irnan: printed341	Rinnan/irnan family, never hlaupan. No input adoption, historical equivalence, silence-as-dissent or image verification beyond the inherited checks is claimed.
2163	RingeTaylor2014	evidence_found	rt-complete-2163-001;rt-complete-2163-002	Full held lexical-index/contents and row-specific aliases screened; applicable identity-anchored body paragraphs and related formation/method arguments inspected. rugiz: printed223	Text-checked actual applicable source units; retain direct forms, attested examples and process statements separately. No input adoption, historical equivalence, silence-as-dissent or image verification beyond the inherited checks is claimed.
2164	RingeTaylor2014	evidence_found	rt-complete-2164-001;rt-complete-2164-002;rt-complete-2164-003;rt-complete-2164-004;rt-complete-2164-005;rt-complete-2164-006	Full held lexical-index/contents and row-specific aliases screened; applicable identity-anchored body paragraphs and related formation/method arguments inspected. segl: printed213,329	Text-checked actual applicable source units; retain direct forms, attested examples and process statements separately. No input adoption, historical equivalence, silence-as-dissent or image verification beyond the inherited checks is claimed.
2165	RingeTaylor2014	evidence_found	rt-complete-2165-001;rt-complete-2165-002;rt-complete-2165-003;rt-complete-2165-004;rt-complete-2165-005;rt-complete-2165-006;rt-complete-2165-007;rt-complete-2165-008;rt-complete-2165-009;rt-complete-2165-010;rt-complete-2165-011;rt-complete-2165-012;rt-complete-2165-013;rt-complete-2165-014;rt-complete-2165-015;rt-complete-2165-016;rt-complete-2165-017;rt-complete-2165-018	Full held lexical-index/contents and row-specific aliases screened; applicable identity-anchored body paragraphs and related formation/method arguments inspected. saku: printed128,195,288	Text-checked actual applicable source units; retain direct forms, attested examples and process statements separately. No input adoption, historical equivalence, silence-as-dissent or image verification beyond the inherited checks is claimed.
2166	RingeTaylor2014	evidence_found	rt-complete-2166-001;rt-complete-2166-002;rt-complete-2166-003;rt-complete-2166-004;rt-complete-2166-005;rt-complete-2166-006	Full held lexical-index/contents and row-specific aliases screened; applicable identity-anchored body paragraphs and related formation/method arguments inspected. salta: printed184	Text-checked actual applicable source units; retain direct forms, attested examples and process statements separately. No input adoption, historical equivalence, silence-as-dissent or image verification beyond the inherited checks is claimed.
2167	RingeTaylor2014	evidence_found	rt-complete-2167-001;rt-complete-2167-002;rt-complete-2167-003;rt-complete-2167-004;rt-complete-2167-005;rt-complete-2167-006;rt-complete-2167-007	Full held lexical-index/contents and row-specific aliases screened; applicable identity-anchored body paragraphs and related formation/method arguments inspected. salbu: printed184,297	Salve noun and anoint verb are distinct units wherever both occur. No input adoption, historical equivalence, silence-as-dissent or image verification beyond the inherited checks is claimed.
2169	RingeTaylor2014	evidence_found	rt-complete-2169-001;rt-complete-2169-002;rt-complete-2169-003;rt-complete-2169-004;rt-complete-2169-005;rt-complete-2169-006;rt-complete-2169-007;rt-complete-2169-008;rt-complete-2169-009;rt-complete-2169-010;rt-complete-2169-011;rt-complete-2169-012;rt-complete-2169-013;rt-complete-2169-014;rt-complete-2169-015;rt-complete-2169-016;rt-complete-2169-017;rt-complete-2169-018	Full held lexical-index/contents and row-specific aliases screened; applicable identity-anchored body paragraphs and related formation/method arguments inspected. saiwiz: printed234,259; sea: printed318	Text-checked actual applicable source units; retain direct forms, attested examples and process statements separately. No input adoption, historical equivalence, silence-as-dissent or image verification beyond the inherited checks is claimed.
2171	RingeTaylor2014	evidence_found	rt-complete-2171-001;rt-complete-2171-002;rt-complete-2171-003;rt-complete-2171-004;rt-complete-2171-005;rt-complete-2171-006;rt-complete-2171-007;rt-complete-2171-008;rt-complete-2171-009;rt-complete-2171-010;rt-complete-2171-011;rt-complete-2171-012;rt-complete-2171-013	Full held lexical-index/contents and row-specific aliases screened; applicable identity-anchored body paragraphs and related formation/method arguments inspected. sokijan: printed157,208,226; sdkijan: printed157,208,226	Text-checked actual applicable source units; retain direct forms, attested examples and process statements separately. No input adoption, historical equivalence, silence-as-dissent or image verification beyond the inherited checks is claimed.
2172	RingeTaylor2014	evidence_found	rt-complete-2172-001;rt-complete-2172-002;rt-complete-2172-003	Full held lexical-index/contents and row-specific aliases screened; applicable identity-anchored body paragraphs and related formation/method arguments inspected. sandijan: printed229	Text-checked actual applicable source units; retain direct forms, attested examples and process statements separately. No input adoption, historical equivalence, silence-as-dissent or image verification beyond the inherited checks is claimed.
2173	RingeTaylor2014	evidence_found	rt-complete-2173-001;rt-complete-2173-002;rt-complete-2173-003;rt-complete-2173-004;rt-complete-2173-005;rt-complete-2173-006;rt-complete-2173-007;rt-complete-2173-008;rt-complete-2173-009;rt-complete-2173-010;rt-complete-2173-011;rt-complete-2173-012;rt-complete-2173-013;rt-complete-2173-014;rt-complete-2173-015;rt-complete-2173-016;rt-complete-2173-017;rt-complete-2173-018;rt-complete-2173-019;rt-complete-2173-020;rt-complete-2173-021;rt-complete-2173-022	Full held lexical-index/contents and row-specific aliases screened; applicable identity-anchored body paragraphs and related formation/method arguments inspected. satjan: printed51; settan: printed238,351,358	Text-checked actual applicable source units; retain direct forms, attested examples and process statements separately. No input adoption, historical equivalence, silence-as-dissent or image verification beyond the inherited checks is claimed.
2174	RingeTaylor2014	evidence_found	rt-complete-2174-001;rt-complete-2174-002;rt-complete-2174-003	Full held lexical-index/contents and row-specific aliases screened; applicable identity-anchored body paragraphs and related formation/method arguments inspected. sebun: printed324	Text-checked actual applicable source units; retain direct forms, attested examples and process statements separately. No input adoption, historical equivalence, silence-as-dissent or image verification beyond the inherited checks is claimed.
2175	RingeTaylor2014	evidence_found	rt-complete-2175-001;rt-complete-2175-002;rt-complete-2175-003;rt-complete-2175-004	Full held lexical-index/contents and row-specific aliases screened; applicable identity-anchored body paragraphs and related formation/method arguments inspected. skafta: printed216	Text-checked actual applicable source units; retain direct forms, attested examples and process statements separately. No input adoption, historical equivalence, silence-as-dissent or image verification beyond the inherited checks is claimed.
2176	RingeTaylor2014	evidence_found	rt-complete-2176-001;rt-complete-2176-002;rt-complete-2176-003	Full held lexical-index/contents and row-specific aliases screened; applicable identity-anchored body paragraphs and related formation/method arguments inspected. shame: printed207	Text-checked actual applicable source units; retain direct forms, attested examples and process statements separately. No input adoption, historical equivalence, silence-as-dissent or image verification beyond the inherited checks is claimed.
2177	RingeTaylor2014	evidence_found	rt-complete-2177-001;rt-complete-2177-002;rt-complete-2177-003;rt-complete-2177-004;rt-complete-2177-005;rt-complete-2177-006;rt-complete-2177-007;rt-complete-2177-009;rt-complete-2177-010;rt-complete-2177-011;rt-complete-2177-012	Full held lexical-index/contents and row-specific aliases screened; applicable identity-anchored body paragraphs and related formation/method arguments inspected. skeran: printed216; scieran: printed347	Text-checked actual applicable source units; retain direct forms, attested examples and process statements separately. No input adoption, historical equivalence, silence-as-dissent or image verification beyond the inherited checks is claimed.
2178	RingeTaylor2014	evidence_found	rt-complete-2178-001;rt-complete-2178-002;rt-complete-2178-003;rt-complete-2178-004;rt-complete-2178-005	Full held lexical-index/contents and row-specific aliases screened; applicable identity-anchored body paragraphs and related formation/method arguments inspected. skaibiz: printed235	Text-checked actual applicable source units; retain direct forms, attested examples and process statements separately. No input adoption, historical equivalence, silence-as-dissent or image verification beyond the inherited checks is claimed.
2179	RingeTaylor2014	evidence_found	rt-complete-2179-001;rt-complete-2179-002;rt-complete-2179-003;rt-complete-2179-004;rt-complete-2179-005;rt-complete-2179-006	Full held lexical-index/contents and row-specific aliases screened; applicable identity-anchored body paragraphs and related formation/method arguments inspected. skap: printed127,216,235	Text-checked actual applicable source units; retain direct forms, attested examples and process statements separately. No input adoption, historical equivalence, silence-as-dissent or image verification beyond the inherited checks is claimed.
2180	RingeTaylor2014	evidence_found	rt-complete-2180-001;rt-complete-2180-002;rt-complete-2180-003;rt-complete-2180-004;rt-complete-2180-005;rt-complete-2180-006;rt-complete-2180-007;rt-complete-2180-008	Full held lexical-index/contents and row-specific aliases screened; applicable identity-anchored body paragraphs and related formation/method arguments inspected. skeldu: printed216,287	Text-checked actual applicable source units; retain direct forms, attested examples and process statements separately. No input adoption, historical equivalence, silence-as-dissent or image verification beyond the inherited checks is claimed.
2182	RingeTaylor2014	evidence_found	rt-complete-2182-001;rt-complete-2182-002;rt-complete-2182-003	Full held lexical-index/contents and row-specific aliases screened; applicable identity-anchored body paragraphs and related formation/method arguments inspected. scinan: printed204	Text-checked actual applicable source units; retain direct forms, attested examples and process statements separately. No input adoption, historical equivalence, silence-as-dissent or image verification beyond the inherited checks is claimed.
2183	RingeTaylor2014	evidence_found	rt-complete-2183-001;rt-complete-2183-002;rt-complete-2183-003;rt-complete-2183-004	Full held lexical-index/contents and row-specific aliases screened; applicable identity-anchored body paragraphs and related formation/method arguments inspected. skuldru: printed127	Text-checked actual applicable source units; retain direct forms, attested examples and process statements separately. No input adoption, historical equivalence, silence-as-dissent or image verification beyond the inherited checks is claimed.
2184	RingeTaylor2014	evidence_found	rt-complete-2184-001;rt-complete-2184-002;rt-complete-2184-003	Full held lexical-index/contents and row-specific aliases screened; applicable identity-anchored body paragraphs and related formation/method arguments inspected. skaub: printed298	Text-checked actual applicable source units; retain direct forms, attested examples and process statements separately. No input adoption, historical equivalence, silence-as-dissent or image verification beyond the inherited checks is claimed.
2187	RingeTaylor2014	evidence_found	rt-complete-2187-001;rt-complete-2187-002	Full held lexical-index/contents and row-specific aliases screened; applicable identity-anchored body paragraphs and related formation/method arguments inspected. shower: printed207	Text-checked actual applicable source units; retain direct forms, attested examples and process statements separately. No input adoption, historical equivalence, silence-as-dissent or image verification beyond the inherited checks is claimed.
2190	RingeTaylor2014	evidence_found	rt-complete-2190-001;rt-complete-2190-002;rt-complete-2190-003;rt-complete-2190-004	Full held lexical-index/contents and row-specific aliases screened; applicable identity-anchored body paragraphs and related formation/method arguments inspected. sing: printed215	Text-checked actual applicable source units; retain direct forms, attested examples and process statements separately. No input adoption, historical equivalence, silence-as-dissent or image verification beyond the inherited checks is claimed.
2192	RingeTaylor2014	evidence_found	rt-complete-2192-001;rt-complete-2192-002;rt-complete-2192-003;rt-complete-2192-004;rt-complete-2192-005;rt-complete-2192-006;rt-complete-2192-007;rt-complete-2192-008;rt-complete-2192-009;rt-complete-2192-011;rt-complete-2192-012;rt-complete-2192-013;rt-complete-2192-014;rt-complete-2192-015;rt-complete-2192-016;rt-complete-2192-017;rt-complete-2192-018;rt-complete-2192-019;rt-complete-2192-020;rt-complete-2192-021;rt-complete-2192-022;rt-complete-2192-023;rt-complete-2192-024;rt-complete-2192-025;rt-complete-2192-026;rt-complete-2192-027	Full held lexical-index/contents and row-specific aliases screened; applicable identity-anchored body paragraphs and related formation/method arguments inspected. swestér: printed18,515; sweostor: printed326,382,515	Text-checked actual applicable source units; retain direct forms, attested examples and process statements separately. No input adoption, historical equivalence, silence-as-dissent or image verification beyond the inherited checks is claimed.
2193	RingeTaylor2014	evidence_found	raising-ringe-taylor-oe-boundary;rt-complete-2193-001;rt-complete-2193-002;rt-complete-2193-003;rt-complete-2193-004;rt-complete-2193-005;rt-complete-2193-006;rt-complete-2193-007;rt-complete-2193-008	Printed220 inherited raising statement compared with the persisted sit trace and dictionary forms. Full held lexical-index/contents and row-specific aliases screened; applicable identity-anchored body paragraphs and related formation/method arguments inspected. sitjang: printed51	The current late raising conflicts with this working history, but is not evidence that the dictionaries invented their e headwords. Text-checked actual applicable source units; retain direct forms, attested examples and process statements separately. No input adoption, historical equivalence, silence-as-dissent or image verification beyond the inherited checks is claimed.
2194	RingeTaylor2014	evidence_found	rt-complete-2194-001;rt-complete-2194-002;rt-complete-2194-003	Full held lexical-index/contents and row-specific aliases screened; applicable identity-anchored body paragraphs and related formation/method arguments inspected. sehs: printed337	Text-checked actual applicable source units; retain direct forms, attested examples and process statements separately. No input adoption, historical equivalence, silence-as-dissent or image verification beyond the inherited checks is claimed.
2195	RingeTaylor2014	evidence_found	rt-complete-2195-001;rt-complete-2195-002;rt-complete-2195-003;rt-complete-2195-004;rt-complete-2195-005;rt-complete-2195-006;rt-complete-2195-007;rt-complete-2195-008;rt-complete-2195-009;rt-complete-2195-010;rt-complete-2195-011;rt-complete-2195-012;rt-complete-2195-013;rt-complete-2195-014;rt-complete-2195-015;rt-complete-2195-016;rt-complete-2195-017;rt-complete-2195-018;rt-complete-2195-019;rt-complete-2195-020;rt-complete-2195-021;rt-complete-2195-022;rt-complete-2195-023;rt-complete-2195-024;rt-complete-2195-025;rt-complete-2195-026	Full held lexical-index/contents and row-specific aliases screened; applicable identity-anchored body paragraphs and related formation/method arguments inspected. slahan: printed177,189,315; sléan: printed343,348	Text-checked actual applicable source units; retain direct forms, attested examples and process statements separately. No input adoption, historical equivalence, silence-as-dissent or image verification beyond the inherited checks is claimed.
2196	RingeTaylor2014	evidence_found	rt-complete-2196-001;rt-complete-2196-002;rt-complete-2196-004;rt-complete-2196-005;rt-complete-2196-006;rt-complete-2196-008;rt-complete-2196-009;rt-complete-2196-010;rt-complete-2196-011;rt-complete-2196-012;rt-complete-2196-013;rt-complete-2196-014;rt-complete-2196-015;rt-complete-2196-017;rt-complete-2196-018	Full held lexical-index/contents and row-specific aliases screened; applicable identity-anchored body paragraphs and related formation/method arguments inspected. slépan: printed11,149,199,348	Text-checked actual applicable source units; retain direct forms, attested examples and process statements separately. No input adoption, historical equivalence, silence-as-dissent or image verification beyond the inherited checks is claimed.
2198	RingeTaylor2014	evidence_found	rt-complete-2198-001;rt-complete-2198-002;rt-complete-2198-003;rt-complete-2198-004;rt-complete-2198-005;rt-complete-2198-006;rt-complete-2198-007;rt-complete-2198-008;rt-complete-2198-009;rt-complete-2198-010;rt-complete-2198-011;rt-complete-2198-012;rt-complete-2198-013	Full held lexical-index/contents and row-specific aliases screened; applicable identity-anchored body paragraphs and related formation/method arguments inspected. smier: printed183,248	Text-checked actual applicable source units; retain direct forms, attested examples and process statements separately. No input adoption, historical equivalence, silence-as-dissent or image verification beyond the inherited checks is claimed.
2199	RingeTaylor2014	evidence_found	rt-complete-2199-001;rt-complete-2199-002	Full held lexical-index/contents and row-specific aliases screened; applicable identity-anchored body paragraphs and related formation/method arguments inspected. snaiwaz: printed171	Text-checked actual applicable source units; retain direct forms, attested examples and process statements separately. No input adoption, historical equivalence, silence-as-dissent or image verification beyond the inherited checks is claimed.
2200	RingeTaylor2014	evidence_found	rt-complete-2200-001;rt-complete-2200-002	Full held lexical-index/contents and row-specific aliases screened; applicable identity-anchored body paragraphs and related formation/method arguments inspected. surgo: printed27	Text-checked actual applicable source units; retain direct forms, attested examples and process statements separately. No input adoption, historical equivalence, silence-as-dissent or image verification beyond the inherited checks is claimed.
2201	RingeTaylor2014	evidence_found	rt-complete-2201-001;rt-complete-2201-002;rt-complete-2201-003;rt-complete-2201-004;rt-complete-2201-005;rt-complete-2201-006;rt-complete-2201-007;rt-complete-2201-008;rt-complete-2201-009;rt-complete-2201-010;rt-complete-2201-011;rt-complete-2201-012;rt-complete-2201-013;rt-complete-2201-014	Full held lexical-index/contents and row-specific aliases screened; applicable identity-anchored body paragraphs and related formation/method arguments inspected. saiwal: printed171,265,300,330	Text-checked actual applicable source units; retain direct forms, attested examples and process statements separately. No input adoption, historical equivalence, silence-as-dissent or image verification beyond the inherited checks is claimed.
2202	RingeTaylor2014	evidence_found	rt-complete-2202-001;rt-complete-2202-002;rt-complete-2202-003	Full held lexical-index/contents and row-specific aliases screened; applicable identity-anchored body paragraphs and related formation/method arguments inspected. spannan: printed127	Text-checked actual applicable source units; retain direct forms, attested examples and process statements separately. No input adoption, historical equivalence, silence-as-dissent or image verification beyond the inherited checks is claimed.
2203	RingeTaylor2014	evidence_found	rt-complete-2203-001	Full held lexical-index/contents and row-specific aliases screened; applicable identity-anchored body paragraphs and related formation/method arguments inspected. spannan: printed127	Harness verb is family evidence, not the selected span-noun dative. No input adoption, historical equivalence, silence-as-dissent or image verification beyond the inherited checks is claimed.
2205	RingeTaylor2014	evidence_found	rt-complete-2205-001;rt-complete-2205-002;rt-complete-2205-003;rt-complete-2205-004;rt-complete-2205-005;rt-complete-2205-006;rt-complete-2205-007;rt-complete-2205-008;rt-complete-2205-009;rt-complete-2205-010;rt-complete-2205-011;rt-complete-2205-012;rt-complete-2205-013;rt-complete-2205-014;rt-complete-2205-015;rt-complete-2205-016;rt-complete-2205-017;rt-complete-2205-018	Full held lexical-index/contents and row-specific aliases screened; applicable identity-anchored body paragraphs and related formation/method arguments inspected. spar: printed162,191,219,367	Text-checked actual applicable source units; retain direct forms, attested examples and process statements separately. No input adoption, historical equivalence, silence-as-dissent or image verification beyond the inherited checks is claimed.
2208	RingeTaylor2014	evidence_found	rt-complete-2208-001;rt-complete-2208-002;rt-complete-2208-003;rt-complete-2208-004;rt-complete-2208-005	Full held lexical-index/contents and row-specific aliases screened; applicable identity-anchored body paragraphs and related formation/method arguments inspected. spinnilu: printed330	Text-checked actual applicable source units; retain direct forms, attested examples and process statements separately. No input adoption, historical equivalence, silence-as-dissent or image verification beyond the inherited checks is claimed.
2209	RingeTaylor2014	evidence_found	rt-complete-2209-001;rt-complete-2209-002;rt-complete-2209-003	Full held lexical-index/contents and row-specific aliases screened; applicable identity-anchored body paragraphs and related formation/method arguments inspected. spanuz: printed143	Text-checked actual applicable source units; retain direct forms, attested examples and process statements separately. No input adoption, historical equivalence, silence-as-dissent or image verification beyond the inherited checks is claimed.
2212	RingeTaylor2014	evidence_found	rt-complete-2212-001;rt-complete-2212-002;rt-complete-2212-003;rt-complete-2212-004;rt-complete-2212-005;rt-complete-2212-006;rt-complete-2212-007;rt-complete-2212-008;rt-complete-2212-009;rt-complete-2212-010;rt-complete-2212-011;rt-complete-2212-012;rt-complete-2212-013	Full held lexical-index/contents and row-specific aliases screened; applicable identity-anchored body paragraphs and related formation/method arguments inspected. stabaz: printed147,193	Text-checked actual applicable source units; retain direct forms, attested examples and process statements separately. No input adoption, historical equivalence, silence-as-dissent or image verification beyond the inherited checks is claimed.
2214	RingeTaylor2014	evidence_found	rt-complete-2214-001;rt-complete-2214-002;rt-complete-2214-003;rt-complete-2214-004;rt-complete-2214-005	Full held lexical-index/contents and row-specific aliases screened; applicable identity-anchored body paragraphs and related formation/method arguments inspected. sterban: printed127,182	Text-checked actual applicable source units; retain direct forms, attested examples and process statements separately. No input adoption, historical equivalence, silence-as-dissent or image verification beyond the inherited checks is claimed.
2216	RingeTaylor2014	evidence_found	rt-complete-2216-001;rt-complete-2216-002;rt-complete-2216-003;rt-complete-2216-004	Full held lexical-index/contents and row-specific aliases screened; applicable identity-anchored body paragraphs and related formation/method arguments inspected. stebn: printed330	Text-checked actual applicable source units; retain direct forms, attested examples and process statements separately. No input adoption, historical equivalence, silence-as-dissent or image verification beyond the inherited checks is claimed.
2220	RingeTaylor2014	evidence_found	rt-complete-2220-001;rt-complete-2220-002;rt-complete-2220-003	Full held lexical-index/contents and row-specific aliases screened; applicable identity-anchored body paragraphs and related formation/method arguments inspected. stainaz: printed170; staing: printed45	Text-checked actual applicable source units; retain direct forms, attested examples and process statements separately. No input adoption, historical equivalence, silence-as-dissent or image verification beyond the inherited checks is claimed.
2224	RingeTaylor2014	evidence_found	rt-complete-2224-001;rt-complete-2224-002;rt-complete-2224-003;rt-complete-2224-004;rt-complete-2224-005;rt-complete-2224-006;rt-complete-2224-007;rt-complete-2224-008;rt-complete-2224-009;rt-complete-2224-010;rt-complete-2224-011;rt-complete-2224-012;rt-complete-2224-013;rt-complete-2224-014;rt-complete-2224-015	Full held lexical-index/contents and row-specific aliases screened; applicable identity-anchored body paragraphs and related formation/method arguments inspected. strawa: printed173; stréaw: printed387	Text-checked actual applicable source units; retain direct forms, attested examples and process statements separately. No input adoption, historical equivalence, silence-as-dissent or image verification beyond the inherited checks is claimed.
2225	RingeTaylor2014	evidence_found	rt-complete-2225-001;rt-complete-2225-002;rt-complete-2225-003;rt-complete-2225-004;rt-complete-2225-005;rt-complete-2225-006;rt-complete-2225-007	Full held lexical-index/contents and row-specific aliases screened; applicable identity-anchored body paragraphs and related formation/method arguments inspected. straumaz: printed172,515	Text-checked actual applicable source units; retain direct forms, attested examples and process statements separately. No input adoption, historical equivalence, silence-as-dissent or image verification beyond the inherited checks is claimed.
2226	RingeTaylor2014	evidence_found	rt-complete-2226-001;rt-complete-2226-002;rt-complete-2226-003;rt-complete-2226-005	Full held lexical-index/contents and row-specific aliases screened; applicable identity-anchored body paragraphs and related formation/method arguments inspected. streccan: printed97,238	Text-checked actual applicable source units; retain direct forms, attested examples and process statements separately. No input adoption, historical equivalence, silence-as-dissent or image verification beyond the inherited checks is claimed.
2227	RingeTaylor2014	evidence_found	rt-complete-2227-001;rt-complete-2227-002;rt-complete-2227-003;rt-complete-2227-004;rt-complete-2227-005;rt-complete-2227-006;rt-complete-2227-007;rt-complete-2227-008;rt-complete-2227-009;rt-complete-2227-010;rt-complete-2227-011;rt-complete-2227-012;rt-complete-2227-013;rt-complete-2227-014;rt-complete-2227-015;rt-complete-2227-016;rt-complete-2227-017	Full held lexical-index/contents and row-specific aliases screened; applicable identity-anchored body paragraphs and related formation/method arguments inspected. strawjan: printed53,173; streide: printed318	Text-checked actual applicable source units; retain direct forms, attested examples and process statements separately. No input adoption, historical equivalence, silence-as-dissent or image verification beyond the inherited checks is claimed.
2228	RingeTaylor2014	evidence_found	rt-complete-2228-001;rt-complete-2228-002;rt-complete-2228-003	Full held lexical-index/contents and row-specific aliases screened; applicable identity-anchored body paragraphs and related formation/method arguments inspected. strangiz: printed209	Text-checked actual applicable source units; retain direct forms, attested examples and process statements separately. No input adoption, historical equivalence, silence-as-dissent or image verification beyond the inherited checks is claimed.
2230	RingeTaylor2014	evidence_found	rt-complete-2230-001;rt-complete-2230-002	Full held lexical-index/contents and row-specific aliases screened; applicable identity-anchored body paragraphs and related formation/method arguments inspected. sumaraz: printed31	Text-checked actual applicable source units; retain direct forms, attested examples and process statements separately. No input adoption, historical equivalence, silence-as-dissent or image verification beyond the inherited checks is claimed.
2231	RingeTaylor2014	evidence_found	rt-complete-2231-001	Full held lexical-index/contents and row-specific aliases screened; applicable identity-anchored body paragraphs and related formation/method arguments inspected. sunnon-: printed29	Text-checked actual applicable source units; retain direct forms, attested examples and process statements separately. No input adoption, historical equivalence, silence-as-dissent or image verification beyond the inherited checks is claimed.
2233	RingeTaylor2014	evidence_found	rt-complete-2233-001;rt-complete-2233-002	Full held lexical-index/contents and row-specific aliases screened; applicable identity-anchored body paragraphs and related formation/method arguments inspected. slurp: printed39	Text-checked actual applicable source units; retain direct forms, attested examples and process statements separately. No input adoption, historical equivalence, silence-as-dissent or image verification beyond the inherited checks is claimed.
2234	RingeTaylor2014	evidence_found	rt-complete-2234-001;rt-complete-2234-002;rt-complete-2234-003	Full held lexical-index/contents and row-specific aliases screened; applicable identity-anchored body paragraphs and related formation/method arguments inspected. swalwa: printed185	Text-checked actual applicable source units; retain direct forms, attested examples and process statements separately. No input adoption, historical equivalence, silence-as-dissent or image verification beyond the inherited checks is claimed.
2237	RingeTaylor2014	evidence_found	rt-complete-2237-001;rt-complete-2237-002;rt-complete-2237-003	Full held lexical-index/contents and row-specific aliases screened; applicable identity-anchored body paragraphs and related formation/method arguments inspected. swamm: printed144	Text-checked actual applicable source units; retain direct forms, attested examples and process statements separately. No input adoption, historical equivalence, silence-as-dissent or image verification beyond the inherited checks is claimed.
2239	RingeTaylor2014	evidence_found	rt-complete-2239-001;rt-complete-2239-002	Full held lexical-index/contents and row-specific aliases screened; applicable identity-anchored body paragraphs and related formation/method arguments inspected. swerda: printed182	Text-checked actual applicable source units; retain direct forms, attested examples and process statements separately. No input adoption, historical equivalence, silence-as-dissent or image verification beyond the inherited checks is claimed.
2241	RingeTaylor2014	evidence_found	rt-complete-2241-001;rt-complete-2241-002	Full held lexical-index/contents and row-specific aliases screened; applicable identity-anchored body paragraphs and related formation/method arguments inspected. tiuche: printed178	OF team reflex is a comparandum; selected OE team ancestry is not established by that translation. No input adoption, historical equivalence, silence-as-dissent or image verification beyond the inherited checks is claimed.
2242	RingeTaylor2014	evidence_found	rt-complete-2242-001;rt-complete-2242-002;rt-complete-2242-003;rt-complete-2242-004;rt-complete-2242-005;rt-complete-2242-006;rt-complete-2242-007	Full held lexical-index/contents and row-specific aliases screened; applicable identity-anchored body paragraphs and related formation/method arguments inspected. tehuni-: printed253	Text-checked actual applicable source units; retain direct forms, attested examples and process statements separately. No input adoption, historical equivalence, silence-as-dissent or image verification beyond the inherited checks is claimed.
2243	RingeTaylor2014	evidence_found	rt-complete-2243-001;rt-complete-2243-002;rt-complete-2243-003;rt-complete-2243-004;rt-complete-2243-005;rt-complete-2243-006	Full held lexical-index/contents and row-specific aliases screened; applicable identity-anchored body paragraphs and related formation/method arguments inspected. begnaz: printed213,330	Text-checked actual applicable source units; retain direct forms, attested examples and process statements separately. No input adoption, historical equivalence, silence-as-dissent or image verification beyond the inherited checks is claimed.
2244	RingeTaylor2014	evidence_found	rt-complete-2244-001;rt-complete-2244-002;rt-complete-2244-003;rt-complete-2244-004	Full held lexical-index/contents and row-specific aliases screened; applicable identity-anchored body paragraphs and related formation/method arguments inspected. bankaz: printed512	Text-checked actual applicable source units; retain direct forms, attested examples and process statements separately. No input adoption, historical equivalence, silence-as-dissent or image verification beyond the inherited checks is claimed.
2245	RingeTaylor2014	evidence_found	rt-complete-2245-001;rt-complete-2245-002;rt-complete-2245-003;rt-complete-2245-004	Full held lexical-index/contents and row-specific aliases screened; applicable identity-anchored body paragraphs and related formation/method arguments inspected. roof: printed147	Text-checked actual applicable source units; retain direct forms, attested examples and process statements separately. No input adoption, historical equivalence, silence-as-dissent or image verification beyond the inherited checks is claimed.
2246	RingeTaylor2014	evidence_found	rt-complete-2246-001;rt-complete-2246-002	Full held lexical-index/contents and row-specific aliases screened; applicable identity-anchored body paragraphs and related formation/method arguments inspected. peubaz: printed173	Text-checked actual applicable source units; retain direct forms, attested examples and process statements separately. No input adoption, historical equivalence, silence-as-dissent or image verification beyond the inherited checks is claimed.
2247	RingeTaylor2014	evidence_found	rt-complete-2247-001;rt-complete-2247-002;rt-complete-2247-003;rt-complete-2247-004;rt-complete-2247-005;rt-complete-2247-006;rt-complete-2247-007;rt-complete-2247-008;rt-complete-2247-009	Full held lexical-index/contents and row-specific aliases screened; applicable identity-anchored body paragraphs and related formation/method arguments inspected. binga: printed128	Text-checked actual applicable source units; retain direct forms, attested examples and process statements separately. No input adoption, historical equivalence, silence-as-dissent or image verification beyond the inherited checks is claimed.
2248	RingeTaylor2014	evidence_found	rt-complete-2248-001;rt-complete-2248-002;rt-complete-2248-003;rt-complete-2248-004;rt-complete-2248-005;rt-complete-2248-006	Full held lexical-index/contents and row-specific aliases screened; applicable identity-anchored body paragraphs and related formation/method arguments inspected. bencan: printed4; bankijanga: printed512	Think/thought family argument and reflex, not a quoted selected infinitive in every passage. No input adoption, historical equivalence, silence-as-dissent or image verification beyond the inherited checks is claimed.
2254	RingeTaylor2014	evidence_found	raising-ringe-taylor-oe-boundary;rt-complete-2254-001;rt-complete-2254-002;rt-complete-2254-003;rt-complete-2254-004;rt-complete-2254-005;rt-complete-2254-006;rt-complete-2254-007;rt-complete-2254-008;rt-complete-2254-009;rt-complete-2254-010;rt-complete-2254-011;rt-complete-2254-012;rt-complete-2254-013;rt-complete-2254-014;rt-complete-2254-015;rt-complete-2254-016;rt-complete-2254-017;rt-complete-2254-018	Printed220 inherited raising statement compared with Ringe153's numeral/cell argument and the persisted three trace. Full held lexical-index/contents and row-specific aliases screened; applicable identity-anchored body paragraphs and related formation/method arguments inspected. three: printed120,121,388,515	The general date does not authorize an e-to-i-only correction that suppresses contraction or the added OE ending. Inherited numeral and later gender-specific endings are separate; no ending removal creates agreement. No input adoption, historical equivalence, silence-as-dissent or image verification beyond the inherited checks is claimed.
2255	RingeTaylor2014	evidence_found	rt-complete-2255-001;rt-complete-2255-002;rt-complete-2255-003;rt-complete-2255-004	Full held lexical-index/contents and row-specific aliases screened; applicable identity-anchored body paragraphs and related formation/method arguments inspected. thunder: printed32,328	Text-checked actual applicable source units; retain direct forms, attested examples and process statements separately. No input adoption, historical equivalence, silence-as-dissent or image verification beyond the inherited checks is claimed.
2258	RingeTaylor2014	evidence_found	rt-complete-2258-001;rt-complete-2258-002;rt-complete-2258-003;rt-complete-2258-004;rt-complete-2258-005	Full held lexical-index/contents and row-specific aliases screened; applicable identity-anchored body paragraphs and related formation/method arguments inspected. timra: printed327	Text-checked actual applicable source units; retain direct forms, attested examples and process statements separately. No input adoption, historical equivalence, silence-as-dissent or image verification beyond the inherited checks is claimed.
2259	RingeTaylor2014	evidence_found	rt-complete-2259-001;rt-complete-2259-002;rt-complete-2259-003;rt-complete-2259-004;rt-complete-2259-005	Full held lexical-index/contents and row-specific aliases screened; applicable identity-anchored body paragraphs and related formation/method arguments inspected. taih6n-: printed171,314	Text-checked actual applicable source units; retain direct forms, attested examples and process statements separately. No input adoption, historical equivalence, silence-as-dissent or image verification beyond the inherited checks is claimed.
2260	RingeTaylor2014	evidence_found	rt-complete-2260-001;rt-complete-2260-002;rt-complete-2260-003;rt-complete-2260-004;rt-complete-2260-005	Full held lexical-index/contents and row-specific aliases screened; applicable identity-anchored body paragraphs and related formation/method arguments inspected. taikn: printed48,311,331	Text-checked actual applicable source units; retain direct forms, attested examples and process statements separately. No input adoption, historical equivalence, silence-as-dissent or image verification beyond the inherited checks is claimed.
2262	RingeTaylor2014	evidence_found	rt-complete-2262-001;rt-complete-2262-002;rt-complete-2262-003;rt-complete-2262-004;rt-complete-2262-005;rt-complete-2262-006;rt-complete-2262-007;rt-complete-2262-008;rt-complete-2262-009;rt-complete-2262-010;rt-complete-2262-011;rt-complete-2262-012	Full held lexical-index/contents and row-specific aliases screened; applicable identity-anchored body paragraphs and related formation/method arguments inspected. tungon-: printed29,300,333; tunga: printed59,153	Text-checked actual applicable source units; retain direct forms, attested examples and process statements separately. No input adoption, historical equivalence, silence-as-dissent or image verification beyond the inherited checks is claimed.
2264	RingeTaylor2014	evidence_found	rt-complete-2264-001;rt-complete-2264-002;rt-complete-2264-003;rt-complete-2264-004;rt-complete-2264-005;rt-complete-2264-006;rt-complete-2264-007;rt-complete-2264-008;rt-complete-2264-009	Full held lexical-index/contents and row-specific aliases screened; applicable identity-anchored body paragraphs and related formation/method arguments inspected. trudang: printed325; tredan: printed78	Text-checked actual applicable source units; retain direct forms, attested examples and process statements separately. No input adoption, historical equivalence, silence-as-dissent or image verification beyond the inherited checks is claimed.
2268	RingeTaylor2014	evidence_found	rt-complete-2268-001;rt-complete-2268-002;rt-complete-2268-003;rt-complete-2268-004;rt-complete-2268-005;rt-complete-2268-006;rt-complete-2268-007;rt-complete-2268-008;rt-complete-2268-009;rt-complete-2268-010;rt-complete-2268-011;rt-complete-2268-012;rt-complete-2268-013;rt-complete-2268-014;rt-complete-2268-015	Full held lexical-index/contents and row-specific aliases screened; applicable identity-anchored body paragraphs and related formation/method arguments inspected. wakai-: printed162; wakja-: printed190	Stative/fientive wake-family forms are not equated to the selected strong wake infinitive. No input adoption, historical equivalence, silence-as-dissent or image verification beyond the inherited checks is claimed.
2269	RingeTaylor2014	evidence_found	rt-complete-2269-001;rt-complete-2269-002;rt-complete-2269-003;rt-complete-2269-004;rt-complete-2269-005;rt-complete-2269-006;rt-complete-2269-007	Full held lexical-index/contents and row-specific aliases screened; applicable identity-anchored body paragraphs and related formation/method arguments inspected. warp: printed180	Source wearp is the throw-verb past, not a quotation of the selected ending-bearing warp-noun input; retain only as a bounded lexical comparandum. No input adoption, historical equivalence, silence-as-dissent or image verification beyond the inherited checks is claimed.
2270	RingeTaylor2014	evidence_found	rt-complete-2270-001;rt-complete-2270-002;rt-complete-2270-003;rt-complete-2270-007;rt-complete-2270-005;rt-complete-2270-006;rt-complete-2270-008;rt-complete-2270-009;rt-complete-2270-010;rt-complete-2270-011	Full held lexical-index/contents and row-specific aliases screened; applicable identity-anchored body paragraphs and related formation/method arguments inspected. werpan: printed182; weorpan: printed347,350	Text-checked actual applicable source units; retain direct forms, attested examples and process statements separately. No input adoption, historical equivalence, silence-as-dissent or image verification beyond the inherited checks is claimed.
2272	RingeTaylor2014	evidence_found	rt-complete-2272-001;rt-complete-2272-002;rt-complete-2272-003;rt-complete-2272-004;rt-complete-2272-005;rt-complete-2272-006	Full held lexical-index/contents and row-specific aliases screened; applicable identity-anchored body paragraphs and related formation/method arguments inspected. waskan: printed127,233	Text-checked actual applicable source units; retain direct forms, attested examples and process statements separately. No input adoption, historical equivalence, silence-as-dissent or image verification beyond the inherited checks is claimed.
2274	RingeTaylor2014	evidence_found	rt-complete-2274-001;rt-complete-2274-002;rt-complete-2274-003;rt-complete-2274-004;rt-complete-2274-005;rt-complete-2274-006;rt-complete-2274-007;rt-complete-2274-008;rt-complete-2274-009;rt-complete-2274-010;rt-complete-2274-011;rt-complete-2274-012;rt-complete-2274-013;rt-complete-2274-014;rt-complete-2274-015;rt-complete-2274-016;rt-complete-2274-017;rt-complete-2274-018;rt-complete-2274-019;rt-complete-2274-020;rt-complete-2274-021;rt-complete-2274-022;rt-complete-2274-023;rt-complete-2274-024;rt-complete-2274-025;rt-complete-2274-026;rt-complete-2274-027;rt-complete-2274-028;rt-complete-2274-029;rt-complete-2274-030;rt-complete-2274-031;rt-complete-2274-032;rt-complete-2274-033;rt-complete-2274-034	Full held lexical-index/contents and row-specific aliases screened; applicable identity-anchored body paragraphs and related formation/method arguments inspected. wator: printed59,119,147,152,333; weeter: printed387	Text-checked actual applicable source units; retain direct forms, attested examples and process statements separately. No input adoption, historical equivalence, silence-as-dissent or image verification beyond the inherited checks is claimed.
2276	RingeTaylor2014	evidence_found	rt-complete-2276-001;rt-complete-2276-002;rt-complete-2276-003;rt-complete-2276-004;rt-complete-2276-005;rt-complete-2276-006;rt-complete-2276-007;rt-complete-2276-008;rt-complete-2276-009	Full held lexical-index/contents and row-specific aliases screened; applicable identity-anchored body paragraphs and related formation/method arguments inspected. wahsijan: printed176,241,312	Text-checked actual applicable source units; retain direct forms, attested examples and process statements separately. No input adoption, historical equivalence, silence-as-dissent or image verification beyond the inherited checks is claimed.
2277	RingeTaylor2014	evidence_found	rt-complete-2277-001;rt-complete-2277-002;rt-complete-2277-003	Full held lexical-index/contents and row-specific aliases screened; applicable identity-anchored body paragraphs and related formation/method arguments inspected. wegaz: printed212	Text-checked actual applicable source units; retain direct forms, attested examples and process statements separately. No input adoption, historical equivalence, silence-as-dissent or image verification beyond the inherited checks is claimed.
2278	RingeTaylor2014	evidence_found	rt-complete-2278-001;rt-complete-2278-002;rt-complete-2278-003;rt-complete-2278-004;rt-complete-2278-005;rt-complete-2278-006;rt-complete-2278-007;rt-complete-2278-008;rt-complete-2278-009;rt-complete-2278-010	Full held lexical-index/contents and row-specific aliases screened; applicable identity-anchored body paragraphs and related formation/method arguments inspected. wépna: printed10,149,331	Text-checked actual applicable source units; retain direct forms, attested examples and process statements separately. No input adoption, historical equivalence, silence-as-dissent or image verification beyond the inherited checks is claimed.
2281	RingeTaylor2014	evidence_found	rt-complete-2281-001;rt-complete-2281-002;rt-complete-2281-003;rt-complete-2281-004	Full held lexical-index/contents and row-specific aliases screened; applicable identity-anchored body paragraphs and related formation/method arguments inspected. webana: printed325	Text-checked actual applicable source units; retain direct forms, attested examples and process statements separately. No input adoption, historical equivalence, silence-as-dissent or image verification beyond the inherited checks is claimed.
2284	RingeTaylor2014	evidence_found	rt-complete-2284-001;rt-complete-2284-002;rt-complete-2284-003;rt-complete-2284-004;rt-complete-2284-005;rt-complete-2284-006;rt-complete-2284-007;rt-complete-2284-008;rt-complete-2284-009;rt-complete-2284-010;rt-complete-2284-011;rt-complete-2284-012	Full held lexical-index/contents and row-specific aliases screened; applicable identity-anchored body paragraphs and related formation/method arguments inspected. whale: printed50,194	Text-checked actual applicable source units; retain direct forms, attested examples and process statements separately. No input adoption, historical equivalence, silence-as-dissent or image verification beyond the inherited checks is claimed.
2286	RingeTaylor2014	evidence_found	rt-complete-2286-001;rt-complete-2286-002;rt-complete-2286-003;rt-complete-2286-004	Full held lexical-index/contents and row-specific aliases screened; applicable identity-anchored body paragraphs and related formation/method arguments inspected. hwinan: printed130	Text-checked actual applicable source units; retain direct forms, attested examples and process statements separately. No input adoption, historical equivalence, silence-as-dissent or image verification beyond the inherited checks is claimed.
2288	RingeTaylor2014	evidence_found	rt-complete-2288-001;rt-complete-2288-002;rt-complete-2288-003;rt-complete-2288-004;rt-complete-2288-005;rt-complete-2288-006;rt-complete-2288-007	Full held lexical-index/contents and row-specific aliases screened; applicable identity-anchored body paragraphs and related formation/method arguments inspected. widuw: printed270,322	Text-checked actual applicable source units; retain direct forms, attested examples and process statements separately. No input adoption, historical equivalence, silence-as-dissent or image verification beyond the inherited checks is claimed.
2289	RingeTaylor2014	evidence_found	rt-complete-2289-001;rt-complete-2289-002;rt-complete-2289-003	Full held lexical-index/contents and row-specific aliases screened; applicable identity-anchored body paragraphs and related formation/method arguments inspected. waldang: printed232	Text-checked actual applicable source units; retain direct forms, attested examples and process statements separately. No input adoption, historical equivalence, silence-as-dissent or image verification beyond the inherited checks is claimed.
2290	RingeTaylor2014	evidence_found	rt-complete-2290-001;rt-complete-2290-002;rt-complete-2290-003;rt-complete-2290-004	Full held lexical-index/contents and row-specific aliases screened; applicable identity-anchored body paragraphs and related formation/method arguments inspected. wibu: printed297; wif: printed378	Text-checked actual applicable source units; retain direct forms, attested examples and process statements separately. No input adoption, historical equivalence, silence-as-dissent or image verification beyond the inherited checks is claimed.
2291	RingeTaylor2014	evidence_found	rt-complete-2291-001;rt-complete-2291-002;rt-complete-2291-003;rt-complete-2291-004;rt-complete-2291-005	Full held lexical-index/contents and row-specific aliases screened; applicable identity-anchored body paragraphs and related formation/method arguments inspected. wihti: printed337	Text-checked actual applicable source units; retain direct forms, attested examples and process statements separately. No input adoption, historical equivalence, silence-as-dissent or image verification beyond the inherited checks is claimed.
2292	RingeTaylor2014	evidence_found	rt-complete-2292-001;rt-complete-2292-002;rt-complete-2292-003;rt-complete-2292-004;rt-complete-2292-005;rt-complete-2292-006;rt-complete-2292-007;rt-complete-2292-008;rt-complete-2292-009;rt-complete-2292-010;rt-complete-2292-011;rt-complete-2292-012;rt-complete-2292-013;rt-complete-2292-014;rt-complete-2292-015;rt-complete-2292-016;rt-complete-2292-017;rt-complete-2292-018;rt-complete-2292-019;rt-complete-2292-020	Full held lexical-index/contents and row-specific aliases screened; applicable identity-anchored body paragraphs and related formation/method arguments inspected. wiljang: printed52; willan: printed74,110,355,371,372	Want willan, never the boiling verb. No input adoption, historical equivalence, silence-as-dissent or image verification beyond the inherited checks is claimed.
2293	RingeTaylor2014	evidence_found	rt-complete-2293-001;rt-complete-2293-002;rt-complete-2293-003	Full held lexical-index/contents and row-specific aliases screened; applicable identity-anchored body paragraphs and related formation/method arguments inspected. wiljang: printed52	Want verb is family evidence, not a quotation of the selected will noun. No input adoption, historical equivalence, silence-as-dissent or image verification beyond the inherited checks is claimed.
2295	RingeTaylor2014	evidence_found	rt-complete-2295-001;rt-complete-2295-002;rt-complete-2295-003;rt-complete-2295-004	Full held lexical-index/contents and row-specific aliases screened; applicable identity-anchored body paragraphs and related formation/method arguments inspected. wintruz: printed328	Text-checked actual applicable source units; retain direct forms, attested examples and process statements separately. No input adoption, historical equivalence, silence-as-dissent or image verification beyond the inherited checks is claimed.
2298	RingeTaylor2014	evidence_found	rt-complete-2298-001	Full held lexical-index/contents and row-specific aliases screened; applicable identity-anchored body paragraphs and related formation/method arguments inspected. wulfaz: printed32	Text-checked actual applicable source units; retain direct forms, attested examples and process statements separately. No input adoption, historical equivalence, silence-as-dissent or image verification beyond the inherited checks is claimed.
2299	RingeTaylor2014	evidence_found	rt-complete-2299-001;rt-complete-2299-002;rt-complete-2299-003	Full held lexical-index/contents and row-specific aliases screened; applicable identity-anchored body paragraphs and related formation/method arguments inspected. wundra: printed328	Text-checked actual applicable source units; retain direct forms, attested examples and process statements separately. No input adoption, historical equivalence, silence-as-dissent or image verification beyond the inherited checks is claimed.
2300	RingeTaylor2014	evidence_found	rt-complete-2300-001;rt-complete-2300-002;rt-complete-2300-003;rt-complete-2300-004;rt-complete-2300-005	Full held lexical-index/contents and row-specific aliases screened; applicable identity-anchored body paragraphs and related formation/method arguments inspected. wull: printed32	Text-checked actual applicable source units; retain direct forms, attested examples and process statements separately. No input adoption, historical equivalence, silence-as-dissent or image verification beyond the inherited checks is claimed.
2301	RingeTaylor2014	evidence_found	rt-complete-2301-001	Full held lexical-index/contents and row-specific aliases screened; applicable identity-anchored body paragraphs and related formation/method arguments inspected. wurda: printed27	Text-checked actual applicable source units; retain direct forms, attested examples and process statements separately. No input adoption, historical equivalence, silence-as-dissent or image verification beyond the inherited checks is claimed.
2302	RingeTaylor2014	evidence_found	rt-complete-2302-001;rt-complete-2302-002;rt-complete-2302-003;rt-complete-2302-004;rt-complete-2302-005;rt-complete-2302-006;rt-complete-2302-007;rt-complete-2302-008;rt-complete-2302-009;rt-complete-2302-010;rt-complete-2302-011;rt-complete-2302-012;rt-complete-2302-013;rt-complete-2302-014;rt-complete-2302-015;rt-complete-2302-016	Full held lexical-index/contents and row-specific aliases screened; applicable identity-anchored body paragraphs and related formation/method arguments inspected. werald: printed202,326; wiraz: printed34	Wer is the compound's man/warrior component, not the separate mann row. No input adoption, historical equivalence, silence-as-dissent or image verification beyond the inherited checks is claimed.
2303	RingeTaylor2014	evidence_found	rt-complete-2303-001;rt-complete-2303-002	Full held lexical-index/contents and row-specific aliases screened; applicable identity-anchored body paragraphs and related formation/method arguments inspected. wurmiz: printed223	Text-checked actual applicable source units; retain direct forms, attested examples and process statements separately. No input adoption, historical equivalence, silence-as-dissent or image verification beyond the inherited checks is claimed.
2305	RingeTaylor2014	evidence_found	rt-complete-2305-001;rt-complete-2305-002;rt-complete-2305-003;rt-complete-2305-004	Full held lexical-index/contents and row-specific aliases screened; applicable identity-anchored body paragraphs and related formation/method arguments inspected. garna: printed205	Text-checked actual applicable source units; retain direct forms, attested examples and process statements separately. No input adoption, historical equivalence, silence-as-dissent or image verification beyond the inherited checks is claimed.
2306	RingeTaylor2014	evidence_found	rt-complete-2306-001;rt-complete-2306-002;rt-complete-2306-003;rt-complete-2306-004;rt-complete-2306-005;rt-complete-2306-006;rt-complete-2306-007;rt-complete-2306-008;rt-complete-2306-009;rt-complete-2306-010;rt-complete-2306-011	Full held lexical-index/contents and row-specific aliases screened; applicable identity-anchored body paragraphs and related formation/method arguments inspected. jéra: printed12; géar: printed150,216	Text-checked actual applicable source units; retain direct forms, attested examples and process statements separately. No input adoption, historical equivalence, silence-as-dissent or image verification beyond the inherited checks is claimed.
2307	RingeTaylor2014	evidence_found	rt-complete-2307-001;rt-complete-2307-002;rt-complete-2307-003;rt-complete-2307-004;rt-complete-2307-005;rt-complete-2307-006;rt-complete-2307-007;rt-complete-2307-008;rt-complete-2307-009;rt-complete-2307-010;rt-complete-2307-011;rt-complete-2307-012	Full held lexical-index/contents and row-specific aliases screened; applicable identity-anchored body paragraphs and related formation/method arguments inspected. jukg: printed27; jok: printed114,115	Text-checked actual applicable source units; retain direct forms, attested examples and process statements separately. No input adoption, historical equivalence, silence-as-dissent or image verification beyond the inherited checks is claimed.
2308	RingeTaylor2014	evidence_found	rt-complete-2308-001;rt-complete-2308-002;rt-complete-2308-003;rt-complete-2308-004	Full held lexical-index/contents and row-specific aliases screened; applicable identity-anchored body paragraphs and related formation/method arguments inspected. jugunpi: printed141	Youth nominal formation; the unrelated young adjective is not a source quotation of youth. No input adoption, historical equivalence, silence-as-dissent or image verification beyond the inherited checks is claimed.
2309	RingeTaylor2014	evidence_found	rt-complete-2309-001;rt-complete-2309-002;rt-complete-2309-003;rt-complete-2309-004;rt-complete-2309-005;rt-complete-2309-006	Full held lexical-index/contents and row-specific aliases screened; applicable identity-anchored body paragraphs and related formation/method arguments inspected. mak6n: printed228	Named verb stem/infinitive is family evidence for this finite-cell row; no finite ending is manufactured. No input adoption, historical equivalence, silence-as-dissent or image verification beyond the inherited checks is claimed.
2310	RingeTaylor2014	evidence_found	rt-complete-2310-001;rt-complete-2310-002;rt-complete-2310-003;rt-complete-2310-004;rt-complete-2310-005;rt-complete-2310-006	Full held lexical-index/contents and row-specific aliases screened; applicable identity-anchored body paragraphs and related formation/method arguments inspected. mak6n: printed228	Named verb stem/infinitive is family evidence for this finite-cell row; no finite ending is manufactured. No input adoption, historical equivalence, silence-as-dissent or image verification beyond the inherited checks is claimed.
2313	RingeTaylor2014	evidence_found	rt-complete-2313-001;rt-complete-2313-002;rt-complete-2313-003;rt-complete-2313-004;rt-complete-2313-005;rt-complete-2313-006;rt-complete-2313-007;rt-complete-2313-008;rt-complete-2313-009;rt-complete-2313-010;rt-complete-2313-011;rt-complete-2313-012;rt-complete-2313-013;rt-complete-2313-014;rt-complete-2313-015;rt-complete-2313-016;rt-complete-2313-017;rt-complete-2313-018;rt-complete-2313-019;rt-complete-2313-020	Full held lexical-index/contents and row-specific aliases screened; applicable identity-anchored body paragraphs and related formation/method arguments inspected. lizn: printed38,84,95,183	Named verb stem/infinitive is family evidence for this finite-cell row; no finite ending is manufactured. No input adoption, historical equivalence, silence-as-dissent or image verification beyond the inherited checks is claimed.
2314	RingeTaylor2014	evidence_found	rt-complete-2314-001;rt-complete-2314-002;rt-complete-2314-003;rt-complete-2314-004;rt-complete-2314-005;rt-complete-2314-006;rt-complete-2314-007;rt-complete-2314-008;rt-complete-2314-009;rt-complete-2314-010;rt-complete-2314-011;rt-complete-2314-012;rt-complete-2314-013;rt-complete-2314-014;rt-complete-2314-015;rt-complete-2314-016;rt-complete-2314-017;rt-complete-2314-018;rt-complete-2314-019;rt-complete-2314-020	Full held lexical-index/contents and row-specific aliases screened; applicable identity-anchored body paragraphs and related formation/method arguments inspected. lizn: printed38,84,95,183	Named verb stem/infinitive is family evidence for this finite-cell row; no finite ending is manufactured. No input adoption, historical equivalence, silence-as-dissent or image verification beyond the inherited checks is claimed.
2315	RingeTaylor2014	evidence_found	rt-complete-2315-001;rt-complete-2315-002;rt-complete-2315-003	Full held lexical-index/contents and row-specific aliases screened; applicable identity-anchored body paragraphs and related formation/method arguments inspected. li/ekk: printed35	Named verb stem/infinitive is family evidence for this finite-cell row; no finite ending is manufactured. No input adoption, historical equivalence, silence-as-dissent or image verification beyond the inherited checks is claimed.
2316	RingeTaylor2014	evidence_found	rt-complete-2316-001;rt-complete-2316-002;rt-complete-2316-003	Full held lexical-index/contents and row-specific aliases screened; applicable identity-anchored body paragraphs and related formation/method arguments inspected. li/ekk: printed35	Named verb stem/infinitive is family evidence for this finite-cell row; no finite ending is manufactured. No input adoption, historical equivalence, silence-as-dissent or image verification beyond the inherited checks is claimed.
2322	RingeTaylor2014	evidence_found	rt-complete-2322-001;rt-complete-2322-002;rt-complete-2322-003;rt-complete-2322-004;rt-complete-2322-005;rt-complete-2322-006;rt-complete-2322-007;rt-complete-2322-008;rt-complete-2322-009;rt-complete-2322-010;rt-complete-2322-011;rt-complete-2322-012;rt-complete-2322-013;rt-complete-2322-014;rt-complete-2322-015	Full held lexical-index/contents and row-specific aliases screened; applicable identity-anchored body paragraphs and related formation/method arguments inspected. hwaz: printed86; hwa: printed125,391	Text-checked actual applicable source units; retain direct forms, attested examples and process statements separately. No input adoption, historical equivalence, silence-as-dissent or image verification beyond the inherited checks is claimed.
2326	RingeTaylor2014	evidence_found	rt-complete-2326-001;rt-complete-2326-002;rt-complete-2326-003;rt-complete-2326-004;rt-complete-2326-005;rt-complete-2326-006;rt-complete-2326-007;rt-complete-2326-008;rt-complete-2326-009;rt-complete-2326-010;rt-complete-2326-011;rt-complete-2326-012;rt-complete-2326-013;rt-complete-2326-014	Full held lexical-index/contents and row-specific aliases screened; applicable identity-anchored body paragraphs and related formation/method arguments inspected. izwiz: printed41,519; iow: printed391; iuw: printed125	Text-checked actual applicable source units; retain direct forms, attested examples and process statements separately. No input adoption, historical equivalence, silence-as-dissent or image verification beyond the inherited checks is claimed.
2328	RingeTaylor2014	evidence_found	rt-complete-2328-001;rt-complete-2328-002	Full held lexical-index/contents and row-specific aliases screened; applicable identity-anchored body paragraphs and related formation/method arguments inspected. séang: printed12; sawan: printed151	Text-checked actual applicable source units; retain direct forms, attested examples and process statements separately. No input adoption, historical equivalence, silence-as-dissent or image verification beyond the inherited checks is claimed.
2329	RingeTaylor2014	evidence_found	rt-complete-2329-001;rt-complete-2329-002;rt-complete-2329-003;rt-complete-2329-004;rt-complete-2329-005	Full held lexical-index/contents and row-specific aliases screened; applicable identity-anchored body paragraphs and related formation/method arguments inspected. léwijang: printed150	Text-checked actual applicable source units; retain direct forms, attested examples and process statements separately. No input adoption, historical equivalence, silence-as-dissent or image verification beyond the inherited checks is claimed.
2330	RingeTaylor2014	evidence_found	rt-complete-2330-001;rt-complete-2330-002;rt-complete-2330-003;rt-complete-2330-004;rt-complete-2330-005;rt-complete-2330-006;rt-complete-2330-007;rt-complete-2330-008;rt-complete-2330-009;rt-complete-2330-010	Full held lexical-index/contents and row-specific aliases screened; applicable identity-anchored body paragraphs and related formation/method arguments inspected. panhté: printed72,142	Selected thought past has source past-stem evidence, not a thought-noun substitution. No input adoption, historical equivalence, silence-as-dissent or image verification beyond the inherited checks is claimed.
2332	RingeTaylor2014	evidence_found	hue-ringe-taylor-pgmc;raising-ringe-taylor-oe-boundary;rt-complete-2332-001;rt-complete-2332-002;rt-complete-2332-003;rt-complete-2332-004;rt-complete-2332-005;rt-complete-2332-006;rt-complete-2332-007;rt-complete-2332-008;rt-complete-2332-009;rt-complete-2332-010;rt-complete-2332-011;rt-complete-2332-012;rt-complete-2332-013	Released hue comparison with image-verified printed250; inherited versus later raising discussion220 read. Full held lexical-index/contents and row-specific aliases screened; applicable identity-anchored body paragraphs and related formation/method arguments inspected. hiwja: printed250	The defended i choice is explicit but the proposed glide analysis is qualified; the general process is not another quoted hue reconstruction. Text-checked actual applicable source units; retain direct forms, attested examples and process statements separately. No input adoption, historical equivalence, silence-as-dissent or image verification beyond the inherited checks is claimed.
1962	Fulk2018	discussion_only	fulk-alignment-strong-bend-present;alignment-strong-bend-aorist	Actual supplemental reading of the complete relevant strong-present argument, printed263-265, including qualifications and footnotes; selected preterite identity checked independently.	New actual consultation, not an applicability screen; present cell and historical-origin qualifications do not supply selected preterite. Supplement (264): OE class II strong present infinitive; selected preterite is another cell. Supplement (263-265): class II aorist-present membership and qualified origin/quantity account.
1983	Fulk2018	evidence_found	alignment-cud-fulk-pie;alignment-cud-fulk-epinal;alignment-cud-fulk-rounded;alignment-cud-fulk-inflected;alignment-cud-fulk-u-limit	Actual full reading of Fulk57-59 §4.4 and footnotes, reconciled with RT42 n2 and323, not a source-negative screen.	Previously unextracted cud example now actually consulted; PIE antecedent is not an authored PGmc selected noun. Supplement (58): PIE gum antecedent; not selected PGmc noun. Supplement (58): OE mastic compound in Épinal Glossary. Supplement (58): OE mastic compound with optional w. Supplement (58): OE inflected gum attestation; parenthetical ending retained. Supplement (57-59): qualified u-conditioned raising and admitted gum comparison.
1988	Ringe2017	evidence_found	alignment-deer-ringe-dear-adjective	Actual complete Ringe315 i/u-stem adjective discussion, not noun identity inferred from an index string.	Ringe's dear adjective is a related formation question, not an animal noun quotation; Fulk's actual beast claim is independently retained. Supplement (315): PGmc dear i-stem adjective with ri suffix, not animal noun.
2065	Fulk2018	evidence_found	alignment-heart-fulk-norse;alignment-heart-fulk-gothic;alignment-heart-quantity-and-cell	Actual complete §4.8 printed67-68 and §5.4 printed85-87, including relevant notes; not a negative or a source-general paradigm assigned to every noun.	Actual PNorse heart and Gothic neuter nominative now consulted; no new full PGmc or selected OE reconstruction. Supplement (67): PNorse heart before fracture; not PGmc endpoint. Supplement (86): Gothic neuter nominative singular. Supplement (67-68,85-87): scoped source argument; not a manufactured selected word.
2086	Fulk2018	discussion_only	alignment-knight-fulk-reflex;alignment-knight-final-xc-raising	Actual complete target-specific arguments and notes at printed 73-75; original screening retained by owner receipts.	Actual follow-up consultation, not a fabricated grammar negative or an inferred selected PGmc cell. Supplement (75): OE boy citation in final-xC raising argument. Supplement (73-75): complete owned argument; not a whole-word selected quotation.
2087	Fulk2018	evidence_found	alignment-knob-fulk-b;alignment-knob-fulk-pp;alignment-knob-reported-contamination	Actual complete target-specific arguments and notes at printed 114-117; original screening retained by owner receipts.	Actual follow-up consultation, not a fabricated grammar negative or an inferred selected PGmc cell. Supplement (116): a-grade voiced stem in Kluge's reported contamination comparison. Supplement (116): a-grade voiceless geminate stem in Kluge's reported contamination comparison. Supplement (114-117): complete owned argument; not a whole-word selected quotation.
2088	Fulk2018	evidence_found	alignment-lade-fulk-burden;alignment-lade-fulk-band;alignment-lade-fulk-pie;alignment-lade-nominal-grades	Actual complete target-specific arguments and notes at printed 52-53,113-114; original screening retained by owner receipts.	Actual follow-up consultation, not a fabricated grammar negative or an inferred selected PGmc cell. Supplement (53): OE burden noun, not selected lade verb. Supplement (53): OE band noun with contrasting grade. Supplement (113): explicit PIE verbal-adjective precursor in lade/hlass family. Supplement (52-53,113-114): complete owned argument; not a whole-word selected quotation.
2090	Fulk2018	evidence_found	alignment-lap-fulk-noun;alignment-lap-nasal-gemination	Actual complete target-specific arguments and notes at printed 114-117; original screening retained by owner receipts.	Actual follow-up consultation, not a fabricated grammar negative or an inferred selected PGmc cell. Supplement (115): OE lappet/piece/lobe noun, not licking verb. Supplement (114-117): complete owned argument; not a whole-word selected quotation.
2092	Fulk2018	evidence_found	alignment-laugh-fulk-earlier;alignment-laugh-strong-versus-causative	Actual complete target-specific arguments and notes at printed 265-266,294-295,301-303; original screening retained by owner receipts.	Actual follow-up consultation, not a fabricated grammar negative or an inferred selected PGmc cell. Supplement (265): earlier OE laugh before hlihhan, not PGmc infinitive. Supplement (265-266,294-295,301-303): complete owned argument; not a whole-word selected quotation.
2093	Fulk2018	evidence_found	alignment-lead-fulk-later;alignment-lead-fulk-earlier;alignment-lead-derivational-ablaut	Actual complete target-specific arguments and notes at printed 52-53; original screening retained by owner receipts.	Actual follow-up consultation, not a fabricated grammar negative or an inferred selected PGmc cell. Supplement (52): lead weak infinitive antecedent; local date unspecified. Supplement (52): earlier lead causative antecedent with suffix accent; local date unspecified. Supplement (52-53): complete owned argument; not a whole-word selected quotation.
2088	RingeTaylor2014	evidence_found	alignment-lade-rt-infinitive;alignment-lade-rt-2sg;alignment-lade-rt-3sg;alignment-lade-voicing-and-finite-cells	Actual complete target-specific arguments and notes at printed 233,343-344; original screening retained by owner receipts.	Actual follow-up consultation, not a fabricated grammar negative or an inferred selected PGmc cell. Supplement (233): PGmc lade infinitive; native b not silently emended. Supplement (233): PGmc lade second singular present indicative. Supplement (233): PGmc lade third singular present indicative. Supplement (232-233,343-344): complete owned argument; not a whole-word selected quotation.
